vx,vy,vz,omega_z
-0.0064605362713336945,0.024496596306562424,-0.00489115621894598,0.35524076223373413
-0.13874699175357819,0.034394778311252594,0.00214548222720623,0.6320000886917114
-0.1680934876203537,0.027656126767396927,0.007228134199976921,0.6747245788574219
-0.1720210760831833,0.01899139955639839,0.008575757965445518,0.6806364059448242
-0.17239239811897278,0.011642406694591045,0.009234538301825523,0.6813650131225586
-0.17319761216640472,0.010251765139400959,0.005446514114737511,0.6852836608886719
-0.17408879101276398,0.012881259433925152,0.0038665160536766052,0.687523365020752
-0.18914274871349335,0.018612056970596313,0.005909953266382217,0.6873122453689575
-0.19494588673114777,0.0247110053896904,0.006250098347663879,0.6871134042739868
-0.19594237208366394,0.03407295420765877,0.011849666014313698,0.6853817701339722
-0.1958429217338562,0.0451970212161541,0.014448309317231178,0.6845831871032715
-0.18665729463100433,0.04959993064403534,0.030387645587325096,0.6754313707351685
-0.18162578344345093,0.04837872460484505,0.0386800691485405,0.6702868938446045
-0.17136281728744507,0.0449146144092083,0.042114995419979095,0.6672031879425049
-0.16673274338245392,0.041105449199676514,0.04373305290937424,0.665722131729126
-0.14790232479572296,0.04088246449828148,0.041408807039260864,0.6563229560852051
-0.13617615401744843,0.04336189851164818,0.04065430164337158,0.6496258974075317
-0.12416218221187592,0.04381701350212097,0.04392407089471817,0.6324650049209595
-0.1163799911737442,0.04174569621682167,0.045470766723155975,0.6224569082260132
-0.13201601803302765,0.0380089171230793,0.04164429008960724,0.6296107769012451
-0.14047685265541077,0.033621836453676224,0.038934312760829926,0.6341906785964966
-0.14910036325454712,0.028815384954214096,0.03167407959699631,0.6459404230117798
-0.15288610756397247,0.024732213467359543,0.028151122853159904,0.651263952255249
-0.14534246921539307,0.02343878522515297,0.032449498772621155,0.6476297378540039
-0.14121900498867035,0.024017617106437683,0.035000838339328766,0.645366907119751
-0.14029861986637115,0.024718813598155975,0.035416506230831146,0.644890308380127
-0.14367222785949707,0.027399487793445587,0.03604897856712341,0.6412394046783447
-0.14454476535320282,0.030685126781463623,0.03587113320827484,0.6392513513565063
-0.14111894369125366,0.0358416847884655,0.0389740914106369,0.625069260597229
-0.1411026567220688,0.039599526673555374,0.03676993399858475,0.6255695819854736
-0.14260119199752808,0.040986962616443634,0.035582102835178375,0.6280667781829834
-0.14306430518627167,0.0416252538561821,0.03557426482439041,0.6286205053329468
-0.13839031755924225,0.03920678049325943,0.036228470504283905,0.6214568614959717
-0.13484084606170654,0.03454669937491417,0.036622293293476105,0.6172630786895752
-0.12775157392024994,0.025530394166707993,0.03505004197359085,0.6121559143066406
-0.10358552634716034,0.007525569759309292,0.04199215769767761,0.5906646251678467
-0.0925908237695694,-0.011449525132775307,0.04600944370031357,0.5799175500869751
-0.09030532836914062,-0.0248141847550869,0.046789564192295074,0.5775476694107056
-0.08106887340545654,-0.03252379223704338,0.046917468309402466,0.568869948387146
-0.08701720833778381,-0.0353722982108593,0.04924087971448898,0.557952880859375
-0.09224843978881836,-0.03656363859772682,0.04974108934402466,0.5538700819015503
-0.0937177836894989,-0.03729330375790596,0.04954177886247635,0.5531763434410095
-0.08063729107379913,-0.033106766641139984,0.0553126260638237,0.5284287929534912
-0.07440987229347229,-0.027160074561834335,0.0575074702501297,0.5138158798217773
-0.09801672399044037,-0.021031055599451065,0.0534697100520134,0.5165332555770874
-0.11235696077346802,-0.016266491264104843,0.04913899302482605,0.5198075175285339
-0.12746363878250122,-0.01320333406329155,0.045533545315265656,0.5316531658172607
-0.1352316290140152,-0.011173835024237633,0.04383318871259689,0.5385373830795288
-0.13483984768390656,-0.008028749376535416,0.04256539046764374,0.5393506288528442
-0.13338911533355713,-0.004432856570929289,0.04211593419313431,0.5385954976081848
-0.1295989453792572,-0.002118636853992939,0.04138430207967758,0.539910614490509
-0.1265513300895691,-0.0007938379421830177,0.0414157509803772,0.5402474999427795
-0.11222730576992035,-0.002753917593508959,0.0431026890873909,0.5288114547729492
-0.10352407395839691,-0.006609095260500908,0.04416707903146744,0.5205591320991516
-0.09687438607215881,-0.009697015397250652,0.04292339086532593,0.5108187198638916
-0.09306281805038452,-0.012073883786797523,0.04194832593202591,0.5050581693649292
-0.09600076079368591,-0.014869571663439274,0.04077921062707901,0.5248298645019531
-0.09904761612415314,-0.016886044293642044,0.04142014682292938,0.5375803709030151
-0.09540565311908722,-0.018315274268388748,0.041611410677433014,0.542893648147583
-0.09291724860668182,-0.019229069352149963,0.04213341325521469,0.5443957448005676
-0.09230238199234009,-0.019738338887691498,0.04238373786211014,0.5446908473968506
-0.08227157592773438,-0.01920921355485916,0.04749906063079834,0.5225571393966675
-0.07028724253177643,-0.019048256799578667,0.051292240619659424,0.5026228427886963
-0.06509006023406982,-0.01930510252714157,0.05260920524597168,0.49489927291870117
-0.06075708195567131,-0.021080151200294495,0.05261564999818802,0.4897718131542206
-0.058110903948545456,-0.023642435669898987,0.0525982528924942,0.48688602447509766
-0.05791209265589714,-0.026912029832601547,0.05467166006565094,0.4877175986766815
-0.057926323264837265,-0.03011143207550049,0.055974945425987244,0.48908865451812744
-0.05653885379433632,-0.02792017161846161,0.05703331530094147,0.478784441947937
-0.05407693609595299,-0.02291407808661461,0.05679609626531601,0.471012145280838
-0.05826079472899437,-0.017175253480672836,0.0536775216460228,0.4609981179237366
-0.05900232866406441,-0.012243079952895641,0.05086313933134079,0.45310264825820923
-0.0585147999227047,-0.00880235806107521,0.05036694556474686,0.4430481195449829
-0.056511279195547104,-0.006651400588452816,0.04964911937713623,0.4349842667579651
-0.05369975045323372,-0.004929250106215477,0.049810804426670074,0.4230384826660156
-0.051031213253736496,-0.003577213268727064,0.04932156205177307,0.41374316811561584
-0.045316118746995926,-0.004855378530919552,0.04974154382944107,0.40452879667282104
-0.040303315967321396,-0.007644942961633205,0.04990171641111374,0.3971438407897949
-0.040107276290655136,-0.008386872708797455,0.050678424537181854,0.39607542753219604
-0.041830141097307205,-0.007558171637356281,0.05093260854482651,0.39761683344841003
-0.04510427638888359,-0.006378917023539543,0.04725100100040436,0.3997515141963959
-0.047908660024404526,-0.0069094435311853886,0.04475035518407822,0.40440356731414795
-0.0495496429502964,-0.008693183772265911,0.04425104707479477,0.40822768211364746
-0.05157962068915367,-0.010274060070514679,0.043926507234573364,0.41219860315322876
-0.05323071405291557,-0.011492769233882427,0.043874591588974,0.41553637385368347
-0.05381009355187416,-0.012322564609348774,0.04393507540225983,0.41681405901908875
-0.05568196251988411,-0.01288528461009264,0.04593692719936371,0.4176730215549469
-0.058273304253816605,-0.013221153989434242,0.04662296921014786,0.41898059844970703
-0.05797908082604408,-0.014095026068389416,0.04641377180814743,0.4108702838420868
-0.052582185715436935,-0.014558950439095497,0.04664618521928787,0.38552960753440857
-0.047906871885061264,-0.014300482347607613,0.04573855549097061,0.3647702932357788
-0.04610103741288185,-0.013887318782508373,0.04504656791687012,0.3563150465488434
-0.042745817452669144,-0.01210635993629694,0.04272250831127167,0.3324359059333801
-0.03834161534905434,-0.009830078110098839,0.04060017317533493,0.3076605200767517
-0.03799476847052574,-0.0082528255879879,0.03823661059141159,0.3007635772228241
-0.03919636085629463,-0.007411536294966936,0.037006303668022156,0.30177825689315796
-0.03885268047451973,-0.006673467345535755,0.03681569546461105,0.3004438281059265
-0.03652908280491829,-0.004675271920859814,0.037876196205616,0.29844731092453003
-0.03466050699353218,-0.001916402019560337,0.038822926580905914,0.2977628707885742
-0.03391319140791893,0.00023526418954133987,0.03913969546556473,0.2974948585033417
-0.03402340039610863,0.0022356687113642693,0.03966640681028366,0.30313530564308167
-0.03499079868197441,0.0041294824331998825,0.04018092900514603,0.3101133108139038
-0.036274079233407974,0.005078994669020176,0.03986579179763794,0.3188459873199463
-0.03786196932196617,0.0053682755678892136,0.03963812440633774,0.32670924067497253
-0.03891356661915779,0.00594585295766592,0.039168551564216614,0.32795315980911255
-0.03916561231017113,0.006723563186824322,0.03861366957426071,0.327197790145874
-0.03804120793938637,0.005552811548113823,0.038519710302352905,0.3241804838180542
-0.03727692738175392,0.0030959229916334152,0.03813950717449188,0.32131144404411316
-0.03625035658478737,-0.0009392900392413139,0.038950324058532715,0.32034409046173096
-0.03617196902632713,-0.005526007153093815,0.03912179172039032,0.32068923115730286
-0.03479145094752312,-0.009624609723687172,0.03974670171737671,0.3155159652233124
-0.03325184807181358,-0.012873624451458454,0.039674513041973114,0.30987101793289185
-0.029707003384828568,-0.014608090743422508,0.040743447840213776,0.29711174964904785
-0.026099558919668198,-0.015246972441673279,0.04102994501590729,0.28446078300476074
-0.02265848219394684,-0.015066022984683514,0.04050031304359436,0.2665557861328125
-0.01956263557076454,-0.014516333118081093,0.03966069966554642,0.2500864863395691
-0.017012931406497955,-0.014408789575099945,0.0382915735244751,0.23136213421821594
-0.015086084604263306,-0.01461196318268776,0.03676217049360275,0.215616837143898
-0.012634959071874619,-0.015041718259453773,0.035487353801727295,0.20594660937786102
-0.011137034744024277,-0.015444263815879822,0.03443096578121185,0.20039282739162445
-0.010164856910705566,-0.015892736613750458,0.03273261338472366,0.19722038507461548
-0.009603545069694519,-0.016337232664227486,0.03160542994737625,0.19523334503173828
-0.01126023754477501,-0.015670642256736755,0.02809472568333149,0.20308783650398254
-0.013151846826076508,-0.01452030148357153,0.02633657120168209,0.2133290320634842
-0.016092441976070404,-0.012896099127829075,0.02375752292573452,0.22320830821990967
-0.01817476749420166,-0.011428680270910263,0.022687038406729698,0.23081685602664948
-0.020349793136119843,-0.009556918404996395,0.021430613473057747,0.23728367686271667
-0.021879978477954865,-0.007634458132088184,0.02088823728263378,0.24242976307868958
-0.023472093045711517,-0.006108394358307123,0.01949482224881649,0.24007335305213928
-0.02502620592713356,-0.005642641801387072,0.017081184312701225,0.23372326791286469
-0.025490637868642807,-0.005959183443337679,0.01584266684949398,0.22935780882835388
-0.0254768505692482,-0.006286832503974438,0.015534436330199242,0.22752167284488678
-0.027046531438827515,-0.006899749860167503,0.01344241015613079,0.23156259953975677
-0.02829916402697563,-0.007818622514605522,0.012564362958073616,0.23606973886489868
-0.028863832354545593,-0.010260583832859993,0.011037517338991165,0.2372012436389923
-0.029818199574947357,-0.013428807258605957,0.009535526856780052,0.2419864535331726
-0.030586961656808853,-0.015675796195864677,0.009307358413934708,0.24745547771453857
-0.03207738324999809,-0.01670711860060692,0.009126581251621246,0.25592970848083496
-0.03389136120676994,-0.016892412677407265,0.009098077192902565,0.2641310393810272
-0.034728918224573135,-0.01681918278336525,0.009072545915842056,0.26761627197265625
-0.03353077545762062,-0.01631055399775505,0.00939231738448143,0.2612503170967102
-0.03161538764834404,-0.015570709481835365,0.009427398443222046,0.25273314118385315
-0.029870085418224335,-0.015605886466801167,0.008602043613791466,0.24201665818691254
-0.028040315955877304,-0.0161956325173378,0.008073506876826286,0.23187528550624847
-0.0262879878282547,-0.017553837969899178,0.008463790640234947,0.21922855079174042
-0.024780668318271637,-0.019250236451625824,0.008558917790651321,0.20746876299381256
-0.024352557957172394,-0.0212632454931736,0.008921563625335693,0.20087319612503052
-0.024283628910779953,-0.023307960480451584,0.00913233496248722,0.19716396927833557
-0.023127928376197815,-0.02487865835428238,0.010940641164779663,0.1917581558227539
-0.022331446409225464,-0.02605394273996353,0.011892547830939293,0.1864558905363083
-0.02264440432190895,-0.02650946006178856,0.011879982426762581,0.18643271923065186
-0.023217927664518356,-0.02653263509273529,0.011898597702383995,0.18856880068778992
-0.02319418638944626,-0.0263008214533329,0.012289615347981453,0.1899261772632599
-0.023066509515047073,-0.025997430086135864,0.01260552741587162,0.19070613384246826
-0.023629918694496155,-0.025418546050786972,0.011812170967459679,0.19528508186340332
-0.02429560199379921,-0.024775780737400055,0.011478634551167488,0.200848788022995
-0.0247507207095623,-0.024362586438655853,0.01116742193698883,0.20382077991962433
-0.02513737976551056,-0.024157820269465446,0.010936325415968895,0.20561456680297852
-0.025026869028806686,-0.02436688542366028,0.010895593091845512,0.20361916720867157
-0.024436186999082565,-0.024821054190397263,0.011266706511378288,0.19858002662658691
-0.024013828486204147,-0.025225762277841568,0.011460447683930397,0.1948455274105072
-0.02346515655517578,-0.024811167269945145,0.012471111491322517,0.18996623158454895
-0.023059718310832977,-0.023924240842461586,0.012991251423954964,0.18553277850151062
-0.022947195917367935,-0.023281391710042953,0.013113798573613167,0.18367330729961395
-0.02279294654726982,-0.02155979350209236,0.013799404725432396,0.1800633817911148
-0.022368598729372025,-0.019262537360191345,0.014288833364844322,0.17614299058914185
-0.021905768662691116,-0.016941387206315994,0.014860449358820915,0.17014077305793762
-0.02126820757985115,-0.014914555475115776,0.015267295762896538,0.1641024649143219
-0.020990069955587387,-0.013198534026741982,0.015955353155732155,0.16525618731975555
-0.020763147622346878,-0.011814706027507782,0.01675095222890377,0.16852624714374542
-0.021091654896736145,-0.010413057170808315,0.017199980095028877,0.17451801896095276
-0.021724455058574677,-0.009096588008105755,0.017540594562888145,0.18076540529727936
-0.021847818046808243,-0.008437639102339745,0.017795180901885033,0.18354469537734985
-0.021983593702316284,-0.008233455009758472,0.017776435241103172,0.18471437692642212
-0.021224264055490494,-0.007951309904456139,0.01784171722829342,0.1811370551586151
-0.020605582743883133,-0.007559025660157204,0.017589343711733818,0.17650724947452545
-0.020052295178174973,-0.007325064390897751,0.01827767677605152,0.17524871230125427
-0.019985869526863098,-0.007194013334810734,0.018622031435370445,0.17562782764434814
-0.019821126013994217,-0.007178647443652153,0.018707966431975365,0.1714479625225067
-0.019629236310720444,-0.007215230725705624,0.018459590151906013,0.16604867577552795
-0.019486647099256516,-0.006966982036828995,0.01867220737040043,0.16123327612876892
-0.019576065242290497,-0.006523082964122295,0.018587404862046242,0.15765634179115295
-0.019010379910469055,-0.006326854228973389,0.018812919035553932,0.14990639686584473
-0.018093328922986984,-0.006343466229736805,0.018945680931210518,0.1384890377521515
-0.017682243138551712,-0.006402113474905491,0.018885353580117226,0.13080696761608124
-0.017612308263778687,-0.006469427607953548,0.01884065382182598,0.1275334358215332
-0.01738622412085533,-0.006764174439013004,0.018925191834568977,0.12768250703811646
-0.016714811325073242,-0.007322934456169605,0.018928321078419685,0.1260262280702591
-0.016165435314178467,-0.007887955754995346,0.018884679302573204,0.12274347245693207
-0.015459544956684113,-0.008316884748637676,0.018992578610777855,0.11799255758523941
-0.01479635015130043,-0.008633715100586414,0.019070932641625404,0.11305372416973114
-0.01362023875117302,-0.008810749277472496,0.019230065867304802,0.10803402960300446
-0.012652147561311722,-0.008892799727618694,0.019313817843794823,0.10336785018444061
-0.011103201657533646,-0.009158081375062466,0.019577568396925926,0.10070483386516571
-0.009974401444196701,-0.009553338401019573,0.01977398805320263,0.0989251658320427
-0.009039744734764099,-0.010048048570752144,0.019700178876519203,0.09800360351800919
-0.008104201406240463,-0.010663848370313644,0.01971634291112423,0.09849528968334198
-0.00754779577255249,-0.01120106689631939,0.019827650859951973,0.09950979799032211
-0.0068318210542202,-0.011989888735115528,0.01954205520451069,0.10030291974544525
-0.006303224712610245,-0.012900653295218945,0.019313564524054527,0.1009136512875557
-0.0058667100965976715,-0.013566425070166588,0.019197823479771614,0.10176761448383331
-0.005493562668561935,-0.01401244755834341,0.019200941547751427,0.10252553224563599
-0.005478128790855408,-0.014413578435778618,0.018816756084561348,0.10307034850120544
-0.005361698567867279,-0.01478102058172226,0.018617553636431694,0.10343939810991287
-0.00502767413854599,-0.015190809965133667,0.018039757385849953,0.10449834167957306
-0.004750557243824005,-0.015593644231557846,0.017680944874882698,0.10568144917488098
-0.004618018865585327,-0.015858914703130722,0.017578987404704094,0.10620498657226562
-0.004338618367910385,-0.01612251065671444,0.01748937927186489,0.10557979345321655
-0.004094809293746948,-0.016374681144952774,0.01737344078719616,0.10468779504299164
-0.003700774163007736,-0.01669257879257202,0.01760120503604412,0.10266071557998657
-0.0032965317368507385,-0.01729699969291687,0.017489628866314888,0.10084351897239685
-0.0031245946884155273,-0.01792565919458866,0.017288820818066597,0.10035651177167892
-0.0030796416103839874,-0.018331650644540787,0.017177147790789604,0.10023757815361023
-0.0030429139733314514,-0.018810611218214035,0.016742298379540443,0.09933575987815857
-0.0027876272797584534,-0.01936475932598114,0.01667940430343151,0.09675946831703186
-0.002563808113336563,-0.019744325429201126,0.016665438190102577,0.09435868263244629
-0.0024971291422843933,-0.019944947212934494,0.016604384407401085,0.09332787245512009
-0.002686101943254471,-0.019772130995988846,0.016610821709036827,0.09114138036966324
-0.0028168708086013794,-0.019213786348700523,0.016897132620215416,0.08535905182361603
-0.002933148294687271,-0.01859007403254509,0.01685952953994274,0.08027628809213638
-0.0030556172132492065,-0.01771470159292221,0.017133047804236412,0.07628271728754044
-0.0030930303037166595,-0.01672130450606346,0.017287833616137505,0.07324439287185669
-0.0030174292623996735,-0.015675518661737442,0.017372561618685722,0.07006243616342545
-0.0029251910746097565,-0.014661615714430809,0.017316626384854317,0.06732065975666046
-0.0028570331633090973,-0.013809926807880402,0.016817865893244743,0.06575911492109299
-0.0027294717729091644,-0.01312256045639515,0.016536513343453407,0.06478140503168106
-0.0024718083441257477,-0.012600667774677277,0.016393406316637993,0.06228114292025566
-0.002395153045654297,-0.012184576131403446,0.0161662008613348,0.05971766635775566
-0.002122584730386734,-0.012069719843566418,0.01532849483191967,0.056147053837776184
-0.0019131004810333252,-0.012150940485298634,0.014684097841382027,0.0528392493724823
-0.0014459677040576935,-0.012261983007192612,0.01442832313477993,0.04994090646505356
-0.0011004209518432617,-0.012365838512778282,0.014295404776930809,0.04767478257417679
-0.0008212178945541382,-0.012305455282330513,0.014377454295754433,0.04641181230545044
-0.0006357207894325256,-0.0121408486738801,0.014482574537396431,0.04557780921459198
-0.0004037190228700638,-0.01200835220515728,0.014410169795155525,0.04476644843816757
-0.0002461690455675125,-0.011929651722311974,0.014372149482369423,0.0440574511885643
-0.00027941353619098663,-0.012250784784555435,0.013724638149142265,0.04110942408442497
-0.0004090815782546997,-0.012813739478588104,0.013194506987929344,0.03790897876024246
-0.0010074712336063385,-0.013081084936857224,0.012588011100888252,0.035768039524555206
-0.0015528760850429535,-0.012946880422532558,0.011978795751929283,0.03679095208644867
-0.0015916191041469574,-0.012689078226685524,0.011914392933249474,0.03891981393098831
-0.00183090940117836,-0.012353833764791489,0.012294584885239601,0.038932837545871735
-0.002062547951936722,-0.012007150799036026,0.012486858293414116,0.03821325674653053
-0.002433743327856064,-0.011629441753029823,0.012506609782576561,0.03641475737094879
-0.00267111137509346,-0.011242568492889404,0.012457223609089851,0.03463726118206978
-0.0026128925383090973,-0.01095055416226387,0.012171784415841103,0.034729644656181335
-0.0024467185139656067,-0.010731527581810951,0.012032503262162209,0.03546015918254852
-0.002152547240257263,-0.010512691922485828,0.011990735307335854,0.0362912118434906
-0.001916106790304184,-0.010294203646481037,0.012008214369416237,0.03697650134563446
-0.0018132440745830536,-0.010121768340468407,0.01201440580189228,0.03723466023802757
-0.0016075223684310913,-0.009878597222268581,0.011939732357859612,0.03813096880912781
-0.0014463141560554504,-0.009610815905034542,0.011936517432332039,0.03911084681749344
-0.0009566731750965118,-0.009233850985765457,0.012054575607180595,0.03905918076634407
-0.0006794072687625885,-0.00880356878042221,0.012094812467694283,0.03864884376525879
-0.0008066408336162567,-0.00848228670656681,0.012502869591116905,0.03750298172235489
-0.0009554773569107056,-0.008410871960222721,0.01289362646639347,0.03553609177470207
-0.0011382512748241425,-0.00849109422415495,0.012904869392514229,0.0342305526137352
-0.0012675076723098755,-0.008548788726329803,0.012834807857871056,0.033732857555150986
-0.001048944890499115,-0.00866162870079279,0.012836238369345665,0.03435550257563591
-0.0002997200936079025,-0.008992028422653675,0.012888060882687569,0.0355009026825428
0.0002777557820081711,-0.00940794125199318,0.013001790270209312,0.03608904406428337
0.0004059206694364548,-0.009634017013013363,0.013075461611151695,0.03570093214511871
0.00043224915862083435,-0.009691440500319004,0.01306852512061596,0.035100407898426056
0.000417439267039299,-0.009783721528947353,0.012890486046671867,0.034772999584674835
0.0004928950220346451,-0.00991732906550169,0.012843316420912743,0.03449995070695877
0.0005420371890068054,-0.010008411481976509,0.01346571184694767,0.03485554829239845
0.0005005616694688797,-0.010047294199466705,0.013862499967217445,0.03539890795946121
0.0005429647862911224,-0.009818307124078274,0.014320408925414085,0.03531309589743614
0.0005219783633947372,-0.009418874979019165,0.014519477263092995,0.03505724295973778
0.0006665922701358795,-0.008978087455034256,0.014622436836361885,0.03555275499820709
0.000899139791727066,-0.00855104997754097,0.014715073630213737,0.036193735897541046
0.0007214918732643127,-0.00822243932634592,0.014653598889708519,0.03557522967457771
0.0005500540137290955,-0.007961807772517204,0.01451295055449009,0.03466784581542015
0.000216018408536911,-0.007645431440323591,0.014504631981253624,0.03281209245324135
-0.00014024972915649414,-0.007312074303627014,0.014436723664402962,0.0309695303440094
-3.4537166357040405e-05,-0.0068754637613892555,0.014381898567080498,0.03032989427447319
9.315647184848785e-05,-0.0064111920073628426,0.014390254393219948,0.030188046395778656
0.00039615482091903687,-0.005971010308712721,0.01420784555375576,0.030568890273571014
0.0006199702620506287,-0.0055903163738548756,0.014122137799859047,0.031071823090314865
0.0005836039781570435,-0.005249957088381052,0.014204354956746101,0.0306948721408844
0.0005429480224847794,-0.004956668708473444,0.01427990011870861,0.030068453401327133
0.0005395375192165375,-0.004641823470592499,0.014162732288241386,0.029841702431440353
0.0005489364266395569,-0.004325842950493097,0.014077803120017052,0.029789481312036514
0.0005331598222255707,-0.004096767865121365,0.014040203765034676,0.028823230415582657
0.0004992764443159103,-0.003948173951357603,0.014010308310389519,0.027672693133354187
0.00041517429053783417,-0.003696122206747532,0.014020392671227455,0.026271257549524307
0.0002777688205242157,-0.0033830013126134872,0.01397010125219822,0.025092627853155136
0.0004702378064393997,-0.0032417168840765953,0.01414867676794529,0.024326588958501816
0.0010269787162542343,-0.003337955567985773,0.014404011890292168,0.024144574999809265
0.0013747401535511017,-0.003509399015456438,0.014566617086529732,0.024225536733865738
0.0012088734656572342,-0.0035761594772338867,0.014557631686329842,0.023917846381664276
0.0010227207094430923,-0.0035339510068297386,0.014470772817730904,0.02356850355863571
0.000569317489862442,-0.003256802912801504,0.014036422595381737,0.02345529943704605
0.0002839528024196625,-0.0028489395044744015,0.013729574158787727,0.023520391434431076
0.0002407524734735489,-0.0023602708242833614,0.013629382476210594,0.023741327226161957
0.0002391524612903595,-0.0018704147078096867,0.013556065037846565,0.02404601126909256
0.00045339763164520264,-0.0015230756253004074,0.013585319742560387,0.023915715515613556
0.000531388446688652,-0.0012952499091625214,0.013583669438958168,0.02366049960255623
0.000791545957326889,-0.0012494586408138275,0.013713566586375237,0.02335936203598976
0.0009070001542568207,-0.0013139378279447556,0.01375550962984562,0.023134909570217133
0.001270310953259468,-0.001474748831242323,0.014048406854271889,0.022581659257411957
0.0014788340777158737,-0.0016672564670443535,0.014227846637368202,0.021967776119709015
0.0018617603927850723,-0.0017559807747602463,0.014378542080521584,0.022340960800647736
0.002138923853635788,-0.0017664865590631962,0.014537693932652473,0.02293303608894348
0.0022628307342529297,-0.0017046676948666573,0.01483447290956974,0.024041365832090378
0.0023316945880651474,-0.001612338237464428,0.015051109716296196,0.025146152824163437
0.0019715353846549988,-0.00140673341229558,0.014885691925883293,0.02558349072933197
0.0016859862953424454,-0.0011483058333396912,0.0147137101739645,0.02577722817659378
0.0016359053552150726,-0.0008044010028243065,0.014384718611836433,0.025952093303203583
0.0019583087414503098,-0.0004974240437150002,0.013888722285628319,0.02508636564016342
0.002204960212111473,-0.0003300858661532402,0.013623757287859917,0.023931771516799927
0.002289319410920143,-0.0002298513427376747,0.013544192537665367,0.023398052901029587
0.00261618010699749,-0.000301106832921505,0.013587990775704384,0.023613333702087402
0.0028699301183223724,-0.0004781419411301613,0.013665957376360893,0.024000689387321472
0.00304577499628067,-0.0006235502660274506,0.013720164075493813,0.024927765130996704
0.003036700189113617,-0.0006149066612124443,0.013934845104813576,0.025165118277072906
0.0029985234141349792,-0.0004856111481785774,0.013989394530653954,0.024757765233516693
0.0032793842256069183,-0.0003620525822043419,0.014258110895752907,0.0242026187479496
0.003475084900856018,-0.00026733241975307465,0.014432290568947792,0.023684557527303696
0.003638109192252159,-0.0003601638600230217,0.014567861333489418,0.02370351180434227
0.003690076991915703,-0.0005737747997045517,0.01466473750770092,0.023885156959295273
0.0036895349621772766,-0.0008559208363294601,0.014678815379738808,0.024905260652303696
0.0037240609526634216,-0.0011479947715997696,0.014740204438567162,0.026006892323493958
0.0037517305463552475,-0.0013847202062606812,0.014555646106600761,0.026146944612264633
0.0040214527398347855,-0.0016667181625962257,0.014223387464880943,0.02659432962536812
0.004265252500772476,-0.0019349632784724236,0.014090420678257942,0.027221720665693283
0.004593418911099434,-0.002286938950419426,0.013932282105088234,0.02687789872288704
0.004782777279615402,-0.002657935954630375,0.013818824663758278,0.026213552802801132
0.0049643609672784805,-0.002925718203186989,0.013947280123829842,0.024592813104391098
0.005003836005926132,-0.0030826982110738754,0.013932256028056145,0.022990994155406952
0.005219720304012299,-0.0031670816242694855,0.013821287080645561,0.02180807664990425
0.0053788963705301285,-0.0032270937226712704,0.013772891834378242,0.020936623215675354
0.005946852266788483,-0.003302810713648796,0.013413162901997566,0.020862318575382233
0.006451785564422607,-0.0033850865438580513,0.013288209214806557,0.020952660590410233
0.006730996072292328,-0.0033328188583254814,0.013255530968308449,0.02148227021098137
0.00688057579100132,-0.0031814156100153923,0.01326785422861576,0.022078823298215866
0.006979294121265411,-0.002938100602477789,0.013165866956114769,0.022309452295303345
0.0070608556270599365,-0.0026641213335096836,0.01312258280813694,0.02234455570578575
0.00727435015141964,-0.0022293515503406525,0.01303614117205143,0.02243262529373169
0.007429240271449089,-0.0017212643288075924,0.012998668476939201,0.022519607096910477
0.007484568282961845,-0.0014168741181492805,0.013326676562428474,0.02312234416604042
0.0074074845761060715,-0.0013038944453001022,0.013698624446988106,0.024350617080926895
0.007345298305153847,-0.001282322220504284,0.013914482668042183,0.02527768164873123
0.007324546575546265,-0.00121332798153162,0.014086572453379631,0.025697875767946243
0.007321830838918686,-0.001103871501982212,0.014192109927535057,0.025890473276376724
0.007177237421274185,-0.0009652599692344666,0.014299089089035988,0.02535540610551834
0.0070482101291418076,-0.0008208192884922028,0.014314508065581322,0.02473762258887291
0.0068808551877737045,-0.0008809352293610573,0.014130210503935814,0.024011734873056412
0.006773186847567558,-0.0010821809992194176,0.01395859383046627,0.023428771644830704
0.006773136556148529,-0.0011289911344647408,0.013890242204070091,0.022758733481168747
0.006793210282921791,-0.001040157862007618,0.013810178264975548,0.022213000804185867
0.0067755673080682755,-0.0009126868098974228,0.013629896566271782,0.02164517343044281
0.006764411926269531,-0.0007712831720709801,0.01349247433245182,0.02118215709924698
0.006629215553402901,-0.0007335720583796501,0.013400806114077568,0.02024746686220169
0.00647549144923687,-0.0007754098623991013,0.013304458931088448,0.019320063292980194
0.006408412009477615,-0.0008226931095123291,0.01308395154774189,0.018434636294841766
0.006336161866784096,-0.0008582249283790588,0.012936973944306374,0.01771073415875435
0.006409287452697754,-0.0009287726134061813,0.012722635641694069,0.01767074689269066
0.006464600563049316,-0.001016479916870594,0.01261805184185505,0.01786220446228981
0.006448006257414818,-0.0010535996407270432,0.012572413310408592,0.017405033111572266
0.006389422342181206,-0.0010429136455059052,0.01250828243792057,0.01682133600115776
0.006526844576001167,-0.0009034797549247742,0.012532243505120277,0.016255926340818405
0.006616225466132164,-0.0006807763129472733,0.01255997084081173,0.01576146110892296
0.006933445110917091,-0.0005506305024027824,0.012444103136658669,0.01489945501089096
0.007300993427634239,-0.0005702991038560867,0.012324361130595207,0.012931521981954575
0.007433764636516571,-0.0006414353847503662,0.012232022359967232,0.011257681995630264
0.007521400228142738,-0.0007465118542313576,0.012150729075074196,0.00968053936958313
0.007567316293716431,-0.0008707446977496147,0.012118017300963402,0.008364658802747726
0.007665906101465225,-0.0008202278986573219,0.012272821739315987,0.008386615663766861
0.007781160995364189,-0.0006529912352561951,0.012406101450324059,0.00887378305196762
0.007925106212496758,-0.0005064727738499641,0.01267612911760807,0.009878933429718018
0.008050665259361267,-0.0004144953563809395,0.0129318255931139,0.010804761201143265
0.008102189749479294,-0.0003916574642062187,0.012946253642439842,0.01090472936630249
0.008158454671502113,-0.00042430683970451355,0.012983394786715508,0.010619096457958221
0.008334344252943993,-0.00044407229870557785,0.0128855649381876,0.010327111929655075
0.008543137460947037,-0.00045630428940057755,0.012927135452628136,0.00997970625758171
0.008973876014351845,-0.0004237992689013481,0.012901639565825462,0.009839329868555069
0.009347455576062202,-0.0003683408722281456,0.012963486835360527,0.009718887507915497
0.009686341509222984,-0.0002637254074215889,0.01312577910721302,0.010025616735219955
0.009935073554515839,-0.00013110321015119553,0.013272618874907494,0.010393217206001282
0.010131118819117546,5.922466516494751e-05,0.013331441208720207,0.010763391852378845
0.010279558598995209,0.00026434101164340973,0.013404948636889458,0.011038828641176224
0.010255826637148857,0.000555848702788353,0.013347545638680458,0.01079791784286499
0.010036962106823921,0.0009154500439763069,0.013372538611292839,0.010007955133914948
0.009884720668196678,0.0012034224346280098,0.01337604783475399,0.00938805565237999
0.009830931201577187,0.0013969363644719124,0.013369238004088402,0.009143326431512833
0.009722793474793434,0.0015397490933537483,0.013699458912014961,0.0089447982609272
0.009548764675855637,0.001626884564757347,0.01366872526705265,0.00850503146648407
0.009425614029169083,0.0016681281849741936,0.013524511829018593,0.008120555430650711
0.009216388687491417,0.0016393167898058891,0.013547519221901894,0.007400259375572205
0.009050598368048668,0.0015742536634206772,0.013522198423743248,0.006733790040016174
0.008864007890224457,0.0014636311680078506,0.013543056324124336,0.00644318014383316
0.008746037259697914,0.001348302699625492,0.013500271365046501,0.006391923874616623
0.008825145661830902,0.0012200567871332169,0.01332044042646885,0.006108149886131287
0.008878886699676514,0.001107734628021717,0.013180645182728767,0.005768105387687683
0.008716229349374771,0.0009847944602370262,0.013086477294564247,0.005327038466930389
0.008531134575605392,0.0008607292547821999,0.01297725923359394,0.005003944039344788
0.008429223671555519,0.0007869666442275047,0.012913847342133522,0.004507593810558319
0.008359862491488457,0.0007628966122865677,0.012850752100348473,0.004049241542816162
0.008343636989593506,0.0007964447140693665,0.012973485514521599,0.003988452255725861
0.008246488869190216,0.000890485942363739,0.012791631743311882,0.0035613030195236206
0.0081936065107584,0.0009754244238138199,0.01265905611217022,0.0029633045196533203
0.008187681436538696,0.0010223658755421638,0.01264304481446743,0.0026934370398521423
0.008348029106855392,0.0011024987325072289,0.012768743559718132,0.002759784460067749
0.00857762061059475,0.0013799676671624184,0.012886261567473412,0.0034522265195846558
0.008697936311364174,0.0017322730273008347,0.012963606044650078,0.004137493669986725
0.00897659920156002,0.0020226649940013885,0.013045156374573708,0.004836082458496094
0.009156087413430214,0.0022558607161045074,0.01308184303343296,0.005435638129711151
0.009334910660982132,0.00238196924328804,0.01347755454480648,0.00648941844701767
0.009433671832084656,0.002428467385470867,0.01373586617410183,0.0075415074825286865
0.00970391370356083,0.002423093654215336,0.013853548094630241,0.008425161242485046
0.009856931865215302,0.0024100802838802338,0.01390913687646389,0.009064264595508575
0.0099868755787611,0.0024278825148940086,0.013953307643532753,0.009671438485383987
0.010070092976093292,0.0024667978286743164,0.013991335406899452,0.010174524039030075
0.00997132621705532,0.002564425580203533,0.014086844399571419,0.010568808764219284
0.009882982820272446,0.0026921220123767853,0.01414305530488491,0.010881118476390839
0.009639834985136986,0.00283985398709774,0.014276934787631035,0.010958299040794373
0.009455135092139244,0.0029777465388178825,0.014343494549393654,0.010986126959323883
0.00925583578646183,0.003047740086913109,0.014462387189269066,0.010795660316944122
0.009123580530285835,0.0030652685090899467,0.014520199969410896,0.010570544749498367
0.009162623435258865,0.003112177364528179,0.014539705589413643,0.01048412173986435
0.009183693677186966,0.0032231295481324196,0.014576425775885582,0.01074725016951561
0.0091964490711689,0.0033374354243278503,0.014630572870373726,0.01106894388794899
0.009257305413484573,0.0034582698717713356,0.014581376686692238,0.011159364134073257
0.009310994297266006,0.0035721128806471825,0.014565231278538704,0.011132899671792984
0.009333521127700806,0.0036495542153716087,0.014572663232684135,0.01110532134771347
0.009315680712461472,0.0036818869411945343,0.014576943591237068,0.010700706392526627
0.009443258866667747,0.0036092540249228477,0.014349101111292839,0.010038819164037704
0.009585117921233177,0.0034767230972647667,0.014253964647650719,0.009535711258649826
0.009649699553847313,0.0033608553931117058,0.01425614021718502,0.009310159832239151
0.009846532717347145,0.003185981884598732,0.014168692752718925,0.009371455758810043
0.009993568062782288,0.002979299984872341,0.014126406982541084,0.009510468691587448
0.01030917838215828,0.002746463753283024,0.014010975137352943,0.00989358127117157
0.010575082153081894,0.0025069331750273705,0.01401754654943943,0.010228000581264496
0.010874224826693535,0.0023455768823623657,0.013899030163884163,0.010297447443008423
0.011099107563495636,0.002258014865219593,0.01386231742799282,0.010210111737251282
0.01145971193909645,0.0022776294499635696,0.013773398473858833,0.010803937911987305
0.011748295277357101,0.0023668017238378525,0.01377071999013424,0.01151769608259201
0.011849457398056984,0.002450816333293915,0.013874666765332222,0.011447131633758545
0.01187892071902752,0.00252335611730814,0.013911766931414604,0.011106938123703003
0.011482514441013336,0.0026581529527902603,0.014053894206881523,0.010434504598379135
0.011172562837600708,0.002820538356900215,0.01408311165869236,0.00984908640384674
0.010965246707201004,0.002952512353658676,0.01380571536719799,0.009651105850934982
0.010845459997653961,0.0030533550307154655,0.013606810942292213,0.0096360445022583
0.011028250679373741,0.0030604833737015724,0.013019150123000145,0.010117702186107635
0.011245274916291237,0.003000020980834961,0.012711288407444954,0.010652124881744385
0.011087087914347649,0.003049367107450962,0.012844176962971687,0.0110013447701931
0.010888898745179176,0.003163827583193779,0.012957924976944923,0.011302001774311066
0.010891057550907135,0.0033044572919607162,0.012946000322699547,0.011224549263715744
0.010935354977846146,0.0034440793097019196,0.012956013903021812,0.010982617735862732
0.011255163699388504,0.0035455096513032913,0.01283211074769497,0.011091899126768112
0.011400610208511353,0.0037250230088829994,0.013049079105257988,0.011699505150318146
0.01138177327811718,0.003949316218495369,0.01319977454841137,0.012339282780885696
0.011485310271382332,0.004156109876930714,0.013343362137675285,0.012524854391813278
0.011550813913345337,0.0043290359899401665,0.013434471562504768,0.012503109872341156
0.011707527562975883,0.004466907121241093,0.013565583154559135,0.013024583458900452
0.011818325147032738,0.004585579968988895,0.013669738546013832,0.013647366315126419
0.011935893446207047,0.004660965874791145,0.013757890090346336,0.01422099769115448
0.012014659121632576,0.004708818159997463,0.013811083510518074,0.014674883335828781
0.012031203135848045,0.004749638959765434,0.013873638585209846,0.014910008758306503
0.012022225186228752,0.004785314202308655,0.013901008293032646,0.01504455879330635
0.011944258585572243,0.004819287918508053,0.013918640092015266,0.015119843184947968
0.011879770085215569,0.004850364290177822,0.013911349698901176,0.015187136828899384
0.011856364086270332,0.004873243160545826,0.013902245089411736,0.01522362232208252
0.011804260313510895,0.004892480559647083,0.01393829844892025,0.01523866131901741
0.011763596907258034,0.0049041081219911575,0.013961395248770714,0.015254773199558258
0.01176760345697403,0.0049035800620913506,0.01395202986896038,0.01539042592048645
0.01177995279431343,0.004896615631878376,0.013950897380709648,0.015542224049568176
0.011778689920902252,0.004906534217298031,0.01397259347140789,0.015745114535093307
0.011767253279685974,0.004929614253342152,0.01399259828031063,0.01592828333377838
0.011720826849341393,0.004953743889927864,0.014025235548615456,0.01598050445318222
0.011689634993672371,0.004972989670932293,0.01404290460050106,0.015982430428266525
0.011664757505059242,0.004987492226064205,0.014119239524006844,0.015994857996702194
0.011751420795917511,0.0049828700721263885,0.014215702190995216,0.01593465358018875
0.01182708702981472,0.004958669655025005,0.014284966513514519,0.015814170241355896
0.011847732588648796,0.0049137091264128685,0.014376448467373848,0.015703845769166946
0.011845320463180542,0.004858849570155144,0.014427727088332176,0.01561766117811203
0.011928105726838112,0.004795856773853302,0.014422474429011345,0.015639517456293106
0.01199500821530819,0.00473491195589304,0.014418961480259895,0.01568799838423729
0.011984094977378845,0.004708666354417801,0.014385169371962547,0.015442095696926117
0.011980507522821426,0.0047181397676467896,0.014346947893500328,0.01513269916176796
0.012021057307720184,0.0047806669026613235,0.014310387894511223,0.01497681438922882
0.012058200314640999,0.004871073178946972,0.01430879719555378,0.014867797493934631
0.012051733210682869,0.004934793338179588,0.014406876638531685,0.014516957104206085
0.012046277523040771,0.004955538548529148,0.014493359252810478,0.014123570173978806
0.01224328763782978,0.004999414086341858,0.014431970193982124,0.014020290225744247
0.0124198067933321,0.00506540946662426,0.014443447813391685,0.01396053284406662
0.012584643438458443,0.00518482830375433,0.014408277347683907,0.013263087719678879
0.012726327404379845,0.005334834568202496,0.014401933178305626,0.012112349271774292
0.012784671038389206,0.00544812623411417,0.014413109049201012,0.011371564120054245
0.012799447402358055,0.005513171665370464,0.014426937326788902,0.011068254709243774
0.01278676837682724,0.0056092822924256325,0.014379667118191719,0.01070154458284378
0.012744007632136345,0.005728717893362045,0.014336133375763893,0.010368507355451584
0.01264234259724617,0.0057618273422122,0.014397421851754189,0.010771933943033218
0.012586861848831177,0.00573133397847414,0.014408325776457787,0.01144760474562645
0.012597713619470596,0.0057549141347408295,0.014379067346453667,0.012003827840089798
0.012607388198375702,0.005834588780999184,0.014348356053233147,0.01241951435804367
0.012661280110478401,0.0059199258685112,0.014274267479777336,0.0129384845495224
0.012703804299235344,0.005997220985591412,0.014226408675312996,0.013432428240776062
0.012712381780147552,0.00613365788012743,0.014295669272542,0.013518579304218292
0.012681141495704651,0.006311389617621899,0.014324819669127464,0.013420738279819489
0.012795072048902512,0.006378871388733387,0.014279333874583244,0.013378601521253586
0.012934906408190727,0.006318913772702217,0.014297114685177803,0.013124678283929825
0.012983940541744232,0.00622626394033432,0.014328310266137123,0.012793999165296555
0.012997455894947052,0.00616393331438303,0.01434502936899662,0.012485072016716003
0.013002550229430199,0.006140612997114658,0.014337388798594475,0.012246515601873398
0.012960130348801613,0.006150325760245323,0.014462357386946678,0.012209497392177582
0.012941284105181694,0.0061772726476192474,0.014532485976815224,0.012279633432626724
0.012985380366444588,0.0062204692512750626,0.014647958800196648,0.01236625388264656
0.013009807094931602,0.006268678233027458,0.014723846688866615,0.012418795377016068
0.013017110526561737,0.006318693049252033,0.014760216698050499,0.012494482100009918
0.013021204620599747,0.0063680624589324,0.01477799005806446,0.012564845383167267
0.01296674832701683,0.006384095177054405,0.01474960707128048,0.012512214481830597
0.01293794997036457,0.0063739316537976265,0.014718575403094292,0.012438889592885971
0.012881578877568245,0.006358658894896507,0.014713959768414497,0.012359868735074997
0.012843744829297066,0.006341731175780296,0.014704084023833275,0.012309998273849487
0.01284223422408104,0.006329135037958622,0.014701368287205696,0.012307431548833847
0.012846903875470161,0.00632267352193594,0.014702508226037025,0.012315597385168076
0.012878594920039177,0.006325773894786835,0.01470901258289814,0.01233752816915512
0.01290055364370346,0.006334858946502209,0.01472068764269352,0.012348175048828125
0.012922588735818863,0.006338072940707207,0.014716597273945808,0.012372113764286041
0.012935828417539597,0.006336187943816185,0.014715494588017464,0.012395914644002914
0.012972284108400345,0.006342989392578602,0.01473134197294712,0.012462355196475983
0.012991517782211304,0.006357529200613499,0.014746243134140968,0.01252763718366623
0.013000011444091797,0.006375906988978386,0.014765383675694466,0.012560077011585236
0.01299758069217205,0.006394907832145691,0.014777561649680138,0.012572884559631348
0.012948451563715935,0.006401289254426956,0.014790059998631477,0.012498755007982254
0.012907344847917557,0.00639626570045948,0.014788670465350151,0.012419503182172775
0.012849736958742142,0.006386561319231987,0.014800222590565681,0.012481648474931717
0.01284346729516983,0.0063563259318470955,0.014737015590071678,0.012780070304870605
0.012861419469118118,0.006317439489066601,0.01470203883945942,0.013045430183410645
0.012920938432216644,0.006241975352168083,0.014672143384814262,0.01316644623875618
0.012968305498361588,0.00614263117313385,0.01466435007750988,0.013216916471719742
0.013076931238174438,0.0060475487262010574,0.014518367126584053,0.01313573494553566
0.013151751831173897,0.005967790260910988,0.014431113377213478,0.013011664152145386
0.01327737607061863,0.005814587697386742,0.014263102784752846,0.01248861476778984
0.013510126620531082,0.005520320497453213,0.014108968898653984,0.011660203337669373
0.013648271560668945,0.0052108122035861015,0.014069309458136559,0.011110328137874603
0.013690775260329247,0.004980258643627167,0.014075463637709618,0.010876897722482681
0.0135825015604496,0.004799957387149334,0.014054855331778526,0.011285778135061264
0.013486802577972412,0.004667404107749462,0.0140030886977911,0.011908907443284988
0.013730878010392189,0.004628952592611313,0.013517739251255989,0.012874413281679153
0.014003027230501175,0.004676317796111107,0.013208502903580666,0.01377168670296669
0.01413041353225708,0.004753482528030872,0.013101467862725258,0.014131847769021988
0.014033280313014984,0.004728961735963821,0.012896208092570305,0.013542704284191132
0.013955097645521164,0.004620520398020744,0.012796303257346153,0.012660939246416092
0.01409265398979187,0.004423328675329685,0.012537995353341103,0.011492196470499039
0.01422332227230072,0.004165399819612503,0.012427622452378273,0.01033838465809822
0.014210967347025871,0.003940438851714134,0.012554163113236427,0.010130472481250763
0.014300690963864326,0.0037286747246980667,0.01264677383005619,0.010231111198663712
0.014386627823114395,0.0035578999668359756,0.012642497196793556,0.010275494307279587
0.0144151970744133,0.0034448131918907166,0.012630278244614601,0.010295279324054718
0.014350544661283493,0.0033566877245903015,0.012685554102063179,0.010310981422662735
0.014304408803582191,0.0032851751893758774,0.012704042717814445,0.010354265570640564
0.014254486188292503,0.0032364334911108017,0.012686902657151222,0.010610952973365784
0.014235574752092361,0.0032031023874878883,0.012677183374762535,0.010913766920566559
0.014228671789169312,0.0031681424006819725,0.01269468106329441,0.01107633113861084
0.014240089803934097,0.0031178509816527367,0.012709492817521095,0.011128827929496765
0.014251882210373878,0.0030661625787615776,0.01271936483681202,0.01111823320388794
0.014255901798605919,0.003026469610631466,0.0127257090061903,0.011108767241239548
0.014242185279726982,0.0030332477763295174,0.012730853632092476,0.011083874851465225
0.014227461069822311,0.00307549349963665,0.012726681306958199,0.011060833930969238
0.014214731752872467,0.003122963011264801,0.01272815652191639,0.011065993458032608
0.014179723337292671,0.0031616799533367157,0.01274205558001995,0.01103750616312027
0.014152433723211288,0.003184569999575615,0.012743035331368446,0.01100238785147667
0.014156023040413857,0.0031932974234223366,0.012749126181006432,0.010945107787847519
0.014163367450237274,0.0031927404925227165,0.012753048911690712,0.010885443538427353
0.01417047344148159,0.003191644325852394,0.012734143063426018,0.010906729847192764
0.01416986994445324,0.0031933095306158066,0.012718966230750084,0.010958518832921982
0.014158444479107857,0.0032140621915459633,0.012722151353955269,0.010919321328401566
0.014140965417027473,0.00325129646807909,0.012708986178040504,0.010864775627851486
0.014200741425156593,0.0033137788996100426,0.012672385200858116,0.010694317519664764
0.014253344386816025,0.003393375314772129,0.012656403705477715,0.010477852076292038
0.01433052122592926,0.003460078500211239,0.012619340792298317,0.010301932692527771
0.014396604150533676,0.0035210074856877327,0.01259409449994564,0.01014038547873497
0.014414217323064804,0.003574068658053875,0.012588338926434517,0.010059501975774765
0.014492787420749664,0.0035791881382465363,0.012490170076489449,0.010019242763519287
0.014559855684638023,0.0035518137738108635,0.012438381090760231,0.009980645030736923
0.014590533450245857,0.003505643457174301,0.012371165677905083,0.01026865839958191
0.014604847878217697,0.003449554555118084,0.012350073084235191,0.010629326105117798
0.014551868662238121,0.0033942069858312607,0.012422339990735054,0.010807808488607407
0.014532305300235748,0.003343637101352215,0.012481527402997017,0.01086530089378357
0.014497756958007812,0.0032866792753338814,0.012511583045125008,0.01108160987496376
0.014487236738204956,0.003234315663576126,0.012526078149676323,0.011335968971252441
0.014444608241319656,0.00316478218883276,0.012555131688714027,0.01157153770327568
0.014428297057747841,0.0030977828428149223,0.01253819651901722,0.011796865612268448
0.014354640617966652,0.003095824271440506,0.0125699732452631,0.012103933840990067
0.01411808468401432,0.003080480732023716,0.01255645789206028,0.012648746371269226
0.013927651569247246,0.003032431937754154,0.01250339113175869,0.013117242604494095
0.013856053352355957,0.002939264290034771,0.012451885268092155,0.013220448046922684
0.01380937360227108,0.002826320007443428,0.012426657602190971,0.01314755529165268
0.013780226930975914,0.0027470244094729424,0.012416647747159004,0.013102501630783081
0.013403110206127167,0.002607765607535839,0.012609371915459633,0.012214064598083496
0.013063209131360054,0.002452322281897068,0.012690993025898933,0.01133839413523674
0.012892944738268852,0.0023530246689915657,0.012748921290040016,0.011000111699104309
0.012808691710233688,0.002247481606900692,0.012793714180588722,0.011389084160327911
0.01278640516102314,0.0021395189687609673,0.012836365029215813,0.011975865811109543
0.01273360475897789,0.001987137831747532,0.012927291914820671,0.011942673474550247
0.012700974941253662,0.0018024099990725517,0.012983975932002068,0.011694565415382385
0.012755988165736198,0.0016871867701411247,0.01295975036919117,0.011643365025520325
0.012812759727239609,0.0016349228098988533,0.012952307239174843,0.011668410152196884
0.0126652792096138,0.001726808026432991,0.013090899214148521,0.011447999626398087
0.012537876144051552,0.001920691691339016,0.013119352981448174,0.011238478124141693
0.012488191947340965,0.0020893551409244537,0.01310466043651104,0.011150836944580078
0.012469662353396416,0.00221443735063076,0.013090146705508232,0.011110726743936539
0.012464957311749458,0.002336624078452587,0.013088373467326164,0.010797373950481415
0.012307437136769295,0.0024316227063536644,0.013147613033652306,0.009963437914848328
0.012183619663119316,0.002483682706952095,0.013127582147717476,0.009294703602790833
0.01290421187877655,0.0025346679612994194,0.012844191864132881,0.009753253310918808
0.0135396309196949,0.0026069460436701775,0.012774517759680748,0.010324355214834213
0.013446355238556862,0.0028817104175686836,0.013141894713044167,0.01015302911400795
0.013253727927803993,0.003281206823885441,0.013294456526637077,0.00987975299358368
0.01321760006248951,0.003751257434487343,0.013470156118273735,0.009674370288848877
0.013203531503677368,0.004179040901362896,0.013638658449053764,0.009462490677833557
0.012979738414287567,0.004478302784264088,0.014096328988671303,0.008671864867210388
0.0127716064453125,0.004649345763027668,0.014370745047926903,0.00786035880446434
0.012677561491727829,0.004996788688004017,0.0144235510379076,0.008900333195924759
0.012684019282460213,0.005500815808773041,0.014398684725165367,0.01051979511976242
0.012766603380441666,0.005827265791594982,0.01454710029065609,0.011306248605251312
0.01279538869857788,0.005977896973490715,0.014654168859124184,0.01160803809762001
0.01279064454138279,0.0060564074665308,0.014679962769150734,0.011714383959770203
0.01278369314968586,0.00610051304101944,0.014685822650790215,0.011749766767024994
0.012779664248228073,0.006126196123659611,0.014687368646264076,0.011761095374822617
0.012777736410498619,0.006141363643109798,0.014687875285744667,0.011764638125896454
0.012776859104633331,0.006150377914309502,0.014688076451420784,0.011765740811824799
0.012776503339409828,0.006155743263661861,0.014688177034258842,0.011766090989112854
0.012776335701346397,0.006158928386867046,0.01468823291361332,0.011766202747821808
0.012776266783475876,0.006160825490951538,0.014688251540064812,0.011766228824853897
0.012776238843798637,0.006161950528621674,0.014688266441226006,0.011766236275434494
0.012776222079992294,0.0061626192182302475,0.014688270166516304,0.01176624745130539
0.012776222079992294,0.006163019686937332,0.014688270166516304,0.011766251176595688
0.012776222079992294,0.006163259968161583,0.014688270166516304,0.011766251176595688
0.012776222079992294,0.006163402460515499,0.014688270166516304,0.011766251176595688
0.012776222079992294,0.0061634862795472145,0.014688270166516304,0.011766251176595688
0.012748854234814644,0.00615176185965538,0.014580296352505684,0.011680148541927338
0.012695370241999626,0.006193111650645733,0.014497311785817146,0.01114901527762413
0.01268906332552433,0.006272170692682266,0.01448383741080761,0.010570324957370758
0.012606890872120857,0.0062097469344735146,0.014423457905650139,0.010244250297546387
0.01250058226287365,0.006052657961845398,0.01432461105287075,0.010120663791894913
0.012729950249195099,0.005937156267464161,0.01384584791958332,0.010565988719463348
0.0129285529255867,0.00587836466729641,0.01363014243543148,0.010984309017658234
0.013108443468809128,0.005569059401750565,0.013514155521988869,0.010856591165065765
0.013245383277535439,0.005083318799734116,0.013456391170620918,0.010586831718683243
0.013645388185977936,0.004511347971856594,0.013068089261651039,0.010604318231344223
0.013989737257361412,0.003944534808397293,0.01288190670311451,0.010660655796527863
0.014083394780755043,0.0035781245678663254,0.01289784349501133,0.010722558945417404
0.014107683673501015,0.0033832937479019165,0.012905823066830635,0.010811775922775269
0.014122998341917992,0.003277233801782131,0.01290079765021801,0.010856036096811295
0.014131208881735802,0.003219165839254856,0.012896036729216576,0.010872524231672287
0.014135055243968964,0.0031875986605882645,0.01289275847375393,0.010877963155508041
0.014136729761958122,0.003170686773955822,0.012890612706542015,0.010879606008529663
0.014137450605630875,0.0031618457287549973,0.012889200821518898,0.010880101472139359
0.014137759804725647,0.0031573791056871414,0.012888291850686073,0.010880235582590103
0.014137884601950645,0.0031552687287330627,0.012887677177786827,0.010880261659622192
0.014137940481305122,0.0031543513759970665,0.012887286022305489,0.010880280286073685
0.014137955382466316,0.0031540142372250557,0.012887043878436089,0.010880272835493088
0.014137974008917809,0.003153948113322258,0.01288689486682415,0.010880272835493088
0.014137974008917809,0.0031540002673864365,0.012886794283986092,0.010880272835493088
0.014137974008917809,0.003154110163450241,0.01288672350347042,0.010880272835493088
0.014137974008917809,0.003154211677610874,0.012886671349406242,0.010880272835493088
0.014137974008917809,0.0031542908400297165,0.01288665272295475,0.010880272835493088
0.014137974008917809,0.0031543485820293427,0.012886634096503258,0.010880272835493088
0.014137974008917809,0.003154386766254902,0.01288663037121296,0.010880272835493088
0.014137974008917809,0.0031544072553515434,0.01288663037121296,0.010880272835493088
0.014137974008917809,0.0031544212251901627,0.01288663037121296,0.010880272835493088
0.014137974008917809,0.003154429607093334,0.01288663037121296,0.010880272835493088
0.014137974008917809,0.0031544333323836327,0.01288663037121296,0.010880272835493088
0.014137974008917809,0.0031544361263513565,0.01288663037121296,0.010880272835493088
0.014137974008917809,0.003154437057673931,0.01288663037121296,0.010880272835493088
0.014137974008917809,0.003154437057673931,0.01288663037121296,0.010880272835493088
0.014137974008917809,0.003154437057673931,0.01288663037121296,0.010880272835493088
0.014137974008917809,0.003154437057673931,0.01288663037121296,0.010880272835493088
0.014137974008917809,0.003154437057673931,0.01288663037121296,0.010880272835493088
0.014137974008917809,0.003154437057673931,0.01288663037121296,0.010880272835493088
0.014137974008917809,0.003154437057673931,0.01288663037121296,0.010880272835493088
0.014137974008917809,0.003154437057673931,0.01288663037121296,0.010880272835493088
0.014137974008917809,0.003154437057673931,0.01288663037121296,0.010880272835493088
0.014137974008917809,0.003154437057673931,0.01288663037121296,0.010880272835493088
0.014138078317046165,0.003155176527798176,0.012887192890048027,0.010880980640649796
0.014138288795948029,0.003156413324177265,0.012887658551335335,0.010881755501031876
0.014138421043753624,0.0031573809683322906,0.012887803837656975,0.01088208332657814
0.014138482511043549,0.0031580207869410515,0.012887848541140556,0.010882183909416199
0.014138516038656235,0.003158419393002987,0.012887870892882347,0.010882213711738586
0.014138530939817429,0.003158658742904663,0.012887870892882347,0.010882221162319183
0.014138277620077133,0.003158782608807087,0.012888656929135323,0.010880876332521439
0.014138037338852882,0.003158804029226303,0.012889096513390541,0.01087932288646698
0.014137938618659973,0.003158785402774811,0.01288924552500248,0.010878674685955048
0.014137890189886093,0.00315875094383955,0.01288929395377636,0.010878436267375946
0.0141378715634346,0.0031587062403559685,0.012889320030808449,0.01087837666273117
0.014137867838144302,0.0031586624681949615,0.012889338657259941,0.010878365486860275
0.014137865975499153,0.003158634528517723,0.012889338657259941,0.010878358036279678
0.014137865975499153,0.0031586196273565292,0.012889338657259941,0.010878358036279678
0.014137865975499153,0.0031586075201630592,0.012889338657259941,0.010878358036279678
0.014137865975499153,0.0031586019322276115,0.012889338657259941,0.010878358036279678
0.014137865975499153,0.0031586000695824623,0.012889338657259941,0.010878358036279678
0.014137865975499153,0.0031585972756147385,0.012889338657259941,0.010878358036279678
0.014137865975499153,0.0031585944816470146,0.012889338657259941,0.010878358036279678
0.014137865975499153,0.0031585944816470146,0.012889338657259941,0.010878358036279678
0.014137865975499153,0.0031585944816470146,0.012889338657259941,0.010878358036279678
0.014137865975499153,0.0031585944816470146,0.012889338657259941,0.010878358036279678
0.014137865975499153,0.0031585944816470146,0.012889338657259941,0.010878358036279678
0.014137865975499153,0.0031585944816470146,0.012889338657259941,0.010878358036279678
0.014137865975499153,0.0031585944816470146,0.012889338657259941,0.010878358036279678
0.014137865975499153,0.0031585944816470146,0.012889338657259941,0.010878358036279678
0.014137865975499153,0.0031585944816470146,0.012889338657259941,0.010878358036279678
0.014137865975499153,0.0031585944816470146,0.012889338657259941,0.010878358036279678
0.014137865975499153,0.0031585944816470146,0.012889338657259941,0.010878358036279678
0.014137865975499153,0.0031585944816470146,0.012889338657259941,0.010878358036279678
0.014137865975499153,0.0031585944816470146,0.012889338657259941,0.010878358036279678
0.014137865975499153,0.0031585944816470146,0.012889338657259941,0.010878358036279678
0.014137865975499153,0.0031585944816470146,0.012889338657259941,0.010878358036279678
0.014137865975499153,0.0031585944816470146,0.012889338657259941,0.010878358036279678
0.014137865975499153,0.0031585944816470146,0.012889338657259941,0.010878358036279678
0.014137865975499153,0.0031585944816470146,0.012889338657259941,0.010878358036279678
0.014137865975499153,0.0031585944816470146,0.012889338657259941,0.010878358036279678
0.014137865975499153,0.0031585944816470146,0.012889338657259941,0.010878358036279678
0.014137865975499153,0.0031585944816470146,0.012889338657259941,0.010878358036279678
0.014137865975499153,0.0031585944816470146,0.012889338657259941,0.010878358036279678
0.014137865975499153,0.0031585944816470146,0.012889338657259941,0.010878358036279678
0.014137865975499153,0.0031585944816470146,0.012889338657259941,0.010878358036279678
0.014137865975499153,0.0031585944816470146,0.012889338657259941,0.010878358036279678
0.014137865975499153,0.0031585944816470146,0.012889338657259941,0.010878358036279678
0.014137865975499153,0.0031585944816470146,0.012889338657259941,0.010878358036279678
0.014137865975499153,0.0031585944816470146,0.012889338657259941,0.010878358036279678
0.014137865975499153,0.0031585944816470146,0.012889338657259941,0.010878358036279678
0.014137865975499153,0.0031585944816470146,0.012889338657259941,0.010878358036279678
0.014137865975499153,0.0031585944816470146,0.012889338657259941,0.010878358036279678
0.014137865975499153,0.0031585944816470146,0.012889338657259941,0.010878358036279678
0.014137865975499153,0.0031585944816470146,0.012889338657259941,0.010878358036279678
0.014137865975499153,0.0031585944816470146,0.012889338657259941,0.010878358036279678
0.014137865975499153,0.0031585944816470146,0.012889338657259941,0.010878358036279678
0.014137865975499153,0.0031585944816470146,0.012889338657259941,0.010878358036279678
0.014137865975499153,0.0031585944816470146,0.012889338657259941,0.010878358036279678
0.014137865975499153,0.0031585944816470146,0.012889338657259941,0.010878358036279678
0.014137865975499153,0.0031585944816470146,0.012889338657259941,0.010878358036279678
0.014137865975499153,0.0031585944816470146,0.012889338657259941,0.010878358036279678
0.014137865975499153,0.0031585944816470146,0.012889338657259941,0.010878358036279678
0.014137865975499153,0.0031585944816470146,0.012889338657259941,0.010878358036279678
0.014137865975499153,0.0031585944816470146,0.012889338657259941,0.010878358036279678
0.014137865975499153,0.0031585944816470146,0.012889338657259941,0.010878358036279678
0.014137865975499153,0.0031585944816470146,0.012889338657259941,0.010878358036279678
0.014137865975499153,0.0031585944816470146,0.012889338657259941,0.010878358036279678
0.014137865975499153,0.0031585944816470146,0.012889338657259941,0.010878358036279678
0.014137865975499153,0.0031585944816470146,0.012889338657259941,0.010878358036279678
0.014137865975499153,0.0031585944816470146,0.012889338657259941,0.010878358036279678
0.014137865975499153,0.0031585944816470146,0.012889338657259941,0.010878358036279678
0.014137865975499153,0.0031585944816470146,0.012889338657259941,0.010878358036279678
0.014137865975499153,0.0031585944816470146,0.012889338657259941,0.010878358036279678
0.014137865975499153,0.0031585944816470146,0.012889338657259941,0.010878358036279678
0.014137865975499153,0.0031585944816470146,0.012889338657259941,0.010878358036279678
0.014137865975499153,0.0031585944816470146,0.012889338657259941,0.010878358036279678
0.014137865975499153,0.0031585944816470146,0.012889338657259941,0.010878358036279678
0.014137865975499153,0.0031585944816470146,0.012889338657259941,0.010878358036279678
0.014137865975499153,0.0031585944816470146,0.012889338657259941,0.010878358036279678
0.014137865975499153,0.0031585944816470146,0.012889338657259941,0.010878358036279678
0.014137865975499153,0.0031585944816470146,0.012889338657259941,0.010878358036279678
0.014137865975499153,0.0031585944816470146,0.012889338657259941,0.010878358036279678
0.014137865975499153,0.0031585944816470146,0.012889338657259941,0.010878358036279678
0.014137865975499153,0.0031585944816470146,0.012889338657259941,0.010878358036279678
0.014137865975499153,0.0031585944816470146,0.012889338657259941,0.010878358036279678
0.014137865975499153,0.0031585944816470146,0.012889338657259941,0.010878358036279678
0.014137865975499153,0.0031585944816470146,0.012889338657259941,0.010878358036279678
0.014137865975499153,0.0031585944816470146,0.012889338657259941,0.010878358036279678
0.014137865975499153,0.0031585944816470146,0.012889338657259941,0.010878358036279678
0.014137865975499153,0.0031585944816470146,0.012889338657259941,0.010878358036279678
0.014137865975499153,0.0031585944816470146,0.012889338657259941,0.010878358036279678
0.014137865975499153,0.0031585944816470146,0.012889338657259941,0.010878358036279678
0.014137865975499153,0.0031585944816470146,0.012889338657259941,0.010878358036279678
0.014137865975499153,0.0031585944816470146,0.012889338657259941,0.010878358036279678
0.014137865975499153,0.0031585944816470146,0.012889338657259941,0.010878358036279678
0.014137865975499153,0.0031585944816470146,0.012889338657259941,0.010878358036279678
0.014137865975499153,0.0031585944816470146,0.012889338657259941,0.010878358036279678
0.014137865975499153,0.0031585944816470146,0.012889338657259941,0.010878358036279678
0.014137865975499153,0.0031585944816470146,0.012889338657259941,0.010878358036279678
0.014137865975499153,0.0031585944816470146,0.012889338657259941,0.010878358036279678
0.014137865975499153,0.0031585944816470146,0.012889338657259941,0.010878358036279678
0.014137865975499153,0.0031585944816470146,0.012889338657259941,0.010878358036279678
0.014137865975499153,0.0031585944816470146,0.012889338657259941,0.010878358036279678
0.014137865975499153,0.0031585944816470146,0.012889338657259941,0.010878358036279678
0.014137865975499153,0.0031585944816470146,0.012889338657259941,0.010878358036279678
0.014137865975499153,0.0031585944816470146,0.012889338657259941,0.010878358036279678
0.014137865975499153,0.0031585944816470146,0.012889338657259941,0.010878358036279678
0.014137865975499153,0.0031585944816470146,0.012889338657259941,0.010878358036279678
0.014137865975499153,0.0031585944816470146,0.012889338657259941,0.010878358036279678
0.014137865975499153,0.0031585944816470146,0.012889338657259941,0.010878358036279678
0.014137865975499153,0.0031585944816470146,0.012889338657259941,0.010878358036279678
0.014137865975499153,0.0031585944816470146,0.012889338657259941,0.010878358036279678
0.014137865975499153,0.0031585944816470146,0.012889338657259941,0.010878358036279678
0.014137865975499153,0.0031585944816470146,0.012889338657259941,0.010878358036279678
0.014137865975499153,0.0031585944816470146,0.012889338657259941,0.010878358036279678
0.014137865975499153,0.0031585944816470146,0.012889338657259941,0.010878358036279678
0.014137865975499153,0.0031585944816470146,0.012889338657259941,0.010878358036279678
0.014137865975499153,0.0031585944816470146,0.012889338657259941,0.010878358036279678
0.014137865975499153,0.0031585944816470146,0.012889338657259941,0.010878358036279678
0.014137865975499153,0.0031585944816470146,0.012889338657259941,0.010878358036279678
0.014137865975499153,0.0031585944816470146,0.012889338657259941,0.010878358036279678
0.014137865975499153,0.0031585944816470146,0.012889338657259941,0.010878358036279678
0.014137865975499153,0.0031585944816470146,0.012889338657259941,0.010878358036279678
0.014137865975499153,0.0031585944816470146,0.012889338657259941,0.010878358036279678
0.014137865975499153,0.0031585944816470146,0.012889338657259941,0.010878358036279678
0.014137865975499153,0.0031585944816470146,0.012889338657259941,0.010878358036279678
0.014137865975499153,0.0031585944816470146,0.012889338657259941,0.010878358036279678
0.014137865975499153,0.0031585944816470146,0.012889338657259941,0.010878358036279678
0.014137865975499153,0.0031585944816470146,0.012889338657259941,0.010878358036279678
0.014137865975499153,0.0031585944816470146,0.012889338657259941,0.010878358036279678
0.014137865975499153,0.0031585944816470146,0.012889338657259941,0.010878358036279678
0.014137865975499153,0.0031585944816470146,0.012889338657259941,0.010878358036279678
0.014137865975499153,0.0031585944816470146,0.012889338657259941,0.010878358036279678
0.014137865975499153,0.0031585944816470146,0.012889338657259941,0.010878358036279678
0.014137865975499153,0.0031585944816470146,0.012889338657259941,0.010878358036279678
0.014137865975499153,0.0031585944816470146,0.012889338657259941,0.010878358036279678
0.014137865975499153,0.0031585944816470146,0.012889338657259941,0.010878358036279678
0.014137865975499153,0.0031585944816470146,0.012889338657259941,0.010878358036279678
0.014137865975499153,0.0031585944816470146,0.012889338657259941,0.010878358036279678
0.014137865975499153,0.0031585944816470146,0.012889338657259941,0.010878358036279678
0.014137865975499153,0.0031585944816470146,0.012889338657259941,0.010878358036279678
0.014137865975499153,0.0031585944816470146,0.012889338657259941,0.010878358036279678
0.014137865975499153,0.0031585944816470146,0.012889338657259941,0.010878358036279678
0.014137865975499153,0.0031585944816470146,0.012889338657259941,0.010878358036279678
0.014137865975499153,0.0031585944816470146,0.012889338657259941,0.010878358036279678
0.014137865975499153,0.0031585944816470146,0.012889338657259941,0.010878358036279678
0.014137865975499153,0.0031585944816470146,0.012889338657259941,0.010878358036279678
0.014137865975499153,0.0031585944816470146,0.012889338657259941,0.010878358036279678
0.014137865975499153,0.0031585944816470146,0.012889338657259941,0.010878358036279678
0.014137865975499153,0.0031585944816470146,0.012889338657259941,0.010878358036279678
0.014137865975499153,0.0031585944816470146,0.012889338657259941,0.010878358036279678
0.014137865975499153,0.0031585944816470146,0.012889338657259941,0.010878358036279678
0.014137865975499153,0.0031585944816470146,0.012889338657259941,0.010878358036279678
0.014137865975499153,0.0031585944816470146,0.012889338657259941,0.010878358036279678
0.014137865975499153,0.0031585944816470146,0.012889338657259941,0.010878358036279678
0.014137865975499153,0.0031585944816470146,0.012889338657259941,0.010878358036279678
0.014137865975499153,0.0031585944816470146,0.012889338657259941,0.010878358036279678
0.014137865975499153,0.0031585944816470146,0.012889338657259941,0.010878358036279678
0.014137865975499153,0.0031585944816470146,0.012889338657259941,0.010878358036279678
0.014137865975499153,0.0031585944816470146,0.012889338657259941,0.010878358036279678
0.014137865975499153,0.0031585944816470146,0.012889338657259941,0.010878358036279678
0.014137865975499153,0.0031585944816470146,0.012889338657259941,0.010878358036279678
0.014137865975499153,0.0031585944816470146,0.012889338657259941,0.010878358036279678
0.014137865975499153,0.0031585944816470146,0.012889338657259941,0.010878358036279678
0.014137865975499153,0.0031585944816470146,0.012889338657259941,0.010878358036279678
0.014137865975499153,0.0031585944816470146,0.012889338657259941,0.010878358036279678
0.014137865975499153,0.0031585944816470146,0.012889338657259941,0.010878358036279678
0.014137865975499153,0.0031585944816470146,0.012889338657259941,0.010878358036279678
0.014137865975499153,0.0031585944816470146,0.012889338657259941,0.010878358036279678
0.014137865975499153,0.0031585944816470146,0.012889338657259941,0.010878358036279678
0.014137865975499153,0.0031585944816470146,0.012889338657259941,0.010878358036279678
0.014137865975499153,0.0031585944816470146,0.012889338657259941,0.010878358036279678
0.014137865975499153,0.0031585944816470146,0.012889338657259941,0.010878358036279678
0.014137865975499153,0.0031585944816470146,0.012889338657259941,0.010878358036279678
0.014137865975499153,0.0031585944816470146,0.012889338657259941,0.010878358036279678
0.014137865975499153,0.0031585944816470146,0.012889338657259941,0.010878358036279678
0.014137865975499153,0.0031585944816470146,0.012889338657259941,0.010878358036279678
0.014137865975499153,0.0031585944816470146,0.012889338657259941,0.010878358036279678
0.014137865975499153,0.0031585944816470146,0.012889338657259941,0.010878358036279678
0.014137865975499153,0.0031585944816470146,0.012889338657259941,0.010878358036279678
0.014137865975499153,0.0031585944816470146,0.012889338657259941,0.010878358036279678
0.014137865975499153,0.0031585944816470146,0.012889338657259941,0.010878358036279678
0.014137865975499153,0.0031585944816470146,0.012889338657259941,0.010878358036279678
0.014137865975499153,0.0031585944816470146,0.012889338657259941,0.010878358036279678
0.014137865975499153,0.0031585944816470146,0.012889338657259941,0.010878358036279678
0.014137865975499153,0.0031585944816470146,0.012889338657259941,0.010878358036279678
0.014137865975499153,0.0031585944816470146,0.012889338657259941,0.010878358036279678
0.014137865975499153,0.0031585944816470146,0.012889338657259941,0.010878358036279678
0.014137865975499153,0.0031585944816470146,0.012889338657259941,0.010878358036279678
0.014137865975499153,0.0031585944816470146,0.012889338657259941,0.010878358036279678
0.014137865975499153,0.0031585944816470146,0.012889338657259941,0.010878358036279678
0.014137865975499153,0.0031585944816470146,0.012889338657259941,0.010878358036279678
0.014137865975499153,0.0031585944816470146,0.012889338657259941,0.010878358036279678
0.014137865975499153,0.0031585944816470146,0.012889338657259941,0.010878358036279678
0.014137865975499153,0.0031585944816470146,0.012889338657259941,0.010878358036279678
0.014137865975499153,0.0031585944816470146,0.012889338657259941,0.010878358036279678
0.014137865975499153,0.0031585944816470146,0.012889338657259941,0.010878358036279678
0.014137865975499153,0.0031585944816470146,0.012889338657259941,0.010878358036279678
0.014137865975499153,0.0031585944816470146,0.012889338657259941,0.010878358036279678
0.014137865975499153,0.0031585944816470146,0.012889338657259941,0.010878358036279678
0.014137865975499153,0.0031585944816470146,0.012889338657259941,0.010878358036279678
0.014137865975499153,0.0031585944816470146,0.012889338657259941,0.010878358036279678
0.014137865975499153,0.0031585944816470146,0.012889338657259941,0.010878358036279678
0.014137865975499153,0.0031585944816470146,0.012889338657259941,0.010878358036279678
0.014137865975499153,0.0031585944816470146,0.012889338657259941,0.010878358036279678
0.014137865975499153,0.0031585944816470146,0.012889338657259941,0.010878358036279678
0.014137865975499153,0.0031585944816470146,0.012889338657259941,0.010878358036279678
0.014137865975499153,0.0031585944816470146,0.012889338657259941,0.010878358036279678
0.014137865975499153,0.0031585944816470146,0.012889338657259941,0.010878358036279678
0.014137865975499153,0.0031585944816470146,0.012889338657259941,0.010878358036279678
0.014137865975499153,0.0031585944816470146,0.012889338657259941,0.010878358036279678
0.014137865975499153,0.0031585944816470146,0.012889338657259941,0.010878358036279678
0.014137865975499153,0.0031585944816470146,0.012889338657259941,0.010878358036279678
0.014137865975499153,0.0031585944816470146,0.012889338657259941,0.010878358036279678
0.014137865975499153,0.0031585944816470146,0.012889338657259941,0.010878358036279678
0.014137865975499153,0.0031585944816470146,0.012889338657259941,0.010878358036279678
0.014137865975499153,0.0031585944816470146,0.012889338657259941,0.010878358036279678
0.014137865975499153,0.0031585944816470146,0.012889338657259941,0.010878358036279678
0.014137865975499153,0.0031585944816470146,0.012889338657259941,0.010878358036279678
0.014137865975499153,0.0031585944816470146,0.012889338657259941,0.010878358036279678
0.014137865975499153,0.0031585944816470146,0.012889338657259941,0.010878358036279678
0.014137865975499153,0.0031585944816470146,0.012889338657259941,0.010878358036279678
0.014137865975499153,0.0031585944816470146,0.012889338657259941,0.010878358036279678
0.014137865975499153,0.0031585944816470146,0.012889338657259941,0.010878358036279678
0.014137865975499153,0.0031585944816470146,0.012889338657259941,0.010878358036279678
0.014137865975499153,0.0031585944816470146,0.012889338657259941,0.010878358036279678
0.014137865975499153,0.0031585944816470146,0.012889338657259941,0.010878358036279678
0.014137865975499153,0.0031585944816470146,0.012889338657259941,0.010878358036279678
0.014137865975499153,0.0031585944816470146,0.012889338657259941,0.010878358036279678
0.014137865975499153,0.0031585944816470146,0.012889338657259941,0.010878358036279678
0.014137865975499153,0.0031585944816470146,0.012889338657259941,0.010878358036279678
0.014137865975499153,0.0031585944816470146,0.012889338657259941,0.010878358036279678
0.014137865975499153,0.0031585944816470146,0.012889338657259941,0.010878358036279678
0.014137865975499153,0.0031585944816470146,0.012889338657259941,0.010878358036279678
0.014137865975499153,0.0031585944816470146,0.012889338657259941,0.010878358036279678
0.014137865975499153,0.0031585944816470146,0.012889338657259941,0.010878358036279678
0.014137865975499153,0.0031585944816470146,0.012889338657259941,0.010878358036279678
0.014137865975499153,0.0031585944816470146,0.012889338657259941,0.010878358036279678
0.014137865975499153,0.0031585944816470146,0.012889338657259941,0.010878358036279678
0.014137865975499153,0.0031585944816470146,0.012889338657259941,0.010878358036279678
0.014137865975499153,0.0031585944816470146,0.012889338657259941,0.010878358036279678
0.014137865975499153,0.0031585944816470146,0.012889338657259941,0.010878358036279678
0.014137865975499153,0.0031585944816470146,0.012889338657259941,0.010878358036279678
0.014137865975499153,0.0031585944816470146,0.012889338657259941,0.010878358036279678
0.014137865975499153,0.0031585944816470146,0.012889338657259941,0.010878358036279678
0.014137865975499153,0.0031585944816470146,0.012889338657259941,0.010878358036279678
0.014137865975499153,0.0031585944816470146,0.012889338657259941,0.010878358036279678
0.014137865975499153,0.0031585944816470146,0.012889338657259941,0.010878358036279678
0.014137865975499153,0.0031585944816470146,0.012889338657259941,0.010878358036279678
0.014137865975499153,0.0031585944816470146,0.012889338657259941,0.010878358036279678
0.014137865975499153,0.0031585944816470146,0.012889338657259941,0.010878358036279678
0.014137865975499153,0.0031585944816470146,0.012889338657259941,0.010878358036279678
0.014137865975499153,0.0031585944816470146,0.012889338657259941,0.010878358036279678
0.014137865975499153,0.0031585944816470146,0.012889338657259941,0.010878358036279678
0.014137865975499153,0.0031585944816470146,0.012889338657259941,0.010878358036279678
0.014137865975499153,0.0031585944816470146,0.012889338657259941,0.010878358036279678
0.014137865975499153,0.0031585944816470146,0.012889338657259941,0.010878358036279678
0.014137865975499153,0.0031585944816470146,0.012889338657259941,0.010878358036279678
0.014137865975499153,0.0031585944816470146,0.012889338657259941,0.010878358036279678
0.014137865975499153,0.0031585944816470146,0.012889338657259941,0.010878358036279678
0.014137865975499153,0.0031585944816470146,0.012889338657259941,0.010878358036279678
0.014137865975499153,0.0031585944816470146,0.012889338657259941,0.010878358036279678
0.014137865975499153,0.0031585944816470146,0.012889338657259941,0.010878358036279678
0.014137865975499153,0.0031585944816470146,0.012889338657259941,0.010878358036279678
0.014137865975499153,0.0031585944816470146,0.012889338657259941,0.010878358036279678
0.014137865975499153,0.0031585944816470146,0.012889338657259941,0.010878358036279678
0.014137865975499153,0.0031585944816470146,0.012889338657259941,0.010878358036279678
0.014137865975499153,0.0031585944816470146,0.012889338657259941,0.010878358036279678
0.014137865975499153,0.0031585944816470146,0.012889338657259941,0.010878358036279678
0.014137865975499153,0.0031585944816470146,0.012889338657259941,0.010878358036279678
0.014137865975499153,0.0031585944816470146,0.012889338657259941,0.010878358036279678
0.014137865975499153,0.0031585944816470146,0.012889338657259941,0.010878358036279678
0.014137865975499153,0.0031585944816470146,0.012889338657259941,0.010878358036279678
0.014137865975499153,0.0031585944816470146,0.012889338657259941,0.010878358036279678
0.014137865975499153,0.0031585944816470146,0.012889338657259941,0.010878358036279678
0.014137865975499153,0.0031585944816470146,0.012889338657259941,0.010878358036279678
0.014137865975499153,0.0031585944816470146,0.012889338657259941,0.010878358036279678
0.014137865975499153,0.0031585944816470146,0.012889338657259941,0.010878358036279678
0.014137865975499153,0.0031585944816470146,0.012889338657259941,0.010878358036279678
0.014137865975499153,0.0031585944816470146,0.012889338657259941,0.010878358036279678
0.014137865975499153,0.0031585944816470146,0.012889338657259941,0.010878358036279678
0.014137865975499153,0.0031585944816470146,0.012889338657259941,0.010878358036279678
0.014137865975499153,0.0031585944816470146,0.012889338657259941,0.010878358036279678
0.014137865975499153,0.0031585944816470146,0.012889338657259941,0.010878358036279678
0.014137865975499153,0.0031585944816470146,0.012889338657259941,0.010878358036279678
0.014137865975499153,0.0031585944816470146,0.012889338657259941,0.010878358036279678
0.014137865975499153,0.0031585944816470146,0.012889338657259941,0.010878358036279678
0.014137865975499153,0.0031585944816470146,0.012889338657259941,0.010878358036279678
0.014137865975499153,0.0031585944816470146,0.012889338657259941,0.010878358036279678
0.014137865975499153,0.0031585944816470146,0.012889338657259941,0.010878358036279678
0.014137865975499153,0.0031585944816470146,0.012889338657259941,0.010878358036279678
0.014137865975499153,0.0031585944816470146,0.012889338657259941,0.010878358036279678
0.014137865975499153,0.0031585944816470146,0.012889338657259941,0.010878358036279678
0.014137865975499153,0.0031585944816470146,0.012889338657259941,0.010878358036279678
0.014137865975499153,0.0031585944816470146,0.012889338657259941,0.010878358036279678
0.014137865975499153,0.0031585944816470146,0.012889338657259941,0.010878358036279678
0.014137865975499153,0.0031585944816470146,0.012889338657259941,0.010878358036279678
0.014137865975499153,0.0031585944816470146,0.012889338657259941,0.010878358036279678
0.014137865975499153,0.0031585944816470146,0.012889338657259941,0.010878358036279678
0.014137865975499153,0.0031585944816470146,0.012889338657259941,0.010878358036279678
0.014137865975499153,0.0031585944816470146,0.012889338657259941,0.010878358036279678
0.014137865975499153,0.0031585944816470146,0.012889338657259941,0.010878358036279678
0.014137865975499153,0.0031585944816470146,0.012889338657259941,0.010878358036279678
0.014137865975499153,0.0031585944816470146,0.012889338657259941,0.010878358036279678
0.014137865975499153,0.0031585944816470146,0.012889338657259941,0.010878358036279678
0.014137865975499153,0.0031585944816470146,0.012889338657259941,0.010878358036279678
0.014137865975499153,0.0031585944816470146,0.012889338657259941,0.010878358036279678
0.014137865975499153,0.0031585944816470146,0.012889338657259941,0.010878358036279678
0.014137865975499153,0.0031585944816470146,0.012889338657259941,0.010878358036279678
0.014137865975499153,0.0031585944816470146,0.012889338657259941,0.010878358036279678
0.014137865975499153,0.0031585944816470146,0.012889338657259941,0.010878358036279678
0.014137865975499153,0.0031585944816470146,0.012889338657259941,0.010878358036279678
0.014137865975499153,0.0031585944816470146,0.012889338657259941,0.010878358036279678
0.014137865975499153,0.0031585944816470146,0.012889338657259941,0.010878358036279678
0.014137865975499153,0.0031585944816470146,0.012889338657259941,0.010878358036279678
0.014137865975499153,0.0031585944816470146,0.012889338657259941,0.010878358036279678
0.014137865975499153,0.0031585944816470146,0.012889338657259941,0.010878358036279678
0.014137865975499153,0.0031585944816470146,0.012889338657259941,0.010878358036279678
0.014137865975499153,0.0031585944816470146,0.012889338657259941,0.010878358036279678
0.014137865975499153,0.0031585944816470146,0.012889338657259941,0.010878358036279678
0.014137865975499153,0.0031585944816470146,0.012889338657259941,0.010878358036279678
0.014137865975499153,0.0031585944816470146,0.012889338657259941,0.010878358036279678
0.014137865975499153,0.0031585944816470146,0.012889338657259941,0.010878358036279678
0.014137865975499153,0.0031585944816470146,0.012889338657259941,0.010878358036279678
0.014137865975499153,0.0031585944816470146,0.012889338657259941,0.010878358036279678
0.014137865975499153,0.0031585944816470146,0.012889338657259941,0.010878358036279678
0.014137865975499153,0.0031585944816470146,0.012889338657259941,0.010878358036279678
0.014137865975499153,0.0031585944816470146,0.012889338657259941,0.010878358036279678
0.014137865975499153,0.0031585944816470146,0.012889338657259941,0.010878358036279678
0.014137865975499153,0.0031585944816470146,0.012889338657259941,0.010878358036279678
0.014137865975499153,0.0031585944816470146,0.012889338657259941,0.010878358036279678
0.014137865975499153,0.0031585944816470146,0.012889338657259941,0.010878358036279678
0.014137865975499153,0.0031585944816470146,0.012889338657259941,0.010878358036279678
0.014137865975499153,0.0031585944816470146,0.012889338657259941,0.010878358036279678
0.014137865975499153,0.0031585944816470146,0.012889338657259941,0.010878358036279678
0.014137865975499153,0.0031585944816470146,0.012889338657259941,0.010878358036279678
0.014137865975499153,0.0031585944816470146,0.012889338657259941,0.010878358036279678
0.014137865975499153,0.0031585944816470146,0.012889338657259941,0.010878358036279678
0.014137865975499153,0.0031585944816470146,0.012889338657259941,0.010878358036279678
0.014137865975499153,0.0031585944816470146,0.012889338657259941,0.010878358036279678
0.014137865975499153,0.0031585944816470146,0.012889338657259941,0.010878358036279678
0.014137865975499153,0.0031585944816470146,0.012889338657259941,0.010878358036279678
0.014137865975499153,0.0031585944816470146,0.012889338657259941,0.010878358036279678
0.014137865975499153,0.0031585944816470146,0.012889338657259941,0.010878358036279678
0.014137865975499153,0.0031585944816470146,0.012889338657259941,0.010878358036279678
0.014137865975499153,0.0031585944816470146,0.012889338657259941,0.010878358036279678
0.014137865975499153,0.0031585944816470146,0.012889338657259941,0.010878358036279678
0.014137865975499153,0.0031585944816470146,0.012889338657259941,0.010878358036279678
0.014137865975499153,0.0031585944816470146,0.012889338657259941,0.010878358036279678
0.014137865975499153,0.0031585944816470146,0.012889338657259941,0.010878358036279678
0.014137865975499153,0.0031585944816470146,0.012889338657259941,0.010878358036279678
0.014137865975499153,0.0031585944816470146,0.012889338657259941,0.010878358036279678
0.014137865975499153,0.0031585944816470146,0.012889338657259941,0.010878358036279678
0.014137865975499153,0.0031585944816470146,0.012889338657259941,0.010878358036279678
0.014137865975499153,0.0031585944816470146,0.012889338657259941,0.010878358036279678
0.014137865975499153,0.0031585944816470146,0.012889338657259941,0.010878358036279678
0.014137865975499153,0.0031585944816470146,0.012889338657259941,0.010878358036279678
0.014137865975499153,0.0031585944816470146,0.012889338657259941,0.010878358036279678
0.014137865975499153,0.0031585944816470146,0.012889338657259941,0.010878358036279678
0.014137865975499153,0.0031585944816470146,0.012889338657259941,0.010878358036279678
0.014137865975499153,0.0031585944816470146,0.012889338657259941,0.010878358036279678
0.014137865975499153,0.0031585944816470146,0.012889338657259941,0.010878358036279678
0.014137865975499153,0.0031585944816470146,0.012889338657259941,0.010878358036279678
0.014137865975499153,0.0031585944816470146,0.012889338657259941,0.010878358036279678
0.014137865975499153,0.0031585944816470146,0.012889338657259941,0.010878358036279678
0.014137865975499153,0.0031585944816470146,0.012889338657259941,0.010878358036279678
0.014137865975499153,0.0031585944816470146,0.012889338657259941,0.010878358036279678
0.014137865975499153,0.0031585944816470146,0.012889338657259941,0.010878358036279678
0.014137865975499153,0.0031585944816470146,0.012889338657259941,0.010878358036279678
0.014137865975499153,0.0031585944816470146,0.012889338657259941,0.010878358036279678
0.014137865975499153,0.0031585944816470146,0.012889338657259941,0.010878358036279678
0.014137865975499153,0.0031585944816470146,0.012889338657259941,0.010878358036279678
0.014137865975499153,0.0031585944816470146,0.012889338657259941,0.010878358036279678
0.014137865975499153,0.0031585944816470146,0.012889338657259941,0.010878358036279678
0.014137865975499153,0.0031585944816470146,0.012889338657259941,0.010878358036279678
0.014137865975499153,0.0031585944816470146,0.012889338657259941,0.010878358036279678
0.014137865975499153,0.0031585944816470146,0.012889338657259941,0.010878358036279678
0.014137865975499153,0.0031585944816470146,0.012889338657259941,0.010878358036279678
0.014137865975499153,0.0031585944816470146,0.012889338657259941,0.010878358036279678
0.014137865975499153,0.0031585944816470146,0.012889338657259941,0.010878358036279678
0.014137865975499153,0.0031585944816470146,0.012889338657259941,0.010878358036279678
0.014137865975499153,0.0031585944816470146,0.012889338657259941,0.010878358036279678
0.014137865975499153,0.0031585944816470146,0.012889338657259941,0.010878358036279678
0.014137865975499153,0.0031585944816470146,0.012889338657259941,0.010878358036279678
0.014137865975499153,0.0031585944816470146,0.012889338657259941,0.010878358036279678
0.014137865975499153,0.0031585944816470146,0.012889338657259941,0.010878358036279678
0.014137865975499153,0.0031585944816470146,0.012889338657259941,0.010878358036279678
0.014137865975499153,0.0031585944816470146,0.012889338657259941,0.010878358036279678
0.014137865975499153,0.0031585944816470146,0.012889338657259941,0.010878358036279678
0.014137865975499153,0.0031585944816470146,0.012889338657259941,0.010878358036279678
0.014137865975499153,0.0031585944816470146,0.012889338657259941,0.010878358036279678
0.014137865975499153,0.0031585944816470146,0.012889338657259941,0.010878358036279678
0.014137865975499153,0.0031585944816470146,0.012889338657259941,0.010878358036279678
0.014137865975499153,0.0031585944816470146,0.012889338657259941,0.010878358036279678
0.014137865975499153,0.0031585944816470146,0.012889338657259941,0.010878358036279678
0.014137865975499153,0.0031585944816470146,0.012889338657259941,0.010878358036279678
0.014137865975499153,0.0031585944816470146,0.012889338657259941,0.010878358036279678
0.014137865975499153,0.0031585944816470146,0.012889338657259941,0.010878358036279678
0.014137865975499153,0.0031585944816470146,0.012889338657259941,0.010878358036279678
0.014137865975499153,0.0031585944816470146,0.012889338657259941,0.010878358036279678
0.014137865975499153,0.0031585944816470146,0.012889338657259941,0.010878358036279678
0.014137865975499153,0.0031585944816470146,0.012889338657259941,0.010878358036279678
0.014137865975499153,0.0031585944816470146,0.012889338657259941,0.010878358036279678
0.014137865975499153,0.0031585944816470146,0.012889338657259941,0.010878358036279678
0.014137865975499153,0.0031585944816470146,0.012889338657259941,0.010878358036279678
0.014137865975499153,0.0031585944816470146,0.012889338657259941,0.010878358036279678
0.014137865975499153,0.0031585944816470146,0.012889338657259941,0.010878358036279678
0.014137865975499153,0.0031585944816470146,0.012889338657259941,0.010878358036279678
0.014137865975499153,0.0031585944816470146,0.012889338657259941,0.010878358036279678
0.014137865975499153,0.0031585944816470146,0.012889338657259941,0.010878358036279678
0.014137865975499153,0.0031585944816470146,0.012889338657259941,0.010878358036279678
0.014137865975499153,0.0031585944816470146,0.012889338657259941,0.010878358036279678
0.014137865975499153,0.0031585944816470146,0.012889338657259941,0.010878358036279678
0.014137865975499153,0.0031585944816470146,0.012889338657259941,0.010878358036279678
0.014137865975499153,0.0031585944816470146,0.012889338657259941,0.010878358036279678
0.014137865975499153,0.0031585944816470146,0.012889338657259941,0.010878358036279678
0.014137865975499153,0.0031585944816470146,0.012889338657259941,0.010878358036279678
0.014137865975499153,0.0031585944816470146,0.012889338657259941,0.010878358036279678
0.014137865975499153,0.0031585944816470146,0.012889338657259941,0.010878358036279678
0.014137865975499153,0.0031585944816470146,0.012889338657259941,0.010878358036279678
0.014137865975499153,0.0031585944816470146,0.012889338657259941,0.010878358036279678
0.014137865975499153,0.0031585944816470146,0.012889338657259941,0.010878358036279678
0.014137865975499153,0.0031585944816470146,0.012889338657259941,0.010878358036279678
0.014137865975499153,0.0031585944816470146,0.012889338657259941,0.010878358036279678
0.014137865975499153,0.0031585944816470146,0.012889338657259941,0.010878358036279678
0.014137865975499153,0.0031585944816470146,0.012889338657259941,0.010878358036279678
0.014137865975499153,0.0031585944816470146,0.012889338657259941,0.010878358036279678
0.014137865975499153,0.0031585944816470146,0.012889338657259941,0.010878358036279678
0.014137865975499153,0.0031585944816470146,0.012889338657259941,0.010878358036279678
0.014137865975499153,0.0031585944816470146,0.012889338657259941,0.010878358036279678
0.014137865975499153,0.0031585944816470146,0.012889338657259941,0.010878358036279678
0.014137865975499153,0.0031585944816470146,0.012889338657259941,0.010878358036279678
0.014137865975499153,0.0031585944816470146,0.012889338657259941,0.010878358036279678
0.014137865975499153,0.0031585944816470146,0.012889338657259941,0.010878358036279678
0.014137865975499153,0.0031585944816470146,0.012889338657259941,0.010878358036279678
0.014137865975499153,0.0031585944816470146,0.012889338657259941,0.010878358036279678
0.014137865975499153,0.0031585944816470146,0.012889338657259941,0.010878358036279678
0.014137865975499153,0.0031585944816470146,0.012889338657259941,0.010878358036279678
0.014137865975499153,0.0031585944816470146,0.012889338657259941,0.010878358036279678
0.014137865975499153,0.0031585944816470146,0.012889338657259941,0.010878358036279678
0.014137865975499153,0.0031585944816470146,0.012889338657259941,0.010878358036279678
0.014137865975499153,0.0031585944816470146,0.012889338657259941,0.010878358036279678
0.014137865975499153,0.0031585944816470146,0.012889338657259941,0.010878358036279678
0.014137865975499153,0.0031585944816470146,0.012889338657259941,0.010878358036279678
0.014137865975499153,0.0031585944816470146,0.012889338657259941,0.010878358036279678
0.014137865975499153,0.0031585944816470146,0.012889338657259941,0.010878358036279678
0.014137865975499153,0.0031585944816470146,0.012889338657259941,0.010878358036279678
0.014137865975499153,0.0031585944816470146,0.012889338657259941,0.010878358036279678
0.014137865975499153,0.0031585944816470146,0.012889338657259941,0.010878358036279678
0.014137865975499153,0.0031585944816470146,0.012889338657259941,0.010878358036279678
0.014137865975499153,0.0031585944816470146,0.012889338657259941,0.010878358036279678
0.014137865975499153,0.0031585944816470146,0.012889338657259941,0.010878358036279678
0.014137865975499153,0.0031585944816470146,0.012889338657259941,0.010878358036279678
0.014137865975499153,0.0031585944816470146,0.012889338657259941,0.010878358036279678
0.014137865975499153,0.0031585944816470146,0.012889338657259941,0.010878358036279678
0.014137865975499153,0.0031585944816470146,0.012889338657259941,0.010878358036279678
0.014137865975499153,0.0031585944816470146,0.012889338657259941,0.010878358036279678
0.014137865975499153,0.0031585944816470146,0.012889338657259941,0.010878358036279678
0.014137865975499153,0.0031585944816470146,0.012889338657259941,0.010878358036279678
0.014137865975499153,0.0031585944816470146,0.012889338657259941,0.010878358036279678
0.014137865975499153,0.0031585944816470146,0.012889338657259941,0.010878358036279678
0.014137865975499153,0.0031585944816470146,0.012889338657259941,0.010878358036279678
0.014137865975499153,0.0031585944816470146,0.012889338657259941,0.010878358036279678
0.014137865975499153,0.0031585944816470146,0.012889338657259941,0.010878358036279678
0.014137865975499153,0.0031585944816470146,0.012889338657259941,0.010878358036279678
0.014137865975499153,0.0031585944816470146,0.012889338657259941,0.010878358036279678
0.014137865975499153,0.0031585944816470146,0.012889338657259941,0.010878358036279678
0.014137865975499153,0.0031585944816470146,0.012889338657259941,0.010878358036279678
0.014137865975499153,0.0031585944816470146,0.012889338657259941,0.010878358036279678
0.014137865975499153,0.0031585944816470146,0.012889338657259941,0.010878358036279678
0.014137865975499153,0.0031585944816470146,0.012889338657259941,0.010878358036279678
0.014137865975499153,0.0031585944816470146,0.012889338657259941,0.010878358036279678
0.014137865975499153,0.0031585944816470146,0.012889338657259941,0.010878358036279678
0.014137865975499153,0.0031585944816470146,0.012889338657259941,0.010878358036279678
0.014137865975499153,0.0031585944816470146,0.012889338657259941,0.010878358036279678
0.014137865975499153,0.0031585944816470146,0.012889338657259941,0.010878358036279678
0.014137865975499153,0.0031585944816470146,0.012889338657259941,0.010878358036279678
0.014137865975499153,0.0031585944816470146,0.012889338657259941,0.010878358036279678
0.014137865975499153,0.0031585944816470146,0.012889338657259941,0.010878358036279678
0.014137865975499153,0.0031585944816470146,0.012889338657259941,0.010878358036279678
0.014137865975499153,0.0031585944816470146,0.012889338657259941,0.010878358036279678
0.014137865975499153,0.0031585944816470146,0.012889338657259941,0.010878358036279678
0.014137865975499153,0.0031585944816470146,0.012889338657259941,0.010878358036279678
0.014137865975499153,0.0031585944816470146,0.012889338657259941,0.010878358036279678
0.014137865975499153,0.0031585944816470146,0.012889338657259941,0.010878358036279678
0.014137865975499153,0.0031585944816470146,0.012889338657259941,0.010878358036279678
0.014137865975499153,0.0031585944816470146,0.012889338657259941,0.010878358036279678
0.014137865975499153,0.0031585944816470146,0.012889338657259941,0.010878358036279678
0.014137865975499153,0.0031585944816470146,0.012889338657259941,0.010878358036279678
0.014137865975499153,0.0031585944816470146,0.012889338657259941,0.010878358036279678
0.014137865975499153,0.0031585944816470146,0.012889338657259941,0.010878358036279678
0.014137865975499153,0.0031585944816470146,0.012889338657259941,0.010878358036279678
0.014137865975499153,0.0031585944816470146,0.012889338657259941,0.010878358036279678
0.014137865975499153,0.0031585944816470146,0.012889338657259941,0.010878358036279678
0.014137865975499153,0.0031585944816470146,0.012889338657259941,0.010878358036279678
0.014137865975499153,0.0031585944816470146,0.012889338657259941,0.010878358036279678
0.014137865975499153,0.0031585944816470146,0.012889338657259941,0.010878358036279678
0.014137865975499153,0.0031585944816470146,0.012889338657259941,0.010878358036279678
0.014137865975499153,0.0031585944816470146,0.012889338657259941,0.010878358036279678
0.014137865975499153,0.0031585944816470146,0.012889338657259941,0.010878358036279678
0.014137865975499153,0.0031585944816470146,0.012889338657259941,0.010878358036279678
0.014137865975499153,0.0031585944816470146,0.012889338657259941,0.010878358036279678
0.014137865975499153,0.0031585944816470146,0.012889338657259941,0.010878358036279678
0.014137865975499153,0.0031585944816470146,0.012889338657259941,0.010878358036279678
0.014137865975499153,0.0031585944816470146,0.012889338657259941,0.010878358036279678
0.014137865975499153,0.0031585944816470146,0.012889338657259941,0.010878358036279678
0.014137865975499153,0.0031585944816470146,0.012889338657259941,0.010878358036279678
0.014137865975499153,0.0031585944816470146,0.012889338657259941,0.010878358036279678
0.014137865975499153,0.0031585944816470146,0.012889338657259941,0.010878358036279678
0.014137865975499153,0.0031585944816470146,0.012889338657259941,0.010878358036279678
0.014137865975499153,0.0031585944816470146,0.012889338657259941,0.010878358036279678
0.014137865975499153,0.0031585944816470146,0.012889338657259941,0.010878358036279678
0.014137865975499153,0.0031585944816470146,0.012889338657259941,0.010878358036279678
0.014137865975499153,0.0031585944816470146,0.012889338657259941,0.010878358036279678
0.014137865975499153,0.0031585944816470146,0.012889338657259941,0.010878358036279678
0.014137865975499153,0.0031585944816470146,0.012889338657259941,0.010878358036279678
0.014137865975499153,0.0031585944816470146,0.012889338657259941,0.010878358036279678
0.014137865975499153,0.0031585944816470146,0.012889338657259941,0.010878358036279678
0.014137865975499153,0.0031585944816470146,0.012889338657259941,0.010878358036279678
0.014137865975499153,0.0031585944816470146,0.012889338657259941,0.010878358036279678
0.014137865975499153,0.0031585944816470146,0.012889338657259941,0.010878358036279678
0.014137865975499153,0.0031585944816470146,0.012889338657259941,0.010878358036279678
0.014137865975499153,0.0031585944816470146,0.012889338657259941,0.010878358036279678
0.014137865975499153,0.0031585944816470146,0.012889338657259941,0.010878358036279678
0.014137865975499153,0.0031585944816470146,0.012889338657259941,0.010878358036279678
0.014137865975499153,0.0031585944816470146,0.012889338657259941,0.010878358036279678
0.014137865975499153,0.0031585944816470146,0.012889338657259941,0.010878358036279678
0.014137865975499153,0.0031585944816470146,0.012889338657259941,0.010878358036279678
0.014137865975499153,0.0031585944816470146,0.012889338657259941,0.010878358036279678
0.014137865975499153,0.0031585944816470146,0.012889338657259941,0.010878358036279678
0.014137865975499153,0.0031585944816470146,0.012889338657259941,0.010878358036279678
0.014137865975499153,0.0031585944816470146,0.012889338657259941,0.010878358036279678
0.014137865975499153,0.0031585944816470146,0.012889338657259941,0.010878358036279678
0.014137865975499153,0.0031585944816470146,0.012889338657259941,0.010878358036279678
0.014137865975499153,0.0031585944816470146,0.012889338657259941,0.010878358036279678
0.014137865975499153,0.0031585944816470146,0.012889338657259941,0.010878358036279678
0.014137865975499153,0.0031585944816470146,0.012889338657259941,0.010878358036279678
0.014137865975499153,0.0031585944816470146,0.012889338657259941,0.010878358036279678
0.014137865975499153,0.0031585944816470146,0.012889338657259941,0.010878358036279678
0.014137865975499153,0.0031585944816470146,0.012889338657259941,0.010878358036279678
0.014137865975499153,0.0031585944816470146,0.012889338657259941,0.010878358036279678
0.014137865975499153,0.0031585944816470146,0.012889338657259941,0.010878358036279678
0.014137865975499153,0.0031585944816470146,0.012889338657259941,0.010878358036279678
0.014137865975499153,0.0031585944816470146,0.012889338657259941,0.010878358036279678
0.014137865975499153,0.0031585944816470146,0.012889338657259941,0.010878358036279678
0.014137865975499153,0.0031585944816470146,0.012889338657259941,0.010878358036279678
0.014137865975499153,0.0031585944816470146,0.012889338657259941,0.010878358036279678
0.014137865975499153,0.0031585944816470146,0.012889338657259941,0.010878358036279678
0.014137865975499153,0.0031585944816470146,0.012889338657259941,0.010878358036279678
0.014137865975499153,0.0031585944816470146,0.012889338657259941,0.010878358036279678
0.014137865975499153,0.0031585944816470146,0.012889338657259941,0.010878358036279678
0.014137865975499153,0.0031585944816470146,0.012889338657259941,0.010878358036279678
0.014137865975499153,0.0031585944816470146,0.012889338657259941,0.010878358036279678
0.014137865975499153,0.0031585944816470146,0.012889338657259941,0.010878358036279678
0.014137865975499153,0.0031585944816470146,0.012889338657259941,0.010878358036279678
0.014137865975499153,0.0031585944816470146,0.012889338657259941,0.010878358036279678
0.014137865975499153,0.0031585944816470146,0.012889338657259941,0.010878358036279678
0.014137865975499153,0.0031585944816470146,0.012889338657259941,0.010878358036279678
0.014137865975499153,0.0031585944816470146,0.012889338657259941,0.010878358036279678
0.014137865975499153,0.0031585944816470146,0.012889338657259941,0.010878358036279678
0.014137865975499153,0.0031585944816470146,0.012889338657259941,0.010878358036279678
0.014137865975499153,0.0031585944816470146,0.012889338657259941,0.010878358036279678
0.014137865975499153,0.0031585944816470146,0.012889338657259941,0.010878358036279678
0.014137865975499153,0.0031585944816470146,0.012889338657259941,0.010878358036279678
0.014137865975499153,0.0031585944816470146,0.012889338657259941,0.010878358036279678
0.014137865975499153,0.0031585944816470146,0.012889338657259941,0.010878358036279678
0.014137865975499153,0.0031585944816470146,0.012889338657259941,0.010878358036279678
0.014137865975499153,0.0031585944816470146,0.012889338657259941,0.010878358036279678
0.014137865975499153,0.0031585944816470146,0.012889338657259941,0.010878358036279678
0.014137865975499153,0.0031585944816470146,0.012889338657259941,0.010878358036279678
0.014137865975499153,0.0031585944816470146,0.012889338657259941,0.010878358036279678
0.014137865975499153,0.0031585944816470146,0.012889338657259941,0.010878358036279678
0.014137865975499153,0.0031585944816470146,0.012889338657259941,0.010878358036279678
0.014137865975499153,0.0031585944816470146,0.012889338657259941,0.010878358036279678
0.014137865975499153,0.0031585944816470146,0.012889338657259941,0.010878358036279678
0.014137865975499153,0.0031585944816470146,0.012889338657259941,0.010878358036279678
0.014137865975499153,0.0031585944816470146,0.012889338657259941,0.010878358036279678
0.014137865975499153,0.0031585944816470146,0.012889338657259941,0.010878358036279678
0.014137865975499153,0.0031585944816470146,0.012889338657259941,0.010878358036279678
0.014137865975499153,0.0031585944816470146,0.012889338657259941,0.010878358036279678
0.014137865975499153,0.0031585944816470146,0.012889338657259941,0.010878358036279678
0.014137865975499153,0.0031585944816470146,0.012889338657259941,0.010878358036279678
0.014137865975499153,0.0031585944816470146,0.012889338657259941,0.010878358036279678
0.014137865975499153,0.0031585944816470146,0.012889338657259941,0.010878358036279678
0.014137865975499153,0.0031585944816470146,0.012889338657259941,0.010878358036279678
0.014137865975499153,0.0031585944816470146,0.012889338657259941,0.010878358036279678
0.014137865975499153,0.0031585944816470146,0.012889338657259941,0.010878358036279678
0.014137865975499153,0.0031585944816470146,0.012889338657259941,0.010878358036279678
0.014137865975499153,0.0031585944816470146,0.012889338657259941,0.010878358036279678
0.014137865975499153,0.0031585944816470146,0.012889338657259941,0.010878358036279678
0.014137865975499153,0.0031585944816470146,0.012889338657259941,0.010878358036279678
0.014137865975499153,0.0031585944816470146,0.012889338657259941,0.010878358036279678
0.014137865975499153,0.0031585944816470146,0.012889338657259941,0.010878358036279678
0.014137865975499153,0.0031585944816470146,0.012889338657259941,0.010878358036279678
0.014137865975499153,0.0031585944816470146,0.012889338657259941,0.010878358036279678
0.014137865975499153,0.0031585944816470146,0.012889338657259941,0.010878358036279678
0.014137865975499153,0.0031585944816470146,0.012889338657259941,0.010878358036279678
0.014137865975499153,0.0031585944816470146,0.012889338657259941,0.010878358036279678
0.014137865975499153,0.0031585944816470146,0.012889338657259941,0.010878358036279678
0.014137865975499153,0.0031585944816470146,0.012889338657259941,0.010878358036279678
0.014137865975499153,0.0031585944816470146,0.012889338657259941,0.010878358036279678
0.014137865975499153,0.0031585944816470146,0.012889338657259941,0.010878358036279678
0.014137865975499153,0.0031585944816470146,0.012889338657259941,0.010878358036279678
0.014137865975499153,0.0031585944816470146,0.012889338657259941,0.010878358036279678
0.014137865975499153,0.0031585944816470146,0.012889338657259941,0.010878358036279678
0.014137865975499153,0.0031585944816470146,0.012889338657259941,0.010878358036279678
0.014137865975499153,0.0031585944816470146,0.012889338657259941,0.010878358036279678
0.014137865975499153,0.0031585944816470146,0.012889338657259941,0.010878358036279678
0.014137865975499153,0.0031585944816470146,0.012889338657259941,0.010878358036279678
0.014137865975499153,0.0031585944816470146,0.012889338657259941,0.010878358036279678
0.014137865975499153,0.0031585944816470146,0.012889338657259941,0.010878358036279678
0.014137865975499153,0.0031585944816470146,0.012889338657259941,0.010878358036279678
0.014137865975499153,0.0031585944816470146,0.012889338657259941,0.010878358036279678
0.014137865975499153,0.0031585944816470146,0.012889338657259941,0.010878358036279678
0.014137865975499153,0.0031585944816470146,0.012889338657259941,0.010878358036279678
0.014137865975499153,0.0031585944816470146,0.012889338657259941,0.010878358036279678
0.014137865975499153,0.0031585944816470146,0.012889338657259941,0.010878358036279678
0.014137865975499153,0.0031585944816470146,0.012889338657259941,0.010878358036279678
0.014137865975499153,0.0031585944816470146,0.012889338657259941,0.010878358036279678
0.014137865975499153,0.0031585944816470146,0.012889338657259941,0.010878358036279678
0.014137865975499153,0.0031585944816470146,0.012889338657259941,0.010878358036279678
0.014137865975499153,0.0031585944816470146,0.012889338657259941,0.010878358036279678
0.014137865975499153,0.0031585944816470146,0.012889338657259941,0.010878358036279678
0.014137865975499153,0.0031585944816470146,0.012889338657259941,0.010878358036279678
0.014137865975499153,0.0031585944816470146,0.012889338657259941,0.010878358036279678
0.014137865975499153,0.0031585944816470146,0.012889338657259941,0.010878358036279678
0.014137865975499153,0.0031585944816470146,0.012889338657259941,0.010878358036279678
0.014137865975499153,0.0031585944816470146,0.012889338657259941,0.010878358036279678
0.014137865975499153,0.0031585944816470146,0.012889338657259941,0.010878358036279678
0.014137865975499153,0.0031585944816470146,0.012889338657259941,0.010878358036279678
0.014137865975499153,0.0031585944816470146,0.012889338657259941,0.010878358036279678
0.014137865975499153,0.0031585944816470146,0.012889338657259941,0.010878358036279678
0.014137865975499153,0.0031585944816470146,0.012889338657259941,0.010878358036279678
0.014137865975499153,0.0031585944816470146,0.012889338657259941,0.010878358036279678
0.014137865975499153,0.0031585944816470146,0.012889338657259941,0.010878358036279678
0.014137865975499153,0.0031585944816470146,0.012889338657259941,0.010878358036279678
0.014137865975499153,0.0031585944816470146,0.012889338657259941,0.010878358036279678
0.014137865975499153,0.0031585944816470146,0.012889338657259941,0.010878358036279678
0.014137865975499153,0.0031585944816470146,0.012889338657259941,0.010878358036279678
0.014137865975499153,0.0031585944816470146,0.012889338657259941,0.010878358036279678
0.014137865975499153,0.0031585944816470146,0.012889338657259941,0.010878358036279678
0.014137865975499153,0.0031585944816470146,0.012889338657259941,0.010878358036279678
0.014137865975499153,0.0031585944816470146,0.012889338657259941,0.010878358036279678
0.014137865975499153,0.0031585944816470146,0.012889338657259941,0.010878358036279678
0.014137865975499153,0.0031585944816470146,0.012889338657259941,0.010878358036279678
0.014137865975499153,0.0031585944816470146,0.012889338657259941,0.010878358036279678
0.014137865975499153,0.0031585944816470146,0.012889338657259941,0.010878358036279678
0.014137865975499153,0.0031585944816470146,0.012889338657259941,0.010878358036279678
0.014137865975499153,0.0031585944816470146,0.012889338657259941,0.010878358036279678
0.014137865975499153,0.0031585944816470146,0.012889338657259941,0.010878358036279678
0.014137865975499153,0.0031585944816470146,0.012889338657259941,0.010878358036279678
0.014137865975499153,0.0031585944816470146,0.012889338657259941,0.010878358036279678
0.014137865975499153,0.0031585944816470146,0.012889338657259941,0.010878358036279678
0.014137865975499153,0.0031585944816470146,0.012889338657259941,0.010878358036279678
0.014137865975499153,0.0031585944816470146,0.012889338657259941,0.010878358036279678
0.014137865975499153,0.0031585944816470146,0.012889338657259941,0.010878358036279678
0.014137865975499153,0.0031585944816470146,0.012889338657259941,0.010878358036279678
0.014137865975499153,0.0031585944816470146,0.012889338657259941,0.010878358036279678
0.014137865975499153,0.0031585944816470146,0.012889338657259941,0.010878358036279678
0.014137865975499153,0.0031585944816470146,0.012889338657259941,0.010878358036279678
0.014137865975499153,0.0031585944816470146,0.012889338657259941,0.010878358036279678
0.014137865975499153,0.0031585944816470146,0.012889338657259941,0.010878358036279678
0.014137865975499153,0.0031585944816470146,0.012889338657259941,0.010878358036279678
0.014137865975499153,0.0031585944816470146,0.012889338657259941,0.010878358036279678
0.014137865975499153,0.0031585944816470146,0.012889338657259941,0.010878358036279678
0.014137865975499153,0.0031585944816470146,0.012889338657259941,0.010878358036279678
0.014137865975499153,0.0031585944816470146,0.012889338657259941,0.010878358036279678
0.014137865975499153,0.0031585944816470146,0.012889338657259941,0.010878358036279678
0.014137865975499153,0.0031585944816470146,0.012889338657259941,0.010878358036279678
0.014137865975499153,0.0031585944816470146,0.012889338657259941,0.010878358036279678
0.014137865975499153,0.0031585944816470146,0.012889338657259941,0.010878358036279678
0.014137865975499153,0.0031585944816470146,0.012889338657259941,0.010878358036279678
0.014137865975499153,0.0031585944816470146,0.012889338657259941,0.010878358036279678
0.014137865975499153,0.0031585944816470146,0.012889338657259941,0.010878358036279678
0.014137865975499153,0.0031585944816470146,0.012889338657259941,0.010878358036279678
0.014137865975499153,0.0031585944816470146,0.012889338657259941,0.010878358036279678
0.014137865975499153,0.0031585944816470146,0.012889338657259941,0.010878358036279678
0.014137865975499153,0.0031585944816470146,0.012889338657259941,0.010878358036279678
0.014137865975499153,0.0031585944816470146,0.012889338657259941,0.010878358036279678
0.014137865975499153,0.0031585944816470146,0.012889338657259941,0.010878358036279678
0.014137865975499153,0.0031585944816470146,0.012889338657259941,0.010878358036279678
0.014137865975499153,0.0031585944816470146,0.012889338657259941,0.010878358036279678
0.014137865975499153,0.0031585944816470146,0.012889338657259941,0.010878358036279678
0.014137865975499153,0.0031585944816470146,0.012889338657259941,0.010878358036279678
0.014137865975499153,0.0031585944816470146,0.012889338657259941,0.010878358036279678
0.014137865975499153,0.0031585944816470146,0.012889338657259941,0.010878358036279678
0.014137865975499153,0.0031585944816470146,0.012889338657259941,0.010878358036279678
0.014137865975499153,0.0031585944816470146,0.012889338657259941,0.010878358036279678
0.014137865975499153,0.0031585944816470146,0.012889338657259941,0.010878358036279678
0.014137865975499153,0.0031585944816470146,0.012889338657259941,0.010878358036279678
0.014137865975499153,0.0031585944816470146,0.012889338657259941,0.010878358036279678
0.014137865975499153,0.0031585944816470146,0.012889338657259941,0.010878358036279678
0.014137865975499153,0.0031585944816470146,0.012889338657259941,0.010878358036279678
0.014137865975499153,0.0031585944816470146,0.012889338657259941,0.010878358036279678
0.014137865975499153,0.0031585944816470146,0.012889338657259941,0.010878358036279678
0.014137865975499153,0.0031585944816470146,0.012889338657259941,0.010878358036279678
0.014137865975499153,0.0031585944816470146,0.012889338657259941,0.010878358036279678
0.014137865975499153,0.0031585944816470146,0.012889338657259941,0.010878358036279678
0.014137865975499153,0.0031585944816470146,0.012889338657259941,0.010878358036279678
0.014137865975499153,0.0031585944816470146,0.012889338657259941,0.010878358036279678
0.014137865975499153,0.0031585944816470146,0.012889338657259941,0.010878358036279678
0.014137865975499153,0.0031585944816470146,0.012889338657259941,0.010878358036279678
0.014137865975499153,0.0031585944816470146,0.012889338657259941,0.010878358036279678
0.014137865975499153,0.0031585944816470146,0.012889338657259941,0.010878358036279678
0.014137865975499153,0.0031585944816470146,0.012889338657259941,0.010878358036279678
0.014137865975499153,0.0031585944816470146,0.012889338657259941,0.010878358036279678
0.014137865975499153,0.0031585944816470146,0.012889338657259941,0.010878358036279678
0.014137865975499153,0.0031585944816470146,0.012889338657259941,0.010878358036279678
0.014137865975499153,0.0031585944816470146,0.012889338657259941,0.010878358036279678
0.014137865975499153,0.0031585944816470146,0.012889338657259941,0.010878358036279678
0.014137865975499153,0.0031585944816470146,0.012889338657259941,0.010878358036279678
0.014137865975499153,0.0031585944816470146,0.012889338657259941,0.010878358036279678
0.014137865975499153,0.0031585944816470146,0.012889338657259941,0.010878358036279678
0.014137865975499153,0.0031585944816470146,0.012889338657259941,0.010878358036279678
0.014137865975499153,0.0031585944816470146,0.012889338657259941,0.010878358036279678
0.014137865975499153,0.0031585944816470146,0.012889338657259941,0.010878358036279678
0.014137865975499153,0.0031585944816470146,0.012889338657259941,0.010878358036279678
0.014137865975499153,0.0031585944816470146,0.012889338657259941,0.010878358036279678
0.014137865975499153,0.0031585944816470146,0.012889338657259941,0.010878358036279678
0.014137865975499153,0.0031585944816470146,0.012889338657259941,0.010878358036279678
0.014137865975499153,0.0031585944816470146,0.012889338657259941,0.010878358036279678
0.014137865975499153,0.0031585944816470146,0.012889338657259941,0.010878358036279678
0.014137865975499153,0.0031585944816470146,0.012889338657259941,0.010878358036279678
0.014137865975499153,0.0031585944816470146,0.012889338657259941,0.010878358036279678
0.014137865975499153,0.0031585944816470146,0.012889338657259941,0.010878358036279678
0.014137865975499153,0.0031585944816470146,0.012889338657259941,0.010878358036279678
0.014137865975499153,0.0031585944816470146,0.012889338657259941,0.010878358036279678
0.014137865975499153,0.0031585944816470146,0.012889338657259941,0.010878358036279678
0.014137865975499153,0.0031585944816470146,0.012889338657259941,0.010878358036279678
0.014137865975499153,0.0031585944816470146,0.012889338657259941,0.010878358036279678
0.014137865975499153,0.0031585944816470146,0.012889338657259941,0.010878358036279678
0.014137865975499153,0.0031585944816470146,0.012889338657259941,0.010878358036279678
0.014137865975499153,0.0031585944816470146,0.012889338657259941,0.010878358036279678
0.014137865975499153,0.0031585944816470146,0.012889338657259941,0.010878358036279678
0.014137865975499153,0.0031585944816470146,0.012889338657259941,0.010878358036279678
0.014137865975499153,0.0031585944816470146,0.012889338657259941,0.010878358036279678
0.014137865975499153,0.0031585944816470146,0.012889338657259941,0.010878358036279678
0.014137865975499153,0.0031585944816470146,0.012889338657259941,0.010878358036279678
0.014137865975499153,0.0031585944816470146,0.012889338657259941,0.010878358036279678
0.014137865975499153,0.0031585944816470146,0.012889338657259941,0.010878358036279678
0.014137865975499153,0.0031585944816470146,0.012889338657259941,0.010878358036279678
0.014137865975499153,0.0031585944816470146,0.012889338657259941,0.010878358036279678
0.014137865975499153,0.0031585944816470146,0.012889338657259941,0.010878358036279678
0.014137865975499153,0.0031585944816470146,0.012889338657259941,0.010878358036279678
0.014137865975499153,0.0031585944816470146,0.012889338657259941,0.010878358036279678
0.014137865975499153,0.0031585944816470146,0.012889338657259941,0.010878358036279678
0.014137865975499153,0.0031585944816470146,0.012889338657259941,0.010878358036279678
0.014137865975499153,0.0031585944816470146,0.012889338657259941,0.010878358036279678
0.014137865975499153,0.0031585944816470146,0.012889338657259941,0.010878358036279678
0.014137865975499153,0.0031585944816470146,0.012889338657259941,0.010878358036279678
0.014137865975499153,0.0031585944816470146,0.012889338657259941,0.010878358036279678
0.014137865975499153,0.0031585944816470146,0.012889338657259941,0.010878358036279678
0.014137865975499153,0.0031585944816470146,0.012889338657259941,0.010878358036279678
0.014137865975499153,0.0031585944816470146,0.012889338657259941,0.010878358036279678
0.014137865975499153,0.0031585944816470146,0.012889338657259941,0.010878358036279678
0.014137865975499153,0.0031585944816470146,0.012889338657259941,0.010878358036279678
0.014137865975499153,0.0031585944816470146,0.012889338657259941,0.010878358036279678
0.014137865975499153,0.0031585944816470146,0.012889338657259941,0.010878358036279678
0.014137865975499153,0.0031585944816470146,0.012889338657259941,0.010878358036279678
0.014137865975499153,0.0031585944816470146,0.012889338657259941,0.010878358036279678
0.014137865975499153,0.0031585944816470146,0.012889338657259941,0.010878358036279678
0.014137865975499153,0.0031585944816470146,0.012889338657259941,0.010878358036279678
0.014137865975499153,0.0031585944816470146,0.012889338657259941,0.010878358036279678
0.014137865975499153,0.0031585944816470146,0.012889338657259941,0.010878358036279678
0.014137865975499153,0.0031585944816470146,0.012889338657259941,0.010878358036279678
0.014137865975499153,0.0031585944816470146,0.012889338657259941,0.010878358036279678
0.014137865975499153,0.0031585944816470146,0.012889338657259941,0.010878358036279678
0.014137865975499153,0.0031585944816470146,0.012889338657259941,0.010878358036279678
0.014137865975499153,0.0031585944816470146,0.012889338657259941,0.010878358036279678
0.014137865975499153,0.0031585944816470146,0.012889338657259941,0.010878358036279678
0.014137865975499153,0.0031585944816470146,0.012889338657259941,0.010878358036279678
0.014137865975499153,0.0031585944816470146,0.012889338657259941,0.010878358036279678
0.014137865975499153,0.0031585944816470146,0.012889338657259941,0.010878358036279678
0.014137865975499153,0.0031585944816470146,0.012889338657259941,0.010878358036279678
0.014137865975499153,0.0031585944816470146,0.012889338657259941,0.010878358036279678
0.014137865975499153,0.0031585944816470146,0.012889338657259941,0.010878358036279678
0.014137865975499153,0.0031585944816470146,0.012889338657259941,0.010878358036279678
0.014137865975499153,0.0031585944816470146,0.012889338657259941,0.010878358036279678
0.014137865975499153,0.0031585944816470146,0.012889338657259941,0.010878358036279678
0.014137865975499153,0.0031585944816470146,0.012889338657259941,0.010878358036279678
0.014137865975499153,0.0031585944816470146,0.012889338657259941,0.010878358036279678
0.014137865975499153,0.0031585944816470146,0.012889338657259941,0.010878358036279678
0.014137865975499153,0.0031585944816470146,0.012889338657259941,0.010878358036279678
0.014137865975499153,0.0031585944816470146,0.012889338657259941,0.010878358036279678
0.014137865975499153,0.0031585944816470146,0.012889338657259941,0.010878358036279678
0.014137865975499153,0.0031585944816470146,0.012889338657259941,0.010878358036279678
0.014137865975499153,0.0031585944816470146,0.012889338657259941,0.010878358036279678
0.014137865975499153,0.0031585944816470146,0.012889338657259941,0.010878358036279678
0.014137865975499153,0.0031585944816470146,0.012889338657259941,0.010878358036279678
0.014137865975499153,0.0031585944816470146,0.012889338657259941,0.010878358036279678
0.014137865975499153,0.0031585944816470146,0.012889338657259941,0.010878358036279678
0.014137865975499153,0.0031585944816470146,0.012889338657259941,0.010878358036279678
0.014137865975499153,0.0031585944816470146,0.012889338657259941,0.010878358036279678
0.014137865975499153,0.0031585944816470146,0.012889338657259941,0.010878358036279678
0.014137865975499153,0.0031585944816470146,0.012889338657259941,0.010878358036279678
0.014137865975499153,0.0031585944816470146,0.012889338657259941,0.010878358036279678
0.014137865975499153,0.0031585944816470146,0.012889338657259941,0.010878358036279678
