vx,vy,vz,omega_z
0.01621277630329132,0.04740864783525467,-0.09129755198955536,0.3370819687843323
-0.09761868417263031,0.14085839688777924,-0.19824829697608948,0.6185581684112549
-0.12303689122200012,0.21201461553573608,-0.23774729669094086,0.6660035848617554
-0.12758322060108185,0.2538110911846161,-0.2478567212820053,0.6730844974517822
-0.12835946679115295,0.27630066871643066,-0.2500918507575989,0.6741496324539185
-0.1284862756729126,0.28799164295196533,-0.2505550980567932,0.674312949180603
-0.11002048850059509,0.2593008577823639,-0.21844343841075897,0.6616173982620239
-0.09814880788326263,0.21613098680973053,-0.19724035263061523,0.6521944999694824
-0.08794975280761719,0.18321865797042847,-0.18258628249168396,0.6436564922332764
-0.08277767896652222,0.16181091964244843,-0.17466163635253906,0.6400254964828491
-0.08924685418605804,0.14576371014118195,-0.16217349469661713,0.6500827074050903
-0.09403941035270691,0.13390198349952698,-0.15149497985839844,0.6558651924133301
-0.09972168505191803,0.11896799504756927,-0.15478189289569855,0.6580017805099487
-0.10409489274024963,0.105753593146801,-0.16093941032886505,0.6584784984588623
-0.11814847588539124,0.07538582384586334,-0.14743711054325104,0.6546709537506104
-0.1270912140607834,0.03574514761567116,-0.1323893964290619,0.6518008708953857
-0.11437542736530304,-0.0009711682796478271,-0.11706481873989105,0.6337794065475464
-0.10381828248500824,-0.02849562093615532,-0.10765326023101807,0.6232696771621704
-0.117515429854393,-0.04317592456936836,-0.10652965307235718,0.627808690071106
-0.1248096376657486,-0.054281074553728104,-0.10395573079586029,0.6297895908355713
-0.09030361473560333,-0.07704289257526398,-0.10230763256549835,0.6231256723403931
-0.07323092222213745,-0.09495650976896286,-0.09848104417324066,0.6194769144058228
-0.07819952070713043,-0.11591322720050812,-0.0975317433476448,0.6071511507034302
-0.08203871548175812,-0.13909851014614105,-0.09643096476793289,0.5990487337112427
-0.08421270549297333,-0.14568021893501282,-0.08734864741563797,0.6190489530563354
-0.0854606181383133,-0.14244166016578674,-0.0792180597782135,0.631205677986145
-0.07633045315742493,-0.13389495015144348,-0.07444006204605103,0.6348706483840942
-0.07228648662567139,-0.12373896688222885,-0.07280246168375015,0.6360868215560913
-0.057069648057222366,-0.11556732654571533,-0.0757145956158638,0.6212477684020996
-0.046787139028310776,-0.11011049896478653,-0.07875757664442062,0.6118630170822144
-0.04966020956635475,-0.10633537918329239,-0.07680698484182358,0.6002452373504639
-0.050142500549554825,-0.10872070491313934,-0.07351915538311005,0.5939381122589111
-0.05315752699971199,-0.10323916375637054,-0.07291419804096222,0.6065201759338379
-0.05637872591614723,-0.09401599317789078,-0.07347173243761063,0.6133818626403809
-0.04525655135512352,-0.09188861399888992,-0.07282895594835281,0.5834032297134399
-0.03857327625155449,-0.09809666872024536,-0.0731285810470581,0.5662655830383301
-0.037096161395311356,-0.10355380177497864,-0.073396235704422,0.5625852346420288
-0.011886373162269592,-0.11548297107219696,-0.0691598430275917,0.5454756021499634
-0.05029234662652016,-0.1315559297800064,-0.06528599560260773,0.5654579997062683
-0.07347364723682404,-0.14522391557693481,-0.06368117034435272,0.5775384902954102
-0.06945464015007019,-0.14832735061645508,-0.060752205550670624,0.58990478515625
-0.0670011043548584,-0.14606896042823792,-0.058166421949863434,0.5955524444580078
-0.07438431680202484,-0.16069097816944122,-0.059028223156929016,0.5761538743972778
-0.07701776921749115,-0.18105977773666382,-0.06021250784397125,0.5644577741622925
-0.08321735262870789,-0.18482813239097595,-0.05443190038204193,0.5495837926864624
-0.08600109815597534,-0.18426017463207245,-0.05099399387836456,0.5430747866630554
-0.07659761607646942,-0.17754538357257843,-0.04493746906518936,0.5279465913772583
-0.07253657281398773,-0.17142821848392487,-0.04235203191637993,0.5203796029090881
-0.0794026106595993,-0.1587596982717514,-0.04514608532190323,0.5375977754592896
-0.08254669606685638,-0.1414545476436615,-0.04977776110172272,0.5481452941894531
-0.10344080626964569,-0.1268981546163559,-0.05695505440235138,0.5710700750350952
-0.11435115337371826,-0.11486105620861053,-0.06371288001537323,0.5814553499221802
-0.10630595684051514,-0.10700540989637375,-0.06487118452787399,0.5648705363273621
-0.10203556716442108,-0.10211556404829025,-0.06781663000583649,0.5560455322265625
-0.062328364700078964,-0.10182970017194748,-0.06606141477823257,0.5076100826263428
-0.043241504579782486,-0.10349754989147186,-0.06677158176898956,0.4827161133289337
-0.032250676304101944,-0.10908331722021103,-0.07039595395326614,0.4615064859390259
-0.025771845132112503,-0.11722460389137268,-0.07218379527330399,0.44849899411201477
-0.02164895460009575,-0.12616579234600067,-0.07882305234670639,0.44699791073799133
-0.01953074336051941,-0.13187164068222046,-0.08453668653964996,0.4471345841884613
-0.03479982540011406,-0.13065548241138458,-0.08595284074544907,0.45773106813430786
-0.047674667090177536,-0.12893085181713104,-0.0864270031452179,0.46625441312789917
-0.05608544871211052,-0.12535740435123444,-0.08375193923711777,0.4649558365345001
-0.06128401681780815,-0.1239178329706192,-0.08231810480356216,0.4628118574619293
-0.07903413474559784,-0.14009340107440948,-0.07439150661230087,0.47987422347068787
-0.09078231453895569,-0.1643417477607727,-0.06276190280914307,0.4908781945705414
-0.10083994269371033,-0.18192782998085022,-0.05519140511751175,0.5030375719070435
-0.09245006740093231,-0.18361198902130127,-0.045808568596839905,0.4985472559928894
-0.0849558413028717,-0.17951451241970062,-0.04097052663564682,0.49360352754592896
-0.08849352598190308,-0.16721732914447784,-0.03410281985998154,0.5006048679351807
-0.09144565463066101,-0.15343932807445526,-0.030877187848091125,0.5059244632720947
-0.09214730560779572,-0.14465279877185822,-0.03026839904487133,0.5073081254959106
-0.0826684832572937,-0.1298530250787735,-0.02995477244257927,0.4920600652694702
-0.07732434570789337,-0.11500873416662216,-0.03076454997062683,0.4823232889175415
-0.06727509200572968,-0.10422828048467636,-0.030743170529603958,0.4676569104194641
-0.06102430447936058,-0.09746062755584717,-0.02968505769968033,0.4587043523788452
-0.06409795582294464,-0.09380068629980087,-0.029481016099452972,0.46619895100593567
-0.0665387362241745,-0.09203287959098816,-0.027849657461047173,0.47233718633651733
-0.06343516707420349,-0.0857912003993988,-0.025878574699163437,0.463434636592865
-0.06172172352671623,-0.07841279357671738,-0.025576481595635414,0.4567699730396271
-0.058025460690259933,-0.07229604572057724,-0.027310123667120934,0.4512365460395813
-0.05387658253312111,-0.06778672337532043,-0.02756175771355629,0.4467463791370392
-0.06845089793205261,-0.06684974581003189,-0.028205908834934235,0.4749891459941864
-0.07762056589126587,-0.06737308204174042,-0.026897646486759186,0.4935806393623352
-0.09156017005443573,-0.07135561108589172,-0.025886500254273415,0.5140923857688904
-0.09905114769935608,-0.07658401876688004,-0.024715881794691086,0.5241748094558716
-0.09645822644233704,-0.08132165670394897,-0.027504943311214447,0.5176092386245728
-0.0938330590724945,-0.08556928485631943,-0.02959587424993515,0.5116058588027954
-0.08249644935131073,-0.08779717981815338,-0.031358107924461365,0.4903271496295929
-0.07668022811412811,-0.08908822387456894,-0.03356340527534485,0.477745920419693
-0.07814666628837585,-0.0941886305809021,-0.036213699728250504,0.477342814207077
-0.0800774097442627,-0.10041596740484238,-0.0377664789557457,0.4784068167209625
-0.0757313072681427,-0.10808377712965012,-0.04001697152853012,0.4666208326816559
-0.07234196364879608,-0.11590497195720673,-0.04139067977666855,0.45767414569854736
-0.07166676223278046,-0.12344877421855927,-0.04139861464500427,0.45389148592948914
-0.07175721228122711,-0.1299252212047577,-0.041050560772418976,0.4523617625236511
-0.07186390459537506,-0.13456301391124725,-0.04017055407166481,0.44858884811401367
-0.07178814709186554,-0.13813704252243042,-0.03954915329813957,0.44587090611457825
-0.07337184250354767,-0.137091264128685,-0.03845031559467316,0.4369906187057495
-0.07476918399333954,-0.13468003273010254,-0.038737863302230835,0.43100398778915405
-0.07876341044902802,-0.1302822083234787,-0.038687773048877716,0.4231969118118286
-0.08162960410118103,-0.12588074803352356,-0.03979620710015297,0.4186474680900574
-0.07637681066989899,-0.11994954943656921,-0.04147236794233322,0.3951597809791565
-0.07130332291126251,-0.114203542470932,-0.043643880635499954,0.3780156970024109
-0.07080069184303284,-0.10680457949638367,-0.044330380856990814,0.3671105206012726
-0.07077966630458832,-0.09959981590509415,-0.045442208647727966,0.36145031452178955
-0.07016530632972717,-0.0940624549984932,-0.04520042985677719,0.35739561915397644
-0.06957197189331055,-0.09034295380115509,-0.045486170798540115,0.35516268014907837
-0.06591483950614929,-0.08437778055667877,-0.043255165219306946,0.3439295291900635
-0.062374722212553024,-0.07786205410957336,-0.04249308630824089,0.3350062966346741
-0.05966930463910103,-0.0719243586063385,-0.038996122777462006,0.3308217525482178
-0.05789676681160927,-0.06735427677631378,-0.03719170764088631,0.32872962951660156
-0.05673814192414284,-0.06482701003551483,-0.032892659306526184,0.33299005031585693
-0.056597400456666946,-0.06371165812015533,-0.030595727264881134,0.33707281947135925
-0.055120717734098434,-0.06328297406435013,-0.02731400728225708,0.33730214834213257
-0.05384436622262001,-0.0631464421749115,-0.02590656653046608,0.3367204964160919
-0.050560835748910904,-0.06174270436167717,-0.02428496815264225,0.32706865668296814
-0.04745062068104744,-0.059735603630542755,-0.02392376773059368,0.3186575770378113
-0.046608101576566696,-0.056751564145088196,-0.025613419711589813,0.31147152185440063
-0.045728880912065506,-0.05365276709198952,-0.026879429817199707,0.30641692876815796
-0.04452171549201012,-0.05066424235701561,-0.0300038643181324,0.2935342788696289
-0.042420510202646255,-0.04802572727203369,-0.032058943063020706,0.2820829451084137
-0.04174191877245903,-0.04599109664559364,-0.035355545580387115,0.27006298303604126
-0.041415680199861526,-0.04579516500234604,-0.037731777876615524,0.26183778047561646
-0.04171760752797127,-0.047048091888427734,-0.038338351994752884,0.25990357995033264
-0.04114357754588127,-0.04961688071489334,-0.037373654544353485,0.25814762711524963
-0.04043589159846306,-0.0527435764670372,-0.0366574302315712,0.2564031481742859
-0.04087362810969353,-0.05600493773818016,-0.03527695685625076,0.25973421335220337
-0.043811049312353134,-0.05841812118887901,-0.03247600793838501,0.2794800102710724
-0.04754776135087013,-0.05965222418308258,-0.030667847022414207,0.2965348958969116
-0.04909117892384529,-0.060430146753787994,-0.030044976621866226,0.3024352192878723
-0.04987597092986107,-0.05953480303287506,-0.027506018057465553,0.30653685331344604
-0.04671618714928627,-0.05696331709623337,-0.02457863837480545,0.30138418078422546
-0.04321794584393501,-0.05434766039252281,-0.02353775128722191,0.2942407727241516
-0.04005323722958565,-0.051116593182086945,-0.022483695298433304,0.2856978476047516
-0.037644270807504654,-0.047564007341861725,-0.022443696856498718,0.27899131178855896
-0.0320742167532444,-0.04629231244325638,-0.02373230829834938,0.2487143725156784
-0.026429548859596252,-0.046780433505773544,-0.02488948404788971,0.21869191527366638
-0.02378178760409355,-0.04667991027235985,-0.02552841044962406,0.2002440094947815
-0.022261980921030045,-0.04595642909407616,-0.0258944109082222,0.1891496777534485
-0.021717648953199387,-0.04454246535897255,-0.02549409493803978,0.1834496557712555
-0.020323000848293304,-0.04222999885678291,-0.023696931079030037,0.17424514889717102
-0.01920759305357933,-0.04004225134849548,-0.023020878434181213,0.16673371195793152
-0.018900007009506226,-0.038520365953445435,-0.02300957404077053,0.1640099436044693
-0.0186242014169693,-0.03750623017549515,-0.021265581250190735,0.16063904762268066
-0.018331963568925858,-0.03686249256134033,-0.020417196676135063,0.15761038661003113
-0.017308536916971207,-0.0364408977329731,-0.01720571331679821,0.15554925799369812
-0.016515780240297318,-0.03628810495138168,-0.015337682329118252,0.15374800562858582
-0.015923071652650833,-0.03589734062552452,-0.012570708058774471,0.15864574909210205
-0.015502944588661194,-0.03555801510810852,-0.01062742155045271,0.1639849990606308
-0.01545434445142746,-0.03621658310294151,-0.009934579022228718,0.171240895986557
-0.01577848568558693,-0.03807474672794342,-0.00986567884683609,0.17901934683322906
-0.015833966434001923,-0.0402456596493721,-0.00945466011762619,0.18292462825775146
-0.01686018705368042,-0.0420219823718071,-0.009892846457660198,0.18994276225566864
-0.018020328134298325,-0.043378930538892746,-0.00998334027826786,0.19699954986572266
-0.018914807587862015,-0.044819772243499756,-0.009520512074232101,0.19882838428020477
-0.01943231374025345,-0.04618874564766884,-0.009398255497217178,0.1988709419965744
-0.019846267998218536,-0.04772889241576195,-0.009682990610599518,0.20092256367206573
-0.02045518532395363,-0.049293797463178635,-0.009827629663050175,0.20354408025741577
-0.02055177092552185,-0.05125615373253822,-0.009463568218052387,0.2046128809452057
-0.020802654325962067,-0.053220100700855255,-0.009396851994097233,0.20524241030216217
-0.02098594605922699,-0.05430939793586731,-0.008714936673641205,0.20865307748317719
-0.021498389542102814,-0.054777566343545914,-0.0082295136526227,0.2124878168106079
-0.022047996520996094,-0.05531492084264755,-0.0077744461596012115,0.21611779928207397
-0.02253350242972374,-0.05590125173330307,-0.007420480251312256,0.2188938707113266
-0.022576015442609787,-0.056653860956430435,-0.007358938455581665,0.21740707755088806
-0.02189064398407936,-0.05747666209936142,-0.007148426026105881,0.2144424319267273
-0.020627781748771667,-0.05797847360372543,-0.005607117898762226,0.20803551375865936
-0.018451694399118423,-0.05766388401389122,-0.0037956740707159042,0.19619108736515045
-0.016712483018636703,-0.056971121579408646,-0.0029923059046268463,0.18723945319652557
-0.01550205796957016,-0.056129828095436096,-0.0016532652080059052,0.18102478981018066
-0.014592476189136505,-0.05540602654218674,-0.0008720997720956802,0.17659902572631836
-0.013768598437309265,-0.054086558520793915,0.0015108603984117508,0.16819161176681519
-0.013240855187177658,-0.05254079028964043,0.0025637447834014893,0.160157710313797
-0.01269477978348732,-0.05153009667992592,0.0035731326788663864,0.14839668571949005
-0.01213131844997406,-0.051034897565841675,0.0038610845804214478,0.1374141275882721
-0.01197531446814537,-0.05083899945020676,0.0039008110761642456,0.13301709294319153
-0.012675505131483078,-0.05029716342687607,0.0042352136224508286,0.13045619428157806
-0.013265836983919144,-0.04966634511947632,0.0044502150267362595,0.12888777256011963
-0.013108823448419571,-0.0485573410987854,0.004536040127277374,0.12415711581707001
-0.012739859521389008,-0.047388073056936264,0.004601689055562019,0.11919031292200089
-0.012547630816698074,-0.046107884496450424,0.004919948056340218,0.11642733961343765
-0.01243024691939354,-0.044918257743120193,0.005172856152057648,0.11496080458164215
-0.01208464801311493,-0.04352712258696556,0.006184268742799759,0.1122363805770874
-0.011361278593540192,-0.041770268231630325,0.007801741361618042,0.11142370104789734
-0.011061828583478928,-0.04031173139810562,0.008707186207175255,0.11267346888780594
-0.010932102799415588,-0.03903507813811302,0.009723931550979614,0.11319197714328766
-0.010898679494857788,-0.03798924759030342,0.01029955968260765,0.11329562962055206
-0.010993532836437225,-0.03687760978937149,0.010762827470898628,0.1155223697423935
-0.011233992874622345,-0.035846587270498276,0.011032938957214355,0.11829955875873566
-0.011131282895803452,-0.034757234156131744,0.01168694905936718,0.11945401132106781
-0.011051777750253677,-0.03374650329351425,0.012061575427651405,0.1198391318321228
-0.011085428297519684,-0.03247295692563057,0.012872153893113136,0.11938886344432831
-0.011284563690423965,-0.031099718064069748,0.013219641521573067,0.11885388195514679
-0.011591415852308273,-0.02992275357246399,0.013111034408211708,0.1178896427154541
-0.011725708842277527,-0.028994616121053696,0.01300276629626751,0.11688128858804703
-0.012014344334602356,-0.027967654168605804,0.013089267536997795,0.11581601947546005
-0.012402363121509552,-0.026938237249851227,0.012999432161450386,0.11517241597175598
-0.012744378298521042,-0.02621961385011673,0.012869419530034065,0.11460620164871216
-0.013081461191177368,-0.025755997747182846,0.01267639733850956,0.11422637850046158
-0.013262096792459488,-0.025450434535741806,0.012562988325953484,0.11408655345439911
-0.01359318196773529,-0.025359999388456345,0.012275667861104012,0.1126919686794281
-0.014637377113103867,-0.024862322956323624,0.011294176802039146,0.10756964981555939
-0.015307173132896423,-0.024037037044763565,0.010545492172241211,0.10264812409877777
-0.01564919948577881,-0.023393826559185982,0.009841183200478554,0.0982460081577301
-0.015878424048423767,-0.022973142564296722,0.009333906695246696,0.09480985254049301
-0.015845760703086853,-0.02262001857161522,0.008942218497395515,0.08961373567581177
-0.015872303396463394,-0.022308876737952232,0.008539974689483643,0.08466265350580215
-0.015812784433364868,-0.021615348756313324,0.008232500404119492,0.08224038779735565
-0.015790041536092758,-0.020711474120616913,0.008065734058618546,0.0811798945069313
-0.01593705639243126,-0.020531535148620605,0.006936907768249512,0.0795130580663681
-0.01593412086367607,-0.020923830568790436,0.006315706297755241,0.07768197357654572
-0.015235740691423416,-0.0214503463357687,0.006327064707875252,0.07608514279127121
-0.013918060809373856,-0.022098667919635773,0.0063516441732645035,0.0744958221912384
-0.013018276542425156,-0.02270539104938507,0.00647491030395031,0.0733983963727951
-0.011516869068145752,-0.023605993017554283,0.007004452869296074,0.06919786334037781
-0.010391805320978165,-0.02464413270354271,0.007235918194055557,0.06443551927804947
-0.008775737136602402,-0.025881268084049225,0.007384965196251869,0.06339653581380844
-0.007745862007141113,-0.02712755650281906,0.0074648987501859665,0.06377303600311279
-0.006331507116556168,-0.027933381497859955,0.008164776489138603,0.06243490055203438
-0.00541527196764946,-0.02836553007364273,0.008467692881822586,0.060735661536455154
-0.004238396883010864,-0.02873196080327034,0.008369294926524162,0.061166439205408096
-0.0035373717546463013,-0.02904948592185974,0.008254194632172585,0.06226619333028793
-0.00269254669547081,-0.0292348749935627,0.008359665051102638,0.063130222260952
-0.0020861849188804626,-0.02931162342429161,0.008425712585449219,0.06375065445899963
-0.001722976565361023,-0.02941247820854187,0.008838415145874023,0.06234636530280113
-0.001495368778705597,-0.029491078108549118,0.008936284109950066,0.060678817331790924
-0.001626867800951004,-0.02935051918029785,0.009267712011933327,0.05922513082623482
-0.0017108805477619171,-0.029073793441057205,0.009384330362081528,0.05815140902996063
-0.0017937421798706055,-0.028942327946424484,0.010013168677687645,0.05761922150850296
-0.0017706528306007385,-0.029033925384283066,0.01121496967971325,0.056043948978185654
-0.0018119700253009796,-0.02917979285120964,0.011697644367814064,0.054482024163007736
-0.0020135827362537384,-0.02906186878681183,0.012800456956028938,0.054795924574136734
-0.0021927878260612488,-0.028773508965969086,0.013506816700100899,0.0555804967880249
-0.0018364079296588898,-0.02846982702612877,0.013735497370362282,0.05664665251970291
-0.0015669465065002441,-0.028206717222929,0.013850359246134758,0.05761067941784859
-0.001626286655664444,-0.028080247342586517,0.014080880209803581,0.05727098882198334
-0.0016716569662094116,-0.028029371052980423,0.014150364324450493,0.05664604902267456
-0.0016122758388519287,-0.02757105976343155,0.0150566715747118,0.054685354232788086
-0.0015765689313411713,-0.02683020383119583,0.015529217198491096,0.052612222731113434
-0.0018161721527576447,-0.025829695165157318,0.01570877619087696,0.05179785192012787
-0.0020024217665195465,-0.02475736290216446,0.01576182432472706,0.051612239331007004
-0.0024714097380638123,-0.023655002936720848,0.015713931992650032,0.05061895400285721
-0.0028230100870132446,-0.02259795181453228,0.015561195090413094,0.04960236698389053
-0.0031421706080436707,-0.02158522792160511,0.015219105407595634,0.04709889739751816
-0.003404460847377777,-0.020647132769227028,0.014849191531538963,0.0446404367685318
-0.004103861749172211,-0.019824858754873276,0.014440307393670082,0.0422343984246254
-0.004560012370347977,-0.019122563302516937,0.01414952240884304,0.04025094211101532
-0.00524415448307991,-0.018699873238801956,0.01320185698568821,0.03881356865167618
-0.0056957826018333435,-0.01851923018693924,0.012264804914593697,0.03688577935099602
-0.0058167800307273865,-0.018401823937892914,0.011828696355223656,0.03545922413468361
-0.005715515464544296,-0.01825999841094017,0.010800324380397797,0.033929578959941864
-0.0055791400372982025,-0.018099486827850342,0.010197879746556282,0.032547976821660995
-0.0054365284740924835,-0.018090806901454926,0.009850630536675453,0.031141653656959534
-0.005402021110057831,-0.018159326165914536,0.009617270901799202,0.030033588409423828
-0.005436170846223831,-0.01831970550119877,0.009181788191199303,0.031002577394247055
-0.005332913249731064,-0.018521396443247795,0.00907120481133461,0.032227497547864914
-0.005476005375385284,-0.01904543675482273,0.008222784847021103,0.03164589777588844
-0.0055645667016506195,-0.019739897921681404,0.007634483277797699,0.030593141913414
-0.005830049514770508,-0.02027144655585289,0.0074227917939424515,0.027096427977085114
-0.006118264049291611,-0.020581025630235672,0.007134484127163887,0.023618582636117935
-0.006208453327417374,-0.020639032125473022,0.007311573252081871,0.021523509174585342
-0.0063669681549072266,-0.020525000989437103,0.007301945239305496,0.020387303084135056
-0.00664081797003746,-0.02004670724272728,0.007146526128053665,0.019232094287872314
-0.006912559270858765,-0.01938071846961975,0.006969621405005455,0.018274348229169846
-0.007195301353931427,-0.018758973106741905,0.006677387282252312,0.018006548285484314
-0.007357988506555557,-0.01822952926158905,0.006484318524599075,0.01799732819199562
-0.007876519113779068,-0.017798755317926407,0.006875267252326012,0.017451293766498566
-0.008396890014410019,-0.017431415617465973,0.006980942562222481,0.01693451777100563
-0.008775092661380768,-0.016984188929200172,0.007174313068389893,0.016559667885303497
-0.008998565375804901,-0.01650029793381691,0.00725795142352581,0.016273420304059982
-0.00933164730668068,-0.015846120193600655,0.007505133748054504,0.015385739505290985
-0.00961647555232048,-0.01513648871332407,0.007599076256155968,0.014530062675476074
-0.008924447000026703,-0.014651564881205559,0.008068686351180077,0.01477023959159851
-0.008405469357967377,-0.014343462884426117,0.008318306878209114,0.015253085643053055
-0.007392913103103638,-0.014340311288833618,0.008502418175339699,0.017497006803750992
-0.006697364151477814,-0.014521056786179543,0.008661888539791107,0.019757304340600967
-0.006052516400814056,-0.014710151590406895,0.008869331330060959,0.021559204906225204
-0.005643587559461594,-0.014877596870064735,0.009029773995280266,0.022814840078353882
-0.005400951951742172,-0.015163080766797066,0.009107301011681557,0.024064138531684875
-0.005227807909250259,-0.015536271035671234,0.0092026237398386,0.025077592581510544
-0.004651390016078949,-0.015897326171398163,0.009624127298593521,0.024966727942228317
-0.004303433001041412,-0.016218258067965508,0.00989970937371254,0.024417035281658173
-0.0039945244789123535,-0.016422759741544724,0.010618722066283226,0.024108227342367172
-0.0035009384155273438,-0.016564706340432167,0.011156301945447922,0.024382390081882477
-0.003248967230319977,-0.016713842749595642,0.011385342106223106,0.02480379492044449
-0.003193788230419159,-0.01684928685426712,0.011471027508378029,0.024980738759040833
-0.0030396096408367157,-0.016727345064282417,0.011393425986170769,0.025328341871500015
-0.0028751492500305176,-0.016438879072666168,0.011340392753481865,0.025711502879858017
-0.0025801435112953186,-0.016336796805262566,0.0109744593501091,0.024958860129117966
-0.002413492649793625,-0.01637423411011696,0.010644439607858658,0.024061884731054306
-0.002630874514579773,-0.016114594414830208,0.010869301855564117,0.022069085389375687
-0.002892918884754181,-0.01565442979335785,0.010937007144093513,0.02020581066608429
-0.0026210471987724304,-0.015040823258459568,0.011288652196526527,0.019383419305086136
-0.0020222216844558716,-0.014231758192181587,0.011671977117657661,0.019420761615037918
-0.0016868151724338531,-0.013512637466192245,0.011911863461136818,0.019704606384038925
-0.0016955696046352386,-0.01286860927939415,0.011566461995244026,0.020129255950450897
-0.0017134658992290497,-0.01231524907052517,0.011345049366354942,0.02055995911359787
-0.0016453415155410767,-0.011976768262684345,0.011056674644351006,0.020329050719738007
-0.0015464946627616882,-0.011799631640315056,0.010906929150223732,0.019872799515724182
-0.0018634088337421417,-0.011784904636442661,0.011045027524232864,0.018617987632751465
-0.0021679475903511047,-0.01186143234372139,0.011103890836238861,0.01732131838798523
-0.002081826329231262,-0.01204170286655426,0.01144442893564701,0.016940798610448837
-0.001983869820833206,-0.012273455038666725,0.011720975860953331,0.01685575768351555
-0.0016245655715465546,-0.012404750101268291,0.012056833133101463,0.0167011097073555
-0.0014006979763507843,-0.0124310702085495,0.012195562943816185,0.01657800003886223
-0.001357097178697586,-0.012171611189842224,0.011884788051247597,0.016726940870285034
-0.0013416558504104614,-0.011757493019104004,0.011688357219099998,0.016963332891464233
-0.0009137354791164398,-0.011155332438647747,0.011483071371912956,0.01755041629076004
-0.0005574896931648254,-0.010143278166651726,0.011608926579356194,0.017796341329813004
-0.0004729032516479492,-0.009104813449084759,0.011728694662451744,0.017644327133893967
-0.0006446726620197296,-0.008372404612600803,0.011815795674920082,0.017390739172697067
-0.0007953830063343048,-0.007874616421759129,0.01181177981197834,0.017165537923574448
-0.0011456385254859924,-0.007605663500726223,0.01219463162124157,0.016107864677906036
-0.0014704354107379913,-0.007478958461433649,0.012366028502583504,0.014959156513214111
-0.0018637552857398987,-0.0071999868378043175,0.01267489604651928,0.013658054172992706
-0.0021933242678642273,-0.0068104565143585205,0.012787537649273872,0.012575898319482803
-0.0020450055599212646,-0.006377978250384331,0.012863727286458015,0.012442994862794876
-0.0018693692982196808,-0.00594320148229599,0.012936500832438469,0.01252942904829979
-0.001115795224905014,-0.005453404970467091,0.013211021199822426,0.01348811760544777
-0.0005589444190263748,-0.004930857103317976,0.013368172571063042,0.014591101557016373
-0.00010608695447444916,-0.004556071013212204,0.013521300628781319,0.0156652070581913
0.0001467932015657425,-0.004281825385987759,0.013538477942347527,0.01661181077361107
0.0004459209740161896,-0.004047017078846693,0.013531284406781197,0.01754668354988098
0.0005958676338195801,-0.0038528931327164173,0.013556042686104774,0.01830410584807396
0.0008914582431316376,-0.0037892688997089863,0.013397758826613426,0.01903873309493065
0.0011355690658092499,-0.003829161636531353,0.013399424031376839,0.019500236958265305
0.001173345372080803,-0.0038637416437268257,0.01323770172894001,0.018082261085510254
0.0011119712144136429,-0.003887027967721224,0.013098860159516335,0.016243629157543182
0.0011343453079462051,-0.0038386574015021324,0.012865347787737846,0.015210539102554321
0.0011465419083833694,-0.0037402971647679806,0.012736132368445396,0.014605995267629623
0.0009981505572795868,-0.003432012628763914,0.012303618714213371,0.014451075345277786
0.0009115654975175858,-0.003010956570506096,0.012059485539793968,0.014453087002038956
0.0010156501084566116,-0.002599078230559826,0.011845527216792107,0.014418013393878937
0.0010937973856925964,-0.002247313968837261,0.011750096455216408,0.01436055451631546
0.0012075696140527725,-0.0018884181044995785,0.011705966666340828,0.01478554680943489
0.0012738239020109177,-0.0015543210320174694,0.01169552095234394,0.015379771590232849
0.001581745222210884,-0.0013301894068717957,0.011819692328572273,0.01612827554345131
0.0018147006630897522,-0.0011895801872015,0.011893579736351967,0.016840152442455292
0.002099446952342987,-0.001495114527642727,0.012207923457026482,0.01627926528453827
0.0022812411189079285,-0.0020438632927834988,0.012302955612540245,0.015434440225362778
0.002819642424583435,-0.00261927442625165,0.012245113030076027,0.015728410333395004
0.003517633303999901,-0.003164891619235277,0.012459715828299522,0.016543399542570114
0.003947338089346886,-0.003559182398021221,0.012656433507800102,0.017014499753713608
0.004534931853413582,-0.0038814526051282883,0.013031436130404472,0.017527543008327484
0.004961296916007996,-0.004148141480982304,0.013317758217453957,0.017906583845615387
0.005099140107631683,-0.004523464944213629,0.013903697952628136,0.01802590861916542
0.005122736096382141,-0.004933214280754328,0.014255603775382042,0.01799289882183075
0.005140390247106552,-0.0051255966536700726,0.014204738661646843,0.01812664419412613
0.005140824243426323,-0.005145617760717869,0.014127349480986595,0.018349267542362213
0.005252894014120102,-0.005052104126662016,0.013988865539431572,0.0188441202044487
0.0053520724177360535,-0.00490491883829236,0.013944322243332863,0.0192936509847641
0.005618365481495857,-0.00458869244903326,0.013876652345061302,0.019191522151231766
0.005791379138827324,-0.004186222329735756,0.013845933601260185,0.01884421333670616
0.005980648100376129,-0.0035577001981437206,0.013406114652752876,0.01763075217604637
0.00646618939936161,-0.0025895284488797188,0.012884927913546562,0.01631418988108635
0.006815554574131966,-0.0016511138528585434,0.012691149488091469,0.01571892946958542
0.00694560632109642,-0.0009825173765420914,0.012636495754122734,0.015481892973184586
0.00708552822470665,-0.0005534635856747627,0.012485390529036522,0.015211369842290878
0.00690162368118763,-0.00020108744502067566,0.012093780562281609,0.013792932033538818
0.006679702550172806,0.00010285712778568268,0.01183282770216465,0.012335792183876038
0.006485996767878532,0.0005961302667856216,0.01163567416369915,0.011958140879869461
0.006423532962799072,0.0012244237586855888,0.011454334482550621,0.012151528149843216
0.006378248333930969,0.0015900544822216034,0.011507181450724602,0.013834428042173386
0.006481971591711044,0.001732097938656807,0.011623894795775414,0.015664249658584595
0.006821475923061371,0.0013829832896590233,0.012485204264521599,0.016760125756263733
0.007024064660072327,0.0007394710555672646,0.013047637417912483,0.017354432493448257
0.007337559014558792,0.00016222335398197174,0.01336599700152874,0.01899588853120804
0.007524870336055756,-0.0002833772450685501,0.013572478666901588,0.020752672106027603
0.007865933701395988,-0.0005517201498150826,0.013452103361487389,0.021314330399036407
0.008128061890602112,-0.0006915843114256859,0.013375015929341316,0.021313276141881943
0.008304325863718987,-0.0007188655436038971,0.013335255905985832,0.020751096308231354
0.008399227634072304,-0.0006892913952469826,0.013303952291607857,0.020128026604652405
0.0082956962287426,-0.000811263918876648,0.013428891077637672,0.018559172749519348
0.008157281205058098,-0.0010672574862837791,0.013492615893483162,0.016934670507907867
0.008145391941070557,-0.001403976697474718,0.013520123437047005,0.0161920003592968
0.007816672325134277,-0.0017672544345259666,0.01362081803381443,0.015574097633361816
0.007547361776232719,-0.0020433617755770683,0.013624845072627068,0.015180706977844238
0.00714828260242939,-0.002061449456959963,0.01375771127641201,0.014805719256401062
0.006867261603474617,-0.0019020186737179756,0.013791071251034737,0.014555022120475769
0.00660710409283638,-0.0016994993202388287,0.013716084882616997,0.014358535408973694
0.006472038105130196,-0.0015267916023731232,0.01369631476700306,0.014187309890985489
0.006405165418982506,-0.0015627234242856503,0.013658521696925163,0.014453686773777008
0.006360361352562904,-0.0017360658384859562,0.013625672087073326,0.014856375753879547
0.006416616961359978,-0.0017669550143182278,0.01341366209089756,0.01548817753791809
0.006458017975091934,-0.0016618892550468445,0.013293160125613213,0.01607995107769966
0.006745157763361931,-0.0013212533667683601,0.013335952535271645,0.016640711575746536
0.006956206634640694,-0.0008391113951802254,0.013369699940085411,0.01712077111005783
0.006795462220907211,-0.00024076830595731735,0.013168225064873695,0.01799555867910385
0.0066939834505319595,0.00037060026079416275,0.013049518689513206,0.018913771957159042
0.006471475586295128,0.0008495524525642395,0.01316150464117527,0.018900439143180847
0.0062655676156282425,0.001199738122522831,0.013207590207457542,0.018574446439743042
0.006293529644608498,0.0013174787163734436,0.01296108029782772,0.018109716475009918
0.006358783692121506,0.001289638690650463,0.012808097526431084,0.01763366535305977
0.006292823702096939,0.00113757885992527,0.012659242376685143,0.016378171741962433
0.006274547427892685,0.0009150225669145584,0.01257292740046978,0.015043206512928009
0.005965828895568848,0.0008061649277806282,0.012381618842482567,0.01339055597782135
0.005747606977820396,0.00080097746104002,0.012233348563313484,0.011916045099496841
0.005915984511375427,0.0009300420060753822,0.011927137151360512,0.011106260120868683
0.00609569251537323,0.0011299336329102516,0.011786768212914467,0.010588251054286957
0.006363138556480408,0.0013046720996499062,0.011894794180989265,0.009367801249027252
0.006467418745160103,0.0014290669932961464,0.011983828619122505,0.008047372102737427
0.006964776664972305,0.0014840690419077873,0.01210220716893673,0.0072690993547439575
0.007382644340395927,0.0014958716928958893,0.012214181944727898,0.006757702678442001
0.00775597058236599,0.001428757794201374,0.012368952855467796,0.006762765347957611
0.007980817928910255,0.0013002771884202957,0.012497244402766228,0.006924707442522049
0.007837681099772453,0.0010584453120827675,0.012580974027514458,0.006547033786773682
0.007683388888835907,0.0007380414754152298,0.012623840942978859,0.006072238087654114
0.007560562342405319,0.0005623875185847282,0.012506822124123573,0.005183011293411255
0.007511233910918236,0.0005157450214028358,0.01245083101093769,0.0042754486203193665
0.0076425932347774506,0.0006789444014430046,0.012455673888325691,0.0030572786927223206
0.0077413469552993774,0.000984623096883297,0.012452566996216774,0.0019315630197525024
0.008036687970161438,0.0012937719002366066,0.012464838102459908,0.0012456774711608887
0.008243411779403687,0.0015701176598668098,0.012497873976826668,0.0007871538400650024
0.008117863908410072,0.0018565719947218895,0.012822696939110756,0.0008906945586204529
0.007962316274642944,0.002143852412700653,0.01298137940466404,0.0012538433074951172
0.008030809462070465,0.002380075864493847,0.0132072102278471,0.0015067905187606812
0.008059902116656303,0.0025627203285694122,0.01335950754582882,0.0016127973794937134
0.007882215082645416,0.002735363319516182,0.013353271409869194,0.001986108720302582
0.008051315322518349,0.002857164479792118,0.01307615451514721,0.0026235729455947876
0.008283091709017754,0.0029268665239214897,0.012919256463646889,0.003071613609790802
0.008730264380574226,0.0031553609296679497,0.012512961402535439,0.004588201642036438
0.009082971140742302,0.0035184351727366447,0.01227695681154728,0.006285663694143295
0.009043710306286812,0.003813079558312893,0.012344395741820335,0.0066323913633823395
0.008949514478445053,0.003990714438259602,0.012442788109183311,0.006395753473043442
0.008772090077400208,0.004052755422890186,0.012613506987690926,0.0065169185400009155
0.008653942495584488,0.004031915217638016,0.012734496966004372,0.00677863135933876
0.008376531302928925,0.003974077291786671,0.012827130034565926,0.006673205643892288
0.008204316720366478,0.0038937795907258987,0.01284089870750904,0.006516199558973312
0.00800841860473156,0.003752409480512142,0.01313573308289051,0.006177179515361786
0.007853591814637184,0.003569941967725754,0.013295667245984077,0.005884245038032532
0.007999854162335396,0.003327452577650547,0.013386933133006096,0.006919536739587784
0.008166614919900894,0.0030614249408245087,0.013489773496985435,0.008231103420257568
0.008336419239640236,0.0028472598642110825,0.01362820528447628,0.009066890925168991
0.008442811667919159,0.0026860078796744347,0.013745659962296486,0.009540684521198273
0.008654657751321793,0.0025502126663923264,0.013772828504443169,0.009436260908842087
0.008790148422122002,0.0024497760459780693,0.013764305040240288,0.009140893816947937
0.008782990276813507,0.002503826282918453,0.013856196776032448,0.009161476045846939
0.008776042610406876,0.0026673441752791405,0.01390715129673481,0.009326573461294174
0.00876719318330288,0.002901040017604828,0.014023220166563988,0.009298406541347504
0.008539143949747086,0.0031077396124601364,0.014085283502936363,0.0084514319896698
0.008352590724825859,0.0032090172171592712,0.014044193550944328,0.007562447339296341
0.008280428126454353,0.0032601170241832733,0.01401902548968792,0.007194481790065765
0.008329100906848907,0.003295477479696274,0.014105265960097313,0.00722121074795723
0.008366640657186508,0.0033272728323936462,0.01415477879345417,0.00737549364566803
0.008391764014959335,0.0033426573500037193,0.014224717393517494,0.007358264178037643
0.008487187325954437,0.003330528736114502,0.014271436259150505,0.007087644189596176
0.008537866175174713,0.003299410454928875,0.014284731820225716,0.006804723292589188
0.008542915806174278,0.003266804851591587,0.014287641271948814,0.0066792331635952
0.00868140533566475,0.003293043002486229,0.014265595003962517,0.006547149270772934
0.008809160441160202,0.0033635515719652176,0.014273887500166893,0.006395664066076279
0.008949493989348412,0.003479190170764923,0.014231575652956963,0.006646156311035156
0.009052706882357597,0.003622831776738167,0.01421857438981533,0.006986670196056366
0.009143203496932983,0.0037875212728977203,0.014293501153588295,0.00711725652217865
0.009477881714701653,0.00392512883991003,0.0142758097499609,0.007514052093029022
0.009723849594593048,0.004007177427411079,0.014277560636401176,0.007903754711151123
0.009840575978159904,0.004178709350526333,0.01447363756597042,0.008527174592018127
0.009883608669042587,0.004419280216097832,0.014583626762032509,0.009150750935077667
0.009928122162818909,0.004599547013640404,0.014666581526398659,0.009486295282840729
0.0099526047706604,0.004710637032985687,0.014713352546095848,0.009669378399848938
0.010367825627326965,0.004685336723923683,0.01445874385535717,0.009364955127239227
0.010718464851379395,0.0045641399919986725,0.014374086633324623,0.008842069655656815
0.0107977744191885,0.00442616268992424,0.014489753171801567,0.00892118364572525
0.010821729898452759,0.004296952858567238,0.014582136645913124,0.009236283600330353
0.011109033599495888,0.004184458404779434,0.014506043866276741,0.009285345673561096
0.011464182287454605,0.004150304943323135,0.014383712783455849,0.008935093879699707
0.011607782915234566,0.0041830940172076225,0.01434292085468769,0.00858519971370697
0.011843333020806313,0.004246940836310387,0.014173416420817375,0.009435553103685379
0.012044832110404968,0.004343503154814243,0.014110075309872627,0.010559439659118652
0.012043565511703491,0.004496603272855282,0.014120114967226982,0.011437974870204926
0.01198652759194374,0.004669486545026302,0.014116639271378517,0.012134920805692673
0.011807721108198166,0.004807634279131889,0.01402159221470356,0.013555750250816345
0.011682135984301567,0.00488943699747324,0.013997836038470268,0.015057019889354706
0.011602504178881645,0.0049217939376831055,0.014033285900950432,0.015227135270833969
0.011535011231899261,0.004894118756055832,0.013886874541640282,0.014988522976636887
0.011546585708856583,0.004825686104595661,0.013803748413920403,0.014957211911678314
0.011579912155866623,0.0047526890411973,0.01380339078605175,0.014954261481761932
0.011565519496798515,0.004714882932603359,0.013853782787919044,0.015082430094480515
0.011592855677008629,0.004707116633653641,0.013878298923373222,0.015291746705770493
0.011629974469542503,0.004703253507614136,0.013889661058783531,0.015409089624881744
0.011707393452525139,0.004701260477304459,0.013881487771868706,0.015496160835027695
0.011765286326408386,0.0047019897028803825,0.01388288103044033,0.015550363808870316
0.011786533519625664,0.004703870974481106,0.013885220512747765,0.015567343682050705
0.011807281523942947,0.004696117714047432,0.013900337740778923,0.015540920197963715
0.011814383789896965,0.0046816375106573105,0.013908149674534798,0.01550326868891716
0.011788016185164452,0.004675204865634441,0.013930091634392738,0.015472721308469772
0.011765595525503159,0.00467512384057045,0.013937553390860558,0.01546023041009903
0.011763012036681175,0.004682774655520916,0.013938641175627708,0.015475556254386902
0.011764135211706161,0.004696211777627468,0.01393791101872921,0.015494860708713531
0.011764565482735634,0.004707670770585537,0.013936145231127739,0.015504024922847748
0.011764777824282646,0.004715984687209129,0.013934822753071785,0.015507925301790237
0.011764837428927422,0.004721843637526035,0.013933973386883736,0.015509258955717087
0.011764850467443466,0.004725874401628971,0.013933414593338966,0.015509694814682007
0.01176484301686287,0.004728629253804684,0.013933053240180016,0.01550981029868126
0.01176484301686287,0.004730505868792534,0.013932811096310616,0.015509840101003647
0.01176484301686287,0.004731757566332817,0.013932665809988976,0.015509843826293945
0.01176530309021473,0.004732302390038967,0.013932982459664345,0.015508398413658142
0.011765813454985619,0.004732293076813221,0.01393335871398449,0.01550649106502533
0.011766042560338974,0.004732164554297924,0.0139335747808218,0.015505582094192505
0.011766120791435242,0.004732026718556881,0.013933667913079262,0.015505250543355942
0.011766873300075531,0.004731880500912666,0.013934360817074776,0.015503063797950745
0.011770514771342278,0.004726202227175236,0.013941863551735878,0.01550741121172905
0.011772412806749344,0.004715681076049805,0.013947738334536552,0.015514947474002838
0.01176428608596325,0.004696805030107498,0.013955606147646904,0.01537717878818512
0.0117621049284935,0.004672466777265072,0.013958452269434929,0.015208803117275238
0.011770933866500854,0.004664522595703602,0.013971144333481789,0.015156611800193787
0.011778170242905617,0.004673724062740803,0.013981619849801064,0.015144981443881989
0.011757256463170052,0.004723185673356056,0.013949049636721611,0.015086501836776733
0.011745493859052658,0.004796425811946392,0.013934550806879997,0.01500752940773964
0.01174798235297203,0.00487652700394392,0.01393362320959568,0.01516370102763176
0.011758135631680489,0.0049498798325657845,0.01394546590745449,0.015390776097774506
0.011782003566622734,0.0050071049481630325,0.013925077393651009,0.015481814742088318
0.011805439367890358,0.005049553699791431,0.013917999342083931,0.015493351966142654
0.01181141845881939,0.005111653357744217,0.013882411643862724,0.015446469187736511
0.011813580989837646,0.005183558911085129,0.013878514990210533,0.015354271978139877
0.01186441071331501,0.005273365415632725,0.013816962018609047,0.015601228922605515
0.011895108968019485,0.005365149118006229,0.013790836557745934,0.015935447067022324
0.011924797669053078,0.005438062362372875,0.013819636777043343,0.016103588044643402
0.01194390282034874,0.005484366789460182,0.01383923552930355,0.01619584858417511
0.011946849524974823,0.005478041246533394,0.01378362812101841,0.015969008207321167
0.012027814984321594,0.005442524328827858,0.013762770220637321,0.015729833394289017
0.012079108506441116,0.005412530153989792,0.01377844624221325,0.01566031202673912
0.011922042816877365,0.005402021110057831,0.013862403109669685,0.01471402496099472
0.011772224679589272,0.005396286025643349,0.013881111517548561,0.013628825545310974
0.011758217588067055,0.005382128991186619,0.013928664848208427,0.01302158460021019
0.011773206293582916,0.005355416797101498,0.013989845290780067,0.012640107423067093
0.011774716898798943,0.005323645658791065,0.014025276526808739,0.012478146702051163
0.01189425028860569,0.00523949321359396,0.014075381681323051,0.01217472180724144
0.011981096118688583,0.005124121904373169,0.014105340465903282,0.011825911700725555
0.012085923925042152,0.00498335063457489,0.014298396185040474,0.01125451922416687
0.01213088445365429,0.004826653748750687,0.014419788494706154,0.010715436190366745
0.011892152950167656,0.004797809757292271,0.01471036858856678,0.009934373199939728
0.01166362501680851,0.004864370450377464,0.014846106991171837,0.00922410935163498
0.011593488976359367,0.004987694323062897,0.014840738847851753,0.009574614465236664
0.01159822940826416,0.005163764581084251,0.014790879562497139,0.010266788303852081
0.011665236204862595,0.005309169180691242,0.0148086529225111,0.01005484163761139
0.011707942932844162,0.005405370146036148,0.014848088845610619,0.009476486593484879
0.011996429413557053,0.005468429997563362,0.014683244749903679,0.0094706229865551
0.012349065393209457,0.005534732714295387,0.014569634571671486,0.010049212723970413
0.012529103085398674,0.005607967264950275,0.014543814584612846,0.010606702417135239
0.012594854459166527,0.005698914639651775,0.014601772651076317,0.010896258056163788
0.01260346919298172,0.005798329599201679,0.014621863141655922,0.01106230542063713
0.012669045478105545,0.005889836698770523,0.01464265026152134,0.01121484860777855
0.012720555067062378,0.005977807566523552,0.014648964628577232,0.011324677616357803
0.012728242203593254,0.006062636151909828,0.014669755473732948,0.011412404477596283
0.012729724869132042,0.006137318909168243,0.014683583751320839,0.011482492089271545
0.01272183284163475,0.006192164495587349,0.01469472236931324,0.01153506338596344
0.01271747425198555,0.0062288763001561165,0.014698212966322899,0.01157766580581665
0.012717485427856445,0.0062525589019060135,0.014698008075356483,0.01159648597240448
0.012718059122562408,0.006267671473324299,0.014697419479489326,0.011603262275457382
0.012713020667433739,0.006279543042182922,0.014704929664731026,0.011610150337219238
0.012708490714430809,0.00628917571157217,0.01470891572535038,0.011618122458457947
0.01272091269493103,0.006292909383773804,0.014704989269375801,0.011624898761510849
0.01273106038570404,0.006293660961091518,0.014704393222928047,0.011624496430158615
0.012734098359942436,0.006294429302215576,0.014704493805766106,0.011622563004493713
0.0127350352704525,0.006294860504567623,0.014684034511446953,0.01156274601817131
0.012732258066534996,0.006295235827565193,0.014669077470898628,0.011491034179925919
0.012652885168790817,0.006317716091871262,0.014698119834065437,0.011569257825613022
0.012577880173921585,0.006358682177960873,0.014696316793560982,0.011718474328517914
0.012679891660809517,0.00639386847615242,0.014555351808667183,0.01215338334441185
0.012785155326128006,0.006433096714317799,0.014472266659140587,0.012592356652021408
0.012994073331356049,0.006391745060682297,0.01449221558868885,0.013043172657489777
0.013177743181586266,0.006297102198004723,0.01451864279806614,0.013430941849946976
0.013065382838249207,0.006333296187222004,0.014618104323744774,0.013284757733345032
0.012924864888191223,0.006465288810431957,0.014650961384177208,0.01298408955335617
0.012883773073554039,0.006554099731147289,0.014604208990931511,0.012290801852941513
0.012754034250974655,0.006561296992003918,0.014422314241528511,0.011772681027650833
0.012665601447224617,0.006523921154439449,0.014275649562478065,0.011758767068386078
0.013025335967540741,0.006324809044599533,0.013491755351424217,0.011595632880926132
0.013385763391852379,0.00601925328373909,0.013119811192154884,0.011195443570613861
0.013685142621397972,0.005553591996431351,0.012729017063975334,0.0111519955098629
0.01388913206756115,0.004995731636881828,0.01255968026816845,0.011262007057666779
0.013987021520733833,0.004550028592348099,0.012575207278132439,0.011238664388656616
0.014019982889294624,0.00422969926148653,0.012602316215634346,0.011174365878105164
0.014056602492928505,0.0039899228140711784,0.012643234804272652,0.01106928288936615
0.014077764004468918,0.0038020052015781403,0.01268058829009533,0.010962873697280884
0.014083357527852058,0.0036666709929704666,0.012719152495265007,0.010901164263486862
0.01408340409398079,0.0035722432658076286,0.01274305023252964,0.010865665972232819
0.014078151434659958,0.0035060858353972435,0.0127288568764925,0.01086924597620964
0.014071006327867508,0.0034608012065291405,0.012710174545645714,0.010875880718231201
0.014066580682992935,0.0034311600029468536,0.012703770771622658,0.01086818054318428
0.014105524867773056,0.0033854926005005836,0.012650078162550926,0.01087060198187828
0.014144595712423325,0.0033264849334955215,0.012631157413125038,0.010862760245800018
0.01414506696164608,0.003282703459262848,0.012646393850445747,0.010736051946878433
0.014131659641861916,0.003254774957895279,0.012650890275835991,0.010595519095659256
0.014152465388178825,0.003221857361495495,0.012610824778676033,0.0106617771089077
0.01418294571340084,0.0031884480267763138,0.01259162463247776,0.010783415287733078
0.014216829091310501,0.0031394436955451965,0.012551901862025261,0.010755039751529694
0.01424318552017212,0.0030785314738750458,0.012532608583569527,0.010670222342014313
0.014210671186447144,0.0030281972140073776,0.012568755075335503,0.01049795001745224
0.014171261340379715,0.0029854215681552887,0.012591386213898659,0.010338172316551208
0.014153307303786278,0.002950112335383892,0.012601012364029884,0.010274827480316162
0.014161000028252602,0.0029335180297493935,0.012536628171801567,0.010467156767845154
0.0141122005879879,0.00291556678712368,0.012565767392516136,0.010721851140260696
0.014070810750126839,0.0028857439756393433,0.012594832107424736,0.010854151099920273
0.0140251275151968,0.002893858589231968,0.012607263401150703,0.010970983654260635
0.014000264927744865,0.002944044768810272,0.01259526051580906,0.011071208864450455
0.013929665088653564,0.003008756786584854,0.012668503448367119,0.011087402701377869
0.013867203146219254,0.0030731279402971268,0.012709317728877068,0.01107841357588768
0.013797629624605179,0.0031143799424171448,0.012765409424901009,0.011035211384296417
0.01366456225514412,0.003138612024486065,0.012797562405467033,0.010982878506183624
0.013570792973041534,0.0031675994396209717,0.012767599895596504,0.010987810790538788
0.013466760516166687,0.0031867381185293198,0.012858258560299873,0.010911699384450912
0.013395244255661964,0.0031926780939102173,0.012912338599562645,0.010830622166395187
0.013359606266021729,0.0030623264610767365,0.012738185003399849,0.01091890037059784
0.013363173231482506,0.0028358278796076775,0.012634595856070518,0.0110648013651371
0.013283936306834221,0.002742951735854149,0.012624213472008705,0.010701444000005722
0.013202192261815071,0.0027604717761278152,0.012626847252249718,0.010213211178779602
0.013251889497041702,0.0026938393712043762,0.01266602985560894,0.009897537529468536
0.01331067830324173,0.0024502184242010117,0.01273706741631031,0.010005958378314972
0.013347862288355827,0.0021563787013292313,0.012816222384572029,0.010281577706336975
0.013385830447077751,0.0019015539437532425,0.012869199737906456,0.010546654462814331
0.013403519988059998,0.0017032939940690994,0.012902190908789635,0.010749656707048416
0.013465743511915207,0.001586957834661007,0.012936940416693687,0.010796666145324707
0.013494657352566719,0.0015352601185441017,0.012937678024172783,0.01080320030450821
0.01344430260360241,0.0016107438132166862,0.012990361079573631,0.010883841663599014
0.013397475704550743,0.0017807111144065857,0.012983189895749092,0.011015791445970535
0.013288429006934166,0.0020139794796705246,0.012998873367905617,0.010888177901506424
0.013205576688051224,0.0022618472576141357,0.012984583154320717,0.010707315057516098
0.013318726792931557,0.0025377385318279266,0.012979546561837196,0.010800614953041077
0.01343073695898056,0.002820284105837345,0.012967953458428383,0.010982543230056763
0.013810252770781517,0.0029044663533568382,0.012609010562300682,0.01118675246834755
0.014096131548285484,0.0028521977365016937,0.012409979477524757,0.011260733008384705
0.01421155221760273,0.0027556391432881355,0.012532172724604607,0.010769039392471313
0.014254860579967499,0.0026279883459210396,0.012626053765416145,0.010204285383224487
0.01398669183254242,0.0027107028290629387,0.012871233746409416,0.010168652981519699
0.013771705329418182,0.0029030349105596542,0.01305159367620945,0.010377086699008942
0.013647498562932014,0.0030829915776848793,0.013207202777266502,0.010645005851984024
0.013581039384007454,0.003243858925998211,0.013287199661135674,0.010874036699533463
0.013514235615730286,0.003354155458509922,0.013332920148968697,0.010870080441236496
0.013454429805278778,0.0034266887232661247,0.01334141381084919,0.010791290551424026
0.013462238013744354,0.003481075167655945,0.013366656377911568,0.010619938373565674
0.013486091047525406,0.003519580699503422,0.013385409489274025,0.010439842939376831
0.013470364734530449,0.0035624001175165176,0.013464381918311119,0.010035056620836258
0.013435930013656616,0.003606153652071953,0.013528035953640938,0.00985630601644516
0.013417106121778488,0.0036262627691030502,0.013569178059697151,0.009984798729419708
0.013361990451812744,0.0036410484462976456,0.013644726946949959,0.0102921761572361
0.013324897736310959,0.0036483583971858025,0.013710247352719307,0.010594304651021957
0.01326272264122963,0.003846726380288601,0.01374286599457264,0.010522715747356415
0.013170620426535606,0.004181631840765476,0.013755770400166512,0.010287672281265259
0.013115301728248596,0.0044505400583148,0.01375151239335537,0.010174162685871124
0.012880545109510422,0.004746643826365471,0.013881472870707512,0.010262519121170044
0.012699708342552185,0.005067917518317699,0.013866359367966652,0.010531891137361526
0.012628979980945587,0.005391028709709644,0.013909230008721352,0.010653585195541382
0.012646704912185669,0.005678977817296982,0.013948464766144753,0.010671347379684448
0.012728426605463028,0.005969039164483547,0.014164725318551064,0.010717950761318207
0.012766020372509956,0.00625823438167572,0.014300761744379997,0.010777153074741364
0.01274092122912407,0.006372258998453617,0.01445874385535717,0.011095285415649414
0.012753074988722801,0.006348698399960995,0.014587918296456337,0.01148705929517746
0.01276056282222271,0.0063092391937971115,0.014645582064986229,0.011662118136882782
0.01275498978793621,0.006275305524468422,0.01466483436524868,0.011725232005119324
0.012750031426548958,0.006249759346246719,0.014672582969069481,0.01174623891711235
0.01274736039340496,0.006231428124010563,0.014676569029688835,0.01175292581319809
0.012746118009090424,0.006218556314706802,0.014678878709673882,0.011754997074604034
0.012745566666126251,0.006209623999893665,0.014680324122309685,0.011755671352148056
0.012745331972837448,0.0062034847214818,0.01468123309314251,0.01175587996840477
0.0126869585365057,0.006217499263584614,0.014561394229531288,0.011657651513814926
0.012665905058383942,0.006243632175028324,0.014475284144282341,0.011559557169675827
0.012504847720265388,0.006356923840939999,0.014537224546074867,0.011046450585126877
0.012377733364701271,0.006513149477541447,0.01457744650542736,0.010463658720254898
0.012294173240661621,0.006496640853583813,0.014320256188511848,0.010366808623075485
0.012223230674862862,0.006362958811223507,0.014089362695813179,0.01052086055278778
0.012612324208021164,0.005966836586594582,0.013595251366496086,0.010235622525215149
0.012987988069653511,0.0054159145802259445,0.013418002054095268,0.009636655449867249
0.013263711705803871,0.004957744851708412,0.013353241607546806,0.01026332750916481
0.013625729829072952,0.004476485773921013,0.013062739744782448,0.010973799973726273
0.013909045606851578,0.004020445980131626,0.012914495542645454,0.011000864207744598
0.0140321534126997,0.0037033194676041603,0.012887122109532356,0.010952156037092209
0.0140814408659935,0.0035024890676140785,0.012882279232144356,0.010924842208623886
0.014101063832640648,0.0033797984942793846,0.012881064787507057,0.010913953185081482
0.014108952134847641,0.003305988386273384,0.012880483642220497,0.01091010496020317
0.014112165197730064,0.003261948935687542,0.012880081310868263,0.010908812284469604
0.014113463461399078,0.003235776908695698,0.01287982426583767,0.010908368974924088
0.014114009216427803,0.003220256417989731,0.012879645451903343,0.010908234864473343
0.01411423459649086,0.003211095929145813,0.012879518792033195,0.010908182710409164
0.014114324003458023,0.0032056858763098717,0.012879444286227226,0.010908164083957672
0.014114366844296455,0.0032024914398789406,0.01287938468158245,0.010908164083957672
0.014114387333393097,0.0032006176188588142,0.012879347428679466,0.010908164083957672
0.014114391058683395,0.0031994981691241264,0.012879347428679466,0.010908164083957672
0.014114391058683395,0.0031988294795155525,0.012879347428679466,0.010908164083957672
0.014114391058683395,0.0031984280794858932,0.012879347428679466,0.010908164083957672
0.014114391058683395,0.0031981896609067917,0.012879347428679466,0.010908164083957672
0.014114391058683395,0.0031980443745851517,0.012879347428679466,0.010908164083957672
0.014114391058683395,0.0031979605555534363,0.012879347428679466,0.010908164083957672
0.014114391058683395,0.003197910264134407,0.012879347428679466,0.010908164083957672
0.014114391058683395,0.003197881393134594,0.012879347428679466,0.010908164083957672
0.014114391058683395,0.0031978627666831017,0.012879347428679466,0.010908164083957672
0.014114391058683395,0.0031978506594896317,0.012879347428679466,0.010908164083957672
0.014114391058683395,0.0031978432089090347,0.012879347428679466,0.010908164083957672
0.014114391058683395,0.003197840414941311,0.012879347428679466,0.010908164083957672
0.014114391058683395,0.003197837620973587,0.012879347428679466,0.010908164083957672
0.014114391058683395,0.003197837620973587,0.012879347428679466,0.010908164083957672
0.014114391058683395,0.003197837620973587,0.012879347428679466,0.010908164083957672
0.014114391058683395,0.003197837620973587,0.012879347428679466,0.010908164083957672
0.014114391058683395,0.003197837620973587,0.012879347428679466,0.010908164083957672
0.014114391058683395,0.003197837620973587,0.012879347428679466,0.010908164083957672
0.014114391058683395,0.003197837620973587,0.012879347428679466,0.010908164083957672
0.014114391058683395,0.003197837620973587,0.012879347428679466,0.010908164083957672
0.014114391058683395,0.003197837620973587,0.012879347428679466,0.010908164083957672
0.014114391058683395,0.003197837620973587,0.012879347428679466,0.010908164083957672
0.014114391058683395,0.003197837620973587,0.012879347428679466,0.010908164083957672
0.014114391058683395,0.003197837620973587,0.012879347428679466,0.010908164083957672
0.014114391058683395,0.003197837620973587,0.012879347428679466,0.010908164083957672
0.014114391058683395,0.003197837620973587,0.012879347428679466,0.010908164083957672
0.014114391058683395,0.003197837620973587,0.012879347428679466,0.010908164083957672
0.014114391058683395,0.003197837620973587,0.012879347428679466,0.010908164083957672
0.014114391058683395,0.003197837620973587,0.012879347428679466,0.010908164083957672
0.014114391058683395,0.003197837620973587,0.012879347428679466,0.010908164083957672
0.014114391058683395,0.003197837620973587,0.012879347428679466,0.010908164083957672
0.014114391058683395,0.003197837620973587,0.012879347428679466,0.010908164083957672
0.014114391058683395,0.003197837620973587,0.012879347428679466,0.010908164083957672
0.014114391058683395,0.003197837620973587,0.012879347428679466,0.010908164083957672
0.014105865731835365,0.0032021794468164444,0.01287885196506977,0.010889705270528793
0.014099759981036186,0.0032088523730635643,0.012877034023404121,0.010870475322008133
0.014106525108218193,0.003209376707673073,0.012876799330115318,0.010881319642066956
0.014112206175923347,0.003205670975148678,0.01287851668894291,0.010898001492023468
0.014124499633908272,0.0031971819698810577,0.012878360226750374,0.010897856205701828
0.014133576303720474,0.003185550682246685,0.01288108341395855,0.010888814926147461
0.014136580750346184,0.003176005557179451,0.01288335956633091,0.010883506387472153
0.0141375120729208,0.0031691044569015503,0.012884648516774178,0.01088140532374382
0.014137804508209229,0.0031643155962228775,0.01288539357483387,0.010880645364522934
0.014137914404273033,0.003161052241921425,0.012885862961411476,0.01088041439652443
0.014137951657176018,0.0031588561832904816,0.012886131182312965,0.010880336165428162
0.014137962833046913,0.003157377243041992,0.012886317446827888,0.010880298912525177
0.014137966558337212,0.0031564030796289444,0.012886429205536842,0.01088029146194458
0.01413797028362751,0.0031557613983750343,0.012886492535471916,0.01088029146194458
0.01413797028362751,0.003155332989990711,0.0128865335136652,0.01088029146194458
0.01413797028362751,0.0031550610437989235,0.012886552140116692,0.01088029146194458
0.01413797028362751,0.003154880367219448,0.012886563315987587,0.01088029146194458
0.01413797028362751,0.0031547527760267258,0.012886593118309975,0.01088029146194458
0.01413797028362751,0.0031546764075756073,0.012886593118309975,0.01088029146194458
0.01413797028362751,0.0031546298414468765,0.012886593118309975,0.01088029146194458
0.01413797028362751,0.0031546009704470634,0.012886593118309975,0.01088029146194458
0.01413797028362751,0.003154585137963295,0.012886593118309975,0.01088029146194458
0.01413797028362751,0.0031545739620923996,0.012886593118309975,0.01088029146194458
0.01413797028362751,0.0031545674428343773,0.012886593118309975,0.01088029146194458
0.01413797028362751,0.0031545646488666534,0.012886593118309975,0.01088029146194458
0.01413797028362751,0.0031545618548989296,0.012886593118309975,0.01088029146194458
0.01413797028362751,0.0031545599922537804,0.012886593118309975,0.01088029146194458
0.01413797028362751,0.0031545599922537804,0.012886593118309975,0.01088029146194458
0.01413797028362751,0.0031545599922537804,0.012886593118309975,0.01088029146194458
0.01413797028362751,0.0031545599922537804,0.012886593118309975,0.01088029146194458
0.01413797028362751,0.0031545599922537804,0.012886593118309975,0.01088029146194458
0.01413797028362751,0.0031545599922537804,0.012886593118309975,0.01088029146194458
0.01413797028362751,0.0031545599922537804,0.012886593118309975,0.01088029146194458
0.01413797028362751,0.0031545599922537804,0.012886593118309975,0.01088029146194458
0.01413797028362751,0.0031545599922537804,0.012886593118309975,0.01088029146194458
0.01413797028362751,0.0031545599922537804,0.012886593118309975,0.01088029146194458
0.01413797028362751,0.0031545599922537804,0.012886593118309975,0.01088029146194458
0.01413797028362751,0.0031545599922537804,0.012886593118309975,0.01088029146194458
0.01413797028362751,0.0031545599922537804,0.012886593118309975,0.01088029146194458
0.01413797028362751,0.0031545599922537804,0.012886593118309975,0.01088029146194458
0.01413797028362751,0.0031545599922537804,0.012886593118309975,0.01088029146194458
0.01413797028362751,0.0031545599922537804,0.012886593118309975,0.01088029146194458
0.01413797028362751,0.0031545599922537804,0.012886593118309975,0.01088029146194458
0.01413797028362751,0.0031545599922537804,0.012886593118309975,0.01088029146194458
0.01413797028362751,0.0031545599922537804,0.012886593118309975,0.01088029146194458
0.01413797028362751,0.0031545599922537804,0.012886593118309975,0.01088029146194458
0.01413797028362751,0.0031545599922537804,0.012886593118309975,0.01088029146194458
0.01413797028362751,0.0031545599922537804,0.012886593118309975,0.01088029146194458
0.01413797028362751,0.0031545599922537804,0.012886593118309975,0.01088029146194458
0.01413797028362751,0.0031545599922537804,0.012886593118309975,0.01088029146194458
0.01413797028362751,0.0031545599922537804,0.012886593118309975,0.01088029146194458
0.01413797028362751,0.0031545599922537804,0.012886593118309975,0.01088029146194458
0.01413797028362751,0.0031545599922537804,0.012886593118309975,0.01088029146194458
0.01413797028362751,0.0031545599922537804,0.012886593118309975,0.01088029146194458
0.01413797028362751,0.0031545599922537804,0.012886593118309975,0.01088029146194458
0.01413797028362751,0.0031545599922537804,0.012886593118309975,0.01088029146194458
0.01413797028362751,0.0031545599922537804,0.012886593118309975,0.01088029146194458
0.01413797028362751,0.0031545599922537804,0.012886593118309975,0.01088029146194458
0.01413797028362751,0.0031545599922537804,0.012886593118309975,0.01088029146194458
0.01413797028362751,0.0031545599922537804,0.012886593118309975,0.01088029146194458
0.01413797028362751,0.0031545599922537804,0.012886593118309975,0.01088029146194458
0.01413797028362751,0.0031545599922537804,0.012886593118309975,0.01088029146194458
0.01413797028362751,0.0031545599922537804,0.012886593118309975,0.01088029146194458
0.01413797028362751,0.0031545599922537804,0.012886593118309975,0.01088029146194458
0.01413797028362751,0.0031545599922537804,0.012886593118309975,0.01088029146194458
0.01413797028362751,0.0031545599922537804,0.012886593118309975,0.01088029146194458
0.01413797028362751,0.0031545599922537804,0.012886593118309975,0.01088029146194458
0.01413797028362751,0.0031545599922537804,0.012886593118309975,0.01088029146194458
0.01413797028362751,0.0031545599922537804,0.012886593118309975,0.01088029146194458
0.01413797028362751,0.0031545599922537804,0.012886593118309975,0.01088029146194458
0.01413797028362751,0.0031545599922537804,0.012886593118309975,0.01088029146194458
0.01413797028362751,0.0031545599922537804,0.012886593118309975,0.01088029146194458
0.01413797028362751,0.0031545599922537804,0.012886593118309975,0.01088029146194458
0.01413797028362751,0.0031545599922537804,0.012886593118309975,0.01088029146194458
0.01413797028362751,0.0031545599922537804,0.012886593118309975,0.01088029146194458
0.01413797028362751,0.0031545599922537804,0.012886593118309975,0.01088029146194458
0.01413797028362751,0.0031545599922537804,0.012886593118309975,0.01088029146194458
0.01413797028362751,0.0031545599922537804,0.012886593118309975,0.01088029146194458
0.01413797028362751,0.0031545599922537804,0.012886593118309975,0.01088029146194458
0.01413797028362751,0.0031545599922537804,0.012886593118309975,0.01088029146194458
0.01413797028362751,0.0031545599922537804,0.012886593118309975,0.01088029146194458
0.01413797028362751,0.0031545599922537804,0.012886593118309975,0.01088029146194458
0.01413797028362751,0.0031545599922537804,0.012886593118309975,0.01088029146194458
0.01413797028362751,0.0031545599922537804,0.012886593118309975,0.01088029146194458
0.01413797028362751,0.0031545599922537804,0.012886593118309975,0.01088029146194458
0.01413797028362751,0.0031545599922537804,0.012886593118309975,0.01088029146194458
0.01413797028362751,0.0031545599922537804,0.012886593118309975,0.01088029146194458
0.01413797028362751,0.0031545599922537804,0.012886593118309975,0.01088029146194458
0.01413797028362751,0.0031545599922537804,0.012886593118309975,0.01088029146194458
0.01413797028362751,0.0031545599922537804,0.012886593118309975,0.01088029146194458
0.01413797028362751,0.0031545599922537804,0.012886593118309975,0.01088029146194458
0.01413797028362751,0.0031545599922537804,0.012886593118309975,0.01088029146194458
0.01413797028362751,0.0031545599922537804,0.012886593118309975,0.01088029146194458
0.01413797028362751,0.0031545599922537804,0.012886593118309975,0.01088029146194458
0.01413797028362751,0.0031545599922537804,0.012886593118309975,0.01088029146194458
0.01413797028362751,0.0031545599922537804,0.012886593118309975,0.01088029146194458
0.01413797028362751,0.0031545599922537804,0.012886593118309975,0.01088029146194458
0.01413797028362751,0.0031545599922537804,0.012886593118309975,0.01088029146194458
0.01413797028362751,0.0031545599922537804,0.012886593118309975,0.01088029146194458
0.01413797028362751,0.0031545599922537804,0.012886593118309975,0.01088029146194458
0.01413797028362751,0.0031545599922537804,0.012886593118309975,0.01088029146194458
0.01413797028362751,0.0031545599922537804,0.012886593118309975,0.01088029146194458
0.01413797028362751,0.0031545599922537804,0.012886593118309975,0.01088029146194458
0.01413797028362751,0.0031545599922537804,0.012886593118309975,0.01088029146194458
0.01413797028362751,0.0031545599922537804,0.012886593118309975,0.01088029146194458
0.01413797028362751,0.0031545599922537804,0.012886593118309975,0.01088029146194458
0.01413797028362751,0.0031545599922537804,0.012886593118309975,0.01088029146194458
0.01413797028362751,0.0031545599922537804,0.012886593118309975,0.01088029146194458
0.01413797028362751,0.0031545599922537804,0.012886593118309975,0.01088029146194458
0.01413797028362751,0.0031545599922537804,0.012886593118309975,0.01088029146194458
0.01413797028362751,0.0031545599922537804,0.012886593118309975,0.01088029146194458
0.01413797028362751,0.0031545599922537804,0.012886593118309975,0.01088029146194458
0.01413797028362751,0.0031545599922537804,0.012886593118309975,0.01088029146194458
0.01413797028362751,0.0031545599922537804,0.012886593118309975,0.01088029146194458
0.01413797028362751,0.0031545599922537804,0.012886593118309975,0.01088029146194458
0.01413797028362751,0.0031545599922537804,0.012886593118309975,0.01088029146194458
0.01413797028362751,0.0031545599922537804,0.012886593118309975,0.01088029146194458
0.01413797028362751,0.0031545599922537804,0.012886593118309975,0.01088029146194458
0.01413797028362751,0.0031545599922537804,0.012886593118309975,0.01088029146194458
0.01413797028362751,0.0031545599922537804,0.012886593118309975,0.01088029146194458
0.01413797028362751,0.0031545599922537804,0.012886593118309975,0.01088029146194458
0.01413797028362751,0.0031545599922537804,0.012886593118309975,0.01088029146194458
0.01413797028362751,0.0031545599922537804,0.012886593118309975,0.01088029146194458
0.01413797028362751,0.0031545599922537804,0.012886593118309975,0.01088029146194458
0.01413797028362751,0.0031545599922537804,0.012886593118309975,0.01088029146194458
0.01413797028362751,0.0031545599922537804,0.012886593118309975,0.01088029146194458
0.01413797028362751,0.0031545599922537804,0.012886593118309975,0.01088029146194458
0.01413797028362751,0.0031545599922537804,0.012886593118309975,0.01088029146194458
0.01413797028362751,0.0031545599922537804,0.012886593118309975,0.01088029146194458
0.01413797028362751,0.0031545599922537804,0.012886593118309975,0.01088029146194458
0.01413797028362751,0.0031545599922537804,0.012886593118309975,0.01088029146194458
0.01413797028362751,0.0031545599922537804,0.012886593118309975,0.01088029146194458
0.01413797028362751,0.0031545599922537804,0.012886593118309975,0.01088029146194458
0.01413797028362751,0.0031545599922537804,0.012886593118309975,0.01088029146194458
0.01413797028362751,0.0031545599922537804,0.012886593118309975,0.01088029146194458
0.01413797028362751,0.0031545599922537804,0.012886593118309975,0.01088029146194458
0.01413797028362751,0.0031545599922537804,0.012886593118309975,0.01088029146194458
0.01413797028362751,0.0031545599922537804,0.012886593118309975,0.01088029146194458
0.01413797028362751,0.0031545599922537804,0.012886593118309975,0.01088029146194458
0.01413797028362751,0.0031545599922537804,0.012886593118309975,0.01088029146194458
0.014137804508209229,0.0031552547588944435,0.012887945398688316,0.010879628360271454
0.014137793332338333,0.003156382590532303,0.012888869270682335,0.010878875851631165
0.014137821272015572,0.0031572189182043076,0.0128891970962286,0.010878518223762512
0.014137832447886467,0.0031577618792653084,0.012889297679066658,0.01087840273976326
0.01413784734904766,0.003158092498779297,0.012889323756098747,0.010878365486860275
0.014137862250208855,0.003158292733132839,0.012889338657259941,0.010878358036279678
0.014137865975499153,0.003158414736390114,0.012889338657259941,0.010878358036279678
0.014137865975499153,0.00315848458558321,0.012889338657259941,0.010878358036279678
0.014137865975499153,0.0031585274264216423,0.012889338657259941,0.010878358036279678
0.014137865975499153,0.0031585535034537315,0.012889338657259941,0.010878358036279678
0.014137865975499153,0.0031585711985826492,0.012889338657259941,0.010878358036279678
0.014137865975499153,0.00315858144313097,0.012889338657259941,0.010878358036279678
0.014137865975499153,0.003158586099743843,0.012889338657259941,0.010878358036279678
0.014137865975499153,0.003158588893711567,0.012889338657259941,0.010878358036279678
0.014137865975499153,0.0031585898250341415,0.012889338657259941,0.010878358036279678
0.014137865975499153,0.0031585944816470146,0.012889338657259941,0.010878358036279678
0.014137865975499153,0.0031585944816470146,0.012889338657259941,0.010878358036279678
0.014137865975499153,0.0031585944816470146,0.012889338657259941,0.010878358036279678
0.014137865975499153,0.0031585944816470146,0.012889338657259941,0.010878358036279678
0.014137865975499153,0.0031585944816470146,0.012889338657259941,0.010878358036279678
0.014137865975499153,0.0031585944816470146,0.012889338657259941,0.010878358036279678
0.014137865975499153,0.0031585944816470146,0.012889338657259941,0.010878358036279678
0.014137865975499153,0.0031585944816470146,0.012889338657259941,0.010878358036279678
0.014137865975499153,0.0031585944816470146,0.012889338657259941,0.010878358036279678
0.014137865975499153,0.0031585944816470146,0.012889338657259941,0.010878358036279678
0.014137865975499153,0.0031585944816470146,0.012889338657259941,0.010878358036279678
0.014137865975499153,0.0031585944816470146,0.012889338657259941,0.010878358036279678
0.014137865975499153,0.0031585944816470146,0.012889338657259941,0.010878358036279678
0.014137865975499153,0.0031585944816470146,0.012889338657259941,0.010878358036279678
0.014137865975499153,0.0031585944816470146,0.012889338657259941,0.010878358036279678
0.014137865975499153,0.0031585944816470146,0.012889338657259941,0.010878358036279678
0.014137865975499153,0.0031585944816470146,0.012889338657259941,0.010878358036279678
0.014137865975499153,0.0031585944816470146,0.012889338657259941,0.010878358036279678
0.014137865975499153,0.0031585944816470146,0.012889338657259941,0.010878358036279678
0.014137865975499153,0.0031585944816470146,0.012889338657259941,0.010878358036279678
0.014137865975499153,0.0031585944816470146,0.012889338657259941,0.010878358036279678
0.014137865975499153,0.0031585944816470146,0.012889338657259941,0.010878358036279678
0.014137865975499153,0.0031585944816470146,0.012889338657259941,0.010878358036279678
0.014137865975499153,0.0031585944816470146,0.012889338657259941,0.010878358036279678
0.014137865975499153,0.0031585944816470146,0.012889338657259941,0.010878358036279678
0.014137865975499153,0.0031585944816470146,0.012889338657259941,0.010878358036279678
0.014137865975499153,0.0031585944816470146,0.012889338657259941,0.010878358036279678
0.014137865975499153,0.0031585944816470146,0.012889338657259941,0.010878358036279678
0.014137865975499153,0.0031585944816470146,0.012889338657259941,0.010878358036279678
0.014137865975499153,0.0031585944816470146,0.012889338657259941,0.010878358036279678
0.014137865975499153,0.0031585944816470146,0.012889338657259941,0.010878358036279678
0.014137865975499153,0.0031585944816470146,0.012889338657259941,0.010878358036279678
0.014137865975499153,0.0031585944816470146,0.012889338657259941,0.010878358036279678
0.014137865975499153,0.0031585944816470146,0.012889338657259941,0.010878358036279678
0.014137865975499153,0.0031585944816470146,0.012889338657259941,0.010878358036279678
0.014137865975499153,0.0031585944816470146,0.012889338657259941,0.010878358036279678
0.014137865975499153,0.0031585944816470146,0.012889338657259941,0.010878358036279678
0.014137865975499153,0.0031585944816470146,0.012889338657259941,0.010878358036279678
0.014137865975499153,0.0031585944816470146,0.012889338657259941,0.010878358036279678
0.014137865975499153,0.0031585944816470146,0.012889338657259941,0.010878358036279678
0.014137865975499153,0.0031585944816470146,0.012889338657259941,0.010878358036279678
0.014137865975499153,0.0031585944816470146,0.012889338657259941,0.010878358036279678
0.014137865975499153,0.0031585944816470146,0.012889338657259941,0.010878358036279678
0.014137865975499153,0.0031585944816470146,0.012889338657259941,0.010878358036279678
0.014137865975499153,0.0031585944816470146,0.012889338657259941,0.010878358036279678
0.014137865975499153,0.0031585944816470146,0.012889338657259941,0.010878358036279678
0.014137865975499153,0.0031585944816470146,0.012889338657259941,0.010878358036279678
0.014137865975499153,0.0031585944816470146,0.012889338657259941,0.010878358036279678
0.014137865975499153,0.0031585944816470146,0.012889338657259941,0.010878358036279678
0.014137865975499153,0.0031585944816470146,0.012889338657259941,0.010878358036279678
0.014137865975499153,0.0031585944816470146,0.012889338657259941,0.010878358036279678
0.014137865975499153,0.0031585944816470146,0.012889338657259941,0.010878358036279678
0.014137865975499153,0.0031585944816470146,0.012889338657259941,0.010878358036279678
0.014137865975499153,0.0031585944816470146,0.012889338657259941,0.010878358036279678
0.014137865975499153,0.0031585944816470146,0.012889338657259941,0.010878358036279678
0.014137865975499153,0.0031585944816470146,0.012889338657259941,0.010878358036279678
0.014137865975499153,0.0031585944816470146,0.012889338657259941,0.010878358036279678
0.014137865975499153,0.0031585944816470146,0.012889338657259941,0.010878358036279678
0.014137865975499153,0.0031585944816470146,0.012889338657259941,0.010878358036279678
0.014137865975499153,0.0031585944816470146,0.012889338657259941,0.010878358036279678
0.014137865975499153,0.0031585944816470146,0.012889338657259941,0.010878358036279678
0.014137865975499153,0.0031585944816470146,0.012889338657259941,0.010878358036279678
0.014137865975499153,0.0031585944816470146,0.012889338657259941,0.010878358036279678
0.014137865975499153,0.0031585944816470146,0.012889338657259941,0.010878358036279678
0.014137865975499153,0.0031585944816470146,0.012889338657259941,0.010878358036279678
0.014137865975499153,0.0031585944816470146,0.012889338657259941,0.010878358036279678
0.014137865975499153,0.0031585944816470146,0.012889338657259941,0.010878358036279678
0.014137865975499153,0.0031585944816470146,0.012889338657259941,0.010878358036279678
0.014137865975499153,0.0031585944816470146,0.012889338657259941,0.010878358036279678
0.014137865975499153,0.0031585944816470146,0.012889338657259941,0.010878358036279678
0.014137865975499153,0.0031585944816470146,0.012889338657259941,0.010878358036279678
0.014137865975499153,0.0031585944816470146,0.012889338657259941,0.010878358036279678
0.014137865975499153,0.0031585944816470146,0.012889338657259941,0.010878358036279678
0.014137865975499153,0.0031585944816470146,0.012889338657259941,0.010878358036279678
0.014137865975499153,0.0031585944816470146,0.012889338657259941,0.010878358036279678
0.014137865975499153,0.0031585944816470146,0.012889338657259941,0.010878358036279678
0.014137865975499153,0.0031585944816470146,0.012889338657259941,0.010878358036279678
0.014137865975499153,0.0031585944816470146,0.012889338657259941,0.010878358036279678
0.014137865975499153,0.0031585944816470146,0.012889338657259941,0.010878358036279678
0.014137865975499153,0.0031585944816470146,0.012889338657259941,0.010878358036279678
0.014137865975499153,0.0031585944816470146,0.012889338657259941,0.010878358036279678
0.014137865975499153,0.0031585944816470146,0.012889338657259941,0.010878358036279678
0.014137865975499153,0.0031585944816470146,0.012889338657259941,0.010878358036279678
0.014137865975499153,0.0031585944816470146,0.012889338657259941,0.010878358036279678
0.014137865975499153,0.0031585944816470146,0.012889338657259941,0.010878358036279678
0.014137865975499153,0.0031585944816470146,0.012889338657259941,0.010878358036279678
0.014137865975499153,0.0031585944816470146,0.012889338657259941,0.010878358036279678
0.014137865975499153,0.0031585944816470146,0.012889338657259941,0.010878358036279678
0.014137865975499153,0.0031585944816470146,0.012889338657259941,0.010878358036279678
0.014137865975499153,0.0031585944816470146,0.012889338657259941,0.010878358036279678
0.014137865975499153,0.0031585944816470146,0.012889338657259941,0.010878358036279678
0.014137865975499153,0.0031585944816470146,0.012889338657259941,0.010878358036279678
0.014137865975499153,0.0031585944816470146,0.012889338657259941,0.010878358036279678
0.014137865975499153,0.0031585944816470146,0.012889338657259941,0.010878358036279678
0.014137865975499153,0.0031585944816470146,0.012889338657259941,0.010878358036279678
0.014137865975499153,0.0031585944816470146,0.012889338657259941,0.010878358036279678
0.014137865975499153,0.0031585944816470146,0.012889338657259941,0.010878358036279678
0.014137865975499153,0.0031585944816470146,0.012889338657259941,0.010878358036279678
0.014137865975499153,0.0031585944816470146,0.012889338657259941,0.010878358036279678
0.014137865975499153,0.0031585944816470146,0.012889338657259941,0.010878358036279678
0.014137865975499153,0.0031585944816470146,0.012889338657259941,0.010878358036279678
0.014137865975499153,0.0031585944816470146,0.012889338657259941,0.010878358036279678
0.014137865975499153,0.0031585944816470146,0.012889338657259941,0.010878358036279678
0.014137865975499153,0.0031585944816470146,0.012889338657259941,0.010878358036279678
0.014137865975499153,0.0031585944816470146,0.012889338657259941,0.010878358036279678
0.014137865975499153,0.0031585944816470146,0.012889338657259941,0.010878358036279678
0.014137865975499153,0.0031585944816470146,0.012889338657259941,0.010878358036279678
0.014137865975499153,0.0031585944816470146,0.012889338657259941,0.010878358036279678
0.014137865975499153,0.0031585944816470146,0.012889338657259941,0.010878358036279678
0.014137865975499153,0.0031585944816470146,0.012889338657259941,0.010878358036279678
0.014137865975499153,0.0031585944816470146,0.012889338657259941,0.010878358036279678
0.014137865975499153,0.0031585944816470146,0.012889338657259941,0.010878358036279678
0.014137865975499153,0.0031585944816470146,0.012889338657259941,0.010878358036279678
0.014137865975499153,0.0031585944816470146,0.012889338657259941,0.010878358036279678
0.014137865975499153,0.0031585944816470146,0.012889338657259941,0.010878358036279678
0.014137865975499153,0.0031585944816470146,0.012889338657259941,0.010878358036279678
0.014137865975499153,0.0031585944816470146,0.012889338657259941,0.010878358036279678
0.014137865975499153,0.0031585944816470146,0.012889338657259941,0.010878358036279678
0.014137865975499153,0.0031585944816470146,0.012889338657259941,0.010878358036279678
0.014137865975499153,0.0031585944816470146,0.012889338657259941,0.010878358036279678
0.014137865975499153,0.0031585944816470146,0.012889338657259941,0.010878358036279678
0.014137865975499153,0.0031585944816470146,0.012889338657259941,0.010878358036279678
0.014137865975499153,0.0031585944816470146,0.012889338657259941,0.010878358036279678
0.014137865975499153,0.0031585944816470146,0.012889338657259941,0.010878358036279678
0.014137865975499153,0.0031585944816470146,0.012889338657259941,0.010878358036279678
0.014137865975499153,0.0031585944816470146,0.012889338657259941,0.010878358036279678
0.014137865975499153,0.0031585944816470146,0.012889338657259941,0.010878358036279678
0.014137865975499153,0.0031585944816470146,0.012889338657259941,0.010878358036279678
0.014137865975499153,0.0031585944816470146,0.012889338657259941,0.010878358036279678
0.014137865975499153,0.0031585944816470146,0.012889338657259941,0.010878358036279678
0.014137865975499153,0.0031585944816470146,0.012889338657259941,0.010878358036279678
0.014137865975499153,0.0031585944816470146,0.012889338657259941,0.010878358036279678
0.014137865975499153,0.0031585944816470146,0.012889338657259941,0.010878358036279678
0.014137865975499153,0.0031585944816470146,0.012889338657259941,0.010878358036279678
0.014137865975499153,0.0031585944816470146,0.012889338657259941,0.010878358036279678
0.014137865975499153,0.0031585944816470146,0.012889338657259941,0.010878358036279678
0.014137865975499153,0.0031585944816470146,0.012889338657259941,0.010878358036279678
0.014137865975499153,0.0031585944816470146,0.012889338657259941,0.010878358036279678
0.014137865975499153,0.0031585944816470146,0.012889338657259941,0.010878358036279678
0.014137865975499153,0.0031585944816470146,0.012889338657259941,0.010878358036279678
0.014137865975499153,0.0031585944816470146,0.012889338657259941,0.010878358036279678
0.014137865975499153,0.0031585944816470146,0.012889338657259941,0.010878358036279678
0.014137865975499153,0.0031585944816470146,0.012889338657259941,0.010878358036279678
0.014137865975499153,0.0031585944816470146,0.012889338657259941,0.010878358036279678
0.014137865975499153,0.0031585944816470146,0.012889338657259941,0.010878358036279678
0.014137865975499153,0.0031585944816470146,0.012889338657259941,0.010878358036279678
0.014137865975499153,0.0031585944816470146,0.012889338657259941,0.010878358036279678
0.014137865975499153,0.0031585944816470146,0.012889338657259941,0.010878358036279678
0.014137865975499153,0.0031585944816470146,0.012889338657259941,0.010878358036279678
0.014137865975499153,0.0031585944816470146,0.012889338657259941,0.010878358036279678
0.014137865975499153,0.0031585944816470146,0.012889338657259941,0.010878358036279678
0.014137865975499153,0.0031585944816470146,0.012889338657259941,0.010878358036279678
0.014137865975499153,0.0031585944816470146,0.012889338657259941,0.010878358036279678
0.014137865975499153,0.0031585944816470146,0.012889338657259941,0.010878358036279678
0.014137865975499153,0.0031585944816470146,0.012889338657259941,0.010878358036279678
0.014137865975499153,0.0031585944816470146,0.012889338657259941,0.010878358036279678
0.014137865975499153,0.0031585944816470146,0.012889338657259941,0.010878358036279678
0.014137865975499153,0.0031585944816470146,0.012889338657259941,0.010878358036279678
0.014137865975499153,0.0031585944816470146,0.012889338657259941,0.010878358036279678
0.014137865975499153,0.0031585944816470146,0.012889338657259941,0.010878358036279678
0.014137865975499153,0.0031585944816470146,0.012889338657259941,0.010878358036279678
0.014137865975499153,0.0031585944816470146,0.012889338657259941,0.010878358036279678
0.014137865975499153,0.0031585944816470146,0.012889338657259941,0.010878358036279678
0.014137865975499153,0.0031585944816470146,0.012889338657259941,0.010878358036279678
0.014137865975499153,0.0031585944816470146,0.012889338657259941,0.010878358036279678
0.014137865975499153,0.0031585944816470146,0.012889338657259941,0.010878358036279678
0.014137865975499153,0.0031585944816470146,0.012889338657259941,0.010878358036279678
0.014137865975499153,0.0031585944816470146,0.012889338657259941,0.010878358036279678
0.014137865975499153,0.0031585944816470146,0.012889338657259941,0.010878358036279678
0.014137865975499153,0.0031585944816470146,0.012889338657259941,0.010878358036279678
0.014137865975499153,0.0031585944816470146,0.012889338657259941,0.010878358036279678
0.014137865975499153,0.0031585944816470146,0.012889338657259941,0.010878358036279678
0.014137865975499153,0.0031585944816470146,0.012889338657259941,0.010878358036279678
0.014137865975499153,0.0031585944816470146,0.012889338657259941,0.010878358036279678
0.014137865975499153,0.0031585944816470146,0.012889338657259941,0.010878358036279678
0.014137865975499153,0.0031585944816470146,0.012889338657259941,0.010878358036279678
0.014137865975499153,0.0031585944816470146,0.012889338657259941,0.010878358036279678
0.014137865975499153,0.0031585944816470146,0.012889338657259941,0.010878358036279678
0.014137865975499153,0.0031585944816470146,0.012889338657259941,0.010878358036279678
0.014137865975499153,0.0031585944816470146,0.012889338657259941,0.010878358036279678
0.014137865975499153,0.0031585944816470146,0.012889338657259941,0.010878358036279678
0.014137865975499153,0.0031585944816470146,0.012889338657259941,0.010878358036279678
0.014137865975499153,0.0031585944816470146,0.012889338657259941,0.010878358036279678
0.014137865975499153,0.0031585944816470146,0.012889338657259941,0.010878358036279678
0.014137865975499153,0.0031585944816470146,0.012889338657259941,0.010878358036279678
0.014137865975499153,0.0031585944816470146,0.012889338657259941,0.010878358036279678
0.014137865975499153,0.0031585944816470146,0.012889338657259941,0.010878358036279678
0.014137865975499153,0.0031585944816470146,0.012889338657259941,0.010878358036279678
0.014137865975499153,0.0031585944816470146,0.012889338657259941,0.010878358036279678
0.014137865975499153,0.0031585944816470146,0.012889338657259941,0.010878358036279678
0.014137865975499153,0.0031585944816470146,0.012889338657259941,0.010878358036279678
0.014137865975499153,0.0031585944816470146,0.012889338657259941,0.010878358036279678
0.014137865975499153,0.0031585944816470146,0.012889338657259941,0.010878358036279678
0.014137865975499153,0.0031585944816470146,0.012889338657259941,0.010878358036279678
0.014137865975499153,0.0031585944816470146,0.012889338657259941,0.010878358036279678
0.014137865975499153,0.0031585944816470146,0.012889338657259941,0.010878358036279678
0.014137865975499153,0.0031585944816470146,0.012889338657259941,0.010878358036279678
0.014137865975499153,0.0031585944816470146,0.012889338657259941,0.010878358036279678
0.014137865975499153,0.0031585944816470146,0.012889338657259941,0.010878358036279678
0.014137865975499153,0.0031585944816470146,0.012889338657259941,0.010878358036279678
0.014137865975499153,0.0031585944816470146,0.012889338657259941,0.010878358036279678
0.014137865975499153,0.0031585944816470146,0.012889338657259941,0.010878358036279678
0.014137865975499153,0.0031585944816470146,0.012889338657259941,0.010878358036279678
0.014137865975499153,0.0031585944816470146,0.012889338657259941,0.010878358036279678
0.014137865975499153,0.0031585944816470146,0.012889338657259941,0.010878358036279678
0.014137865975499153,0.0031585944816470146,0.012889338657259941,0.010878358036279678
0.014137865975499153,0.0031585944816470146,0.012889338657259941,0.010878358036279678
0.014137865975499153,0.0031585944816470146,0.012889338657259941,0.010878358036279678
0.014137865975499153,0.0031585944816470146,0.012889338657259941,0.010878358036279678
0.014137865975499153,0.0031585944816470146,0.012889338657259941,0.010878358036279678
0.014137865975499153,0.0031585944816470146,0.012889338657259941,0.010878358036279678
0.014137865975499153,0.0031585944816470146,0.012889338657259941,0.010878358036279678
0.014137865975499153,0.0031585944816470146,0.012889338657259941,0.010878358036279678
0.014137865975499153,0.0031585944816470146,0.012889338657259941,0.010878358036279678
0.014137865975499153,0.0031585944816470146,0.012889338657259941,0.010878358036279678
0.014137865975499153,0.0031585944816470146,0.012889338657259941,0.010878358036279678
0.014137865975499153,0.0031585944816470146,0.012889338657259941,0.010878358036279678
0.014137865975499153,0.0031585944816470146,0.012889338657259941,0.010878358036279678
0.014137865975499153,0.0031585944816470146,0.012889338657259941,0.010878358036279678
0.014137865975499153,0.0031585944816470146,0.012889338657259941,0.010878358036279678
0.014137865975499153,0.0031585944816470146,0.012889338657259941,0.010878358036279678
0.014137865975499153,0.0031585944816470146,0.012889338657259941,0.010878358036279678
0.014137865975499153,0.0031585944816470146,0.012889338657259941,0.010878358036279678
0.014137865975499153,0.0031585944816470146,0.012889338657259941,0.010878358036279678
0.014137865975499153,0.0031585944816470146,0.012889338657259941,0.010878358036279678
0.014137865975499153,0.0031585944816470146,0.012889338657259941,0.010878358036279678
0.014137865975499153,0.0031585944816470146,0.012889338657259941,0.010878358036279678
0.014137865975499153,0.0031585944816470146,0.012889338657259941,0.010878358036279678
0.014137865975499153,0.0031585944816470146,0.012889338657259941,0.010878358036279678
0.014137865975499153,0.0031585944816470146,0.012889338657259941,0.010878358036279678
0.014137865975499153,0.0031585944816470146,0.012889338657259941,0.010878358036279678
0.014137865975499153,0.0031585944816470146,0.012889338657259941,0.010878358036279678
0.014137865975499153,0.0031585944816470146,0.012889338657259941,0.010878358036279678
0.014137865975499153,0.0031585944816470146,0.012889338657259941,0.010878358036279678
0.014137865975499153,0.0031585944816470146,0.012889338657259941,0.010878358036279678
0.014137865975499153,0.0031585944816470146,0.012889338657259941,0.010878358036279678
0.014137865975499153,0.0031585944816470146,0.012889338657259941,0.010878358036279678
0.014137865975499153,0.0031585944816470146,0.012889338657259941,0.010878358036279678
0.014137865975499153,0.0031585944816470146,0.012889338657259941,0.010878358036279678
0.014137865975499153,0.0031585944816470146,0.012889338657259941,0.010878358036279678
0.014137865975499153,0.0031585944816470146,0.012889338657259941,0.010878358036279678
0.014137865975499153,0.0031585944816470146,0.012889338657259941,0.010878358036279678
0.014137865975499153,0.0031585944816470146,0.012889338657259941,0.010878358036279678
0.014137865975499153,0.0031585944816470146,0.012889338657259941,0.010878358036279678
0.014137865975499153,0.0031585944816470146,0.012889338657259941,0.010878358036279678
0.014137865975499153,0.0031585944816470146,0.012889338657259941,0.010878358036279678
0.014137865975499153,0.0031585944816470146,0.012889338657259941,0.010878358036279678
0.014137865975499153,0.0031585944816470146,0.012889338657259941,0.010878358036279678
0.014137865975499153,0.0031585944816470146,0.012889338657259941,0.010878358036279678
0.014137865975499153,0.0031585944816470146,0.012889338657259941,0.010878358036279678
0.014137865975499153,0.0031585944816470146,0.012889338657259941,0.010878358036279678
0.014137865975499153,0.0031585944816470146,0.012889338657259941,0.010878358036279678
0.014137865975499153,0.0031585944816470146,0.012889338657259941,0.010878358036279678
0.014137865975499153,0.0031585944816470146,0.012889338657259941,0.010878358036279678
0.014137865975499153,0.0031585944816470146,0.012889338657259941,0.010878358036279678
0.014137865975499153,0.0031585944816470146,0.012889338657259941,0.010878358036279678
0.014137865975499153,0.0031585944816470146,0.012889338657259941,0.010878358036279678
0.014137865975499153,0.0031585944816470146,0.012889338657259941,0.010878358036279678
0.014137865975499153,0.0031585944816470146,0.012889338657259941,0.010878358036279678
0.014137865975499153,0.0031585944816470146,0.012889338657259941,0.010878358036279678
0.014137865975499153,0.0031585944816470146,0.012889338657259941,0.010878358036279678
0.014137865975499153,0.0031585944816470146,0.012889338657259941,0.010878358036279678
0.014137865975499153,0.0031585944816470146,0.012889338657259941,0.010878358036279678
0.014137865975499153,0.0031585944816470146,0.012889338657259941,0.010878358036279678
0.014137865975499153,0.0031585944816470146,0.012889338657259941,0.010878358036279678
0.014137865975499153,0.0031585944816470146,0.012889338657259941,0.010878358036279678
0.014137865975499153,0.0031585944816470146,0.012889338657259941,0.010878358036279678
0.014137865975499153,0.0031585944816470146,0.012889338657259941,0.010878358036279678
0.014137865975499153,0.0031585944816470146,0.012889338657259941,0.010878358036279678
0.014137865975499153,0.0031585944816470146,0.012889338657259941,0.010878358036279678
0.014137865975499153,0.0031585944816470146,0.012889338657259941,0.010878358036279678
0.014137865975499153,0.0031585944816470146,0.012889338657259941,0.010878358036279678
0.014137865975499153,0.0031585944816470146,0.012889338657259941,0.010878358036279678
0.014137865975499153,0.0031585944816470146,0.012889338657259941,0.010878358036279678
0.014137865975499153,0.0031585944816470146,0.012889338657259941,0.010878358036279678
0.014137865975499153,0.0031585944816470146,0.012889338657259941,0.010878358036279678
0.014137865975499153,0.0031585944816470146,0.012889338657259941,0.010878358036279678
0.014137865975499153,0.0031585944816470146,0.012889338657259941,0.010878358036279678
0.014137865975499153,0.0031585944816470146,0.012889338657259941,0.010878358036279678
0.014137865975499153,0.0031585944816470146,0.012889338657259941,0.010878358036279678
0.014137865975499153,0.0031585944816470146,0.012889338657259941,0.010878358036279678
0.014137865975499153,0.0031585944816470146,0.012889338657259941,0.010878358036279678
0.014137865975499153,0.0031585944816470146,0.012889338657259941,0.010878358036279678
0.014137865975499153,0.0031585944816470146,0.012889338657259941,0.010878358036279678
0.014137865975499153,0.0031585944816470146,0.012889338657259941,0.010878358036279678
0.014137865975499153,0.0031585944816470146,0.012889338657259941,0.010878358036279678
0.014137865975499153,0.0031585944816470146,0.012889338657259941,0.010878358036279678
0.014137865975499153,0.0031585944816470146,0.012889338657259941,0.010878358036279678
0.014137865975499153,0.0031585944816470146,0.012889338657259941,0.010878358036279678
0.014137865975499153,0.0031585944816470146,0.012889338657259941,0.010878358036279678
0.014137865975499153,0.0031585944816470146,0.012889338657259941,0.010878358036279678
0.014137865975499153,0.0031585944816470146,0.012889338657259941,0.010878358036279678
0.014137865975499153,0.0031585944816470146,0.012889338657259941,0.010878358036279678
0.014137865975499153,0.0031585944816470146,0.012889338657259941,0.010878358036279678
0.014137865975499153,0.0031585944816470146,0.012889338657259941,0.010878358036279678
0.014137865975499153,0.0031585944816470146,0.012889338657259941,0.010878358036279678
0.014137865975499153,0.0031585944816470146,0.012889338657259941,0.010878358036279678
0.014137865975499153,0.0031585944816470146,0.012889338657259941,0.010878358036279678
0.014137865975499153,0.0031585944816470146,0.012889338657259941,0.010878358036279678
0.014137865975499153,0.0031585944816470146,0.012889338657259941,0.010878358036279678
0.014137865975499153,0.0031585944816470146,0.012889338657259941,0.010878358036279678
0.014137865975499153,0.0031585944816470146,0.012889338657259941,0.010878358036279678
0.014137865975499153,0.0031585944816470146,0.012889338657259941,0.010878358036279678
0.014137865975499153,0.0031585944816470146,0.012889338657259941,0.010878358036279678
0.014137865975499153,0.0031585944816470146,0.012889338657259941,0.010878358036279678
0.014137865975499153,0.0031585944816470146,0.012889338657259941,0.010878358036279678
0.014137865975499153,0.0031585944816470146,0.012889338657259941,0.010878358036279678
0.014137865975499153,0.0031585944816470146,0.012889338657259941,0.010878358036279678
0.014137865975499153,0.0031585944816470146,0.012889338657259941,0.010878358036279678
0.014137865975499153,0.0031585944816470146,0.012889338657259941,0.010878358036279678
0.014137865975499153,0.0031585944816470146,0.012889338657259941,0.010878358036279678
0.014137865975499153,0.0031585944816470146,0.012889338657259941,0.010878358036279678
0.014137865975499153,0.0031585944816470146,0.012889338657259941,0.010878358036279678
0.014137865975499153,0.0031585944816470146,0.012889338657259941,0.010878358036279678
0.014137865975499153,0.0031585944816470146,0.012889338657259941,0.010878358036279678
0.014137865975499153,0.0031585944816470146,0.012889338657259941,0.010878358036279678
0.014137865975499153,0.0031585944816470146,0.012889338657259941,0.010878358036279678
0.014137865975499153,0.0031585944816470146,0.012889338657259941,0.010878358036279678
0.014137865975499153,0.0031585944816470146,0.012889338657259941,0.010878358036279678
0.014137865975499153,0.0031585944816470146,0.012889338657259941,0.010878358036279678
0.014137865975499153,0.0031585944816470146,0.012889338657259941,0.010878358036279678
0.014137865975499153,0.0031585944816470146,0.012889338657259941,0.010878358036279678
0.014137865975499153,0.0031585944816470146,0.012889338657259941,0.010878358036279678
0.014137865975499153,0.0031585944816470146,0.012889338657259941,0.010878358036279678
0.014137865975499153,0.0031585944816470146,0.012889338657259941,0.010878358036279678
0.014137865975499153,0.0031585944816470146,0.012889338657259941,0.010878358036279678
0.014137865975499153,0.0031585944816470146,0.012889338657259941,0.010878358036279678
0.014137865975499153,0.0031585944816470146,0.012889338657259941,0.010878358036279678
0.014137865975499153,0.0031585944816470146,0.012889338657259941,0.010878358036279678
0.014137865975499153,0.0031585944816470146,0.012889338657259941,0.010878358036279678
0.014137865975499153,0.0031585944816470146,0.012889338657259941,0.010878358036279678
0.014137865975499153,0.0031585944816470146,0.012889338657259941,0.010878358036279678
0.014137865975499153,0.0031585944816470146,0.012889338657259941,0.010878358036279678
0.014137865975499153,0.0031585944816470146,0.012889338657259941,0.010878358036279678
0.014137865975499153,0.0031585944816470146,0.012889338657259941,0.010878358036279678
0.014137865975499153,0.0031585944816470146,0.012889338657259941,0.010878358036279678
0.014137865975499153,0.0031585944816470146,0.012889338657259941,0.010878358036279678
0.014137865975499153,0.0031585944816470146,0.012889338657259941,0.010878358036279678
0.014137865975499153,0.0031585944816470146,0.012889338657259941,0.010878358036279678
0.014137865975499153,0.0031585944816470146,0.012889338657259941,0.010878358036279678
0.014137865975499153,0.0031585944816470146,0.012889338657259941,0.010878358036279678
0.014137865975499153,0.0031585944816470146,0.012889338657259941,0.010878358036279678
0.014137865975499153,0.0031585944816470146,0.012889338657259941,0.010878358036279678
0.014137865975499153,0.0031585944816470146,0.012889338657259941,0.010878358036279678
0.014137865975499153,0.0031585944816470146,0.012889338657259941,0.010878358036279678
0.014137865975499153,0.0031585944816470146,0.012889338657259941,0.010878358036279678
0.014137865975499153,0.0031585944816470146,0.012889338657259941,0.010878358036279678
0.014137865975499153,0.0031585944816470146,0.012889338657259941,0.010878358036279678
0.014137865975499153,0.0031585944816470146,0.012889338657259941,0.010878358036279678
