vx,vy,vz,omega_z
0.014204854145646095,0.003210584633052349,0.012712566182017326,0.011108901351690292
0.014308769255876541,0.0031995950266718864,0.012598531320691109,0.011274091899394989
0.014367140829563141,0.003098631277680397,0.012578221037983894,0.011228140443563461
0.014300219714641571,0.0030264174565672874,0.012655874714255333,0.011132873594760895
0.014256129041314125,0.0030364012345671654,0.012644181028008461,0.01130746304988861
0.014267221093177795,0.0030856411904096603,0.01265767402946949,0.011536862701177597
0.014357335865497589,0.0030845394358038902,0.01266993023455143,0.01170744001865387
0.014443483203649521,0.0030389968305826187,0.012702109292149544,0.011809967458248138
0.014523625373840332,0.0030183792114257812,0.01276443712413311,0.011475972831249237
0.014551252126693726,0.003032970242202282,0.012780362740159035,0.01103215292096138
0.014411462470889091,0.00309581495821476,0.012910963967442513,0.010844003409147263
0.014274554327130318,0.0031774714589118958,0.012946875765919685,0.01085730642080307
0.01421579159796238,0.00323646143078804,0.012930257245898247,0.010904967784881592
0.014176439493894577,0.0032701240852475166,0.012913042679429054,0.01092192530632019
0.014160122722387314,0.0032811304554343224,0.012905927374958992,0.010924380272626877
0.014168666675686836,0.003267969936132431,0.012878863140940666,0.010918207466602325
0.01417931355535984,0.0032411785796284676,0.012862393632531166,0.010910972952842712
0.014184003695845604,0.003210371360182762,0.012845432385802269,0.010863937437534332
0.014180304482579231,0.003176734782755375,0.012835865840315819,0.010811883956193924
0.014174740761518478,0.0031494563445448875,0.01283322088420391,0.010790660977363586
0.014171972870826721,0.0031305765733122826,0.012832941487431526,0.010783325880765915
0.014170784503221512,0.0031181545928120613,0.012833265587687492,0.01078096404671669
0.014170322567224503,0.0031157955527305603,0.012838775292038918,0.01078309491276741
0.01416807621717453,0.0031243087723851204,0.01284465380012989,0.010795731097459793
0.0141657255589962,0.0031358627602458,0.012846114113926888,0.010809294879436493
0.014156518504023552,0.0031457068398594856,0.012853702530264854,0.0108204185962677
0.014146825298666954,0.0031532542780041695,0.012857330963015556,0.01082858070731163
0.014142157509922981,0.003158590756356716,0.012857558205723763,0.010832443833351135
0.01414014957845211,0.003162216395139694,0.012857308611273766,0.010833919048309326
0.014150228351354599,0.0031609414145350456,0.012852450832724571,0.010829754173755646
0.014159733429551125,0.00315665639936924,0.012851385399699211,0.010819490998983383
0.014163365587592125,0.003153190016746521,0.012851817533373833,0.01081351563334465
0.01416533812880516,0.003151439130306244,0.012851117178797722,0.010797027498483658
0.014167329296469688,0.003150811418890953,0.012850882485508919,0.010778091847896576
0.014168458059430122,0.00315032247453928,0.012851046398282051,0.010768812149763107
0.014169005677103996,0.003149797208607197,0.012851199135184288,0.010764751583337784
0.01416921429336071,0.003149351105093956,0.012851310893893242,0.010763317346572876
0.014169298112392426,0.003149019554257393,0.01285136304795742,0.010762825608253479
0.01416742242872715,0.0031503280624747276,0.01285121776163578,0.010766062885522842
0.014165285974740982,0.0031526805832982063,0.012851515784859657,0.010769352316856384
0.014164255931973457,0.003154514357447624,0.012851746752858162,0.010770756751298904
0.014162128791213036,0.003155467100441456,0.012850349768996239,0.010772235691547394
0.014160355553030968,0.0031557828187942505,0.012849265709519386,0.01077394187450409
0.014159640297293663,0.0031558629125356674,0.012848960235714912,0.010774806141853333
0.014159375801682472,0.0031558675691485405,0.012848885729908943,0.010775133967399597
0.01415928453207016,0.0031558573246002197,0.01284886710345745,0.01077524945139885
0.014159245416522026,0.003155824728310108,0.012848882004618645,0.010775294154882431
0.014159230515360832,0.003155789338052273,0.012848889455199242,0.01077529788017273
0.014159226790070534,0.003155764192342758,0.01284889318048954,0.01077529788017273
0.014159226790070534,0.0031557483598589897,0.01284889318048954,0.01077529788017273
0.014159226790070534,0.003155739977955818,0.01284889318048954,0.01077529788017273
0.014159226790070534,0.003155735321342945,0.01284889318048954,0.01077529788017273
0.014159226790070534,0.0031557315960526466,0.01284889318048954,0.01077529788017273
0.014159226790070534,0.0031557297334074974,0.01284889318048954,0.01077529788017273
0.014159226790070534,0.003155728802084923,0.01284889318048954,0.01077529788017273
0.014159226790070534,0.003155728802084923,0.01284889318048954,0.01077529788017273
0.014159226790070534,0.003155728802084923,0.01284889318048954,0.01077529788017273
0.014159226790070534,0.003155728802084923,0.01284889318048954,0.01077529788017273
0.014159226790070534,0.003155728802084923,0.01284889318048954,0.01077529788017273
0.014159226790070534,0.003155728802084923,0.01284889318048954,0.01077529788017273
0.014159226790070534,0.003155728802084923,0.01284889318048954,0.01077529788017273
0.014159226790070534,0.003155728802084923,0.01284889318048954,0.01077529788017273
0.014159226790070534,0.003155728802084923,0.01284889318048954,0.01077529788017273
0.014159226790070534,0.003155728802084923,0.01284889318048954,0.01077529788017273
0.014159226790070534,0.003155728802084923,0.01284889318048954,0.01077529788017273
0.014159226790070534,0.003155728802084923,0.01284889318048954,0.01077529788017273
0.014159226790070534,0.003155728802084923,0.01284889318048954,0.01077529788017273
0.014159226790070534,0.003155728802084923,0.01284889318048954,0.01077529788017273
0.014159226790070534,0.003155728802084923,0.01284889318048954,0.01077529788017273
0.014160912483930588,0.003155943937599659,0.012850428000092506,0.01077435165643692
0.014162486419081688,0.003156302496790886,0.01285160519182682,0.010772861540317535
0.014165041968226433,0.003155052661895752,0.01285216398537159,0.010768666863441467
0.014167413115501404,0.0031527290120720863,0.012852000072598457,0.010765023529529572
0.014168471097946167,0.003151080571115017,0.012851795181632042,0.010764308273792267
0.014168860390782356,0.0031501874327659607,0.012851683422923088,0.0107647143304348
0.014169028028845787,0.0031497273594141006,0.012851620092988014,0.0107649564743042
0.014169106259942055,0.0031494926661252975,0.012851567938923836,0.01076505333185196
0.014169145375490189,0.0031494004651904106,0.012851526960730553,0.010765064507722855
0.014169158414006233,0.0031493771821260452,0.01285148598253727,0.010765071958303452
0.014169169589877129,0.003149372525513172,0.012851474806666374,0.010765079408884048
0.014169169589877129,0.0031493715941905975,0.012851474806666374,0.010765079408884048
0.014169169589877129,0.0031493697315454483,0.012851474806666374,0.010765079408884048
0.014169169589877129,0.0031493697315454483,0.012851474806666374,0.010765079408884048
0.014169169589877129,0.0031493697315454483,0.012851474806666374,0.010765079408884048
0.014169169589877129,0.0031493697315454483,0.012851474806666374,0.010765079408884048
0.014169169589877129,0.0031493697315454483,0.012851474806666374,0.010765079408884048
0.014169169589877129,0.0031493697315454483,0.012851474806666374,0.010765079408884048
0.014169169589877129,0.0031493697315454483,0.012851474806666374,0.010765079408884048
0.014169169589877129,0.0031493697315454483,0.012851474806666374,0.010765079408884048
0.014169169589877129,0.0031493697315454483,0.012851474806666374,0.010765079408884048
0.014165205880999565,0.003149650990962982,0.0128535907715559,0.010785579681396484
0.014160316437482834,0.003150208853185177,0.01285422034561634,0.010812703520059586
0.014158003032207489,0.0031507564708590508,0.01285390742123127,0.010825283825397491
0.01415678858757019,0.0031511997804045677,0.012853959575295448,0.010830644518136978
0.01415620930492878,0.003151523880660534,0.012853959575295448,0.010833188891410828
0.014155987650156021,0.0031517548486590385,0.012853877618908882,0.010834164917469025
0.014155909419059753,0.003151923418045044,0.012853821739554405,0.01083449274301529
0.014155887067317963,0.00315204169601202,0.012853803113102913,0.010834597051143646
0.014155874028801918,0.0031521348282694817,0.012853780761361122,0.010834623128175735
0.014155860990285873,0.0031522009521722794,0.012853769585490227,0.010834626853466034
0.014155857264995575,0.0031522465869784355,0.012853765860199928,0.010834626853466034
0.014155857264995575,0.00315227173268795,0.012853765860199928,0.010834626853466034
0.014155857264995575,0.003152286633849144,0.012853765860199928,0.010834626853466034
0.014155857264995575,0.0031522968783974648,0.012853765860199928,0.010834626853466034
0.014155857264995575,0.0031523024663329124,0.012853765860199928,0.010834626853466034
0.014155857264995575,0.0031523043289780617,0.012853765860199928,0.010834626853466034
0.014155857264995575,0.00315230805426836,0.012853765860199928,0.010834626853466034
0.014155857264995575,0.0031523099169135094,0.012853765860199928,0.010834626853466034
0.014148183166980743,0.0031551849097013474,0.012857289984822273,0.010832872241735458
0.014141637831926346,0.0031597455963492393,0.012857956811785698,0.010834239423274994
0.014145132154226303,0.003161597065627575,0.012854529544711113,0.01082085445523262
0.014150528237223625,0.0031610671430826187,0.012852603569626808,0.0108041912317276
0.0141530130058527,0.0031601274386048317,0.012852368876338005,0.010796591639518738
0.014154022559523582,0.0031592808663845062,0.012852387502789497,0.010793808847665787
0.01415441744029522,0.0031586382538080215,0.01285245455801487,0.010792873799800873
0.014154583215713501,0.0031581809744238853,0.012852517887949944,0.0107925646007061
0.01415465958416462,0.0031578755006194115,0.012852555140852928,0.01079246774315834
0.014154700562357903,0.003157663159072399,0.012852577492594719,0.010792441666126251
0.014154704287648201,0.0031575309112668037,0.012852584943175316,0.010792434215545654
0.0141547080129385,0.00315743125975132,0.012852607294917107,0.010792423039674759
0.014154154807329178,0.0031574517488479614,0.012853225693106651,0.010791938751935959
0.014153681695461273,0.0031575486063957214,0.01285344548523426,0.010791610926389694
0.014153491705656052,0.003157626837491989,0.012853452935814857,0.01079154759645462
0.014153432101011276,0.0031576836481690407,0.012853438034653664,0.01079154759645462
0.014153141528367996,0.0031579509377479553,0.012853292748332024,0.010791048407554626
0.01415286585688591,0.0031583281233906746,0.012853218242526054,0.010790381580591202
0.014152750372886658,0.003158610314130783,0.012853210791945457,0.01079012081027031
0.014152705669403076,0.003158796578645706,0.012853199616074562,0.010790009051561356
0.014152683317661285,0.003158911131322384,0.012853192165493965,0.010789960622787476
0.014152683317661285,0.003158983774483204,0.012853192165493965,0.010789953172206879
0.014152683317661285,0.0031590284779667854,0.012853192165493965,0.010789953172206879
0.014152683317661285,0.0031590554863214493,0.012853192165493965,0.010789953172206879
0.014154931530356407,0.0031553711742162704,0.012850506231188774,0.010779771953821182
0.01415734738111496,0.003148922696709633,0.012849455699324608,0.010767165571451187
0.014158390462398529,0.0031378846615552902,0.012844612821936607,0.010758467018604279
0.014158617705106735,0.003124067559838295,0.012842101976275444,0.010753646492958069
0.014158617705106735,0.0031130053102970123,0.012842191383242607,0.0107518769800663
0.01415860652923584,0.0031050974503159523,0.012842768803238869,0.010751314461231232
0.014158617705106735,0.0030996790155768394,0.012843279168009758,0.010751154273748398
0.014158645644783974,0.0030960198491811752,0.012843655422329903,0.010751113295555115
0.014158662408590317,0.003093578852713108,0.012843916192650795,0.010751098394393921
0.01415865309536457,0.003091988153755665,0.012844061478972435,0.010751098394393921
0.014158656820654869,0.003090941347181797,0.012844165787100792,0.010751098394393921
0.014158656820654869,0.003090248443186283,0.012844229117035866,0.010751098394393921
0.014158656820654869,0.0030897706747055054,0.012844296172261238,0.010751098394393921
0.014158656820654869,0.003089473582804203,0.012844322249293327,0.010751098394393921
0.014158656820654869,0.0030892789363861084,0.012844333425164223,0.010751098394393921
0.014158656820654869,0.0030891485512256622,0.012844355776906013,0.010751098394393921
0.014158656820654869,0.003089054487645626,0.01284436322748661,0.010751098394393921
0.014158656820654869,0.003088996745646,0.012844366952776909,0.010751098394393921
0.014158656820654869,0.00308896042406559,0.012844366952776909,0.010751098394393921
0.014158656820654869,0.0030889399349689484,0.012844366952776909,0.010751098394393921
0.014158656820654869,0.0030889268964529037,0.012844366952776909,0.010751098394393921
0.014158656820654869,0.003088918514549732,0.012844366952776909,0.010751098394393921
0.014158656820654869,0.0030889157205820084,0.012844366952776909,0.010751098394393921
0.014158656820654869,0.0030889129266142845,0.012844366952776909,0.010751098394393921
0.014158656820654869,0.0030889110639691353,0.012844366952776909,0.010751098394393921
0.014158656820654869,0.0030889082700014114,0.012844366952776909,0.010751098394393921
0.014158656820654869,0.0030889082700014114,0.012844366952776909,0.010751098394393921
0.014158656820654869,0.0030889082700014114,0.012844366952776909,0.010751098394393921
0.014158656820654869,0.0030889082700014114,0.012844366952776909,0.010751098394393921
0.014158656820654869,0.0030889082700014114,0.012844366952776909,0.010751098394393921
0.014158656820654869,0.0030889082700014114,0.012844366952776909,0.010751098394393921
0.014158656820654869,0.0030889082700014114,0.012844366952776909,0.010751098394393921
0.014158656820654869,0.0030889082700014114,0.012844366952776909,0.010751098394393921
0.014158656820654869,0.0030889082700014114,0.012844366952776909,0.010751098394393921
0.014158656820654869,0.0030889082700014114,0.012844366952776909,0.010751098394393921
0.014158656820654869,0.0030889082700014114,0.012844366952776909,0.010751098394393921
0.014158656820654869,0.0030889082700014114,0.012844366952776909,0.010751098394393921
0.014158656820654869,0.0030889082700014114,0.012844366952776909,0.010751098394393921
0.014158656820654869,0.0030889082700014114,0.012844366952776909,0.010751098394393921
0.01416495069861412,0.0030898861587047577,0.012840470299124718,0.010750364512205124
0.014169206842780113,0.003091638907790184,0.012838130816817284,0.010749462991952896
0.014170251786708832,0.0030931709334254265,0.012837303802371025,0.010748825967311859
0.014170464128255844,0.003094310872256756,0.012836901471018791,0.010748591274023056
0.014170490205287933,0.0030951257795095444,0.012836696580052376,0.010748527944087982
0.014174487441778183,0.003097894601523876,0.012836279347538948,0.01075698807835579
0.014177758246660233,0.003102218732237816,0.01283637247979641,0.010766662657260895
0.014178944751620293,0.0031058648601174355,0.012836234644055367,0.010770794004201889
0.014179356396198273,0.0031085405498743057,0.012835970148444176,0.010772217065095901
0.014179503545165062,0.0031103836372494698,0.012835772708058357,0.010772667825222015
0.014179544523358345,0.003111661411821842,0.012835616245865822,0.010772809386253357
0.014179561287164688,0.003112519159913063,0.01283552311360836,0.010772880166769028
0.014179561287164688,0.0031131142750382423,0.012835429981350899,0.010772895067930222
0.014179561287164688,0.0031135082244873047,0.012835389003157616,0.010772895067930222
0.014179576188325882,0.003113771788775921,0.01283535547554493,0.010772895067930222
0.014179576188325882,0.0031139319762587547,0.012835351750254631,0.010772895067930222
0.014179576188325882,0.0031140269711613655,0.012835351750254631,0.010772895067930222
0.014179576188325882,0.003114081919193268,0.012835351750254631,0.010772895067930222
0.014179576188325882,0.0031141163781285286,0.012835351750254631,0.010772895067930222
0.014179576188325882,0.003114135004580021,0.012835351750254631,0.010772895067930222
0.014179576188325882,0.0031141480430960655,0.012835351750254631,0.010772895067930222
0.014179576188325882,0.0031141554936766624,0.012835351750254631,0.010772895067930222
0.014179576188325882,0.0031141601502895355,0.012835351750254631,0.010772895067930222
0.014179576188325882,0.0031141629442572594,0.012835351750254631,0.010772895067930222
0.014179576188325882,0.003114163875579834,0.012835351750254631,0.010772895067930222
0.014179576188325882,0.003114163875579834,0.012835351750254631,0.010772895067930222
0.014179576188325882,0.003114163875579834,0.012835351750254631,0.010772895067930222
0.014179576188325882,0.003114163875579834,0.012835351750254631,0.010772895067930222
0.014179576188325882,0.003114163875579834,0.012835351750254631,0.010772895067930222
0.014179576188325882,0.003114163875579834,0.012835351750254631,0.010772895067930222
0.014179576188325882,0.003114163875579834,0.012835351750254631,0.010772895067930222
0.014179576188325882,0.003114163875579834,0.012835351750254631,0.010772895067930222
0.014179576188325882,0.003114163875579834,0.012835351750254631,0.010772895067930222
0.014179576188325882,0.003114163875579834,0.012835351750254631,0.010772895067930222
0.014179576188325882,0.003114163875579834,0.012835351750254631,0.010772895067930222
0.014179576188325882,0.003114163875579834,0.012835351750254631,0.010772895067930222
0.014179576188325882,0.003114163875579834,0.012835351750254631,0.010772895067930222
0.014179576188325882,0.003114163875579834,0.012835351750254631,0.010772895067930222
0.014179576188325882,0.003114163875579834,0.012835351750254631,0.010772895067930222
0.014179576188325882,0.003114163875579834,0.012835351750254631,0.010772895067930222
0.014179576188325882,0.003114163875579834,0.012835351750254631,0.010772895067930222
0.014179576188325882,0.003114163875579834,0.012835351750254631,0.010772895067930222
0.014179576188325882,0.003114163875579834,0.012835351750254631,0.010772895067930222
0.014179576188325882,0.003114163875579834,0.012835351750254631,0.010772895067930222
0.014179576188325882,0.003114163875579834,0.012835351750254631,0.010772895067930222
0.014179576188325882,0.003114163875579834,0.012835351750254631,0.010772895067930222
0.014179576188325882,0.003114163875579834,0.012835351750254631,0.010772895067930222
0.014179576188325882,0.003114163875579834,0.012835351750254631,0.010772895067930222
0.014179576188325882,0.003114163875579834,0.012835351750254631,0.010772895067930222
0.014179576188325882,0.003114163875579834,0.012835351750254631,0.010772895067930222
0.014179576188325882,0.003114163875579834,0.012835351750254631,0.010772895067930222
0.014179576188325882,0.003114163875579834,0.012835351750254631,0.010772895067930222
0.014179576188325882,0.003114163875579834,0.012835351750254631,0.010772895067930222
0.014179576188325882,0.003114163875579834,0.012835351750254631,0.010772895067930222
0.014179576188325882,0.003114163875579834,0.012835351750254631,0.010772895067930222
0.014179576188325882,0.003114163875579834,0.012835351750254631,0.010772895067930222
0.014179576188325882,0.003114163875579834,0.012835351750254631,0.010772895067930222
0.014179576188325882,0.003114163875579834,0.012835351750254631,0.010772895067930222
0.014179576188325882,0.003114163875579834,0.012835351750254631,0.010772895067930222
0.014179576188325882,0.003114163875579834,0.012835351750254631,0.010772895067930222
0.014179576188325882,0.003114163875579834,0.012835351750254631,0.010772895067930222
0.014179576188325882,0.003114163875579834,0.012835351750254631,0.010772895067930222
0.014179576188325882,0.003114163875579834,0.012835351750254631,0.010772895067930222
0.014179576188325882,0.003114163875579834,0.012835351750254631,0.010772895067930222
0.014179576188325882,0.003114163875579834,0.012835351750254631,0.010772895067930222
0.014179576188325882,0.003114163875579834,0.012835351750254631,0.010772895067930222
0.014179576188325882,0.003114163875579834,0.012835351750254631,0.010772895067930222
0.014179576188325882,0.003114163875579834,0.012835351750254631,0.010772895067930222
0.014179576188325882,0.003114163875579834,0.012835351750254631,0.010772895067930222
0.014179576188325882,0.003114163875579834,0.012835351750254631,0.010772895067930222
0.014179576188325882,0.003114163875579834,0.012835351750254631,0.010772895067930222
0.014179576188325882,0.003114163875579834,0.012835351750254631,0.010772895067930222
0.014179576188325882,0.003114163875579834,0.012835351750254631,0.010772895067930222
0.014179576188325882,0.003114163875579834,0.012835351750254631,0.010772895067930222
0.014179576188325882,0.003114163875579834,0.012835351750254631,0.010772895067930222
0.014179576188325882,0.003114163875579834,0.012835351750254631,0.010772895067930222
0.014179576188325882,0.003114163875579834,0.012835351750254631,0.010772895067930222
0.014179576188325882,0.003114163875579834,0.012835351750254631,0.010772895067930222
0.014179576188325882,0.003114163875579834,0.012835351750254631,0.010772895067930222
0.014179576188325882,0.003114163875579834,0.012835351750254631,0.010772895067930222
0.014179576188325882,0.003114163875579834,0.012835351750254631,0.010772895067930222
0.014179576188325882,0.003114163875579834,0.012835351750254631,0.010772895067930222
0.014179576188325882,0.003114163875579834,0.012835351750254631,0.010772895067930222
0.014179576188325882,0.003114163875579834,0.012835351750254631,0.010772895067930222
0.014179576188325882,0.003114163875579834,0.012835351750254631,0.010772895067930222
0.014179576188325882,0.003114163875579834,0.012835351750254631,0.010772895067930222
0.014179576188325882,0.003114163875579834,0.012835351750254631,0.010772895067930222
0.014179576188325882,0.003114163875579834,0.012835351750254631,0.010772895067930222
0.014179576188325882,0.003114163875579834,0.012835351750254631,0.010772895067930222
0.014179576188325882,0.003114163875579834,0.012835351750254631,0.010772895067930222
0.014179576188325882,0.003114163875579834,0.012835351750254631,0.010772895067930222
0.014179576188325882,0.003114163875579834,0.012835351750254631,0.010772895067930222
0.014179576188325882,0.003114163875579834,0.012835351750254631,0.010772895067930222
0.014179576188325882,0.003114163875579834,0.012835351750254631,0.010772895067930222
0.014179576188325882,0.003114163875579834,0.012835351750254631,0.010772895067930222
0.014179576188325882,0.003114163875579834,0.012835351750254631,0.010772895067930222
0.014179576188325882,0.003114163875579834,0.012835351750254631,0.010772895067930222
0.014179576188325882,0.003114163875579834,0.012835351750254631,0.010772895067930222
0.014179576188325882,0.003114163875579834,0.012835351750254631,0.010772895067930222
0.014179576188325882,0.003114163875579834,0.012835351750254631,0.010772895067930222
0.014179576188325882,0.003114163875579834,0.012835351750254631,0.010772895067930222
0.014179576188325882,0.003114163875579834,0.012835351750254631,0.010772895067930222
0.014179576188325882,0.003114163875579834,0.012835351750254631,0.010772895067930222
0.014179576188325882,0.003114163875579834,0.012835351750254631,0.010772895067930222
0.014179576188325882,0.003114163875579834,0.012835351750254631,0.010772895067930222
0.014179576188325882,0.003114163875579834,0.012835351750254631,0.010772895067930222
0.014179576188325882,0.003114163875579834,0.012835351750254631,0.010772895067930222
0.014179576188325882,0.003114163875579834,0.012835351750254631,0.010772895067930222
0.014179576188325882,0.003114163875579834,0.012835351750254631,0.010772895067930222
0.014179576188325882,0.003114163875579834,0.012835351750254631,0.010772895067930222
0.014179576188325882,0.003114163875579834,0.012835351750254631,0.010772895067930222
0.014179576188325882,0.003114163875579834,0.012835351750254631,0.010772895067930222
0.014179576188325882,0.003114163875579834,0.012835351750254631,0.010772895067930222
0.014179576188325882,0.003114163875579834,0.012835351750254631,0.010772895067930222
0.014179576188325882,0.003114163875579834,0.012835351750254631,0.010772895067930222
0.014179576188325882,0.003114163875579834,0.012835351750254631,0.010772895067930222
0.014179576188325882,0.003114163875579834,0.012835351750254631,0.010772895067930222
0.014179576188325882,0.003114163875579834,0.012835351750254631,0.010772895067930222
0.014179576188325882,0.003114163875579834,0.012835351750254631,0.010772895067930222
0.014181967824697495,0.003117918036878109,0.012841502204537392,0.01081007719039917
0.014184003695845604,0.0031245555728673935,0.012845946475863457,0.010854780673980713
0.01418486051261425,0.00313018262386322,0.012846911326050758,0.010874684900045395
0.014185192063450813,0.003134295344352722,0.012846896424889565,0.010881856083869934
0.01418532058596611,0.0031371470540761948,0.012846695259213448,0.010884217917919159
0.014185382053256035,0.0031390786170959473,0.012846535071730614,0.010884951800107956
0.014185400679707527,0.0031403712928295135,0.012846415862441063,0.01088518276810646
0.014185400679707527,0.0031412383541464806,0.012846319004893303,0.01088523119688034
0.014185408130288124,0.0031418120488524437,0.012846255674958229,0.01088523119688034
0.014185408130288124,0.003142191097140312,0.012846218422055244,0.01088523119688034
0.014185408130288124,0.0031424425542354584,0.012846196070313454,0.01088523119688034
0.014185408130288124,0.0031426064670085907,0.012846173718571663,0.01088523119688034
0.014185408130288124,0.0031427154317498207,0.012846166267991066,0.01088523119688034
0.014185408130288124,0.0031427787616848946,0.012846166267991066,0.01088523119688034
0.014185408130288124,0.003142816014587879,0.012846166267991066,0.01088523119688034
0.014185763895511627,0.003143315203487873,0.01284845732152462,0.010895900428295135
0.014185627922415733,0.003144023008644581,0.01284988783299923,0.010909125208854675
0.014185423031449318,0.0031444700434803963,0.012850197032094002,0.010915100574493408
0.014185307547450066,0.0031447093933820724,0.01285027526319027,0.010917291045188904
0.014185264706611633,0.0031448276713490486,0.012850308790802956,0.01091800257563591
0.014185242354869843,0.0031448667868971825,0.012850334867835045,0.010918226093053818
0.014185234904289246,0.0031448733061552048,0.012850364670157433,0.01091829314827919
0.014185234904289246,0.003144858404994011,0.012850375846028328,0.010918296873569489
0.014185234904289246,0.003144850954413414,0.012850375846028328,0.010918304324150085
0.014185234904289246,0.00314484816044569,0.012850375846028328,0.010918304324150085
0.014185234904289246,0.0031448453664779663,0.012850375846028328,0.010918304324150085
0.014185234904289246,0.003144843503832817,0.012850375846028328,0.010918304324150085
0.014185234904289246,0.003144843503832817,0.012850375846028328,0.010918304324150085
0.014185234904289246,0.003144843503832817,0.012850375846028328,0.010918304324150085
0.014185234904289246,0.003144843503832817,0.012850375846028328,0.010918304324150085
0.014185234904289246,0.003144843503832817,0.012850375846028328,0.010918304324150085
0.014185234904289246,0.003144843503832817,0.012850375846028328,0.010918304324150085
0.014185234904289246,0.003144843503832817,0.012850375846028328,0.010918304324150085
0.014185234904289246,0.003144843503832817,0.012850375846028328,0.010918304324150085
0.014185234904289246,0.003144843503832817,0.012850375846028328,0.010918304324150085
0.014185234904289246,0.003144843503832817,0.012850375846028328,0.010918304324150085
0.014185234904289246,0.003144843503832817,0.012850375846028328,0.010918304324150085
0.014185234904289246,0.003144843503832817,0.012850375846028328,0.010918304324150085
0.014185234904289246,0.003144843503832817,0.012850375846028328,0.010918304324150085
0.014185234904289246,0.003144843503832817,0.012850375846028328,0.010918304324150085
0.014185234904289246,0.003144843503832817,0.012850375846028328,0.010918304324150085
0.014185234904289246,0.003144843503832817,0.012850375846028328,0.010918304324150085
0.014185234904289246,0.003144843503832817,0.012850375846028328,0.010918304324150085
0.014185234904289246,0.003144843503832817,0.012850375846028328,0.010918304324150085
0.014185234904289246,0.003144843503832817,0.012850375846028328,0.010918304324150085
0.014185234904289246,0.003144843503832817,0.012850375846028328,0.010918304324150085
0.014185234904289246,0.003144843503832817,0.012850375846028328,0.010918304324150085
0.014185234904289246,0.003144843503832817,0.012850375846028328,0.010918304324150085
0.014185234904289246,0.003144843503832817,0.012850375846028328,0.010918304324150085
0.014185234904289246,0.003144843503832817,0.012850375846028328,0.010918304324150085
0.014185234904289246,0.003144843503832817,0.012850375846028328,0.010918304324150085
0.014185234904289246,0.003144843503832817,0.012850375846028328,0.010918304324150085
0.014185234904289246,0.003144843503832817,0.012850375846028328,0.010918304324150085
0.014185234904289246,0.003144843503832817,0.012850375846028328,0.010918304324150085
0.014185234904289246,0.003144843503832817,0.012850375846028328,0.010918304324150085
0.014185234904289246,0.003144843503832817,0.012850375846028328,0.010918304324150085
0.014185234904289246,0.003144843503832817,0.012850375846028328,0.010918304324150085
0.014185234904289246,0.003144843503832817,0.012850375846028328,0.010918304324150085
0.014185234904289246,0.003144843503832817,0.012850375846028328,0.010918304324150085
0.014175653457641602,0.0031435033306479454,0.012861477211117744,0.01090943068265915
0.014167580753564835,0.0031406795606017113,0.012867508456110954,0.010901417583227158
0.014164555817842484,0.0031378017738461494,0.012869300320744514,0.010898854583501816
0.014163453131914139,0.0031353523954749107,0.01287018321454525,0.010898154228925705
0.014163035899400711,0.0031334273517131805,0.012870712205767632,0.010897967964410782
0.014162875711917877,0.0031319893896579742,0.012871047481894493,0.010897930711507797
0.014162801206111908,0.003130928613245487,0.0128712747246027,0.010897908359766006
0.014162780717015266,0.0031301621347665787,0.012871427461504936,0.0108979232609272
0.014162765815854073,0.0031296145170927048,0.0128715168684721,0.0108979232609272
0.014162758365273476,0.0031292298808693886,0.012871572747826576,0.0108979232609272
0.014162758365273476,0.0031289830803871155,0.012871602550148964,0.0108979232609272
0.014162758365273476,0.0031288228929042816,0.01287161372601986,0.0108979232609272
0.014162758365273476,0.0031286990270018578,0.012871647253632545,0.0108979232609272
0.014162758365273476,0.003128625452518463,0.012871647253632545,0.0108979232609272
0.014162758365273476,0.0031285835430026054,0.012871647253632545,0.0108979232609272
0.014162758365273476,0.003128557465970516,0.012871647253632545,0.0108979232609272
0.014162758365273476,0.0031285397708415985,0.012871647253632545,0.0108979232609272
0.014162758365273476,0.0031285304576158524,0.012871647253632545,0.0108979232609272
0.014162758365273476,0.0031285258010029793,0.012871647253632545,0.0108979232609272
0.014162758365273476,0.0031285202130675316,0.012871647253632545,0.0108979232609272
0.014162758365273476,0.0031285202130675316,0.012871647253632545,0.0108979232609272
0.014162758365273476,0.0031285202130675316,0.012871647253632545,0.0108979232609272
0.014162758365273476,0.0031285202130675316,0.012871647253632545,0.0108979232609272
0.014162758365273476,0.0031285202130675316,0.012871647253632545,0.0108979232609272
0.014162758365273476,0.0031285202130675316,0.012871647253632545,0.0108979232609272
0.014162758365273476,0.0031285202130675316,0.012871647253632545,0.0108979232609272
0.014162758365273476,0.0031285202130675316,0.012871647253632545,0.0108979232609272
0.014162758365273476,0.0031285202130675316,0.012871647253632545,0.0108979232609272
0.014162758365273476,0.0031285202130675316,0.012871647253632545,0.0108979232609272
0.014162758365273476,0.0031285202130675316,0.012871647253632545,0.0108979232609272
0.014162758365273476,0.0031285202130675316,0.012871647253632545,0.0108979232609272
0.014162758365273476,0.0031285202130675316,0.012871647253632545,0.0108979232609272
0.014162758365273476,0.0031285202130675316,0.012871647253632545,0.0108979232609272
0.014162758365273476,0.0031285202130675316,0.012871647253632545,0.0108979232609272
0.014162758365273476,0.0031285202130675316,0.012871647253632545,0.0108979232609272
0.014162758365273476,0.0031285202130675316,0.012871647253632545,0.0108979232609272
0.014162758365273476,0.0031285202130675316,0.012871647253632545,0.0108979232609272
0.014162758365273476,0.0031285202130675316,0.012871647253632545,0.0108979232609272
0.014162758365273476,0.0031285202130675316,0.012871647253632545,0.0108979232609272
0.014162758365273476,0.0031285202130675316,0.012871647253632545,0.0108979232609272
0.014162758365273476,0.0031285202130675316,0.012871647253632545,0.0108979232609272
0.014162758365273476,0.0031285202130675316,0.012871647253632545,0.0108979232609272
0.014162758365273476,0.0031285202130675316,0.012871647253632545,0.0108979232609272
0.014162758365273476,0.0031285202130675316,0.012871647253632545,0.0108979232609272
0.014162758365273476,0.0031285202130675316,0.012871647253632545,0.0108979232609272
0.014162758365273476,0.0031285202130675316,0.012871647253632545,0.0108979232609272
0.014162758365273476,0.0031285202130675316,0.012871647253632545,0.0108979232609272
0.014162758365273476,0.0031285202130675316,0.012871647253632545,0.0108979232609272
0.014162758365273476,0.0031285202130675316,0.012871647253632545,0.0108979232609272
0.014162758365273476,0.0031285202130675316,0.012871647253632545,0.0108979232609272
0.014162758365273476,0.0031285202130675316,0.012871647253632545,0.0108979232609272
0.014162758365273476,0.0031285202130675316,0.012871647253632545,0.0108979232609272
0.014162758365273476,0.0031285202130675316,0.012871647253632545,0.0108979232609272
0.014162758365273476,0.0031285202130675316,0.012871647253632545,0.0108979232609272
0.014162758365273476,0.0031285202130675316,0.012871647253632545,0.0108979232609272
0.014162758365273476,0.0031285202130675316,0.012871647253632545,0.0108979232609272
0.014162758365273476,0.0031285202130675316,0.012871647253632545,0.0108979232609272
0.014162758365273476,0.0031285202130675316,0.012871647253632545,0.0108979232609272
0.014162758365273476,0.0031285202130675316,0.012871647253632545,0.0108979232609272
0.014162758365273476,0.0031285202130675316,0.012871647253632545,0.0108979232609272
0.014162758365273476,0.0031285202130675316,0.012871647253632545,0.0108979232609272
0.014162758365273476,0.0031285202130675316,0.012871647253632545,0.0108979232609272
0.014162758365273476,0.0031285202130675316,0.012871647253632545,0.0108979232609272
0.014162758365273476,0.0031285202130675316,0.012871647253632545,0.0108979232609272
0.014162758365273476,0.0031285202130675316,0.012871647253632545,0.0108979232609272
0.014162758365273476,0.0031285202130675316,0.012871647253632545,0.0108979232609272
0.014162758365273476,0.0031285202130675316,0.012871647253632545,0.0108979232609272
0.014162758365273476,0.0031285202130675316,0.012871647253632545,0.0108979232609272
0.014162758365273476,0.0031285202130675316,0.012871647253632545,0.0108979232609272
0.014162758365273476,0.0031285202130675316,0.012871647253632545,0.0108979232609272
0.014162758365273476,0.0031285202130675316,0.012871647253632545,0.0108979232609272
0.014162758365273476,0.0031285202130675316,0.012871647253632545,0.0108979232609272
0.014162758365273476,0.0031285202130675316,0.012871647253632545,0.0108979232609272
0.014162758365273476,0.0031285202130675316,0.012871647253632545,0.0108979232609272
0.014162758365273476,0.0031285202130675316,0.012871647253632545,0.0108979232609272
0.014162758365273476,0.0031285202130675316,0.012871647253632545,0.0108979232609272
0.014162758365273476,0.0031285202130675316,0.012871647253632545,0.0108979232609272
0.014162758365273476,0.0031285202130675316,0.012871647253632545,0.0108979232609272
0.014162758365273476,0.0031285202130675316,0.012871647253632545,0.0108979232609272
0.014162758365273476,0.0031285202130675316,0.012871647253632545,0.0108979232609272
0.014162758365273476,0.0031285202130675316,0.012871647253632545,0.0108979232609272
0.014162758365273476,0.0031285202130675316,0.012871647253632545,0.0108979232609272
0.014162758365273476,0.0031285202130675316,0.012871647253632545,0.0108979232609272
0.014162758365273476,0.0031285202130675316,0.012871647253632545,0.0108979232609272
0.014162758365273476,0.0031285202130675316,0.012871647253632545,0.0108979232609272
0.014162758365273476,0.0031285202130675316,0.012871647253632545,0.0108979232609272
0.014162758365273476,0.0031285202130675316,0.012871647253632545,0.0108979232609272
0.014162758365273476,0.0031285202130675316,0.012871647253632545,0.0108979232609272
0.014162758365273476,0.0031285202130675316,0.012871647253632545,0.0108979232609272
0.014162758365273476,0.0031285202130675316,0.012871647253632545,0.0108979232609272
0.014162758365273476,0.0031285202130675316,0.012871647253632545,0.0108979232609272
0.014162758365273476,0.0031285202130675316,0.012871647253632545,0.0108979232609272
0.014162758365273476,0.0031285202130675316,0.012871647253632545,0.0108979232609272
0.014162758365273476,0.0031285202130675316,0.012871647253632545,0.0108979232609272
0.014162758365273476,0.0031285202130675316,0.012871647253632545,0.0108979232609272
0.014162758365273476,0.0031285202130675316,0.012871647253632545,0.0108979232609272
0.014162758365273476,0.0031285202130675316,0.012871647253632545,0.0108979232609272
0.014162758365273476,0.0031285202130675316,0.012871647253632545,0.0108979232609272
0.014162758365273476,0.0031285202130675316,0.012871647253632545,0.0108979232609272
0.014162758365273476,0.0031285202130675316,0.012871647253632545,0.0108979232609272
0.014162758365273476,0.0031285202130675316,0.012871647253632545,0.0108979232609272
0.014162758365273476,0.0031285202130675316,0.012871647253632545,0.0108979232609272
0.014162758365273476,0.0031285202130675316,0.012871647253632545,0.0108979232609272
0.014162357896566391,0.003128575161099434,0.012872042134404182,0.010896269232034683
0.014161963015794754,0.00312864501029253,0.012872302904725075,0.010894276201725006
0.014161797240376472,0.0031286589801311493,0.01287243701517582,0.010893397033214569
0.014161728322505951,0.003128647804260254,0.012872477993369102,0.01089310273528099
0.01416170597076416,0.00312862079590559,0.01287250779569149,0.010893002152442932
0.014161694794893265,0.0031285956501960754,0.012872518971562386,0.010892979800701141
0.014161687344312668,0.0031285621225833893,0.012872530147433281,0.010892972350120544
0.014161687344312668,0.0031285369768738747,0.012872537598013878,0.010892972350120544
0.014161687344312668,0.0031285136938095093,0.012872548773884773,0.010892972350120544
0.014161687344312668,0.0031284894794225693,0.012872563675045967,0.010892972350120544
0.014161687344312668,0.0031284820288419724,0.01287255622446537,0.010892972350120544
0.014161687344312668,0.003128470852971077,0.012872563675045967,0.010892972350120544
0.014161687344312668,0.0031284717842936516,0.01287255622446537,0.010892972350120544
0.014161687344312668,0.0031284652650356293,0.012872563675045967,0.010892972350120544
0.014161687344312668,0.003128470852971077,0.01287255622446537,0.010892972350120544
0.014161687344312668,0.00312846340239048,0.012872563675045967,0.010892972350120544
0.014161687344312668,0.0031284652650356293,0.01287255622446537,0.010892972350120544
0.014161687344312668,0.00312846340239048,0.012872563675045967,0.010892972350120544
0.014161687344312668,0.0031284652650356293,0.01287255622446537,0.010892972350120544
0.014161687344312668,0.00312846340239048,0.012872563675045967,0.010892972350120544
0.014161687344312668,0.0031284652650356293,0.01287255622446537,0.010892972350120544
0.014161687344312668,0.00312846340239048,0.012872563675045967,0.010892972350120544
0.014161687344312668,0.0031284652650356293,0.01287255622446537,0.010892972350120544
0.014161687344312668,0.00312846340239048,0.012872563675045967,0.010892972350120544
0.014161687344312668,0.0031284652650356293,0.01287255622446537,0.010892972350120544
0.014161687344312668,0.00312846340239048,0.012872563675045967,0.010892972350120544
0.014161687344312668,0.0031284652650356293,0.01287255622446537,0.010892972350120544
0.014161687344312668,0.00312846340239048,0.012872563675045967,0.010892972350120544
0.014161687344312668,0.0031284652650356293,0.01287255622446537,0.010892972350120544
0.014161687344312668,0.00312846340239048,0.012872563675045967,0.010892972350120544
0.014161687344312668,0.0031284652650356293,0.01287255622446537,0.010892972350120544
0.014161687344312668,0.00312846340239048,0.012872563675045967,0.010892972350120544
0.014161687344312668,0.0031284652650356293,0.01287255622446537,0.010892972350120544
0.014161687344312668,0.00312846340239048,0.012872563675045967,0.010892972350120544
0.014161687344312668,0.0031284652650356293,0.01287255622446537,0.010892972350120544
0.014161687344312668,0.00312846340239048,0.012872563675045967,0.010892972350120544
0.014161687344312668,0.0031284652650356293,0.01287255622446537,0.010892972350120544
0.014161687344312668,0.00312846340239048,0.012872563675045967,0.010892972350120544
0.014161687344312668,0.0031284652650356293,0.01287255622446537,0.010892972350120544
0.014161687344312668,0.00312846340239048,0.012872563675045967,0.010892972350120544
0.014161687344312668,0.0031284652650356293,0.01287255622446537,0.010892972350120544
0.014161687344312668,0.00312846340239048,0.012872563675045967,0.010892972350120544
0.014161687344312668,0.0031284652650356293,0.01287255622446537,0.010892972350120544
0.014161687344312668,0.00312846340239048,0.012872563675045967,0.010892972350120544
0.014161687344312668,0.0031284652650356293,0.01287255622446537,0.010892972350120544
0.014161687344312668,0.00312846340239048,0.012872563675045967,0.010892972350120544
0.014161687344312668,0.0031284652650356293,0.01287255622446537,0.010892972350120544
0.014161687344312668,0.00312846340239048,0.012872563675045967,0.010892972350120544
0.014161687344312668,0.0031284652650356293,0.01287255622446537,0.010892972350120544
0.014161687344312668,0.00312846340239048,0.012872563675045967,0.010892972350120544
0.014161687344312668,0.0031284652650356293,0.01287255622446537,0.010892972350120544
0.014161687344312668,0.00312846340239048,0.012872563675045967,0.010892972350120544
0.014161687344312668,0.0031284652650356293,0.01287255622446537,0.010892972350120544
0.014161687344312668,0.00312846340239048,0.012872563675045967,0.010892972350120544
0.014161687344312668,0.0031284652650356293,0.01287255622446537,0.010892972350120544
0.014161687344312668,0.00312846340239048,0.012872563675045967,0.010892972350120544
0.014161687344312668,0.0031284652650356293,0.01287255622446537,0.010892972350120544
0.014161687344312668,0.00312846340239048,0.012872563675045967,0.010892972350120544
0.014161687344312668,0.0031284652650356293,0.01287255622446537,0.010892972350120544
0.014161687344312668,0.00312846340239048,0.012872563675045967,0.010892972350120544
0.014161687344312668,0.0031284652650356293,0.01287255622446537,0.010892972350120544
0.014161687344312668,0.00312846340239048,0.012872563675045967,0.010892972350120544
0.014161687344312668,0.0031284652650356293,0.01287255622446537,0.010892972350120544
0.014161687344312668,0.00312846340239048,0.012872563675045967,0.010892972350120544
0.014161687344312668,0.0031284652650356293,0.01287255622446537,0.010892972350120544
0.014161687344312668,0.00312846340239048,0.012872563675045967,0.010892972350120544
0.014161687344312668,0.0031284652650356293,0.01287255622446537,0.010892972350120544
0.014161687344312668,0.00312846340239048,0.012872563675045967,0.010892972350120544
0.014161687344312668,0.0031284652650356293,0.01287255622446537,0.010892972350120544
0.014161687344312668,0.00312846340239048,0.012872563675045967,0.010892972350120544
0.014161687344312668,0.0031284652650356293,0.01287255622446537,0.010892972350120544
0.014161687344312668,0.00312846340239048,0.012872563675045967,0.010892972350120544
0.014161687344312668,0.0031284652650356293,0.01287255622446537,0.010892972350120544
0.014161687344312668,0.00312846340239048,0.012872563675045967,0.010892972350120544
0.014161687344312668,0.0031284652650356293,0.01287255622446537,0.010892972350120544
0.014161687344312668,0.00312846340239048,0.012872563675045967,0.010892972350120544
0.014161687344312668,0.0031284652650356293,0.01287255622446537,0.010892972350120544
0.014161687344312668,0.00312846340239048,0.012872563675045967,0.010892972350120544
0.014161687344312668,0.0031284652650356293,0.01287255622446537,0.010892972350120544
0.014161687344312668,0.00312846340239048,0.012872563675045967,0.010892972350120544
0.014161687344312668,0.0031284652650356293,0.01287255622446537,0.010892972350120544
0.014161687344312668,0.00312846340239048,0.012872563675045967,0.010892972350120544
0.014161687344312668,0.0031284652650356293,0.01287255622446537,0.010892972350120544
0.014161687344312668,0.00312846340239048,0.012872563675045967,0.010892972350120544
0.014161687344312668,0.0031284652650356293,0.01287255622446537,0.010892972350120544
0.014161687344312668,0.00312846340239048,0.012872563675045967,0.010892972350120544
0.014161687344312668,0.0031284652650356293,0.01287255622446537,0.010892972350120544
0.014161687344312668,0.00312846340239048,0.012872563675045967,0.010892972350120544
0.014161687344312668,0.0031284652650356293,0.01287255622446537,0.010892972350120544
0.014161687344312668,0.00312846340239048,0.012872563675045967,0.010892972350120544
0.014161687344312668,0.0031284652650356293,0.01287255622446537,0.010892972350120544
0.014161687344312668,0.00312846340239048,0.012872563675045967,0.010892972350120544
0.014161687344312668,0.0031284652650356293,0.01287255622446537,0.010892972350120544
0.014161687344312668,0.00312846340239048,0.012872563675045967,0.010892972350120544
0.014161687344312668,0.0031284652650356293,0.01287255622446537,0.010892972350120544
0.014161687344312668,0.00312846340239048,0.012872563675045967,0.010892972350120544
0.014161687344312668,0.0031284652650356293,0.01287255622446537,0.010892972350120544
0.014161687344312668,0.00312846340239048,0.012872563675045967,0.010892972350120544
0.014161687344312668,0.0031284652650356293,0.01287255622446537,0.010892972350120544
0.014161687344312668,0.00312846340239048,0.012872563675045967,0.010892972350120544
0.014161687344312668,0.0031284652650356293,0.01287255622446537,0.010892972350120544
0.014161687344312668,0.00312846340239048,0.012872563675045967,0.010892972350120544
0.014161687344312668,0.0031284652650356293,0.01287255622446537,0.010892972350120544
0.014161687344312668,0.00312846340239048,0.012872563675045967,0.010892972350120544
0.014161687344312668,0.0031284652650356293,0.01287255622446537,0.010892972350120544
0.014161687344312668,0.00312846340239048,0.012872563675045967,0.010892972350120544
0.014161687344312668,0.0031284652650356293,0.01287255622446537,0.010892972350120544
0.014161687344312668,0.00312846340239048,0.012872563675045967,0.010892972350120544
0.014161687344312668,0.0031284652650356293,0.01287255622446537,0.010892972350120544
0.014161687344312668,0.00312846340239048,0.012872563675045967,0.010892972350120544
0.01415693387389183,0.003132312558591366,0.012877041473984718,0.010890468955039978
0.014150382950901985,0.0031382348388433456,0.012879641726613045,0.010887861251831055
0.01414678804576397,0.0031425748020410538,0.012880155816674232,0.010887175798416138
0.014145169407129288,0.003145260736346245,0.012880301102995872,0.0108870267868042
0.014144491404294968,0.0031467946246266365,0.012880390509963036,0.0108870230615139
0.01414421945810318,0.003147650510072708,0.0128804761916399,0.0108870267868042
0.014144105836749077,0.0031481003388762474,0.01288052462041378,0.0108870267868042
0.014144053682684898,0.003148352727293968,0.012880558148026466,0.0108870267868042
0.014144035056233406,0.0031484831124544144,0.012880584225058556,0.0108870267868042
0.014144035056233406,0.0031485436484217644,0.012880595400929451,0.0108870267868042
0.014144035056233406,0.0031485790386795998,0.012880602851510048,0.0108870267868042
0.014144035056233406,0.0031485995277762413,0.012880602851510048,0.0108870267868042
0.014144035056233406,0.003148609772324562,0.012880602851510048,0.0108870267868042
0.014144035056233406,0.003148620016872883,0.012880602851510048,0.0108870267868042
0.014144035056233406,0.003148621879518032,0.012880602851510048,0.0108870267868042
0.014144035056233406,0.0031486256048083305,0.012880602851510048,0.0108870267868042
0.014144035056233406,0.0031486274674534798,0.012880602851510048,0.0108870267868042
0.014144035056233406,0.0031486274674534798,0.012880602851510048,0.0108870267868042
0.014144035056233406,0.0031486274674534798,0.012880602851510048,0.0108870267868042
0.014144035056233406,0.0031486274674534798,0.012880602851510048,0.0108870267868042
0.014141539111733437,0.003150327131152153,0.012880871072411537,0.010879985988140106
0.014139514416456223,0.003153013065457344,0.01288113184273243,0.010871391743421555
0.014138780534267426,0.0031550414860248566,0.012881306931376457,0.0108676478266716
0.014138521626591682,0.003156355582177639,0.012881377711892128,0.010866314172744751
0.014138415455818176,0.003157150000333786,0.012881441041827202,0.010865863412618637
0.014138370752334595,0.00315761286765337,0.012881474569439888,0.010865744203329086
0.014138344675302505,0.003157883882522583,0.012881485745310783,0.0108657106757164
0.014138339087367058,0.003158045932650566,0.012881485745310783,0.010865703225135803
0.014138339087367058,0.003158142790198326,0.012881485745310783,0.010865703225135803
0.014138339087367058,0.0031582023948431015,0.012881485745310783,0.010865703225135803
0.014138339087367058,0.0031582359224557877,0.012881485745310783,0.010865703225135803
0.014138339087367058,0.0031582554802298546,0.012881485745310783,0.010865703225135803
0.014138339087367058,0.0031582657247781754,0.012881485745310783,0.010865703225135803
0.014138339087367058,0.003158274106681347,0.012881485745310783,0.010865703225135803
0.014138339087367058,0.003158280625939369,0.012881485745310783,0.010865703225135803
0.014138339087367058,0.003158281557261944,0.012881485745310783,0.010865703225135803
0.014138339087367058,0.003158281557261944,0.012881485745310783,0.010865703225135803
0.014138339087367058,0.003158281557261944,0.012881485745310783,0.010865703225135803
0.014138339087367058,0.003158281557261944,0.012881485745310783,0.010865703225135803
0.014138339087367058,0.003158281557261944,0.012881485745310783,0.010865703225135803
0.014138339087367058,0.003158281557261944,0.012881485745310783,0.010865703225135803
0.014138339087367058,0.003158281557261944,0.012881485745310783,0.010865703225135803
0.014138339087367058,0.003158281557261944,0.012881485745310783,0.010865703225135803
0.014138339087367058,0.003158281557261944,0.012881485745310783,0.010865703225135803
0.014138339087367058,0.003158281557261944,0.012881485745310783,0.010865703225135803
0.014138339087367058,0.003158281557261944,0.012881485745310783,0.010865703225135803
0.014138339087367058,0.003158281557261944,0.012881485745310783,0.010865703225135803
0.014138339087367058,0.003158281557261944,0.012881485745310783,0.010865703225135803
0.014138339087367058,0.003158281557261944,0.012881485745310783,0.010865703225135803
0.014138339087367058,0.003158281557261944,0.012881485745310783,0.010865703225135803
0.014138339087367058,0.003158281557261944,0.012881485745310783,0.010865703225135803
0.014138339087367058,0.003158281557261944,0.012881485745310783,0.010865703225135803
0.014138339087367058,0.003158281557261944,0.012881485745310783,0.010865703225135803
0.014138339087367058,0.003158281557261944,0.012881485745310783,0.010865703225135803
0.014138339087367058,0.003158281557261944,0.012881485745310783,0.010865703225135803
0.014138339087367058,0.003158281557261944,0.012881485745310783,0.010865703225135803
0.014138339087367058,0.003158281557261944,0.012881485745310783,0.010865703225135803
0.014138339087367058,0.003158281557261944,0.012881485745310783,0.010865703225135803
0.014138339087367058,0.003158281557261944,0.012881485745310783,0.010865703225135803
0.014138339087367058,0.003158281557261944,0.012881485745310783,0.010865703225135803
0.014138339087367058,0.003158281557261944,0.012881485745310783,0.010865703225135803
0.014138339087367058,0.003158281557261944,0.012881485745310783,0.010865703225135803
0.014138339087367058,0.003158281557261944,0.012881485745310783,0.010865703225135803
0.014138339087367058,0.003158281557261944,0.012881485745310783,0.010865703225135803
0.014138339087367058,0.003158281557261944,0.012881485745310783,0.010865703225135803
0.014138339087367058,0.003158281557261944,0.012881485745310783,0.010865703225135803
0.014138339087367058,0.003158281557261944,0.012881485745310783,0.010865703225135803
0.014138339087367058,0.003158281557261944,0.012881485745310783,0.010865703225135803
0.014138339087367058,0.003158281557261944,0.012881485745310783,0.010865703225135803
0.014138339087367058,0.003158281557261944,0.012881485745310783,0.010865703225135803
0.014138339087367058,0.003158281557261944,0.012881485745310783,0.010865703225135803
0.014138339087367058,0.003158281557261944,0.012881485745310783,0.010865703225135803
0.014138339087367058,0.003158281557261944,0.012881485745310783,0.010865703225135803
0.014138339087367058,0.003158281557261944,0.012881485745310783,0.010865703225135803
0.014138339087367058,0.003158281557261944,0.012881485745310783,0.010865703225135803
0.014138339087367058,0.003158281557261944,0.012881485745310783,0.010865703225135803
0.014138339087367058,0.003158281557261944,0.012881485745310783,0.010865703225135803
0.014138339087367058,0.003158281557261944,0.012881485745310783,0.010865703225135803
0.014138339087367058,0.003158281557261944,0.012881485745310783,0.010865703225135803
0.014138339087367058,0.003158281557261944,0.012881485745310783,0.010865703225135803
0.014138339087367058,0.003158281557261944,0.012881485745310783,0.010865703225135803
0.014138339087367058,0.003158281557261944,0.012881485745310783,0.010865703225135803
0.014138339087367058,0.003158281557261944,0.012881485745310783,0.010865703225135803
0.014138339087367058,0.003158281557261944,0.012881485745310783,0.010865703225135803
0.014138339087367058,0.003158281557261944,0.012881485745310783,0.010865703225135803
0.014138339087367058,0.003158281557261944,0.012881485745310783,0.010865703225135803
0.014138339087367058,0.003158281557261944,0.012881485745310783,0.010865703225135803
0.014138339087367058,0.003158281557261944,0.012881485745310783,0.010865703225135803
0.014138339087367058,0.003158281557261944,0.012881485745310783,0.010865703225135803
0.014138339087367058,0.003158281557261944,0.012881485745310783,0.010865703225135803
0.014138339087367058,0.003158281557261944,0.012881485745310783,0.010865703225135803
0.014138339087367058,0.003158281557261944,0.012881485745310783,0.010865703225135803
0.014138339087367058,0.003158281557261944,0.012881485745310783,0.010865703225135803
0.014138339087367058,0.003158281557261944,0.012881485745310783,0.010865703225135803
0.014138339087367058,0.003158281557261944,0.012881485745310783,0.010865703225135803
0.014138339087367058,0.003158281557261944,0.012881485745310783,0.010865703225135803
0.014138339087367058,0.003158281557261944,0.012881485745310783,0.010865703225135803
0.014138339087367058,0.003158281557261944,0.012881485745310783,0.010865703225135803
0.014138339087367058,0.003158281557261944,0.012881485745310783,0.010865703225135803
0.014138339087367058,0.003158281557261944,0.012881485745310783,0.010865703225135803
0.014138339087367058,0.003158281557261944,0.012881485745310783,0.010865703225135803
0.014138339087367058,0.003158281557261944,0.012881485745310783,0.010865703225135803
0.014138581231236458,0.0031583355739712715,0.012881571426987648,0.010865069925785065
0.01413872092962265,0.0031584175303578377,0.012881631031632423,0.010864302515983582
0.014138750731945038,0.00315847247838974,0.012881642207503319,0.010863948613405228
0.014138760045170784,0.003158511593937874,0.012881645932793617,0.010863825678825378
0.014138756319880486,0.0031585348770022392,0.012881642207503319,0.010863777250051498
0.014138750731945038,0.003158549778163433,0.012881642207503319,0.010863766074180603
0.01413874700665474,0.0031585581600666046,0.012881642207503319,0.010863766074180603
0.01413874700665474,0.0031585609540343285,0.012881642207503319,0.010863766074180603
0.01413874700665474,0.0031585628166794777,0.012881642207503319,0.010863766074180603
0.01413874700665474,0.0031585656106472015,0.012881642207503319,0.010863766074180603
0.01413874700665474,0.0031585674732923508,0.012881642207503319,0.010863766074180603
0.01413874700665474,0.0031585674732923508,0.012881642207503319,0.010863766074180603
0.01413874700665474,0.0031585674732923508,0.012881642207503319,0.010863766074180603
0.01413874700665474,0.0031585674732923508,0.012881642207503319,0.010863766074180603
0.01413874700665474,0.0031585674732923508,0.012881642207503319,0.010863766074180603
0.01413874700665474,0.0031585674732923508,0.012881642207503319,0.010863766074180603
0.01413874700665474,0.0031585674732923508,0.012881642207503319,0.010863766074180603
0.01413874700665474,0.0031585674732923508,0.012881642207503319,0.010863766074180603
0.01413874700665474,0.0031585674732923508,0.012881642207503319,0.010863766074180603
0.01413874700665474,0.0031585674732923508,0.012881642207503319,0.010863766074180603
0.01413874700665474,0.0031585674732923508,0.012881642207503319,0.010863766074180603
0.01413874700665474,0.0031585674732923508,0.012881642207503319,0.010863766074180603
0.01413874700665474,0.0031585674732923508,0.012881642207503319,0.010863766074180603
0.01413874700665474,0.0031585674732923508,0.012881642207503319,0.010863766074180603
0.01413874700665474,0.0031585674732923508,0.012881642207503319,0.010863766074180603
0.01413874700665474,0.0031585674732923508,0.012881642207503319,0.010863766074180603
0.01413874700665474,0.0031585674732923508,0.012881642207503319,0.010863766074180603
0.01413874700665474,0.0031585674732923508,0.012881642207503319,0.010863766074180603
0.01413874700665474,0.0031585674732923508,0.012881642207503319,0.010863766074180603
0.01413874700665474,0.0031585674732923508,0.012881642207503319,0.010863766074180603
0.01413874700665474,0.0031585674732923508,0.012881642207503319,0.010863766074180603
0.01413874700665474,0.0031585674732923508,0.012881642207503319,0.010863766074180603
0.01413874700665474,0.0031585674732923508,0.012881642207503319,0.010863766074180603
0.01413874700665474,0.0031585674732923508,0.012881642207503319,0.010863766074180603
0.01413874700665474,0.0031585674732923508,0.012881642207503319,0.010863766074180603
0.01413874700665474,0.0031585674732923508,0.012881642207503319,0.010863766074180603
0.01413874700665474,0.0031585674732923508,0.012881642207503319,0.010863766074180603
0.01413874700665474,0.0031585674732923508,0.012881642207503319,0.010863766074180603
0.01413874700665474,0.0031585674732923508,0.012881642207503319,0.010863766074180603
0.01413874700665474,0.0031585674732923508,0.012881642207503319,0.010863766074180603
0.01413874700665474,0.0031585674732923508,0.012881642207503319,0.010863766074180603
0.01413874700665474,0.0031585674732923508,0.012881642207503319,0.010863766074180603
0.01413874700665474,0.0031585674732923508,0.012881642207503319,0.010863766074180603
0.01413874700665474,0.0031585674732923508,0.012881642207503319,0.010863766074180603
0.01413874700665474,0.0031585674732923508,0.012881642207503319,0.010863766074180603
0.01413874700665474,0.0031585674732923508,0.012881642207503319,0.010863766074180603
0.01413874700665474,0.0031585674732923508,0.012881642207503319,0.010863766074180603
0.01413874700665474,0.0031585674732923508,0.012881642207503319,0.010863766074180603
0.01413874700665474,0.0031585674732923508,0.012881642207503319,0.010863766074180603
0.01413874700665474,0.0031585674732923508,0.012881642207503319,0.010863766074180603
0.01413874700665474,0.0031585674732923508,0.012881642207503319,0.010863766074180603
0.01413874700665474,0.0031585674732923508,0.012881642207503319,0.010863766074180603
0.01413874700665474,0.0031585674732923508,0.012881642207503319,0.010863766074180603
0.01413874700665474,0.0031585674732923508,0.012881642207503319,0.010863766074180603
0.01413874700665474,0.0031585674732923508,0.012881642207503319,0.010863766074180603
0.01413874700665474,0.0031585674732923508,0.012881642207503319,0.010863766074180603
0.01413874700665474,0.0031585674732923508,0.012881642207503319,0.010863766074180603
0.01413874700665474,0.0031585674732923508,0.012881642207503319,0.010863766074180603
0.01413874700665474,0.0031585674732923508,0.012881642207503319,0.010863766074180603
0.01413874700665474,0.0031585674732923508,0.012881642207503319,0.010863766074180603
0.01413874700665474,0.0031585674732923508,0.012881642207503319,0.010863766074180603
0.01413874700665474,0.0031585674732923508,0.012881642207503319,0.010863766074180603
0.01413874700665474,0.0031585674732923508,0.012881642207503319,0.010863766074180603
0.01413874700665474,0.0031585674732923508,0.012881642207503319,0.010863766074180603
0.01413874700665474,0.0031585674732923508,0.012881642207503319,0.010863766074180603
0.01413874700665474,0.0031585674732923508,0.012881642207503319,0.010863766074180603
0.01413874700665474,0.0031585674732923508,0.012881642207503319,0.010863766074180603
0.01413874700665474,0.0031585674732923508,0.012881642207503319,0.010863766074180603
0.01413874700665474,0.0031585674732923508,0.012881642207503319,0.010863766074180603
0.01413874700665474,0.0031585674732923508,0.012881642207503319,0.010863766074180603
0.01413874700665474,0.0031585674732923508,0.012881642207503319,0.010863766074180603
0.01413874700665474,0.0031585674732923508,0.012881642207503319,0.010863766074180603
0.01413874700665474,0.0031585674732923508,0.012881642207503319,0.010863766074180603
0.01413874700665474,0.0031585674732923508,0.012881642207503319,0.010863766074180603
0.01413874700665474,0.0031585674732923508,0.012881642207503319,0.010863766074180603
0.01413874700665474,0.0031585674732923508,0.012881642207503319,0.010863766074180603
0.01413874700665474,0.0031585674732923508,0.012881642207503319,0.010863766074180603
0.01413874700665474,0.0031585674732923508,0.012881642207503319,0.010863766074180603
0.01413874700665474,0.0031585674732923508,0.012881642207503319,0.010863766074180603
0.01413874700665474,0.0031585674732923508,0.012881642207503319,0.010863766074180603
0.01413874700665474,0.0031585674732923508,0.012881642207503319,0.010863766074180603
0.01413874700665474,0.0031585674732923508,0.012881642207503319,0.010863766074180603
0.01413874700665474,0.0031585674732923508,0.012881642207503319,0.010863766074180603
0.01413874700665474,0.0031585674732923508,0.012881642207503319,0.010863766074180603
0.01413874700665474,0.0031585674732923508,0.012881642207503319,0.010863766074180603
0.01413874700665474,0.0031585674732923508,0.012881642207503319,0.010863766074180603
0.01413874700665474,0.0031585674732923508,0.012881642207503319,0.010863766074180603
0.01413874700665474,0.0031585674732923508,0.012881642207503319,0.010863766074180603
0.01413874700665474,0.0031585674732923508,0.012881642207503319,0.010863766074180603
0.01413874700665474,0.0031585674732923508,0.012881642207503319,0.010863766074180603
0.01413874700665474,0.0031585674732923508,0.012881642207503319,0.010863766074180603
0.01413874700665474,0.0031585674732923508,0.012881642207503319,0.010863766074180603
0.01413874700665474,0.0031585674732923508,0.012881642207503319,0.010863766074180603
0.01413874700665474,0.0031585674732923508,0.012881642207503319,0.010863766074180603
0.01413874700665474,0.0031585674732923508,0.012881642207503319,0.010863766074180603
0.01413874700665474,0.0031585674732923508,0.012881642207503319,0.010863766074180603
0.01413874700665474,0.0031585674732923508,0.012881642207503319,0.010863766074180603
0.01413874700665474,0.0031585674732923508,0.012881642207503319,0.010863766074180603
0.01413874700665474,0.0031585674732923508,0.012881642207503319,0.010863766074180603
0.01413874700665474,0.0031585674732923508,0.012881642207503319,0.010863766074180603
0.01413874700665474,0.0031585674732923508,0.012881642207503319,0.010863766074180603
0.01413874700665474,0.0031585674732923508,0.012881642207503319,0.010863766074180603
0.01413874700665474,0.0031585674732923508,0.012881642207503319,0.010863766074180603
0.01413874700665474,0.0031585674732923508,0.012881642207503319,0.010863766074180603
0.01413874700665474,0.0031585674732923508,0.012881642207503319,0.010863766074180603
0.01413874700665474,0.0031585674732923508,0.012881642207503319,0.010863766074180603
0.01413874700665474,0.0031585674732923508,0.012881642207503319,0.010863766074180603
0.01413874700665474,0.0031585674732923508,0.012881642207503319,0.010863766074180603
0.01413874700665474,0.0031585674732923508,0.012881642207503319,0.010863766074180603
0.01413874700665474,0.0031585674732923508,0.012881642207503319,0.010863766074180603
0.01413874700665474,0.0031585674732923508,0.012881642207503319,0.010863766074180603
0.01413874700665474,0.0031585674732923508,0.012881642207503319,0.010863766074180603
0.01413874700665474,0.0031585674732923508,0.012881642207503319,0.010863766074180603
0.01413874700665474,0.0031585674732923508,0.012881642207503319,0.010863766074180603
0.01413874700665474,0.0031585674732923508,0.012881642207503319,0.010863766074180603
0.01413874700665474,0.0031585674732923508,0.012881642207503319,0.010863766074180603
0.01413874700665474,0.0031585674732923508,0.012881642207503319,0.010863766074180603
0.01413874700665474,0.0031585674732923508,0.012881642207503319,0.010863766074180603
0.01413874700665474,0.0031585674732923508,0.012881642207503319,0.010863766074180603
0.01413874700665474,0.0031585674732923508,0.012881642207503319,0.010863766074180603
0.01413874700665474,0.0031585674732923508,0.012881642207503319,0.010863766074180603
0.01413874700665474,0.0031585674732923508,0.012881642207503319,0.010863766074180603
0.01413874700665474,0.0031585674732923508,0.012881642207503319,0.010863766074180603
0.01413874700665474,0.0031585674732923508,0.012881642207503319,0.010863766074180603
0.01413874700665474,0.0031585674732923508,0.012881642207503319,0.010863766074180603
0.01413874700665474,0.0031585674732923508,0.012881642207503319,0.010863766074180603
0.01413874700665474,0.0031585674732923508,0.012881642207503319,0.010863766074180603
0.01413874700665474,0.0031585674732923508,0.012881642207503319,0.010863766074180603
0.01413874700665474,0.0031585674732923508,0.012881642207503319,0.010863766074180603
0.01413874700665474,0.0031585674732923508,0.012881642207503319,0.010863766074180603
0.01413874700665474,0.0031585674732923508,0.012881642207503319,0.010863766074180603
0.01413874700665474,0.0031585674732923508,0.012881642207503319,0.010863766074180603
0.01413874700665474,0.0031585674732923508,0.012881642207503319,0.010863766074180603
0.01413874700665474,0.0031585674732923508,0.012881642207503319,0.010863766074180603
0.01413874700665474,0.0031585674732923508,0.012881642207503319,0.010863766074180603
0.01413874700665474,0.0031585674732923508,0.012881642207503319,0.010863766074180603
0.01413874700665474,0.0031585674732923508,0.012881642207503319,0.010863766074180603
0.01413874700665474,0.0031585674732923508,0.012881642207503319,0.010863766074180603
0.01413874700665474,0.0031585674732923508,0.012881642207503319,0.010863766074180603
0.01413874700665474,0.0031585674732923508,0.012881642207503319,0.010863766074180603
0.01413874700665474,0.0031585674732923508,0.012881642207503319,0.010863766074180603
0.01413874700665474,0.0031585674732923508,0.012881642207503319,0.010863766074180603
0.01413874700665474,0.0031585674732923508,0.012881642207503319,0.010863766074180603
0.01413874700665474,0.0031585674732923508,0.012881642207503319,0.010863766074180603
0.01413874700665474,0.0031585674732923508,0.012881642207503319,0.010863766074180603
0.01413874700665474,0.0031585674732923508,0.012881642207503319,0.010863766074180603
0.01413874700665474,0.0031585674732923508,0.012881642207503319,0.010863766074180603
0.01413874700665474,0.0031585674732923508,0.012881642207503319,0.010863766074180603
0.01413874700665474,0.0031585674732923508,0.012881642207503319,0.010863766074180603
0.01413874700665474,0.0031585674732923508,0.012881642207503319,0.010863766074180603
0.01413874700665474,0.0031585674732923508,0.012881642207503319,0.010863766074180603
0.01413874700665474,0.0031585674732923508,0.012881642207503319,0.010863766074180603
0.01413874700665474,0.0031585674732923508,0.012881642207503319,0.010863766074180603
0.01413874700665474,0.0031585674732923508,0.012881642207503319,0.010863766074180603
0.01413874700665474,0.0031585674732923508,0.012881642207503319,0.010863766074180603
0.01413874700665474,0.0031585674732923508,0.012881642207503319,0.010863766074180603
0.01413874700665474,0.0031585674732923508,0.012881642207503319,0.010863766074180603
0.01413874700665474,0.0031585674732923508,0.012881642207503319,0.010863766074180603
0.01413874700665474,0.0031585674732923508,0.012881642207503319,0.010863766074180603
0.01413874700665474,0.0031585674732923508,0.012881642207503319,0.010863766074180603
0.01413874700665474,0.0031585674732923508,0.012881642207503319,0.010863766074180603
0.01413874700665474,0.0031585674732923508,0.012881642207503319,0.010863766074180603
0.01413874700665474,0.0031585674732923508,0.012881642207503319,0.010863766074180603
0.01413874700665474,0.0031585674732923508,0.012881642207503319,0.010863766074180603
0.01413874700665474,0.0031585674732923508,0.012881642207503319,0.010863766074180603
0.01413874700665474,0.0031585674732923508,0.012881642207503319,0.010863766074180603
0.01413874700665474,0.0031585674732923508,0.012881642207503319,0.010863766074180603
0.01413874700665474,0.0031585674732923508,0.012881642207503319,0.010863766074180603
0.01413874700665474,0.0031585674732923508,0.012881642207503319,0.010863766074180603
0.01413874700665474,0.0031585674732923508,0.012881642207503319,0.010863766074180603
0.01413874700665474,0.0031585674732923508,0.012881642207503319,0.010863766074180603
0.01413874700665474,0.0031585674732923508,0.012881642207503319,0.010863766074180603
0.01413874700665474,0.0031585674732923508,0.012881642207503319,0.010863766074180603
0.01413874700665474,0.0031585674732923508,0.012881642207503319,0.010863766074180603
0.01413874700665474,0.0031585674732923508,0.012881642207503319,0.010863766074180603
0.01413874700665474,0.0031585674732923508,0.012881642207503319,0.010863766074180603
0.01413874700665474,0.0031585674732923508,0.012881642207503319,0.010863766074180603
0.01413874700665474,0.0031585674732923508,0.012881642207503319,0.010863766074180603
0.01413874700665474,0.0031585674732923508,0.012881642207503319,0.010863766074180603
0.01413874700665474,0.0031585674732923508,0.012881642207503319,0.010863766074180603
0.01413874700665474,0.0031585674732923508,0.012881642207503319,0.010863766074180603
0.01413874700665474,0.0031585674732923508,0.012881642207503319,0.010863766074180603
0.01413874700665474,0.0031585674732923508,0.012881642207503319,0.010863766074180603
0.01413874700665474,0.0031585674732923508,0.012881642207503319,0.010863766074180603
0.01413874700665474,0.0031585674732923508,0.012881642207503319,0.010863766074180603
0.01413874700665474,0.0031585674732923508,0.012881642207503319,0.010863766074180603
0.01413874700665474,0.0031585674732923508,0.012881642207503319,0.010863766074180603
0.01413874700665474,0.0031585674732923508,0.012881642207503319,0.010863766074180603
0.01413874700665474,0.0031585674732923508,0.012881642207503319,0.010863766074180603
0.01413874700665474,0.0031585674732923508,0.012881642207503319,0.010863766074180603
0.01413874700665474,0.0031585674732923508,0.012881642207503319,0.010863766074180603
0.01413874700665474,0.0031585674732923508,0.012881642207503319,0.010863766074180603
0.01413874700665474,0.0031585674732923508,0.012881642207503319,0.010863766074180603
0.01413874700665474,0.0031585674732923508,0.012881642207503319,0.010863766074180603
0.01413874700665474,0.0031585674732923508,0.012881642207503319,0.010863766074180603
0.01413874700665474,0.0031585674732923508,0.012881642207503319,0.010863766074180603
0.01413874700665474,0.0031585674732923508,0.012881642207503319,0.010863766074180603
0.01413874700665474,0.0031585674732923508,0.012881642207503319,0.010863766074180603
0.01413874700665474,0.0031585674732923508,0.012881642207503319,0.010863766074180603
0.01413874700665474,0.0031585674732923508,0.012881642207503319,0.010863766074180603
0.014133812859654427,0.003159566782414913,0.012885728850960732,0.010863859206438065
0.014132833108305931,0.003160618245601654,0.01288939081132412,0.010864146053791046
0.014133963733911514,0.0031608371064066887,0.012891380116343498,0.010864485055208206
0.014134811237454414,0.003160513937473297,0.012892482802271843,0.010864637792110443
0.014135241508483887,0.0031599868088960648,0.012893082574009895,0.01086469367146492
0.014135414734482765,0.003159451298415661,0.012893414124846458,0.01086469367146492
0.014135489240288734,0.0031589744612574577,0.012893607839941978,0.01086469367146492
0.014135520905256271,0.003158573992550373,0.012893745675683022,0.01086469367146492
0.014135539531707764,0.0031582601368427277,0.01289382018148899,0.01086469367146492
0.014135535806417465,0.00315802451223135,0.012893883511424065,0.01086469367146492
0.014135539531707764,0.0031578633934259415,0.012893905863165855,0.01086469367146492
0.014135535806417465,0.003157738596200943,0.012893939390778542,0.01086469367146492
0.014135539531707764,0.00315764918923378,0.012893954291939735,0.01086469367146492
0.014135535806417465,0.00315758865326643,0.01289396919310093,0.01086469367146492
0.014135539531707764,0.0031575504690408707,0.01289396919310093,0.01086469367146492
0.014135535806417465,0.0031575318425893784,0.01289396919310093,0.01086469367146492
0.014135539531707764,0.0031575169414281845,0.01289396919310093,0.01086469367146492
0.014135535806417465,0.003157513216137886,0.01289396919310093,0.01086469367146492
0.014135539531707764,0.003157505765557289,0.01289396919310093,0.01086469367146492
0.014135535806417465,0.0031575048342347145,0.01289396919310093,0.01086469367146492
0.014134973287582397,0.0031577618792653084,0.012891491875052452,0.010868873447179794
0.014135817065834999,0.0031581008806824684,0.012889860197901726,0.010874375700950623
0.014136789366602898,0.0031583281233906746,0.012889465317130089,0.010876931250095367
0.014137368649244308,0.003158443607389927,0.012889387086033821,0.010877888649702072
0.014137649908661842,0.0031584901735186577,0.012889372184872627,0.010878190398216248
0.01413777470588684,0.0031585171818733215,0.012889368459582329,0.010878283530473709
0.014137828722596169,0.0031585292890667915,0.01288936473429203,0.010878317058086395
0.01413784734904766,0.003158530220389366,0.01288936473429203,0.010878317058086395
0.014137858524918556,0.0031585320830345154,0.01288936473429203,0.010878309607505798
0.014137865975499153,0.003158530220389366,0.01288936473429203,0.010878309607505798
0.014137865975499153,0.003158530220389366,0.01288936473429203,0.010878309607505798
0.014137865975499153,0.003158530220389366,0.01288936473429203,0.010878309607505798
0.014137865975499153,0.003158530220389366,0.01288936473429203,0.010878309607505798
0.014137865975499153,0.003158530220389366,0.01288936473429203,0.010878309607505798
0.014137865975499153,0.003158530220389366,0.01288936473429203,0.010878309607505798
0.014137865975499153,0.003158530220389366,0.01288936473429203,0.010878309607505798
0.014137865975499153,0.003158530220389366,0.01288936473429203,0.010878309607505798
0.014137865975499153,0.003158530220389366,0.01288936473429203,0.010878309607505798
0.014137865975499153,0.003158530220389366,0.01288936473429203,0.010878309607505798
0.014137865975499153,0.003158530220389366,0.01288936473429203,0.010878309607505798
0.014137865975499153,0.003158530220389366,0.01288936473429203,0.010878309607505798
0.014137865975499153,0.003158530220389366,0.01288936473429203,0.010878309607505798
0.014137865975499153,0.003158530220389366,0.01288936473429203,0.010878309607505798
0.014137865975499153,0.003158530220389366,0.01288936473429203,0.010878309607505798
0.014137865975499153,0.003158530220389366,0.01288936473429203,0.010878309607505798
0.014137865975499153,0.003158530220389366,0.01288936473429203,0.010878309607505798
0.014137865975499153,0.003158530220389366,0.01288936473429203,0.010878309607505798
0.014137865975499153,0.003158530220389366,0.01288936473429203,0.010878309607505798
0.014137865975499153,0.003158530220389366,0.01288936473429203,0.010878309607505798
0.014137865975499153,0.003158530220389366,0.01288936473429203,0.010878309607505798
0.014137865975499153,0.003158530220389366,0.01288936473429203,0.010878309607505798
0.014137865975499153,0.003158530220389366,0.01288936473429203,0.010878309607505798
0.014137865975499153,0.003158530220389366,0.01288936473429203,0.010878309607505798
0.014137865975499153,0.003158530220389366,0.01288936473429203,0.010878309607505798
0.014137865975499153,0.003158530220389366,0.01288936473429203,0.010878309607505798
0.014137865975499153,0.003158530220389366,0.01288936473429203,0.010878309607505798
0.014137865975499153,0.003158530220389366,0.01288936473429203,0.010878309607505798
0.014137865975499153,0.003158530220389366,0.01288936473429203,0.010878309607505798
0.014137865975499153,0.003158530220389366,0.01288936473429203,0.010878309607505798
0.014137865975499153,0.003158530220389366,0.01288936473429203,0.010878309607505798
0.014137865975499153,0.003158530220389366,0.01288936473429203,0.010878309607505798
0.014137865975499153,0.003158530220389366,0.01288936473429203,0.010878309607505798
0.014137865975499153,0.003158530220389366,0.01288936473429203,0.010878309607505798
0.014137865975499153,0.003158530220389366,0.01288936473429203,0.010878309607505798
0.014137865975499153,0.003158530220389366,0.01288936473429203,0.010878309607505798
0.014137865975499153,0.003158530220389366,0.01288936473429203,0.010878309607505798
0.014137865975499153,0.003158530220389366,0.01288936473429203,0.010878309607505798
0.014137865975499153,0.003158530220389366,0.01288936473429203,0.010878309607505798
0.014137865975499153,0.003158530220389366,0.01288936473429203,0.010878309607505798
0.014137865975499153,0.003158530220389366,0.01288936473429203,0.010878309607505798
0.014137865975499153,0.003158530220389366,0.01288936473429203,0.010878309607505798
0.014137865975499153,0.003158530220389366,0.01288936473429203,0.010878309607505798
0.014137865975499153,0.003158530220389366,0.01288936473429203,0.010878309607505798
0.014137865975499153,0.003158530220389366,0.01288936473429203,0.010878309607505798
0.014137865975499153,0.003158530220389366,0.01288936473429203,0.010878309607505798
0.014137865975499153,0.003158530220389366,0.01288936473429203,0.010878309607505798
0.014137865975499153,0.003158530220389366,0.01288936473429203,0.010878309607505798
0.014137865975499153,0.003158530220389366,0.01288936473429203,0.010878309607505798
0.014137865975499153,0.003158530220389366,0.01288936473429203,0.010878309607505798
0.014137865975499153,0.003158530220389366,0.01288936473429203,0.010878309607505798
0.014137865975499153,0.003158530220389366,0.01288936473429203,0.010878309607505798
0.014137865975499153,0.003158530220389366,0.01288936473429203,0.010878309607505798
0.014137865975499153,0.003158530220389366,0.01288936473429203,0.010878309607505798
0.014137865975499153,0.003158530220389366,0.01288936473429203,0.010878309607505798
0.014137865975499153,0.003158530220389366,0.01288936473429203,0.010878309607505798
0.014137865975499153,0.003158530220389366,0.01288936473429203,0.010878309607505798
0.014137865975499153,0.003158530220389366,0.01288936473429203,0.010878309607505798
0.014137865975499153,0.003158530220389366,0.01288936473429203,0.010878309607505798
0.014147421345114708,0.003159869462251663,0.012878289446234703,0.01088722050189972
0.01415548287332058,0.003162721171975136,0.012872280552983284,0.010895278304815292
0.014158505946397781,0.0031655877828598022,0.01287052221596241,0.010897822678089142
0.01415959931910038,0.0031680092215538025,0.01286969892680645,0.010898508131504059
0.014160018414258957,0.0031698904931545258,0.012869177386164665,0.010898713022470474
0.014160184189677238,0.0031713033095002174,0.012868838384747505,0.010898761451244354
0.014160258695483208,0.0031723594292998314,0.012868607416749,0.010898776352405548
0.014160294085741043,0.003173121251165867,0.012868454679846764,0.010898776352405548
0.014160305261611938,0.003173655830323696,0.012868376448750496,0.010898776352405548
0.014160305261611938,0.0031740376725792885,0.012868301942944527,0.010898776352405548
0.014160305261611938,0.0031743040308356285,0.012868272140622139,0.010898776352405548
0.014160305261611938,0.0031744781881570816,0.012868238613009453,0.010898776352405548
0.014160305261611938,0.003174601122736931,0.01286821998655796,0.010898776352405548
0.014160305261611938,0.003174673765897751,0.01286821998655796,0.010898776352405548
0.014160305261611938,0.003174716606736183,0.01286821998655796,0.010898776352405548
0.014160305261611938,0.0031747445464134216,0.01286821998655796,0.010898776352405548
0.014160305261611938,0.00317476037889719,0.01286821998655796,0.010898776352405548
0.014160305261611938,0.0031747687608003616,0.01286821998655796,0.010898776352405548
0.014160305261611938,0.0031747743487358093,0.01286821998655796,0.010898776352405548
0.014160305261611938,0.0031747790053486824,0.01286821998655796,0.010898776352405548
0.014150746166706085,0.003173460252583027,0.012879269197583199,0.010889876633882523
0.014142697677016258,0.0031706327572464943,0.012885292991995811,0.010881844907999039
0.014139659702777863,0.0031677791848778725,0.01288704015314579,0.010879304260015488
0.014138560742139816,0.0031653838232159615,0.01288786344230175,0.010878589004278183
0.014138150960206985,0.003163476474583149,0.012888403609395027,0.01087840273976326
0.014137979596853256,0.003162034787237644,0.012888742610812187,0.010878365486860275
0.014137912541627884,0.003160996362566948,0.012888962402939796,0.010878358036279678
0.014137886464595795,0.0031602513045072556,0.012889096513390541,0.010878358036279678
0.0141378752887249,0.0031597167253494263,0.012889185920357704,0.010878358036279678
0.014137865975499153,0.003159336745738983,0.012889260426163673,0.010878358036279678
0.014137865975499153,0.003159082494676113,0.012889297679066658,0.010878358036279678
0.014137865975499153,0.003158903680741787,0.012889327481389046,0.010878358036279678
0.014137865975499153,0.0031587807461619377,0.01288934238255024,0.010878358036279678
0.014137865975499153,0.0031587043777108192,0.012889346107840538,0.010878358036279678
0.014137865975499153,0.0031586606055498123,0.012889346107840538,0.010878358036279678
0.014137865975499153,0.0031586317345499992,0.012889346107840538,0.010878358036279678
0.014137865975499153,0.0031586159020662308,0.012889346107840538,0.010878358036279678
0.014137865975499153,0.0031586075201630592,0.012889346107840538,0.010878358036279678
0.014137865975499153,0.0031586019322276115,0.012889346107840538,0.010878358036279678
0.014137865975499153,0.0031586000695824623,0.012889346107840538,0.010878358036279678
0.014137865975499153,0.0031585972756147385,0.012889346107840538,0.010878358036279678
0.014137865975499153,0.0031585944816470146,0.012889346107840538,0.010878358036279678
0.014137865975499153,0.0031585944816470146,0.012889346107840538,0.010878358036279678
0.014137865975499153,0.0031585944816470146,0.012889346107840538,0.010878358036279678
0.014137865975499153,0.0031585944816470146,0.012889346107840538,0.010878358036279678
0.014137865975499153,0.0031585944816470146,0.012889346107840538,0.010878358036279678
0.014137865975499153,0.0031585944816470146,0.012889346107840538,0.010878358036279678
0.014137865975499153,0.0031585944816470146,0.012889346107840538,0.010878358036279678
0.014137865975499153,0.0031585944816470146,0.012889346107840538,0.010878358036279678
0.014137865975499153,0.0031585944816470146,0.012889346107840538,0.010878358036279678
0.014137865975499153,0.0031585944816470146,0.012889346107840538,0.010878358036279678
0.014137865975499153,0.0031585944816470146,0.012889346107840538,0.010878358036279678
0.014137865975499153,0.0031585944816470146,0.012889346107840538,0.010878358036279678
0.014137865975499153,0.0031585944816470146,0.012889346107840538,0.010878358036279678
0.014137865975499153,0.0031585944816470146,0.012889346107840538,0.010878358036279678
0.014137865975499153,0.0031585944816470146,0.012889346107840538,0.010878358036279678
0.014137865975499153,0.0031585944816470146,0.012889346107840538,0.010878358036279678
0.014137865975499153,0.0031585944816470146,0.012889346107840538,0.010878358036279678
0.014137865975499153,0.0031585944816470146,0.012889346107840538,0.010878358036279678
0.014137865975499153,0.0031585944816470146,0.012889346107840538,0.010878358036279678
0.014137865975499153,0.0031585944816470146,0.012889346107840538,0.010878358036279678
0.014137865975499153,0.0031585944816470146,0.012889346107840538,0.010878358036279678
0.014137865975499153,0.0031585944816470146,0.012889346107840538,0.010878358036279678
0.014137865975499153,0.0031585944816470146,0.012889346107840538,0.010878358036279678
0.014137865975499153,0.0031585944816470146,0.012889346107840538,0.010878358036279678
0.014137865975499153,0.0031585944816470146,0.012889346107840538,0.010878358036279678
0.014137865975499153,0.0031585944816470146,0.012889346107840538,0.010878358036279678
0.014137865975499153,0.0031585944816470146,0.012889346107840538,0.010878358036279678
0.014137865975499153,0.0031585944816470146,0.012889346107840538,0.010878358036279678
0.014137865975499153,0.0031585944816470146,0.012889346107840538,0.010878358036279678
0.014137865975499153,0.0031585944816470146,0.012889346107840538,0.010878358036279678
0.014137865975499153,0.0031585944816470146,0.012889346107840538,0.010878358036279678
0.014137865975499153,0.0031585944816470146,0.012889346107840538,0.010878358036279678
0.014137865975499153,0.0031585944816470146,0.012889346107840538,0.010878358036279678
0.014137865975499153,0.0031585944816470146,0.012889346107840538,0.010878358036279678
0.014137865975499153,0.0031585944816470146,0.012889346107840538,0.010878358036279678
0.014137865975499153,0.0031585944816470146,0.012889346107840538,0.010878358036279678
0.014137865975499153,0.0031585944816470146,0.012889346107840538,0.010878358036279678
0.014137865975499153,0.0031585944816470146,0.012889346107840538,0.010878358036279678
0.014137865975499153,0.0031585944816470146,0.012889346107840538,0.010878358036279678
0.014137865975499153,0.0031585944816470146,0.012889346107840538,0.010878358036279678
0.014137865975499153,0.0031585944816470146,0.012889346107840538,0.010878358036279678
0.014137865975499153,0.0031585944816470146,0.012889346107840538,0.010878358036279678
0.014137865975499153,0.0031585944816470146,0.012889346107840538,0.010878358036279678
0.014137865975499153,0.0031585944816470146,0.012889346107840538,0.010878358036279678
0.014137865975499153,0.0031585944816470146,0.012889346107840538,0.010878358036279678
0.014137865975499153,0.0031585944816470146,0.012889346107840538,0.010878358036279678
0.014137865975499153,0.0031585944816470146,0.012889346107840538,0.010878358036279678
0.014137865975499153,0.0031585944816470146,0.012889346107840538,0.010878358036279678
0.014137865975499153,0.0031585944816470146,0.012889346107840538,0.010878358036279678
0.014137865975499153,0.0031585944816470146,0.012889346107840538,0.010878358036279678
0.014137865975499153,0.0031585944816470146,0.012889346107840538,0.010878358036279678
0.014137865975499153,0.0031585944816470146,0.012889346107840538,0.010878358036279678
0.014137865975499153,0.0031585944816470146,0.012889346107840538,0.010878358036279678
0.014137865975499153,0.0031585944816470146,0.012889346107840538,0.010878358036279678
0.014137865975499153,0.0031585944816470146,0.012889346107840538,0.010878358036279678
0.014137865975499153,0.0031585944816470146,0.012889346107840538,0.010878358036279678
0.014137865975499153,0.0031585944816470146,0.012889346107840538,0.010878358036279678
0.014137865975499153,0.0031585944816470146,0.012889346107840538,0.010878358036279678
0.014137865975499153,0.0031585944816470146,0.012889346107840538,0.010878358036279678
0.014137865975499153,0.0031585944816470146,0.012889346107840538,0.010878358036279678
0.014137865975499153,0.0031585944816470146,0.012889346107840538,0.010878358036279678
0.014137865975499153,0.0031585944816470146,0.012889346107840538,0.010878358036279678
0.014137865975499153,0.0031585944816470146,0.012889346107840538,0.010878358036279678
0.014137865975499153,0.0031585944816470146,0.012889346107840538,0.010878358036279678
0.014137865975499153,0.0031585944816470146,0.012889346107840538,0.010878358036279678
0.014137865975499153,0.0031585944816470146,0.012889346107840538,0.010878358036279678
0.014137865975499153,0.0031585944816470146,0.012889346107840538,0.010878358036279678
0.014137865975499153,0.0031585944816470146,0.012889346107840538,0.010878358036279678
0.014137865975499153,0.0031585944816470146,0.012889346107840538,0.010878358036279678
0.014137865975499153,0.0031585944816470146,0.012889346107840538,0.010878358036279678
0.014137865975499153,0.0031585944816470146,0.012889346107840538,0.010878358036279678
0.014137865975499153,0.0031585944816470146,0.012889346107840538,0.010878358036279678
0.014137865975499153,0.0031585944816470146,0.012889346107840538,0.010878358036279678
0.014137865975499153,0.0031585944816470146,0.012889346107840538,0.010878358036279678
0.014137865975499153,0.0031585944816470146,0.012889346107840538,0.010878358036279678
0.014137865975499153,0.0031585944816470146,0.012889346107840538,0.010878358036279678
0.014137865975499153,0.0031585944816470146,0.012889346107840538,0.010878358036279678
0.014137865975499153,0.0031585944816470146,0.012889346107840538,0.010878358036279678
0.014137865975499153,0.0031585944816470146,0.012889346107840538,0.010878358036279678
0.014137865975499153,0.0031585944816470146,0.012889346107840538,0.010878358036279678
0.014137865975499153,0.0031585944816470146,0.012889346107840538,0.010878358036279678
0.014137865975499153,0.0031585944816470146,0.012889346107840538,0.010878358036279678
0.014137865975499153,0.0031585944816470146,0.012889346107840538,0.010878358036279678
0.014137865975499153,0.0031585944816470146,0.012889346107840538,0.010878358036279678
0.014137865975499153,0.0031585944816470146,0.012889346107840538,0.010878358036279678
0.014137865975499153,0.0031585944816470146,0.012889346107840538,0.010878358036279678
0.014137865975499153,0.0031585944816470146,0.012889346107840538,0.010878358036279678
0.014137865975499153,0.0031585944816470146,0.012889346107840538,0.010878358036279678
0.014137865975499153,0.0031585944816470146,0.012889346107840538,0.010878358036279678
0.014137865975499153,0.0031585944816470146,0.012889346107840538,0.010878358036279678
0.014137865975499153,0.0031585944816470146,0.012889346107840538,0.010878358036279678
0.014137865975499153,0.0031585944816470146,0.012889346107840538,0.010878358036279678
0.014137865975499153,0.0031585944816470146,0.012889346107840538,0.010878358036279678
0.014137865975499153,0.0031585944816470146,0.012889346107840538,0.010878358036279678
0.014137865975499153,0.0031585944816470146,0.012889346107840538,0.010878358036279678
0.014137865975499153,0.0031585944816470146,0.012889346107840538,0.010878358036279678
0.014137865975499153,0.0031585944816470146,0.012889346107840538,0.010878358036279678
0.014137865975499153,0.0031585944816470146,0.012889346107840538,0.010878358036279678
0.014137865975499153,0.0031585944816470146,0.012889346107840538,0.010878358036279678
0.014137865975499153,0.0031585944816470146,0.012889346107840538,0.010878358036279678
0.014137865975499153,0.0031585944816470146,0.012889346107840538,0.010878358036279678
0.014137865975499153,0.0031585944816470146,0.012889346107840538,0.010878358036279678
0.014137865975499153,0.0031585944816470146,0.012889346107840538,0.010878358036279678
0.014137865975499153,0.0031585944816470146,0.012889346107840538,0.010878358036279678
0.014137865975499153,0.0031585944816470146,0.012889346107840538,0.010878358036279678
0.014137865975499153,0.0031585944816470146,0.012889346107840538,0.010878358036279678
0.014137865975499153,0.0031585944816470146,0.012889346107840538,0.010878358036279678
0.014137865975499153,0.0031585944816470146,0.012889346107840538,0.010878358036279678
0.014137865975499153,0.0031585944816470146,0.012889346107840538,0.010878358036279678
0.014137865975499153,0.0031585944816470146,0.012889346107840538,0.010878358036279678
0.014137865975499153,0.0031585944816470146,0.012889346107840538,0.010878358036279678
0.014137865975499153,0.0031585944816470146,0.012889346107840538,0.010878358036279678
0.014137865975499153,0.0031585944816470146,0.012889346107840538,0.010878358036279678
0.014137865975499153,0.0031585944816470146,0.012889346107840538,0.010878358036279678
0.014137865975499153,0.0031585944816470146,0.012889346107840538,0.010878358036279678
0.014137865975499153,0.0031585944816470146,0.012889346107840538,0.010878358036279678
0.014137865975499153,0.0031585944816470146,0.012889346107840538,0.010878358036279678
0.014137865975499153,0.0031585944816470146,0.012889346107840538,0.010878358036279678
0.014137865975499153,0.0031585944816470146,0.012889346107840538,0.010878358036279678
0.014137865975499153,0.0031585944816470146,0.012889346107840538,0.010878358036279678
0.014137865975499153,0.0031585944816470146,0.012889346107840538,0.010878358036279678
0.014137865975499153,0.0031585944816470146,0.012889346107840538,0.010878358036279678
0.014137865975499153,0.0031585944816470146,0.012889346107840538,0.010878358036279678
0.014137865975499153,0.0031585944816470146,0.012889346107840538,0.010878358036279678
0.014137865975499153,0.0031585944816470146,0.012889346107840538,0.010878358036279678
0.014137865975499153,0.0031585944816470146,0.012889346107840538,0.010878358036279678
0.014137865975499153,0.0031585944816470146,0.012889346107840538,0.010878358036279678
0.014137865975499153,0.0031585944816470146,0.012889346107840538,0.010878358036279678
0.014137865975499153,0.0031585944816470146,0.012889346107840538,0.010878358036279678
0.014137865975499153,0.0031585944816470146,0.012889346107840538,0.010878358036279678
0.014137865975499153,0.0031585944816470146,0.012889346107840538,0.010878358036279678
0.014137865975499153,0.0031585944816470146,0.012889346107840538,0.010878358036279678
0.014137865975499153,0.0031585944816470146,0.012889346107840538,0.010878358036279678
0.014137865975499153,0.0031585944816470146,0.012889346107840538,0.010878358036279678
0.014137865975499153,0.0031585944816470146,0.012889346107840538,0.010878358036279678
0.014137865975499153,0.0031585944816470146,0.012889346107840538,0.010878358036279678
0.014137865975499153,0.0031585944816470146,0.012889346107840538,0.010878358036279678
0.014137865975499153,0.0031585944816470146,0.012889346107840538,0.010878358036279678
0.014137865975499153,0.0031585944816470146,0.012889346107840538,0.010878358036279678
0.014137865975499153,0.0031585944816470146,0.012889346107840538,0.010878358036279678
0.014137865975499153,0.0031585944816470146,0.012889346107840538,0.010878358036279678
0.014137865975499153,0.0031585944816470146,0.012889346107840538,0.010878358036279678
0.014137865975499153,0.0031585944816470146,0.012889346107840538,0.010878358036279678
0.014137865975499153,0.0031585944816470146,0.012889346107840538,0.010878358036279678
0.014137865975499153,0.0031585944816470146,0.012889346107840538,0.010878358036279678
0.014137865975499153,0.0031585944816470146,0.012889346107840538,0.010878358036279678
0.014137865975499153,0.0031585944816470146,0.012889346107840538,0.010878358036279678
0.014137865975499153,0.0031585944816470146,0.012889346107840538,0.010878358036279678
0.014137865975499153,0.0031585944816470146,0.012889346107840538,0.010878358036279678
0.014137865975499153,0.0031585944816470146,0.012889346107840538,0.010878358036279678
0.014137865975499153,0.0031585944816470146,0.012889346107840538,0.010878358036279678
0.014137865975499153,0.0031585944816470146,0.012889346107840538,0.010878358036279678
0.014137865975499153,0.0031585944816470146,0.012889346107840538,0.010878358036279678
0.014137865975499153,0.0031585944816470146,0.012889346107840538,0.010878358036279678
0.014137865975499153,0.0031585944816470146,0.012889346107840538,0.010878358036279678
0.014137865975499153,0.0031585944816470146,0.012889346107840538,0.010878358036279678
0.014137865975499153,0.0031585944816470146,0.012889346107840538,0.010878358036279678
0.014137865975499153,0.0031585944816470146,0.012889346107840538,0.010878358036279678
0.014137865975499153,0.0031585944816470146,0.012889346107840538,0.010878358036279678
0.014137865975499153,0.0031585944816470146,0.012889346107840538,0.010878358036279678
0.014137865975499153,0.0031585944816470146,0.012889346107840538,0.010878358036279678
0.014137865975499153,0.0031585944816470146,0.012889346107840538,0.010878358036279678
0.014137865975499153,0.0031585944816470146,0.012889346107840538,0.010878358036279678
0.014137865975499153,0.0031585944816470146,0.012889346107840538,0.010878358036279678
0.014137865975499153,0.0031585944816470146,0.012889346107840538,0.010878358036279678
0.014137865975499153,0.0031585944816470146,0.012889346107840538,0.010878358036279678
0.014137865975499153,0.0031585944816470146,0.012889346107840538,0.010878358036279678
0.014137865975499153,0.0031585944816470146,0.012889346107840538,0.010878358036279678
0.014137865975499153,0.0031585944816470146,0.012889346107840538,0.010878358036279678
0.014137865975499153,0.0031585944816470146,0.012889346107840538,0.010878358036279678
0.014137865975499153,0.0031585944816470146,0.012889346107840538,0.010878358036279678
0.014137865975499153,0.0031585944816470146,0.012889346107840538,0.010878358036279678
0.014137865975499153,0.0031585944816470146,0.012889346107840538,0.010878358036279678
0.014137865975499153,0.0031585944816470146,0.012889346107840538,0.010878358036279678
0.014137865975499153,0.0031585944816470146,0.012889346107840538,0.010878358036279678
0.014137865975499153,0.0031585944816470146,0.012889346107840538,0.010878358036279678
0.014137865975499153,0.0031585944816470146,0.012889346107840538,0.010878358036279678
0.014137865975499153,0.0031585944816470146,0.012889346107840538,0.010878358036279678
0.014137865975499153,0.0031585944816470146,0.012889346107840538,0.010878358036279678
0.014137865975499153,0.0031585944816470146,0.012889346107840538,0.010878358036279678
0.014137865975499153,0.0031585944816470146,0.012889346107840538,0.010878358036279678
0.014137865975499153,0.0031585944816470146,0.012889346107840538,0.010878358036279678
0.014137865975499153,0.0031585944816470146,0.012889346107840538,0.010878358036279678
0.014137865975499153,0.0031585944816470146,0.012889346107840538,0.010878358036279678
0.014137865975499153,0.0031585944816470146,0.012889346107840538,0.010878358036279678
0.014137865975499153,0.0031585944816470146,0.012889346107840538,0.010878358036279678
0.014137865975499153,0.0031585944816470146,0.012889346107840538,0.010878358036279678
0.014137865975499153,0.0031585944816470146,0.012889346107840538,0.010878358036279678
0.014137865975499153,0.0031585944816470146,0.012889346107840538,0.010878358036279678
0.014137865975499153,0.0031585944816470146,0.012889346107840538,0.010878358036279678
0.014137865975499153,0.0031585944816470146,0.012889346107840538,0.010878358036279678
0.014137865975499153,0.0031585944816470146,0.012889346107840538,0.010878358036279678
0.014137865975499153,0.0031585944816470146,0.012889346107840538,0.010878358036279678
0.014137865975499153,0.0031585944816470146,0.012889346107840538,0.010878358036279678
0.014137865975499153,0.0031585944816470146,0.012889346107840538,0.010878358036279678
0.014137865975499153,0.0031585944816470146,0.012889346107840538,0.010878358036279678
0.014137865975499153,0.0031585944816470146,0.012889346107840538,0.010878358036279678
0.014137865975499153,0.0031585944816470146,0.012889346107840538,0.010878358036279678
0.014137865975499153,0.0031585944816470146,0.012889346107840538,0.010878358036279678
0.014137865975499153,0.0031585944816470146,0.012889346107840538,0.010878358036279678
0.014137865975499153,0.0031585944816470146,0.012889346107840538,0.010878358036279678
0.014137865975499153,0.0031585944816470146,0.012889346107840538,0.010878358036279678
0.014137865975499153,0.0031585944816470146,0.012889346107840538,0.010878358036279678
0.014137865975499153,0.0031585944816470146,0.012889346107840538,0.010878358036279678
0.014137865975499153,0.0031585944816470146,0.012889346107840538,0.010878358036279678
0.014137865975499153,0.0031585944816470146,0.012889346107840538,0.010878358036279678
0.014137865975499153,0.0031585944816470146,0.012889346107840538,0.010878358036279678
0.014137865975499153,0.0031585944816470146,0.012889346107840538,0.010878358036279678
0.014137865975499153,0.0031585944816470146,0.012889346107840538,0.010878358036279678
0.014137865975499153,0.0031585944816470146,0.012889346107840538,0.010878358036279678
0.014137865975499153,0.0031585944816470146,0.012889346107840538,0.010878358036279678
0.014137865975499153,0.0031585944816470146,0.012889346107840538,0.010878358036279678
0.014137865975499153,0.0031585944816470146,0.012889346107840538,0.010878358036279678
0.014137865975499153,0.0031585944816470146,0.012889346107840538,0.010878358036279678
0.014137865975499153,0.0031585944816470146,0.012889346107840538,0.010878358036279678
0.014137865975499153,0.0031585944816470146,0.012889346107840538,0.010878358036279678
0.014137865975499153,0.0031585944816470146,0.012889346107840538,0.010878358036279678
0.014137865975499153,0.0031585944816470146,0.012889346107840538,0.010878358036279678
0.014137865975499153,0.0031585944816470146,0.012889346107840538,0.010878358036279678
0.014137865975499153,0.0031585944816470146,0.012889346107840538,0.010878358036279678
0.014137865975499153,0.0031585944816470146,0.012889346107840538,0.010878358036279678
0.014137865975499153,0.0031585944816470146,0.012889346107840538,0.010878358036279678
0.014137865975499153,0.0031585944816470146,0.012889346107840538,0.010878358036279678
0.014137865975499153,0.0031585944816470146,0.012889346107840538,0.010878358036279678
0.014137865975499153,0.0031585944816470146,0.012889346107840538,0.010878358036279678
0.014137865975499153,0.0031585944816470146,0.012889346107840538,0.010878358036279678
0.014137865975499153,0.0031585944816470146,0.012889346107840538,0.010878358036279678
0.014137865975499153,0.0031585944816470146,0.012889346107840538,0.010878358036279678
0.014137865975499153,0.0031585944816470146,0.012889346107840538,0.010878358036279678
0.014137865975499153,0.0031585944816470146,0.012889346107840538,0.010878358036279678
0.014137865975499153,0.0031585944816470146,0.012889346107840538,0.010878358036279678
0.014137865975499153,0.0031585944816470146,0.012889346107840538,0.010878358036279678
0.014137865975499153,0.0031585944816470146,0.012889346107840538,0.010878358036279678
0.014137865975499153,0.0031585944816470146,0.012889346107840538,0.010878358036279678
0.014137865975499153,0.0031585944816470146,0.012889346107840538,0.010878358036279678
0.014137865975499153,0.0031585944816470146,0.012889346107840538,0.010878358036279678
0.014137865975499153,0.0031585944816470146,0.012889346107840538,0.010878358036279678
0.014137865975499153,0.0031585944816470146,0.012889346107840538,0.010878358036279678
0.014137865975499153,0.0031585944816470146,0.012889346107840538,0.010878358036279678
0.014137865975499153,0.0031585944816470146,0.012889346107840538,0.010878358036279678
0.014137865975499153,0.0031585944816470146,0.012889346107840538,0.010878358036279678
0.014137865975499153,0.0031585944816470146,0.012889346107840538,0.010878358036279678
0.014137865975499153,0.0031585944816470146,0.012889346107840538,0.010878358036279678
0.014137865975499153,0.0031585944816470146,0.012889346107840538,0.010878358036279678
0.014137865975499153,0.0031585944816470146,0.012889346107840538,0.010878358036279678
0.014137865975499153,0.0031585944816470146,0.012889346107840538,0.010878358036279678
0.014137865975499153,0.0031585944816470146,0.012889346107840538,0.010878358036279678
0.014137865975499153,0.0031585944816470146,0.012889346107840538,0.010878358036279678
0.014137865975499153,0.0031585944816470146,0.012889346107840538,0.010878358036279678
0.014137865975499153,0.0031585944816470146,0.012889346107840538,0.010878358036279678
0.014137865975499153,0.0031585944816470146,0.012889346107840538,0.010878358036279678
0.014137865975499153,0.0031585944816470146,0.012889346107840538,0.010878358036279678
0.014137865975499153,0.0031585944816470146,0.012889346107840538,0.010878358036279678
0.014137865975499153,0.0031585944816470146,0.012889346107840538,0.010878358036279678
0.014137865975499153,0.0031585944816470146,0.012889346107840538,0.010878358036279678
0.014137865975499153,0.0031585944816470146,0.012889346107840538,0.010878358036279678
0.014137865975499153,0.0031585944816470146,0.012889346107840538,0.010878358036279678
0.014137865975499153,0.0031585944816470146,0.012889346107840538,0.010878358036279678
0.014137865975499153,0.0031585944816470146,0.012889346107840538,0.010878358036279678
0.014137865975499153,0.0031585944816470146,0.012889346107840538,0.010878358036279678
0.014137865975499153,0.0031585944816470146,0.012889346107840538,0.010878358036279678
0.014137865975499153,0.0031585944816470146,0.012889346107840538,0.010878358036279678
0.014137865975499153,0.0031585944816470146,0.012889346107840538,0.010878358036279678
0.014137865975499153,0.0031585944816470146,0.012889346107840538,0.010878358036279678
0.014137865975499153,0.0031585944816470146,0.012889346107840538,0.010878358036279678
0.014137865975499153,0.0031585944816470146,0.012889346107840538,0.010878358036279678
0.014137865975499153,0.0031585944816470146,0.012889346107840538,0.010878358036279678
0.014137865975499153,0.0031585944816470146,0.012889346107840538,0.010878358036279678
0.014137865975499153,0.0031585944816470146,0.012889346107840538,0.010878358036279678
0.014137865975499153,0.0031585944816470146,0.012889346107840538,0.010878358036279678
0.014137865975499153,0.0031585944816470146,0.012889346107840538,0.010878358036279678
0.014137865975499153,0.0031585944816470146,0.012889346107840538,0.010878358036279678
0.014137865975499153,0.0031585944816470146,0.012889346107840538,0.010878358036279678
0.014137865975499153,0.0031585944816470146,0.012889346107840538,0.010878358036279678
0.014137865975499153,0.0031585944816470146,0.012889346107840538,0.010878358036279678
0.014137865975499153,0.0031585944816470146,0.012889346107840538,0.010878358036279678
0.014137865975499153,0.0031585944816470146,0.012889346107840538,0.010878358036279678
0.014137865975499153,0.0031585944816470146,0.012889346107840538,0.010878358036279678
0.014137865975499153,0.0031585944816470146,0.012889346107840538,0.010878358036279678
0.014137865975499153,0.0031585944816470146,0.012889346107840538,0.010878358036279678
0.014137865975499153,0.0031585944816470146,0.012889346107840538,0.010878358036279678
0.014137865975499153,0.0031585944816470146,0.012889346107840538,0.010878358036279678
0.014137865975499153,0.0031585944816470146,0.012889346107840538,0.010878358036279678
0.014137865975499153,0.0031585944816470146,0.012889346107840538,0.010878358036279678
0.014137865975499153,0.0031585944816470146,0.012889346107840538,0.010878358036279678
0.014137865975499153,0.0031585944816470146,0.012889346107840538,0.010878358036279678
0.014137865975499153,0.0031585944816470146,0.012889346107840538,0.010878358036279678
0.014137865975499153,0.0031585944816470146,0.012889346107840538,0.010878358036279678
0.014137865975499153,0.0031585944816470146,0.012889346107840538,0.010878358036279678
0.014137865975499153,0.0031585944816470146,0.012889346107840538,0.010878358036279678
0.014137865975499153,0.0031585944816470146,0.012889346107840538,0.010878358036279678
0.014137865975499153,0.0031585944816470146,0.012889346107840538,0.010878358036279678
0.014137865975499153,0.0031585944816470146,0.012889346107840538,0.010878358036279678
0.014137865975499153,0.0031585944816470146,0.012889346107840538,0.010878358036279678
0.014137865975499153,0.0031585944816470146,0.012889346107840538,0.010878358036279678
0.014137865975499153,0.0031585944816470146,0.012889346107840538,0.010878358036279678
0.014137865975499153,0.0031585944816470146,0.012889346107840538,0.010878358036279678
0.014137865975499153,0.0031585944816470146,0.012889346107840538,0.010878358036279678
0.014137865975499153,0.0031585944816470146,0.012889346107840538,0.010878358036279678
0.014137865975499153,0.0031585944816470146,0.012889346107840538,0.010878358036279678
0.014137865975499153,0.0031585944816470146,0.012889346107840538,0.010878358036279678
0.014137865975499153,0.0031585944816470146,0.012889346107840538,0.010878358036279678
0.014137865975499153,0.0031585944816470146,0.012889346107840538,0.010878358036279678
0.014137865975499153,0.0031585944816470146,0.012889346107840538,0.010878358036279678
0.014137865975499153,0.0031585944816470146,0.012889346107840538,0.010878358036279678
0.014137865975499153,0.0031585944816470146,0.012889346107840538,0.010878358036279678
0.014137865975499153,0.0031585944816470146,0.012889346107840538,0.010878358036279678
0.014137865975499153,0.0031585944816470146,0.012889346107840538,0.010878358036279678
0.014137865975499153,0.0031585944816470146,0.012889346107840538,0.010878358036279678
0.014137865975499153,0.0031585944816470146,0.012889346107840538,0.010878358036279678
0.014137865975499153,0.0031585944816470146,0.012889346107840538,0.010878358036279678
0.014137865975499153,0.0031585944816470146,0.012889346107840538,0.010878358036279678
0.014137865975499153,0.0031585944816470146,0.012889346107840538,0.010878358036279678
0.014137865975499153,0.0031585944816470146,0.012889346107840538,0.010878358036279678
0.014137865975499153,0.0031585944816470146,0.012889346107840538,0.010878358036279678
0.014137865975499153,0.0031585944816470146,0.012889346107840538,0.010878358036279678
0.014137865975499153,0.0031585944816470146,0.012889346107840538,0.010878358036279678
0.014137865975499153,0.0031585944816470146,0.012889346107840538,0.010878358036279678
0.014137865975499153,0.0031585944816470146,0.012889346107840538,0.010878358036279678
0.014137865975499153,0.0031585944816470146,0.012889346107840538,0.010878358036279678
0.014137865975499153,0.0031585944816470146,0.012889346107840538,0.010878358036279678
0.014137865975499153,0.0031585944816470146,0.012889346107840538,0.010878358036279678
0.014137865975499153,0.0031585944816470146,0.012889346107840538,0.010878358036279678
0.014137865975499153,0.0031585944816470146,0.012889346107840538,0.010878358036279678
0.014137865975499153,0.0031585944816470146,0.012889346107840538,0.010878358036279678
0.014137865975499153,0.0031585944816470146,0.012889346107840538,0.010878358036279678
0.014137865975499153,0.0031585944816470146,0.012889346107840538,0.010878358036279678
0.014137865975499153,0.0031585944816470146,0.012889346107840538,0.010878358036279678
0.014137865975499153,0.0031585944816470146,0.012889346107840538,0.010878358036279678
0.014137865975499153,0.0031585944816470146,0.012889346107840538,0.010878358036279678
0.014137865975499153,0.0031585944816470146,0.012889346107840538,0.010878358036279678
0.014137865975499153,0.0031585944816470146,0.012889346107840538,0.010878358036279678
0.014137865975499153,0.0031585944816470146,0.012889346107840538,0.010878358036279678
0.014137865975499153,0.0031585944816470146,0.012889346107840538,0.010878358036279678
0.014137865975499153,0.0031585944816470146,0.012889346107840538,0.010878358036279678
0.014137865975499153,0.0031585944816470146,0.012889346107840538,0.010878358036279678
0.014137865975499153,0.0031585944816470146,0.012889346107840538,0.010878358036279678
0.014137865975499153,0.0031585944816470146,0.012889346107840538,0.010878358036279678
0.014137865975499153,0.0031585944816470146,0.012889346107840538,0.010878358036279678
0.014137865975499153,0.0031585944816470146,0.012889346107840538,0.010878358036279678
0.014137865975499153,0.0031585944816470146,0.012889346107840538,0.010878358036279678
0.014137865975499153,0.0031585944816470146,0.012889346107840538,0.010878358036279678
0.014137865975499153,0.0031585944816470146,0.012889346107840538,0.010878358036279678
0.014137865975499153,0.0031585944816470146,0.012889346107840538,0.010878358036279678
0.014137865975499153,0.0031585944816470146,0.012889346107840538,0.010878358036279678
0.014137865975499153,0.0031585944816470146,0.012889346107840538,0.010878358036279678
0.014137865975499153,0.0031585944816470146,0.012889346107840538,0.010878358036279678
0.014137865975499153,0.0031585944816470146,0.012889346107840538,0.010878358036279678
0.014137865975499153,0.0031585944816470146,0.012889346107840538,0.010878358036279678
0.014137865975499153,0.0031585944816470146,0.012889346107840538,0.010878358036279678
0.014137865975499153,0.0031585944816470146,0.012889346107840538,0.010878358036279678
