vx,vy,vz,omega_z
-0.02677571401000023,0.0299837626516819,-0.020777598023414612,0.3617018163204193
-0.15758861601352692,0.06622589379549026,-0.020955249667167664,0.6416810750961304
-0.1841985434293747,0.09597952663898468,-0.017402132973074913,0.6852167844772339
-0.18814295530319214,0.11706109344959259,-0.016429618000984192,0.6905971765518188
-0.18473182618618011,0.12997041642665863,-0.016591614112257957,0.6893506050109863
-0.18267539143562317,0.13692176342010498,-0.0163573008030653,0.6880306005477905
-0.17245133221149445,0.1375640481710434,-0.017022913321852684,0.6861153841018677
-0.16556382179260254,0.13173067569732666,-0.012597286142408848,0.6774365901947021
-0.16839037835597992,0.12720876932144165,-0.009390465915203094,0.6649587154388428
-0.1681274026632309,0.12569044530391693,-0.008659727871418,0.6595883369445801
-0.16959069669246674,0.12221647799015045,-0.006111530587077141,0.648506760597229
-0.160739004611969,0.1089843362569809,-0.0028478316962718964,0.6386287212371826
-0.1564016193151474,0.09087608009576797,-0.001187983900308609,0.6348061561584473
-0.13593484461307526,0.06111570820212364,0.005296798422932625,0.6254911422729492
-0.1301223635673523,0.03547967970371246,0.01172742061316967,0.620445728302002
-0.1310601383447647,0.02329248934984207,0.013808036223053932,0.6200568675994873
-0.1274256557226181,0.020333245396614075,0.019005680456757545,0.6122286319732666
-0.13339655101299286,0.020461730659008026,0.018546076491475105,0.6111290454864502
-0.1360921412706375,0.01955658569931984,0.017574498429894447,0.6110841035842896
-0.15278080105781555,0.01681702956557274,0.01067427359521389,0.6251301765441895
-0.16526898741722107,0.01770126447081566,0.009329019114375114,0.6284617185592651
-0.16941159963607788,0.021745480597019196,0.008679589256644249,0.6282178163528442
-0.1557060182094574,0.02309088408946991,0.008611883968114853,0.5976516008377075
-0.13130326569080353,0.020728353410959244,0.00974295474588871,0.5583602786064148
-0.12309445440769196,0.017306219786405563,0.008901963010430336,0.5427179336547852
-0.09586019814014435,0.019586075097322464,0.02159966714680195,0.5064584016799927
-0.08962985873222351,0.024846915155649185,0.02811131440103054,0.4950816035270691
-0.09179449081420898,0.028412263840436935,0.030004160478711128,0.49575936794281006
-0.06607556343078613,0.029737532138824463,0.03814873844385147,0.4564656913280487
-0.045467402786016464,0.02900790423154831,0.03628024458885193,0.4232008457183838
-0.03690701350569725,0.02747999131679535,0.03394225239753723,0.40952277183532715
-0.044883448630571365,0.024326827377080917,0.0269616786390543,0.4278450608253479
-0.05554569885134697,0.020759116858243942,0.023316187784075737,0.44999372959136963
-0.059379640966653824,0.018653910607099533,0.022871045395731926,0.45886027812957764
-0.06912295520305634,0.01610640436410904,0.02247900329530239,0.4803556799888611
-0.0669429749250412,0.011210965923964977,0.023202186450362206,0.47585973143577576
-0.06257553398609161,0.005450056865811348,0.02194809727370739,0.4662739634513855
-0.06784844398498535,-0.0012167133390903473,0.017505845054984093,0.46561914682388306
-0.07508043944835663,-0.009246219880878925,0.009203298017382622,0.46751800179481506
-0.07788218557834625,-0.015806587412953377,0.004835266619920731,0.4676048457622528
-0.06511758267879486,-0.0194992758333683,0.003970917314291,0.43779534101486206
-0.043658848851919174,-0.02137208729982376,0.002991592511534691,0.38420572876930237
-0.03073280304670334,-0.02247883751988411,0.0012166555970907211,0.34914669394493103
-0.02857009693980217,-0.02598927915096283,-0.00435296818614006,0.3422490954399109
-0.031840018928050995,-0.031033944338560104,-0.010624542832374573,0.35406431555747986
-0.03492657467722893,-0.034675609320402145,-0.012495839037001133,0.36409372091293335
-0.037144195288419724,-0.03128071129322052,-0.011290293186903,0.3674665689468384
-0.03885172680020332,-0.019662711769342422,-0.010581418871879578,0.36683255434036255
-0.039497215300798416,-0.007208631373941898,-0.010915360413491726,0.36547333002090454
-0.0391923226416111,0.0037882868200540543,-0.010603087954223156,0.36404523253440857
-0.040798354893922806,0.012806355021893978,-0.012065814808011055,0.36642009019851685
-0.04286373779177666,0.01876203343272209,-0.013092206791043282,0.3694063127040863
-0.04562489315867424,0.021602168679237366,-0.01762063428759575,0.3754461705684662
-0.04541840776801109,0.019807178527116776,-0.02114022709429264,0.3722318410873413
-0.04356246069073677,0.015636365860700607,-0.022725045680999756,0.3665177524089813
-0.04393048956990242,0.010012279264628887,-0.02356407232582569,0.36516323685646057
-0.03773801401257515,0.0017805863171815872,-0.02330719493329525,0.34759321808815
-0.03142469748854637,-0.006222493015229702,-0.02353796735405922,0.3311038315296173
-0.027435187250375748,-0.01255649235099554,-0.02296009287238121,0.31674426794052124
-0.025691315531730652,-0.01725665107369423,-0.021914593875408173,0.3101661205291748
-0.025931335985660553,-0.0202324278652668,-0.021365420892834663,0.3104458451271057
-0.031753577291965485,-0.02199316956102848,-0.018527859821915627,0.3292979598045349
-0.03992176428437233,-0.023870153352618217,-0.01665518991649151,0.35340291261672974
-0.04394287243485451,-0.02582792565226555,-0.015901247039437294,0.36461496353149414
-0.04872407391667366,-0.028566759079694748,-0.015699246898293495,0.3781980872154236
-0.049213629215955734,-0.030687488615512848,-0.012298574671149254,0.3796567916870117
-0.047571320086717606,-0.03125665709376335,-0.011119204573333263,0.37601375579833984
-0.04254726693034172,-0.02943979948759079,-0.008692772127687931,0.3625762164592743
-0.034645456820726395,-0.023979347199201584,-0.004130486398935318,0.33835914731025696
-0.0295344740152359,-0.01765594817698002,-0.002845877781510353,0.3222474455833435
-0.025330249220132828,-0.01132773607969284,0.0008541364222764969,0.30465275049209595
-0.021774575114250183,-0.005603082478046417,0.002447366714477539,0.29057031869888306
-0.020605769008398056,-0.0011057192459702492,0.0037215296179056168,0.2798864245414734
-0.02188050001859665,0.0021170545369386673,0.0030567068606615067,0.27725332975387573
-0.023809120059013367,0.004735279828310013,0.0017575733363628387,0.27747756242752075
-0.02421104535460472,0.0070021627470850945,0.0010425746440887451,0.27598685026168823
-0.02398722618818283,0.009696547873318195,0.002490602433681488,0.2719483971595764
-0.02257072553038597,0.012632711790502071,0.005169380456209183,0.26490724086761475
-0.021234214305877686,0.014864050783216953,0.006445214152336121,0.2596827447414398
-0.019757740199565887,0.015990551561117172,0.008172452449798584,0.2563436031341553
-0.019454557448625565,0.01633601263165474,0.01075003482401371,0.2640725374221802
-0.021099504083395004,0.01634630560874939,0.012487189844250679,0.27538761496543884
-0.02103297784924507,0.01569666713476181,0.013789897784590721,0.27991580963134766
-0.01814061775803566,0.014658748172223568,0.015250658616423607,0.2744603753089905
-0.015240155160427094,0.013772019185125828,0.016026390716433525,0.26686573028564453
-0.013479277491569519,0.012823878787457943,0.016599463298916817,0.26063746213912964
-0.011640716344118118,0.011464149691164494,0.017423784360289574,0.25168728828430176
-0.010386455804109573,0.009967139922082424,0.017883749678730965,0.24460932612419128
-0.009832367300987244,0.007923849858343601,0.01831182651221752,0.2416737824678421
-0.009864293038845062,0.005631590262055397,0.018534673377871513,0.24080748856067657
-0.009471487253904343,0.004309843294322491,0.01952742226421833,0.23832383751869202
-0.008105535060167313,0.0036121131852269173,0.02107822336256504,0.2308562994003296
-0.006796538829803467,0.003006402403116226,0.02140667475759983,0.21919068694114685
-0.0059313662350177765,0.00249498151242733,0.021199779585003853,0.2104533612728119
-0.005645446479320526,0.0013884026557207108,0.02056596614420414,0.209055557847023
-0.006047014147043228,-0.0001908186823129654,0.01935369335114956,0.2081817388534546
-0.006406743079423904,-0.0015460355207324028,0.0185068491846323,0.2063126266002655
-0.006554167717695236,-0.002958911005407572,0.01823054440319538,0.20563462376594543
-0.006868183612823486,-0.004964868538081646,0.01748146302998066,0.20786455273628235
-0.007457435131072998,-0.006925409659743309,0.017010504379868507,0.21077637374401093
-0.007120218127965927,-0.008110578171908855,0.017002450302243233,0.20963381230831146
-0.005766328424215317,-0.008610629476606846,0.018005678430199623,0.20236778259277344
-0.004692286252975464,-0.008776453323662281,0.018446536734700203,0.19551785290241241
-0.0037845298647880554,-0.009336990304291248,0.01873730681836605,0.19278059899806976
-0.003101203590631485,-0.010252898558974266,0.018749652430415154,0.19046111404895782
-0.002797398716211319,-0.01100700069218874,0.018593592569231987,0.1884678602218628
-0.0028617940843105316,-0.011807454749941826,0.018414659425616264,0.18952101469039917
-0.0032586976885795593,-0.012704971246421337,0.018235037103295326,0.1917474865913391
-0.0034788846969604492,-0.013414142653346062,0.018131917342543602,0.19290153682231903
-0.0038322918117046356,-0.013890126720070839,0.01799011416733265,0.19309285283088684
-0.004309661686420441,-0.013929927721619606,0.017587611451745033,0.19360682368278503
-0.004579335451126099,-0.013691863045096397,0.017375653609633446,0.1943105012178421
-0.004957098513841629,-0.013736897148191929,0.01734834350645542,0.19533412158489227
-0.005434215068817139,-0.014428098686039448,0.01723240129649639,0.19575844705104828
-0.005669448524713516,-0.015260899439454079,0.01700690947473049,0.19547657668590546
-0.005899533629417419,-0.015713699162006378,0.017384914681315422,0.19302667677402496
-0.005761958658695221,-0.016072427853941917,0.01804790459573269,0.18526020646095276
-0.005343321710824966,-0.016451580449938774,0.01822773553431034,0.1780039370059967
-0.005495991557836533,-0.0167378019541502,0.0180553887039423,0.17255407571792603
-0.005610469728708267,-0.017089106142520905,0.017886647954583168,0.16578900814056396
-0.005512811243534088,-0.01746702753007412,0.0177448857575655,0.16073650121688843
-0.005537889897823334,-0.017902947962284088,0.017797017470002174,0.1572275459766388
-0.005522575229406357,-0.018031716346740723,0.017639292404055595,0.15244808793067932
-0.005448352545499802,-0.017895258963108063,0.01744246296584606,0.14869192242622375
-0.005037862807512283,-0.018329579383134842,0.017371414229273796,0.14774440228939056
-0.004359278827905655,-0.019306521862745285,0.016826992854475975,0.14719966053962708
-0.003936536610126495,-0.020258504897356033,0.01649978570640087,0.14643678069114685
-0.003568090498447418,-0.02127934619784355,0.016055943444371223,0.144802987575531
-0.0032409392297267914,-0.022325849160552025,0.015842696651816368,0.1418515145778656
-0.003026813268661499,-0.023146742954850197,0.015784332528710365,0.13960383832454681
-0.0028168968856334686,-0.0240342915058136,0.015391053631901741,0.13899129629135132
-0.0026007406413555145,-0.024764450266957283,0.015132876113057137,0.13769030570983887
-0.0023886077105998993,-0.025191515684127808,0.015088001266121864,0.13615497946739197
-0.001952286809682846,-0.025534216314554214,0.014860758557915688,0.13596683740615845
-0.0016342997550964355,-0.025821957737207413,0.0142729002982378,0.1367848515510559
-0.0014667212963104248,-0.026068557053804398,0.014043806120753288,0.13750064373016357
-0.001125633716583252,-0.02599470689892769,0.014005502685904503,0.13653172552585602
-0.0007037632167339325,-0.025747384876012802,0.013624953106045723,0.13476353883743286
-0.000476127490401268,-0.02560587227344513,0.013425873592495918,0.13372422754764557
-0.00019050762057304382,-0.02560950070619583,0.013207850977778435,0.13190048933029175
0.00010886229574680328,-0.025457102805376053,0.012949885800480843,0.1290407031774521
0.00029456987977027893,-0.025174777954816818,0.012836312875151634,0.12699313461780548
0.0004372168332338333,-0.024767203256487846,0.013331474736332893,0.12386196851730347
0.0006669219583272934,-0.023857956752181053,0.014020023867487907,0.12001058459281921
0.0008088070899248123,-0.02280399575829506,0.014335853978991508,0.1177125871181488
0.0009414106607437134,-0.021748624742031097,0.01431509293615818,0.11629004031419754
0.0011113304644823074,-0.02057483419775963,0.014580389484763145,0.11267778277397156
0.0011819079518318176,-0.019556686282157898,0.01462431438267231,0.1091906800866127
0.001176079735159874,-0.018714088946580887,0.014873949810862541,0.10675771534442902
0.0012779422104358673,-0.017835818231105804,0.015411848202347755,0.1030929759144783
0.0013541653752326965,-0.01705707609653473,0.015617599710822105,0.10008935630321503
0.001074284315109253,-0.016174426302313805,0.015631286427378654,0.09789164364337921
0.0011450201272964478,-0.01540924608707428,0.015437526628375053,0.09737727046012878
0.0013142675161361694,-0.014975570142269135,0.015365103259682655,0.0980689749121666
0.001516120508313179,-0.014597689732909203,0.015419265255331993,0.09677578508853912
0.0015783179551362991,-0.014237736351788044,0.015416191890835762,0.09432581067085266
0.0016101710498332977,-0.013946554623544216,0.015382634475827217,0.09270107001066208
0.0014781355857849121,-0.013484303839504719,0.015332425013184547,0.09135748445987701
0.0014049895107746124,-0.012972258031368256,0.015078118070960045,0.09001237154006958
0.0013599377125501633,-0.012592948973178864,0.01485348679125309,0.08927904814481735
0.0013808421790599823,-0.01239685993641615,0.01467612199485302,0.08774838596582413
0.0014048181474208832,-0.012322665192186832,0.014415523037314415,0.08558118343353271
0.0014787185937166214,-0.012258835136890411,0.01430170051753521,0.08412139117717743
0.0013210773468017578,-0.012315873056650162,0.013959018513560295,0.08353770524263382
0.0012078415602445602,-0.012494198977947235,0.013197513297200203,0.08147229999303818
0.001138441264629364,-0.012637544423341751,0.012649545446038246,0.07920783013105392
0.0010030735284090042,-0.01258548628538847,0.012343833222985268,0.0772671103477478
0.0011196732521057129,-0.012310752645134926,0.0121466014534235,0.07567448168992996
0.0012455545365810394,-0.011992192827165127,0.012081747874617577,0.0749087780714035
0.0015795845538377762,-0.01198341604322195,0.011939777061343193,0.07350572198629379
0.0017368737608194351,-0.012189025059342384,0.011772891506552696,0.07210525125265121
0.0017793159931898117,-0.01235654205083847,0.011714870110154152,0.0706937238574028
0.0020449962466955185,-0.012553744949400425,0.011568238958716393,0.06840590387582779
0.0025085117667913437,-0.012711779214441776,0.011469488963484764,0.06420260667800903
0.002693602815270424,-0.012731610797345638,0.011261438950896263,0.06070656329393387
0.0026538893580436707,-0.012635818682610989,0.011582238599658012,0.05928182229399681
0.002917412668466568,-0.0125653725117445,0.012162255123257637,0.05876420438289642
0.003105074167251587,-0.01254377979785204,0.01242307759821415,0.05851862207055092
0.003621010109782219,-0.01257861778140068,0.012359684333205223,0.058619383722543716
0.004024384543299675,-0.012605472467839718,0.012752765789628029,0.05872322618961334
0.004224391654133797,-0.012570826336741447,0.01300596259534359,0.05870184674859047
0.004351509734988213,-0.012410146184265614,0.01356532983481884,0.057890065014362335
0.004524281248450279,-0.012126429006457329,0.013961901888251305,0.055769722908735275
0.004586607217788696,-0.011817368678748608,0.013986898586153984,0.05400551110506058
0.0046540312469005585,-0.01149514876306057,0.014298466965556145,0.052595414221286774
0.00478055514395237,-0.011148471385240555,0.014455979689955711,0.05228002369403839
0.0049297623336315155,-0.010839692316949368,0.014537861570715904,0.05264115706086159
0.004839988425374031,-0.01075238548219204,0.014432748779654503,0.05325263366103172
0.004733245819807053,-0.01083194836974144,0.014357136562466621,0.0538410060107708
0.0045064352452754974,-0.010863698087632656,0.014890963211655617,0.05303884297609329
0.004178488627076149,-0.010793235152959824,0.015121078118681908,0.052241891622543335
0.003835165873169899,-0.010703247971832752,0.015336228534579277,0.05140778794884682
0.0035290513187646866,-0.010622603818774223,0.015366973355412483,0.050545431673526764
0.003148559480905533,-0.010407826863229275,0.015420900657773018,0.0493711419403553
0.002576630562543869,-0.010048534721136093,0.015742210671305656,0.04718729108572006
0.0021456442773342133,-0.009690151549875736,0.015807269141077995,0.045459117740392685
0.001717573031783104,-0.009259174577891827,0.01587759144604206,0.044793225824832916
0.001211686059832573,-0.00860084779560566,0.01654847525060177,0.043976686894893646
0.0008301809430122375,-0.007932353764772415,0.01690729148685932,0.04326820373535156
0.0006173010915517807,-0.007327972911298275,0.01727786473929882,0.04222274571657181
0.00043051689863204956,-0.006791392341256142,0.017427900806069374,0.041206881403923035
0.0005256962031126022,-0.006378744263201952,0.017654256895184517,0.04018642008304596
0.00028551556169986725,-0.005812171846628189,0.017834791913628578,0.03881749138236046
7.313862442970276e-05,-0.0050595905631780624,0.017721382901072502,0.03790602087974548
-3.1130388379096985e-05,-0.00437449524179101,0.01757749728858471,0.03760593384504318
-2.407841384410858e-05,-0.0038494793698191643,0.017454015091061592,0.038308337330818176
0.00022630952298641205,-0.003577609546482563,0.01733514480292797,0.03951539844274521
0.0003883056342601776,-0.0034867199137806892,0.017290359362959862,0.04023659974336624
0.0007443241775035858,-0.0035481839440762997,0.017092349007725716,0.04065554961562157
0.0009548552334308624,-0.003653706517070532,0.01688779704272747,0.041041336953639984
0.000991562381386757,-0.003680485300719738,0.016751358285546303,0.04135127738118172
0.0009150765836238861,-0.0037530618719756603,0.016350379213690758,0.04111606627702713
0.0008081961423158646,-0.003847242332994938,0.016037149354815483,0.040746014565229416
0.0006531942635774612,-0.00398124847561121,0.015934692695736885,0.04068941995501518
0.000675886869430542,-0.004155292641371489,0.01606733538210392,0.040780290961265564
0.0007781051099300385,-0.004488919395953417,0.016399940475821495,0.0400814414024353
0.0008107256144285202,-0.004869650583714247,0.016531018540263176,0.039162468165159225
0.0011441055685281754,-0.005396025255322456,0.016620593145489693,0.03896540403366089
0.0012942496687173843,-0.005853508599102497,0.016585448756814003,0.03724341839551926
0.0012348983436822891,-0.006056943908333778,0.016441764310002327,0.03514633700251579
0.0013618376106023788,-0.00612296536564827,0.01636642776429653,0.03420666605234146
0.0015492532402276993,-0.006179495714604855,0.01632583700120449,0.034384313970804214
0.0016452167183160782,-0.00623704819008708,0.016312921419739723,0.034863829612731934
0.0016396865248680115,-0.006265885196626186,0.016380468383431435,0.03438173234462738
0.001580074429512024,-0.006278575398027897,0.01640133000910282,0.033631082624197006
0.0015643835067749023,-0.006388671696186066,0.016426673159003258,0.0327816940844059
0.0017459727823734283,-0.006587992422282696,0.01649109087884426,0.03194817900657654
0.0017642229795455933,-0.006642477586865425,0.01647208444774151,0.03180541843175888
0.0016895625740289688,-0.006572070065885782,0.01646113581955433,0.03201084956526756
0.0016636475920677185,-0.006558164954185486,0.01617044024169445,0.031718384474515915
0.0019082054495811462,-0.006729367654770613,0.01589558832347393,0.03089257702231407
0.002131536602973938,-0.006983454339206219,0.015828488394618034,0.03017852082848549
0.0023358818143606186,-0.007249125745147467,0.015583550557494164,0.03038981556892395
0.002417091280221939,-0.007375531364232302,0.01533854566514492,0.030352313071489334
0.00241892971098423,-0.00734443124383688,0.015195434913039207,0.02995762601494789
0.002438550814986229,-0.007280783727765083,0.015063060447573662,0.029057469218969345
0.0024244412779808044,-0.007235284429043531,0.014998188242316246,0.028124120086431503
0.002343149855732918,-0.007046491838991642,0.014913110062479973,0.02709074318408966
0.00232790969312191,-0.006725011393427849,0.01501866988837719,0.024867206811904907
0.0024128127843141556,-0.006293565034866333,0.01509075053036213,0.022046178579330444
0.0024459324777126312,-0.005860813427716494,0.015083005651831627,0.020188026130199432
0.002677604556083679,-0.005229698959738016,0.01494956947863102,0.019429728388786316
0.0031389594078063965,-0.004406447988003492,0.014884406700730324,0.019069362431764603
0.0034472886472940445,-0.003700642380863428,0.014868827536702156,0.018794845789670944
0.003879634663462639,-0.0032133744098246098,0.014910923317074776,0.019263770431280136
0.004278087988495827,-0.0028527462854981422,0.014866409823298454,0.02009565755724907
0.0044667404145002365,-0.0025646951980888844,0.014794150367379189,0.020569898188114166
0.004366997629404068,-0.0023412867449223995,0.014727221801877022,0.02016633003950119
0.004244556650519371,-0.0021897568367421627,0.014672914519906044,0.019547976553440094
0.004278460517525673,-0.0021296795457601547,0.01469237171113491,0.0192779041826725
0.0042483266443014145,-0.0021788734011352062,0.01463397778570652,0.019020240753889084
0.004137979820370674,-0.0020911027677357197,0.014509407803416252,0.01879069209098816
0.004100192338228226,-0.001877449918538332,0.014455856755375862,0.01871493086218834
0.0041231997311115265,-0.0015304060652852058,0.01439783163368702,0.018862154334783554
0.004026796668767929,-0.0009505683556199074,0.014224899932742119,0.019051048904657364
0.003971477970480919,-0.00037011876702308655,0.014112776145339012,0.019158940762281418
0.004269711673259735,0.00011902209371328354,0.014257976785302162,0.019488800317049026
0.004651335999369621,0.0005361195653676987,0.014443499967455864,0.02011953294277191
0.0048480574041605,0.0008418066427111626,0.014538953080773354,0.02058430016040802
0.004926884546875954,0.0011712051928043365,0.014633284881711006,0.02088899537920952
0.005091840401291847,0.0016308976337313652,0.014725064858794212,0.02121986448764801
0.00523269921541214,0.0020678341388702393,0.014797555282711983,0.02145405486226082
0.005392333492636681,0.0023587727919220924,0.014838865026831627,0.02188974618911743
0.005546560510993004,0.0026240460574626923,0.014956900849938393,0.02266693115234375
0.005627186968922615,0.0028862804174423218,0.015030095353722572,0.023295622318983078
0.005719698965549469,0.0029774345457553864,0.015013227239251137,0.02322819083929062
0.00584813579916954,0.002976924180984497,0.014991318807005882,0.022896084934473038
0.005915369838476181,0.0029967334121465683,0.014969317242503166,0.022768598049879074
0.006158923730254173,0.0031029358506202698,0.01480780728161335,0.02319248765707016
0.006656838580965996,0.003177928738296032,0.014908337965607643,0.0234576053917408
0.0069799721240997314,0.0031727608293294907,0.01501416228711605,0.02333497256040573
0.007268242537975311,0.0031859492883086205,0.015168758109211922,0.022940948605537415
0.007466532289981842,0.003226599656045437,0.015262572094798088,0.02251589298248291
0.0075210873037576675,0.003387371078133583,0.015233052894473076,0.02192530781030655
0.007589386776089668,0.0036657145246863365,0.015133602544665337,0.020902514457702637
0.007705090567469597,0.004007537849247456,0.01487777940928936,0.01962302252650261
0.007776100188493729,0.004329518415033817,0.014723917469382286,0.018712081015110016
0.007936356589198112,0.004600459709763527,0.014461556449532509,0.017861194908618927
0.008233355358242989,0.004834682680666447,0.014273421838879585,0.0174202062189579
0.008484918624162674,0.0050156861543655396,0.014266489073634148,0.017344556748867035
0.008829765021800995,0.005006888881325722,0.014317819848656654,0.017836805433034897
0.009108325466513634,0.004883110523223877,0.014376113191246986,0.018411263823509216
0.009399544447660446,0.00463539082556963,0.014494871720671654,0.018673665821552277
0.009738141670823097,0.0042522260919213295,0.014618569985032082,0.01916283741593361
0.00996229238808155,0.003887508064508438,0.014726324006915092,0.019642267376184464
0.010153563693165779,0.003531496040523052,0.014624597504734993,0.020450618118047714
0.010436441749334335,0.0030786124989390373,0.01449640654027462,0.021645192056894302
0.010883236303925514,0.002557992935180664,0.014470869675278664,0.02249092236161232
0.01113724522292614,0.0021144384518265724,0.014507854357361794,0.022808749228715897
0.011266984045505524,0.0017013028264045715,0.014529136940836906,0.022672977298498154
0.011229448020458221,0.0014742212370038033,0.014484455808997154,0.02175241708755493
0.011166499927639961,0.0014539603143930435,0.01441170834004879,0.020870275795459747
0.011148376390337944,0.0014862772077322006,0.014380281791090965,0.02028481662273407
0.01103256456553936,0.0016017230227589607,0.014258665964007378,0.01953338459134102
0.010957371443510056,0.00174722820520401,0.014171818271279335,0.01895923912525177
0.010939439758658409,0.0018796185031533241,0.014103354886174202,0.018976230174303055
0.010949905961751938,0.0019852081313729286,0.014090126380324364,0.019185751676559448
0.010791957378387451,0.0020786067470908165,0.01406106911599636,0.01896493509411812
0.010463692247867584,0.002119668759405613,0.01408996619284153,0.018615931272506714
0.010142931714653969,0.001994033344089985,0.01424107514321804,0.018421486020088196
0.010014070197939873,0.0017842957749962807,0.01434151642024517,0.018309034407138824
0.009865066036581993,0.0015461323782801628,0.014473145827651024,0.018902987241744995
0.009674737229943275,0.0012454641982913017,0.014756647869944572,0.01953967660665512
0.009574636816978455,0.0009555574506521225,0.014924777671694756,0.01973128318786621
0.009438775479793549,0.0007887892425060272,0.015087993815541267,0.0193953774869442
0.009357651695609093,0.0007572220638394356,0.015101773664355278,0.01925158128142357
0.00933527760207653,0.0007974039763212204,0.015066174790263176,0.019435111433267593
0.009370945394039154,0.0008926829323172569,0.014951640740036964,0.019214410334825516
0.009381843730807304,0.0010149842128157616,0.014870202168822289,0.018855340778827667
0.00939827412366867,0.0010921219363808632,0.014761434867978096,0.018429014831781387
0.009427335113286972,0.001079096458852291,0.014703134074807167,0.017667528241872787
0.009337732568383217,0.0009655160829424858,0.01469733752310276,0.0164862759411335
0.009240524843335152,0.0008259015157818794,0.014676356688141823,0.015569306910037994
0.009137900546193123,0.0005932869389653206,0.014547212049365044,0.014919847249984741
0.009219039231538773,0.0002862634137272835,0.014469822868704796,0.01449771597981453
0.009285323321819305,3.691762685775757e-05,0.014483248814940453,0.014322634786367416
0.009407740086317062,-0.0001249099150300026,0.014412635937333107,0.014504950493574142
0.009476693347096443,-0.00020896270871162415,0.014380918815732002,0.014750931411981583
0.009531456977128983,-0.00017562322318553925,0.014335652813315392,0.01454097032546997
0.009524904191493988,-2.1938234567642212e-05,0.014311270788311958,0.014102868735790253
0.009579882025718689,0.00011336244642734528,0.014284858480095863,0.013781368732452393
0.009619718417525291,0.00018393807113170624,0.014271995052695274,0.01358700543642044
0.009721903130412102,0.000264924019575119,0.014287931844592094,0.013330355286598206
0.009879913181066513,0.0003965664654970169,0.014271518215537071,0.013008948415517807
0.009987331926822662,0.0005299057811498642,0.014273783192038536,0.012790936976671219
0.010005652904510498,0.0006835749372839928,0.01431630365550518,0.012433771044015884
0.010029440745711327,0.0008737416937947273,0.014433806762099266,0.011761341243982315
0.01005764864385128,0.0010438337922096252,0.014493955299258232,0.011204570531845093
0.010083481669425964,0.001148167997598648,0.014702221378684044,0.010663006454706192
0.010025929659605026,0.0012531857937574387,0.014825241640210152,0.009937353432178497
0.009971179068088531,0.0013393498957157135,0.014906061813235283,0.009393267333507538
0.010187540203332901,0.001367064192891121,0.014886831864714622,0.009612902998924255
0.010464556515216827,0.0014196615666151047,0.014925708994269371,0.00985921174287796
0.010616209357976913,0.0014906581491231918,0.01499984972178936,0.009838111698627472
0.010761754587292671,0.0014938060194253922,0.015087401494383812,0.010263301432132721
0.010922197252511978,0.001495051197707653,0.01522841490805149,0.010531853884458542
0.01101134903728962,0.001516224816441536,0.015320265665650368,0.01047934964299202
0.011253733187913895,0.00159369595348835,0.015228217467665672,0.010385740548372269
0.011608527973294258,0.0016998201608657837,0.01512053795158863,0.010317128151655197
0.011832129210233688,0.001772579737007618,0.015114868059754372,0.010271068662405014
0.012003440409898758,0.0018423795700073242,0.015030896291136742,0.010142572224140167
0.012124238535761833,0.0019060224294662476,0.015009285882115364,0.009970266371965408
0.012202642858028412,0.001909029670059681,0.014996403828263283,0.009838126599788666
0.012216083705425262,0.0018945448100566864,0.015077309682965279,0.009703833609819412
0.012191850692033768,0.0019296715036034584,0.015175608918070793,0.009520284831523895
0.012179827317595482,0.0019878866150975227,0.015206320211291313,0.009387828409671783
0.012145491316914558,0.002149696461856365,0.015224935486912727,0.009362425655126572
0.012108158320188522,0.0024429364129900932,0.015203023329377174,0.009404487907886505
0.012072106823325157,0.002750026062130928,0.015135442838072777,0.009447693824768066
0.012044355273246765,0.0029641129076480865,0.015118272975087166,0.009215585887432098
0.012038085609674454,0.0030918680131435394,0.015097228810191154,0.00893285870552063
0.011983703821897507,0.0031339237466454506,0.01499636285007,0.008603230118751526
0.011947380378842354,0.0030458802357316017,0.014836380258202553,0.008362092077732086
0.011946894228458405,0.0029008695855736732,0.01477188803255558,0.008271794766187668
0.011884531006217003,0.002760099247097969,0.014765473082661629,0.008328855037689209
0.01182962954044342,0.002680579200387001,0.014776201918721199,0.008333150297403336
0.011786330491304398,0.0026732003316283226,0.014773303642868996,0.00824984535574913
0.011789513751864433,0.0027409205213189125,0.01475541852414608,0.008194245398044586
0.011756924912333488,0.0028985952958464622,0.014699360355734825,0.008452925831079483
0.011691302061080933,0.0030986247584223747,0.014663787558674812,0.00902128592133522
0.011663781479001045,0.0032739397138357162,0.014655457809567451,0.009477157145738602
0.01174888201057911,0.003390517085790634,0.014631064608693123,0.009794950485229492
0.011830240488052368,0.003465760499238968,0.01461360789835453,0.010016988962888718
0.011798057705163956,0.003626404330134392,0.014679500833153725,0.010063156485557556
0.011572277173399925,0.003996148705482483,0.014768628403544426,0.010115053504705429
0.011411448940634727,0.00440988689661026,0.01478036679327488,0.010213550180196762
0.011419909074902534,0.004694520495831966,0.014684738591313362,0.010699864476919174
0.011451201513409615,0.0049234796315431595,0.014613768085837364,0.011089503765106201
0.011468490585684776,0.005104072391986847,0.014614103361964226,0.011146601289510727
0.01149163767695427,0.0051991017535328865,0.014644918963313103,0.01114516332745552
0.011650914326310158,0.005264788866043091,0.014608228579163551,0.011286243796348572
0.011748388409614563,0.005369903519749641,0.014682440087199211,0.011679872870445251
0.011744093149900436,0.005491003394126892,0.014737041667103767,0.012024804949760437
0.01175764948129654,0.005629619583487511,0.014731081202626228,0.012259002774953842
0.011764004826545715,0.005772062577307224,0.014724990352988243,0.012406636029481888
0.011769438162446022,0.005903775803744793,0.014753179624676704,0.01251675933599472
0.011759152635931969,0.0060326457023620605,0.014742465689778328,0.012537334114313126
0.011761259287595749,0.006135519593954086,0.014733770862221718,0.012494813650846481
0.011671720072627068,0.006197125650942326,0.014785496518015862,0.012423444539308548
0.011582141742110252,0.00621138047426939,0.014845853671431541,0.01238640770316124
0.01150226779282093,0.006193072535097599,0.014888515695929527,0.01227310299873352
0.011450761929154396,0.006164420396089554,0.014903197064995766,0.01214854046702385
0.011458300054073334,0.006126822903752327,0.014819292351603508,0.011649571359157562
0.011562084779143333,0.006055720150470734,0.014657014980912209,0.011206861585378647
0.011645756661891937,0.005974794737994671,0.014590607956051826,0.01107323169708252
0.011751104146242142,0.005897132679820061,0.014536978676915169,0.011018149554729462
0.011831237003207207,0.005830223672091961,0.014518039301037788,0.010980378836393356
0.011918498203158379,0.005768086761236191,0.014474334195256233,0.011037517338991165
0.011981617659330368,0.0056809475645422935,0.014464883133769035,0.011126786470413208
0.01199428178369999,0.005590653978288174,0.014461038634181023,0.011181503534317017
0.01206832192838192,0.005499415099620819,0.014515360817313194,0.01112210750579834
0.012071410194039345,0.0053887274116277695,0.014589140191674232,0.010912016034126282
0.01206272467970848,0.005268888548016548,0.014620551839470863,0.010609246790409088
0.01206301897764206,0.0051609426736831665,0.014650529250502586,0.010374091565608978
0.012294350191950798,0.0050299083814024925,0.014612561091780663,0.01036655530333519
0.012717943638563156,0.004824811592698097,0.01457224227488041,0.010508354753255844
0.012977322563529015,0.004595327191054821,0.014607196673750877,0.010614212602376938
0.01302102580666542,0.004458658397197723,0.014642184600234032,0.01052500307559967
0.013056769967079163,0.004368782043457031,0.014609860256314278,0.010369718074798584
0.013107400387525558,0.004274397157132626,0.014610784128308296,0.010251365602016449
0.013398520648479462,0.004216169938445091,0.014630274847149849,0.010301031172275543
0.013639608398079872,0.004204531200230122,0.0146715696901083,0.010349486023187637
0.013767870143055916,0.0042598657310009,0.014736363664269447,0.010135706514120102
0.013609446585178375,0.004422072321176529,0.014997115358710289,0.009551897644996643
0.013167411088943481,0.004609127528965473,0.015334242954850197,0.008541993796825409
0.012863807380199432,0.004739574156701565,0.015466554090380669,0.0077414847910404205
0.012714050710201263,0.004824069328606129,0.015513299033045769,0.007562477141618729
0.012628233060240746,0.004926403984427452,0.015319446101784706,0.007582087069749832
0.012607799842953682,0.0050370050594210625,0.015181930735707283,0.007582448422908783
0.012455940246582031,0.005177171900868416,0.015175914391875267,0.007648348808288574
0.012312104925513268,0.0053340112790465355,0.015143992379307747,0.007776830345392227
0.012218017131090164,0.005434294231235981,0.014905886724591255,0.00842931866645813
0.012392980977892876,0.0054729534313082695,0.014658862724900246,0.00980105996131897
0.012536043301224709,0.005491442978382111,0.014598404988646507,0.010830838233232498
0.012651268392801285,0.00554316770285368,0.01447516493499279,0.011536691337823868
0.012883059680461884,0.0056182388216257095,0.014341132715344429,0.01246672123670578
0.012976378202438354,0.0056935688480734825,0.014401955530047417,0.012655161321163177
0.01300109177827835,0.00575467012822628,0.014420712366700172,0.012303031980991364
0.012966426089406013,0.005822918377816677,0.01448122225701809,0.011986594647169113
0.012910835444927216,0.005896841175854206,0.014498824253678322,0.011789333075284958
0.01288008876144886,0.005954950116574764,0.014486188068985939,0.011736560612916946
0.012853536754846573,0.006003240123391151,0.01448708213865757,0.01169220358133316
0.012832118198275566,0.006042445078492165,0.014483844861388206,0.011656273156404495
0.012826574966311455,0.006066231057047844,0.014469927176833153,0.011676788330078125
0.012821730226278305,0.006079449318349361,0.014464741572737694,0.011688638478517532
0.012825857847929,0.006096108816564083,0.014458483085036278,0.011659927666187286
0.012829547747969627,0.006114785559475422,0.014455540105700493,0.011627554893493652
0.012843668460845947,0.00613215658813715,0.014455722644925117,0.01161680743098259
0.012874765321612358,0.006145562045276165,0.01446322537958622,0.0116339772939682
0.012895308434963226,0.006153563037514687,0.014469495043158531,0.011654604226350784
0.012889465317130089,0.006157222203910351,0.01449608989059925,0.011680439114570618
0.01287020556628704,0.006156618706882,0.014522021636366844,0.011725585907697678
0.0128591638058424,0.006152760237455368,0.014533517882227898,0.011761181056499481
0.012850698083639145,0.006145253777503967,0.0145490113645792,0.01180339977145195
0.012837952002882957,0.006134204566478729,0.014566151425242424,0.011812679469585419
0.012830602005124092,0.006122304126620293,0.014573855325579643,0.011796705424785614
0.012824486941099167,0.006113650277256966,0.014574998989701271,0.011786237359046936
0.012821055948734283,0.006108037196099758,0.01457560621201992,0.011779937893152237
0.012820076197385788,0.006107145920395851,0.014573534950613976,0.01180344820022583
0.012822585180401802,0.006110471673309803,0.01457267813384533,0.011847671121358871
0.012822221964597702,0.006114771589636803,0.014578884467482567,0.011860743165016174
0.012821899726986885,0.006117663346230984,0.014584491029381752,0.01185145229101181
0.012835342437028885,0.006116077303886414,0.014583660289645195,0.011848118156194687
0.012853112071752548,0.006114671938121319,0.014588465914130211,0.011856947094202042
0.012866638600826263,0.006115938536822796,0.014594463631510735,0.011866934597492218
0.012881189584732056,0.006112720817327499,0.014578783884644508,0.01189480721950531
0.012891428545117378,0.006108183413743973,0.014566486701369286,0.01192554458975792
0.012905163690447807,0.006097091361880302,0.014557881280779839,0.011982172727584839
0.012930063530802727,0.006075680255889893,0.01454663835465908,0.01199587807059288
0.012964779511094093,0.006045968271791935,0.014525802806019783,0.012021385133266449
0.012987347319722176,0.006018375046551228,0.014518072828650475,0.012068159878253937
0.012996498495340347,0.0059926463291049,0.014507671818137169,0.012049991637468338
0.013021541759371758,0.0059632183983922005,0.014493981376290321,0.012079548090696335
0.01303660124540329,0.005937865935266018,0.014489924535155296,0.012145206332206726
0.0130204688757658,0.005905281752347946,0.014485592022538185,0.01218855008482933
0.012999588623642921,0.005859462544322014,0.014498630538582802,0.012183267623186111
0.012989602982997894,0.00581535417586565,0.014509180560708046,0.012156587094068527
0.01295347511768341,0.005783852189779282,0.014520900323987007,0.012194305658340454
0.012896519154310226,0.005760975182056427,0.014501838013529778,0.012228086590766907
0.012869153171777725,0.005740688182413578,0.01448499970138073,0.012227930128574371
0.012861967086791992,0.005725257098674774,0.01448170654475689,0.012253738939762115
0.012856295332312584,0.0057131508365273476,0.014492923393845558,0.012277457863092422
0.012853162363171577,0.005703061819076538,0.01450066827237606,0.012283626943826675
0.012876881286501884,0.005697181448340416,0.01450321264564991,0.01229868084192276
0.012908892706036568,0.005699913017451763,0.014521544799208641,0.01233593001961708
0.012925496324896812,0.005704334005713463,0.014542484655976295,0.012361980974674225
0.012953633442521095,0.005712350830435753,0.014560205861926079,0.012407336384057999
0.012951493263244629,0.005735957995057106,0.014627845957875252,0.01247374340891838
0.012934137135744095,0.005764013156294823,0.014674337580800056,0.012518350034952164
0.012899352237582207,0.00579864252358675,0.014690632000565529,0.012663442641496658
0.012893198058009148,0.0058637941256165504,0.014644736424088478,0.012948952615261078
0.012905227020382881,0.005934632383286953,0.014622053131461143,0.013165153563022614
0.012989455834031105,0.005978667177259922,0.01445203460752964,0.013383332639932632
0.01306576281785965,0.006004136987030506,0.014362471178174019,0.013539988547563553
0.013119840994477272,0.0059821102768182755,0.014316482469439507,0.013603027909994125
0.01316816546022892,0.005869114771485329,0.014261478558182716,0.013418503105640411
0.013074511662125587,0.005710185505449772,0.014336256310343742,0.01313701644539833
0.01300392672419548,0.005566208623349667,0.014386298134922981,0.01302860677242279
0.013043984770774841,0.005373441614210606,0.014645589515566826,0.0137244313955307
0.012970851734280586,0.005132289603352547,0.0147832240909338,0.014753434807062149
0.012901891022920609,0.0049389079213142395,0.014771411195397377,0.01535281166434288
0.012919727712869644,0.004768616519868374,0.014643723145127296,0.015697471797466278
0.012938374653458595,0.004627675749361515,0.014572123065590858,0.015905197709798813
0.012759953737258911,0.004534429870545864,0.014528503641486168,0.016042355448007584
0.012567887082695961,0.004462718963623047,0.014558939263224602,0.016259245574474335
0.012479634955525398,0.004402387887239456,0.014576306566596031,0.01646539196372032
0.012410573661327362,0.004352236166596413,0.014591364189982414,0.016524389386177063
0.012370720505714417,0.004312722012400627,0.0145967286080122,0.01653604954481125
0.01237526535987854,0.004282976500689983,0.014610445126891136,0.016519390046596527
0.012385863810777664,0.004258828237652779,0.014621777459979057,0.01648510992527008
0.012395810335874557,0.004252782091498375,0.014635959640145302,0.016527876257896423
0.012471314519643784,0.004257536493241787,0.014598974958062172,0.016518667340278625
0.012531815096735954,0.0042656175792217255,0.014589382335543633,0.016418810933828354
0.012654639780521393,0.004280771128833294,0.014552848413586617,0.016013696789741516
0.012767938897013664,0.004302432760596275,0.014549395069479942,0.015524845570325851
0.01282300055027008,0.004384124651551247,0.014665892347693443,0.016074836254119873
0.012985244393348694,0.0046240948140621185,0.014717904850840569,0.015875428915023804
0.013125201687216759,0.00491484347730875,0.014730187132954597,0.01491716131567955
0.013147426769137383,0.005188914947211742,0.01474151574075222,0.013962030410766602
0.01306871883571148,0.0054128291085362434,0.014715766534209251,0.013126403093338013
0.012979798018932343,0.005566751584410667,0.014667177572846413,0.01275089755654335
0.012929510325193405,0.005669739097356796,0.014637747779488564,0.012649871408939362
0.01291002705693245,0.005734631791710854,0.014621952548623085,0.012638069689273834
0.012929597869515419,0.005764034576714039,0.01460258848965168,0.01262553408741951
0.012951569631695747,0.005769808776676655,0.014601578935980797,0.012591991573572159
0.012956500053405762,0.005760685540735722,0.014593353495001793,0.01254112645983696
0.012980876490473747,0.0057465387508273125,0.014591330662369728,0.01266910508275032
0.013008495792746544,0.005740356631577015,0.014594314619898796,0.012855954468250275
0.013034183531999588,0.005732853896915913,0.014622965827584267,0.01291777566075325
0.012993156909942627,0.005793789401650429,0.014503886923193932,0.01271732896566391
0.012986365705728531,0.005905694328248501,0.01440882496535778,0.01248123124241829
0.012726180255413055,0.006012624129652977,0.014613887295126915,0.011946041136980057
0.012930797412991524,0.005730501376092434,0.014232704415917397,0.010933242738246918
0.01316816546022892,0.005187471397221088,0.014034068211913109,0.009881824254989624
0.013199007138609886,0.0046968357637524605,0.013650534674525261,0.009469401091337204
0.01352209784090519,0.0042638396844267845,0.013074805960059166,0.009955354034900665
0.01382177323102951,0.003939053975045681,0.012828191742300987,0.010567579418420792
0.01396574079990387,0.0036991992965340614,0.012781461700797081,0.010784771293401718
0.014034461230039597,0.0035201208665966988,0.012774398550391197,0.010823085904121399
0.014062810689210892,0.0034038210287690163,0.012771865352988243,0.010827898979187012
0.014074254781007767,0.0033322060480713844,0.01277063973248005,0.010827727615833282
0.01407892256975174,0.00328908022493124,0.012769969180226326,0.010827258229255676
0.014080822467803955,0.0032634148374199867,0.012769551947712898,0.010827019810676575
0.014081617817282677,0.003248225897550583,0.012769294902682304,0.010826919227838516
0.014081928879022598,0.003239290788769722,0.012769116088747978,0.01082685962319374
0.014082059264183044,0.003234032541513443,0.012769008055329323,0.010826848447322845
0.014082122594118118,0.0032309414818882942,0.012768952175974846,0.010826848447322845
0.014082157984375954,0.0032291365787386894,0.012768911197781563,0.010826840996742249
0.014082169160246849,0.0032280832529067993,0.012768881395459175,0.010826840996742249
0.01408175379037857,0.003227515146136284,0.012768840417265892,0.01082633063197136
0.014081588014960289,0.0032271966338157654,0.012768900021910667,0.010825682431459427
0.014081614091992378,0.0032269712537527084,0.012769022956490517,0.010825376957654953
0.014081642031669617,0.0032268036156892776,0.012769101187586784,0.010825276374816895
0.014084793627262115,0.003225245513021946,0.012763706967234612,0.010831456631422043
0.014084843918681145,0.0032208720222115517,0.012765990570187569,0.010835394263267517
0.01408507488667965,0.0032242806628346443,0.012758323922753334,0.01080336794257164
0.014081588014960289,0.0032353736460208893,0.01274995319545269,0.010763410478830338
0.014078304171562195,0.0032454337924718857,0.01274598203599453,0.010745421051979065
0.014076542109251022,0.003252957947552204,0.012743977829813957,0.010738957673311234
0.01407574862241745,0.0032582739368081093,0.012742901220917702,0.010736837983131409
0.014075422659516335,0.0032619088888168335,0.012742293998599052,0.01073618233203888
0.014075292274355888,0.0032643862068653107,0.012741925194859505,0.010736003518104553
0.01407524012029171,0.0032660579308867455,0.012741686776280403,0.010735943913459778
0.014075217768549919,0.0032671699300408363,0.012741560116410255,0.010735921561717987
0.014075206592679024,0.0032679010182619095,0.012741485610604286,0.010735921561717987
0.014075195416808128,0.003268413245677948,0.01274142973124981,0.010735921561717987
0.014075195416808128,0.0032687392085790634,0.012741392478346825,0.010735921561717987
0.014075195416808128,0.003268944099545479,0.012741370126605034,0.010735921561717987
0.014075195416808128,0.0032690688967704773,0.012741370126605034,0.010735921561717987
0.014075195416808128,0.0032691406086087227,0.012741370126605034,0.010735921561717987
0.014053154736757278,0.0032870741561055183,0.01275620423257351,0.010768972337245941
0.014034420251846313,0.0033240513876080513,0.012743363156914711,0.010852515697479248
0.014032028615474701,0.0033607203513383865,0.012731896713376045,0.010916683822870255
0.014033684507012367,0.0033884085714817047,0.012727169319987297,0.010942745953798294
0.014035126194357872,0.0034077921882271767,0.01272456906735897,0.010951712727546692
0.014035919681191444,0.0034209787845611572,0.01272292248904705,0.010954584926366806
0.014036288484930992,0.0034298477694392204,0.012721838429570198,0.01095544546842575
0.014036469161510468,0.0034357979893684387,0.012721138074994087,0.010955683887004852
0.014036539942026138,0.003439771942794323,0.012720676138997078,0.010955769568681717
0.01403656043112278,0.00344240665435791,0.012720385566353798,0.01095578446984291
0.014036579057574272,0.003444158472120762,0.012720195576548576,0.01095578446984291
0.014036586508154869,0.0034453105181455612,0.012720076367259026,0.01095578446984291
0.014036590233445168,0.003446051850914955,0.012720009312033653,0.01095578446984291
0.014036590233445168,0.003446531482040882,0.012719964608550072,0.01095578446984291
0.014036590233445168,0.0034468527883291245,0.012719942256808281,0.01095578446984291
0.014036590233445168,0.0034470660611987114,0.01271991990506649,0.01095578446984291
0.014036590233445168,0.0034471917897462845,0.012719916179776192,0.01095578446984291
0.014036590233445168,0.0034472690895199776,0.012719916179776192,0.01095578446984291
0.014036590233445168,0.003447313793003559,0.012719916179776192,0.01095578446984291
0.014036590233445168,0.0034473389387130737,0.012719916179776192,0.01095578446984291
0.014036590233445168,0.0034473538398742676,0.012719916179776192,0.01095578446984291
0.014036590233445168,0.003447365015745163,0.012719916179776192,0.01095578446984291
0.014036590233445168,0.0034473687410354614,0.012719916179776192,0.01095578446984291
0.014036590233445168,0.003447374328970909,0.012719916179776192,0.01095578446984291
0.014036590233445168,0.003447379916906357,0.012719916179776192,0.01095578446984291
0.014036590233445168,0.0034473808482289314,0.012719916179776192,0.01095578446984291
0.014036590233445168,0.0034473808482289314,0.012719916179776192,0.01095578446984291
0.014036590233445168,0.0034473808482289314,0.012719916179776192,0.01095578446984291
0.014036590233445168,0.0034473808482289314,0.012719916179776192,0.01095578446984291
0.014036590233445168,0.0034473808482289314,0.012719916179776192,0.01095578446984291
0.014036590233445168,0.0034473808482289314,0.012719916179776192,0.01095578446984291
0.014036590233445168,0.0034473808482289314,0.012719916179776192,0.01095578446984291
0.014036590233445168,0.0034473808482289314,0.012719916179776192,0.01095578446984291
0.0140331219881773,0.0034500593319535255,0.012720564380288124,0.010963615030050278
0.014031080529093742,0.003456050530076027,0.012726275250315666,0.010988559573888779
0.014029860496520996,0.003461579792201519,0.012729501351714134,0.011015214025974274
0.014029644429683685,0.003464760258793831,0.012730607762932777,0.01102767139673233
0.014029689133167267,0.0034662410616874695,0.012731174007058144,0.011032331734895706
0.014029771089553833,0.003466753289103508,0.012731561437249184,0.011033918708562851
0.01403006911277771,0.0034669889137148857,0.012732816860079765,0.011034145951271057
0.014034956693649292,0.0034652482718229294,0.012737935408949852,0.01103372871875763
0.014038698747754097,0.0034621339291334152,0.012741947546601295,0.011031132191419601
0.0140311848372221,0.0034556547179818153,0.012740423902869225,0.011029601097106934
0.014025932177901268,0.0034473519772291183,0.012736326083540916,0.011032219976186752
0.014024892821907997,0.0034411922097206116,0.012734422460198402,0.011034239083528519
0.014024894684553146,0.003437235951423645,0.0127336997538805,0.011035125702619553
0.014025012031197548,0.00343482568860054,0.01273341290652752,0.011035431176424026
0.014025092124938965,0.0034334110096096992,0.012733286246657372,0.011035498231649399
0.014025138691067696,0.003432590514421463,0.012733211740851402,0.011035509407520294
0.014025162905454636,0.00343211367726326,0.012733181938529015,0.011035509407520294
0.014025181531906128,0.0034318258985877037,0.012733178213238716,0.011035509407520294
0.014025188982486725,0.0034316563978791237,0.012733178213238716,0.011035509407520294
0.014025190845131874,0.0034315548837184906,0.012733178213238716,0.011035509407520294
0.014025190845131874,0.0034314943477511406,0.012733178213238716,0.011035509407520294
0.014025190845131874,0.003431458957493305,0.012733178213238716,0.011035509407520294
0.014025190845131874,0.0034314366057515144,0.012733178213238716,0.011035509407520294
0.014025190845131874,0.00343142356723547,0.012733178213238716,0.011035509407520294
0.014037495478987694,0.0034245550632476807,0.01275191642343998,0.011021941900253296
0.013966793194413185,0.0033944109454751015,0.01291905902326107,0.010944526642560959
0.01390102133154869,0.003341156989336014,0.013011535629630089,0.010902408510446548
0.013728398829698563,0.0033606933429837227,0.013193944469094276,0.010863840579986572
0.013555726036429405,0.0034495042636990547,0.013279518112540245,0.011117581278085709
0.013470375910401344,0.003535105846822262,0.013294240459799767,0.011454004794359207
0.013438815250992775,0.0036004334688186646,0.013293454423546791,0.011607237160205841
0.013427099213004112,0.003646603785455227,0.013290578499436378,0.011663418263196945
0.013422524556517601,0.0036781644448637962,0.013288011774420738,0.01168220117688179
0.013420665636658669,0.003699386492371559,0.013286100700497627,0.011688169091939926
0.013419877737760544,0.003713492304086685,0.013284770771861076,0.011690046638250351
0.013419538736343384,0.0037228353321552277,0.013283869251608849,0.011690609157085419
0.013419399037957191,0.0037289997562766075,0.013283254578709602,0.011690784245729446
0.013403061777353287,0.003686954267323017,0.013293547555804253,0.011662330478429794
0.013380404561758041,0.003611399792134762,0.013300502672791481,0.011631518602371216
0.013368101790547371,0.003549734130501747,0.01330387033522129,0.011619769036769867
0.013362657278776169,0.003506723791360855,0.013306321576237679,0.011616095900535583
0.013360409066081047,0.00347821693867445,0.013308146968483925,0.011615011841058731
0.013324150815606117,0.00343349389731884,0.013356627896428108,0.01133609190583229
0.013294799253344536,0.0033698584884405136,0.013407604768872261,0.010969951748847961
0.01328214816749096,0.0033127088099718094,0.013437071815133095,0.010801911354064941
0.013276413083076477,0.003267417661845684,0.013453574851155281,0.01074010506272316
0.01327364519238472,0.0032333675771951675,0.013463100418448448,0.01071951910853386
0.013272300362586975,0.0032085124403238297,0.013468815013766289,0.010713048279285431
0.013271667063236237,0.00319072138518095,0.013472339138388634,0.010711085051298141
0.013271376490592957,0.003178190439939499,0.01347455196082592,0.01071050763130188
0.01327124796807766,0.0031694239005446434,0.013475993648171425,0.01071033626794815
0.013271182775497437,0.0031633758917450905,0.01347690261900425,0.010710299015045166
0.013227814808487892,0.0031884238123893738,0.013542218133807182,0.010405011475086212
0.013197474181652069,0.003230770118534565,0.013577042147517204,0.010049786418676376
0.013175545260310173,0.003282897174358368,0.013589946553111076,0.009831283241510391
0.013162562623620033,0.0033389171585440636,0.013593422248959541,0.00969480350613594
0.013129545375704765,0.0034240661188960075,0.013571960851550102,0.009391866624355316
0.013105213642120361,0.0035262899473309517,0.013536320999264717,0.009089116007089615
0.013102075085043907,0.003607403486967087,0.013489959761500359,0.008918706327676773
0.013106206431984901,0.0036636656150221825,0.013466542586684227,0.008817285299301147
0.013108819723129272,0.0037005217745900154,0.013459516689181328,0.00877576693892479
0.01311010867357254,0.003724253736436367,0.013456692919135094,0.008761126548051834
0.013110708445310593,0.0037394696846604347,0.013455221429467201,0.008756335824728012
0.013110972940921783,0.0037492122501134872,0.013454386964440346,0.008754849433898926
0.013111097738146782,0.0037554502487182617,0.013453880324959755,0.008754383772611618
0.013111162930727005,0.0037594474852085114,0.013453556224703789,0.008754242211580276
0.0131111741065979,0.003762040287256241,0.013453328981995583,0.008754212409257889
0.013111189007759094,0.003763720393180847,0.013453187420964241,0.008754197508096695
0.013111192733049393,0.003764796070754528,0.013453112915158272,0.008754197508096695
0.013111192733049393,0.0037654777988791466,0.01345306821167469,0.008754197508096695
0.013111192733049393,0.0037659145891666412,0.013453034684062004,0.008754197508096695
0.013111192733049393,0.003766195848584175,0.013453012332320213,0.008754197508096695
0.013111192733049393,0.0037663839757442474,0.013452986255288124,0.008754197508096695
0.013111192733049393,0.003766496665775776,0.013452986255288124,0.008754197508096695
0.013111192733049393,0.0037665655836462975,0.013452986255288124,0.008754197508096695
0.01305384561419487,0.0037762029096484184,0.013574199751019478,0.008939430117607117
0.013155948370695114,0.0037917084991931915,0.013595791533589363,0.009340349584817886
0.013242477551102638,0.0038206325843930244,0.0135976392775774,0.009604603052139282
0.013264928013086319,0.0038529587909579277,0.013597885146737099,0.009697504341602325
0.013268819078803062,0.003882098011672497,0.013594130054116249,0.00972680002450943
0.013268917798995972,0.0039057657122612,0.013589965179562569,0.00973571464419365
0.013268554583191872,0.003923838026821613,0.013586657121777534,0.009738408029079437
0.013253826647996902,0.0038912445306777954,0.01362127996981144,0.009683776646852493
0.013241281732916832,0.0038231266662478447,0.013625973835587502,0.009640049189329147
0.013236138969659805,0.003766682930290699,0.01362198032438755,0.009627994149923325
0.013224989175796509,0.0037212446331977844,0.013631226494908333,0.00962819904088974
0.013215849176049232,0.0036849239841103554,0.013636855408549309,0.00963309034705162
0.01320115476846695,0.003656403161585331,0.013647617772221565,0.009634401649236679
0.013188233599066734,0.003634081222116947,0.013653377071022987,0.009633533656597137
0.013182489201426506,0.003618365153670311,0.013655269518494606,0.00963381677865982
0.013180188834667206,0.003607720136642456,0.013656316325068474,0.009634096175432205
0.013179270550608635,0.0036006029695272446,0.013657042756676674,0.009634226560592651
0.013178899884223938,0.003595879301428795,0.013657515868544579,0.009634286165237427
0.013178750872612,0.003592737950384617,0.013657847419381142,0.009634293615818024
0.013178693130612373,0.003590666688978672,0.013658048585057259,0.009634293615818024
0.013178665190935135,0.0035893209278583527,0.013658178970217705,0.009634293615818024
0.013178650289773941,0.003588428720831871,0.013658260926604271,0.00963430106639862
0.013178642839193344,0.0035878587514162064,0.013658309355378151,0.00963430106639862
0.013178642839193344,0.0035874852910637856,0.013658342882990837,0.00963430106639862
0.013178642839193344,0.003587237559258938,0.013658365234732628,0.00963430106639862
0.013178642839193344,0.003587069921195507,0.013658395037055016,0.00963430106639862
0.013178642839193344,0.003586946986615658,0.013658413663506508,0.00963430106639862
0.013178642839193344,0.003586879000067711,0.013658413663506508,0.00963430106639862
0.013178642839193344,0.0035868361592292786,0.013658413663506508,0.00963430106639862
0.013178642839193344,0.0035868100821971893,0.013658413663506508,0.00963430106639862
0.013178642839193344,0.003586791455745697,0.013658413663506508,0.00963430106639862
0.013178642839193344,0.0035867830738425255,0.013658413663506508,0.00963430106639862
0.013178642839193344,0.003586779348552227,0.013658413663506508,0.00963430106639862
0.013178642839193344,0.003586776554584503,0.013658413663506508,0.00963430106639862
0.013178642839193344,0.0035867756232619286,0.013658413663506508,0.00963430106639862
0.013178642839193344,0.0035867756232619286,0.013658413663506508,0.00963430106639862
0.013203205540776253,0.0036856625229120255,0.013602366670966148,0.00970768928527832
0.013227291405200958,0.0038558347150683403,0.013570433482527733,0.009777288883924484
0.013238437473773956,0.003997377119958401,0.013556329533457756,0.009801838546991348
0.012946143746376038,0.004381678998470306,0.014215318486094475,0.009718012064695358
0.012651970610022545,0.004904516041278839,0.014595897868275642,0.009714078158140182
0.01251935213804245,0.0052920253947377205,0.014676889404654503,0.009752269834280014
0.012662293389439583,0.005510713905096054,0.014654314145445824,0.010701052844524384
0.012812115252017975,0.005619147792458534,0.014671003445982933,0.011867217719554901
0.012879181653261185,0.005679347552359104,0.014684231951832771,0.012415129691362381
0.012898802757263184,0.005719571374356747,0.014686090871691704,0.01260196790099144
0.012913167476654053,0.00574661698192358,0.014677243307232857,0.01262042298913002
0.012919455766677856,0.005763632245361805,0.014669949188828468,0.012592636048793793
0.012919340282678604,0.005775091238319874,0.01466689445078373,0.012578681111335754
0.012952402234077454,0.005762322805821896,0.01464867778122425,0.012574505060911179
0.01298125833272934,0.005731990560889244,0.014648275449872017,0.012559141963720322
0.012991972267627716,0.005706077441573143,0.014653297141194344,0.012547791004180908
0.013011109083890915,0.005683809518814087,0.014686496928334236,0.012688565999269485
0.013032576069235802,0.005667119286954403,0.01471150852739811,0.012860320508480072
0.012686720117926598,0.005741775035858154,0.014828873798251152,0.012253455817699432
0.012542936950922012,0.0058257440105080605,0.01477264054119587,0.011157672852277756
0.012506743893027306,0.005861092358827591,0.014728648588061333,0.010332420468330383
0.012767236679792404,0.005496464669704437,0.014096232131123543,0.010028764605522156
0.013043610379099846,0.004821779206395149,0.013617010787129402,0.010195247828960419
0.013174770399928093,0.004241977818310261,0.013483824208378792,0.010501764714717865
0.013550227507948875,0.0038344543427228928,0.013083172962069511,0.010707799345254898
0.013863775879144669,0.003575471229851246,0.012858914211392403,0.010805848985910416
0.01398363709449768,0.003417576663196087,0.012815961614251137,0.010856721550226212
0.014033287763595581,0.0033229608088731766,0.01280207373201847,0.010905392467975616
0.014056133106350899,0.003270275890827179,0.01279260404407978,0.01092718169093132
0.014066312462091446,0.00324256531894207,0.012786643579602242,0.010934878140687943
0.014070713892579079,0.003228837624192238,0.012782873585820198,0.010937325656414032
0.014072587713599205,0.003222591243684292,0.012780493125319481,0.010937981307506561
0.01407337561249733,0.0032201698049902916,0.01277894712984562,0.01093817874789238
0.014073709025979042,0.003219611942768097,0.012777956202626228,0.01093820109963417
0.014073856174945831,0.003219825215637684,0.012777319177985191,0.01093822717666626
0.01407390832901001,0.0032203253358602524,0.012776905670762062,0.010938234627246857
0.014073923230171204,0.0032208580523729324,0.012776633724570274,0.010938234627246857
0.014073936268687248,0.003221326507627964,0.012776469811797142,0.010938234627246857
0.014073939993977547,0.0032217027619481087,0.012776365503668785,0.010938234627246857
0.014073939993977547,0.003221990540623665,0.012776287272572517,0.010938234627246857
0.014073939993977547,0.003222210332751274,0.012776235118508339,0.010938234627246857
0.014073939993977547,0.0032223621383309364,0.012776216492056847,0.010938234627246857
0.014073939993977547,0.0032224776223301888,0.012776186689734459,0.010938234627246857
0.014073939993977547,0.003222567029297352,0.012776168063282967,0.010938234627246857
0.014073939993977547,0.0032226378098130226,0.012776156887412071,0.010938234627246857
0.014073939993977547,0.0032226797193288803,0.012776156887412071,0.010938234627246857
0.014073939993977547,0.0032227057963609695,0.012776156887412071,0.010938234627246857
0.014073939993977547,0.003222721628844738,0.012776156887412071,0.010938234627246857
0.014073939993977547,0.0032227300107479095,0.012776156887412071,0.010938234627246857
0.014073939993977547,0.003222736530005932,0.012776156887412071,0.010938234627246857
0.014073939993977547,0.003222741186618805,0.012776156887412071,0.010938234627246857
0.014073939993977547,0.0032227439805865288,0.012776156887412071,0.010938234627246857
0.014073939993977547,0.0032227439805865288,0.012776156887412071,0.010938234627246857
0.014073939993977547,0.0032227439805865288,0.012776156887412071,0.010938234627246857
0.014073939993977547,0.0032227439805865288,0.012776156887412071,0.010938234627246857
0.014073939993977547,0.0032227439805865288,0.012776156887412071,0.010938234627246857
0.014073939993977547,0.0032227439805865288,0.012776156887412071,0.010938234627246857
0.014073939993977547,0.0032227439805865288,0.012776156887412071,0.010938234627246857
0.014073939993977547,0.0032227439805865288,0.012776156887412071,0.010938234627246857
0.014073939993977547,0.0032227439805865288,0.012776156887412071,0.010938234627246857
0.014073939993977547,0.0032227439805865288,0.012776156887412071,0.010938234627246857
0.014073939993977547,0.0032227439805865288,0.012776156887412071,0.010938234627246857
0.014073939993977547,0.0032227439805865288,0.012776156887412071,0.010938234627246857
0.014073939993977547,0.0032227439805865288,0.012776156887412071,0.010938234627246857
0.014073939993977547,0.0032227439805865288,0.012776156887412071,0.010938234627246857
0.014073939993977547,0.0032227439805865288,0.012776156887412071,0.010938234627246857
0.014073939993977547,0.0032227439805865288,0.012776156887412071,0.010938234627246857
0.014073939993977547,0.0032227439805865288,0.012776156887412071,0.010938234627246857
0.014073939993977547,0.0032227439805865288,0.012776156887412071,0.010938234627246857
0.014073939993977547,0.0032227439805865288,0.012776156887412071,0.010938234627246857
0.014073939993977547,0.0032227439805865288,0.012776156887412071,0.010938234627246857
0.014073939993977547,0.0032227439805865288,0.012776156887412071,0.010938234627246857
0.014073939993977547,0.0032227439805865288,0.012776156887412071,0.010938234627246857
0.014073939993977547,0.0032227439805865288,0.012776156887412071,0.010938234627246857
0.014073939993977547,0.0032227439805865288,0.012776156887412071,0.010938234627246857
0.014073939993977547,0.0032227439805865288,0.012776156887412071,0.010938234627246857
0.014073939993977547,0.0032227439805865288,0.012776156887412071,0.010938234627246857
0.014073939993977547,0.0032227439805865288,0.012776156887412071,0.010938234627246857
0.014073939993977547,0.0032227439805865288,0.012776156887412071,0.010938234627246857
0.014073939993977547,0.0032227439805865288,0.012776156887412071,0.010938234627246857
0.014073939993977547,0.0032227439805865288,0.012776156887412071,0.010938234627246857
0.014073939993977547,0.0032227439805865288,0.012776156887412071,0.010938234627246857
0.014073939993977547,0.0032227439805865288,0.012776156887412071,0.010938234627246857
0.014073939993977547,0.0032227439805865288,0.012776156887412071,0.010938234627246857
0.014073939993977547,0.0032227439805865288,0.012776156887412071,0.010938234627246857
0.014073939993977547,0.0032227439805865288,0.012776156887412071,0.010938234627246857
0.014073939993977547,0.0032227439805865288,0.012776156887412071,0.010938234627246857
0.014073939993977547,0.0032227439805865288,0.012776156887412071,0.010938234627246857
0.014073939993977547,0.0032227439805865288,0.012776156887412071,0.010938234627246857
0.014073939993977547,0.0032227439805865288,0.012776156887412071,0.010938234627246857
0.014073939993977547,0.0032227439805865288,0.012776156887412071,0.010938234627246857
0.014073939993977547,0.0032227439805865288,0.012776156887412071,0.010938234627246857
0.014073939993977547,0.0032227439805865288,0.012776156887412071,0.010938234627246857
0.014073939993977547,0.0032227439805865288,0.012776156887412071,0.010938234627246857
0.014073939993977547,0.0032227439805865288,0.012776156887412071,0.010938234627246857
0.014073939993977547,0.0032227439805865288,0.012776156887412071,0.010938234627246857
0.014073939993977547,0.0032227439805865288,0.012776156887412071,0.010938234627246857
0.014073939993977547,0.0032227439805865288,0.012776156887412071,0.010938234627246857
0.014073939993977547,0.0032227439805865288,0.012776156887412071,0.010938234627246857
0.014073939993977547,0.0032227439805865288,0.012776156887412071,0.010938234627246857
0.014073939993977547,0.0032227439805865288,0.012776156887412071,0.010938234627246857
0.014073939993977547,0.0032227439805865288,0.012776156887412071,0.010938234627246857
0.014073939993977547,0.0032227439805865288,0.012776156887412071,0.010938234627246857
0.014073939993977547,0.0032227439805865288,0.012776156887412071,0.010938234627246857
0.014073939993977547,0.0032227439805865288,0.012776156887412071,0.010938234627246857
0.014073939993977547,0.0032227439805865288,0.012776156887412071,0.010938234627246857
0.014073939993977547,0.0032227439805865288,0.012776156887412071,0.010938234627246857
0.014073939993977547,0.0032227439805865288,0.012776156887412071,0.010938234627246857
0.014073939993977547,0.0032227439805865288,0.012776156887412071,0.010938234627246857
0.014073939993977547,0.0032227439805865288,0.012776156887412071,0.010938234627246857
0.014073939993977547,0.0032227439805865288,0.012776156887412071,0.010938234627246857
0.014073939993977547,0.0032227439805865288,0.012776156887412071,0.010938234627246857
0.014073939993977547,0.0032227439805865288,0.012776156887412071,0.010938234627246857
0.014073939993977547,0.0032227439805865288,0.012776156887412071,0.010938234627246857
0.014073939993977547,0.0032227439805865288,0.012776156887412071,0.010938234627246857
0.014073939993977547,0.0032227439805865288,0.012776156887412071,0.010938234627246857
0.014073939993977547,0.0032227439805865288,0.012776156887412071,0.010938234627246857
0.014073939993977547,0.0032227439805865288,0.012776156887412071,0.010938234627246857
0.014073939993977547,0.0032227439805865288,0.012776156887412071,0.010938234627246857
0.014073939993977547,0.0032227439805865288,0.012776156887412071,0.010938234627246857
0.014073939993977547,0.0032227439805865288,0.012776156887412071,0.010938234627246857
0.014073939993977547,0.0032227439805865288,0.012776156887412071,0.010938234627246857
0.014073939993977547,0.0032227439805865288,0.012776156887412071,0.010938234627246857
0.014073939993977547,0.0032227439805865288,0.012776156887412071,0.010938234627246857
0.014073939993977547,0.0032227439805865288,0.012776156887412071,0.010938234627246857
0.014073939993977547,0.0032227439805865288,0.012776156887412071,0.010938234627246857
0.014073939993977547,0.0032227439805865288,0.012776156887412071,0.010938234627246857
0.014073939993977547,0.0032227439805865288,0.012776156887412071,0.010938234627246857
0.014073939993977547,0.0032227439805865288,0.012776156887412071,0.010938234627246857
0.014073939993977547,0.0032227439805865288,0.012776156887412071,0.010938234627246857
0.014073939993977547,0.0032227439805865288,0.012776156887412071,0.010938234627246857
0.014073939993977547,0.0032227439805865288,0.012776156887412071,0.010938234627246857
0.014073939993977547,0.0032227439805865288,0.012776156887412071,0.010938234627246857
0.014073939993977547,0.0032227439805865288,0.012776156887412071,0.010938234627246857
0.014073939993977547,0.0032227439805865288,0.012776156887412071,0.010938234627246857
0.014073939993977547,0.0032227439805865288,0.012776156887412071,0.010938234627246857
0.014073939993977547,0.0032227439805865288,0.012776156887412071,0.010938234627246857
0.014073939993977547,0.0032227439805865288,0.012776156887412071,0.010938234627246857
0.014073939993977547,0.0032227439805865288,0.012776156887412071,0.010938234627246857
0.014073939993977547,0.0032227439805865288,0.012776156887412071,0.010938234627246857
0.014073939993977547,0.0032227439805865288,0.012776156887412071,0.010938234627246857
0.014073939993977547,0.0032227439805865288,0.012776156887412071,0.010938234627246857
0.014073939993977547,0.0032227439805865288,0.012776156887412071,0.010938234627246857
0.014073939993977547,0.0032227439805865288,0.012776156887412071,0.010938234627246857
0.014073939993977547,0.0032227439805865288,0.012776156887412071,0.010938234627246857
0.014073939993977547,0.0032227439805865288,0.012776156887412071,0.010938234627246857
0.014073939993977547,0.0032227439805865288,0.012776156887412071,0.010938234627246857
0.014073939993977547,0.0032227439805865288,0.012776156887412071,0.010938234627246857
0.014073939993977547,0.0032227439805865288,0.012776156887412071,0.010938234627246857
0.014073939993977547,0.0032227439805865288,0.012776156887412071,0.010938234627246857
0.014073939993977547,0.0032227439805865288,0.012776156887412071,0.010938234627246857
0.014073939993977547,0.0032227439805865288,0.012776156887412071,0.010938234627246857
0.014073939993977547,0.0032227439805865288,0.012776156887412071,0.010938234627246857
0.014073939993977547,0.0032227439805865288,0.012776156887412071,0.010938234627246857
0.014073939993977547,0.0032227439805865288,0.012776156887412071,0.010938234627246857
0.014073939993977547,0.0032227439805865288,0.012776156887412071,0.010938234627246857
0.014073939993977547,0.0032227439805865288,0.012776156887412071,0.010938234627246857
0.014073939993977547,0.0032227439805865288,0.012776156887412071,0.010938234627246857
0.014073939993977547,0.0032227439805865288,0.012776156887412071,0.010938234627246857
0.014073939993977547,0.0032227439805865288,0.012776156887412071,0.010938234627246857
0.014073939993977547,0.0032227439805865288,0.012776156887412071,0.010938234627246857
0.014073939993977547,0.0032227439805865288,0.012776156887412071,0.010938234627246857
0.014073939993977547,0.0032227439805865288,0.012776156887412071,0.010938234627246857
0.014073939993977547,0.0032227439805865288,0.012776156887412071,0.010938234627246857
0.014073939993977547,0.0032227439805865288,0.012776156887412071,0.010938234627246857
0.014073939993977547,0.0032227439805865288,0.012776156887412071,0.010938234627246857
0.014073939993977547,0.0032227439805865288,0.012776156887412071,0.010938234627246857
0.014073939993977547,0.0032227439805865288,0.012776156887412071,0.010938234627246857
0.014073939993977547,0.0032227439805865288,0.012776156887412071,0.010938234627246857
0.014073939993977547,0.0032227439805865288,0.012776156887412071,0.010938234627246857
0.014073939993977547,0.0032227439805865288,0.012776156887412071,0.010938234627246857
0.014073939993977547,0.0032227439805865288,0.012776156887412071,0.010938234627246857
0.014076007530093193,0.0032213954254984856,0.01277577318251133,0.010934468358755112
0.014077791944146156,0.0032188035547733307,0.012776626273989677,0.010928921401500702
0.014078427106142044,0.0032164352014660835,0.012777453288435936,0.010926160961389542
0.014078633859753609,0.0032145753502845764,0.012777963653206825,0.010925106704235077
0.014078700914978981,0.0032132193446159363,0.012778272852301598,0.01092473790049553
0.01407872699201107,0.0032122423872351646,0.012778455391526222,0.010924622416496277
0.01407872885465622,0.0032115522772073746,0.012778585776686668,0.010924600064754486
0.014078732579946518,0.0032110754400491714,0.01277865283191204,0.01092459261417389
0.014078732579946518,0.003210773691534996,0.012778671458363533,0.01092458888888359
0.014078732579946518,0.0032105669379234314,0.012778697535395622,0.01092458888888359
0.014078732579946518,0.003210422582924366,0.012778723612427711,0.01092458888888359
0.014078732579946518,0.0032103173434734344,0.012778745964169502,0.01092458888888359
0.014078732579946518,0.003210250288248062,0.012778757140040398,0.01092458888888359
0.014078732579946518,0.0032101906836032867,0.01277877576649189,0.01092458888888359
0.014078732579946518,0.003210153430700302,0.012778779491782188,0.01092458888888359
0.014078732579946518,0.0032101310789585114,0.012778783217072487,0.01092458888888359
0.014078732579946518,0.0032101189717650414,0.012778783217072487,0.01092458888888359
0.014078732579946518,0.0032101115211844444,0.012778783217072487,0.01092458888888359
0.014078732579946518,0.0032101059332489967,0.012778783217072487,0.01092458888888359
0.014078732579946518,0.0032101012766361237,0.012778783217072487,0.01092458888888359
0.014078732579946518,0.0032100984826684,0.012778783217072487,0.01092458888888359
0.014078732579946518,0.0032100984826684,0.012778783217072487,0.01092458888888359
0.014078732579946518,0.0032100984826684,0.012778783217072487,0.01092458888888359
0.014078732579946518,0.0032100984826684,0.012778783217072487,0.01092458888888359
0.014078732579946518,0.0032100984826684,0.012778783217072487,0.01092458888888359
0.014078732579946518,0.0032100984826684,0.012778783217072487,0.01092458888888359
0.014078732579946518,0.0032100984826684,0.012778783217072487,0.01092458888888359
0.014078732579946518,0.0032100984826684,0.012778783217072487,0.01092458888888359
0.014078732579946518,0.0032100984826684,0.012778783217072487,0.01092458888888359
0.014078732579946518,0.0032100984826684,0.012778783217072487,0.01092458888888359
0.014078732579946518,0.0032100984826684,0.012778783217072487,0.01092458888888359
0.014078732579946518,0.0032100984826684,0.012778783217072487,0.01092458888888359
0.014078732579946518,0.0032100984826684,0.012778783217072487,0.01092458888888359
0.014078732579946518,0.0032100984826684,0.012778783217072487,0.01092458888888359
0.014078732579946518,0.0032100984826684,0.012778783217072487,0.01092458888888359
0.014078732579946518,0.0032100984826684,0.012778783217072487,0.01092458888888359
0.014078732579946518,0.0032100984826684,0.012778783217072487,0.01092458888888359
0.014078732579946518,0.0032100984826684,0.012778783217072487,0.01092458888888359
0.014078732579946518,0.0032100984826684,0.012778783217072487,0.01092458888888359
0.014078732579946518,0.0032100984826684,0.012778783217072487,0.01092458888888359
0.014078732579946518,0.0032100984826684,0.012778783217072487,0.01092458888888359
0.014078732579946518,0.0032100984826684,0.012778783217072487,0.01092458888888359
0.014078732579946518,0.0032100984826684,0.012778783217072487,0.01092458888888359
0.014078732579946518,0.0032100984826684,0.012778783217072487,0.01092458888888359
0.014078732579946518,0.0032100984826684,0.012778783217072487,0.01092458888888359
0.014078732579946518,0.0032100984826684,0.012778783217072487,0.01092458888888359
0.014078732579946518,0.0032100984826684,0.012778783217072487,0.01092458888888359
0.014078732579946518,0.0032100984826684,0.012778783217072487,0.01092458888888359
0.014078732579946518,0.0032100984826684,0.012778783217072487,0.01092458888888359
0.014078732579946518,0.0032100984826684,0.012778783217072487,0.01092458888888359
0.014078732579946518,0.0032100984826684,0.012778783217072487,0.01092458888888359
0.014078732579946518,0.0032100984826684,0.012778783217072487,0.01092458888888359
0.014078732579946518,0.0032100984826684,0.012778783217072487,0.01092458888888359
0.014078732579946518,0.0032100984826684,0.012778783217072487,0.01092458888888359
0.014078732579946518,0.0032100984826684,0.012778783217072487,0.01092458888888359
0.014078732579946518,0.0032100984826684,0.012778783217072487,0.01092458888888359
0.014078732579946518,0.0032100984826684,0.012778783217072487,0.01092458888888359
0.014078732579946518,0.0032100984826684,0.012778783217072487,0.01092458888888359
0.014078732579946518,0.0032100984826684,0.012778783217072487,0.01092458888888359
0.014078732579946518,0.0032100984826684,0.012778783217072487,0.01092458888888359
0.014078732579946518,0.0032100984826684,0.012778783217072487,0.01092458888888359
0.014078732579946518,0.0032100984826684,0.012778783217072487,0.01092458888888359
0.014078732579946518,0.0032100984826684,0.012778783217072487,0.01092458888888359
0.014078732579946518,0.0032100984826684,0.012778783217072487,0.01092458888888359
0.014078732579946518,0.0032100984826684,0.012778783217072487,0.01092458888888359
0.014078732579946518,0.0032100984826684,0.012778783217072487,0.01092458888888359
0.014078732579946518,0.0032100984826684,0.012778783217072487,0.01092458888888359
0.014078732579946518,0.0032100984826684,0.012778783217072487,0.01092458888888359
0.014078732579946518,0.0032100984826684,0.012778783217072487,0.01092458888888359
0.014078732579946518,0.0032100984826684,0.012778783217072487,0.01092458888888359
0.014078732579946518,0.0032100984826684,0.012778783217072487,0.01092458888888359
0.014078732579946518,0.0032100984826684,0.012778783217072487,0.01092458888888359
0.014078732579946518,0.0032100984826684,0.012778783217072487,0.01092458888888359
0.014078732579946518,0.0032100984826684,0.012778783217072487,0.01092458888888359
0.014078732579946518,0.0032100984826684,0.012778783217072487,0.01092458888888359
0.014078732579946518,0.0032100984826684,0.012778783217072487,0.01092458888888359
0.014078732579946518,0.0032100984826684,0.012778783217072487,0.01092458888888359
0.014078732579946518,0.0032100984826684,0.012778783217072487,0.01092458888888359
0.014078732579946518,0.0032100984826684,0.012778783217072487,0.01092458888888359
0.014078732579946518,0.0032100984826684,0.012778783217072487,0.01092458888888359
0.014078732579946518,0.0032100984826684,0.012778783217072487,0.01092458888888359
0.014078732579946518,0.0032100984826684,0.012778783217072487,0.01092458888888359
0.014078732579946518,0.0032100984826684,0.012778783217072487,0.01092458888888359
0.014078732579946518,0.0032100984826684,0.012778783217072487,0.01092458888888359
0.014078732579946518,0.0032100984826684,0.012778783217072487,0.01092458888888359
0.014078732579946518,0.0032100984826684,0.012778783217072487,0.01092458888888359
0.014078732579946518,0.0032100984826684,0.012778783217072487,0.01092458888888359
0.014078732579946518,0.0032100984826684,0.012778783217072487,0.01092458888888359
0.014078732579946518,0.0032100984826684,0.012778783217072487,0.01092458888888359
0.014078732579946518,0.0032100984826684,0.012778783217072487,0.01092458888888359
0.014078732579946518,0.0032100984826684,0.012778783217072487,0.01092458888888359
0.014078732579946518,0.0032100984826684,0.012778783217072487,0.01092458888888359
0.014078732579946518,0.0032100984826684,0.012778783217072487,0.01092458888888359
0.014078732579946518,0.0032100984826684,0.012778783217072487,0.01092458888888359
0.014078732579946518,0.0032100984826684,0.012778783217072487,0.01092458888888359
0.014078732579946518,0.0032100984826684,0.012778783217072487,0.01092458888888359
0.014078732579946518,0.0032100984826684,0.012778783217072487,0.01092458888888359
0.014078732579946518,0.0032100984826684,0.012778783217072487,0.01092458888888359
0.014078732579946518,0.0032100984826684,0.012778783217072487,0.01092458888888359
0.014078732579946518,0.0032100984826684,0.012778783217072487,0.01092458888888359
0.014078732579946518,0.0032100984826684,0.012778783217072487,0.01092458888888359
0.01407618261873722,0.003199290484189987,0.012806029990315437,0.01092098280787468
0.014078635722398758,0.0031810151413083076,0.012825431302189827,0.010914772748947144
0.014081330969929695,0.003166086971759796,0.01283264346420765,0.010911520570516586
0.014082660898566246,0.003155520185828209,0.012835776433348656,0.010910116136074066
0.014083173125982285,0.003148362971842289,0.012837277725338936,0.010909602046012878
0.014083337038755417,0.003143575042486191,0.01283806748688221,0.010909415781497955
0.01408337615430355,0.0031403936445713043,0.012838529422879219,0.010909337550401688
0.014083394780755043,0.0031382832676172256,0.012838805094361305,0.010909322649240494
0.014083387330174446,0.003136877901852131,0.012838957831263542,0.010909322649240494
0.014083394780755043,0.003135957755148411,0.012839065864682198,0.010909322649240494
0.014083394780755043,0.003135334700345993,0.012839144095778465,0.010909322649240494
0.014083394780755043,0.0031349314376711845,0.012839173898100853,0.010909322649240494
0.014083394780755043,0.0031346725299954414,0.012839192524552345,0.010909322649240494
0.014083394780755043,0.003134511411190033,0.012839199975132942,0.010909322649240494
0.014102961868047714,0.003143572248518467,0.012849008664488792,0.010906066745519638
0.014123225584626198,0.0031558871269226074,0.012867012992501259,0.010892834514379501
0.01413225382566452,0.003162819892168045,0.012877685949206352,0.010884150862693787
0.01413576677441597,0.0031653670594096184,0.012882934883236885,0.010880377143621445
0.014137092977762222,0.003165503963828087,0.012885605916380882,0.01087900623679161
0.01413758285343647,0.0031646136194467545,0.012887055054306984,0.010878529399633408
0.014137761667370796,0.003163418732583523,0.012887919321656227,0.010878395289182663
0.014137821272015572,0.003162258304655552,0.012888433411717415,0.010878365486860275
0.014137843623757362,0.003161270171403885,0.01288878358900547,0.010878358036279678
0.014137858524918556,0.003160504624247551,0.012888999655842781,0.010878358036279678
0.014137865975499153,0.0031599318608641624,0.01288912259042263,0.010878358036279678
0.014137865975499153,0.003159506246447563,0.012889208272099495,0.010878358036279678
0.014137865975499153,0.00315921101719141,0.012889260426163673,0.010878358036279678
0.014137865975499153,0.0031590070575475693,0.01288929395377636,0.010878358036279678
0.014137865975499153,0.00315885990858078,0.012889320030808449,0.010878358036279678
0.014137865975499153,0.003158753737807274,0.012889338657259941,0.010878358036279678
0.014137865975499153,0.0031586885452270508,0.012889338657259941,0.010878358036279678
0.014137865975499153,0.0031586503610014915,0.012889338657259941,0.010878358036279678
0.014137865975499153,0.0031586280092597008,0.012889338657259941,0.010878358036279678
0.014137865975499153,0.0031586140394210815,0.012889338657259941,0.010878358036279678
0.014137865975499153,0.00315860565751791,0.012889338657259941,0.010878358036279678
0.014137865975499153,0.003158601000905037,0.012889338657259941,0.010878358036279678
0.014137865975499153,0.0031585972756147385,0.012889338657259941,0.010878358036279678
0.014137865975499153,0.0031585944816470146,0.012889338657259941,0.010878358036279678
0.014137865975499153,0.0031585944816470146,0.012889338657259941,0.010878358036279678
0.014137865975499153,0.0031585944816470146,0.012889338657259941,0.010878358036279678
0.014137865975499153,0.0031585944816470146,0.012889338657259941,0.010878358036279678
0.014137865975499153,0.0031585944816470146,0.012889338657259941,0.010878358036279678
0.014137865975499153,0.0031585944816470146,0.012889338657259941,0.010878358036279678
0.014137865975499153,0.0031585944816470146,0.012889338657259941,0.010878358036279678
0.014137865975499153,0.0031585944816470146,0.012889338657259941,0.010878358036279678
0.014137865975499153,0.0031585944816470146,0.012889338657259941,0.010878358036279678
0.014137865975499153,0.0031585944816470146,0.012889338657259941,0.010878358036279678
0.014137865975499153,0.0031585944816470146,0.012889338657259941,0.010878358036279678
0.014137865975499153,0.0031585944816470146,0.012889338657259941,0.010878358036279678
0.014137865975499153,0.0031585944816470146,0.012889338657259941,0.010878358036279678
0.014137865975499153,0.0031585944816470146,0.012889338657259941,0.010878358036279678
0.014137865975499153,0.0031585944816470146,0.012889338657259941,0.010878358036279678
0.014137865975499153,0.0031585944816470146,0.012889338657259941,0.010878358036279678
0.014137865975499153,0.0031585944816470146,0.012889338657259941,0.010878358036279678
0.014137865975499153,0.0031585944816470146,0.012889338657259941,0.010878358036279678
0.014137865975499153,0.0031585944816470146,0.012889338657259941,0.010878358036279678
0.014137865975499153,0.0031585944816470146,0.012889338657259941,0.010878358036279678
0.014137865975499153,0.0031585944816470146,0.012889338657259941,0.010878358036279678
0.014137865975499153,0.0031585944816470146,0.012889338657259941,0.010878358036279678
0.014137865975499153,0.0031585944816470146,0.012889338657259941,0.010878358036279678
0.014137865975499153,0.0031585944816470146,0.012889338657259941,0.010878358036279678
0.014137865975499153,0.0031585944816470146,0.012889338657259941,0.010878358036279678
0.014137865975499153,0.0031585944816470146,0.012889338657259941,0.010878358036279678
0.014137865975499153,0.0031585944816470146,0.012889338657259941,0.010878358036279678
0.014137865975499153,0.0031585944816470146,0.012889338657259941,0.010878358036279678
0.014137865975499153,0.0031585944816470146,0.012889338657259941,0.010878358036279678
0.014137865975499153,0.0031585944816470146,0.012889338657259941,0.010878358036279678
0.014137865975499153,0.0031585944816470146,0.012889338657259941,0.010878358036279678
0.014137865975499153,0.0031585944816470146,0.012889338657259941,0.010878358036279678
0.014137865975499153,0.0031585944816470146,0.012889338657259941,0.010878358036279678
0.014137865975499153,0.0031585944816470146,0.012889338657259941,0.010878358036279678
0.014137865975499153,0.0031585944816470146,0.012889338657259941,0.010878358036279678
0.014137865975499153,0.0031585944816470146,0.012889338657259941,0.010878358036279678
0.014137865975499153,0.0031585944816470146,0.012889338657259941,0.010878358036279678
0.014137865975499153,0.0031585944816470146,0.012889338657259941,0.010878358036279678
0.014137865975499153,0.0031585944816470146,0.012889338657259941,0.010878358036279678
0.014137865975499153,0.0031585944816470146,0.012889338657259941,0.010878358036279678
0.014137865975499153,0.0031585944816470146,0.012889338657259941,0.010878358036279678
0.014137865975499153,0.0031585944816470146,0.012889338657259941,0.010878358036279678
0.014137865975499153,0.0031585944816470146,0.012889338657259941,0.010878358036279678
0.014137865975499153,0.0031585944816470146,0.012889338657259941,0.010878358036279678
0.014137865975499153,0.0031585944816470146,0.012889338657259941,0.010878358036279678
0.014137865975499153,0.0031585944816470146,0.012889338657259941,0.010878358036279678
0.014137865975499153,0.0031585944816470146,0.012889338657259941,0.010878358036279678
0.014137865975499153,0.0031585944816470146,0.012889338657259941,0.010878358036279678
0.014137865975499153,0.0031585944816470146,0.012889338657259941,0.010878358036279678
0.014137865975499153,0.0031585944816470146,0.012889338657259941,0.010878358036279678
0.014137865975499153,0.0031585944816470146,0.012889338657259941,0.010878358036279678
0.014137865975499153,0.0031585944816470146,0.012889338657259941,0.010878358036279678
0.014137865975499153,0.0031585944816470146,0.012889338657259941,0.010878358036279678
0.014137865975499153,0.0031585944816470146,0.012889338657259941,0.010878358036279678
0.014137865975499153,0.0031585944816470146,0.012889338657259941,0.010878358036279678
0.014137865975499153,0.0031585944816470146,0.012889338657259941,0.010878358036279678
0.014137865975499153,0.0031585944816470146,0.012889338657259941,0.010878358036279678
0.014137865975499153,0.0031585944816470146,0.012889338657259941,0.010878358036279678
0.014137865975499153,0.0031585944816470146,0.012889338657259941,0.010878358036279678
0.014137865975499153,0.0031585944816470146,0.012889338657259941,0.010878358036279678
0.014137865975499153,0.0031585944816470146,0.012889338657259941,0.010878358036279678
0.014137865975499153,0.0031585944816470146,0.012889338657259941,0.010878358036279678
0.014137865975499153,0.0031585944816470146,0.012889338657259941,0.010878358036279678
0.014137865975499153,0.0031585944816470146,0.012889338657259941,0.010878358036279678
0.014137865975499153,0.0031585944816470146,0.012889338657259941,0.010878358036279678
0.014137865975499153,0.0031585944816470146,0.012889338657259941,0.010878358036279678
0.014137865975499153,0.0031585944816470146,0.012889338657259941,0.010878358036279678
0.014137865975499153,0.0031585944816470146,0.012889338657259941,0.010878358036279678
0.014137865975499153,0.0031585944816470146,0.012889338657259941,0.010878358036279678
0.014137865975499153,0.0031585944816470146,0.012889338657259941,0.010878358036279678
0.014137865975499153,0.0031585944816470146,0.012889338657259941,0.010878358036279678
0.014137865975499153,0.0031585944816470146,0.012889338657259941,0.010878358036279678
0.014137865975499153,0.0031585944816470146,0.012889338657259941,0.010878358036279678
0.014137865975499153,0.0031585944816470146,0.012889338657259941,0.010878358036279678
0.014137865975499153,0.0031585944816470146,0.012889338657259941,0.010878358036279678
0.014137865975499153,0.0031585944816470146,0.012889338657259941,0.010878358036279678
0.014137865975499153,0.0031585944816470146,0.012889338657259941,0.010878358036279678
0.014137865975499153,0.0031585944816470146,0.012889338657259941,0.010878358036279678
0.014137865975499153,0.0031585944816470146,0.012889338657259941,0.010878358036279678
0.014137865975499153,0.0031585944816470146,0.012889338657259941,0.010878358036279678
0.014137865975499153,0.0031585944816470146,0.012889338657259941,0.010878358036279678
0.014137865975499153,0.0031585944816470146,0.012889338657259941,0.010878358036279678
0.014137865975499153,0.0031585944816470146,0.012889338657259941,0.010878358036279678
0.014137865975499153,0.0031585944816470146,0.012889338657259941,0.010878358036279678
0.014137865975499153,0.0031585944816470146,0.012889338657259941,0.010878358036279678
0.014137865975499153,0.0031585944816470146,0.012889338657259941,0.010878358036279678
0.014137865975499153,0.0031585944816470146,0.012889338657259941,0.010878358036279678
0.014137865975499153,0.0031585944816470146,0.012889338657259941,0.010878358036279678
0.014137865975499153,0.0031585944816470146,0.012889338657259941,0.010878358036279678
0.014137865975499153,0.0031585944816470146,0.012889338657259941,0.010878358036279678
0.014137865975499153,0.0031585944816470146,0.012889338657259941,0.010878358036279678
0.014137865975499153,0.0031585944816470146,0.012889338657259941,0.010878358036279678
0.014137865975499153,0.0031585944816470146,0.012889338657259941,0.010878358036279678
0.014137865975499153,0.0031585944816470146,0.012889338657259941,0.010878358036279678
0.014137865975499153,0.0031585944816470146,0.012889338657259941,0.010878358036279678
0.014137865975499153,0.0031585944816470146,0.012889338657259941,0.010878358036279678
0.014137865975499153,0.0031585944816470146,0.012889338657259941,0.010878358036279678
0.014137865975499153,0.0031585944816470146,0.012889338657259941,0.010878358036279678
0.014137865975499153,0.0031585944816470146,0.012889338657259941,0.010878358036279678
0.014137865975499153,0.0031585944816470146,0.012889338657259941,0.010878358036279678
0.014137865975499153,0.0031585944816470146,0.012889338657259941,0.010878358036279678
0.014137865975499153,0.0031585944816470146,0.012889338657259941,0.010878358036279678
0.014137865975499153,0.0031585944816470146,0.012889338657259941,0.010878358036279678
0.014137865975499153,0.0031585944816470146,0.012889338657259941,0.010878358036279678
0.014137865975499153,0.0031585944816470146,0.012889338657259941,0.010878358036279678
0.014137865975499153,0.0031585944816470146,0.012889338657259941,0.010878358036279678
0.014137865975499153,0.0031585944816470146,0.012889338657259941,0.010878358036279678
0.014137865975499153,0.0031585944816470146,0.012889338657259941,0.010878358036279678
0.014137865975499153,0.0031585944816470146,0.012889338657259941,0.010878358036279678
0.014137865975499153,0.0031585944816470146,0.012889338657259941,0.010878358036279678
0.014137865975499153,0.0031585944816470146,0.012889338657259941,0.010878358036279678
0.014137865975499153,0.0031585944816470146,0.012889338657259941,0.010878358036279678
0.014137865975499153,0.0031585944816470146,0.012889338657259941,0.010878358036279678
0.014137865975499153,0.0031585944816470146,0.012889338657259941,0.010878358036279678
0.014137865975499153,0.0031585944816470146,0.012889338657259941,0.010878358036279678
0.014137865975499153,0.0031585944816470146,0.012889338657259941,0.010878358036279678
0.014137865975499153,0.0031585944816470146,0.012889338657259941,0.010878358036279678
0.014137865975499153,0.0031585944816470146,0.012889338657259941,0.010878358036279678
0.014137865975499153,0.0031585944816470146,0.012889338657259941,0.010878358036279678
0.014137865975499153,0.0031585944816470146,0.012889338657259941,0.010878358036279678
0.014137865975499153,0.0031585944816470146,0.012889338657259941,0.010878358036279678
0.014137865975499153,0.0031585944816470146,0.012889338657259941,0.010878358036279678
0.014137865975499153,0.0031585944816470146,0.012889338657259941,0.010878358036279678
0.014137865975499153,0.0031585944816470146,0.012889338657259941,0.010878358036279678
0.014137865975499153,0.0031585944816470146,0.012889338657259941,0.010878358036279678
0.014137865975499153,0.0031585944816470146,0.012889338657259941,0.010878358036279678
0.014137865975499153,0.0031585944816470146,0.012889338657259941,0.010878358036279678
0.014137865975499153,0.0031585944816470146,0.012889338657259941,0.010878358036279678
0.014137865975499153,0.0031585944816470146,0.012889338657259941,0.010878358036279678
0.014137865975499153,0.0031585944816470146,0.012889338657259941,0.010878358036279678
0.014137865975499153,0.0031585944816470146,0.012889338657259941,0.010878358036279678
0.014137865975499153,0.0031585944816470146,0.012889338657259941,0.010878358036279678
0.014137865975499153,0.0031585944816470146,0.012889338657259941,0.010878358036279678
0.014137865975499153,0.0031585944816470146,0.012889338657259941,0.010878358036279678
0.014137865975499153,0.0031585944816470146,0.012889338657259941,0.010878358036279678
0.014137865975499153,0.0031585944816470146,0.012889338657259941,0.010878358036279678
0.014137865975499153,0.0031585944816470146,0.012889338657259941,0.010878358036279678
0.014137865975499153,0.0031585944816470146,0.012889338657259941,0.010878358036279678
0.014137865975499153,0.0031585944816470146,0.012889338657259941,0.010878358036279678
0.014137865975499153,0.0031585944816470146,0.012889338657259941,0.010878358036279678
0.014137865975499153,0.0031585944816470146,0.012889338657259941,0.010878358036279678
0.014137865975499153,0.0031585944816470146,0.012889338657259941,0.010878358036279678
0.014137865975499153,0.0031585944816470146,0.012889338657259941,0.010878358036279678
0.014137865975499153,0.0031585944816470146,0.012889338657259941,0.010878358036279678
0.014137865975499153,0.0031585944816470146,0.012889338657259941,0.010878358036279678
0.014137865975499153,0.0031585944816470146,0.012889338657259941,0.010878358036279678
0.014137865975499153,0.0031585944816470146,0.012889338657259941,0.010878358036279678
0.014137865975499153,0.0031585944816470146,0.012889338657259941,0.010878358036279678
0.014137865975499153,0.0031585944816470146,0.012889338657259941,0.010878358036279678
0.014137865975499153,0.0031585944816470146,0.012889338657259941,0.010878358036279678
0.014137865975499153,0.0031585944816470146,0.012889338657259941,0.010878358036279678
0.014137865975499153,0.0031585944816470146,0.012889338657259941,0.010878358036279678
0.014137865975499153,0.0031585944816470146,0.012889338657259941,0.010878358036279678
0.014137865975499153,0.0031585944816470146,0.012889338657259941,0.010878358036279678
0.014137865975499153,0.0031585944816470146,0.012889338657259941,0.010878358036279678
0.014137865975499153,0.0031585944816470146,0.012889338657259941,0.010878358036279678
0.014137865975499153,0.0031585944816470146,0.012889338657259941,0.010878358036279678
0.014137865975499153,0.0031585944816470146,0.012889338657259941,0.010878358036279678
0.014137865975499153,0.0031585944816470146,0.012889338657259941,0.010878358036279678
0.014137865975499153,0.0031585944816470146,0.012889338657259941,0.010878358036279678
0.014137865975499153,0.0031585944816470146,0.012889338657259941,0.010878358036279678
0.014137865975499153,0.0031585944816470146,0.012889338657259941,0.010878358036279678
0.014137865975499153,0.0031585944816470146,0.012889338657259941,0.010878358036279678
0.014137865975499153,0.0031585944816470146,0.012889338657259941,0.010878358036279678
0.014137865975499153,0.0031585944816470146,0.012889338657259941,0.010878358036279678
0.014137865975499153,0.0031585944816470146,0.012889338657259941,0.010878358036279678
0.014137865975499153,0.0031585944816470146,0.012889338657259941,0.010878358036279678
0.014137865975499153,0.0031585944816470146,0.012889338657259941,0.010878358036279678
0.014137865975499153,0.0031585944816470146,0.012889338657259941,0.010878358036279678
0.014137865975499153,0.0031585944816470146,0.012889338657259941,0.010878358036279678
0.014137865975499153,0.0031585944816470146,0.012889338657259941,0.010878358036279678
0.014137865975499153,0.0031585944816470146,0.012889338657259941,0.010878358036279678
0.014137865975499153,0.0031585944816470146,0.012889338657259941,0.010878358036279678
0.014137865975499153,0.0031585944816470146,0.012889338657259941,0.010878358036279678
0.014137865975499153,0.0031585944816470146,0.012889338657259941,0.010878358036279678
0.014137865975499153,0.0031585944816470146,0.012889338657259941,0.010878358036279678
0.014137865975499153,0.0031585944816470146,0.012889338657259941,0.010878358036279678
0.014137865975499153,0.0031585944816470146,0.012889338657259941,0.010878358036279678
0.014137865975499153,0.0031585944816470146,0.012889338657259941,0.010878358036279678
0.014137865975499153,0.0031585944816470146,0.012889338657259941,0.010878358036279678
0.014137865975499153,0.0031585944816470146,0.012889338657259941,0.010878358036279678
0.014137865975499153,0.0031585944816470146,0.012889338657259941,0.010878358036279678
0.014137865975499153,0.0031585944816470146,0.012889338657259941,0.010878358036279678
0.014137865975499153,0.0031585944816470146,0.012889338657259941,0.010878358036279678
0.014137865975499153,0.0031585944816470146,0.012889338657259941,0.010878358036279678
0.014137865975499153,0.0031585944816470146,0.012889338657259941,0.010878358036279678
0.014137865975499153,0.0031585944816470146,0.012889338657259941,0.010878358036279678
0.014137865975499153,0.0031585944816470146,0.012889338657259941,0.010878358036279678
0.014137865975499153,0.0031585944816470146,0.012889338657259941,0.010878358036279678
0.014137865975499153,0.0031585944816470146,0.012889338657259941,0.010878358036279678
0.014137865975499153,0.0031585944816470146,0.012889338657259941,0.010878358036279678
0.014137865975499153,0.0031585944816470146,0.012889338657259941,0.010878358036279678
0.014137865975499153,0.0031585944816470146,0.012889338657259941,0.010878358036279678
0.014137865975499153,0.0031585944816470146,0.012889338657259941,0.010878358036279678
0.014137865975499153,0.0031585944816470146,0.012889338657259941,0.010878358036279678
0.014137865975499153,0.0031585944816470146,0.012889338657259941,0.010878358036279678
0.014137865975499153,0.0031585944816470146,0.012889338657259941,0.010878358036279678
0.014137865975499153,0.0031585944816470146,0.012889338657259941,0.010878358036279678
0.014137865975499153,0.0031585944816470146,0.012889338657259941,0.010878358036279678
0.014137865975499153,0.0031585944816470146,0.012889338657259941,0.010878358036279678
0.014137865975499153,0.0031585944816470146,0.012889338657259941,0.010878358036279678
0.014137865975499153,0.0031585944816470146,0.012889338657259941,0.010878358036279678
0.014137865975499153,0.0031585944816470146,0.012889338657259941,0.010878358036279678
0.014137865975499153,0.0031585944816470146,0.012889338657259941,0.010878358036279678
0.014137865975499153,0.0031585944816470146,0.012889338657259941,0.010878358036279678
0.014137865975499153,0.0031585944816470146,0.012889338657259941,0.010878358036279678
0.014137865975499153,0.0031585944816470146,0.012889338657259941,0.010878358036279678
0.014137865975499153,0.0031585944816470146,0.012889338657259941,0.010878358036279678
0.014137865975499153,0.0031585944816470146,0.012889338657259941,0.010878358036279678
0.014137865975499153,0.0031585944816470146,0.012889338657259941,0.010878358036279678
0.014137865975499153,0.0031585944816470146,0.012889338657259941,0.010878358036279678
0.014137865975499153,0.0031585944816470146,0.012889338657259941,0.010878358036279678
0.014137865975499153,0.0031585944816470146,0.012889338657259941,0.010878358036279678
0.014137865975499153,0.0031585944816470146,0.012889338657259941,0.010878358036279678
0.014137865975499153,0.0031585944816470146,0.012889338657259941,0.010878358036279678
0.014137865975499153,0.0031585944816470146,0.012889338657259941,0.010878358036279678
0.014137865975499153,0.0031585944816470146,0.012889338657259941,0.010878358036279678
0.014137865975499153,0.0031585944816470146,0.012889338657259941,0.010878358036279678
0.014137865975499153,0.0031585944816470146,0.012889338657259941,0.010878358036279678
0.014137865975499153,0.0031585944816470146,0.012889338657259941,0.010878358036279678
0.014137865975499153,0.0031585944816470146,0.012889338657259941,0.010878358036279678
0.014137865975499153,0.0031585944816470146,0.012889338657259941,0.010878358036279678
0.014137865975499153,0.0031585944816470146,0.012889338657259941,0.010878358036279678
0.014137865975499153,0.0031585944816470146,0.012889338657259941,0.010878358036279678
0.014137865975499153,0.0031585944816470146,0.012889338657259941,0.010878358036279678
0.014137865975499153,0.0031585944816470146,0.012889338657259941,0.010878358036279678
0.014137865975499153,0.0031585944816470146,0.012889338657259941,0.010878358036279678
0.014137865975499153,0.0031585944816470146,0.012889338657259941,0.010878358036279678
0.014137865975499153,0.0031585944816470146,0.012889338657259941,0.010878358036279678
0.014137865975499153,0.0031585944816470146,0.012889338657259941,0.010878358036279678
0.014137865975499153,0.0031585944816470146,0.012889338657259941,0.010878358036279678
0.014137865975499153,0.0031585944816470146,0.012889338657259941,0.010878358036279678
0.014137865975499153,0.0031585944816470146,0.012889338657259941,0.010878358036279678
0.014137865975499153,0.0031585944816470146,0.012889338657259941,0.010878358036279678
0.014137865975499153,0.0031585944816470146,0.012889338657259941,0.010878358036279678
0.014137865975499153,0.0031585944816470146,0.012889338657259941,0.010878358036279678
0.014137865975499153,0.0031585944816470146,0.012889338657259941,0.010878358036279678
0.014137865975499153,0.0031585944816470146,0.012889338657259941,0.010878358036279678
0.014137865975499153,0.0031585944816470146,0.012889338657259941,0.010878358036279678
0.014137865975499153,0.0031585944816470146,0.012889338657259941,0.010878358036279678
0.014137865975499153,0.0031585944816470146,0.012889338657259941,0.010878358036279678
0.014137865975499153,0.0031585944816470146,0.012889338657259941,0.010878358036279678
0.014137865975499153,0.0031585944816470146,0.012889338657259941,0.010878358036279678
0.014137865975499153,0.0031585944816470146,0.012889338657259941,0.010878358036279678
0.014137865975499153,0.0031585944816470146,0.012889338657259941,0.010878358036279678
0.014137865975499153,0.0031585944816470146,0.012889338657259941,0.010878358036279678
0.014137865975499153,0.0031585944816470146,0.012889338657259941,0.010878358036279678
0.014137865975499153,0.0031585944816470146,0.012889338657259941,0.010878358036279678
0.014137865975499153,0.0031585944816470146,0.012889338657259941,0.010878358036279678
0.014137865975499153,0.0031585944816470146,0.012889338657259941,0.010878358036279678
0.014137865975499153,0.0031585944816470146,0.012889338657259941,0.010878358036279678
0.014137865975499153,0.0031585944816470146,0.012889338657259941,0.010878358036279678
0.014137865975499153,0.0031585944816470146,0.012889338657259941,0.010878358036279678
0.014137865975499153,0.0031585944816470146,0.012889338657259941,0.010878358036279678
0.014137865975499153,0.0031585944816470146,0.012889338657259941,0.010878358036279678
0.014137865975499153,0.0031585944816470146,0.012889338657259941,0.010878358036279678
0.014137865975499153,0.0031585944816470146,0.012889338657259941,0.010878358036279678
0.014137865975499153,0.0031585944816470146,0.012889338657259941,0.010878358036279678
0.014137865975499153,0.0031585944816470146,0.012889338657259941,0.010878358036279678
0.014137865975499153,0.0031585944816470146,0.012889338657259941,0.010878358036279678
0.014137865975499153,0.0031585944816470146,0.012889338657259941,0.010878358036279678
0.014137865975499153,0.0031585944816470146,0.012889338657259941,0.010878358036279678
0.014137865975499153,0.0031585944816470146,0.012889338657259941,0.010878358036279678
0.014137865975499153,0.0031585944816470146,0.012889338657259941,0.010878358036279678
0.014137865975499153,0.0031585944816470146,0.012889338657259941,0.010878358036279678
0.014137865975499153,0.0031585944816470146,0.012889338657259941,0.010878358036279678
0.014137865975499153,0.0031585944816470146,0.012889338657259941,0.010878358036279678
0.014137865975499153,0.0031585944816470146,0.012889338657259941,0.010878358036279678
0.014137865975499153,0.0031585944816470146,0.012889338657259941,0.010878358036279678
0.014137865975499153,0.0031585944816470146,0.012889338657259941,0.010878358036279678
0.014137865975499153,0.0031585944816470146,0.012889338657259941,0.010878358036279678
0.014137865975499153,0.0031585944816470146,0.012889338657259941,0.010878358036279678
0.014137865975499153,0.0031585944816470146,0.012889338657259941,0.010878358036279678
0.014137865975499153,0.0031585944816470146,0.012889338657259941,0.010878358036279678
0.014137865975499153,0.0031585944816470146,0.012889338657259941,0.010878358036279678
0.014137865975499153,0.0031585944816470146,0.012889338657259941,0.010878358036279678
0.014137865975499153,0.0031585944816470146,0.012889338657259941,0.010878358036279678
0.014137865975499153,0.0031585944816470146,0.012889338657259941,0.010878358036279678
0.014137865975499153,0.0031585944816470146,0.012889338657259941,0.010878358036279678
0.014137865975499153,0.0031585944816470146,0.012889338657259941,0.010878358036279678
0.014137865975499153,0.0031585944816470146,0.012889338657259941,0.010878358036279678
0.014137865975499153,0.0031585944816470146,0.012889338657259941,0.010878358036279678
0.014137865975499153,0.0031585944816470146,0.012889338657259941,0.010878358036279678
0.014137865975499153,0.0031585944816470146,0.012889338657259941,0.010878358036279678
0.014137865975499153,0.0031585944816470146,0.012889338657259941,0.010878358036279678
0.014137865975499153,0.0031585944816470146,0.012889338657259941,0.010878358036279678
0.014137865975499153,0.0031585944816470146,0.012889338657259941,0.010878358036279678
0.014137865975499153,0.0031585944816470146,0.012889338657259941,0.010878358036279678
0.014137865975499153,0.0031585944816470146,0.012889338657259941,0.010878358036279678
0.014137865975499153,0.0031585944816470146,0.012889338657259941,0.010878358036279678
0.014137865975499153,0.0031585944816470146,0.012889338657259941,0.010878358036279678
0.014137865975499153,0.0031585944816470146,0.012889338657259941,0.010878358036279678
0.014137865975499153,0.0031585944816470146,0.012889338657259941,0.010878358036279678
0.014137865975499153,0.0031585944816470146,0.012889338657259941,0.010878358036279678
0.014137865975499153,0.0031585944816470146,0.012889338657259941,0.010878358036279678
0.014137865975499153,0.0031585944816470146,0.012889338657259941,0.010878358036279678
0.014137865975499153,0.0031585944816470146,0.012889338657259941,0.010878358036279678
0.014137865975499153,0.0031585944816470146,0.012889338657259941,0.010878358036279678
0.014137865975499153,0.0031585944816470146,0.012889338657259941,0.010878358036279678
0.014137865975499153,0.0031585944816470146,0.012889338657259941,0.010878358036279678
0.014137865975499153,0.0031585944816470146,0.012889338657259941,0.010878358036279678
0.014137865975499153,0.0031585944816470146,0.012889338657259941,0.010878358036279678
0.014137865975499153,0.0031585944816470146,0.012889338657259941,0.010878358036279678
0.014137865975499153,0.0031585944816470146,0.012889338657259941,0.010878358036279678
0.014137865975499153,0.0031585944816470146,0.012889338657259941,0.010878358036279678
0.014137865975499153,0.0031585944816470146,0.012889338657259941,0.010878358036279678
0.014137865975499153,0.0031585944816470146,0.012889338657259941,0.010878358036279678
0.014137865975499153,0.0031585944816470146,0.012889338657259941,0.010878358036279678
0.014137865975499153,0.0031585944816470146,0.012889338657259941,0.010878358036279678
0.014137865975499153,0.0031585944816470146,0.012889338657259941,0.010878358036279678
0.014137865975499153,0.0031585944816470146,0.012889338657259941,0.010878358036279678
0.014137865975499153,0.0031585944816470146,0.012889338657259941,0.010878358036279678
0.014137865975499153,0.0031585944816470146,0.012889338657259941,0.010878358036279678
0.014137865975499153,0.0031585944816470146,0.012889338657259941,0.010878358036279678
0.014137865975499153,0.0031585944816470146,0.012889338657259941,0.010878358036279678
0.014137865975499153,0.0031585944816470146,0.012889338657259941,0.010878358036279678
0.014137865975499153,0.0031585944816470146,0.012889338657259941,0.010878358036279678
0.014137865975499153,0.0031585944816470146,0.012889338657259941,0.010878358036279678
0.014137865975499153,0.0031585944816470146,0.012889338657259941,0.010878358036279678
0.014137865975499153,0.0031585944816470146,0.012889338657259941,0.010878358036279678
0.014137865975499153,0.0031585944816470146,0.012889338657259941,0.010878358036279678
0.014137865975499153,0.0031585944816470146,0.012889338657259941,0.010878358036279678
0.014137865975499153,0.0031585944816470146,0.012889338657259941,0.010878358036279678
0.014137865975499153,0.0031585944816470146,0.012889338657259941,0.010878358036279678
0.014137865975499153,0.0031585944816470146,0.012889338657259941,0.010878358036279678
0.014137865975499153,0.0031585944816470146,0.012889338657259941,0.010878358036279678
0.014137865975499153,0.0031585944816470146,0.012889338657259941,0.010878358036279678
0.014137865975499153,0.0031585944816470146,0.012889338657259941,0.010878358036279678
0.014137865975499153,0.0031585944816470146,0.012889338657259941,0.010878358036279678
0.014137865975499153,0.0031585944816470146,0.012889338657259941,0.010878358036279678
0.014137865975499153,0.0031585944816470146,0.012889338657259941,0.010878358036279678
0.014137865975499153,0.0031585944816470146,0.012889338657259941,0.010878358036279678
0.014137865975499153,0.0031585944816470146,0.012889338657259941,0.010878358036279678
0.014137865975499153,0.0031585944816470146,0.012889338657259941,0.010878358036279678
0.014137865975499153,0.0031585944816470146,0.012889338657259941,0.010878358036279678
0.014137865975499153,0.0031585944816470146,0.012889338657259941,0.010878358036279678
0.014137865975499153,0.0031585944816470146,0.012889338657259941,0.010878358036279678
0.014137865975499153,0.0031585944816470146,0.012889338657259941,0.010878358036279678
0.014137865975499153,0.0031585944816470146,0.012889338657259941,0.010878358036279678
0.014137865975499153,0.0031585944816470146,0.012889338657259941,0.010878358036279678
