vx,vy,vz,omega_z
-0.08087903261184692,-0.04144301265478134,-0.10914959758520126,0.32729071378707886
-0.2643161416053772,-0.07213164120912552,-0.23092137277126312,0.58597731590271
-0.30058610439300537,-0.07150445878505707,-0.27099746465682983,0.6262884140014648
-0.3062668740749359,-0.06606259942054749,-0.2805211544036865,0.6319898366928101
-0.3067174553871155,-0.06629109382629395,-0.27611804008483887,0.6340063810348511
-0.306848406791687,-0.0681467056274414,-0.27266281843185425,0.6351227760314941
-0.2920849919319153,-0.059991512447595596,-0.30224254727363586,0.6156326532363892
-0.27990081906318665,-0.05419309437274933,-0.3237970471382141,0.5987801551818848
-0.2763376533985138,-0.05165029317140579,-0.329207181930542,0.594135046005249
-0.278643399477005,-0.04883236438035965,-0.3260984718799591,0.6007763147354126
-0.280697762966156,-0.045521080493927,-0.32390859723091125,0.6059578657150269
-0.283098429441452,-0.04172639921307564,-0.3194026052951813,0.6139833927154541
-0.28449907898902893,-0.03805198147892952,-0.3169481158256531,0.618779182434082
-0.2877552807331085,-0.03681911528110504,-0.3076760172843933,0.6263794898986816
-0.28979283571243286,-0.03559493273496628,-0.3033333718776703,0.6308470964431763
-0.2950843572616577,-0.04280582070350647,-0.28375890851020813,0.6359580755233765
-0.29829922318458557,-0.04722169041633606,-0.27470463514328003,0.6404701471328735
-0.2989058196544647,-0.048365309834480286,-0.2725980877876282,0.6421407461166382
-0.29766207933425903,-0.045194096863269806,-0.274336040019989,0.6407480239868164
-0.2960529923439026,-0.037858638912439346,-0.27508243918418884,0.6387138366699219
-0.2953415811061859,-0.032132718712091446,-0.2751057744026184,0.6374613046646118
-0.29376858472824097,-0.026096221059560776,-0.278201699256897,0.6364823579788208
-0.29274478554725647,-0.021807154640555382,-0.27964845299720764,0.6357805728912354
-0.2930823862552643,-0.01747320219874382,-0.2796728312969208,0.6366406679153442
-0.2947830855846405,-0.005139121785759926,-0.27142199873924255,0.6443493366241455
-0.2956199049949646,0.0065355366095900536,-0.2667362093925476,0.6487981081008911
-0.2965864837169647,0.012542975135147572,-0.2606944143772125,0.6536543369293213
-0.29709917306900024,0.015613391064107418,-0.2576146423816681,0.6563767194747925
-0.29596784710884094,0.026620052754878998,-0.2545972168445587,0.6606693267822266
-0.2949412167072296,0.03775068372488022,-0.25251349806785583,0.6628037691116333
-0.2924571633338928,0.05629957094788551,-0.2574239671230316,0.6656249761581421
-0.29061803221702576,0.07301554828882217,-0.25957491993904114,0.6669543981552124
-0.2884906232357025,0.08969765901565552,-0.2599118649959564,0.6678636074066162
-0.28258681297302246,0.11217023432254791,-0.2625773549079895,0.6702901124954224
-0.279024600982666,0.1301926225423813,-0.26299843192100525,0.6715415716171265
-0.2781983017921448,0.13993145525455475,-0.26291778683662415,0.6717873811721802
-0.2745499014854431,0.1499364823102951,-0.2560710906982422,0.6737368106842041
-0.2723497748374939,0.1531050056219101,-0.2509908378124237,0.674974799156189
-0.27429452538490295,0.12020452320575714,-0.21742528676986694,0.6712169647216797
-0.27550438046455383,0.08033125102519989,-0.1967048943042755,0.6683082580566406
-0.27692165970802307,0.038063809275627136,-0.16948726773262024,0.6664638519287109
-0.2778633236885071,-0.00036520976573228836,-0.14926238358020782,0.6656709909439087
-0.27396178245544434,-0.02073674649000168,-0.14125105738639832,0.6642763614654541
-0.2707584798336029,-0.029283370822668076,-0.1380283534526825,0.6632009744644165
-0.2673990726470947,-0.039916448295116425,-0.12729328870773315,0.6613936424255371
-0.2654751241207123,-0.05354244261980057,-0.1161172166466713,0.6603723764419556
-0.26593080163002014,-0.06999821960926056,-0.11642641574144363,0.6572281122207642
-0.2661327123641968,-0.0832010805606842,-0.1199570745229721,0.6547528505325317
-0.259552001953125,-0.0676271840929985,-0.10973691195249557,0.6622573137283325
-0.2532786726951599,-0.04337155073881149,-0.09607761353254318,0.6669520139694214
-0.24571827054023743,-0.026680365204811096,-0.0859246775507927,0.6630398035049438
-0.23076379299163818,-0.023664060980081558,-0.07830506563186646,0.6402758359909058
-0.22132152318954468,-0.030651792883872986,-0.07491841167211533,0.6260673999786377
-0.22042497992515564,-0.04252656549215317,-0.07537535578012466,0.6206027269363403
-0.2205890417098999,-0.05450892075896263,-0.07680673897266388,0.6182337999343872
-0.20937220752239227,-0.0721864178776741,-0.07777263224124908,0.6009235382080078
-0.197965607047081,-0.09730445593595505,-0.07760322839021683,0.5838985443115234
-0.1941131353378296,-0.11829517036676407,-0.0769226998090744,0.5779198408126831
-0.19177944958209991,-0.13259269297122955,-0.07284104824066162,0.5711601972579956
-0.19213388860225677,-0.14304709434509277,-0.06999240815639496,0.5687260627746582
-0.1932876855134964,-0.1502496302127838,-0.0710451602935791,0.5722434520721436
-0.19330666959285736,-0.1549396961927414,-0.07091078162193298,0.5738449096679688
-0.18830804526805878,-0.14511659741401672,-0.06926063448190689,0.5729984045028687
-0.18494383990764618,-0.12899163365364075,-0.06832195073366165,0.5731273889541626
-0.14834174513816833,-0.11396973580121994,-0.0686606839299202,0.5300402641296387
-0.10985597968101501,-0.11758595705032349,-0.07478141039609909,0.4610714018344879
-0.095322385430336,-0.1321946084499359,-0.08273100107908249,0.4245753288269043
-0.091093048453331,-0.14222362637519836,-0.08121677488088608,0.41950738430023193
-0.07973143458366394,-0.14569392800331116,-0.07789292931556702,0.4012942910194397
-0.07247649133205414,-0.14587269723415375,-0.0769704133272171,0.3876632750034332
-0.07470287382602692,-0.1314791440963745,-0.06377875059843063,0.3978295922279358
-0.07892245054244995,-0.11240604519844055,-0.05628792941570282,0.4099694490432739
-0.07029037177562714,-0.09026408940553665,-0.048003025352954865,0.40648531913757324
-0.06323650479316711,-0.0684063732624054,-0.04506196081638336,0.4032522141933441
-0.05890608951449394,-0.0525757372379303,-0.04290032386779785,0.4015418291091919
-0.0630534440279007,-0.04849740117788315,-0.04279483109712601,0.41569504141807556
-0.06790181994438171,-0.05210715904831886,-0.04143132269382477,0.4258086681365967
-0.07442179322242737,-0.06293164193630219,-0.04711703211069107,0.4332306683063507
-0.07773648202419281,-0.07562427967786789,-0.05026162415742874,0.4349922835826874
-0.0676264613866806,-0.08708073198795319,-0.05239801108837128,0.4087880849838257
-0.05960268899798393,-0.09122204035520554,-0.05632227659225464,0.39551639556884766
-0.057384323328733444,-0.08938515186309814,-0.05773109942674637,0.39499151706695557
-0.04901008680462837,-0.08598174154758453,-0.05801248550415039,0.3835573196411133
-0.042274486273527145,-0.0828028991818428,-0.05770742893218994,0.3742307722568512
-0.03172944486141205,-0.07756068557500839,-0.05260437726974487,0.3406333327293396
-0.02427518367767334,-0.07268723100423813,-0.050119105726480484,0.3150784969329834
-0.019234243780374527,-0.06470978260040283,-0.04206861928105354,0.2928538918495178
-0.016203347593545914,-0.05570019409060478,-0.03821464627981186,0.27956509590148926
-0.011119864881038666,-0.0530170239508152,-0.03548332676291466,0.2649240791797638
-0.008377108722925186,-0.053594041615724564,-0.03224959596991539,0.2723430395126343
-0.009079046547412872,-0.05370556563138962,-0.029787994921207428,0.2859957814216614
-0.009131558239459991,-0.056753359735012054,-0.03160742670297623,0.3034571409225464
-0.009431563317775726,-0.060687415301799774,-0.032914258539676666,0.3153514862060547
-0.004688367247581482,-0.06629271805286407,-0.03582054376602173,0.30720117688179016
-0.0014129728078842163,-0.07050413638353348,-0.04409438371658325,0.2904496192932129
-0.000766996294260025,-0.07166960090398788,-0.04931434243917465,0.28028756380081177
0.00030439533293247223,-0.06897860020399094,-0.0553557425737381,0.2665359675884247
0.0011783409863710403,-0.06360366195440292,-0.06072647124528885,0.25583264231681824
0.0022529158741235733,-0.05987100675702095,-0.06431441754102707,0.25213077664375305
-0.0001856926828622818,-0.05182209610939026,-0.06297826021909714,0.2700919806957245
-0.0030580200254917145,-0.04159850254654884,-0.0601961687207222,0.2883409857749939
-0.00819859653711319,-0.032072823494672775,-0.05756311118602753,0.312061607837677
-0.012744743376970291,-0.023940667510032654,-0.0551825687289238,0.33013054728507996
-0.022551849484443665,-0.0178558100014925,-0.05502825230360031,0.3534587025642395
-0.031021583825349808,-0.01354534737765789,-0.05454479157924652,0.37088513374328613
-0.03818313404917717,-0.011549880728125572,-0.055158473551273346,0.3800898492336273
-0.04163075610995293,-0.012706595472991467,-0.054971642792224884,0.3792273998260498
-0.042054567486047745,-0.015404097735881805,-0.05496100336313248,0.37577250599861145
-0.035860393196344376,-0.019246479496359825,-0.05328289419412613,0.3620322048664093
-0.030137792229652405,-0.023127473890781403,-0.05262552946805954,0.3506593704223633
-0.022342339158058167,-0.024292126297950745,-0.05058734863996506,0.324300080537796
-0.016332946717739105,-0.023805316537618637,-0.05032138526439667,0.3026103377342224
-0.01170625165104866,-0.02357877977192402,-0.04823930561542511,0.279411256313324
-0.006522577255964279,-0.02539902925491333,-0.04530685395002365,0.24840150773525238
-0.004364535212516785,-0.028525572270154953,-0.04458978772163391,0.23035180568695068
-0.00329570472240448,-0.03284401446580887,-0.042882129549980164,0.2228499799966812
-0.0032443441450595856,-0.03745460510253906,-0.042154185473918915,0.22018255293369293
-0.0020119361579418182,-0.04305075481534004,-0.039839163422584534,0.21105358004570007
-0.0011362060904502869,-0.048705972731113434,-0.03886541351675987,0.2030404955148697
-0.0009732618927955627,-0.0523766465485096,-0.03899738937616348,0.19236230850219727
0.0005800239741802216,-0.05314110592007637,-0.038621872663497925,0.1874208003282547
0.0013565979897975922,-0.05242513492703438,-0.03795051574707031,0.18813073635101318
0.0024998076260089874,-0.05009479820728302,-0.03493184223771095,0.18916288018226624
0.0029147956520318985,-0.04715431481599808,-0.033212222158908844,0.19060979783535004
0.003379983827471733,-0.0429350808262825,-0.028598036617040634,0.19273461401462555
0.00330146960914135,-0.03817254677414894,-0.026305779814720154,0.1952444165945053
0.004132883623242378,-0.03451332077383995,-0.02546783722937107,0.1941862404346466
0.004971817135810852,-0.03164094313979149,-0.02483954466879368,0.19596296548843384
0.0050772372633218765,-0.02959010750055313,-0.024471789598464966,0.1990770846605301
0.004352770745754242,-0.02810141071677208,-0.025358963757753372,0.20849503576755524
0.0030791480094194412,-0.027148600667715073,-0.02553313784301281,0.21748940646648407
0.0018794108182191849,-0.02658741921186447,-0.025229906663298607,0.2254265546798706
-0.0014484487473964691,-0.026869986206293106,-0.02584756724536419,0.23777782917022705
-0.004520483314990997,-0.027708150446414948,-0.026296671479940414,0.24689669907093048
-0.008313249796628952,-0.029780123382806778,-0.027664057910442352,0.25930148363113403
-0.012014113366603851,-0.032476987689733505,-0.02846156246960163,0.26975780725479126
-0.015757866203784943,-0.035374537110328674,-0.027944881469011307,0.28033652901649475
-0.01882452517747879,-0.03871840238571167,-0.02499612793326378,0.28882235288619995
-0.02025887742638588,-0.04147299379110336,-0.02376556023955345,0.29241085052490234
-0.017223838716745377,-0.042929042130708694,-0.018958518281579018,0.2781851291656494
-0.013455718755722046,-0.0435301698744297,-0.016836432740092278,0.26297831535339355
-0.009965788573026657,-0.04318917915225029,-0.013205550611019135,0.24441368877887726
-0.00719248503446579,-0.04215867444872856,-0.009997005574405193,0.22342278063297272
-0.006032638251781464,-0.04117506742477417,-0.009182552807033062,0.211576908826828
-0.005918283015489578,-0.040806304663419724,-0.009264856576919556,0.20356591045856476
-0.00572691485285759,-0.040898650884628296,-0.009568420238792896,0.19801141321659088
-0.005775637924671173,-0.03976482152938843,-0.008677431382238865,0.18840545415878296
-0.005348976701498032,-0.037975430488586426,-0.0083291782066226,0.17929255962371826
-0.005102619528770447,-0.03565308451652527,-0.008183120749890804,0.1686292290687561
-0.004505384713411331,-0.032097261399030685,-0.0062425099313259125,0.15383704006671906
-0.004020247608423233,-0.02855369821190834,-0.005252962000668049,0.14386948943138123
-0.0030672959983348846,-0.024750687181949615,-0.002735203132033348,0.13727444410324097
-0.0023971721529960632,-0.02107754349708557,-0.0013254359364509583,0.1326773762702942
-0.0026489458978176117,-0.017732277512550354,-2.362951636314392e-05,0.1295643150806427
-0.0029054544866085052,-0.014902625232934952,0.0006360374391078949,0.1273292750120163
-0.0024253353476524353,-0.012731298804283142,0.002066703513264656,0.12309291213750839
-0.0020873434841632843,-0.010806248523294926,0.0034240074455738068,0.11577674746513367
-0.0019014440476894379,-0.009382606483995914,0.0039834994822740555,0.11030890047550201
-0.0015343241393566132,-0.008250395767390728,0.004417594522237778,0.10516427457332611
-0.0012196600437164307,-0.00737787177786231,0.004595382139086723,0.10090295970439911
-0.0008799061179161072,-0.006665736436843872,0.004749014973640442,0.09981659799814224
-0.0007504187524318695,-0.006138091441243887,0.004939574748277664,0.0999845638871193
-0.0007158070802688599,-0.00590184610337019,0.005065688863396645,0.10177228599786758
-0.0007650293409824371,-0.005886447615921497,0.005379222333431244,0.1024884358048439
-0.0007634125649929047,-0.005955107510089874,0.005534868687391281,0.10175037384033203
-0.0006399676203727722,-0.006088646594434977,0.005574464797973633,0.10290937125682831
-5.073659121990204e-05,-0.00671240221709013,0.005837099626660347,0.10383183509111404
0.00041483156383037567,-0.00757389422506094,0.005971921607851982,0.1036655455827713
0.0005826335400342941,-0.008219044655561447,0.006020141765475273,0.10351427644491196
0.0005449820309877396,-0.008834687992930412,0.006096389144659042,0.10370205342769623
0.0005126595497131348,-0.009400482289493084,0.0065410807728767395,0.10368087887763977
0.0006409976631402969,-0.009817417711019516,0.006904395297169685,0.1033545583486557
0.0005228761583566666,-0.009936082176864147,0.007444104179739952,0.10137376189231873
0.0005726832896471024,-0.010268550366163254,0.007378904148936272,0.1021440252661705
0.0007309690117835999,-0.010832398198544979,0.007407812401652336,0.10462726652622223
0.0011545009911060333,-0.011374196037650108,0.006874509155750275,0.1082308441400528
0.0014113020151853561,-0.011825034394860268,0.006625426933169365,0.11163217574357986
0.0017632152885198593,-0.012452773749828339,0.006190318614244461,0.11423065513372421
0.0020163413137197495,-0.01312269363552332,0.005965413525700569,0.11610297858715057
0.002498585730791092,-0.013714544475078583,0.0052263010293245316,0.11741049587726593
0.003797680139541626,-0.014410575851798058,0.0045735836029052734,0.117161326110363
0.004736388102173805,-0.015001068823039532,0.00429425947368145,0.11612316220998764
0.005636638030409813,-0.015426961705088615,0.0038235317915678024,0.11465215682983398
0.006370846182107925,-0.015676535665988922,0.0035842936486005783,0.11314240097999573
0.007474612444639206,-0.015965525060892105,0.003503575921058655,0.11157738417387009
0.008914651349186897,-0.01687561720609665,0.0028523486107587814,0.11103637516498566
0.009786618873476982,-0.017984794452786446,0.002557186409831047,0.11132840812206268
0.011013787239789963,-0.019127029925584793,0.0027287397533655167,0.10970781743526459
0.011881597340106964,-0.020176339894533157,0.0029164329171180725,0.10751159489154816
0.012754572555422783,-0.020645543932914734,0.0029912255704402924,0.10726612061262131
0.013347618281841278,-0.020648883655667305,0.003074163571000099,0.10764128714799881
0.014119606465101242,-0.021113675087690353,0.003400348126888275,0.10872617363929749
0.015008111484348774,-0.02181655541062355,0.0036091022193431854,0.1097748652100563
0.015599946491420269,-0.022274969145655632,0.003807470202445984,0.1101079061627388
0.01645437255501747,-0.023000024259090424,0.0037310440093278885,0.10933710634708405
0.017148420214653015,-0.023943783715367317,0.0038686171174049377,0.10815251618623734
0.017838630825281143,-0.024725116789340973,0.003978170454502106,0.10733191668987274
0.018315352499485016,-0.025323733687400818,0.004137072712182999,0.10673293471336365
0.01850111410021782,-0.025040436536073685,0.0045560263097286224,0.10268725454807281
0.018711723387241364,-0.024255651980638504,0.004777668043971062,0.09819111227989197
0.01931891217827797,-0.024293461814522743,0.004806250333786011,0.09542632848024368
0.01998377963900566,-0.02501155063509941,0.004703281447291374,0.09123019874095917
0.02040896937251091,-0.025697756558656693,0.004699362441897392,0.08747093379497528
0.02062031999230385,-0.025894735008478165,0.0051915086805820465,0.08544997870922089
0.02074039913713932,-0.025781065225601196,0.00555921345949173,0.08440149575471878
0.02074471488595009,-0.02581150084733963,0.006167488172650337,0.0822153240442276
0.020865468308329582,-0.026204556226730347,0.006345532834529877,0.07900530844926834
0.020848941057920456,-0.026754409074783325,0.006355546414852142,0.07692135125398636
0.020703785121440887,-0.027109622955322266,0.006423085927963257,0.07523083686828613
0.020581940189003944,-0.02730085328221321,0.006467338651418686,0.07395926117897034
0.020670942962169647,-0.02744358777999878,0.006611086428165436,0.07075905054807663
0.020748667418956757,-0.02757546678185463,0.006640546023845673,0.06743134558200836
0.020855531096458435,-0.027561157941818237,0.007294932380318642,0.065090112388134
0.02105356752872467,-0.02726193517446518,0.0077625419944524765,0.06330036371946335
0.021136097609996796,-0.02690339833498001,0.00792841985821724,0.062433190643787384
0.02091420814394951,-0.0261666402220726,0.00871223770081997,0.060354601591825485
0.020617743954062462,-0.02522120252251625,0.00901767611503601,0.058355122804641724
0.02004658430814743,-0.02448553591966629,0.009813036769628525,0.05515773966908455
0.01953108236193657,-0.023945117369294167,0.010085215792059898,0.05220237001776695
0.019321199506521225,-0.02345452457666397,0.010103171691298485,0.05078354850411415
0.01904870942234993,-0.02287600003182888,0.010308530181646347,0.0486128032207489
0.018752845004200935,-0.02233915776014328,0.010279731824994087,0.04664428532123566
0.01854458823800087,-0.02153538540005684,0.01009712927043438,0.044930290430784225
0.018408790230751038,-0.020592544227838516,0.009884670376777649,0.04364682734012604
0.0184783935546875,-0.019903168082237244,0.009880591183900833,0.0423358678817749
0.018500667065382004,-0.01946963742375374,0.00986405834555626,0.04125553369522095
0.01858632266521454,-0.018982864916324615,0.01013421081006527,0.040708497166633606
0.01869981735944748,-0.018493881449103355,0.010042278096079826,0.040129952132701874
0.018691081553697586,-0.01815614476799965,0.009865803644061089,0.03969443589448929
0.01855849288403988,-0.017706194892525673,0.009804671630263329,0.03873581066727638
0.01840541884303093,-0.017197705805301666,0.009702380746603012,0.03780105710029602
0.018074998632073402,-0.016803331673145294,0.00972791202366352,0.036828652024269104
0.01778423599898815,-0.0166623592376709,0.010002003982663155,0.03636208176612854
0.01754477620124817,-0.01669267751276493,0.010092480108141899,0.036496035754680634
0.017469003796577454,-0.016681911423802376,0.010042866691946983,0.03628849610686302
0.017428381368517876,-0.01661110296845436,0.009964944794774055,0.03596913814544678
0.017375055700540543,-0.01672690361738205,0.010245470330119133,0.03559436649084091
0.01706891879439354,-0.016753919422626495,0.010536985471844673,0.035292431712150574
0.016769275069236755,-0.016584264114499092,0.010539237409830093,0.035284385085105896
0.016469500958919525,-0.016305934637784958,0.01067417860031128,0.03459068387746811
0.016245828941464424,-0.01602218672633171,0.01070358231663704,0.03382745012640953
0.01585829071700573,-0.016012171283364296,0.010978138074278831,0.03256945684552193
0.015577209182083607,-0.01609228551387787,0.011182621121406555,0.032347824424505234
0.015431828796863556,-0.016110800206661224,0.011282326653599739,0.03306571766734123
0.015424495562911034,-0.01610296219587326,0.011459605768322945,0.0324176587164402
0.015405707061290741,-0.016093550249934196,0.01156884990632534,0.031268760561943054
0.015388901345431805,-0.015854261815547943,0.011854434385895729,0.029039699584245682
0.015225619077682495,-0.0153716541826725,0.012363987043499947,0.02577994391322136
0.015007234178483486,-0.014937257394194603,0.012621959671378136,0.02359212189912796
0.01483544334769249,-0.014612069353461266,0.012747062370181084,0.02165428176522255
0.014651231467723846,-0.014409764669835567,0.012781186029314995,0.020159989595413208
0.014532100409269333,-0.014169537462294102,0.012624165043234825,0.01873483508825302
0.014442577958106995,-0.01393367350101471,0.012564064934849739,0.017520293593406677
0.01415323093533516,-0.013696087524294853,0.012494092807173729,0.016274072229862213
0.013949928805232048,-0.013480345718562603,0.01244497112929821,0.015220493078231812
0.013642624020576477,-0.013120155781507492,0.012585142627358437,0.015091821551322937
0.01324843242764473,-0.012414731085300446,0.01304369606077671,0.015572268515825272
0.013063434511423111,-0.011681190691888332,0.01333734579384327,0.015960179269313812
0.012850334867835045,-0.011124910786747932,0.013841966167092323,0.01636955514550209
0.012704571709036827,-0.010733608156442642,0.014119753614068031,0.01676168292760849
0.012714719399809837,-0.010255628265440464,0.014347298070788383,0.016614548861980438
0.01290002092719078,-0.00960344448685646,0.014690080657601357,0.01610175520181656
0.013005280867218971,-0.009033392183482647,0.01492144726216793,0.015702813863754272
0.013243624940514565,-0.008541452698409557,0.01491728238761425,0.015306923538446426
0.013393344357609749,-0.008127516135573387,0.014899732545018196,0.014988221228122711
0.013409581035375595,-0.007669528480619192,0.014775270596146584,0.014406748116016388
0.013372400775551796,-0.0072098951786756516,0.014692937955260277,0.013845477253198624
0.013470789417624474,-0.006944502703845501,0.014486683532595634,0.013117402791976929
0.013666857033967972,-0.006687328219413757,0.014123240485787392,0.011935599148273468
0.013763068243861198,-0.006395444273948669,0.013971066102385521,0.010965295135974884
0.01357823796570301,-0.006275972351431847,0.01387345977127552,0.010395072400569916
0.013430127874016762,-0.006301681511104107,0.013804012909531593,0.010120704770088196
0.013057496398687363,-0.006268288940191269,0.014017200097441673,0.010246090590953827
0.012789612635970116,-0.00617703702300787,0.01412917859852314,0.010533638298511505
0.012623069807887077,-0.006105428095906973,0.01418665237724781,0.010579731315374374
0.01248873770236969,-0.006011866964399815,0.014346251264214516,0.010168664157390594
0.012381667271256447,-0.005902743898332119,0.014397511258721352,0.009781938046216965
0.01218712329864502,-0.005786563269793987,0.014535857364535332,0.009850282222032547
0.012041723355650902,-0.00568107794970274,0.01463857851922512,0.010067075490951538
0.011884737759828568,-0.0055160438641905785,0.014977449551224709,0.010481465607881546
0.011867459863424301,-0.005277543794363737,0.01533825509250164,0.011222891509532928
0.011932063847780228,-0.005068981554359198,0.015555331483483315,0.011740244925022125
0.011945879086852074,-0.004913349635899067,0.01568434201180935,0.012377835810184479
0.012149697169661522,-0.004762773402035236,0.015792841091752052,0.013232715427875519
0.012340672314167023,-0.004624047316610813,0.01588033325970173,0.013746485114097595
0.012226603925228119,-0.004443486221134663,0.016242483630776405,0.014109272509813309
0.012104056775569916,-0.004251174628734589,0.01643538288772106,0.014441683888435364
0.012078830972313881,-0.004137829877436161,0.01650163345038891,0.014655601233243942
0.012085406109690666,-0.0040887948125600815,0.016529163345694542,0.014776881784200668
0.012057490646839142,-0.004052276257425547,0.016654731705784798,0.014328353106975555
0.012029033154249191,-0.004028095863759518,0.016725527122616768,0.013754788786172867
0.011896271258592606,-0.004014349542558193,0.01680329255759716,0.012868937104940414
0.011795591562986374,-0.004003780893981457,0.01681501604616642,0.012029226869344711
0.011712687090039253,-0.004055547993630171,0.016832588240504265,0.011762067675590515
0.01166500337421894,-0.004150428343564272,0.016830550506711006,0.011760774999856949
0.011513084173202515,-0.004204904660582542,0.01684262417256832,0.011581521481275558
0.011380154639482498,-0.004214736633002758,0.01684573106467724,0.010981686413288116
0.011378422379493713,-0.004205902572721243,0.016829973086714745,0.010436814278364182
0.011283697560429573,-0.004111187532544136,0.016806578263640404,0.010083068162202835
0.011224722489714622,-0.003968389239162207,0.016774510964751244,0.009889557957649231
0.01126512698829174,-0.0037864218465983868,0.016826188191771507,0.010015703737735748
0.011334247887134552,-0.0035915039479732513,0.01689654029905796,0.010189305990934372
0.01148890145123005,-0.0033960160799324512,0.016874203458428383,0.010767973959445953
0.011633586138486862,-0.0032105878926813602,0.01690441556274891,0.01135183498263359
0.011702543124556541,-0.0030738706700503826,0.016931144520640373,0.01158750057220459
0.011736290529370308,-0.0029524737037718296,0.016935201361775398,0.011764004826545715
0.011808395385742188,-0.002766513265669346,0.016825003549456596,0.011552244424819946
0.011876862496137619,-0.0025621065869927406,0.016765808686614037,0.011164579540491104
0.011872366070747375,-0.0023483922705054283,0.01655222661793232,0.01097552478313446
0.01189688965678215,-0.002097893040627241,0.016249315813183784,0.010761670768260956
0.011954361572861671,-0.001872178167104721,0.016128936782479286,0.010539930313825607
0.011891653761267662,-0.001695734914392233,0.01600700058043003,0.01043054461479187
0.01184684969484806,-0.0015599154867231846,0.015910601243376732,0.010423235595226288
0.011793926358222961,-0.0014479453675448895,0.0157270897179842,0.010564111173152924
0.011744620278477669,-0.0012905504554510117,0.015607478097081184,0.010311633348464966
0.011719813570380211,-0.0011099949479103088,0.015523655340075493,0.009919103235006332
0.011673612520098686,-0.0009406181052327156,0.015491066500544548,0.009687434881925583
0.011642273515462875,-0.0007932251319289207,0.015463097020983696,0.009571313858032227
0.01169523037970066,-0.0006594480946660042,0.015576435253024101,0.009561505168676376
0.01173316314816475,-0.0005316287279129028,0.015651939436793327,0.009571772068738937
0.011666595935821533,-0.0003843698650598526,0.015981363132596016,0.009337928146123886
0.011477231979370117,-0.00011879485100507736,0.016306312754750252,0.008971218019723892
0.011321496218442917,0.00018215831369161606,0.016415556892752647,0.008773159235715866
0.011204740032553673,0.0004664994776248932,0.016574406996369362,0.008488036692142487
0.01110692135989666,0.0007140990346670151,0.016651267185807228,0.00821736454963684
0.011123178526759148,0.0009152954444289207,0.016735462471842766,0.00817837193608284
0.011209825053811073,0.001070348545908928,0.016862457618117332,0.008504040539264679
0.011265527456998825,0.0011674240231513977,0.01693817786872387,0.008863519877195358
0.011405093595385551,0.0012312047183513641,0.01696827821433544,0.009195618331432343
0.011509152129292488,0.0012827562168240547,0.016988864168524742,0.00944707915186882
0.011552071198821068,0.0013290038332343102,0.01699068211019039,0.009439554065465927
0.011572932824492455,0.001368110068142414,0.016976909711956978,0.009358901530504227
0.011577345430850983,0.0014493083581328392,0.016889331862330437,0.009238772094249725
0.011605499312281609,0.0015549734234809875,0.016827551648020744,0.009147819131612778
0.011616498231887817,0.0016856994479894638,0.01684304140508175,0.009249947965145111
0.011629482731223106,0.001819356344640255,0.016854582354426384,0.00943480059504509
0.011820532381534576,0.0019378149881958961,0.01679719053208828,0.009698659181594849
0.012116538360714912,0.0020253732800483704,0.016777632758021355,0.00974942371249199
0.012271365150809288,0.0020638825371861458,0.01680181734263897,0.009607870131731033
0.012498678639531136,0.0020835641771554947,0.016730433329939842,0.009559493511915207
0.012657256796956062,0.0020962990820407867,0.01671065203845501,0.009528089314699173
0.012832637876272202,0.002080187201499939,0.016629552468657494,0.009778313338756561
0.012956280261278152,0.0020558377727866173,0.01658455841243267,0.010097004473209381
0.01303553581237793,0.0020372923463582993,0.016389722004532814,0.010256301611661911
0.013196773827075958,0.002043585292994976,0.01613018848001957,0.010530970990657806
0.013326998800039291,0.00207549799233675,0.016027363017201424,0.010779932141304016
0.013394242152571678,0.0021872948855161667,0.015850288793444633,0.01073436439037323
0.0134382713586092,0.0023390185087919235,0.015754589810967445,0.010587833821773529
0.013374380767345428,0.0025337478145956993,0.015698397532105446,0.010397020727396011
0.013293081894516945,0.0027678757905960083,0.015622595325112343,0.01020241528749466
0.013253184035420418,0.0029689865186810493,0.015574174001812935,0.010084826499223709
0.013160685077309608,0.00309696514159441,0.015504511073231697,0.010052021592855453
0.013105332851409912,0.003163956105709076,0.015452919527888298,0.010074328631162643
0.012953650206327438,0.0032133320346474648,0.015436248853802681,0.010003872215747833
0.012785654515028,0.0032161911949515343,0.01545458473265171,0.009943459182977676
0.012701133266091347,0.003182944841682911,0.015465492382645607,0.00992942601442337
0.012603722512722015,0.0031293248757719994,0.015548737719655037,0.00964285433292389
0.012528391554951668,0.0030687423422932625,0.01558895967900753,0.009304411709308624
0.012433679774403572,0.0030420515686273575,0.015721099451184273,0.00907408818602562
0.012352673336863518,0.0030453233048319817,0.015797743573784828,0.008921049535274506
0.012314889580011368,0.0030748387798666954,0.015771465376019478,0.008580513298511505
0.012334635481238365,0.0031225020065903664,0.015811527147889137,0.008203107863664627
0.012350508943200111,0.0031634988263249397,0.015860991552472115,0.008020319044589996
0.012279659509658813,0.003238116391003132,0.01590570993721485,0.0078287273645401
0.012212665751576424,0.003329085186123848,0.015906764194369316,0.007697470486164093
0.012157253921031952,0.0034153908491134644,0.015897145494818687,0.00771733745932579
0.012128785252571106,0.0034953374415636063,0.01587849296629429,0.007797081023454666
0.012036265805363655,0.0036004437133669853,0.015879111364483833,0.007747035473585129
0.0118976179510355,0.003717465326189995,0.015837932005524635,0.0077189914882183075
0.011830640956759453,0.003805471584200859,0.01579229347407818,0.007769279181957245
0.011770261451601982,0.003886805847287178,0.015738287940621376,0.00788731500506401
0.011731648817658424,0.003990736790001392,0.015671441331505775,0.008220087736845016
0.011723684147000313,0.004087631590664387,0.015646981075406075,0.008526336401700974
0.011727619916200638,0.004149545915424824,0.01564476452767849,0.008660342544317245
0.01171690784394741,0.004234607331454754,0.015600146725773811,0.008558034896850586
0.011713320389389992,0.004366413690149784,0.015538571402430534,0.00830148532986641
0.011724647134542465,0.004491955041885376,0.015505960211157799,0.008125104010105133
0.011708363890647888,0.004621828906238079,0.015559645369648933,0.008106637746095657
0.011686787009239197,0.004753141663968563,0.015580447390675545,0.00817066803574562
0.01183457300066948,0.004820800386369228,0.015491051599383354,0.008488722145557404
0.012075809761881828,0.004795645363628864,0.015401532873511314,0.00911671668291092
0.012224733829498291,0.004736245609819889,0.015365911647677422,0.009611353278160095
0.012314170598983765,0.0046591125428676605,0.015350988134741783,0.009890429675579071
0.012383956462144852,0.004561837762594223,0.015316704288125038,0.010036088526248932
0.012422777712345123,0.0044713616371154785,0.015319475904107094,0.010063961148262024
0.012477615848183632,0.004398428834974766,0.015264207497239113,0.010039083659648895
0.012510735541582108,0.0043404437601566315,0.015251962468028069,0.009982574731111526
0.012591570615768433,0.004290025681257248,0.015196716412901878,0.010005459189414978
0.012767141684889793,0.004265602678060532,0.01506686769425869,0.009899534285068512
0.0128831397742033,0.0042649926617741585,0.015031954273581505,0.009680718183517456
0.013088831678032875,0.004271700978279114,0.014899266883730888,0.009657133370637894
0.013240927830338478,0.004285984672605991,0.014851314947009087,0.009658914059400558
0.013318128883838654,0.004307116381824017,0.014805788174271584,0.009669505059719086
0.013410177081823349,0.004329808056354523,0.014744570478796959,0.009879563003778458
0.013477375730872154,0.004349671304225922,0.014730537310242653,0.010102063417434692
0.013488825410604477,0.004346695728600025,0.014675216749310493,0.01010945439338684
0.01348344050347805,0.004327199421823025,0.01463313214480877,0.010044451802968979
0.013523709028959274,0.00433106254786253,0.014570614323019981,0.009988643229007721
0.013541920110583305,0.004361599683761597,0.014545107260346413,0.009898815304040909
0.013540457934141159,0.004399633966386318,0.014524133875966072,0.009838670492172241
0.013492394238710403,0.004451680928468704,0.014625752344727516,0.009908203035593033
0.013447439298033714,0.004509362392127514,0.014675302430987358,0.010043535381555557
0.01337519846856594,0.004584489390254021,0.014805467799305916,0.010027572512626648
0.013293031603097916,0.00469206552952528,0.014883263036608696,0.009720969945192337
0.013245286419987679,0.0047951387241482735,0.014887304976582527,0.009405937045812607
0.013200538232922554,0.004891455173492432,0.014837915077805519,0.009163323789834976
0.013087740167975426,0.004991317167878151,0.014822738245129585,0.008978810161352158
0.013012159615755081,0.005075359717011452,0.014809655025601387,0.008920140564441681
0.012917324900627136,0.005148317664861679,0.014781368896365166,0.008973225951194763
0.012843910604715347,0.005213070660829544,0.014760343357920647,0.0090566948056221
0.012747643515467644,0.005271491594612598,0.014704940840601921,0.009292695671319962
0.012688318267464638,0.005322295241057873,0.01466272957623005,0.00956977903842926
0.012586912140250206,0.005378321744501591,0.014699628576636314,0.009742073714733124
0.012559600174427032,0.005406094714999199,0.014649251475930214,0.009875655174255371
0.01258673332631588,0.005394028499722481,0.014624753966927528,0.009921912103891373
0.012644249945878983,0.005353436805307865,0.014588648453354836,0.010141443461179733
0.012695368379354477,0.005298459902405739,0.014578929170966148,0.010391518473625183
0.012726576998829842,0.005274028517305851,0.014544064179062843,0.010685596615076065
0.012753715738654137,0.005277739837765694,0.014524174854159355,0.010950073599815369
0.0128148403018713,0.005266486667096615,0.014459660276770592,0.011220067739486694
0.012877346947789192,0.005239897407591343,0.01443692110478878,0.011434953659772873
0.0129550751298666,0.005221000872552395,0.014408187940716743,0.011609826236963272
0.013076530769467354,0.005213561467826366,0.014351649209856987,0.011676426976919174
0.013178166002035141,0.005211975425481796,0.014343032613396645,0.011615343391895294
0.013239914551377296,0.005218358710408211,0.014243947342038155,0.011562958359718323
0.013284485787153244,0.00522367749363184,0.014187989756464958,0.01153375580906868
0.013297345489263535,0.005215213634073734,0.014077240601181984,0.011620983481407166
0.01331646740436554,0.005196494050323963,0.014009783044457436,0.011750172823667526
0.013202320784330368,0.005196820944547653,0.013988161459565163,0.011975452303886414
0.013100910931825638,0.00523320771753788,0.01396959088742733,0.012379083782434464
0.013070795685052872,0.0052867792546749115,0.013946814462542534,0.012683205306529999
0.013068262487649918,0.005334861576557159,0.01392822153866291,0.012813251465559006
0.013090768828988075,0.005370507016777992,0.01396767608821392,0.012850858271121979
0.013191033154726028,0.005384499207139015,0.013975853100419044,0.012970946729183197
0.013262515887618065,0.005386261269450188,0.013978438451886177,0.013098515570163727
0.013345466926693916,0.005372515879571438,0.01396564207971096,0.013190232217311859
0.013447923585772514,0.0053438954055309296,0.013980338349938393,0.013328440487384796
0.013505574315786362,0.005318791605532169,0.013997716829180717,0.013437192887067795
0.0135915856808424,0.005305287428200245,0.013982797041535378,0.01362866535782814
0.013657279312610626,0.005294661037623882,0.013997478410601616,0.01384883001446724
0.01368451677262783,0.005285187624394894,0.01400400884449482,0.013974707573652267
0.013723287731409073,0.005284092389047146,0.014000533148646355,0.01410982757806778
0.013749422505497932,0.005288832820951939,0.014000440016388893,0.014225680381059647
0.01383056491613388,0.005289145745337009,0.01397622935473919,0.01430606096982956
0.0138951875269413,0.005286619998514652,0.013973342254757881,0.014339171350002289
0.01394219696521759,0.005292035639286041,0.013971751555800438,0.014275547116994858
0.01396363414824009,0.00530600268393755,0.013969099149107933,0.014183618128299713
0.013958277180790901,0.005309630185365677,0.013965724036097527,0.013977214694023132
0.013837002217769623,0.005326609127223492,0.014012599363923073,0.013604450970888138
0.013729564845561981,0.005354320630431175,0.01403258927166462,0.013334687799215317
0.013658873736858368,0.005365628749132156,0.014054683968424797,0.013170044869184494
0.013619329780340195,0.005361365154385567,0.014067055657505989,0.01306554302573204
0.013627437874674797,0.0053672026842832565,0.014044919982552528,0.012930933386087418
0.013661498203873634,0.005365215241909027,0.01406063325703144,0.01247938722372055
0.013671932741999626,0.005343751981854439,0.014075374230742455,0.012040961533784866
0.013651859015226364,0.005300866439938545,0.0141072329133749,0.011734768748283386
0.013634923845529556,0.005252433940768242,0.014114147052168846,0.011539850383996964
0.013625234365463257,0.005227972753345966,0.014223231002688408,0.01154601201415062
0.013507269322872162,0.005252545699477196,0.014427253976464272,0.011610977351665497
0.013404207304120064,0.0052952840924263,0.014517081901431084,0.01166408509016037
0.01322546973824501,0.005368636921048164,0.014648163691163063,0.01181725412607193
0.013087553903460503,0.005456164479255676,0.014696856960654259,0.012022022157907486
0.012983197346329689,0.005539747886359692,0.014721250161528587,0.012171827256679535
0.012916682288050652,0.0056106578558683395,0.014731856063008308,0.012263644486665726
0.012912340462207794,0.005669046193361282,0.014758924022316933,0.012358758598566055
0.01291506178677082,0.00572007242590189,0.014758812263607979,0.012505710124969482
0.012914134189486504,0.005766195245087147,0.014732347801327705,0.012630246579647064
0.012844135984778404,0.005806969478726387,0.014684954658150673,0.012613475322723389
0.012820074334740639,0.005799487233161926,0.014553247019648552,0.01250474527478218
0.012828124687075615,0.005760946311056614,0.014474926516413689,0.012407485395669937
0.012884162366390228,0.0057173799723386765,0.014376716688275337,0.012191742658615112
0.012929346412420273,0.005670539103448391,0.014334911480545998,0.01194940134882927
0.012929363176226616,0.0056514376774430275,0.014341229572892189,0.011741042137145996
0.012922387570142746,0.005654656328260899,0.014353776350617409,0.011570997536182404
0.012874973937869072,0.00567387230694294,0.014408444985747337,0.011314094066619873
0.012797528877854347,0.0056982943788170815,0.014449486508965492,0.011095166206359863
0.012757420539855957,0.0057160863652825356,0.014447914436459541,0.011045005172491074
0.012697121128439903,0.005756275728344917,0.01439972035586834,0.011233285069465637
0.012661034241318703,0.005809551104903221,0.014358507469296455,0.011492755264043808
0.012641342356801033,0.005839069373905659,0.01433996669948101,0.011653445661067963
0.012669757008552551,0.00585692934691906,0.014330713078379631,0.011842988431453705
0.012699678540229797,0.00587840098887682,0.014327121898531914,0.011992476880550385
0.01272815652191639,0.005898431874811649,0.01432950608432293,0.012120809406042099
0.01274527795612812,0.005920111201703548,0.014330929145216942,0.012215841561555862
0.01278001070022583,0.005974804051220417,0.0142985749989748,0.012444950640201569
0.01283334568142891,0.006074683740735054,0.014251699671149254,0.012700028717517853
0.012869948521256447,0.006179589778184891,0.01422109268605709,0.012815423309803009
0.012912439182400703,0.006266548298299313,0.0141677837818861,0.012755751609802246
0.012934716418385506,0.006336730904877186,0.014128176495432854,0.012644749134778976
0.012939408421516418,0.006393710151314735,0.014089206233620644,0.01250971108675003
0.012954551726579666,0.00641475897282362,0.014006687328219414,0.012689918279647827
0.012959681451320648,0.006408000364899635,0.013965917751193047,0.013000786304473877
0.012996427714824677,0.006376135163009167,0.013933638110756874,0.013155326247215271
0.013025650754570961,0.006332186050713062,0.013926690444350243,0.013205517083406448
0.013047706335783005,0.006245163269340992,0.013979876413941383,0.013170454651117325
0.013050301000475883,0.006126930005848408,0.014012282714247704,0.0131332166492939
0.013122215867042542,0.005975060164928436,0.013918740674853325,0.013291966170072556
0.013184770941734314,0.005813802592456341,0.013865968212485313,0.013489287346601486
0.013231001794338226,0.005663297139108181,0.013767136260867119,0.013695057481527328
0.013285279273986816,0.005518736317753792,0.013707449659705162,0.013795774430036545
0.013312233611941338,0.005396776832640171,0.013718178495764732,0.013739902526140213
0.013400929048657417,0.005255389027297497,0.013646421954035759,0.013396546244621277
0.013471733778715134,0.00510111078619957,0.013636982068419456,0.012956850230693817
0.01356135867536068,0.004945571534335613,0.013582265004515648,0.01261477917432785
0.013594456017017365,0.004818504676222801,0.013595493510365486,0.012309592217206955
0.013589901849627495,0.0047426288947463036,0.013613378629088402,0.012152336537837982
0.013545403257012367,0.004693902097642422,0.013629941269755363,0.012068107724189758
0.013509761542081833,0.004650535061955452,0.013617614284157753,0.011902421712875366
0.013504479080438614,0.004610482603311539,0.013616224750876427,0.011733632534742355
0.013520324602723122,0.004574207589030266,0.013612469658255577,0.011568907648324966
0.013536492362618446,0.004542363807559013,0.013617945834994316,0.01142185926437378
0.013556420803070068,0.004523412324488163,0.013609973713755608,0.011283587664365768
0.013566048815846443,0.004514467902481556,0.013607950881123543,0.011164035648107529
0.013592414557933807,0.004517106339335442,0.013546271249651909,0.011233348399400711
0.013650452718138695,0.004528691992163658,0.013455813750624657,0.011425498872995377
0.01369515061378479,0.004540041089057922,0.013417219743132591,0.011553395539522171
0.013737928122282028,0.004550443962216377,0.0133648831397295,0.01165119931101799
0.013774393126368523,0.0045572007074952126,0.013339804485440254,0.011724203824996948
0.013822406530380249,0.004549339413642883,0.013298934325575829,0.011716585606336594
0.013858787715435028,0.00452982634305954,0.01328088529407978,0.011675313115119934
0.013875924050807953,0.004507789388298988,0.013272402808070183,0.011610720306634903
0.013882696628570557,0.004485647194087505,0.013269426301121712,0.011551380157470703
0.013883719220757484,0.004470372572541237,0.013267138972878456,0.011521197855472565
0.013884052634239197,0.004461121745407581,0.013263875618577003,0.011510089039802551
0.013884441927075386,0.004462665878236294,0.013268401846289635,0.011462830007076263
0.013869011774659157,0.004478675313293934,0.013275468721985817,0.011436544358730316
0.013853723183274269,0.004499150440096855,0.013273319229483604,0.011454112827777863
0.013845516368746758,0.004514561966061592,0.01328086294233799,0.011413667351007462
0.013836966827511787,0.004525214433670044,0.013286283239722252,0.011349577456712723
0.01381932757794857,0.004535549320280552,0.013285329565405846,0.01133817434310913
0.013787036761641502,0.004554401151835918,0.013309678062796593,0.011337917298078537
0.013765636831521988,0.004576313309371471,0.013323446735739708,0.011334218084812164
0.013751616701483727,0.004590023308992386,0.013318026438355446,0.011387031525373459
0.013729866594076157,0.004597317427396774,0.013315549120306969,0.011460386216640472
0.013715431094169617,0.004602473229169846,0.013314308598637581,0.011501830071210861
0.013701818883419037,0.004606479778885841,0.013311153277754784,0.011550739407539368
0.01369473896920681,0.0046103112399578094,0.013306880369782448,0.011598806828260422
0.0136750228703022,0.004607868380844593,0.013297425583004951,0.011674802750349045
0.013658957555890083,0.004600725136697292,0.013291185721755028,0.011751841753721237
0.01365579105913639,0.004599831998348236,0.013281689956784248,0.011747609823942184
0.01365644484758377,0.004605235531926155,0.013273460790514946,0.011715531349182129
0.013656841591000557,0.004611367359757423,0.013269474729895592,0.01170012354850769
0.01364198699593544,0.004619071260094643,0.013262497261166573,0.011663768440485
0.013630809262394905,0.004628660157322884,0.013252662494778633,0.011631488800048828
0.013627341017127037,0.0046376436948776245,0.013247055932879448,0.01161900907754898
0.013626376166939735,0.004645081236958504,0.013244090601801872,0.011614847928285599
0.013633938506245613,0.004647193476557732,0.013230735436081886,0.011547364294528961
0.013627780601382256,0.0046435268595814705,0.013232110068202019,0.011483892798423767
0.013616608455777168,0.004639762453734875,0.013232508674263954,0.01147535815834999
0.013606339693069458,0.004639254882931709,0.013235284015536308,0.011460259556770325
0.013604750856757164,0.00463610514998436,0.013224376365542412,0.011413846164941788
0.013609806075692177,0.004629870876669884,0.013219194486737251,0.011367734521627426
0.013597182929515839,0.004627496935427189,0.013234896585345268,0.011332213878631592
0.013582434505224228,0.004628889262676239,0.013240853324532509,0.011312279850244522
0.01358134113252163,0.004628940485417843,0.013224823400378227,0.01127903163433075
0.013585060834884644,0.004627690650522709,0.013215286657214165,0.011241301894187927
0.013584423810243607,0.004627113230526447,0.013226041570305824,0.01126611977815628
0.013584228232502937,0.00462703313678503,0.013234658166766167,0.011311821639537811
0.013585001230239868,0.004626627080142498,0.013227717950940132,0.011328604072332382
0.013582607731223106,0.004629167728126049,0.013228321447968483,0.011356022208929062
0.013581827282905579,0.004634218290448189,0.013230869546532631,0.01138504222035408
0.01358870044350624,0.004637864418327808,0.013224074617028236,0.011462781578302383
0.0135964285582304,0.0046397848054766655,0.013221638277173042,0.011546321213245392
0.013598065823316574,0.00464189238846302,0.013218754902482033,0.011586297303438187
0.013598045334219933,0.004644499160349369,0.013216221705079079,0.011601574718952179
0.013597743585705757,0.00464272778481245,0.013215390965342522,0.011646293103694916
0.013599816709756851,0.004637068137526512,0.013216493651270866,0.0116959810256958
0.013601873070001602,0.004631837829947472,0.013217663392424583,0.011717770248651505
0.013601832091808319,0.004616612568497658,0.013216255232691765,0.011748317629098892
0.013602757826447487,0.0045933909714221954,0.013216683641076088,0.011780492961406708
0.013600064441561699,0.004573870450258255,0.013224771246314049,0.011796489357948303
0.013598022982478142,0.0045591434463858604,0.01323029212653637,0.011805076152086258
0.01358448900282383,0.004547431133687496,0.013238480314612389,0.011797226965427399
0.013592047616839409,0.004524853080511093,0.013218211010098457,0.011784568428993225
0.013605764135718346,0.004494123160839081,0.013210291042923927,0.011771947145462036
0.013612311333417892,0.0044682081788778305,0.013212291523814201,0.011764947324991226
0.013633454218506813,0.004442300647497177,0.013195035979151726,0.011730767786502838
0.013653721660375595,0.004416577517986298,0.013190409168601036,0.011685758829116821
0.013669325038790703,0.004394206218421459,0.013183584436774254,0.011655285954475403
0.013705823570489883,0.004361442290246487,0.013149967417120934,0.011602815240621567
0.013735577464103699,0.004322976805269718,0.013137290254235268,0.011549126356840134
0.013755852356553078,0.004291314631700516,0.0131292212754488,0.011517655104398727
0.013773523271083832,0.004267537966370583,0.013124072924256325,0.011500954627990723
0.013784002512693405,0.004251016303896904,0.013125007972121239,0.011493392288684845
0.013788329437375069,0.004239887930452824,0.013126825913786888,0.011489838361740112
0.013814413920044899,0.004218472167849541,0.013099553063511848,0.011495240032672882
0.013839010149240494,0.004188999533653259,0.013088157400488853,0.011498220264911652
0.013852562755346298,0.004163483157753944,0.013082550838589668,0.01151156798005104
0.013870956376194954,0.004137789830565453,0.013077089563012123,0.011567134410142899
0.013884032145142555,0.004113483242690563,0.01307775266468525,0.011622041463851929
0.013887690380215645,0.004085475578904152,0.013072675094008446,0.011736597865819931
0.013888919726014137,0.004056277684867382,0.013069277629256248,0.011859264224767685
0.01388602890074253,0.0040331874042749405,0.013074895367026329,0.011914938688278198
0.013864737004041672,0.004017305560410023,0.013078270480036736,0.011962242424488068
0.013848211616277695,0.0040071746334433556,0.013077089563012123,0.012004297226667404
0.013838773593306541,0.0040003107860684395,0.013082997873425484,0.012020610272884369
0.013818150386214256,0.003999070264399052,0.013085512444376945,0.012051530182361603
0.01380113698542118,0.004001978784799576,0.013083616271615028,0.012086968868970871
0.013794288039207458,0.0040050083771348,0.013082178309559822,0.012103579938411713
0.013791760429739952,0.004007355310022831,0.013081477954983711,0.012109782546758652
0.013788465410470963,0.004011796787381172,0.013066155835986137,0.01211947575211525
0.013786129653453827,0.004017442464828491,0.013057196512818336,0.012126896530389786
0.013783659785985947,0.00401928648352623,0.013057900592684746,0.012114409357309341
0.013782674446702003,0.004020399414002895,0.013056019321084023,0.012112274765968323
0.0137836504727602,0.004023116081953049,0.013054629787802696,0.01212264597415924
0.013783730566501617,0.004021455533802509,0.013047100976109505,0.01212121918797493
0.013783564791083336,0.004016276448965073,0.013043908402323723,0.012112490832805634
0.013783570379018784,0.004011842422187328,0.013043863698840141,0.012107722461223602
0.013783570379018784,0.004008665680885315,0.013044202700257301,0.01210586354136467
0.013787379488348961,0.0040008919313549995,0.013037590309977531,0.012098357081413269
0.013790501281619072,0.00399010069668293,0.013035552576184273,0.01208576187491417
0.013791542500257492,0.003981707617640495,0.013036111369729042,0.012079104781150818
0.013797104358673096,0.003971087746322155,0.013029484078288078,0.012076284736394882
0.01380138285458088,0.003959129564464092,0.013027133420109749,0.012071482837200165
0.013802779838442802,0.003950138576328754,0.013027442619204521,0.01206839457154274
0.013811197131872177,0.00394112803041935,0.013018777593970299,0.012072253972291946
0.013818465173244476,0.003932029940187931,0.01301480270922184,0.012075256556272507
0.013821277767419815,0.0039253029972314835,0.013014441356062889,0.012075599282979965
0.013822326436638832,0.003920776769518852,0.013014549389481544,0.012075506150722504
0.013830192387104034,0.003921486437320709,0.013004420325160027,0.012086179107427597
0.013838527724146843,0.003925538621842861,0.012997837737202644,0.012098480015993118
0.013842565938830376,0.003929085098206997,0.012995818629860878,0.012103304266929626
0.013845404610037804,0.003927326761186123,0.012993866577744484,0.012095727026462555
0.013846784830093384,0.00392183568328619,0.012993501499295235,0.012084193527698517
0.013851609081029892,0.003920691087841988,0.01298624835908413,0.012083463370800018
0.013857057318091393,0.003922846168279648,0.012981468811631203,0.012087322771549225
0.013859821483492851,0.0039248159155249596,0.012980083003640175,0.012088906019926071
0.013865435495972633,0.003928207792341709,0.012982962653040886,0.012061387300491333
0.013869957998394966,0.003932259976863861,0.012985551729798317,0.012025829404592514
0.01387149840593338,0.0039351824671030045,0.012986535206437111,0.012009356170892715
0.013871945440769196,0.003937050700187683,0.012986844405531883,0.012003246694803238
0.013872066512703896,0.003938199952244759,0.012986941263079643,0.01200120896100998
0.013879401609301567,0.003941022790968418,0.01299331896007061,0.01195807009935379
0.013885727152228355,0.003944218158721924,0.012999484315514565,0.011903997510671616
0.013887809589505196,0.003945969045162201,0.013002322986721992,0.011880382895469666
0.013888074085116386,0.003947230987250805,0.013003898784518242,0.011869456619024277
0.013887826353311539,0.003948288969695568,0.013004535809159279,0.011863965541124344
0.01389874517917633,0.003945343196392059,0.013005534186959267,0.011803343892097473
0.01390792615711689,0.003939198330044746,0.013009978458285332,0.01172487810254097
0.013909393921494484,0.003938165493309498,0.01301482506096363,0.011697262525558472
0.013909196481108665,0.003941468894481659,0.013016751036047935,0.011695634573698044
0.013910453766584396,0.003939980641007423,0.013015633448958397,0.011687647551298141
0.013918166980147362,0.0039341868832707405,0.01300879754126072,0.011639270931482315
0.013924118131399155,0.003928175196051598,0.013006502762436867,0.011586032807826996
0.013926133513450623,0.003922734409570694,0.013006789609789848,0.01156405359506607
0.013926886022090912,0.00391815323382616,0.013007460162043571,0.01155773550271988
0.013926951214671135,0.003915197215974331,0.01300838403403759,0.0115535669028759
0.013926753774285316,0.003913525491952896,0.013008831068873405,0.011550430208444595
0.0139304269105196,0.003908524289727211,0.01299956999719143,0.01151283085346222
0.013934796676039696,0.003902343101799488,0.012990465387701988,0.011483177542686462
0.0139376912266016,0.0038987090811133385,0.01298782043159008,0.01148095354437828
0.013937003910541534,0.003893607296049595,0.012991072610020638,0.011466484516859055
0.013934912160038948,0.003887276165187359,0.012993274256587029,0.011449087411165237
0.01393362507224083,0.0038820700719952583,0.01299421675503254,0.011441588401794434
0.013933030888438225,0.003878251649439335,0.012994790449738503,0.01143893226981163
0.013932758942246437,0.003875543363392353,0.012995192781090736,0.011438041925430298
0.013930629938840866,0.003873194567859173,0.012998515740036964,0.011426519602537155
0.013928115367889404,0.003871002234518528,0.012999894097447395,0.01141364872455597
0.013926779851317406,0.003869295120239258,0.013000139966607094,0.011408306658267975
0.013926168903708458,0.0038680564612150192,0.01300024800002575,0.011406458914279938
0.013922575861215591,0.003867034800350666,0.01300635002553463,0.011393018066883087
0.013918586075305939,0.003866175189614296,0.013008924201130867,0.011378969997167587
0.01391654834151268,0.0038655176758766174,0.013009147718548775,0.011373359709978104
0.013913050293922424,0.003863438032567501,0.013013264164328575,0.011354677379131317
0.01391017995774746,0.0038602305576205254,0.01301497407257557,0.01133497804403305
0.013908114284276962,0.00385495088994503,0.01301499642431736,0.011310629546642303
0.013907453045248985,0.0038483785465359688,0.013014612719416618,0.011288896203041077
0.013907354325056076,0.0038431743159890175,0.013014717027544975,0.011279676109552383
0.013907358050346375,0.003839481621980667,0.013014955446124077,0.011276420205831528
0.01390775665640831,0.003833658993244171,0.013013804331421852,0.011258363723754883
0.013908924534916878,0.003826233558356762,0.013012969866394997,0.011237699538469315
0.013909634202718735,0.0038203690201044083,0.013013066723942757,0.011228512972593307
0.013912506401538849,0.003813968040049076,0.013011088594794273,0.011215489357709885
0.013915285468101501,0.0038073640316724777,0.013009963557124138,0.011202465742826462
0.013916492462158203,0.0038024643436074257,0.01300991140305996,0.011196624487638474
0.013916980475187302,0.003799161873757839,0.013010023161768913,0.011194448918104172
0.013926146551966667,0.0037957383319735527,0.012998772785067558,0.011193033307790756
0.013933265581727028,0.0037914160639047623,0.012990826740860939,0.011193729937076569
0.013935629278421402,0.003787543624639511,0.012988550588488579,0.011194158345460892
0.013936445116996765,0.003784913569688797,0.012988166883587837,0.011195562779903412
0.013936765491962433,0.00378336850553751,0.012988286092877388,0.01119711622595787
0.013936929404735565,0.0037823449820280075,0.012988412752747536,0.011197801679372787
0.013943152502179146,0.0037774769589304924,0.012980164960026741,0.011190813034772873
0.013948500156402588,0.0037691397592425346,0.012974193319678307,0.01118353009223938
0.013955101370811462,0.0037630032747983932,0.012970196083188057,0.011177938431501389
0.013958234339952469,0.0037600016221404076,0.012968553230166435,0.011172857135534286
0.013958703726530075,0.0037585124373435974,0.012967979535460472,0.011170390993356705
0.013956353068351746,0.003757520578801632,0.012969089671969414,0.011171448975801468
0.013955095782876015,0.003756401129066944,0.012969853356480598,0.011174105107784271
0.0139573123306036,0.003755643032491207,0.012968769297003746,0.011173553764820099
0.013958597555756569,0.003755546174943447,0.012968132272362709,0.011171124875545502
0.013958735391497612,0.0037557780742645264,0.012967845425009727,0.011169780045747757
0.013959735631942749,0.0037560779601335526,0.012966601178050041,0.011167354881763458
0.013959968462586403,0.003756971098482609,0.012965274974703789,0.011164650321006775
0.013959778472781181,0.003758256323635578,0.012964321300387383,0.011163361370563507
0.013959623873233795,0.003759562037885189,0.01296369917690754,0.011162914335727692
0.01395954005420208,0.0037607140839099884,0.012963289394974709,0.01116274669766426
0.013959862291812897,0.0037594428285956383,0.01295802928507328,0.011161435395479202
0.013959033414721489,0.0037582116201519966,0.012953126803040504,0.011159397661685944
0.0139582809060812,0.003758767619729042,0.01295042596757412,0.011158302426338196
0.013957861810922623,0.0037603238597512245,0.012948794290423393,0.011157900094985962
0.013957656919956207,0.0037621352821588516,0.01294778473675251,0.01115778461098671
0.013959202915430069,0.0037615876644849777,0.012942789122462273,0.011154457926750183
0.01395995169878006,0.003759955056011677,0.012939376756548882,0.011149603873491287
0.013959959149360657,0.0037592537701129913,0.01293792761862278,0.011147119104862213
0.013967536389827728,0.0037524374201893806,0.012924665585160255,0.011139903217554092
0.013972889631986618,0.0037419795989990234,0.012917524203658104,0.011128511279821396
0.013970185071229935,0.00373820960521698,0.012922396883368492,0.011125907301902771
0.013967534527182579,0.003739645704627037,0.012925246730446815,0.011129725724458694
0.013966791331768036,0.003741561435163021,0.012925641611218452,0.011132359504699707
0.013966631144285202,0.0037430403754115105,0.012925615534186363,0.01113346591591835
0.013975497335195541,0.0037359343841671944,0.012912044301629066,0.011123936623334885
0.013981817290186882,0.0037236344069242477,0.012905148789286613,0.0111079141497612
0.013983471319079399,0.003714253194630146,0.012903844937682152,0.01109936460852623
0.01398378424346447,0.003708217293024063,0.012903524562716484,0.011096004396677017
0.013983836397528648,0.003704552538692951,0.01290341280400753,0.011094849556684494
0.013991789892315865,0.0036934101954102516,0.01289348118007183,0.011074382811784744
0.013997077941894531,0.003677121363580227,0.012889282777905464,0.011046398431062698
0.01399816945195198,0.003664327785372734,0.012889226898550987,0.01103285700082779
0.014004984870553017,0.0036500263959169388,0.012880122289061546,0.010997835546731949
0.014010211452841759,0.0036338260397315025,0.012875152751803398,0.010958429425954819
0.014020973816514015,0.0036138957366347313,0.012863652780652046,0.010928496718406677
0.014023087918758392,0.0035957684740424156,0.012863831594586372,0.01091059297323227
0.014021560549736023,0.0035847723484039307,0.012866238132119179,0.010908477008342743
0.014032289385795593,0.0035724053159356117,0.012856656685471535,0.010872423648834229
0.01404166966676712,0.003557933494448662,0.01285276748239994,0.01082402840256691
0.014044860377907753,0.0035461783409118652,0.012853404507040977,0.010801073163747787
0.01405424065887928,0.0035332925617694855,0.01284477673470974,0.010781906545162201
0.014060525223612785,0.0035202447324991226,0.01284019835293293,0.01076437160372734
0.014062231406569481,0.003510653041303158,0.012839509174227715,0.010756216943264008
0.014072511345148087,0.0034977542236447334,0.012830695137381554,0.010721076279878616
0.014081431552767754,0.0034817438572645187,0.01282731257379055,0.010677386075258255
0.014074789360165596,0.0034751752391457558,0.012836879119277,0.010689005255699158
0.0140670295804739,0.003477495163679123,0.012841550633311272,0.01072407141327858
0.014064215123653412,0.0034812157973647118,0.01284179650247097,0.010741692036390305
0.01406874880194664,0.0034793829545378685,0.01283758319914341,0.010720491409301758
0.014073926955461502,0.003472181037068367,0.012836756184697151,0.010685790330171585
0.014079796150326729,0.0034648608416318893,0.012826299294829369,0.010691683739423752
0.014082588255405426,0.0034607984125614166,0.01281834952533245,0.010714076459407806
0.014083350077271461,0.0034598279744386673,0.012814855203032494,0.010724678635597229
0.014080101624131203,0.003463432192802429,0.012820815667510033,0.010730724781751633
0.014077330008149147,0.003469020128250122,0.012824809178709984,0.010735206305980682
0.01408238336443901,0.0034628547728061676,0.012805046513676643,0.010733481496572495
0.014087572693824768,0.0034500379115343094,0.012791464105248451,0.010728105902671814
0.014076944440603256,0.003446497954428196,0.012798013165593147,0.010761290788650513
0.014066888019442558,0.0034515131264925003,0.012800747528672218,0.010809104889631271
0.014063458889722824,0.0034578656777739525,0.012799499556422234,0.010832034051418304
0.014063073322176933,0.0034604258835315704,0.012795114889740944,0.010841477662324905
0.014063160866498947,0.0034600170329213142,0.012792421504855156,0.010844755917787552
0.014063144102692604,0.0034597693011164665,0.012791348621249199,0.010845575481653214
0.014056574553251266,0.0034655211493372917,0.012800155207514763,0.010878760367631912
0.014051463454961777,0.0034765545278787613,0.012804994359612465,0.010920096188783646
0.014050513505935669,0.0034913942217826843,0.0128167774528265,0.010954946279525757
0.014050129801034927,0.0035065803676843643,0.012824511155486107,0.01098087802529335
0.014049533754587173,0.0035175736993551254,0.012827252969145775,0.010990634560585022
0.014049120247364044,0.0035247188061475754,0.012828147038817406,0.010993175208568573
0.014048924669623375,0.003529191017150879,0.01282832957804203,0.010993879288434982
0.014054950326681137,0.0035352855920791626,0.01283319853246212,0.011007335036993027
0.014060692861676216,0.003542066551744938,0.01283792220056057,0.011022072285413742
0.01406310498714447,0.0035466616973280907,0.012839848175644875,0.01102810725569725
0.014070648699998856,0.0035438593477010727,0.012831097468733788,0.010997064411640167
0.01407618634402752,0.0035348450765013695,0.012826124206185341,0.010956242680549622
0.014077797532081604,0.0035261306911706924,0.01282590813934803,0.010937485843896866
0.01407824456691742,0.00351918488740921,0.012826601043343544,0.010930642485618591
0.014090020209550858,0.0035085994750261307,0.01281684823334217,0.0108916275203228
0.014099961146712303,0.0034948894754052162,0.012813059613108635,0.010841742157936096
0.014113089069724083,0.003476979210972786,0.012805001810193062,0.010785944759845734
0.014127254486083984,0.00345687847584486,0.012801812961697578,0.010727006942033768
0.014135681092739105,0.003440328873693943,0.012805158272385597,0.010692283511161804
0.014138203114271164,0.0034200074151158333,0.012805582955479622,0.010662611573934555
0.014140168204903603,0.0033967047929763794,0.012806588783860207,0.010638721287250519
0.01412665843963623,0.003372647799551487,0.012816773727536201,0.010644033551216125
0.014116840437054634,0.0033495984971523285,0.01282179169356823,0.010663732886314392
0.014114294201135635,0.0033318446949124336,0.012824105098843575,0.010674484074115753
0.014093715697526932,0.00331304594874382,0.012835213914513588,0.010709099471569061
0.014079907909035683,0.0032938113436102867,0.012839192524552345,0.010754819959402084
0.014073627069592476,0.003279740922152996,0.012842213734984398,0.010782882571220398
0.014073122292757034,0.003270038403570652,0.012841446325182915,0.01079465076327324
0.014074940234422684,0.0032629473134875298,0.01284179650247097,0.010793939232826233
0.01407584361732006,0.0032580289989709854,0.012842582538723946,0.010792497545480728
0.014096256345510483,0.0032607167959213257,0.01283375732600689,0.010761376470327377
0.014110120013356209,0.0032688016071915627,0.012831328436732292,0.010716889053583145
0.014130735769867897,0.003271949477493763,0.012817418202757835,0.010692190378904343
0.014147251844406128,0.0032708458602428436,0.012812977656722069,0.010673444718122482
0.014153709635138512,0.003269701264798641,0.012813245877623558,0.010663632303476334
0.014156023040413857,0.0032691052183508873,0.012813491746783257,0.01065971702337265
0.0141714196652174,0.003274046815931797,0.012805631384253502,0.010642942041158676
0.014181973412632942,0.0032831961289048195,0.012802576646208763,0.01061917096376419
0.01418483629822731,0.003291185013949871,0.012801626697182655,0.010607082396745682
0.014185475185513496,0.0032972050830721855,0.012800855562090874,0.010602422058582306
0.014186300337314606,0.0033092647790908813,0.012803172692656517,0.010615982115268707
0.014185469597578049,0.003326399251818657,0.012803876772522926,0.010634079575538635
0.014184631407260895,0.0033408766612410545,0.01280256174504757,0.01064225658774376
0.014184178784489632,0.0033516688272356987,0.012801142409443855,0.010645225644111633
0.014191819354891777,0.0033596307039260864,0.012805188074707985,0.010693803429603577
0.01420050859451294,0.00336567685008049,0.012812351807951927,0.010748688131570816
0.014193732291460037,0.003375360742211342,0.012825997546315193,0.01080872118473053
0.01418611966073513,0.0033882921561598778,0.012831417843699455,0.010865937918424606
0.01418364979326725,0.0033990954980254173,0.012831388041377068,0.01089182123541832
0.01416107453405857,0.0034181633964180946,0.012861078605055809,0.01093285158276558
0.01414455659687519,0.0034420648589730263,0.012879090383648872,0.010978460311889648
0.014135604724287987,0.003464551642537117,0.012891480699181557,0.011011466383934021
0.014130514115095139,0.003485000692307949,0.012898916378617287,0.011030822992324829
0.014128649607300758,0.003500247374176979,0.012900767847895622,0.011038146913051605
0.014120521023869514,0.003510630689561367,0.012899542227387428,0.011058356612920761
0.014116846024990082,0.0035180598497390747,0.012901736423373222,0.011076238006353378
0.01411687396466732,0.00352354533970356,0.012903450056910515,0.011083133518695831
0.01411718875169754,0.0035275155678391457,0.012904109433293343,0.011085402220487595
0.014115948230028152,0.0035259416326880455,0.012913485988974571,0.011100515723228455
0.014116184785962105,0.003521260805428028,0.012920184060931206,0.011117160320281982
0.014116892591118813,0.003517739474773407,0.012922318652272224,0.011124536395072937
0.014117248356342316,0.0035155760124325752,0.012923015281558037,0.011127177625894547
0.014117386192083359,0.0035143140703439713,0.012923238798975945,0.011128038167953491
0.014122014865279198,0.0035120947286486626,0.012915490195155144,0.011124126613140106
0.014125540852546692,0.0035083964467048645,0.012908803299069405,0.011122137308120728
0.014130895957350731,0.0035006897523999214,0.012898767367005348,0.01111060380935669
0.01415315456688404,0.003479085862636566,0.012872083112597466,0.011029113084077835
0.01416970044374466,0.003449522890150547,0.012860806658864021,0.01093345507979393
0.014184674248099327,0.0034101586788892746,0.012848993763327599,0.01084192469716072
0.014196421951055527,0.0033653434365987778,0.012846184894442558,0.010763958096504211
0.014166465029120445,0.0033178599551320076,0.012867094948887825,0.010775573551654816
0.01417895033955574,0.0032914411276578903,0.012867389246821404,0.010761484503746033
0.014199918136000633,0.0032875826582312584,0.012879015877842903,0.010685373097658157
0.014202577993273735,0.0032931743189692497,0.012885546311736107,0.010622270405292511
0.014199044555425644,0.0033019445836544037,0.012886425480246544,0.010582506656646729
0.014200586825609207,0.0033006826415657997,0.012890348210930824,0.010588809847831726
0.014204580336809158,0.0032927552238106728,0.012895235791802406,0.010607048869132996
0.014206819236278534,0.003285801038146019,0.012897862121462822,0.010615099221467972
0.014207752421498299,0.0032808296382427216,0.012899158522486687,0.010617934167385101
0.014208110049366951,0.003277474083006382,0.012899810448288918,0.010618854314088821
0.014208223670721054,0.003275260329246521,0.012900134548544884,0.010619133710861206
0.014208262786269188,0.0032738065347075462,0.012900328263640404,0.01061921939253807
0.01420828141272068,0.003272862173616886,0.01290043629705906,0.010619241744279861
0.014208288863301277,0.0032722456380724907,0.012900499626994133,0.010619241744279861
0.014208292588591576,0.0032718461006879807,0.012900536879897118,0.010619241744279861
0.014208292588591576,0.0032715871930122375,0.012900559231638908,0.010619241744279861
0.014208292588591576,0.00327142421156168,0.012900562956929207,0.010619241744279861
0.014208292588591576,0.0032713254913687706,0.012900562956929207,0.010619241744279861
0.014208292588591576,0.0032712677493691444,0.012900562956929207,0.010619241744279861
0.014208292588591576,0.0032712314277887344,0.012900562956929207,0.010619241744279861
0.014208292588591576,0.0032712118700146675,0.012900562956929207,0.010619241744279861
0.014208292588591576,0.0032711979001760483,0.012900562956929207,0.010619241744279861
0.014208292588591576,0.0032711895182728767,0.012900562956929207,0.010619241744279861
0.014208292588591576,0.003271186724305153,0.012900562956929207,0.010619241744279861
0.014208292588591576,0.0032711848616600037,0.012900562956929207,0.010619241744279861
0.014208292588591576,0.003271183930337429,0.012900562956929207,0.010619241744279861
0.014208292588591576,0.003271183930337429,0.012900562956929207,0.010619241744279861
0.014208292588591576,0.003271183930337429,0.012900562956929207,0.010619241744279861
0.014208292588591576,0.003271183930337429,0.012900562956929207,0.010619241744279861
0.014208292588591576,0.003271183930337429,0.012900562956929207,0.010619241744279861
0.014208292588591576,0.003271183930337429,0.012900562956929207,0.010619241744279861
0.014208292588591576,0.003271183930337429,0.012900562956929207,0.010619241744279861
0.014208292588591576,0.003271183930337429,0.012900562956929207,0.010619241744279861
0.014208292588591576,0.003271183930337429,0.012900562956929207,0.010619241744279861
0.014208292588591576,0.003271183930337429,0.012900562956929207,0.010619241744279861
0.014208292588591576,0.003271183930337429,0.012900562956929207,0.010619241744279861
0.014208292588591576,0.003271183930337429,0.012900562956929207,0.010619241744279861
0.014204740524291992,0.0032682716846466064,0.012899639084935188,0.010626636445522308
0.014202004298567772,0.003263982944190502,0.012895988300442696,0.010639581829309464
0.014201272279024124,0.0032611293718218803,0.012893622741103172,0.010646265000104904
0.014201173558831215,0.00325961597263813,0.012892438098788261,0.010648872703313828
0.0142012108117342,0.0032589472830295563,0.012891856953501701,0.010649748146533966
0.014201248064637184,0.003258739598095417,0.012891536578536034,0.01065003126859665
0.014201279729604721,0.003258736804127693,0.012891361489892006,0.010650120675563812
0.014197519049048424,0.0032534291967749596,0.012890296056866646,0.010660286992788315
0.014194361865520477,0.003245019353926182,0.01288648135960102,0.010677114129066467
0.014193356037139893,0.0032387832179665565,0.012884138152003288,0.010685686022043228
0.014193151146173477,0.0032348856329917908,0.012883098796010017,0.010689020156860352
0.014193158596754074,0.0032326243817806244,0.012882603332400322,0.010690174996852875
0.014182932674884796,0.00322653166949749,0.01288614608347416,0.010712437331676483
0.014174573123455048,0.0032181190326809883,0.012884898111224174,0.010744933038949966
0.014171844348311424,0.003211873583495617,0.012883270159363747,0.010761044919490814
0.014171099290251732,0.0032078586518764496,0.012882528826594353,0.010767217725515366
0.014170899987220764,0.0032054055482149124,0.012882234528660774,0.010769341140985489
0.014170857146382332,0.0032039592042565346,0.012882089242339134,0.010769996792078018
0.014170849695801735,0.0032031023874878883,0.012882040813565254,0.010770201683044434
0.01415364071726799,0.0031960224732756615,0.012889096513390541,0.010800104588270187
0.014141472056508064,0.0031848251819610596,0.01288975216448307,0.010844036936759949
0.014138387516140938,0.003175916150212288,0.012889010831713676,0.010865848511457443
0.014137830585241318,0.0031697722151875496,0.01288888044655323,0.010874178260564804
0.014137793332338333,0.0031657423824071884,0.012888969853520393,0.010877035558223724
0.014137821272015572,0.0031631458550691605,0.012889066711068153,0.010877937078475952
0.014137839898467064,0.0031614871695637703,0.012889152392745018,0.010878227651119232
0.014137854799628258,0.0031604254618287086,0.012889223173260689,0.010878290981054306
0.014137862250208855,0.003159746527671814,0.012889275327324867,0.010878309607505798
0.014157980680465698,0.0031653745099902153,0.012879746034741402,0.010847970843315125
0.014171767979860306,0.0031754830852150917,0.012876981869339943,0.010803714394569397
0.014175141230225563,0.003183925524353981,0.012876665219664574,0.010781660676002502
0.014175709336996078,0.0031900331377983093,0.01287623681128025,0.010773245245218277
0.014175741001963615,0.003194216638803482,0.012875834479928017,0.010770387947559357
0.014175709336996078,0.0031970450654625893,0.012875543907284737,0.010769497603178024
0.014175694435834885,0.0031989337876439095,0.012875320389866829,0.010769210755825043
0.014190280809998512,0.0032053515315055847,0.012867206707596779,0.010753750801086426
0.014200601726770401,0.003215334378182888,0.012864133343100548,0.01073044165968895
0.014203375205397606,0.003223787061870098,0.01286320947110653,0.01071849837899208
0.014203986153006554,0.0032300474122166634,0.01286245696246624,0.010713893920183182
0.014204123988747597,0.0032344553619623184,0.012861868366599083,0.010712306946516037
0.014204774051904678,0.003245193511247635,0.012864379212260246,0.010727044194936752
0.014203846454620361,0.0032613081857562065,0.012865232303738594,0.010745614767074585
0.014202984049916267,0.003275042399764061,0.012863995507359505,0.010753925889730453
0.01419241726398468,0.0032917698845267296,0.012871520593762398,0.010789230465888977
0.014183171093463898,0.0033108359202742577,0.012874016538262367,0.010833237320184708
0.0141797736287117,0.003326212987303734,0.012872720137238503,0.010853908956050873
0.014178656041622162,0.003337427042424679,0.0128712747246027,0.010861624032258987
0.01416696421802044,0.0033505940809845924,0.012880662456154823,0.010900918394327164
0.01415051706135273,0.0033712703734636307,0.012893745675683022,0.010984297841787338
0.014141935855150223,0.003393992781639099,0.012898219749331474,0.011049788445234299
0.014139417558908463,0.003412439487874508,0.012897459790110588,0.011077720671892166
0.014138681814074516,0.0034260954707860947,0.012895992025732994,0.011087678372859955
0.014134213328361511,0.0034399833530187607,0.01290258951485157,0.011102128773927689
0.014130275696516037,0.0034547746181488037,0.01290791667997837,0.011114459484815598
0.014124151319265366,0.0034682294353842735,0.012916726991534233,0.011123564094305038
0.014119995757937431,0.0034803375601768494,0.012923097237944603,0.01112731546163559
0.014123165979981422,0.0034883441403508186,0.012916920706629753,0.011124052107334137
0.014126110821962357,0.0034920647740364075,0.012910297140479088,0.011122159659862518
0.01412695087492466,0.003493795171380043,0.012907775118947029,0.011121798306703568
0.01412263698875904,0.003496089018881321,0.012914737686514854,0.011125974357128143
0.014119254425168037,0.0034997574985027313,0.012921134009957314,0.01112809032201767
0.014133721590042114,0.0034920647740364075,0.01289805956184864,0.011079620569944382
0.014167340472340584,0.003461386077105999,0.012860996648669243,0.010955221951007843
0.01418990083038807,0.0034219278022646904,0.01284896768629551,0.01083892211318016
0.01419779658317566,0.003388841636478901,0.012849846854805946,0.01078672707080841
0.014200488105416298,0.0033640917390584946,0.012852484360337257,0.01076764240860939
0.014193559065461159,0.0033389097079634666,0.012858537957072258,0.010740000754594803
0.014198634773492813,0.003319977782666683,0.012867158278822899,0.010693009942770004
0.01420525461435318,0.003310088999569416,0.012880174443125725,0.010650381445884705
0.014207663014531136,0.00330197811126709,0.012888787314295769,0.010630432516336441
0.014208290725946426,0.003294798545539379,0.012893600389361382,0.010622933506965637
0.01420838013291359,0.0032887300476431847,0.012896331027150154,0.010620404034852982
0.014208361506462097,0.0032839030027389526,0.012897932901978493,0.010619614273309708
0.014208326116204262,0.0032802261412143707,0.012898912653326988,0.01061936840415001
0.014208314940333366,0.003277525305747986,0.012899501249194145,0.010619301348924637
0.014208300039172173,0.003275582566857338,0.012899884954094887,0.010619275271892548
0.014208290725946426,0.0032741930335760117,0.01290014199912548,0.010619275271892548
0.014208292588591576,0.003273213282227516,0.012900305911898613,0.010619275271892548
0.014208292588591576,0.0032725324854254723,0.01290041022002697,0.010619275271892548
0.014208292588591576,0.0032720696181058884,0.012900473549962044,0.010619275271892548
0.014208292588591576,0.0032717399299144745,0.01290053315460682,0.010619275271892548
0.014208292588591576,0.0032715238630771637,0.012900559231638908,0.010619275271892548
0.014208292588591576,0.00327138788998127,0.012900562956929207,0.010619275271892548
0.014208292588591576,0.003271305002272129,0.012900562956929207,0.010619275271892548
0.014208292588591576,0.003271253779530525,0.012900562956929207,0.010619275271892548
0.014208292588591576,0.0032712267711758614,0.012900562956929207,0.010619275271892548
0.014208292588591576,0.0032712090760469437,0.012900562956929207,0.010619275271892548
0.014208292588591576,0.0032711979001760483,0.012900562956929207,0.010619275271892548
0.014208292588591576,0.0032711895182728767,0.012900562956929207,0.010619275271892548
0.014208292588591576,0.003271186724305153,0.012900562956929207,0.010619275271892548
0.014208292588591576,0.0032711848616600037,0.012900562956929207,0.010619275271892548
0.014208292588591576,0.003271183930337429,0.012900562956929207,0.010619275271892548
0.014208292588591576,0.003271183930337429,0.012900562956929207,0.010619275271892548
0.014208292588591576,0.003271183930337429,0.012900562956929207,0.010619275271892548
0.014208292588591576,0.003271183930337429,0.012900562956929207,0.010619275271892548
0.014208292588591576,0.003271183930337429,0.012900562956929207,0.010619275271892548
0.014208292588591576,0.003271183930337429,0.012900562956929207,0.010619275271892548
0.014208292588591576,0.003271183930337429,0.012900562956929207,0.010619275271892548
0.014208292588591576,0.003271183930337429,0.012900562956929207,0.010619275271892548
0.014208292588591576,0.003271183930337429,0.012900562956929207,0.010619275271892548
0.014208292588591576,0.003271183930337429,0.012900562956929207,0.010619275271892548
0.014208292588591576,0.003271183930337429,0.012900562956929207,0.010619275271892548
0.014208292588591576,0.003271183930337429,0.012900562956929207,0.010619275271892548
0.014208292588591576,0.003271183930337429,0.012900562956929207,0.010619275271892548
0.014208292588591576,0.003271183930337429,0.012900562956929207,0.010619275271892548
0.014208292588591576,0.003271183930337429,0.012900562956929207,0.010619275271892548
0.014208292588591576,0.003271183930337429,0.012900562956929207,0.010619275271892548
0.014208292588591576,0.003271183930337429,0.012900562956929207,0.010619275271892548
0.014208292588591576,0.003271183930337429,0.012900562956929207,0.010619275271892548
0.014208292588591576,0.003271183930337429,0.012900562956929207,0.010619275271892548
0.014208292588591576,0.003271183930337429,0.012900562956929207,0.010619275271892548
0.014208292588591576,0.003271183930337429,0.012900562956929207,0.010619275271892548
0.014208292588591576,0.003271183930337429,0.012900562956929207,0.010619275271892548
0.014208292588591576,0.003271183930337429,0.012900562956929207,0.010619275271892548
0.014208292588591576,0.003271183930337429,0.012900562956929207,0.010619275271892548
0.014208292588591576,0.003271183930337429,0.012900562956929207,0.010619275271892548
0.014208292588591576,0.003271183930337429,0.012900562956929207,0.010619275271892548
0.014208292588591576,0.003271183930337429,0.012900562956929207,0.010619275271892548
0.014208292588591576,0.003271183930337429,0.012900562956929207,0.010619275271892548
0.014208292588591576,0.003271183930337429,0.012900562956929207,0.010619275271892548
0.014208292588591576,0.003271183930337429,0.012900562956929207,0.010619275271892548
0.014208292588591576,0.003271183930337429,0.012900562956929207,0.010619275271892548
0.014208292588591576,0.003271183930337429,0.012900562956929207,0.010619275271892548
0.014208292588591576,0.003271183930337429,0.012900562956929207,0.010619275271892548
0.014208292588591576,0.003271183930337429,0.012900562956929207,0.010619275271892548
0.014208292588591576,0.003271183930337429,0.012900562956929207,0.010619275271892548
0.014208292588591576,0.003271183930337429,0.012900562956929207,0.010619275271892548
0.014208292588591576,0.003271183930337429,0.012900562956929207,0.010619275271892548
0.014208292588591576,0.003271183930337429,0.012900562956929207,0.010619275271892548
0.014208292588591576,0.003271183930337429,0.012900562956929207,0.010619275271892548
0.014208292588591576,0.003271183930337429,0.012900562956929207,0.010619275271892548
0.014208292588591576,0.003271183930337429,0.012900562956929207,0.010619275271892548
0.014208292588591576,0.003271183930337429,0.012900562956929207,0.010619275271892548
0.014208292588591576,0.003271183930337429,0.012900562956929207,0.010619275271892548
0.014208292588591576,0.003271183930337429,0.012900562956929207,0.010619275271892548
0.014208292588591576,0.003271183930337429,0.012900562956929207,0.010619275271892548
0.014208292588591576,0.003271183930337429,0.012900562956929207,0.010619275271892548
0.014208292588591576,0.003271183930337429,0.012900562956929207,0.010619275271892548
0.014208292588591576,0.003271183930337429,0.012900562956929207,0.010619275271892548
0.014208292588591576,0.003271183930337429,0.012900562956929207,0.010619275271892548
0.014208292588591576,0.003271183930337429,0.012900562956929207,0.010619275271892548
0.014208292588591576,0.003271183930337429,0.012900562956929207,0.010619275271892548
0.014208292588591576,0.003271183930337429,0.012900562956929207,0.010619275271892548
0.014208292588591576,0.003271183930337429,0.012900562956929207,0.010619275271892548
0.014208292588591576,0.003271183930337429,0.012900562956929207,0.010619275271892548
0.014208292588591576,0.003271183930337429,0.012900562956929207,0.010619275271892548
0.014208292588591576,0.003271183930337429,0.012900562956929207,0.010619275271892548
0.014208292588591576,0.003271183930337429,0.012900562956929207,0.010619275271892548
0.014208292588591576,0.003271183930337429,0.012900562956929207,0.010619275271892548
0.014208292588591576,0.003271183930337429,0.012900562956929207,0.010619275271892548
0.014208292588591576,0.003271183930337429,0.012900562956929207,0.010619275271892548
0.014208292588591576,0.003271183930337429,0.012900562956929207,0.010619275271892548
0.014208292588591576,0.003271183930337429,0.012900562956929207,0.010619275271892548
0.014208292588591576,0.003271183930337429,0.012900562956929207,0.010619275271892548
0.014208292588591576,0.003271183930337429,0.012900562956929207,0.010619275271892548
0.014208292588591576,0.003271183930337429,0.012900562956929207,0.010619275271892548
0.014208292588591576,0.003271183930337429,0.012900562956929207,0.010619275271892548
0.014208292588591576,0.003271183930337429,0.012900562956929207,0.010619275271892548
0.014208292588591576,0.003271183930337429,0.012900562956929207,0.010619275271892548
0.014208292588591576,0.003271183930337429,0.012900562956929207,0.010619275271892548
0.014208292588591576,0.003271183930337429,0.012900562956929207,0.010619275271892548
0.014208292588591576,0.003271183930337429,0.012900562956929207,0.010619275271892548
0.014208292588591576,0.003271183930337429,0.012900562956929207,0.010619275271892548
0.014208292588591576,0.003271183930337429,0.012900562956929207,0.010619275271892548
0.014208292588591576,0.003271183930337429,0.012900562956929207,0.010619275271892548
0.014208292588591576,0.003271183930337429,0.012900562956929207,0.010619275271892548
0.014208292588591576,0.003271183930337429,0.012900562956929207,0.010619275271892548
0.014208292588591576,0.003271183930337429,0.012900562956929207,0.010619275271892548
0.014208292588591576,0.003271183930337429,0.012900562956929207,0.010619275271892548
0.014208292588591576,0.003271183930337429,0.012900562956929207,0.010619275271892548
0.014208292588591576,0.003271183930337429,0.012900562956929207,0.010619275271892548
0.014208292588591576,0.003271183930337429,0.012900562956929207,0.010619275271892548
0.014208292588591576,0.003271183930337429,0.012900562956929207,0.010619275271892548
0.014208292588591576,0.003271183930337429,0.012900562956929207,0.010619275271892548
0.014208292588591576,0.003271183930337429,0.012900562956929207,0.010619275271892548
0.014208292588591576,0.003271183930337429,0.012900562956929207,0.010619275271892548
0.014208292588591576,0.003271183930337429,0.012900562956929207,0.010619275271892548
0.014208292588591576,0.003271183930337429,0.012900562956929207,0.010619275271892548
0.014208292588591576,0.003271183930337429,0.012900562956929207,0.010619275271892548
0.014208292588591576,0.003271183930337429,0.012900562956929207,0.010619275271892548
0.014208292588591576,0.003271183930337429,0.012900562956929207,0.010619275271892548
0.014208292588591576,0.003271183930337429,0.012900562956929207,0.010619275271892548
0.014208292588591576,0.003271183930337429,0.012900562956929207,0.010619275271892548
0.014208292588591576,0.003271183930337429,0.012900562956929207,0.010619275271892548
0.014208292588591576,0.003271183930337429,0.012900562956929207,0.010619275271892548
0.014208292588591576,0.003271183930337429,0.012900562956929207,0.010619275271892548
0.014208292588591576,0.003271183930337429,0.012900562956929207,0.010619275271892548
0.014208292588591576,0.003271183930337429,0.012900562956929207,0.010619275271892548
0.014208292588591576,0.003271183930337429,0.012900562956929207,0.010619275271892548
0.014208292588591576,0.003271183930337429,0.012900562956929207,0.010619275271892548
0.014208292588591576,0.003271183930337429,0.012900562956929207,0.010619275271892548
0.014208292588591576,0.003271183930337429,0.012900562956929207,0.010619275271892548
0.014208292588591576,0.003271183930337429,0.012900562956929207,0.010619275271892548
0.014208292588591576,0.003271183930337429,0.012900562956929207,0.010619275271892548
0.014204736799001694,0.0032682716846466064,0.012899639084935188,0.010626673698425293
0.014202004298567772,0.003263982944190502,0.012895988300442696,0.010639600455760956
0.014201272279024124,0.0032611293718218803,0.012893622741103172,0.010646265000104904
0.014201173558831215,0.00325961597263813,0.012892438098788261,0.010648872703313828
0.0142012108117342,0.0032589472830295563,0.012891856953501701,0.010649748146533966
0.014201248064637184,0.003258739598095417,0.012891536578536034,0.01065003126859665
0.014201279729604721,0.003258736804127693,0.012891361489892006,0.010650120675563812
0.014201298356056213,0.003258824348449707,0.012891246005892754,0.0106501504778862
0.014201294630765915,0.003258928656578064,0.012891175225377083,0.0106501504778862
0.014201298356056213,0.00325903482735157,0.012891126796603203,0.0106501504778862
0.014201298356056213,0.0032591335475444794,0.012891096994280815,0.0106501504778862
0.014201298356056213,0.0032591940835118294,0.012891089543700218,0.0106501504778862
0.014201298356056213,0.00325922854244709,0.012891089543700218,0.0106501504778862
0.014201298356056213,0.0032592490315437317,0.012891089543700218,0.0106501504778862
0.014201298356056213,0.0032592611387372017,0.012891089543700218,0.0106501504778862
0.014201298356056213,0.0032592695206403732,0.012891089543700218,0.0106501504778862
0.014201298356056213,0.0032592741772532463,0.012891089543700218,0.0106501504778862
0.014201298356056213,0.0032592779025435448,0.012891089543700218,0.0106501504778862
0.014201298356056213,0.003259279765188694,0.012891089543700218,0.0106501504778862
0.014201298356056213,0.003259279765188694,0.012891089543700218,0.0106501504778862
0.01419752649962902,0.003253897652029991,0.012890128418803215,0.010660286992788315
0.014194361865520477,0.003245387226343155,0.012886377051472664,0.010677114129066467
0.014193356037139893,0.003239056095480919,0.012884082272648811,0.010685686022043228
0.014193151146173477,0.0032350821420550346,0.012883065268397331,0.010689020156860352
0.014193158596754074,0.0032327622175216675,0.012882592156529427,0.010690174996852875
0.014193186536431313,0.0032314304262399673,0.012882376089692116,0.01069055125117302
0.014193205162882805,0.003230692818760872,0.012882253155112267,0.01069067046046257
0.014193220064043999,0.0032303156331181526,0.012882178649306297,0.01069069653749466
0.014193220064043999,0.0032301079481840134,0.012882141396403313,0.01069069653749466
0.014193220064043999,0.0032300110906362534,0.01288212276995182,0.01069069653749466
0.014193220064043999,0.0032299673184752464,0.012882104143500328,0.01069069653749466
0.014193220064043999,0.003229942172765732,0.012882104143500328,0.01069069653749466
0.014193220064043999,0.0032299254089593887,0.012882104143500328,0.01069069653749466
0.014193220064043999,0.003229917027056217,0.012882104143500328,0.01069069653749466
0.014193220064043999,0.0032299114391207695,0.012882104143500328,0.01069069653749466
0.014193220064043999,0.0032299067825078964,0.012882104143500328,0.01069069653749466
0.014193220064043999,0.003229905851185322,0.012882104143500328,0.01069069653749466
0.014193220064043999,0.0032299039885401726,0.012882104143500328,0.01069069653749466
0.014193220064043999,0.0032299039885401726,0.012882104143500328,0.01069069653749466
0.014193220064043999,0.0032299039885401726,0.012882104143500328,0.01069069653749466
0.014193220064043999,0.0032299039885401726,0.012882104143500328,0.01069069653749466
0.014193220064043999,0.0032299039885401726,0.012882104143500328,0.01069069653749466
0.014193220064043999,0.0032299039885401726,0.012882104143500328,0.01069069653749466
0.014193220064043999,0.0032299039885401726,0.012882104143500328,0.01069069653749466
0.014182979241013527,0.0032250843942165375,0.012885859236121178,0.010712593793869019
0.01417459174990654,0.003217369318008423,0.01288473792374134,0.010745007544755936
0.014171862974762917,0.003211505711078644,0.012883191928267479,0.010761082172393799
0.014171099290251732,0.0032076863572001457,0.012882476672530174,0.010767225176095963
0.014170913025736809,0.003205345943570137,0.012882178649306297,0.010769341140985489
0.014170857146382332,0.00320394616574049,0.012882055714726448,0.010769996792078018
0.014170853421092033,0.003203105181455612,0.012882037088274956,0.010770201683044434
0.014170849695801735,0.0032026059925556183,0.012882007285952568,0.010770250111818314
0.014170857146382332,0.003202310763299465,0.012882007285952568,0.010770272463560104
0.014170857146382332,0.0032021375373005867,0.012882007285952568,0.010770272463560104
0.014170857146382332,0.0032020332291722298,0.012882007285952568,0.010770272463560104
0.014170857146382332,0.003201971761882305,0.012882007285952568,0.010770272463560104
0.014170857146382332,0.0032019345089793205,0.012882007285952568,0.010770272463560104
0.014170857146382332,0.0032019121572375298,0.012882007285952568,0.010770272463560104
0.014170857146382332,0.0032018981873989105,0.012882007285952568,0.010770272463560104
0.014170857146382332,0.0032018907368183136,0.012882007285952568,0.010770272463560104
0.014170857146382332,0.003201887011528015,0.012882007285952568,0.010770272463560104
0.014170857146382332,0.003201885148882866,0.012882007285952568,0.010770272463560104
0.014170857146382332,0.003201885148882866,0.012882007285952568,0.010770272463560104
0.014170857146382332,0.003201885148882866,0.012882007285952568,0.010770272463560104
0.014170857146382332,0.003201885148882866,0.012882007285952568,0.010770272463560104
0.014170857146382332,0.003201885148882866,0.012882007285952568,0.010770272463560104
0.014170857146382332,0.003201885148882866,0.012882007285952568,0.010770272463560104
0.014170857146382332,0.003201885148882866,0.012882007285952568,0.010770272463560104
0.014170857146382332,0.003201885148882866,0.012882007285952568,0.010770272463560104
0.014170857146382332,0.003201885148882866,0.012882007285952568,0.010770272463560104
0.014170857146382332,0.003201885148882866,0.012882007285952568,0.010770272463560104
0.014170857146382332,0.003201885148882866,0.012882007285952568,0.010770272463560104
0.014170857146382332,0.003201885148882866,0.012882007285952568,0.010770272463560104
0.014170857146382332,0.003201885148882866,0.012882007285952568,0.010770272463560104
0.014153646305203438,0.0031952932476997375,0.012889081612229347,0.010800138115882874
0.014141494408249855,0.0031843986362218857,0.012889744713902473,0.010844040662050247
0.014138398692011833,0.00317566841840744,0.012889007106423378,0.01086585596203804
0.014137838035821915,0.0031696241348981857,0.012888876721262932,0.010874178260564804
0.014137793332338333,0.003165655769407749,0.012888969853520393,0.010877035558223724
0.014137821272015572,0.003163093701004982,0.012889066711068153,0.010877937078475952
0.014137839898467064,0.0031614573672413826,0.012889152392745018,0.010878227651119232
0.014137854799628258,0.0031604086980223656,0.012889223173260689,0.010878290981054306
0.014137862250208855,0.003159736283123493,0.012889275327324867,0.010878309607505798
0.014137865975499153,0.0031592948362231255,0.012889320030808449,0.010878309607505798
0.014137865975499153,0.0031590107828378677,0.012889338657259941,0.010878309607505798
0.014137865975499153,0.0031588422134518623,0.01288934238255024,0.010878309607505798
0.014137865975499153,0.003158741630613804,0.012889346107840538,0.010878309607505798
0.014137865975499153,0.003158681094646454,0.012889346107840538,0.010878309607505798
0.014137865975499153,0.003158644773066044,0.012889346107840538,0.010878309607505798
0.014137865975499153,0.003158625215291977,0.012889346107840538,0.010878309607505798
0.014137865975499153,0.003158613108098507,0.012889346107840538,0.010878309607505798
0.014137865975499153,0.0031586047261953354,0.012889346107840538,0.010878309607505798
0.014137865975499153,0.0031586000695824623,0.012889346107840538,0.010878309607505798
0.014137865975499153,0.0031585972756147385,0.012889346107840538,0.010878309607505798
0.014137865975499153,0.0031585944816470146,0.012889346107840538,0.010878309607505798
0.014137865975499153,0.0031585944816470146,0.012889346107840538,0.010878309607505798
0.014137865975499153,0.0031585944816470146,0.012889346107840538,0.010878309607505798
0.014137865975499153,0.0031585944816470146,0.012889346107840538,0.010878309607505798
0.014137865975499153,0.0031585944816470146,0.012889346107840538,0.010878309607505798
0.014137865975499153,0.0031585944816470146,0.012889346107840538,0.010878309607505798
0.014137865975499153,0.0031585944816470146,0.012889346107840538,0.010878309607505798
0.014137865975499153,0.0031585944816470146,0.012889346107840538,0.010878309607505798
0.014137865975499153,0.0031585944816470146,0.012889346107840538,0.010878309607505798
0.014137865975499153,0.0031585944816470146,0.012889346107840538,0.010878309607505798
0.014137865975499153,0.0031585944816470146,0.012889346107840538,0.010878309607505798
0.014137865975499153,0.0031585944816470146,0.012889346107840538,0.010878309607505798
0.014137865975499153,0.0031585944816470146,0.012889346107840538,0.010878309607505798
0.014137865975499153,0.0031585944816470146,0.012889346107840538,0.010878309607505798
0.014137865975499153,0.0031585944816470146,0.012889346107840538,0.010878309607505798
0.014137865975499153,0.0031585944816470146,0.012889346107840538,0.010878309607505798
0.014137865975499153,0.0031585944816470146,0.012889346107840538,0.010878309607505798
0.014137865975499153,0.0031585944816470146,0.012889346107840538,0.010878309607505798
0.014157980680465698,0.00316467322409153,0.012879772111773491,0.010847970843315125
0.014171767979860306,0.0031750518828630447,0.012877004221081734,0.010803714394569397
0.014175141230225563,0.003183666616678238,0.012876668944954872,0.010781660676002502
0.014175709336996078,0.0031898794695734978,0.01287623681128025,0.010773245245218277
0.014175741001963615,0.0031941253691911697,0.012875834479928017,0.010770387947559357
0.014175709336996078,0.0031969882547855377,0.012875543907284737,0.010769497603178024
0.014175694435834885,0.003198898397386074,0.012875320389866829,0.010769210755825043
0.014175686985254288,0.0032001668587327003,0.012875190004706383,0.010769110172986984
0.01417567953467369,0.003201010636985302,0.01287510059773922,0.010769087821245193
0.014175673946738243,0.003201553598046303,0.01287505216896534,0.010769072920084
0.014175673946738243,0.0032019242644309998,0.01287500374019146,0.010769072920084
0.014175673946738243,0.003202156163752079,0.012874988839030266,0.010769072920084
0.014175673946738243,0.0032023126259446144,0.012874962761998177,0.010769072920084
0.014175673946738243,0.0032024113461375237,0.01287495531141758,0.010769072920084
0.014175673946738243,0.003202470950782299,0.01287495531141758,0.010769072920084
0.014175673946738243,0.003202504478394985,0.01287495531141758,0.010769072920084
0.014175673946738243,0.0032025258988142014,0.01287495531141758,0.010769072920084
0.014175673946738243,0.003202538937330246,0.01287495531141758,0.010769072920084
0.014175673946738243,0.0032025473192334175,0.01287495531141758,0.010769072920084
0.014175673946738243,0.003202551044523716,0.01287495531141758,0.010769072920084
0.014175673946738243,0.00320255383849144,0.01287495531141758,0.010769072920084
0.014175673946738243,0.00320255383849144,0.01287495531141758,0.010769072920084
0.014175673946738243,0.00320255383849144,0.01287495531141758,0.010769072920084
0.014175673946738243,0.00320255383849144,0.01287495531141758,0.010769072920084
0.014175673946738243,0.00320255383849144,0.01287495531141758,0.010769072920084
0.014175673946738243,0.00320255383849144,0.01287495531141758,0.010769072920084
0.014175673946738243,0.00320255383849144,0.01287495531141758,0.010769072920084
0.014175673946738243,0.00320255383849144,0.01287495531141758,0.010769072920084
0.014175673946738243,0.00320255383849144,0.01287495531141758,0.010769072920084
0.014175673946738243,0.00320255383849144,0.01287495531141758,0.010769072920084
0.014175673946738243,0.00320255383849144,0.01287495531141758,0.010769072920084
0.014175673946738243,0.00320255383849144,0.01287495531141758,0.010769072920084
0.014175673946738243,0.00320255383849144,0.01287495531141758,0.010769072920084
0.014175673946738243,0.00320255383849144,0.01287495531141758,0.010769072920084
0.014175673946738243,0.00320255383849144,0.01287495531141758,0.010769072920084
0.014175673946738243,0.00320255383849144,0.01287495531141758,0.010769072920084
0.014175673946738243,0.00320255383849144,0.01287495531141758,0.010769072920084
0.014175673946738243,0.00320255383849144,0.01287495531141758,0.010769072920084
0.014175673946738243,0.00320255383849144,0.01287495531141758,0.010769072920084
0.014175673946738243,0.00320255383849144,0.01287495531141758,0.010769072920084
0.014175673946738243,0.00320255383849144,0.01287495531141758,0.010769072920084
0.014175673946738243,0.00320255383849144,0.01287495531141758,0.010769072920084
0.014175673946738243,0.00320255383849144,0.01287495531141758,0.010769072920084
0.014175673946738243,0.00320255383849144,0.01287495531141758,0.010769072920084
0.014175673946738243,0.00320255383849144,0.01287495531141758,0.010769072920084
0.014175673946738243,0.00320255383849144,0.01287495531141758,0.010769072920084
0.014175673946738243,0.00320255383849144,0.01287495531141758,0.010769072920084
0.014175673946738243,0.00320255383849144,0.01287495531141758,0.010769072920084
0.014175673946738243,0.00320255383849144,0.01287495531141758,0.010769072920084
0.014175673946738243,0.00320255383849144,0.01287495531141758,0.010769072920084
0.014190277084708214,0.0032077189534902573,0.012866972014307976,0.010753698647022247
0.014200594276189804,0.0032168803736567497,0.01286398060619831,0.010730434209108353
0.01418876089155674,0.0032196398824453354,0.012871095910668373,0.010733868926763535
0.014179060235619545,0.003216399811208248,0.012873375788331032,0.010752562433481216
0.014191020280122757,0.0032178377732634544,0.012865697965025902,0.01074754074215889
0.014200743287801743,0.0032239872962236404,0.012863019481301308,0.010728348046541214
0.014203403145074844,0.003229692578315735,0.012862438336014748,0.010717824101448059
0.01420399360358715,0.0032340381294488907,0.012861942872405052,0.010713670402765274
0.014204123988747597,0.0032371487468481064,0.012861533090472221,0.010712236166000366
0.014204153791069984,0.0032393131405115128,0.012861235067248344,0.010711770504713058
0.014204155653715134,0.00324079766869545,0.012861030176281929,0.010711636394262314
0.014204159379005432,0.003241819329559803,0.012860892340540886,0.010711584240198135
0.014204159379005432,0.0032425038516521454,0.012860799208283424,0.010711576789617538
0.014204159379005432,0.0032429685816168785,0.01286073587834835,0.010711576789617538
0.014204159379005432,0.0032432768493890762,0.012860709801316261,0.010711576789617538
0.014204159379005432,0.0032434621825814247,0.012860706076025963,0.010711576789617538
0.014204159379005432,0.0032435739412903786,0.012860706076025963,0.010711576789617538
0.014204159379005432,0.0032436400651931763,0.012860706076025963,0.010711576789617538
0.014204159379005432,0.00324367918074131,0.012860706076025963,0.010711576789617538
0.014204159379005432,0.0032437024638056755,0.012860706076025963,0.010711576789617538
0.014189550653100014,0.003238596022129059,0.012868678197264671,0.010726943612098694
0.014179229736328125,0.003229491412639618,0.01287166215479374,0.010750245302915573
0.014176446944475174,0.0032216114923357964,0.012872515246272087,0.010762181133031845
0.014175834134221077,0.003215729258954525,0.012873223051428795,0.010766778141260147
0.014175701886415482,0.0032115625217556953,0.012873789295554161,0.010768357664346695
0.014155551791191101,0.003202613443136215,0.01288376934826374,0.010799195617437363
0.014141751453280449,0.003190253861248493,0.012886812910437584,0.01084362342953682
0.014138394966721535,0.0031802933663129807,0.012887286022305489,0.010865725576877594
0.01413782313466072,0.0031731734052300453,0.012887848541140556,0.010874152183532715
0.014137789607048035,0.00316829327493906,0.012888321653008461,0.010877028107643127
0.014137808233499527,0.0031650029122829437,0.01288868673145771,0.010877937078475952
0.014137836173176765,0.0031627947464585304,0.012888940051198006,0.010878227651119232
0.01413784734904766,0.0031613484025001526,0.012889066711068153,0.010878290981054306
0.014137858524918556,0.003160383552312851,0.012889178469777107,0.010878309607505798
0.014137865975499153,0.003159734420478344,0.012889260426163673,0.010878309607505798
0.014137865975499153,0.003159318119287491,0.012889297679066658,0.010878309607505798
0.014137865975499153,0.003159046173095703,0.012889327481389046,0.010878309607505798
0.014137865975499153,0.0031588654965162277,0.01288934238255024,0.010878309607505798
0.014137865975499153,0.0031587546691298485,0.012889346107840538,0.010878309607505798
0.014137865975499153,0.0031586885452270508,0.012889346107840538,0.010878309607505798
0.014137865975499153,0.0031586503610014915,0.012889346107840538,0.010878309607505798
0.014137865975499153,0.0031586280092597008,0.012889346107840538,0.010878309607505798
0.014137865975499153,0.0031586140394210815,0.012889346107840538,0.010878309607505798
0.014137865975499153,0.00315860565751791,0.012889346107840538,0.010878309607505798
0.014137865975499153,0.003158601000905037,0.012889346107840538,0.010878309607505798
0.014137865975499153,0.0031585972756147385,0.012889346107840538,0.010878309607505798
0.014137865975499153,0.0031585944816470146,0.012889346107840538,0.010878309607505798
0.014137865975499153,0.0031585944816470146,0.012889346107840538,0.010878309607505798
0.014137865975499153,0.0031585944816470146,0.012889346107840538,0.010878309607505798
0.014137865975499153,0.0031585944816470146,0.012889346107840538,0.010878309607505798
0.014137865975499153,0.0031585944816470146,0.012889346107840538,0.010878309607505798
0.014137865975499153,0.0031585944816470146,0.012889346107840538,0.010878309607505798
0.014137865975499153,0.0031585944816470146,0.012889346107840538,0.010878309607505798
0.014137865975499153,0.0031585944816470146,0.012889346107840538,0.010878309607505798
0.014137865975499153,0.0031585944816470146,0.012889346107840538,0.010878309607505798
0.014137865975499153,0.0031585944816470146,0.012889346107840538,0.010878309607505798
0.014137865975499153,0.0031585944816470146,0.012889346107840538,0.010878309607505798
0.014137865975499153,0.0031585944816470146,0.012889346107840538,0.010878309607505798
0.014137865975499153,0.0031585944816470146,0.012889346107840538,0.010878309607505798
0.014137865975499153,0.0031585944816470146,0.012889346107840538,0.010878309607505798
0.014137865975499153,0.0031585944816470146,0.012889346107840538,0.010878309607505798
0.014137865975499153,0.0031585944816470146,0.012889346107840538,0.010878309607505798
0.014137865975499153,0.0031585944816470146,0.012889346107840538,0.010878309607505798
0.014137865975499153,0.0031585944816470146,0.012889346107840538,0.010878309607505798
0.014137865975499153,0.0031585944816470146,0.012889346107840538,0.010878309607505798
0.014137865975499153,0.0031585944816470146,0.012889346107840538,0.010878309607505798
0.014137865975499153,0.0031585944816470146,0.012889346107840538,0.010878309607505798
0.014137865975499153,0.0031585944816470146,0.012889346107840538,0.010878309607505798
0.014137865975499153,0.0031585944816470146,0.012889346107840538,0.010878309607505798
0.014137865975499153,0.0031585944816470146,0.012889346107840538,0.010878309607505798
0.014137865975499153,0.0031585944816470146,0.012889346107840538,0.010878309607505798
0.014137865975499153,0.0031585944816470146,0.012889346107840538,0.010878309607505798
0.014137865975499153,0.0031585944816470146,0.012889346107840538,0.010878309607505798
0.014137865975499153,0.0031585944816470146,0.012889346107840538,0.010878309607505798
0.014137865975499153,0.0031585944816470146,0.012889346107840538,0.010878309607505798
0.014137865975499153,0.0031585944816470146,0.012889346107840538,0.010878309607505798
0.014137865975499153,0.0031585944816470146,0.012889346107840538,0.010878309607505798
0.014137865975499153,0.0031585944816470146,0.012889346107840538,0.010878309607505798
0.014137865975499153,0.0031585944816470146,0.012889346107840538,0.010878309607505798
0.014137865975499153,0.0031585944816470146,0.012889346107840538,0.010878309607505798
0.014137865975499153,0.0031585944816470146,0.012889346107840538,0.010878309607505798
0.014137865975499153,0.0031585944816470146,0.012889346107840538,0.010878309607505798
0.014137865975499153,0.0031585944816470146,0.012889346107840538,0.010878309607505798
0.014137865975499153,0.0031585944816470146,0.012889346107840538,0.010878309607505798
0.014137865975499153,0.0031585944816470146,0.012889346107840538,0.010878309607505798
0.014137865975499153,0.0031585944816470146,0.012889346107840538,0.010878309607505798
0.014137865975499153,0.0031585944816470146,0.012889346107840538,0.010878309607505798
0.014137865975499153,0.0031585944816470146,0.012889346107840538,0.010878309607505798
0.014137865975499153,0.0031585944816470146,0.012889346107840538,0.010878309607505798
0.014137865975499153,0.0031585944816470146,0.012889346107840538,0.010878309607505798
0.014137865975499153,0.0031585944816470146,0.012889346107840538,0.010878309607505798
0.014137865975499153,0.0031585944816470146,0.012889346107840538,0.010878309607505798
0.014137865975499153,0.0031585944816470146,0.012889346107840538,0.010878309607505798
0.014137865975499153,0.0031585944816470146,0.012889346107840538,0.010878309607505798
0.014137865975499153,0.0031585944816470146,0.012889346107840538,0.010878309607505798
0.014137865975499153,0.0031585944816470146,0.012889346107840538,0.010878309607505798
0.014137865975499153,0.0031585944816470146,0.012889346107840538,0.010878309607505798
0.014137865975499153,0.0031585944816470146,0.012889346107840538,0.010878309607505798
0.014137865975499153,0.0031585944816470146,0.012889346107840538,0.010878309607505798
0.014137865975499153,0.0031585944816470146,0.012889346107840538,0.010878309607505798
0.014137865975499153,0.0031585944816470146,0.012889346107840538,0.010878309607505798
0.014137865975499153,0.0031585944816470146,0.012889346107840538,0.010878309607505798
0.014137865975499153,0.0031585944816470146,0.012889346107840538,0.010878309607505798
0.014137865975499153,0.0031585944816470146,0.012889346107840538,0.010878309607505798
0.014137865975499153,0.0031585944816470146,0.012889346107840538,0.010878309607505798
0.014137865975499153,0.0031585944816470146,0.012889346107840538,0.010878309607505798
0.014137865975499153,0.0031585944816470146,0.012889346107840538,0.010878309607505798
0.014137865975499153,0.0031585944816470146,0.012889346107840538,0.010878309607505798
0.014137865975499153,0.0031585944816470146,0.012889346107840538,0.010878309607505798
0.014137865975499153,0.0031585944816470146,0.012889346107840538,0.010878309607505798
0.014137865975499153,0.0031585944816470146,0.012889346107840538,0.010878309607505798
0.014137865975499153,0.0031585944816470146,0.012889346107840538,0.010878309607505798
0.014137865975499153,0.0031585944816470146,0.012889346107840538,0.010878309607505798
0.014137865975499153,0.0031585944816470146,0.012889346107840538,0.010878309607505798
0.014137865975499153,0.0031585944816470146,0.012889346107840538,0.010878309607505798
0.014137865975499153,0.0031585944816470146,0.012889346107840538,0.010878309607505798
0.014137865975499153,0.0031585944816470146,0.012889346107840538,0.010878309607505798
0.014137865975499153,0.0031585944816470146,0.012889346107840538,0.010878309607505798
0.014137865975499153,0.0031585944816470146,0.012889346107840538,0.010878309607505798
0.014137865975499153,0.0031585944816470146,0.012889346107840538,0.010878309607505798
0.014137865975499153,0.0031585944816470146,0.012889346107840538,0.010878309607505798
0.014137865975499153,0.0031585944816470146,0.012889346107840538,0.010878309607505798
0.014137865975499153,0.0031585944816470146,0.012889346107840538,0.010878309607505798
0.014137865975499153,0.0031585944816470146,0.012889346107840538,0.010878309607505798
0.014137865975499153,0.0031585944816470146,0.012889346107840538,0.010878309607505798
0.014137865975499153,0.0031585944816470146,0.012889346107840538,0.010878309607505798
0.014137865975499153,0.0031585944816470146,0.012889346107840538,0.010878309607505798
0.014137865975499153,0.0031585944816470146,0.012889346107840538,0.010878309607505798
0.014137865975499153,0.0031585944816470146,0.012889346107840538,0.010878309607505798
0.014137865975499153,0.0031585944816470146,0.012889346107840538,0.010878309607505798
0.014137865975499153,0.0031585944816470146,0.012889346107840538,0.010878309607505798
0.014137865975499153,0.0031585944816470146,0.012889346107840538,0.010878309607505798
0.014137865975499153,0.0031585944816470146,0.012889346107840538,0.010878309607505798
0.014137865975499153,0.0031585944816470146,0.012889346107840538,0.010878309607505798
0.014137865975499153,0.0031585944816470146,0.012889346107840538,0.010878309607505798
0.014137865975499153,0.0031585944816470146,0.012889346107840538,0.010878309607505798
0.014137865975499153,0.0031585944816470146,0.012889346107840538,0.010878309607505798
0.014137865975499153,0.0031585944816470146,0.012889346107840538,0.010878309607505798
0.014137865975499153,0.0031585944816470146,0.012889346107840538,0.010878309607505798
0.014137865975499153,0.0031585944816470146,0.012889346107840538,0.010878309607505798
0.014137865975499153,0.0031585944816470146,0.012889346107840538,0.010878309607505798
0.014137865975499153,0.0031585944816470146,0.012889346107840538,0.010878309607505798
0.014137865975499153,0.0031585944816470146,0.012889346107840538,0.010878309607505798
0.014137865975499153,0.0031585944816470146,0.012889346107840538,0.010878309607505798
0.014137865975499153,0.0031585944816470146,0.012889346107840538,0.010878309607505798
0.014137865975499153,0.0031585944816470146,0.012889346107840538,0.010878309607505798
0.014137865975499153,0.0031585944816470146,0.012889346107840538,0.010878309607505798
0.014137865975499153,0.0031585944816470146,0.012889346107840538,0.010878309607505798
0.014137865975499153,0.0031585944816470146,0.012889346107840538,0.010878309607505798
0.014137865975499153,0.0031585944816470146,0.012889346107840538,0.010878309607505798
0.014137865975499153,0.0031585944816470146,0.012889346107840538,0.010878309607505798
0.014137865975499153,0.0031585944816470146,0.012889346107840538,0.010878309607505798
0.014137865975499153,0.0031585944816470146,0.012889346107840538,0.010878309607505798
0.014137865975499153,0.0031585944816470146,0.012889346107840538,0.010878309607505798
0.014137865975499153,0.0031585944816470146,0.012889346107840538,0.010878309607505798
0.014137865975499153,0.0031585944816470146,0.012889346107840538,0.010878309607505798
0.014137865975499153,0.0031585944816470146,0.012889346107840538,0.010878309607505798
0.014137865975499153,0.0031585944816470146,0.012889346107840538,0.010878309607505798
0.014137865975499153,0.0031585944816470146,0.012889346107840538,0.010878309607505798
0.014137865975499153,0.0031585944816470146,0.012889346107840538,0.010878309607505798
0.014137865975499153,0.0031585944816470146,0.012889346107840538,0.010878309607505798
0.014137865975499153,0.0031585944816470146,0.012889346107840538,0.010878309607505798
0.014137865975499153,0.0031585944816470146,0.012889346107840538,0.010878309607505798
0.014137865975499153,0.0031585944816470146,0.012889346107840538,0.010878309607505798
0.014137865975499153,0.0031585944816470146,0.012889346107840538,0.010878309607505798
0.014137865975499153,0.0031585944816470146,0.012889346107840538,0.010878309607505798
0.014137865975499153,0.0031585944816470146,0.012889346107840538,0.010878309607505798
0.014137865975499153,0.0031585944816470146,0.012889346107840538,0.010878309607505798
0.014137865975499153,0.0031585944816470146,0.012889346107840538,0.010878309607505798
0.014137865975499153,0.0031585944816470146,0.012889346107840538,0.010878309607505798
0.014137865975499153,0.0031585944816470146,0.012889346107840538,0.010878309607505798
0.014137865975499153,0.0031585944816470146,0.012889346107840538,0.010878309607505798
0.014137865975499153,0.0031585944816470146,0.012889346107840538,0.010878309607505798
0.014137865975499153,0.0031585944816470146,0.012889346107840538,0.010878309607505798
0.014137865975499153,0.0031585944816470146,0.012889346107840538,0.010878309607505798
0.014137865975499153,0.0031585944816470146,0.012889346107840538,0.010878309607505798
0.014137865975499153,0.0031585944816470146,0.012889346107840538,0.010878309607505798
0.014137865975499153,0.0031585944816470146,0.012889346107840538,0.010878309607505798
0.014137865975499153,0.0031585944816470146,0.012889346107840538,0.010878309607505798
0.014137865975499153,0.0031585944816470146,0.012889346107840538,0.010878309607505798
0.014137865975499153,0.0031585944816470146,0.012889346107840538,0.010878309607505798
0.014137865975499153,0.0031585944816470146,0.012889346107840538,0.010878309607505798
0.014137865975499153,0.0031585944816470146,0.012889346107840538,0.010878309607505798
0.014137865975499153,0.0031585944816470146,0.012889346107840538,0.010878309607505798
0.014137865975499153,0.0031585944816470146,0.012889346107840538,0.010878309607505798
0.014137865975499153,0.0031585944816470146,0.012889346107840538,0.010878309607505798
0.014137865975499153,0.0031585944816470146,0.012889346107840538,0.010878309607505798
0.014137865975499153,0.0031585944816470146,0.012889346107840538,0.010878309607505798
0.014137865975499153,0.0031585944816470146,0.012889346107840538,0.010878309607505798
0.014137865975499153,0.0031585944816470146,0.012889346107840538,0.010878309607505798
0.014137865975499153,0.0031585944816470146,0.012889346107840538,0.010878309607505798
0.014137865975499153,0.0031585944816470146,0.012889346107840538,0.010878309607505798
0.014137865975499153,0.0031585944816470146,0.012889346107840538,0.010878309607505798
0.014137865975499153,0.0031585944816470146,0.012889346107840538,0.010878309607505798
0.014137865975499153,0.0031585944816470146,0.012889346107840538,0.010878309607505798
0.014137865975499153,0.0031585944816470146,0.012889346107840538,0.010878309607505798
0.014137865975499153,0.0031585944816470146,0.012889346107840538,0.010878309607505798
0.014137865975499153,0.0031585944816470146,0.012889346107840538,0.010878309607505798
0.014137865975499153,0.0031585944816470146,0.012889346107840538,0.010878309607505798
0.014137865975499153,0.0031585944816470146,0.012889346107840538,0.010878309607505798
0.014137865975499153,0.0031585944816470146,0.012889346107840538,0.010878309607505798
0.014137865975499153,0.0031585944816470146,0.012889346107840538,0.010878309607505798
0.014137865975499153,0.0031585944816470146,0.012889346107840538,0.010878309607505798
0.014137865975499153,0.0031585944816470146,0.012889346107840538,0.010878309607505798
0.014137865975499153,0.0031585944816470146,0.012889346107840538,0.010878309607505798
0.014137865975499153,0.0031585944816470146,0.012889346107840538,0.010878309607505798
0.014137865975499153,0.0031585944816470146,0.012889346107840538,0.010878309607505798
0.014137865975499153,0.0031585944816470146,0.012889346107840538,0.010878309607505798
0.014137865975499153,0.0031585944816470146,0.012889346107840538,0.010878309607505798
0.014137865975499153,0.0031585944816470146,0.012889346107840538,0.010878309607505798
0.014137865975499153,0.0031585944816470146,0.012889346107840538,0.010878309607505798
0.014137865975499153,0.0031585944816470146,0.012889346107840538,0.010878309607505798
0.014137865975499153,0.0031585944816470146,0.012889346107840538,0.010878309607505798
0.014137865975499153,0.0031585944816470146,0.012889346107840538,0.010878309607505798
0.014137865975499153,0.0031585944816470146,0.012889346107840538,0.010878309607505798
0.014137865975499153,0.0031585944816470146,0.012889346107840538,0.010878309607505798
0.014137865975499153,0.0031585944816470146,0.012889346107840538,0.010878309607505798
0.014137865975499153,0.0031585944816470146,0.012889346107840538,0.010878309607505798
0.014137865975499153,0.0031585944816470146,0.012889346107840538,0.010878309607505798
0.014137865975499153,0.0031585944816470146,0.012889346107840538,0.010878309607505798
0.014137865975499153,0.0031585944816470146,0.012889346107840538,0.010878309607505798
0.014137865975499153,0.0031585944816470146,0.012889346107840538,0.010878309607505798
0.014137865975499153,0.0031585944816470146,0.012889346107840538,0.010878309607505798
0.014137865975499153,0.0031585944816470146,0.012889346107840538,0.010878309607505798
0.014137865975499153,0.0031585944816470146,0.012889346107840538,0.010878309607505798
0.014137865975499153,0.0031585944816470146,0.012889346107840538,0.010878309607505798
0.014137865975499153,0.0031585944816470146,0.012889346107840538,0.010878309607505798
0.014137865975499153,0.0031585944816470146,0.012889346107840538,0.010878309607505798
0.014137865975499153,0.0031585944816470146,0.012889346107840538,0.010878309607505798
0.014137865975499153,0.0031585944816470146,0.012889346107840538,0.010878309607505798
0.014137865975499153,0.0031585944816470146,0.012889346107840538,0.010878309607505798
0.014137865975499153,0.0031585944816470146,0.012889346107840538,0.010878309607505798
0.014137865975499153,0.0031585944816470146,0.012889346107840538,0.010878309607505798
0.014137865975499153,0.0031585944816470146,0.012889346107840538,0.010878309607505798
0.014137865975499153,0.0031585944816470146,0.012889346107840538,0.010878309607505798
0.014137865975499153,0.0031585944816470146,0.012889346107840538,0.010878309607505798
0.014137865975499153,0.0031585944816470146,0.012889346107840538,0.010878309607505798
0.014137865975499153,0.0031585944816470146,0.012889346107840538,0.010878309607505798
0.014137865975499153,0.0031585944816470146,0.012889346107840538,0.010878309607505798
0.014137865975499153,0.0031585944816470146,0.012889346107840538,0.010878309607505798
0.014137865975499153,0.0031585944816470146,0.012889346107840538,0.010878309607505798
0.014137865975499153,0.0031585944816470146,0.012889346107840538,0.010878309607505798
0.014137865975499153,0.0031585944816470146,0.012889346107840538,0.010878309607505798
0.014137865975499153,0.0031585944816470146,0.012889346107840538,0.010878309607505798
0.014137865975499153,0.0031585944816470146,0.012889346107840538,0.010878309607505798
0.014137865975499153,0.0031585944816470146,0.012889346107840538,0.010878309607505798
0.014137865975499153,0.0031585944816470146,0.012889346107840538,0.010878309607505798
0.014137865975499153,0.0031585944816470146,0.012889346107840538,0.010878309607505798
0.014137865975499153,0.0031585944816470146,0.012889346107840538,0.010878309607505798
0.014137865975499153,0.0031585944816470146,0.012889346107840538,0.010878309607505798
0.014137865975499153,0.0031585944816470146,0.012889346107840538,0.010878309607505798
0.014137865975499153,0.0031585944816470146,0.012889346107840538,0.010878309607505798
0.014137865975499153,0.0031585944816470146,0.012889346107840538,0.010878309607505798
0.014137865975499153,0.0031585944816470146,0.012889346107840538,0.010878309607505798
0.014137865975499153,0.0031585944816470146,0.012889346107840538,0.010878309607505798
0.014137865975499153,0.0031585944816470146,0.012889346107840538,0.010878309607505798
0.014137865975499153,0.0031585944816470146,0.012889346107840538,0.010878309607505798
0.014137865975499153,0.0031585944816470146,0.012889346107840538,0.010878309607505798
0.014137865975499153,0.0031585944816470146,0.012889346107840538,0.010878309607505798
0.014137865975499153,0.0031585944816470146,0.012889346107840538,0.010878309607505798
0.014137865975499153,0.0031585944816470146,0.012889346107840538,0.010878309607505798
0.014137865975499153,0.0031585944816470146,0.012889346107840538,0.010878309607505798
0.014137865975499153,0.0031585944816470146,0.012889346107840538,0.010878309607505798
0.014137865975499153,0.0031585944816470146,0.012889346107840538,0.010878309607505798
0.014137865975499153,0.0031585944816470146,0.012889346107840538,0.010878309607505798
0.014137865975499153,0.0031585944816470146,0.012889346107840538,0.010878309607505798
0.014137865975499153,0.0031585944816470146,0.012889346107840538,0.010878309607505798
0.014137865975499153,0.0031585944816470146,0.012889346107840538,0.010878309607505798
0.014137865975499153,0.0031585944816470146,0.012889346107840538,0.010878309607505798
0.014137865975499153,0.0031585944816470146,0.012889346107840538,0.010878309607505798
0.014137865975499153,0.0031585944816470146,0.012889346107840538,0.010878309607505798
0.014137865975499153,0.0031585944816470146,0.012889346107840538,0.010878309607505798
0.014137865975499153,0.0031585944816470146,0.012889346107840538,0.010878309607505798
0.014137865975499153,0.0031585944816470146,0.012889346107840538,0.010878309607505798
0.014137865975499153,0.0031585944816470146,0.012889346107840538,0.010878309607505798
0.014137865975499153,0.0031585944816470146,0.012889346107840538,0.010878309607505798
0.014137865975499153,0.0031585944816470146,0.012889346107840538,0.010878309607505798
0.014137865975499153,0.0031585944816470146,0.012889346107840538,0.010878309607505798
0.014137865975499153,0.0031585944816470146,0.012889346107840538,0.010878309607505798
0.014137865975499153,0.0031585944816470146,0.012889346107840538,0.010878309607505798
0.014137865975499153,0.0031585944816470146,0.012889346107840538,0.010878309607505798
0.014137865975499153,0.0031585944816470146,0.012889346107840538,0.010878309607505798
0.014137865975499153,0.0031585944816470146,0.012889346107840538,0.010878309607505798
0.014137865975499153,0.0031585944816470146,0.012889346107840538,0.010878309607505798
0.014137865975499153,0.0031585944816470146,0.012889346107840538,0.010878309607505798
0.014137865975499153,0.0031585944816470146,0.012889346107840538,0.010878309607505798
0.014137865975499153,0.0031585944816470146,0.012889346107840538,0.010878309607505798
0.014137865975499153,0.0031585944816470146,0.012889346107840538,0.010878309607505798
0.014137865975499153,0.0031585944816470146,0.012889346107840538,0.010878309607505798
0.014137865975499153,0.0031585944816470146,0.012889346107840538,0.010878309607505798
0.014137865975499153,0.0031585944816470146,0.012889346107840538,0.010878309607505798
0.014137865975499153,0.0031585944816470146,0.012889346107840538,0.010878309607505798
0.014137865975499153,0.0031585944816470146,0.012889346107840538,0.010878309607505798
0.014137865975499153,0.0031585944816470146,0.012889346107840538,0.010878309607505798
0.014137865975499153,0.0031585944816470146,0.012889346107840538,0.010878309607505798
0.014137865975499153,0.0031585944816470146,0.012889346107840538,0.010878309607505798
0.014137865975499153,0.0031585944816470146,0.012889346107840538,0.010878309607505798
0.014137865975499153,0.0031585944816470146,0.012889346107840538,0.010878309607505798
0.014137865975499153,0.0031585944816470146,0.012889346107840538,0.010878309607505798
0.014137865975499153,0.0031585944816470146,0.012889346107840538,0.010878309607505798
0.014137865975499153,0.0031585944816470146,0.012889346107840538,0.010878309607505798
0.014137865975499153,0.0031585944816470146,0.012889346107840538,0.010878309607505798
0.014137865975499153,0.0031585944816470146,0.012889346107840538,0.010878309607505798
0.014137865975499153,0.0031585944816470146,0.012889346107840538,0.010878309607505798
0.014137865975499153,0.0031585944816470146,0.012889346107840538,0.010878309607505798
0.014137865975499153,0.0031585944816470146,0.012889346107840538,0.010878309607505798
0.014137865975499153,0.0031585944816470146,0.012889346107840538,0.010878309607505798
0.014137865975499153,0.0031585944816470146,0.012889346107840538,0.010878309607505798
0.014137865975499153,0.0031585944816470146,0.012889346107840538,0.010878309607505798
0.014137865975499153,0.0031585944816470146,0.012889346107840538,0.010878309607505798
0.014137865975499153,0.0031585944816470146,0.012889346107840538,0.010878309607505798
0.014137865975499153,0.0031585944816470146,0.012889346107840538,0.010878309607505798
0.014137865975499153,0.0031585944816470146,0.012889346107840538,0.010878309607505798
0.014137865975499153,0.0031585944816470146,0.012889346107840538,0.010878309607505798
0.014137865975499153,0.0031585944816470146,0.012889346107840538,0.010878309607505798
0.014137865975499153,0.0031585944816470146,0.012889346107840538,0.010878309607505798
0.014137865975499153,0.0031585944816470146,0.012889346107840538,0.010878309607505798
0.014137865975499153,0.0031585944816470146,0.012889346107840538,0.010878309607505798
0.014137865975499153,0.0031585944816470146,0.012889346107840538,0.010878309607505798
0.014137865975499153,0.0031585944816470146,0.012889346107840538,0.010878309607505798
0.014137865975499153,0.0031585944816470146,0.012889346107840538,0.010878309607505798
0.014137865975499153,0.0031585944816470146,0.012889346107840538,0.010878309607505798
0.014137865975499153,0.0031585944816470146,0.012889346107840538,0.010878309607505798
0.014137865975499153,0.0031585944816470146,0.012889346107840538,0.010878309607505798
0.014137865975499153,0.0031585944816470146,0.012889346107840538,0.010878309607505798
0.014137865975499153,0.0031585944816470146,0.012889346107840538,0.010878309607505798
0.014137865975499153,0.0031585944816470146,0.012889346107840538,0.010878309607505798
0.014137865975499153,0.0031585944816470146,0.012889346107840538,0.010878309607505798
0.014137865975499153,0.0031585944816470146,0.012889346107840538,0.010878309607505798
0.014137865975499153,0.0031585944816470146,0.012889346107840538,0.010878309607505798
0.014137865975499153,0.0031585944816470146,0.012889346107840538,0.010878309607505798
0.014137865975499153,0.0031585944816470146,0.012889346107840538,0.010878309607505798
0.014137865975499153,0.0031585944816470146,0.012889346107840538,0.010878309607505798
0.014137865975499153,0.0031585944816470146,0.012889346107840538,0.010878309607505798
0.014137865975499153,0.0031585944816470146,0.012889346107840538,0.010878309607505798
0.014137865975499153,0.0031585944816470146,0.012889346107840538,0.010878309607505798
0.014137865975499153,0.0031585944816470146,0.012889346107840538,0.010878309607505798
0.014137865975499153,0.0031585944816470146,0.012889346107840538,0.010878309607505798
0.014137865975499153,0.0031585944816470146,0.012889346107840538,0.010878309607505798
0.014137865975499153,0.0031585944816470146,0.012889346107840538,0.010878309607505798
0.014137865975499153,0.0031585944816470146,0.012889346107840538,0.010878309607505798
0.014137865975499153,0.0031585944816470146,0.012889346107840538,0.010878309607505798
0.014137865975499153,0.0031585944816470146,0.012889346107840538,0.010878309607505798
0.014137865975499153,0.0031585944816470146,0.012889346107840538,0.010878309607505798
0.014137865975499153,0.0031585944816470146,0.012889346107840538,0.010878309607505798
0.014137865975499153,0.0031585944816470146,0.012889346107840538,0.010878309607505798
0.014137865975499153,0.0031585944816470146,0.012889346107840538,0.010878309607505798
0.014137865975499153,0.0031585944816470146,0.012889346107840538,0.010878309607505798
0.014137865975499153,0.0031585944816470146,0.012889346107840538,0.010878309607505798
0.014137865975499153,0.0031585944816470146,0.012889346107840538,0.010878309607505798
0.014137865975499153,0.0031585944816470146,0.012889346107840538,0.010878309607505798
0.014137865975499153,0.0031585944816470146,0.012889346107840538,0.010878309607505798
0.014137865975499153,0.0031585944816470146,0.012889346107840538,0.010878309607505798
0.014137865975499153,0.0031585944816470146,0.012889346107840538,0.010878309607505798
0.014137865975499153,0.0031585944816470146,0.012889346107840538,0.010878309607505798
0.014137865975499153,0.0031585944816470146,0.012889346107840538,0.010878309607505798
0.014137865975499153,0.0031585944816470146,0.012889346107840538,0.010878309607505798
0.014137865975499153,0.0031585944816470146,0.012889346107840538,0.010878309607505798
0.014137865975499153,0.0031585944816470146,0.012889346107840538,0.010878309607505798
0.014137865975499153,0.0031585944816470146,0.012889346107840538,0.010878309607505798
0.014137865975499153,0.0031585944816470146,0.012889346107840538,0.010878309607505798
0.014137865975499153,0.0031585944816470146,0.012889346107840538,0.010878309607505798
0.014137865975499153,0.0031585944816470146,0.012889346107840538,0.010878309607505798
0.014137865975499153,0.0031585944816470146,0.012889346107840538,0.010878309607505798
0.014137865975499153,0.0031585944816470146,0.012889346107840538,0.010878309607505798
0.014137865975499153,0.0031585944816470146,0.012889346107840538,0.010878309607505798
0.014137865975499153,0.0031585944816470146,0.012889346107840538,0.010878309607505798
0.014137865975499153,0.0031585944816470146,0.012889346107840538,0.010878309607505798
0.014137865975499153,0.0031585944816470146,0.012889346107840538,0.010878309607505798
0.014137865975499153,0.0031585944816470146,0.012889346107840538,0.010878309607505798
0.014137865975499153,0.0031585944816470146,0.012889346107840538,0.010878309607505798
0.014137865975499153,0.0031585944816470146,0.012889346107840538,0.010878309607505798
0.014137865975499153,0.0031585944816470146,0.012889346107840538,0.010878309607505798
0.014137865975499153,0.0031585944816470146,0.012889346107840538,0.010878309607505798
0.014137865975499153,0.0031585944816470146,0.012889346107840538,0.010878309607505798
0.014137865975499153,0.0031585944816470146,0.012889346107840538,0.010878309607505798
0.014137865975499153,0.0031585944816470146,0.012889346107840538,0.010878309607505798
0.014137865975499153,0.0031585944816470146,0.012889346107840538,0.010878309607505798
0.014137865975499153,0.0031585944816470146,0.012889346107840538,0.010878309607505798
0.014137865975499153,0.0031585944816470146,0.012889346107840538,0.010878309607505798
0.014137865975499153,0.0031585944816470146,0.012889346107840538,0.010878309607505798
0.014137865975499153,0.0031585944816470146,0.012889346107840538,0.010878309607505798
0.014137865975499153,0.0031585944816470146,0.012889346107840538,0.010878309607505798
0.014137865975499153,0.0031585944816470146,0.012889346107840538,0.010878309607505798
0.014137865975499153,0.0031585944816470146,0.012889346107840538,0.010878309607505798
0.014137865975499153,0.0031585944816470146,0.012889346107840538,0.010878309607505798
0.014137865975499153,0.0031585944816470146,0.012889346107840538,0.010878309607505798
0.014137865975499153,0.0031585944816470146,0.012889346107840538,0.010878309607505798
0.014137865975499153,0.0031585944816470146,0.012889346107840538,0.010878309607505798
0.014137865975499153,0.0031585944816470146,0.012889346107840538,0.010878309607505798
0.014137865975499153,0.0031585944816470146,0.012889346107840538,0.010878309607505798
0.014137865975499153,0.0031585944816470146,0.012889346107840538,0.010878309607505798
0.014137865975499153,0.0031585944816470146,0.012889346107840538,0.010878309607505798
0.014137865975499153,0.0031585944816470146,0.012889346107840538,0.010878309607505798
0.014137865975499153,0.0031585944816470146,0.012889346107840538,0.010878309607505798
0.014137865975499153,0.0031585944816470146,0.012889346107840538,0.010878309607505798
0.014137865975499153,0.0031585944816470146,0.012889346107840538,0.010878309607505798
0.014137865975499153,0.0031585944816470146,0.012889346107840538,0.010878309607505798
0.014137865975499153,0.0031585944816470146,0.012889346107840538,0.010878309607505798
0.014137865975499153,0.0031585944816470146,0.012889346107840538,0.010878309607505798
0.014137865975499153,0.0031585944816470146,0.012889346107840538,0.010878309607505798
0.014137865975499153,0.0031585944816470146,0.012889346107840538,0.010878309607505798
0.014137865975499153,0.0031585944816470146,0.012889346107840538,0.010878309607505798
0.014137865975499153,0.0031585944816470146,0.012889346107840538,0.010878309607505798
0.014137865975499153,0.0031585944816470146,0.012889346107840538,0.010878309607505798
0.014137865975499153,0.0031585944816470146,0.012889346107840538,0.010878309607505798
0.014137865975499153,0.0031585944816470146,0.012889346107840538,0.010878309607505798
0.014137865975499153,0.0031585944816470146,0.012889346107840538,0.010878309607505798
0.014137865975499153,0.0031585944816470146,0.012889346107840538,0.010878309607505798
0.014137865975499153,0.0031585944816470146,0.012889346107840538,0.010878309607505798
0.014137865975499153,0.0031585944816470146,0.012889346107840538,0.010878309607505798
0.014137865975499153,0.0031585944816470146,0.012889346107840538,0.010878309607505798
0.014137865975499153,0.0031585944816470146,0.012889346107840538,0.010878309607505798
0.014137865975499153,0.0031585944816470146,0.012889346107840538,0.010878309607505798
0.014137865975499153,0.0031585944816470146,0.012889346107840538,0.010878309607505798
0.014137865975499153,0.0031585944816470146,0.012889346107840538,0.010878309607505798
0.014137865975499153,0.0031585944816470146,0.012889346107840538,0.010878309607505798
0.014137865975499153,0.0031585944816470146,0.012889346107840538,0.010878309607505798
0.014137865975499153,0.0031585944816470146,0.012889346107840538,0.010878309607505798
0.014137865975499153,0.0031585944816470146,0.012889346107840538,0.010878309607505798
0.014137865975499153,0.0031585944816470146,0.012889346107840538,0.010878309607505798
0.014137865975499153,0.0031585944816470146,0.012889346107840538,0.010878309607505798
0.014137865975499153,0.0031585944816470146,0.012889346107840538,0.010878309607505798
0.014137865975499153,0.0031585944816470146,0.012889346107840538,0.010878309607505798
0.014137865975499153,0.0031585944816470146,0.012889346107840538,0.010878309607505798
0.014137865975499153,0.0031585944816470146,0.012889346107840538,0.010878309607505798
0.014137865975499153,0.0031585944816470146,0.012889346107840538,0.010878309607505798
0.014137865975499153,0.0031585944816470146,0.012889346107840538,0.010878309607505798
0.014137865975499153,0.0031585944816470146,0.012889346107840538,0.010878309607505798
0.014137865975499153,0.0031585944816470146,0.012889346107840538,0.010878309607505798
0.014137865975499153,0.0031585944816470146,0.012889346107840538,0.010878309607505798
0.014137865975499153,0.0031585944816470146,0.012889346107840538,0.010878309607505798
0.014137865975499153,0.0031585944816470146,0.012889346107840538,0.010878309607505798
0.014137865975499153,0.0031585944816470146,0.012889346107840538,0.010878309607505798
0.014137865975499153,0.0031585944816470146,0.012889346107840538,0.010878309607505798
0.014137865975499153,0.0031585944816470146,0.012889346107840538,0.010878309607505798
0.014137865975499153,0.0031585944816470146,0.012889346107840538,0.010878309607505798
0.014137865975499153,0.0031585944816470146,0.012889346107840538,0.010878309607505798
0.014137865975499153,0.0031585944816470146,0.012889346107840538,0.010878309607505798
0.014137865975499153,0.0031585944816470146,0.012889346107840538,0.010878309607505798
0.014137865975499153,0.0031585944816470146,0.012889346107840538,0.010878309607505798
0.014137865975499153,0.0031585944816470146,0.012889346107840538,0.010878309607505798
0.014137865975499153,0.0031585944816470146,0.012889346107840538,0.010878309607505798
0.014137865975499153,0.0031585944816470146,0.012889346107840538,0.010878309607505798
0.014137865975499153,0.0031585944816470146,0.012889346107840538,0.010878309607505798
0.014137865975499153,0.0031585944816470146,0.012889346107840538,0.010878309607505798
0.014137865975499153,0.0031585944816470146,0.012889346107840538,0.010878309607505798
0.014137865975499153,0.0031585944816470146,0.012889346107840538,0.010878309607505798
0.014137865975499153,0.0031585944816470146,0.012889346107840538,0.010878309607505798
0.014137865975499153,0.0031585944816470146,0.012889346107840538,0.010878309607505798
0.014137865975499153,0.0031585944816470146,0.012889346107840538,0.010878309607505798
