vx,vy,vz,omega_z
0.07135476171970367,-0.015198900364339352,-0.07021348178386688,0.33349335193634033
-0.030901864171028137,-0.0034343446604907513,-0.16902406513690948,0.6033304929733276
-0.05746110901236534,0.017667163163423538,-0.1994297057390213,0.6464402675628662
-0.06002238765358925,0.031326327472925186,-0.20687945187091827,0.6503833532333374
-0.05942508950829506,0.039893217384815216,-0.21045389771461487,0.6499334573745728
-0.05847020819783211,0.03680795431137085,-0.19983482360839844,0.646582841873169
-0.057581279426813126,0.02797459438443184,-0.19046354293823242,0.6443941593170166
-0.05727821961045265,0.006590618751943111,-0.16951611638069153,0.6369514465332031
-0.05672144517302513,-0.020965073257684708,-0.15132062137126923,0.6319781541824341
-0.043790820986032486,-0.04207923263311386,-0.14319679141044617,0.6151596307754517
-0.03506423160433769,-0.05734750255942345,-0.14061947166919708,0.6048029661178589
0.01273641362786293,-0.07288361340761185,-0.13157382607460022,0.5655231475830078
0.03763244301080704,-0.08868938684463501,-0.12209412455558777,0.5446813106536865
0.058289144188165665,-0.11296747624874115,-0.11299819499254227,0.5110721588134766
0.06655095517635345,-0.14030204713344574,-0.1048145517706871,0.49300724267959595
0.07007376104593277,-0.1633228063583374,-0.09505722671747208,0.48244068026542664
0.06998507678508759,-0.1821175515651703,-0.08746946603059769,0.47953277826309204
0.08647383004426956,-0.19496160745620728,-0.0772356390953064,0.4648650586605072
0.0971820056438446,-0.20535428822040558,-0.06883319467306137,0.4561300277709961
0.08776578307151794,-0.21479938924312592,-0.06234806030988693,0.46737948060035706
0.07945412397384644,-0.2229072004556656,-0.057423390448093414,0.47626614570617676
0.09979452192783356,-0.2321704924106598,-0.051818929612636566,0.43931108713150024
0.11539722979068756,-0.2418694645166397,-0.048881202936172485,0.4121280908584595
0.11151778697967529,-0.24321217834949493,-0.049560919404029846,0.4262632429599762
0.10369381308555603,-0.23997464776039124,-0.05032464116811752,0.4409484267234802
0.07352496683597565,-0.2297302633523941,-0.051213137805461884,0.4929669201374054
0.05047699064016342,-0.21766297519207,-0.051098354160785675,0.5242006778717041
0.023491282016038895,-0.20558220148086548,-0.05355963110923767,0.5575520992279053
0.013151392340660095,-0.19406431913375854,-0.054551102221012115,0.5715020895004272
-0.003001578152179718,-0.18513308465480804,-0.05328302085399628,0.5769015550613403
-0.010727766901254654,-0.1786407232284546,-0.05425573140382767,0.5796434879302979
-0.02658926323056221,-0.17696940898895264,-0.05051632225513458,0.5754202604293823
-0.033668067306280136,-0.18045413494110107,-0.047526635229587555,0.5734924077987671
-0.030264727771282196,-0.1850730925798416,-0.046420324593782425,0.5587767958641052
-0.029063180088996887,-0.18848557770252228,-0.048757992684841156,0.5513980984687805
-0.04805867746472359,-0.19388899207115173,-0.051371969282627106,0.5443606376647949
-0.057999055832624435,-0.1972491592168808,-0.05727333575487137,0.541327953338623
-0.04516123607754707,-0.19924743473529816,-0.06937851011753082,0.5061095356941223
-0.03587750717997551,-0.19686353206634521,-0.08276624977588654,0.486736536026001
-0.010375496000051498,-0.18949450552463531,-0.08638177067041397,0.44234123826026917
0.007079817354679108,-0.1824137568473816,-0.09008296579122543,0.4139816164970398
0.012160982936620712,-0.17728276550769806,-0.09288135915994644,0.40611621737480164
-0.02321384847164154,-0.18738016486167908,-0.09844598174095154,0.43647345900535583
-0.08525310456752777,-0.18837743997573853,-0.09428440034389496,0.500602126121521
-0.11386573314666748,-0.18552838265895844,-0.08845685422420502,0.5289165377616882
-0.11444300413131714,-0.18513336777687073,-0.0823732390999794,0.5257989168167114
-0.11296765506267548,-0.18697163462638855,-0.07822979241609573,0.5220611095428467
-0.09531062841415405,-0.1785845309495926,-0.0706113949418068,0.49941301345825195
-0.08585149049758911,-0.1714378148317337,-0.06603226065635681,0.485494464635849
-0.08368462324142456,-0.16884943842887878,-0.06391976773738861,0.48196345567703247
-0.0766911655664444,-0.15737473964691162,-0.05663862079381943,0.46881091594696045
-0.0641903430223465,-0.13557952642440796,-0.05348527431488037,0.44688329100608826
-0.055545348674058914,-0.11604982614517212,-0.054381757974624634,0.4331025779247284
-0.04794119670987129,-0.09750664234161377,-0.052799686789512634,0.4169914424419403
-0.04214753583073616,-0.08278411626815796,-0.05198497325181961,0.4054594933986664
-0.0578138567507267,-0.08786597102880478,-0.056601330637931824,0.43065863847732544
-0.07337683439254761,-0.10041246563196182,-0.05892454832792282,0.45136794447898865
-0.08728872239589691,-0.11665546894073486,-0.06496777385473251,0.47094735503196716
-0.09486307203769684,-0.130886510014534,-0.06654887646436691,0.48094362020492554
-0.09073373675346375,-0.14316117763519287,-0.06416892260313034,0.4769206941127777
-0.08791057765483856,-0.15223874151706696,-0.06261120736598969,0.47411760687828064
-0.0788884311914444,-0.1527995467185974,-0.05561523139476776,0.456116646528244
-0.07517838478088379,-0.1505577564239502,-0.05308391898870468,0.44561588764190674
-0.07453474402427673,-0.14897875487804413,-0.05303747206926346,0.44330039620399475
-0.0738297700881958,-0.14366069436073303,-0.04912281781435013,0.43315866589546204
-0.07760496437549591,-0.13102658092975616,-0.045814938843250275,0.42997583746910095
-0.08039428293704987,-0.11980637907981873,-0.04368208721280098,0.43092283606529236
-0.08225536346435547,-0.1140165850520134,-0.04273999482393265,0.44258806109428406
-0.08282318711280823,-0.11284381151199341,-0.03934311866760254,0.44992196559906006
-0.0725051760673523,-0.11317019164562225,-0.03511612117290497,0.4323434829711914
-0.06546556949615479,-0.11463894695043564,-0.032486870884895325,0.4192548394203186
-0.05496719107031822,-0.11586536467075348,-0.03212277218699455,0.39515137672424316
-0.047241222113370895,-0.11763536930084229,-0.03162749856710434,0.3781496286392212
-0.04058988764882088,-0.1188759058713913,-0.03442937880754471,0.35920798778533936
-0.03511128947138786,-0.12055148184299469,-0.035141605883836746,0.34523335099220276
-0.034214336425065994,-0.1193864718079567,-0.03806980326771736,0.3377092480659485
-0.0328340046107769,-0.11716065555810928,-0.03914517164230347,0.33211565017700195
-0.036245543509721756,-0.11091302335262299,-0.038903623819351196,0.3346385657787323
-0.039171379059553146,-0.10357566922903061,-0.038693271577358246,0.3379332423210144
-0.049842316657304764,-0.09869865328073502,-0.04004286602139473,0.36041876673698425
-0.05921917036175728,-0.09591557830572128,-0.04071992635726929,0.3777284622192383
-0.062182966619729996,-0.09432962536811829,-0.040833741426467896,0.3826363682746887
-0.06591334939002991,-0.09840157628059387,-0.04221878945827484,0.38380610942840576
-0.06440946459770203,-0.10491024702787399,-0.043482594192028046,0.3664986789226532
-0.06138594076037407,-0.10976342856884003,-0.04436442255973816,0.3527757525444031
-0.060191091150045395,-0.10999972373247147,-0.04391653090715408,0.34510931372642517
-0.05964932218194008,-0.1078558936715126,-0.04386666417121887,0.3415020704269409
-0.058872614055871964,-0.1056651920080185,-0.04442061483860016,0.3398711681365967
-0.058307718485593796,-0.10364176332950592,-0.04511033371090889,0.33890673518180847
-0.05813885107636452,-0.10204794257879257,-0.04557404667139053,0.3386007249355316
-0.051140595227479935,-0.09976629167795181,-0.04333548992872238,0.3211352825164795
-0.044848646968603134,-0.09780087321996689,-0.042425595223903656,0.30681610107421875
-0.04203961417078972,-0.09321358799934387,-0.03940025717020035,0.3047462999820709
-0.04069871827960014,-0.08831632882356644,-0.03790216147899628,0.3052343428134918
-0.040975529700517654,-0.08392003923654556,-0.03513985872268677,0.31077736616134644
-0.041571859270334244,-0.08072289079427719,-0.033541660755872726,0.31545814871788025
-0.04436897858977318,-0.08059508353471756,-0.03543773293495178,0.31766200065612793
-0.04327527806162834,-0.08244449645280838,-0.03752511367201805,0.30911147594451904
-0.040379490703344345,-0.08417598903179169,-0.03811614587903023,0.30029019713401794
-0.04064385965466499,-0.0839591696858406,-0.03704741969704628,0.302381694316864
-0.04194849357008934,-0.08274202048778534,-0.03636167198419571,0.3067566752433777
-0.04417167231440544,-0.08094106614589691,-0.034758180379867554,0.31037190556526184
-0.04613998159766197,-0.07912459969520569,-0.034229639917612076,0.31368517875671387
-0.04706050083041191,-0.07712442427873611,-0.03208861127495766,0.3149891793727875
-0.047545645385980606,-0.07529126852750778,-0.030934447422623634,0.3159554898738861
-0.045373786240816116,-0.0724172443151474,-0.02734619565308094,0.3127736449241638
-0.043305035680532455,-0.06945835053920746,-0.025257330387830734,0.3098582625389099
-0.04110880568623543,-0.06595072150230408,-0.023204796016216278,0.2995429039001465
-0.03875270113348961,-0.06258668005466461,-0.022291118279099464,0.29044309258461
-0.03786422684788704,-0.06045382842421532,-0.022011764347553253,0.28730833530426025
-0.03534572944045067,-0.05921679362654686,-0.02270359918475151,0.2721964716911316
-0.03240160271525383,-0.058448921889066696,-0.023390723392367363,0.257745623588562
-0.02988915890455246,-0.05821802094578743,-0.024775434285402298,0.24403615295886993
-0.027924302965402603,-0.05812149867415428,-0.025707922875881195,0.2338501363992691
-0.027094118297100067,-0.058442600071430206,-0.027212433516979218,0.22737076878547668
-0.02664177492260933,-0.05885964259505272,-0.02820536494255066,0.22339755296707153
-0.02696569263935089,-0.05915172025561333,-0.03039797767996788,0.220858633518219
-0.026986733078956604,-0.059288591146469116,-0.031781744211912155,0.21896839141845703
-0.0265190489590168,-0.05811554938554764,-0.031182225793600082,0.2106473743915558
-0.025804691016674042,-0.05633016675710678,-0.03103049099445343,0.20333866775035858
-0.02594606578350067,-0.05452427268028259,-0.03128182888031006,0.19676628708839417
-0.025686252862215042,-0.05300431698560715,-0.03140876814723015,0.19167490303516388
-0.024189043790102005,-0.05186813324689865,-0.028264764696359634,0.19654740393161774
-0.02357235923409462,-0.05118676647543907,-0.026399098336696625,0.20218105614185333
-0.021111417561769485,-0.050437409430742264,-0.023411374539136887,0.19907455146312714
-0.018948841840028763,-0.04980507120490074,-0.02185872755944729,0.19399572908878326
-0.016612913459539413,-0.048636823892593384,-0.019144441932439804,0.19083714485168457
-0.015150483697652817,-0.04733896628022194,-0.017609845846891403,0.18896010518074036
-0.01437516137957573,-0.04631445184350014,-0.01601514220237732,0.18752789497375488
-0.013639360666275024,-0.045835260301828384,-0.01458189357072115,0.18709833920001984
-0.013416189700365067,-0.04594849422574043,-0.013914123177528381,0.1874426007270813
-0.013877630233764648,-0.046558767557144165,-0.014820756390690804,0.18891288340091705
-0.014209151268005371,-0.047454532235860825,-0.015218915417790413,0.19029167294502258
-0.014313343912363052,-0.04852116480469704,-0.015883399173617363,0.19246616959571838
-0.014507267624139786,-0.04952642321586609,-0.016144324094057083,0.19438855350017548
-0.013903241604566574,-0.04963250085711479,-0.01378321461379528,0.19801189005374908
-0.01365663856267929,-0.04925728216767311,-0.012240670621395111,0.20135734975337982
-0.013895701617002487,-0.05009155720472336,-0.010898662731051445,0.20626112818717957
-0.014027133584022522,-0.05174005404114723,-0.009915649890899658,0.2099330872297287
-0.013492763042449951,-0.05348573997616768,-0.008683128282427788,0.21117481589317322
-0.012912619858980179,-0.05501066893339157,-0.007960079237818718,0.21117250621318817
-0.01274874061346054,-0.0559542216360569,-0.006917093880474567,0.21133896708488464
-0.012527652084827423,-0.0564982146024704,-0.006231309846043587,0.21137337386608124
-0.012474443763494492,-0.05610526353120804,-0.004716706462204456,0.21034522354602814
-0.012311439961194992,-0.05519196018576622,-0.0029531437903642654,0.20644982159137726
-0.011759195476770401,-0.05451149865984917,-0.0021761395037174225,0.20274288952350616
-0.01147904247045517,-0.054077573120594025,-0.001975778490304947,0.20126721262931824
-0.010888062417507172,-0.054106634110212326,-0.0017936956137418747,0.19469983875751495
-0.009970977902412415,-0.05442647263407707,-0.0017943121492862701,0.18760737776756287
-0.009504485875368118,-0.05458400771021843,-0.0008475333452224731,0.17884309589862823
-0.008828908205032349,-0.05468383803963661,-0.0003186352550983429,0.17112433910369873
-0.008130311965942383,-0.05510397627949715,0.0006733294576406479,0.16822893917560577
-0.007974334061145782,-0.05573361739516258,0.001148296520113945,0.16758525371551514
-0.007267635315656662,-0.05533039942383766,0.003465762361884117,0.16315072774887085
-0.006714869290590286,-0.05433232709765434,0.0046659111976623535,0.1584189236164093
-0.005924995988607407,-0.0527346208691597,0.0068366993218660355,0.1526453197002411
-0.005461405962705612,-0.05094160884618759,0.007822083309292793,0.14773285388946533
-0.005067411810159683,-0.04848019406199455,0.009939895942807198,0.14269587397575378
-0.004851575940847397,-0.04582740738987923,0.010969499126076698,0.13854065537452698
-0.005020573735237122,-0.04314626380801201,0.012546466663479805,0.13321346044540405
-0.005064722150564194,-0.04068496450781822,0.014680659398436546,0.12623149156570435
-0.005309440195560455,-0.03902815654873848,0.015487341210246086,0.121938556432724
-0.005286898463964462,-0.0377797856926918,0.016350774094462395,0.11651317030191422
-0.005165852606296539,-0.03682637959718704,0.0166915412992239,0.11144065856933594
-0.005157824605703354,-0.03593246266245842,0.017113910987973213,0.10808141529560089
-0.005298200994729996,-0.035107094794511795,0.01720431260764599,0.10594199597835541
-0.005860239267349243,-0.0337638296186924,0.017713775858283043,0.10615044832229614
-0.0062354691326618195,-0.03222190588712692,0.01810443215072155,0.10711442679166794
-0.006688199937343597,-0.031044483184814453,0.018245680257678032,0.10614992678165436
-0.007004626095294952,-0.030223030596971512,0.018205272033810616,0.1046222448348999
-0.007497284561395645,-0.02954905852675438,0.01818014867603779,0.1025957241654396
-0.007845170795917511,-0.028998136520385742,0.018098020926117897,0.10084658861160278
-0.008617855608463287,-0.028276745229959488,0.016999775543808937,0.09824478626251221
-0.008937902748584747,-0.027488265186548233,0.016337761655449867,0.09561242163181305
-0.009299956262111664,-0.026730474084615707,0.015972452238202095,0.0909956768155098
-0.009631644934415817,-0.026027794927358627,0.015562711283564568,0.08659333735704422
-0.010216981172561646,-0.025912195444107056,0.014288464561104774,0.08015371114015579
-0.01069989800453186,-0.026156406849622726,0.013249708339571953,0.07414913922548294
-0.011944759637117386,-0.02610093727707863,0.011742347851395607,0.06860773265361786
-0.012835759669542313,-0.025399375706911087,0.010520316660404205,0.06309709697961807
-0.01315842941403389,-0.02443389967083931,0.009975465014576912,0.060011133551597595
-0.013273637741804123,-0.02365317940711975,0.009756572544574738,0.058861054480075836
-0.013250093907117844,-0.022902842611074448,0.009600836783647537,0.058902863413095474
-0.013239316642284393,-0.021596645936369896,0.009114302694797516,0.05828509479761124
-0.013208691030740738,-0.02014213800430298,0.008860856294631958,0.05738066881895065
-0.013474110513925552,-0.01876615360379219,0.008587086573243141,0.054253529757261276
-0.013593927025794983,-0.01760055124759674,0.008438840508460999,0.05085385590791702
-0.013272847980260849,-0.017152156680822372,0.008450986817479134,0.04873266816139221
-0.012977555394172668,-0.017231503501534462,0.008550034835934639,0.047099173069000244
-0.011969197541475296,-0.018036827445030212,0.008347498252987862,0.045596130192279816
-0.011273466050624847,-0.01921655237674713,0.008152952417731285,0.04437556862831116
-0.009684830904006958,-0.02056947909295559,0.008110685274004936,0.04699081927537918
-0.008644279092550278,-0.021945331245660782,0.008252734318375587,0.05040052533149719
-0.007145177572965622,-0.0232380460947752,0.008505323901772499,0.053651146590709686
-0.00613829493522644,-0.024383515119552612,0.008737090975046158,0.056182898581027985
-0.004828650504350662,-0.02570151537656784,0.008156737312674522,0.05726054310798645
-0.0036576762795448303,-0.026754625141620636,0.00791180320084095,0.058335982263088226
-0.0031592361629009247,-0.027267176657915115,0.007911229506134987,0.05914779379963875
-0.0030097588896751404,-0.02755150943994522,0.007903223857283592,0.05947224795818329
-0.0028674229979515076,-0.027347765862941742,0.008227558806538582,0.059265706688165665
-0.0026977770030498505,-0.026847071945667267,0.008405979722738266,0.05896516516804695
-0.0021809935569763184,-0.026583317667245865,0.008401766419410706,0.05853184312582016
-0.0017630122601985931,-0.02649272233247757,0.008307429030537605,0.058122485876083374
-0.0013836733996868134,-0.026008684188127518,0.009239338338375092,0.058381449431180954
-0.0011034980416297913,-0.025319017469882965,0.009863719344139099,0.05879756063222885
-0.0014364160597324371,-0.024585682898759842,0.010287821292877197,0.05869511514902115
-0.0016508698463439941,-0.02394569292664528,0.0105328019708395,0.05840446799993515
-0.0016411356627941132,-0.023444507271051407,0.011042419821023941,0.05838784947991371
-0.0015064030885696411,-0.023091332986950874,0.011414172127842903,0.05838620290160179
-0.001334402710199356,-0.022715654224157333,0.012811718508601189,0.05682336166501045
-0.001228470355272293,-0.022343089804053307,0.013618705794215202,0.05505272373557091
-0.0017502158880233765,-0.022161051630973816,0.013940984383225441,0.0544646680355072
-0.0019987598061561584,-0.022135667502880096,0.014188410714268684,0.05431459844112396
-0.0013181082904338837,-0.02226409874856472,0.014586975798010826,0.05499769002199173
-0.000799231231212616,-0.022452890872955322,0.014823416247963905,0.0558578222990036
-0.0008177608251571655,-0.02244028076529503,0.01465095765888691,0.055806394666433334
-0.0008977875113487244,-0.02226412296295166,0.014454314485192299,0.05556584149599075
-0.001207992434501648,-0.02177414670586586,0.014422724023461342,0.05662522464990616
-0.0013943016529083252,-0.021119363605976105,0.014469100162386894,0.057839345186948776
-0.0019191168248653412,-0.020371492952108383,0.014446759596467018,0.056083887815475464
-0.002275560051202774,-0.01959705725312233,0.014280686154961586,0.053651873022317886
-0.00267232209444046,-0.01906508579850197,0.013890275731682777,0.050681501626968384
-0.002897869795560837,-0.018708888441324234,0.013522198423743248,0.04824057221412659
-0.0032135359942913055,-0.01830962300300598,0.012637840583920479,0.04713089019060135
-0.00339483842253685,-0.017892178148031235,0.012110410258173943,0.04668068885803223
-0.0036497823894023895,-0.01748891919851303,0.011038817465305328,0.047347694635391235
-0.0037319138646125793,-0.01713859662413597,0.010505007579922676,0.04817371070384979
-0.0036808624863624573,-0.01693817414343357,0.010207664221525192,0.04782275855541229
-0.003558143973350525,-0.017147807404398918,0.009726401418447495,0.044925935566425323
-0.003492739051580429,-0.01753603294491768,0.009371992200613022,0.042099207639694214
-0.003950048238039017,-0.017803087830543518,0.009191347286105156,0.03845920413732529
-0.004325456917285919,-0.01792805641889572,0.008992819115519524,0.0352444052696228
-0.004478104412555695,-0.017945144325494766,0.008878396824002266,0.03395456075668335
-0.005417026579380035,-0.01776559092104435,0.008313033729791641,0.03247614577412605
-0.005936730653047562,-0.017280425876379013,0.008020881563425064,0.030967723578214645
-0.006051402539014816,-0.0167082529515028,0.00794658437371254,0.03031502291560173
-0.006418250501155853,-0.01612582802772522,0.009076617658138275,0.027491603046655655
-0.006860282272100449,-0.015564467757940292,0.009580804035067558,0.024647507816553116
-0.0073416829109191895,-0.015145419165492058,0.010136336088180542,0.021951455622911453
-0.007817257195711136,-0.014832728542387486,0.01030861958861351,0.019818417727947235
-0.008308839052915573,-0.014829776249825954,0.009747195988893509,0.018032003194093704
-0.00872775912284851,-0.015003761276602745,0.00925058126449585,0.016670558601617813
-0.00882391631603241,-0.015203434973955154,0.008369969204068184,0.016126636415719986
-0.008861232548952103,-0.015365824103355408,0.007769959047436714,0.015953924506902695
-0.008209649473428726,-0.015403510071337223,0.007470140233635902,0.018390726298093796
-0.007673434913158417,-0.015350501984357834,0.007368218153715134,0.021195847541093826
-0.007917150855064392,-0.01478432584553957,0.007818790152668953,0.02080153301358223
-0.008410397917032242,-0.013917077332735062,0.00789378397166729,0.019662365317344666
-0.008811239153146744,-0.013369876891374588,0.007925532758235931,0.01804257184267044
-0.00912860780954361,-0.01311455573886633,0.007841547951102257,0.01661168783903122
-0.008553434163331985,-0.01329206395894289,0.008108559995889664,0.016819365322589874
-0.008145608007907867,-0.013705598190426826,0.008264325559139252,0.01745826005935669
-0.007399652153253555,-0.014283694326877594,0.008475720882415771,0.019364867359399796
-0.006960365921258926,-0.014904867857694626,0.008581338450312614,0.021368537098169327
-0.006341159343719482,-0.015668045729398727,0.008390877395868301,0.022619474679231644
-0.005932413041591644,-0.01646398939192295,0.008259112015366554,0.023350119590759277
-0.005797140300273895,-0.017032375559210777,0.008223619312047958,0.02359664812684059
-0.005904406309127808,-0.0174679197371006,0.008303392678499222,0.023122169077396393
-0.005943797528743744,-0.01778048649430275,0.00830688327550888,0.022523343563079834
-0.005641117691993713,-0.017897002398967743,0.009293537586927414,0.02187424898147583
-0.00494622066617012,-0.01783299632370472,0.010302623733878136,0.021950028836727142
-0.004573676735162735,-0.017736025154590607,0.010760443285107613,0.022468063980340958
-0.004772234708070755,-0.017307575792074203,0.01084069162607193,0.022735945880413055
-0.004990242421627045,-0.016688229516148567,0.010851914063096046,0.02286798506975174
-0.005446989089250565,-0.0163227878510952,0.010509107261896133,0.02166937291622162
-0.00575714185833931,-0.01619662716984749,0.010250143706798553,0.020235102623701096
-0.005522824823856354,-0.016220714896917343,0.01039755716919899,0.0177413672208786
-0.005402546375989914,-0.016316672787070274,0.010424681007862091,0.015429377555847168
-0.004923611879348755,-0.016164356842637062,0.011023551225662231,0.01403426006436348
-0.004660528153181076,-0.01585565321147442,0.011396670714020729,0.013221874833106995
-0.004319526255130768,-0.015316948294639587,0.011691944673657417,0.01345466822385788
-0.004428155720233917,-0.014522146433591843,0.011910216882824898,0.013367705047130585
-0.00466020405292511,-0.013816417194902897,0.011978404596447945,0.012947194278240204
-0.004761707037687302,-0.013346515595912933,0.01200140081346035,0.012770991772413254
-0.004573725163936615,-0.012693308293819427,0.011738037690520287,0.012937061488628387
-0.004457160830497742,-0.01183360256254673,0.011262381449341774,0.012877453118562698
-0.0044370293617248535,-0.011086720041930676,0.010966384783387184,0.012619700282812119
-0.004425108432769775,-0.010542538948357105,0.010847406461834908,0.012493159621953964
-0.004274006932973862,-0.01036116573959589,0.010955104604363441,0.012523636221885681
-0.0041734203696250916,-0.01040766853839159,0.011013045907020569,0.012571681290864944
-0.003742557018995285,-0.010593069717288017,0.011255873367190361,0.01295669749379158
-0.0030783824622631073,-0.01079988107085228,0.011561611667275429,0.013029016554355621
-0.0027574002742767334,-0.010911207646131516,0.011680813506245613,0.012786690145730972
-0.002319648861885071,-0.010731869377195835,0.011795585975050926,0.012154441326856613
-0.002069082111120224,-0.010405093431472778,0.011911546811461449,0.011458214372396469
-0.0017061792314052582,-0.009990335442125797,0.011914907023310661,0.011979974806308746
-0.0014081969857215881,-0.009569799527525902,0.011999698355793953,0.012774433940649033
-0.0009476393461227417,-0.009069212712347507,0.012148192152380943,0.013159316033124924
-0.0006025452166795731,-0.008569351397454739,0.012337492778897285,0.013228774070739746
-0.0010575130581855774,-0.007975278422236443,0.012442076578736305,0.011822473257780075
-0.0015602372586727142,-0.007353475783020258,0.012380944564938545,0.010291598737239838
-0.002239372581243515,-0.0069652460515499115,0.012394709512591362,0.009653382003307343
-0.0026667267084121704,-0.006749400869011879,0.012366781011223793,0.009423904120922089
-0.0032881200313568115,-0.006584973074495792,0.012657923623919487,0.009236924350261688
-0.003789197653532028,-0.0064118606969714165,0.012749729678034782,0.009108304977416992
-0.003689754754304886,-0.006275963969528675,0.012456441298127174,0.008792940527200699
-0.0035560056567192078,-0.0061510419473052025,0.01219726912677288,0.008459057658910751
-0.002983793616294861,-0.0059473393484950066,0.012443823739886284,0.008975137025117874
-0.0025736354291439056,-0.005716869607567787,0.012695485725998878,0.009615149348974228
-0.0018476210534572601,-0.005637339316308498,0.013107428327202797,0.010725513100624084
-0.001330781728029251,-0.0056825848296284676,0.01341569609940052,0.011771224439144135
-0.0008539408445358276,-0.005542572122067213,0.013729145750403404,0.011792842298746109
-0.0005885008722543716,-0.005272829905152321,0.013862797990441322,0.0115605928003788
-0.00030111707746982574,-0.00508362241089344,0.013894544914364815,0.012114331126213074
0.0001297183334827423,-0.004973484668880701,0.013868467882275581,0.014088571071624756
0.0004321634769439697,-0.004891968332231045,0.013931052759289742,0.01581699401140213
0.00042564235627651215,-0.004744317848235369,0.013926880434155464,0.01637335866689682
0.0003893710672855377,-0.004553768318146467,0.013958824798464775,0.01632878929376602
0.0003859717398881912,-0.004399733152240515,0.013983262702822685,0.01625029742717743
0.0007994715124368668,-0.004239898175001144,0.013884631916880608,0.016644611954689026
0.0011603888124227524,-0.004064974840730429,0.013828197494149208,0.017102736979722977
0.0018181391060352325,-0.004127832129597664,0.013476705178618431,0.017450273036956787
0.0022655967622995377,-0.004338339436799288,0.01325073279440403,0.01767762377858162
0.0026607513427734375,-0.0045702229253947735,0.01294965110719204,0.017027396708726883
0.002846894785761833,-0.0049278512597084045,0.012659842148423195,0.01514943316578865
0.0028007235378026962,-0.005295158829540014,0.012454206123948097,0.013559900224208832
0.0024003516882658005,-0.005510877817869186,0.012537946924567223,0.012802161276340485
0.0021705906838178635,-0.005616445094347,0.012577539309859276,0.012562878429889679
0.002323513850569725,-0.005456175655126572,0.01273380033671856,0.01268346980214119
0.002524102106690407,-0.005144454073160887,0.012832270935177803,0.01293247565627098
0.0034831929951906204,-0.004820449277758598,0.012803236022591591,0.015429377555847168
0.004308758303523064,-0.004533375147730112,0.01296268217265606,0.018158286809921265
0.004861213266849518,-0.004607692360877991,0.013516874983906746,0.018050450831651688
0.005082335323095322,-0.004918848164379597,0.013833830133080482,0.016933400183916092
0.005215940997004509,-0.0052500152960419655,0.0142399612814188,0.015465065836906433
0.005220016464591026,-0.005533064715564251,0.014441674575209618,0.014174345880746841
0.0057587698101997375,-0.005712727550417185,0.01416611485183239,0.014392223209142685
0.006221909075975418,-0.005790139548480511,0.013990616425871849,0.015097685158252716
0.006394840776920319,-0.00580991804599762,0.013931667432188988,0.015403065830469131
0.006441166624426842,-0.005542003083974123,0.01359620876610279,0.016524437814950943
0.0064697787165641785,-0.004827576689422131,0.01318785734474659,0.01601896807551384
0.006471466273069382,-0.004039577208459377,0.012995319440960884,0.014418680220842361
0.006459437310695648,-0.0033529503270983696,0.012556510046124458,0.013511411845684052
0.006457069888710976,-0.002799654845148325,0.012298328801989555,0.013039842247962952
0.006493888795375824,-0.00231734337285161,0.0121587123721838,0.01250046119093895
0.00656508281826973,-0.001904381439089775,0.012102870270609856,0.011986374855041504
0.006590710952877998,-0.0014727814123034477,0.011980792507529259,0.012633033096790314
0.006661113351583481,-0.001054437831044197,0.011949954554438591,0.013615690171718597
0.006784714758396149,-0.0005213338881731033,0.011813608929514885,0.01462964341044426
0.0069123804569244385,7.535330951213837e-05,0.011741263791918755,0.01548059657216072
0.007173379883170128,0.0005191629752516747,0.011686867102980614,0.01604470983147621
0.007382456213235855,0.0008352808654308319,0.011628517881035805,0.016456622630357742
0.0073354970663785934,0.0009761601686477661,0.012062085792422295,0.017308268696069717
0.007289787754416466,0.0006227083504199982,0.012821273878216743,0.01729406788945198
0.007186884060502052,1.1703930795192719e-05,0.013133419677615166,0.01670534536242485
0.007119912654161453,-0.00033361464738845825,0.013124426826834679,0.01683681458234787
0.00711112841963768,-0.0004289131611585617,0.013063514605164528,0.01729573681950569
0.0074505675584077835,-0.0005534570664167404,0.013202561065554619,0.018654152750968933
0.007733548060059547,-0.0007055820897221565,0.013331359252333641,0.02007129043340683
0.007827790454030037,-0.0009578503668308258,0.013483541086316109,0.01981976628303528
0.007808364927768707,-0.001272129826247692,0.013549605384469032,0.018997780978679657
0.007740836590528488,-0.001392577774822712,0.013750435784459114,0.018488161265850067
0.007738744840025902,-0.0013674050569534302,0.013903981074690819,0.018200471997261047
0.007704503834247589,-0.0012781834229826927,0.013864772394299507,0.017142891883850098
0.007644573226571083,-0.001171681098639965,0.013802425935864449,0.016003113240003586
0.007428580895066261,-0.0010411953553557396,0.013803256675601006,0.015339449048042297
0.007244758307933807,-0.0009114127606153488,0.013805733993649483,0.014969836920499802
0.007267998531460762,-0.0008688531816005707,0.013768745586276054,0.015937499701976776
0.007339127361774445,-0.0008879909291863441,0.013804582878947258,0.017185550183057785
0.007385037839412689,-0.0008885180577635765,0.013883130624890327,0.0178678035736084
0.0073784999549388885,-0.0008661560714244843,0.013910466805100441,0.018275901675224304
0.007184652611613274,-0.0007558353245258331,0.013982782140374184,0.017925728112459183
0.00705573707818985,-0.0005924208089709282,0.013984693214297295,0.01739630475640297
0.0067603010684251785,-0.00030058249831199646,0.01364688016474247,0.017015863209962845
0.006551049649715424,4.439894109964371e-05,0.013434352353215218,0.016790732741355896
0.0067771319299936295,0.0003110663965344429,0.012962056323885918,0.01782698556780815
0.00706176832318306,0.0005063572898507118,0.01276482455432415,0.019089777022600174
0.006581103429198265,0.0005319397896528244,0.01282215304672718,0.01757016032934189
0.00615801103413105,0.0004395563155412674,0.012776246294379234,0.015379250049591064
0.005894845351576805,0.00016284920275211334,0.012744104489684105,0.013853665441274643
0.005694027990102768,-0.00019251368939876556,0.01265149749815464,0.01288624107837677
0.005408093333244324,-0.00042783375829458237,0.012469878420233727,0.01227332279086113
0.00534602627158165,-0.0004528705030679703,0.012346414849162102,0.011655692011117935
0.005382135510444641,-0.00034228991717100143,0.012312622740864754,0.011157065629959106
0.005638096481561661,-0.00020029116421937943,0.012246532365679741,0.011108104139566422
0.005844246596097946,-6.579607725143433e-05,0.012254657223820686,0.011154867708683014
0.005965180695056915,0.00014114473015069962,0.012105884030461311,0.011164642870426178
0.006049074232578278,0.000370267778635025,0.012034809216856956,0.011147432029247284
0.00618242472410202,0.0006765807047486305,0.012024624273180962,0.01072106882929802
0.006270436570048332,0.0010178228840231895,0.01205473206937313,0.01017427071928978
0.006400354206562042,0.001383630558848381,0.012111736461520195,0.00896529108285904
0.00646653026342392,0.0017125122249126434,0.012190127745270729,0.00768415629863739
0.0069379620254039764,0.002048618160188198,0.012435497716069221,0.0072407834231853485
0.007321344688534737,0.0023832423612475395,0.012611167505383492,0.007173225283622742
0.007185298949480057,0.0024941274896264076,0.012874973937869072,0.00655742734670639
0.006983555853366852,0.0024134842678904533,0.012998858466744423,0.005884401500225067
0.007293980568647385,0.002264510840177536,0.012925582006573677,0.0057472363114356995
0.0076016876846551895,0.0021170470863580704,0.012935495004057884,0.005719192326068878
0.007864212617278099,0.0020005377009510994,0.012959139421582222,0.005048729479312897
0.007997706532478333,0.001929163932800293,0.012971533462405205,0.004238113760948181
0.008250316604971886,0.002151581458747387,0.012822626158595085,0.002942681312561035
0.00841614231467247,0.0025701355189085007,0.012754017487168312,0.0016395896673202515
0.008387438952922821,0.0028796540573239326,0.01285337470471859,0.0011509060859680176
0.00816100649535656,0.003118818625807762,0.013121156021952629,0.0013927221298217773
0.007986504584550858,0.0033234013244509697,0.01324380747973919,0.001871153712272644
0.00791780836880207,0.0034579923376441,0.013269660994410515,0.002120085060596466
0.008146235719323158,0.003537834621965885,0.012775449082255363,0.002997294068336487
0.008620284497737885,0.0036122631281614304,0.012435363605618477,0.0049323588609695435
0.008967757225036621,0.0036996472626924515,0.01234397105872631,0.006617706269025803
0.00912204198539257,0.0037776678800582886,0.012317972257733345,0.007326390594244003
0.008593704551458359,0.0037509752437472343,0.012658057734370232,0.007293470203876495
0.00813218206167221,0.0036414191126823425,0.012823188677430153,0.007114257663488388
0.008039740845561028,0.003546670079231262,0.01304859109222889,0.007004905492067337
0.008023735135793686,0.0034752031788229942,0.013191768899559975,0.00691753625869751
0.007768452167510986,0.0034312838688492775,0.013277022168040276,0.007040828466415405
0.007610572502017021,0.003400367684662342,0.013303274288773537,0.007287845015525818
0.007761465385556221,0.0033522164449095726,0.013304559513926506,0.007380761206150055
0.007897833362221718,0.00328116025775671,0.013323137536644936,0.007380425930023193
0.008078765124082565,0.003132482059299946,0.013398969545960426,0.00766705721616745
0.008199648931622505,0.0029430268332362175,0.013480642810463905,0.007976852357387543
0.008329926058650017,0.0027932869270443916,0.013650810346007347,0.008385960012674332
0.008429914712905884,0.002686724066734314,0.013790460303425789,0.008722525089979172
0.008473711088299751,0.002761049196124077,0.013913469389081001,0.00888095423579216
0.008289285004138947,0.002966773696243763,0.01393137313425541,0.008733626455068588
0.008173556998372078,0.0031424937769770622,0.01389540545642376,0.008528802543878555
0.008265255019068718,0.0032233083620667458,0.013964345678687096,0.007859282195568085
0.008314838632941246,0.003238894045352936,0.013966372236609459,0.007154323160648346
0.00847715511918068,0.003185490146279335,0.014043750241398811,0.0070192329585552216
0.00858127512037754,0.0030974997207522392,0.01407194696366787,0.007136344909667969
0.008563216775655746,0.0030769426375627518,0.014084437862038612,0.0069937072694301605
0.008511366322636604,0.0031126784160733223,0.014071064069867134,0.006784398108720779
0.008660029619932175,0.0031744828447699547,0.014232834801077843,0.006973855197429657
0.008775375783443451,0.0032419031485915184,0.014343691989779472,0.0072732605040073395
0.00883508287370205,0.0033066002652049065,0.014420749619603157,0.007279541343450546
0.008862389251589775,0.0033600321039557457,0.014460740610957146,0.007174748927354813
0.008879592642188072,0.003431362099945545,0.014539504423737526,0.007189024239778519
0.00886474922299385,0.003521825186908245,0.01457868330180645,0.007250737398862839
0.00872553139925003,0.0035807043313980103,0.01460144855082035,0.0070645809173583984
0.00862075760960579,0.003602219745516777,0.014588302001357079,0.006853882223367691
0.008771538734436035,0.00364645104855299,0.01448889635503292,0.006857093423604965
0.009049972519278526,0.0037836870178580284,0.014417694881558418,0.007294598966836929
0.009224364534020424,0.0039623575285077095,0.014417489990592003,0.0077436938881874084
0.0095282681286335,0.004095705226063728,0.014375327154994011,0.007917992770671844
0.009745670482516289,0.004190737381577492,0.014358660206198692,0.00792808085680008
0.009918656200170517,0.004299374297261238,0.014432696625590324,0.007896706461906433
0.009992165490984917,0.004416205920279026,0.01448388583958149,0.007836475968360901
0.010113062337040901,0.004622160457074642,0.014570338651537895,0.007695529609918594
0.01021629199385643,0.004884498193860054,0.01462659053504467,0.007543470710515976
0.010286182165145874,0.004943119361996651,0.014707153663039207,0.00819433480501175
0.010503631085157394,0.0048768604174256325,0.014704493805766106,0.009109802544116974
0.010677538812160492,0.0048254141584038734,0.014743508771061897,0.009527783840894699
0.010844223201274872,0.004825175739824772,0.014880022034049034,0.009801212698221207
0.010934222489595413,0.0048365360125899315,0.01502583734691143,0.009958289563655853
0.011593129485845566,0.004755615256726742,0.014739109203219414,0.010824747383594513
0.012113913893699646,0.004646538756787777,0.014592459425330162,0.011750221252441406
0.012189093977212906,0.00465184822678566,0.014283029362559319,0.012399118393659592
0.012165434658527374,0.004740412347018719,0.01411222480237484,0.012857615947723389
0.011909402906894684,0.004859446547925472,0.01404370553791523,0.013883188366889954
0.01172672025859356,0.004954960197210312,0.014025861397385597,0.015045225620269775
0.011631108820438385,0.004997429437935352,0.01416863314807415,0.015211276710033417
0.011582320556044579,0.004989465698599815,0.014279825612902641,0.014970429241657257
0.011538626626133919,0.004926963709294796,0.014038020744919777,0.014812152832746506
0.011566227301955223,0.004824116826057434,0.01389002613723278,0.014731261879205704
0.011528657749295235,0.004749469459056854,0.013876138255000114,0.014874178916215897
0.011505544185638428,0.004712013527750969,0.013865431770682335,0.015108805149793625
0.011551650241017342,0.00469990074634552,0.013877129182219505,0.015296708792448044
0.011592783033847809,0.004703609272837639,0.013892082497477531,0.015423405915498734
0.011685753241181374,0.00470525398850441,0.01388099230825901,0.015509646385908127
0.01175650767982006,0.004705004394054413,0.013882631435990334,0.015553165227174759
0.011795558035373688,0.004695664159953594,0.01390036754310131,0.015531938523054123
0.011792676523327827,0.004685897380113602,0.013922801241278648,0.015494581311941147
0.011782728135585785,0.004682689905166626,0.013929517939686775,0.01548326388001442
0.011778997257351875,0.0046812379732728004,0.01393030397593975,0.015481293201446533
0.011776773259043694,0.004687108099460602,0.01394089125096798,0.015474092215299606
0.011775201186537743,0.004698582924902439,0.01394500769674778,0.015475228428840637
0.011770566925406456,0.004709118045866489,0.013942038640379906,0.015485841780900955
0.011768825352191925,0.004717109724879265,0.013939464464783669,0.015497613698244095
0.011768436059355736,0.004722687415778637,0.01393832080066204,0.015506956726312637
0.011767800897359848,0.0047266846522688866,0.013937631621956825,0.015507649630308151
0.011767318472266197,0.0047295475378632545,0.013937084004282951,0.015505336225032806
0.011767556890845299,0.004731357097625732,0.013936815783381462,0.015505298972129822
0.011767763644456863,0.004732430912554264,0.013936648145318031,0.015506193041801453
0.011768102645874023,0.004733196459710598,0.013936622068285942,0.015509292483329773
0.011768387630581856,0.004733812063932419,0.013936677947640419,0.015512578189373016
0.011767331510782242,0.004734985530376434,0.01393827609717846,0.015511944890022278
0.01176617480814457,0.004736466333270073,0.013939058408141136,0.01551024243235588
0.011767348274588585,0.004737003706395626,0.013939237222075462,0.015510998666286469
0.011768694967031479,0.004736835137009621,0.013939468190073967,0.015512276440858841
0.011769238859415054,0.004736596718430519,0.013939587399363518,0.015512771904468536
0.011769440025091171,0.004736423492431641,0.0139396321028471,0.015512954443693161
0.011762967333197594,0.004721321165561676,0.01395195908844471,0.015377253293991089
0.011761359870433807,0.004693770781159401,0.013958657160401344,0.015215128660202026
0.011762050911784172,0.004669019021093845,0.013962579891085625,0.015145227313041687
0.011747527867555618,0.004671478644013405,0.013985970988869667,0.015126235783100128
0.011735068634152412,0.004696309566497803,0.0139984842389822,0.015122439712285995
0.011766530573368073,0.0047566210851073265,0.013939043506979942,0.015271846204996109
0.011786188930273056,0.004854733124375343,0.013911964371800423,0.01547706127166748
0.011792439967393875,0.004946972243487835,0.013911819085478783,0.015598509460687637
0.011791609227657318,0.005037720315158367,0.013852698728442192,0.015432287007570267
0.011793326586484909,0.005122970789670944,0.013826755806803703,0.015150189399719238
0.01188424602150917,0.005223261192440987,0.013788608834147453,0.015474896878004074
0.011954369023442268,0.0053214943036437035,0.013790769502520561,0.015973452478647232
0.011979766190052032,0.0053879134356975555,0.013797430321574211,0.016194883733987808
0.011964626610279083,0.00540172029286623,0.013824621215462685,0.016132157295942307
0.011948702856898308,0.005371900275349617,0.013833040371537209,0.016011901199817657
0.011877814307808876,0.005346624180674553,0.013838084414601326,0.015849243849515915
0.01192353293299675,0.00532118882983923,0.01380116306245327,0.015406690537929535
0.011985518038272858,0.0052960095927119255,0.013792352750897408,0.014939643442630768
0.012001575902104378,0.005277627147734165,0.01379520632326603,0.01472461223602295
0.011970117688179016,0.0052756983786821365,0.013834124431014061,0.014375165104866028
0.011980801820755005,0.0052628954872488976,0.01381712593138218,0.013230577111244202
0.01198669895529747,0.005225921981036663,0.013810263946652412,0.012086346745491028
0.012012993916869164,0.005115393549203873,0.01393970288336277,0.011954117566347122
0.012058952823281288,0.004954530857503414,0.014052288606762886,0.012211620807647705
0.011937309056520462,0.004889349453151226,0.0142985749989748,0.012031786143779755
0.01174057275056839,0.004846482537686825,0.01449841819703579,0.011334940791130066
0.011616326868534088,0.004764477722346783,0.014550136402249336,0.010747365653514862
0.011510523036122322,0.004794791340827942,0.014816699549555779,0.010296516120433807
0.011403964832425117,0.004926465451717377,0.014934355393052101,0.009995441883802414
0.011444276198744774,0.00509723462164402,0.014896741136908531,0.009854104369878769
0.011499743908643723,0.005290675908327103,0.01485135592520237,0.009731128811836243
0.011600427329540253,0.005431327968835831,0.014712704345583916,0.009522560983896255
0.01168094202876091,0.0055090803653001785,0.014660781249403954,0.009279459714889526
0.011801855638623238,0.0055481186136603355,0.014614773914217949,0.009151488542556763
0.011892074719071388,0.005561424419283867,0.014598866924643517,0.00908619910478592
0.012226823717355728,0.005552228540182114,0.014424948021769524,0.009562082588672638
0.012507807463407516,0.005533620715141296,0.014373423531651497,0.010092545300722122
0.012619290500879288,0.00551952887326479,0.014378516003489494,0.010299280285835266
0.012685110792517662,0.005593881942331791,0.014508875086903572,0.010509233921766281
0.012703657150268555,0.005729367956519127,0.014578329399228096,0.010717250406742096
0.012705273926258087,0.005860465578734875,0.014622369781136513,0.010999567806720734
0.012702127918601036,0.005977805703878403,0.014638951048254967,0.011255975812673569
0.012714570388197899,0.006062988191843033,0.014640754088759422,0.011332809925079346
0.012714361771941185,0.006118588149547577,0.014654943719506264,0.011478196829557419
0.012723779305815697,0.00615108385682106,0.014670060947537422,0.011653624475002289
0.012734854593873024,0.006169803440570831,0.014677615836262703,0.011731315404176712
0.012741168960928917,0.006180494092404842,0.014681080356240273,0.011759050190448761
0.012744078412652016,0.006186549551784992,0.014682630077004433,0.011768080294132233
0.012745307758450508,0.006189923733472824,0.014683349058032036,0.011770904064178467
0.012745806947350502,0.006191789172589779,0.014683688059449196,0.011771757155656815
0.01274600438773632,0.006192799657583237,0.014683851972222328,0.01177198812365532
0.01274607703089714,0.0061933305114507675,0.014683960005640984,0.011772051453590393
0.012746116146445274,0.006193611770868301,0.014684019610285759,0.011772088706493378
0.012752782553434372,0.00619740504771471,0.014677969738841057,0.011758841574192047
0.012756738811731339,0.006204091012477875,0.014675015583634377,0.011738743633031845
0.012746792286634445,0.006218789145350456,0.014698350802063942,0.011691689491271973
0.012732068076729774,0.006239521317183971,0.014706244692206383,0.011648524552583694
0.012657130137085915,0.0062856171280145645,0.01474090851843357,0.011827647686004639
0.012595806270837784,0.0063501279801130295,0.014745863154530525,0.012080725282430649
0.012904630973935127,0.006315934471786022,0.014617698267102242,0.012433148920536041
0.013209354132413864,0.0062270089983940125,0.0145686324685812,0.012688621878623962
0.013101644814014435,0.006238927133381367,0.014737846329808235,0.012438058853149414
0.012937139719724655,0.006328136660158634,0.014801299199461937,0.012113239616155624
0.012753458693623543,0.0064124902710318565,0.014844151213765144,0.01196211576461792
0.012624338269233704,0.006488761864602566,0.014820968732237816,0.011933047324419022
0.012629127129912376,0.006638954393565655,0.01438121683895588,0.011534202843904495
0.012668531388044357,0.006843765266239643,0.014081506058573723,0.011035654693841934
0.013178026303648949,0.0065711429342627525,0.013138925656676292,0.011185899376869202
0.013630358502268791,0.005934922955930233,0.012695876881480217,0.011402595788240433
0.0138850137591362,0.0053049735724925995,0.012511061504483223,0.0113929882645607
0.014043662697076797,0.004763143137097359,0.012449434027075768,0.011326026171445847
0.014070020988583565,0.004322321154177189,0.01246725209057331,0.01104012131690979
0.014056123793125153,0.003967562690377235,0.012485453858971596,0.010734554380178452
0.014076797291636467,0.0037404242902994156,0.012585746124386787,0.010713156312704086
0.014082390815019608,0.0036109546199440956,0.012653985992074013,0.010792430490255356
0.014075886458158493,0.0035302815958857536,0.012677760794758797,0.010831601917743683
0.014070408418774605,0.0034777577966451645,0.012687860056757927,0.010845966637134552
0.014092527329921722,0.003421097993850708,0.01264861784875393,0.01072755828499794
0.014112204313278198,0.0033591538667678833,0.012630099430680275,0.010571550577878952
0.014126712456345558,0.003312063403427601,0.012620428577065468,0.010540973395109177
0.014137228950858116,0.003282228484749794,0.012614527717232704,0.010566305369138718
0.014161556959152222,0.0032251477241516113,0.012581659480929375,0.010628785938024521
0.014190049842000008,0.0031492868438363075,0.012568240985274315,0.010682370513677597
0.014197351410984993,0.0031116800382733345,0.012546764686703682,0.010677460581064224
0.014179915189743042,0.0030956855043768883,0.012543587014079094,0.010659821331501007
0.014165056869387627,0.003078804351389408,0.01254316233098507,0.010656647384166718
0.014158332720398903,0.0030658943578600883,0.012541553005576134,0.010657787322998047
0.014134800061583519,0.003071560524404049,0.01250273548066616,0.010721493512392044
0.014117861166596413,0.0030915960669517517,0.012471804395318031,0.010805733501911163
0.014091113582253456,0.0030982373282313347,0.012473409995436668,0.010799508541822433
0.014065593481063843,0.003090403974056244,0.012475820258259773,0.010763753205537796
0.014031194150447845,0.00307378638535738,0.01249704696238041,0.010855820029973984
0.013999823480844498,0.0030531659722328186,0.012510741129517555,0.01098572090268135
0.01400989294052124,0.002995234914124012,0.01247255690395832,0.011099804192781448
0.014027547091245651,0.002917441539466381,0.012449601665139198,0.011176899075508118
0.013969650492072105,0.0028933798894286156,0.012527378275990486,0.011212527751922607
0.013931812718510628,0.002920643426477909,0.012564687058329582,0.011244531720876694
0.013791477307677269,0.0029557514935731888,0.012634599581360817,0.011090215295553207
0.013670668005943298,0.002992093563079834,0.012640679255127907,0.010916437953710556
0.013476934283971786,0.00306782778352499,0.012792704626917839,0.010764773935079575
0.013317028060555458,0.00316750630736351,0.012848956510424614,0.010699253529310226
0.013140944764018059,0.003200977109372616,0.01285640336573124,0.010594196617603302
0.01308918185532093,0.0030880682170391083,0.012639446184039116,0.010288123041391373
0.013116786256432533,0.0028961189091205597,0.01254262961447239,0.009984206408262253
0.013197824358940125,0.0026354817673563957,0.012605341151356697,0.010126587003469467
0.013288803398609161,0.002351776696741581,0.012716135010123253,0.010327134281396866
0.013382906094193459,0.0020681554451584816,0.012818796560168266,0.010562513023614883
0.013417093083262444,0.0018147500231862068,0.012882964685559273,0.010751776397228241
0.013417160138487816,0.0016379421576857567,0.012908371165394783,0.010825853794813156
0.013412714004516602,0.0015233755111694336,0.012919286265969276,0.010851021856069565
0.013409260660409927,0.0014510219916701317,0.0129255261272192,0.01086248829960823
0.013407455757260323,0.0014057112857699394,0.012929284945130348,0.010868757963180542
0.013415157794952393,0.001492893323302269,0.013012470677495003,0.010911799967288971
0.013400256633758545,0.0016886889934539795,0.013006309047341347,0.011018309742212296
0.013292673975229263,0.0019458653405308723,0.013012802228331566,0.010881703346967697
0.013207020238041878,0.002212376333773136,0.012991605326533318,0.010697536170482635
0.013209758326411247,0.0024949805811047554,0.01304359920322895,0.010546211153268814
0.013205409049987793,0.0027845343574881554,0.013033857569098473,0.010443773120641708
0.013192089274525642,0.0030111130326986313,0.012998370453715324,0.010404851287603378
0.013502107933163643,0.003035333938896656,0.012612799182534218,0.010669339448213577
0.013920029625296593,0.0028795991092920303,0.012404272332787514,0.011035226285457611
0.01417669840157032,0.0027187466621398926,0.012362668290734291,0.011246059089899063
0.014192409813404083,0.0026920344680547714,0.012620197609066963,0.011123213917016983
0.01412104070186615,0.002749430015683174,0.012783156707882881,0.010928507894277573
0.014077708125114441,0.0028024939820170403,0.012863380834460258,0.01053878664970398
0.014055399224162102,0.0028051193803548813,0.01295112632215023,0.01011698693037033
0.013847189024090767,0.002866164781153202,0.013121215626597404,0.010126017034053802
0.01368943601846695,0.0029724538326263428,0.013204863294959068,0.010348506271839142
0.01363210566341877,0.003066158853471279,0.013268711045384407,0.010788161307573318
0.013619108125567436,0.0031483732163906097,0.013307308778166771,0.011214837431907654
0.01351175643503666,0.003249155357480049,0.013406729325652122,0.01116751879453659
0.013412095606327057,0.003355179913341999,0.013454223051667213,0.01096326857805252
0.013421570882201195,0.003412120044231415,0.013487407937645912,0.01057497039437294
0.013457415625452995,0.0034275148063898087,0.013512710109353065,0.010174814611673355
0.013534056022763252,0.0034443745389580727,0.013495096936821938,0.009955834597349167
0.013593126088380814,0.003463395871222019,0.013508951291441917,0.009809911251068115
0.013573428615927696,0.003507407382130623,0.013586314395070076,0.009743273258209229
0.01341400109231472,0.003687087446451187,0.013623526319861412,0.010358497500419617
0.013280471786856651,0.003935510292649269,0.013619007542729378,0.011149685829877853
0.013251056894659996,0.004198136739432812,0.013665618374943733,0.01129758358001709
0.013229243457317352,0.00443869736045599,0.013734439387917519,0.011093348264694214
0.013208620250225067,0.004603583365678787,0.013766897842288017,0.01097133383154869
0.013042449951171875,0.004779043607413769,0.013930337503552437,0.01079939678311348
0.012852795422077179,0.005063831806182861,0.013980260118842125,0.01076439768075943
0.01279134675860405,0.005377977155148983,0.013915160670876503,0.010873522609472275
0.012723395600914955,0.005671476945281029,0.014103485271334648,0.010619256645441055
0.012694325298070908,0.005907141603529453,0.014259343966841698,0.010258041322231293
0.012751497328281403,0.006023329682648182,0.014398312196135521,0.010579369962215424
0.012773755937814713,0.006062381900846958,0.014472255483269691,0.011120665818452835
0.01279723271727562,0.0060904137790203094,0.014595994725823402,0.011461503803730011
0.012786274775862694,0.006121481768786907,0.014667646959424019,0.011653933674097061
0.012767525389790535,0.006145620718598366,0.014682786539196968,0.011731434613466263
0.012756016105413437,0.0061624180525541306,0.01468508131802082,0.011758841574192047
0.012750450521707535,0.006173597648739815,0.014685096219182014,0.011767886579036713
0.012747982516884804,0.006180881522595882,0.014684820547699928,0.011770758777856827
0.012746915221214294,0.006185572594404221,0.014684593304991722,0.011771675199270248
0.012746468186378479,0.006188569590449333,0.014684410765767097,0.011771950870752335
0.012690715491771698,0.006278972141444683,0.014527497813105583,0.011544924229383469
0.012683162465691566,0.006426666863262653,0.014416338875889778,0.011284925043582916
0.012602047994732857,0.006427609361708164,0.01441756822168827,0.010876845568418503
0.01248934492468834,0.006319865584373474,0.014381742104887962,0.010514877736568451
0.012780750170350075,0.006175121292471886,0.013801267370581627,0.010685987770557404
0.013070283457636833,0.00604002270847559,0.013519307598471642,0.010837815701961517
0.013169458135962486,0.005699940957129002,0.013442771509289742,0.010717950761318207
0.01321231946349144,0.005209781229496002,0.013403380289673805,0.010612796992063522
0.013577109202742577,0.0046570394188165665,0.01304534636437893,0.010738171637058258
0.013899799436330795,0.004120032303035259,0.01289202831685543,0.010833550244569778
0.014013299718499184,0.003745216876268387,0.012901222333312035,0.01085737720131874
0.014063308015465736,0.0035173501819372177,0.012900670990347862,0.01088893786072731
0.014089509844779968,0.0033832555636763573,0.01289462111890316,0.010905198752880096
0.014101838693022728,0.0033056996762752533,0.012890288606286049,0.010911092162132263
0.014107275754213333,0.003261423669755459,0.012887535616755486,0.010912913829088211
0.014109589159488678,0.003236420452594757,0.01288575865328312,0.010913416743278503
0.014110555872321129,0.0032224878668785095,0.012884585186839104,0.010913550853729248
0.014110961928963661,0.0032148193567991257,0.012883840128779411,0.010913580656051636
0.014111138880252838,0.003210674971342087,0.012883355841040611,0.010913580656051636
0.014111211523413658,0.0032084761187434196,0.01288304291665554,0.01091356948018074
0.014111235737800598,0.0032073548063635826,0.012882830575108528,0.01091356948018074
0.014111245051026344,0.0032067978754639626,0.012882696464657784,0.01091356948018074
0.014111248776316643,0.0032065603882074356,0.012882595881819725,0.01091356948018074
0.014111248776316643,0.003206465393304825,0.012882543727755547,0.01091356948018074
0.014111248776316643,0.003206433728337288,0.012882517650723457,0.01091356948018074
0.014111248776316643,0.00320644024759531,0.01288248784840107,0.01091356948018074
0.014111248776316643,0.0032064439728856087,0.01288248784840107,0.01091356948018074
0.014111248776316643,0.0032064467668533325,0.01288248784840107,0.01091356948018074
0.014111248776316643,0.0032064467668533325,0.01288248784840107,0.01091356948018074
0.014111248776316643,0.0032064467668533325,0.01288248784840107,0.01091356948018074
0.014111248776316643,0.0032064467668533325,0.01288248784840107,0.01091356948018074
0.014111248776316643,0.0032064467668533325,0.01288248784840107,0.01091356948018074
0.014111248776316643,0.0032064467668533325,0.01288248784840107,0.01091356948018074
0.014111248776316643,0.0032064467668533325,0.01288248784840107,0.01091356948018074
0.014111248776316643,0.0032064467668533325,0.01288248784840107,0.01091356948018074
0.014111248776316643,0.0032064467668533325,0.01288248784840107,0.01091356948018074
0.014111248776316643,0.0032064467668533325,0.01288248784840107,0.01091356948018074
0.014111248776316643,0.0032064467668533325,0.01288248784840107,0.01091356948018074
0.014111248776316643,0.0032064467668533325,0.01288248784840107,0.01091356948018074
0.014111248776316643,0.0032064467668533325,0.01288248784840107,0.01091356948018074
0.014111248776316643,0.0032064467668533325,0.01288248784840107,0.01091356948018074
0.014111248776316643,0.0032064467668533325,0.01288248784840107,0.01091356948018074
0.014111248776316643,0.0032064467668533325,0.01288248784840107,0.01091356948018074
0.014111248776316643,0.0032064467668533325,0.01288248784840107,0.01091356948018074
0.014111248776316643,0.0032064467668533325,0.01288248784840107,0.01091356948018074
0.014111248776316643,0.0032064467668533325,0.01288248784840107,0.01091356948018074
0.014111248776316643,0.0032064467668533325,0.01288248784840107,0.01091356948018074
0.014111248776316643,0.0032064467668533325,0.01288248784840107,0.01091356948018074
0.014111248776316643,0.0032064467668533325,0.01288248784840107,0.01091356948018074
0.014111248776316643,0.0032064467668533325,0.01288248784840107,0.01091356948018074
0.014111248776316643,0.0032064467668533325,0.01288248784840107,0.01091356948018074
0.014111248776316643,0.0032064467668533325,0.01288248784840107,0.01091356948018074
0.014111248776316643,0.0032064467668533325,0.01288248784840107,0.01091356948018074
0.014111248776316643,0.0032064467668533325,0.01288248784840107,0.01091356948018074
0.014111248776316643,0.0032064467668533325,0.01288248784840107,0.01091356948018074
0.014111248776316643,0.0032064467668533325,0.01288248784840107,0.01091356948018074
0.014111248776316643,0.0032064467668533325,0.01288248784840107,0.01091356948018074
0.014111248776316643,0.0032064467668533325,0.01288248784840107,0.01091356948018074
0.014111248776316643,0.0032064467668533325,0.01288248784840107,0.01091356948018074
0.014111248776316643,0.0032064467668533325,0.01288248784840107,0.01091356948018074
0.014111248776316643,0.0032064467668533325,0.01288248784840107,0.01091356948018074
0.014111248776316643,0.0032064467668533325,0.01288248784840107,0.01091356948018074
0.014111248776316643,0.0032064467668533325,0.01288248784840107,0.01091356948018074
0.014111248776316643,0.0032064467668533325,0.01288248784840107,0.01091356948018074
0.014111248776316643,0.0032064467668533325,0.01288248784840107,0.01091356948018074
0.014111248776316643,0.0032064467668533325,0.01288248784840107,0.01091356948018074
0.014111248776316643,0.0032064467668533325,0.01288248784840107,0.01091356948018074
0.014111248776316643,0.0032064467668533325,0.01288248784840107,0.01091356948018074
0.014111248776316643,0.0032064467668533325,0.01288248784840107,0.01091356948018074
0.014111248776316643,0.0032064467668533325,0.01288248784840107,0.01091356948018074
0.014111248776316643,0.0032064467668533325,0.01288248784840107,0.01091356948018074
0.014111248776316643,0.0032064467668533325,0.01288248784840107,0.01091356948018074
0.014111248776316643,0.0032064467668533325,0.01288248784840107,0.01091356948018074
0.014111248776316643,0.0032064467668533325,0.01288248784840107,0.01091356948018074
0.014111248776316643,0.0032064467668533325,0.01288248784840107,0.01091356948018074
0.014111248776316643,0.0032064467668533325,0.01288248784840107,0.01091356948018074
0.014111248776316643,0.0032064467668533325,0.01288248784840107,0.01091356948018074
0.014111248776316643,0.0032064467668533325,0.01288248784840107,0.01091356948018074
0.014111248776316643,0.0032064467668533325,0.01288248784840107,0.01091356948018074
0.014111248776316643,0.0032064467668533325,0.01288248784840107,0.01091356948018074
0.014111248776316643,0.0032064467668533325,0.01288248784840107,0.01091356948018074
0.014111248776316643,0.0032064467668533325,0.01288248784840107,0.01091356948018074
0.014111248776316643,0.0032064467668533325,0.01288248784840107,0.01091356948018074
0.014111248776316643,0.0032064467668533325,0.01288248784840107,0.01091356948018074
0.014111248776316643,0.0032064467668533325,0.01288248784840107,0.01091356948018074
0.014111248776316643,0.0032064467668533325,0.01288248784840107,0.01091356948018074
0.014111248776316643,0.0032064467668533325,0.01288248784840107,0.01091356948018074
0.014111248776316643,0.0032064467668533325,0.01288248784840107,0.01091356948018074
0.014111248776316643,0.0032064467668533325,0.01288248784840107,0.01091356948018074
0.014111248776316643,0.0032064467668533325,0.01288248784840107,0.01091356948018074
0.014111248776316643,0.0032064467668533325,0.01288248784840107,0.01091356948018074
0.014111248776316643,0.0032064467668533325,0.01288248784840107,0.01091356948018074
0.014111248776316643,0.0032064467668533325,0.01288248784840107,0.01091356948018074
0.014111248776316643,0.0032064467668533325,0.01288248784840107,0.01091356948018074
0.014111248776316643,0.0032064467668533325,0.01288248784840107,0.01091356948018074
0.014111248776316643,0.0032064467668533325,0.01288248784840107,0.01091356948018074
0.014111248776316643,0.0032064467668533325,0.01288248784840107,0.01091356948018074
0.014123188331723213,0.0032006260007619858,0.012880707159638405,0.01090461015701294
0.014132963493466377,0.003190061077475548,0.012883106246590614,0.010890297591686249
0.0141362976282835,0.0031808409839868546,0.012885568663477898,0.010882750153541565
0.01413734070956707,0.0031739426776766777,0.01288704015314579,0.010879803448915482
0.014137672260403633,0.003169029951095581,0.012887919321656227,0.0108787901699543
0.014137789607048035,0.0031656259670853615,0.012888440862298012,0.01087847352027893
0.014137828722596169,0.0031632930040359497,0.01288878358900547,0.010878395289182663
0.01413785107433796,0.0031617162749171257,0.012888999655842781,0.010878365486860275
0.014137865975499153,0.003160654567182064,0.01288912259042263,0.010878358036279678
0.014137865975499153,0.0031599393114447594,0.012889208272099495,0.010878358036279678
0.014137865975499153,0.003159469924867153,0.012889260426163673,0.010878358036279678
0.014137865975499153,0.003159160725772381,0.01288929395377636,0.010878358036279678
0.014137865975499153,0.0031589502468705177,0.012889320030808449,0.010878358036279678
0.014137865975499153,0.003158806823194027,0.012889338657259941,0.010878358036279678
0.014137865975499153,0.003158722072839737,0.012889338657259941,0.010878358036279678
0.014137865975499153,0.003158670850098133,0.012889338657259941,0.010878358036279678
0.014137865975499153,0.003158639185130596,0.012889338657259941,0.010878358036279678
0.014137865975499153,0.0031586214900016785,0.012889338657259941,0.010878358036279678
0.014137865975499153,0.003158610314130783,0.012889338657259941,0.010878358036279678
0.014137865975499153,0.0031586047261953354,0.012889338657259941,0.010878358036279678
0.014137865975499153,0.0031586000695824623,0.012889338657259941,0.010878358036279678
0.014137865975499153,0.0031585972756147385,0.012889338657259941,0.010878358036279678
0.014137865975499153,0.0031585944816470146,0.012889338657259941,0.010878358036279678
0.014137865975499153,0.0031585944816470146,0.012889338657259941,0.010878358036279678
0.014137865975499153,0.0031585944816470146,0.012889338657259941,0.010878358036279678
0.014137865975499153,0.0031585944816470146,0.012889338657259941,0.010878358036279678
0.014137865975499153,0.0031585944816470146,0.012889338657259941,0.010878358036279678
0.014137865975499153,0.0031585944816470146,0.012889338657259941,0.010878358036279678
0.014137865975499153,0.0031585944816470146,0.012889338657259941,0.010878358036279678
0.014137865975499153,0.0031585944816470146,0.012889338657259941,0.010878358036279678
0.014137865975499153,0.0031585944816470146,0.012889338657259941,0.010878358036279678
0.014137865975499153,0.0031585944816470146,0.012889338657259941,0.010878358036279678
0.014137865975499153,0.0031585944816470146,0.012889338657259941,0.010878358036279678
0.014137865975499153,0.0031585944816470146,0.012889338657259941,0.010878358036279678
0.014137865975499153,0.0031585944816470146,0.012889338657259941,0.010878358036279678
0.014137865975499153,0.0031585944816470146,0.012889338657259941,0.010878358036279678
0.014137865975499153,0.0031585944816470146,0.012889338657259941,0.010878358036279678
0.014137865975499153,0.0031585944816470146,0.012889338657259941,0.010878358036279678
0.014137865975499153,0.0031585944816470146,0.012889338657259941,0.010878358036279678
0.014137865975499153,0.0031585944816470146,0.012889338657259941,0.010878358036279678
0.014137865975499153,0.0031585944816470146,0.012889338657259941,0.010878358036279678
0.014137865975499153,0.0031585944816470146,0.012889338657259941,0.010878358036279678
0.014137865975499153,0.0031585944816470146,0.012889338657259941,0.010878358036279678
0.014137865975499153,0.0031585944816470146,0.012889338657259941,0.010878358036279678
0.014137865975499153,0.0031585944816470146,0.012889338657259941,0.010878358036279678
0.014137865975499153,0.0031585944816470146,0.012889338657259941,0.010878358036279678
0.014137865975499153,0.0031585944816470146,0.012889338657259941,0.010878358036279678
0.014137865975499153,0.0031585944816470146,0.012889338657259941,0.010878358036279678
0.014137865975499153,0.0031585944816470146,0.012889338657259941,0.010878358036279678
0.014137865975499153,0.0031585944816470146,0.012889338657259941,0.010878358036279678
0.014137865975499153,0.0031585944816470146,0.012889338657259941,0.010878358036279678
0.014137865975499153,0.0031585944816470146,0.012889338657259941,0.010878358036279678
0.014137865975499153,0.0031585944816470146,0.012889338657259941,0.010878358036279678
0.014137865975499153,0.0031585944816470146,0.012889338657259941,0.010878358036279678
0.014137865975499153,0.0031585944816470146,0.012889338657259941,0.010878358036279678
0.014137865975499153,0.0031585944816470146,0.012889338657259941,0.010878358036279678
0.014137865975499153,0.0031585944816470146,0.012889338657259941,0.010878358036279678
0.014137865975499153,0.0031585944816470146,0.012889338657259941,0.010878358036279678
0.014137865975499153,0.0031585944816470146,0.012889338657259941,0.010878358036279678
0.014137865975499153,0.0031585944816470146,0.012889338657259941,0.010878358036279678
0.014137865975499153,0.0031585944816470146,0.012889338657259941,0.010878358036279678
0.014137865975499153,0.0031585944816470146,0.012889338657259941,0.010878358036279678
0.014137865975499153,0.0031585944816470146,0.012889338657259941,0.010878358036279678
0.014137865975499153,0.0031585944816470146,0.012889338657259941,0.010878358036279678
0.014137865975499153,0.0031585944816470146,0.012889338657259941,0.010878358036279678
0.014137865975499153,0.0031585944816470146,0.012889338657259941,0.010878358036279678
0.014137865975499153,0.0031585944816470146,0.012889338657259941,0.010878358036279678
0.014137865975499153,0.0031585944816470146,0.012889338657259941,0.010878358036279678
0.014137865975499153,0.0031585944816470146,0.012889338657259941,0.010878358036279678
0.014137865975499153,0.0031585944816470146,0.012889338657259941,0.010878358036279678
0.014137865975499153,0.0031585944816470146,0.012889338657259941,0.010878358036279678
0.014137865975499153,0.0031585944816470146,0.012889338657259941,0.010878358036279678
0.014137865975499153,0.0031585944816470146,0.012889338657259941,0.010878358036279678
0.014137865975499153,0.0031585944816470146,0.012889338657259941,0.010878358036279678
0.014137865975499153,0.0031585944816470146,0.012889338657259941,0.010878358036279678
0.014137865975499153,0.0031585944816470146,0.012889338657259941,0.010878358036279678
0.014137865975499153,0.0031585944816470146,0.012889338657259941,0.010878358036279678
0.014137865975499153,0.0031585944816470146,0.012889338657259941,0.010878358036279678
0.014137865975499153,0.0031585944816470146,0.012889338657259941,0.010878358036279678
0.014137865975499153,0.0031585944816470146,0.012889338657259941,0.010878358036279678
0.014137865975499153,0.0031585944816470146,0.012889338657259941,0.010878358036279678
0.014137865975499153,0.0031585944816470146,0.012889338657259941,0.010878358036279678
0.014137865975499153,0.0031585944816470146,0.012889338657259941,0.010878358036279678
0.014137865975499153,0.0031585944816470146,0.012889338657259941,0.010878358036279678
0.014137865975499153,0.0031585944816470146,0.012889338657259941,0.010878358036279678
0.014137865975499153,0.0031585944816470146,0.012889338657259941,0.010878358036279678
0.014137865975499153,0.0031585944816470146,0.012889338657259941,0.010878358036279678
0.014137865975499153,0.0031585944816470146,0.012889338657259941,0.010878358036279678
0.014137865975499153,0.0031585944816470146,0.012889338657259941,0.010878358036279678
0.014137865975499153,0.0031585944816470146,0.012889338657259941,0.010878358036279678
0.014137865975499153,0.0031585944816470146,0.012889338657259941,0.010878358036279678
0.014137865975499153,0.0031585944816470146,0.012889338657259941,0.010878358036279678
0.014137865975499153,0.0031585944816470146,0.012889338657259941,0.010878358036279678
0.014137865975499153,0.0031585944816470146,0.012889338657259941,0.010878358036279678
0.014137865975499153,0.0031585944816470146,0.012889338657259941,0.010878358036279678
0.014137865975499153,0.0031585944816470146,0.012889338657259941,0.010878358036279678
0.014137865975499153,0.0031585944816470146,0.012889338657259941,0.010878358036279678
0.014137865975499153,0.0031585944816470146,0.012889338657259941,0.010878358036279678
0.014137865975499153,0.0031585944816470146,0.012889338657259941,0.010878358036279678
0.014137865975499153,0.0031585944816470146,0.012889338657259941,0.010878358036279678
0.014137865975499153,0.0031585944816470146,0.012889338657259941,0.010878358036279678
0.014137865975499153,0.0031585944816470146,0.012889338657259941,0.010878358036279678
0.014137865975499153,0.0031585944816470146,0.012889338657259941,0.010878358036279678
0.014137865975499153,0.0031585944816470146,0.012889338657259941,0.010878358036279678
0.014137865975499153,0.0031585944816470146,0.012889338657259941,0.010878358036279678
0.014137865975499153,0.0031585944816470146,0.012889338657259941,0.010878358036279678
0.014137865975499153,0.0031585944816470146,0.012889338657259941,0.010878358036279678
0.014137865975499153,0.0031585944816470146,0.012889338657259941,0.010878358036279678
0.014137865975499153,0.0031585944816470146,0.012889338657259941,0.010878358036279678
0.014137865975499153,0.0031585944816470146,0.012889338657259941,0.010878358036279678
0.014137865975499153,0.0031585944816470146,0.012889338657259941,0.010878358036279678
0.014137865975499153,0.0031585944816470146,0.012889338657259941,0.010878358036279678
0.014137865975499153,0.0031585944816470146,0.012889338657259941,0.010878358036279678
0.014137865975499153,0.0031585944816470146,0.012889338657259941,0.010878358036279678
0.014137865975499153,0.0031585944816470146,0.012889338657259941,0.010878358036279678
0.014137865975499153,0.0031585944816470146,0.012889338657259941,0.010878358036279678
0.014137865975499153,0.0031585944816470146,0.012889338657259941,0.010878358036279678
0.014137865975499153,0.0031585944816470146,0.012889338657259941,0.010878358036279678
0.014137865975499153,0.0031585944816470146,0.012889338657259941,0.010878358036279678
0.014137865975499153,0.0031585944816470146,0.012889338657259941,0.010878358036279678
0.014137865975499153,0.0031585944816470146,0.012889338657259941,0.010878358036279678
0.014137865975499153,0.0031585944816470146,0.012889338657259941,0.010878358036279678
0.014137865975499153,0.0031585944816470146,0.012889338657259941,0.010878358036279678
0.014137865975499153,0.0031585944816470146,0.012889338657259941,0.010878358036279678
0.014137865975499153,0.0031585944816470146,0.012889338657259941,0.010878358036279678
0.014137865975499153,0.0031585944816470146,0.012889338657259941,0.010878358036279678
0.014137865975499153,0.0031585944816470146,0.012889338657259941,0.010878358036279678
0.014137865975499153,0.0031585944816470146,0.012889338657259941,0.010878358036279678
0.014137865975499153,0.0031585944816470146,0.012889338657259941,0.010878358036279678
0.014137865975499153,0.0031585944816470146,0.012889338657259941,0.010878358036279678
0.014137865975499153,0.0031585944816470146,0.012889338657259941,0.010878358036279678
0.014137865975499153,0.0031585944816470146,0.012889338657259941,0.010878358036279678
0.014137865975499153,0.0031585944816470146,0.012889338657259941,0.010878358036279678
0.014137865975499153,0.0031585944816470146,0.012889338657259941,0.010878358036279678
0.014137865975499153,0.0031585944816470146,0.012889338657259941,0.010878358036279678
0.014137865975499153,0.0031585944816470146,0.012889338657259941,0.010878358036279678
0.014137865975499153,0.0031585944816470146,0.012889338657259941,0.010878358036279678
0.014137865975499153,0.0031585944816470146,0.012889338657259941,0.010878358036279678
0.014137865975499153,0.0031585944816470146,0.012889338657259941,0.010878358036279678
0.014137865975499153,0.0031585944816470146,0.012889338657259941,0.010878358036279678
0.014137865975499153,0.0031585944816470146,0.012889338657259941,0.010878358036279678
0.014137865975499153,0.0031585944816470146,0.012889338657259941,0.010878358036279678
0.014137865975499153,0.0031585944816470146,0.012889338657259941,0.010878358036279678
0.014137865975499153,0.0031585944816470146,0.012889338657259941,0.010878358036279678
0.014137865975499153,0.0031585944816470146,0.012889338657259941,0.010878358036279678
0.014137865975499153,0.0031585944816470146,0.012889338657259941,0.010878358036279678
0.014137865975499153,0.0031585944816470146,0.012889338657259941,0.010878358036279678
0.014137865975499153,0.0031585944816470146,0.012889338657259941,0.010878358036279678
0.014137865975499153,0.0031585944816470146,0.012889338657259941,0.010878358036279678
0.014137865975499153,0.0031585944816470146,0.012889338657259941,0.010878358036279678
0.014137865975499153,0.0031585944816470146,0.012889338657259941,0.010878358036279678
0.014137865975499153,0.0031585944816470146,0.012889338657259941,0.010878358036279678
0.014137865975499153,0.0031585944816470146,0.012889338657259941,0.010878358036279678
0.014137865975499153,0.0031585944816470146,0.012889338657259941,0.010878358036279678
0.014137865975499153,0.0031585944816470146,0.012889338657259941,0.010878358036279678
0.014137865975499153,0.0031585944816470146,0.012889338657259941,0.010878358036279678
0.014137865975499153,0.0031585944816470146,0.012889338657259941,0.010878358036279678
0.014137865975499153,0.0031585944816470146,0.012889338657259941,0.010878358036279678
0.014137865975499153,0.0031585944816470146,0.012889338657259941,0.010878358036279678
0.014137865975499153,0.0031585944816470146,0.012889338657259941,0.010878358036279678
0.014137865975499153,0.0031585944816470146,0.012889338657259941,0.010878358036279678
0.014137865975499153,0.0031585944816470146,0.012889338657259941,0.010878358036279678
0.014137865975499153,0.0031585944816470146,0.012889338657259941,0.010878358036279678
0.014137865975499153,0.0031585944816470146,0.012889338657259941,0.010878358036279678
0.014137865975499153,0.0031585944816470146,0.012889338657259941,0.010878358036279678
0.014137865975499153,0.0031585944816470146,0.012889338657259941,0.010878358036279678
0.014137865975499153,0.0031585944816470146,0.012889338657259941,0.010878358036279678
0.014137865975499153,0.0031585944816470146,0.012889338657259941,0.010878358036279678
0.014137865975499153,0.0031585944816470146,0.012889338657259941,0.010878358036279678
0.014137865975499153,0.0031585944816470146,0.012889338657259941,0.010878358036279678
0.014137865975499153,0.0031585944816470146,0.012889338657259941,0.010878358036279678
0.014137865975499153,0.0031585944816470146,0.012889338657259941,0.010878358036279678
0.014137865975499153,0.0031585944816470146,0.012889338657259941,0.010878358036279678
0.014137865975499153,0.0031585944816470146,0.012889338657259941,0.010878358036279678
0.014137865975499153,0.0031585944816470146,0.012889338657259941,0.010878358036279678
0.014137865975499153,0.0031585944816470146,0.012889338657259941,0.010878358036279678
0.014137865975499153,0.0031585944816470146,0.012889338657259941,0.010878358036279678
0.014137865975499153,0.0031585944816470146,0.012889338657259941,0.010878358036279678
0.014137865975499153,0.0031585944816470146,0.012889338657259941,0.010878358036279678
0.014137865975499153,0.0031585944816470146,0.012889338657259941,0.010878358036279678
0.014137865975499153,0.0031585944816470146,0.012889338657259941,0.010878358036279678
0.014137865975499153,0.0031585944816470146,0.012889338657259941,0.010878358036279678
0.014137865975499153,0.0031585944816470146,0.012889338657259941,0.010878358036279678
0.014137865975499153,0.0031585944816470146,0.012889338657259941,0.010878358036279678
0.014137865975499153,0.0031585944816470146,0.012889338657259941,0.010878358036279678
0.014137865975499153,0.0031585944816470146,0.012889338657259941,0.010878358036279678
0.014137865975499153,0.0031585944816470146,0.012889338657259941,0.010878358036279678
0.014137865975499153,0.0031585944816470146,0.012889338657259941,0.010878358036279678
0.014137865975499153,0.0031585944816470146,0.012889338657259941,0.010878358036279678
0.014137865975499153,0.0031585944816470146,0.012889338657259941,0.010878358036279678
0.014137865975499153,0.0031585944816470146,0.012889338657259941,0.010878358036279678
0.014137865975499153,0.0031585944816470146,0.012889338657259941,0.010878358036279678
0.014137865975499153,0.0031585944816470146,0.012889338657259941,0.010878358036279678
0.014137865975499153,0.0031585944816470146,0.012889338657259941,0.010878358036279678
0.014137865975499153,0.0031585944816470146,0.012889338657259941,0.010878358036279678
0.014137865975499153,0.0031585944816470146,0.012889338657259941,0.010878358036279678
0.014137865975499153,0.0031585944816470146,0.012889338657259941,0.010878358036279678
0.014137865975499153,0.0031585944816470146,0.012889338657259941,0.010878358036279678
0.014137865975499153,0.0031585944816470146,0.012889338657259941,0.010878358036279678
0.014137865975499153,0.0031585944816470146,0.012889338657259941,0.010878358036279678
0.014137865975499153,0.0031585944816470146,0.012889338657259941,0.010878358036279678
0.014137865975499153,0.0031585944816470146,0.012889338657259941,0.010878358036279678
0.014137865975499153,0.0031585944816470146,0.012889338657259941,0.010878358036279678
0.014137865975499153,0.0031585944816470146,0.012889338657259941,0.010878358036279678
0.014137865975499153,0.0031585944816470146,0.012889338657259941,0.010878358036279678
0.014137865975499153,0.0031585944816470146,0.012889338657259941,0.010878358036279678
0.014137865975499153,0.0031585944816470146,0.012889338657259941,0.010878358036279678
0.014137865975499153,0.0031585944816470146,0.012889338657259941,0.010878358036279678
0.014137865975499153,0.0031585944816470146,0.012889338657259941,0.010878358036279678
0.014137865975499153,0.0031585944816470146,0.012889338657259941,0.010878358036279678
0.014137865975499153,0.0031585944816470146,0.012889338657259941,0.010878358036279678
0.014137865975499153,0.0031585944816470146,0.012889338657259941,0.010878358036279678
0.014137865975499153,0.0031585944816470146,0.012889338657259941,0.010878358036279678
0.014137865975499153,0.0031585944816470146,0.012889338657259941,0.010878358036279678
0.014137865975499153,0.0031585944816470146,0.012889338657259941,0.010878358036279678
0.014137865975499153,0.0031585944816470146,0.012889338657259941,0.010878358036279678
0.014137865975499153,0.0031585944816470146,0.012889338657259941,0.010878358036279678
0.014137865975499153,0.0031585944816470146,0.012889338657259941,0.010878358036279678
0.014137865975499153,0.0031585944816470146,0.012889338657259941,0.010878358036279678
0.014137865975499153,0.0031585944816470146,0.012889338657259941,0.010878358036279678
0.014137865975499153,0.0031585944816470146,0.012889338657259941,0.010878358036279678
0.014137865975499153,0.0031585944816470146,0.012889338657259941,0.010878358036279678
0.014137865975499153,0.0031585944816470146,0.012889338657259941,0.010878358036279678
0.014137865975499153,0.0031585944816470146,0.012889338657259941,0.010878358036279678
0.014137865975499153,0.0031585944816470146,0.012889338657259941,0.010878358036279678
0.014137865975499153,0.0031585944816470146,0.012889338657259941,0.010878358036279678
0.014137865975499153,0.0031585944816470146,0.012889338657259941,0.010878358036279678
0.014137865975499153,0.0031585944816470146,0.012889338657259941,0.010878358036279678
0.014137865975499153,0.0031585944816470146,0.012889338657259941,0.010878358036279678
0.014137865975499153,0.0031585944816470146,0.012889338657259941,0.010878358036279678
0.014137865975499153,0.0031585944816470146,0.012889338657259941,0.010878358036279678
0.014137865975499153,0.0031585944816470146,0.012889338657259941,0.010878358036279678
0.014137865975499153,0.0031585944816470146,0.012889338657259941,0.010878358036279678
0.014137865975499153,0.0031585944816470146,0.012889338657259941,0.010878358036279678
0.014137865975499153,0.0031585944816470146,0.012889338657259941,0.010878358036279678
0.014137865975499153,0.0031585944816470146,0.012889338657259941,0.010878358036279678
0.014137865975499153,0.0031585944816470146,0.012889338657259941,0.010878358036279678
0.014137865975499153,0.0031585944816470146,0.012889338657259941,0.010878358036279678
0.014137865975499153,0.0031585944816470146,0.012889338657259941,0.010878358036279678
0.014137865975499153,0.0031585944816470146,0.012889338657259941,0.010878358036279678
0.014137865975499153,0.0031585944816470146,0.012889338657259941,0.010878358036279678
0.014137865975499153,0.0031585944816470146,0.012889338657259941,0.010878358036279678
0.014137865975499153,0.0031585944816470146,0.012889338657259941,0.010878358036279678
0.014137865975499153,0.0031585944816470146,0.012889338657259941,0.010878358036279678
0.014137865975499153,0.0031585944816470146,0.012889338657259941,0.010878358036279678
0.014137865975499153,0.0031585944816470146,0.012889338657259941,0.010878358036279678
0.014137865975499153,0.0031585944816470146,0.012889338657259941,0.010878358036279678
0.014137865975499153,0.0031585944816470146,0.012889338657259941,0.010878358036279678
0.014137865975499153,0.0031585944816470146,0.012889338657259941,0.010878358036279678
0.014137865975499153,0.0031585944816470146,0.012889338657259941,0.010878358036279678
0.014137865975499153,0.0031585944816470146,0.012889338657259941,0.010878358036279678
0.014137865975499153,0.0031585944816470146,0.012889338657259941,0.010878358036279678
0.014137865975499153,0.0031585944816470146,0.012889338657259941,0.010878358036279678
0.014137865975499153,0.0031585944816470146,0.012889338657259941,0.010878358036279678
0.014137865975499153,0.0031585944816470146,0.012889338657259941,0.010878358036279678
0.014137865975499153,0.0031585944816470146,0.012889338657259941,0.010878358036279678
0.014137865975499153,0.0031585944816470146,0.012889338657259941,0.010878358036279678
0.014137865975499153,0.0031585944816470146,0.012889338657259941,0.010878358036279678
0.014137865975499153,0.0031585944816470146,0.012889338657259941,0.010878358036279678
0.014137865975499153,0.0031585944816470146,0.012889338657259941,0.010878358036279678
0.014137865975499153,0.0031585944816470146,0.012889338657259941,0.010878358036279678
0.014137865975499153,0.0031585944816470146,0.012889338657259941,0.010878358036279678
0.014137865975499153,0.0031585944816470146,0.012889338657259941,0.010878358036279678
0.014137865975499153,0.0031585944816470146,0.012889338657259941,0.010878358036279678
0.014137865975499153,0.0031585944816470146,0.012889338657259941,0.010878358036279678
0.014137865975499153,0.0031585944816470146,0.012889338657259941,0.010878358036279678
0.014137865975499153,0.0031585944816470146,0.012889338657259941,0.010878358036279678
0.014137865975499153,0.0031585944816470146,0.012889338657259941,0.010878358036279678
0.014137865975499153,0.0031585944816470146,0.012889338657259941,0.010878358036279678
0.014137865975499153,0.0031585944816470146,0.012889338657259941,0.010878358036279678
0.014137865975499153,0.0031585944816470146,0.012889338657259941,0.010878358036279678
0.014137865975499153,0.0031585944816470146,0.012889338657259941,0.010878358036279678
0.014137865975499153,0.0031585944816470146,0.012889338657259941,0.010878358036279678
0.014137865975499153,0.0031585944816470146,0.012889338657259941,0.010878358036279678
0.014137865975499153,0.0031585944816470146,0.012889338657259941,0.010878358036279678
0.014137865975499153,0.0031585944816470146,0.012889338657259941,0.010878358036279678
0.014137865975499153,0.0031585944816470146,0.012889338657259941,0.010878358036279678
0.014137865975499153,0.0031585944816470146,0.012889338657259941,0.010878358036279678
0.014137865975499153,0.0031585944816470146,0.012889338657259941,0.010878358036279678
0.014137865975499153,0.0031585944816470146,0.012889338657259941,0.010878358036279678
0.014137865975499153,0.0031585944816470146,0.012889338657259941,0.010878358036279678
0.014137865975499153,0.0031585944816470146,0.012889338657259941,0.010878358036279678
0.014137865975499153,0.0031585944816470146,0.012889338657259941,0.010878358036279678
0.014137865975499153,0.0031585944816470146,0.012889338657259941,0.010878358036279678
0.014137865975499153,0.0031585944816470146,0.012889338657259941,0.010878358036279678
0.014137865975499153,0.0031585944816470146,0.012889338657259941,0.010878358036279678
0.014137865975499153,0.0031585944816470146,0.012889338657259941,0.010878358036279678
0.014137865975499153,0.0031585944816470146,0.012889338657259941,0.010878358036279678
0.014137865975499153,0.0031585944816470146,0.012889338657259941,0.010878358036279678
0.014137865975499153,0.0031585944816470146,0.012889338657259941,0.010878358036279678
0.014137865975499153,0.0031585944816470146,0.012889338657259941,0.010878358036279678
0.014137865975499153,0.0031585944816470146,0.012889338657259941,0.010878358036279678
0.014137865975499153,0.0031585944816470146,0.012889338657259941,0.010878358036279678
0.014137865975499153,0.0031585944816470146,0.012889338657259941,0.010878358036279678
0.014137865975499153,0.0031585944816470146,0.012889338657259941,0.010878358036279678
0.014137865975499153,0.0031585944816470146,0.012889338657259941,0.010878358036279678
0.014137865975499153,0.0031585944816470146,0.012889338657259941,0.010878358036279678
0.014137865975499153,0.0031585944816470146,0.012889338657259941,0.010878358036279678
0.014137865975499153,0.0031585944816470146,0.012889338657259941,0.010878358036279678
0.014137865975499153,0.0031585944816470146,0.012889338657259941,0.010878358036279678
0.014137865975499153,0.0031585944816470146,0.012889338657259941,0.010878358036279678
0.014137865975499153,0.0031585944816470146,0.012889338657259941,0.010878358036279678
0.014137865975499153,0.0031585944816470146,0.012889338657259941,0.010878358036279678
0.014137865975499153,0.0031585944816470146,0.012889338657259941,0.010878358036279678
0.014137865975499153,0.0031585944816470146,0.012889338657259941,0.010878358036279678
0.014137865975499153,0.0031585944816470146,0.012889338657259941,0.010878358036279678
0.014137865975499153,0.0031585944816470146,0.012889338657259941,0.010878358036279678
0.014137865975499153,0.0031585944816470146,0.012889338657259941,0.010878358036279678
0.014137865975499153,0.0031585944816470146,0.012889338657259941,0.010878358036279678
0.014137865975499153,0.0031585944816470146,0.012889338657259941,0.010878358036279678
0.014137865975499153,0.0031585944816470146,0.012889338657259941,0.010878358036279678
0.014137865975499153,0.0031585944816470146,0.012889338657259941,0.010878358036279678
0.014137865975499153,0.0031585944816470146,0.012889338657259941,0.010878358036279678
0.014137865975499153,0.0031585944816470146,0.012889338657259941,0.010878358036279678
0.014137865975499153,0.0031585944816470146,0.012889338657259941,0.010878358036279678
0.014137865975499153,0.0031585944816470146,0.012889338657259941,0.010878358036279678
0.014137865975499153,0.0031585944816470146,0.012889338657259941,0.010878358036279678
0.014137865975499153,0.0031585944816470146,0.012889338657259941,0.010878358036279678
0.014137865975499153,0.0031585944816470146,0.012889338657259941,0.010878358036279678
0.014137865975499153,0.0031585944816470146,0.012889338657259941,0.010878358036279678
0.014137865975499153,0.0031585944816470146,0.012889338657259941,0.010878358036279678
0.014137865975499153,0.0031585944816470146,0.012889338657259941,0.010878358036279678
0.014137865975499153,0.0031585944816470146,0.012889338657259941,0.010878358036279678
0.014137865975499153,0.0031585944816470146,0.012889338657259941,0.010878358036279678
0.014137865975499153,0.0031585944816470146,0.012889338657259941,0.010878358036279678
0.014137865975499153,0.0031585944816470146,0.012889338657259941,0.010878358036279678
0.014137865975499153,0.0031585944816470146,0.012889338657259941,0.010878358036279678
0.014137865975499153,0.0031585944816470146,0.012889338657259941,0.010878358036279678
0.014137865975499153,0.0031585944816470146,0.012889338657259941,0.010878358036279678
0.014137865975499153,0.0031585944816470146,0.012889338657259941,0.010878358036279678
0.014137865975499153,0.0031585944816470146,0.012889338657259941,0.010878358036279678
0.014137865975499153,0.0031585944816470146,0.012889338657259941,0.010878358036279678
0.014137865975499153,0.0031585944816470146,0.012889338657259941,0.010878358036279678
0.014137865975499153,0.0031585944816470146,0.012889338657259941,0.010878358036279678
0.014137865975499153,0.0031585944816470146,0.012889338657259941,0.010878358036279678
0.014137865975499153,0.0031585944816470146,0.012889338657259941,0.010878358036279678
0.014137865975499153,0.0031585944816470146,0.012889338657259941,0.010878358036279678
0.014137865975499153,0.0031585944816470146,0.012889338657259941,0.010878358036279678
0.014137865975499153,0.0031585944816470146,0.012889338657259941,0.010878358036279678
0.014137865975499153,0.0031585944816470146,0.012889338657259941,0.010878358036279678
0.014137865975499153,0.0031585944816470146,0.012889338657259941,0.010878358036279678
0.014137865975499153,0.0031585944816470146,0.012889338657259941,0.010878358036279678
0.014137865975499153,0.0031585944816470146,0.012889338657259941,0.010878358036279678
0.014137865975499153,0.0031585944816470146,0.012889338657259941,0.010878358036279678
0.014137865975499153,0.0031585944816470146,0.012889338657259941,0.010878358036279678
0.014137865975499153,0.0031585944816470146,0.012889338657259941,0.010878358036279678
0.014137865975499153,0.0031585944816470146,0.012889338657259941,0.010878358036279678
0.014137865975499153,0.0031585944816470146,0.012889338657259941,0.010878358036279678
0.014137865975499153,0.0031585944816470146,0.012889338657259941,0.010878358036279678
0.014137865975499153,0.0031585944816470146,0.012889338657259941,0.010878358036279678
0.014137865975499153,0.0031585944816470146,0.012889338657259941,0.010878358036279678
0.014137865975499153,0.0031585944816470146,0.012889338657259941,0.010878358036279678
0.014137865975499153,0.0031585944816470146,0.012889338657259941,0.010878358036279678
0.014137865975499153,0.0031585944816470146,0.012889338657259941,0.010878358036279678
0.014137865975499153,0.0031585944816470146,0.012889338657259941,0.010878358036279678
0.014137865975499153,0.0031585944816470146,0.012889338657259941,0.010878358036279678
0.014137865975499153,0.0031585944816470146,0.012889338657259941,0.010878358036279678
0.014137865975499153,0.0031585944816470146,0.012889338657259941,0.010878358036279678
0.014137865975499153,0.0031585944816470146,0.012889338657259941,0.010878358036279678
0.014137865975499153,0.0031585944816470146,0.012889338657259941,0.010878358036279678
0.014137865975499153,0.0031585944816470146,0.012889338657259941,0.010878358036279678
0.014137865975499153,0.0031585944816470146,0.012889338657259941,0.010878358036279678
0.014137865975499153,0.0031585944816470146,0.012889338657259941,0.010878358036279678
0.014137865975499153,0.0031585944816470146,0.012889338657259941,0.010878358036279678
0.014137865975499153,0.0031585944816470146,0.012889338657259941,0.010878358036279678
0.014137865975499153,0.0031585944816470146,0.012889338657259941,0.010878358036279678
0.014137865975499153,0.0031585944816470146,0.012889338657259941,0.010878358036279678
0.014137865975499153,0.0031585944816470146,0.012889338657259941,0.010878358036279678
0.014137865975499153,0.0031585944816470146,0.012889338657259941,0.010878358036279678
0.014137865975499153,0.0031585944816470146,0.012889338657259941,0.010878358036279678
0.014137865975499153,0.0031585944816470146,0.012889338657259941,0.010878358036279678
0.014137865975499153,0.0031585944816470146,0.012889338657259941,0.010878358036279678
0.014137865975499153,0.0031585944816470146,0.012889338657259941,0.010878358036279678
0.014137865975499153,0.0031585944816470146,0.012889338657259941,0.010878358036279678
0.014137865975499153,0.0031585944816470146,0.012889338657259941,0.010878358036279678
0.014137865975499153,0.0031585944816470146,0.012889338657259941,0.010878358036279678
0.014137865975499153,0.0031585944816470146,0.012889338657259941,0.010878358036279678
0.014137865975499153,0.0031585944816470146,0.012889338657259941,0.010878358036279678
0.014137865975499153,0.0031585944816470146,0.012889338657259941,0.010878358036279678
0.014137865975499153,0.0031585944816470146,0.012889338657259941,0.010878358036279678
0.014137865975499153,0.0031585944816470146,0.012889338657259941,0.010878358036279678
0.014137865975499153,0.0031585944816470146,0.012889338657259941,0.010878358036279678
0.014137865975499153,0.0031585944816470146,0.012889338657259941,0.010878358036279678
0.014137865975499153,0.0031585944816470146,0.012889338657259941,0.010878358036279678
0.014137865975499153,0.0031585944816470146,0.012889338657259941,0.010878358036279678
0.014137865975499153,0.0031585944816470146,0.012889338657259941,0.010878358036279678
0.014137865975499153,0.0031585944816470146,0.012889338657259941,0.010878358036279678
0.014137865975499153,0.0031585944816470146,0.012889338657259941,0.010878358036279678
0.014137865975499153,0.0031585944816470146,0.012889338657259941,0.010878358036279678
0.014137865975499153,0.0031585944816470146,0.012889338657259941,0.010878358036279678
0.014137865975499153,0.0031585944816470146,0.012889338657259941,0.010878358036279678
0.014137865975499153,0.0031585944816470146,0.012889338657259941,0.010878358036279678
0.014137865975499153,0.0031585944816470146,0.012889338657259941,0.010878358036279678
0.014137865975499153,0.0031585944816470146,0.012889338657259941,0.010878358036279678
0.014137865975499153,0.0031585944816470146,0.012889338657259941,0.010878358036279678
0.014137865975499153,0.0031585944816470146,0.012889338657259941,0.010878358036279678
0.014137865975499153,0.0031585944816470146,0.012889338657259941,0.010878358036279678
0.014137865975499153,0.0031585944816470146,0.012889338657259941,0.010878358036279678
0.014137865975499153,0.0031585944816470146,0.012889338657259941,0.010878358036279678
0.014137865975499153,0.0031585944816470146,0.012889338657259941,0.010878358036279678
0.014137865975499153,0.0031585944816470146,0.012889338657259941,0.010878358036279678
0.014137865975499153,0.0031585944816470146,0.012889338657259941,0.010878358036279678
0.014137865975499153,0.0031585944816470146,0.012889338657259941,0.010878358036279678
0.014137865975499153,0.0031585944816470146,0.012889338657259941,0.010878358036279678
0.014137865975499153,0.0031585944816470146,0.012889338657259941,0.010878358036279678
0.014137865975499153,0.0031585944816470146,0.012889338657259941,0.010878358036279678
0.014137865975499153,0.0031585944816470146,0.012889338657259941,0.010878358036279678
0.014137865975499153,0.0031585944816470146,0.012889338657259941,0.010878358036279678
0.014137865975499153,0.0031585944816470146,0.012889338657259941,0.010878358036279678
0.014137865975499153,0.0031585944816470146,0.012889338657259941,0.010878358036279678
0.014137865975499153,0.0031585944816470146,0.012889338657259941,0.010878358036279678
0.014137865975499153,0.0031585944816470146,0.012889338657259941,0.010878358036279678
0.014137865975499153,0.0031585944816470146,0.012889338657259941,0.010878358036279678
0.014137865975499153,0.0031585944816470146,0.012889338657259941,0.010878358036279678
0.014137865975499153,0.0031585944816470146,0.012889338657259941,0.010878358036279678
0.014137865975499153,0.0031585944816470146,0.012889338657259941,0.010878358036279678
0.014137865975499153,0.0031585944816470146,0.012889338657259941,0.010878358036279678
0.014137865975499153,0.0031585944816470146,0.012889338657259941,0.010878358036279678
0.014137865975499153,0.0031585944816470146,0.012889338657259941,0.010878358036279678
0.014137865975499153,0.0031585944816470146,0.012889338657259941,0.010878358036279678
0.014137865975499153,0.0031585944816470146,0.012889338657259941,0.010878358036279678
0.014137865975499153,0.0031585944816470146,0.012889338657259941,0.010878358036279678
0.014137865975499153,0.0031585944816470146,0.012889338657259941,0.010878358036279678
0.014137865975499153,0.0031585944816470146,0.012889338657259941,0.010878358036279678
0.014137865975499153,0.0031585944816470146,0.012889338657259941,0.010878358036279678
0.014137865975499153,0.0031585944816470146,0.012889338657259941,0.010878358036279678
0.014137865975499153,0.0031585944816470146,0.012889338657259941,0.010878358036279678
0.014137865975499153,0.0031585944816470146,0.012889338657259941,0.010878358036279678
0.014137865975499153,0.0031585944816470146,0.012889338657259941,0.010878358036279678
0.014137865975499153,0.0031585944816470146,0.012889338657259941,0.010878358036279678
0.014137865975499153,0.0031585944816470146,0.012889338657259941,0.010878358036279678
0.014137865975499153,0.0031585944816470146,0.012889338657259941,0.010878358036279678
0.014137865975499153,0.0031585944816470146,0.012889338657259941,0.010878358036279678
0.014137865975499153,0.0031585944816470146,0.012889338657259941,0.010878358036279678
0.014137865975499153,0.0031585944816470146,0.012889338657259941,0.010878358036279678
0.014137865975499153,0.0031585944816470146,0.012889338657259941,0.010878358036279678
0.014137865975499153,0.0031585944816470146,0.012889338657259941,0.010878358036279678
0.014137865975499153,0.0031585944816470146,0.012889338657259941,0.010878358036279678
0.014137865975499153,0.0031585944816470146,0.012889338657259941,0.010878358036279678
0.014137865975499153,0.0031585944816470146,0.012889338657259941,0.010878358036279678
0.014137865975499153,0.0031585944816470146,0.012889338657259941,0.010878358036279678
0.014137865975499153,0.0031585944816470146,0.012889338657259941,0.010878358036279678
0.014137865975499153,0.0031585944816470146,0.012889338657259941,0.010878358036279678
0.014137865975499153,0.0031585944816470146,0.012889338657259941,0.010878358036279678
0.014137865975499153,0.0031585944816470146,0.012889338657259941,0.010878358036279678
0.014137865975499153,0.0031585944816470146,0.012889338657259941,0.010878358036279678
0.014137865975499153,0.0031585944816470146,0.012889338657259941,0.010878358036279678
0.014137865975499153,0.0031585944816470146,0.012889338657259941,0.010878358036279678
0.014137865975499153,0.0031585944816470146,0.012889338657259941,0.010878358036279678
0.014137865975499153,0.0031585944816470146,0.012889338657259941,0.010878358036279678
0.014137865975499153,0.0031585944816470146,0.012889338657259941,0.010878358036279678
0.014137865975499153,0.0031585944816470146,0.012889338657259941,0.010878358036279678
0.014137865975499153,0.0031585944816470146,0.012889338657259941,0.010878358036279678
0.014137865975499153,0.0031585944816470146,0.012889338657259941,0.010878358036279678
0.014137865975499153,0.0031585944816470146,0.012889338657259941,0.010878358036279678
0.014137865975499153,0.0031585944816470146,0.012889338657259941,0.010878358036279678
0.014137865975499153,0.0031585944816470146,0.012889338657259941,0.010878358036279678
0.014137865975499153,0.0031585944816470146,0.012889338657259941,0.010878358036279678
0.014137865975499153,0.0031585944816470146,0.012889338657259941,0.010878358036279678
0.014137865975499153,0.0031585944816470146,0.012889338657259941,0.010878358036279678
0.014137865975499153,0.0031585944816470146,0.012889338657259941,0.010878358036279678
0.014137865975499153,0.0031585944816470146,0.012889338657259941,0.010878358036279678
0.014137865975499153,0.0031585944816470146,0.012889338657259941,0.010878358036279678
0.014137865975499153,0.0031585944816470146,0.012889338657259941,0.010878358036279678
0.014137865975499153,0.0031585944816470146,0.012889338657259941,0.010878358036279678
0.014137865975499153,0.0031585944816470146,0.012889338657259941,0.010878358036279678
0.014137865975499153,0.0031585944816470146,0.012889338657259941,0.010878358036279678
0.014137865975499153,0.0031585944816470146,0.012889338657259941,0.010878358036279678
0.014137865975499153,0.0031585944816470146,0.012889338657259941,0.010878358036279678
0.014137865975499153,0.0031585944816470146,0.012889338657259941,0.010878358036279678
0.014137865975499153,0.0031585944816470146,0.012889338657259941,0.010878358036279678
0.014137865975499153,0.0031585944816470146,0.012889338657259941,0.010878358036279678
0.014137865975499153,0.0031585944816470146,0.012889338657259941,0.010878358036279678
0.014137865975499153,0.0031585944816470146,0.012889338657259941,0.010878358036279678
0.014137865975499153,0.0031585944816470146,0.012889338657259941,0.010878358036279678
0.014137865975499153,0.0031585944816470146,0.012889338657259941,0.010878358036279678
0.014137865975499153,0.0031585944816470146,0.012889338657259941,0.010878358036279678
0.014137865975499153,0.0031585944816470146,0.012889338657259941,0.010878358036279678
0.014137865975499153,0.0031585944816470146,0.012889338657259941,0.010878358036279678
0.014137865975499153,0.0031585944816470146,0.012889338657259941,0.010878358036279678
0.014137865975499153,0.0031585944816470146,0.012889338657259941,0.010878358036279678
0.014137865975499153,0.0031585944816470146,0.012889338657259941,0.010878358036279678
