vx,vy,vz,omega_z
0.03298322111368179,0.08712484687566757,-0.1392660140991211,0.3509179651737213
-0.06989845633506775,0.23026014864444733,-0.27654752135276794,0.6322904825210571
-0.09874372184276581,0.3208232522010803,-0.3060603439807892,0.6767758131027222
-0.10524691641330719,0.3666554093360901,-0.3098200261592865,0.6826814413070679
-0.09475381672382355,0.38088715076446533,-0.3095816373825073,0.6793097257614136
-0.08940090239048004,0.3795761466026306,-0.30947256088256836,0.6763774156570435
-0.07652518153190613,0.3552808165550232,-0.30617859959602356,0.6638193130493164
-0.05671718344092369,0.31660696864128113,-0.2972806394100189,0.6430730819702148
-0.046513881534338,0.2895645201206207,-0.2941027879714966,0.6330621242523193
-0.03180607780814171,0.2573595345020294,-0.2811659574508667,0.616095781326294
-0.023580443114042282,0.22986513376235962,-0.2756563127040863,0.606529951095581
-0.009481023997068405,0.19138647615909576,-0.2679775357246399,0.5863230228424072
0.030913779512047768,0.1397896558046341,-0.263003408908844,0.5326584577560425
0.04836704209446907,0.09905315190553665,-0.2618921399116516,0.5045213103294373
0.03798738867044449,0.06396325677633286,-0.2644903361797333,0.4987546503543854
0.02765035256743431,0.03631055727601051,-0.26649004220962524,0.4961867034435272
0.04777829349040985,0.012698308564722538,-0.25385782122612,0.4865943491458893
0.07880406081676483,-0.0036865491420030594,-0.22500848770141602,0.48143672943115234
0.0977974683046341,-0.004842949099838734,-0.1948968768119812,0.4989423155784607
0.10298004746437073,-5.504116415977478e-05,-0.17785581946372986,0.5093491077423096
0.072721466422081,-0.0045279236510396,-0.16635526716709137,0.53907310962677
0.05604889988899231,-0.012145688757300377,-0.15821725130081177,0.5539761185646057
0.02993479184806347,-0.0196295864880085,-0.1589278131723404,0.5711307525634766
0.017829205840826035,-0.02502729743719101,-0.1616787165403366,0.5779811143875122
0.0050297025591135025,-0.02443132922053337,-0.1789977103471756,0.5828577280044556
-0.0009265802800655365,-0.018697276711463928,-0.19496415555477142,0.5847793817520142
-0.006665483117103577,-0.012021565809845924,-0.19615672528743744,0.5947685241699219
-0.009304028004407883,-0.006572741083800793,-0.19390684366226196,0.600083589553833
-0.01905713975429535,-0.012679791077971458,-0.18033790588378906,0.6042306423187256
-0.036743033677339554,-0.020092764869332314,-0.16877754032611847,0.6204947233200073
-0.04395587369799614,-0.0220608189702034,-0.16370843350887299,0.6288926601409912
-0.047721777111291885,-0.021882951259613037,-0.15789926052093506,0.6357314586639404
-0.05494925007224083,-0.013821150176227093,-0.16195900738239288,0.6453779935836792
-0.05896895006299019,-0.002734255511313677,-0.16906392574310303,0.6498053073883057
-0.06180507317185402,0.016061268746852875,-0.19147475063800812,0.652184009552002
-0.0633867084980011,0.0359569750726223,-0.2102201133966446,0.6533440351486206
-0.05637851729989052,0.04242628812789917,-0.21106934547424316,0.6449794769287109
-0.05112346634268761,0.04003920033574104,-0.20849263668060303,0.6386884450912476
-0.05446529760956764,0.024055954068899155,-0.20130972564220428,0.6268007755279541
-0.050307292491197586,-0.02352120913565159,-0.17559576034545898,0.5949752330780029
-0.013168513774871826,-0.07163701206445694,-0.1441926509141922,0.564895749092102
0.004842318594455719,-0.10476185381412506,-0.12311071902513504,0.55519700050354
0.02623358555138111,-0.13128510117530823,-0.11087537556886673,0.5297330617904663
0.03579668700695038,-0.1527094691991806,-0.10356883704662323,0.516946017742157
0.03842078149318695,-0.1807498186826706,-0.10505940765142441,0.47123947739601135
0.04263147711753845,-0.20777377486228943,-0.10878897458314896,0.44112998247146606
0.05206792801618576,-0.22924605011940002,-0.10450765490531921,0.4144674837589264
0.05920635163784027,-0.24739854037761688,-0.09823275357484818,0.39983728528022766
0.06977991759777069,-0.2622149586677551,-0.09440963715314865,0.381039023399353
0.06818520277738571,-0.2751317024230957,-0.08979911357164383,0.3798348009586334
0.06210558861494064,-0.28559133410453796,-0.08574555069208145,0.38622942566871643
0.04272279888391495,-0.28463485836982727,-0.07985737174749374,0.432684063911438
0.023955732583999634,-0.28023576736450195,-0.0751776471734047,0.46438178420066833
0.0416652075946331,-0.2674989104270935,-0.0712796151638031,0.4564976692199707
0.00666019506752491,-0.25953564047813416,-0.07655809074640274,0.49555888772010803
-0.02517804130911827,-0.25446051359176636,-0.08254989236593246,0.5229603052139282
-0.024888906627893448,-0.23699745535850525,-0.08119168877601624,0.5495393872261047
-0.022290144115686417,-0.2162156105041504,-0.07992453128099442,0.5623487234115601
-0.03391314670443535,-0.2046845406293869,-0.07578655332326889,0.5652690529823303
-0.0395093597471714,-0.2029692679643631,-0.07133214920759201,0.5658864974975586
-0.057331014424562454,-0.2204093337059021,-0.07051388919353485,0.5374475121498108
-0.052731212228536606,-0.24392224848270416,-0.07678177952766418,0.4914221465587616
-0.04569479450583458,-0.25459057092666626,-0.08612872660160065,0.47071993350982666
-0.01949552819132805,-0.24612079560756683,-0.0848449319601059,0.4343087673187256
-0.002943083643913269,-0.23309160768985748,-0.08704317361116409,0.41202259063720703
-0.010988298803567886,-0.2108657956123352,-0.09150265902280807,0.4230736196041107
-0.027902789413928986,-0.17837680876255035,-0.10195574909448624,0.4426186978816986
-0.036790210753679276,-0.15190652012825012,-0.11160799115896225,0.45167452096939087
-0.038783539086580276,-0.13798759877681732,-0.12269818782806396,0.4493817687034607
-0.03825428709387779,-0.13147269189357758,-0.1289028823375702,0.4454485774040222
-0.047089140862226486,-0.1392950564622879,-0.12601543962955475,0.449666291475296
-0.05400238558650017,-0.15139828622341156,-0.12070823460817337,0.45314329862594604
-0.061433564871549606,-0.15249915421009064,-0.1074066311120987,0.45703816413879395
-0.06780834496021271,-0.1519142985343933,-0.09927055239677429,0.45981788635253906
-0.05938112363219261,-0.1412166804075241,-0.0932316929101944,0.4501121938228607
-0.06056234613060951,-0.13246777653694153,-0.08846048265695572,0.452544242143631
-0.06414066255092621,-0.13140082359313965,-0.0837152823805809,0.4567165672779083
-0.07912582159042358,-0.13896720111370087,-0.08261999487876892,0.4710848927497864
-0.08874678611755371,-0.14942845702171326,-0.07988787442445755,0.47908326983451843
-0.09424227476119995,-0.160744771361351,-0.0783039778470993,0.48230960965156555
-0.09593559801578522,-0.1706419736146927,-0.07585698366165161,0.48265382647514343
-0.09148581326007843,-0.1774507313966751,-0.07677170634269714,0.4763772785663605
-0.0858127623796463,-0.18213200569152832,-0.07657194882631302,0.4686347246170044
-0.08324234187602997,-0.1872004121541977,-0.07393691688776016,0.46508920192718506
-0.096642404794693,-0.19568327069282532,-0.06904303282499313,0.48117393255233765
-0.10233496129512787,-0.20555716753005981,-0.06522724777460098,0.4869117736816406
-0.10275579988956451,-0.2137603908777237,-0.06302139163017273,0.4866560995578766
-0.09528198838233948,-0.21819928288459778,-0.061334870755672455,0.4762662649154663
-0.09073673188686371,-0.22131134569644928,-0.060036882758140564,0.4698143005371094
-0.0857209712266922,-0.2195362001657486,-0.056822746992111206,0.4595845341682434
-0.08367419242858887,-0.21702581644058228,-0.055138468742370605,0.4538697898387909
-0.07705014944076538,-0.21256023645401,-0.052453890442848206,0.4383934438228607
-0.07327081263065338,-0.20908550918102264,-0.05091586709022522,0.42838916182518005
-0.06858059763908386,-0.20029059052467346,-0.04877636954188347,0.41438278555870056
-0.06612236797809601,-0.19122295081615448,-0.0485890656709671,0.4059610962867737
-0.06274934113025665,-0.18624010682106018,-0.05040064826607704,0.39723271131515503
-0.060292746871709824,-0.17917793989181519,-0.051137834787368774,0.39661794900894165
-0.059544119983911514,-0.17200243473052979,-0.05153759568929672,0.3983939290046692
-0.05864075943827629,-0.1609172523021698,-0.05023111402988434,0.3987988829612732
-0.058006543666124344,-0.14976808428764343,-0.05032502859830856,0.3985975384712219
-0.05814855173230171,-0.1419171243906021,-0.05175983905792236,0.39900726079940796
-0.05742957815527916,-0.13753928244113922,-0.05331035703420639,0.39793264865875244
-0.05642339214682579,-0.13584798574447632,-0.05327039211988449,0.3969004154205322
-0.056806404143571854,-0.1365051418542862,-0.054776519536972046,0.3989866077899933
-0.05643966421484947,-0.1385524868965149,-0.05464307963848114,0.39965498447418213
-0.05423327907919884,-0.140917107462883,-0.05721180886030197,0.3917921483516693
-0.05160969868302345,-0.14342866837978363,-0.05828218162059784,0.3847552537918091
-0.051417026668787,-0.14414960145950317,-0.06021954119205475,0.38179394602775574
-0.045985642820596695,-0.1431008279323578,-0.06060490757226944,0.3666359782218933
-0.04123904928565025,-0.14218145608901978,-0.06024254858493805,0.35580509901046753
-0.03853599354624748,-0.13800972700119019,-0.05891136825084686,0.3467293977737427
-0.0364932082593441,-0.13313032686710358,-0.05812294781208038,0.3410865366458893
-0.0371272899210453,-0.12800487875938416,-0.056596651673316956,0.33984217047691345
-0.038255903869867325,-0.12356332689523697,-0.05602511018514633,0.34028899669647217
-0.0407647006213665,-0.12101329118013382,-0.05467084050178528,0.33545854687690735
-0.04258657619357109,-0.11992688477039337,-0.054578594863414764,0.3323787450790405
-0.04676872864365578,-0.12023688107728958,-0.05326905846595764,0.3336496651172638
-0.050350580364465714,-0.12021110206842422,-0.05176312476396561,0.33115461468696594
-0.05162652209401131,-0.11977659165859222,-0.051371291279792786,0.32893991470336914
-0.05198152735829353,-0.11958319693803787,-0.051274754106998444,0.3284541368484497
-0.05325454846024513,-0.11856022477149963,-0.051040343940258026,0.3278544247150421
-0.05323975160717964,-0.11850999295711517,-0.05177019536495209,0.32812461256980896
-0.05284503474831581,-0.11906562745571136,-0.05239643156528473,0.32823920249938965
-0.05273261293768883,-0.11929524689912796,-0.05272392928600311,0.328188955783844
-0.05295609310269356,-0.12050784379243851,-0.05288565158843994,0.33331871032714844
-0.050127673894166946,-0.11974524706602097,-0.05102432891726494,0.32948917150497437
-0.0445210300385952,-0.11781864613294601,-0.04844980686903,0.31658315658569336
-0.04102499410510063,-0.1167421042919159,-0.04755952209234238,0.30862388014793396
-0.03805984929203987,-0.11276311427354813,-0.04467030614614487,0.2985151410102844
-0.035424936562776566,-0.10786706954240799,-0.043679431080818176,0.29107576608657837
-0.03445395454764366,-0.10440827161073685,-0.04269467666745186,0.28694501519203186
-0.03362886980175972,-0.10236034542322159,-0.042507462203502655,0.2844035029411316
-0.034779470413923264,-0.10297221690416336,-0.043916285037994385,0.2810409367084503
-0.03545106574892998,-0.10497359931468964,-0.044785160571336746,0.2785651683807373
-0.036205608397722244,-0.10456323623657227,-0.045580968260765076,0.27849769592285156
-0.03592592850327492,-0.10140975564718246,-0.044418640434741974,0.27803707122802734
-0.03526158258318901,-0.0984685868024826,-0.04333913326263428,0.2773972451686859
-0.03446513041853905,-0.09562880545854568,-0.040401604026556015,0.2776142358779907
-0.03403102234005928,-0.0931922122836113,-0.03883027657866478,0.2782469689846039
-0.035121891647577286,-0.09140857309103012,-0.03851380571722984,0.28036075830459595
-0.03611277416348457,-0.09033841639757156,-0.03842495381832123,0.28236064314842224
-0.036844123154878616,-0.08924990892410278,-0.03614801540970802,0.28073054552078247
-0.03722027316689491,-0.08841066807508469,-0.03498885780572891,0.2794921398162842
-0.03586265817284584,-0.08697361499071121,-0.031536608934402466,0.27706843614578247
-0.032587919384241104,-0.08393392711877823,-0.02618253603577614,0.271761029958725
-0.030411291867494583,-0.08099144697189331,-0.02370370365679264,0.2680184543132782
-0.029578018933534622,-0.07839231193065643,-0.021712180227041245,0.2651125192642212
-0.02916962280869484,-0.07628269493579865,-0.02077161893248558,0.26337093114852905
-0.028431802988052368,-0.07383869588375092,-0.01989361271262169,0.25786054134368896
-0.02751784771680832,-0.07131151109933853,-0.019575243815779686,0.2528427243232727
-0.026958011090755463,-0.0688701644539833,-0.01956808939576149,0.2480778694152832
-0.02566799521446228,-0.0665009468793869,-0.02087530680000782,0.23692180216312408
-0.024127691984176636,-0.06462875008583069,-0.021834850311279297,0.2277349829673767
-0.02387174591422081,-0.06346386671066284,-0.0223991721868515,0.22410793602466583
-0.0239771269261837,-0.0627639964222908,-0.02275497280061245,0.2229076474905014
-0.02565392106771469,-0.062003109604120255,-0.02503770776093006,0.2240864783525467
-0.02678580954670906,-0.06118091568350792,-0.02634606882929802,0.22530965507030487
-0.02721346542239189,-0.058959633111953735,-0.026344243437051773,0.22413311898708344
-0.02867560088634491,-0.05672562122344971,-0.027953797951340675,0.22224052250385284
-0.02983461692929268,-0.05505828186869621,-0.029825011268258095,0.22175118327140808
-0.029959730803966522,-0.05385615676641464,-0.03021257556974888,0.22139616310596466
-0.028890147805213928,-0.05299891531467438,-0.028969421982765198,0.21697473526000977
-0.02782692387700081,-0.05251535400748253,-0.028185930103063583,0.21275120973587036
-0.02586391568183899,-0.052175916731357574,-0.027742188423871994,0.20421719551086426
-0.022120393812656403,-0.0512361042201519,-0.026003019884228706,0.18612699210643768
-0.019461989402770996,-0.050148773938417435,-0.025070995092391968,0.1728440821170807
-0.018559768795967102,-0.049482688307762146,-0.02477605640888214,0.1682112216949463
-0.017593655735254288,-0.04854327812790871,-0.02350185252726078,0.16806671023368835
-0.016006503254175186,-0.047697775065898895,-0.02165560983121395,0.1683989018201828
-0.014367952942848206,-0.047535523772239685,-0.02038443088531494,0.16459396481513977
-0.013322439044713974,-0.04780018702149391,-0.01982877030968666,0.16055679321289062
-0.012314572930335999,-0.04778353497385979,-0.019566046074032784,0.15839143097400665
-0.011743403971195221,-0.047510482370853424,-0.01947757601737976,0.15740156173706055
-0.011503838002681732,-0.047332506626844406,-0.0202056672424078,0.15919511020183563
-0.011104624718427658,-0.04682517424225807,-0.02107311226427555,0.15863461792469025
-0.01060185581445694,-0.046092063188552856,-0.021408112719655037,0.1565779745578766
-0.009634122252464294,-0.04543176293373108,-0.021052096039056778,0.1573885679244995
-0.008958004415035248,-0.04496696963906288,-0.02070952020585537,0.15834416449069977
-0.008521318435668945,-0.04499688372015953,-0.020045509561896324,0.15950579941272736
-0.008148029446601868,-0.04533855617046356,-0.019645921885967255,0.15996158123016357
-0.007770746946334839,-0.045639876276254654,-0.01815292239189148,0.16441665589809418
-0.006903462111949921,-0.04628438502550125,-0.01566927134990692,0.17264799773693085
-0.0064795538783073425,-0.04711548611521721,-0.014404989778995514,0.17797470092773438
-0.0069166794419288635,-0.04801153391599655,-0.013333586975932121,0.18193481862545013
-0.007081788033246994,-0.04898340627551079,-0.011002692393958569,0.18480542302131653
-0.006988111883401871,-0.04976535588502884,-0.009860563091933727,0.18581688404083252
-0.007124356925487518,-0.04992826655507088,-0.008469685912132263,0.18823103606700897
-0.007384296506643295,-0.049731217324733734,-0.007745419628918171,0.19072780013084412
-0.008049879223108292,-0.049664195626974106,-0.007356303744018078,0.19114795327186584
-0.008315149694681168,-0.049762219190597534,-0.0071239229291677475,0.19078350067138672
-0.008202098309993744,-0.0492221899330616,-0.0055900393053889275,0.1892196238040924
-0.007963273674249649,-0.04831551015377045,-0.004001513123512268,0.18449723720550537
-0.007510021328926086,-0.04771086201071739,-0.00332527793943882,0.18029531836509705
-0.0062571316957473755,-0.04792037233710289,-0.0014286059886217117,0.17526206374168396
-0.005256514996290207,-0.04862028360366821,-0.00040404684841632843,0.1708379089832306
-0.0038777701556682587,-0.04852811247110367,0.0021254997700452805,0.16690200567245483
-0.002777557820081711,-0.047865498811006546,0.00478082150220871,0.16196444630622864
-0.002546750009059906,-0.047360971570014954,0.005647195503115654,0.1588137447834015
-0.0027933046221733093,-0.046998459845781326,0.006587434560060501,0.1545063555240631
-0.0028593726456165314,-0.0467807836830616,0.007020791992545128,0.15052908658981323
-0.002986673265695572,-0.04614860191941261,0.007803814485669136,0.1472969949245453
-0.0031288564205169678,-0.04533833637833595,0.008192295208573341,0.14502263069152832
-0.003684643656015396,-0.04447513073682785,0.008691545575857162,0.14065732061862946
-0.003996621817350388,-0.04374013468623161,0.008871259167790413,0.13632652163505554
-0.0035353004932403564,-0.04298185557126999,0.011123757809400558,0.1319454312324524
-0.0032722540199756622,-0.0422552153468132,0.012312361970543861,0.1283777356147766
-0.002860095351934433,-0.04091265797615051,0.014684183523058891,0.12224382162094116
-0.0026223286986351013,-0.039338432252407074,0.015865830704569817,0.1163407564163208
-0.0026836618781089783,-0.03774040937423706,0.01764681376516819,0.11237632483243942
-0.0032615363597869873,-0.03583498299121857,0.01929841749370098,0.10890227556228638
-0.003687281161546707,-0.03420121222734451,0.019964301958680153,0.10698063671588898
-0.004253897815942764,-0.03281461447477341,0.02004164271056652,0.10419430583715439
-0.004985615611076355,-0.031214401125907898,0.019941603764891624,0.09942226111888885
-0.005372088402509689,-0.029736243188381195,0.019846780225634575,0.09584971517324448
-0.006251785904169083,-0.028431177139282227,0.019197946414351463,0.08914640545845032
-0.006821874529123306,-0.027293220162391663,0.018553851172327995,0.08245401829481125
-0.007279753684997559,-0.026680458337068558,0.017366865649819374,0.0776917114853859
-0.007812723517417908,-0.026847627013921738,0.015644384548068047,0.07172826677560806
-0.008430000394582748,-0.02731506898999214,0.0141229759901762,0.06506705284118652
-0.00882958248257637,-0.02760353311896324,0.013351628556847572,0.060728345066308975
-0.0089837945997715,-0.027714263647794724,0.013071322813630104,0.059042103588581085
-0.009459946304559708,-0.02728918194770813,0.012832676991820335,0.05598856508731842
-0.009865745902061462,-0.026519332081079483,0.012552617117762566,0.052973031997680664
-0.010158136487007141,-0.025475554168224335,0.01248914934694767,0.052556298673152924
-0.010816581547260284,-0.02440277859568596,0.01125546544790268,0.05027025192975998
-0.01118384301662445,-0.02362016774713993,0.010406002402305603,0.047375842928886414
-0.010781638324260712,-0.02319267950952053,0.010444583371281624,0.04656217247247696
-0.010368522256612778,-0.02301572635769844,0.010588983073830605,0.04645232856273651
-0.010296370834112167,-0.022878725081682205,0.010451080277562141,0.04362715780735016
-0.010289840400218964,-0.022761017084121704,0.010294914245605469,0.040332913398742676
-0.01025937870144844,-0.022757157683372498,0.010233139619231224,0.03695645183324814
-0.010011982172727585,-0.022998452186584473,0.009572038426995277,0.035104893147945404
-0.009700573980808258,-0.023340635001659393,0.009294599294662476,0.03493570163846016
-0.008380681276321411,-0.02457117661833763,0.008432669565081596,0.03762833774089813
-0.007398787885904312,-0.026332512497901917,0.008046476170420647,0.0406588613986969
-0.005834102630615234,-0.02816683053970337,0.007664550095796585,0.04441475868225098
-0.004497639834880829,-0.029729124158620834,0.007224924862384796,0.047966696321964264
-0.0033654160797595978,-0.03051774948835373,0.007142523303627968,0.04962899535894394
-0.0027930401265621185,-0.030814487487077713,0.007156405597925186,0.05028601735830307
-0.0027475617825984955,-0.030778374522924423,0.0069690365344285965,0.05000261962413788
-0.002749726176261902,-0.030571386218070984,0.006806014105677605,0.04961886256933212
-0.0028224214911460876,-0.030094526708126068,0.0066504403948783875,0.049746323376894
-0.002773236483335495,-0.02952457219362259,0.006624277681112289,0.050007328391075134
-0.002414710819721222,-0.028745155781507492,0.007502216845750809,0.0491161122918129
-0.0022210218012332916,-0.02786407247185707,0.007931971922516823,0.048107780516147614
-0.0019318349659442902,-0.027007129043340683,0.008703857660293579,0.048454105854034424
-0.0020339302718639374,-0.026154562830924988,0.009295720607042313,0.049615755677223206
-0.0020542964339256287,-0.025518953800201416,0.00956934504210949,0.05037267506122589
-0.0020932629704475403,-0.025010406970977783,0.009959280490875244,0.053065892308950424
-0.0019453652203083038,-0.024674665182828903,0.010433712974190712,0.05575915053486824
-0.0015763230621814728,-0.024261340498924255,0.011655515059828758,0.05695148929953575
-0.0012600533664226532,-0.02386438101530075,0.01248270832002163,0.05743829160928726
-0.0011181831359863281,-0.0235914159566164,0.01310298778116703,0.05723712965846062
-0.0010315105319023132,-0.02343185618519783,0.013445233926177025,0.056875430047512054
-0.0005794577300548553,-0.02333281934261322,0.014047546312212944,0.05668507143855095
-0.0006002988666296005,-0.023090066388249397,0.014312943443655968,0.057394612580537796
-0.0006978437304496765,-0.022785522043704987,0.014410512521862984,0.05829654633998871
-0.0005951747298240662,-0.022528409957885742,0.014200473204255104,0.059244655072689056
-0.000683613121509552,-0.02226358652114868,0.01405843161046505,0.05743367597460747
-0.0008915401995182037,-0.021961720660328865,0.01376386173069477,0.054994285106658936
-0.0017051063477993011,-0.021422548219561577,0.013826580718159676,0.05210199952125549
-0.002379700541496277,-0.02073836699128151,0.013696068897843361,0.04980452358722687
-0.003152262419462204,-0.020191725343465805,0.01317400299012661,0.04982049763202667
-0.0035909488797187805,-0.019820034503936768,0.012846486642956734,0.05064404010772705
-0.0036692023277282715,-0.019560372456908226,0.012774193659424782,0.051119036972522736
-0.004083327949047089,-0.019101006910204887,0.011956902220845222,0.05119545757770538
-0.004322484135627747,-0.018535660579800606,0.011448239907622337,0.05102822184562683
-0.004388168454170227,-0.01810094341635704,0.011348741129040718,0.04744306206703186
-0.0045259855687618256,-0.017718294635415077,0.011039795354008675,0.04355065897107124
-0.004891417920589447,-0.017549805343151093,0.010738717392086983,0.04117581993341446
-0.005138043314218521,-0.017509732395410538,0.010479114949703217,0.03982638567686081
-0.005201797932386398,-0.01793140359222889,0.009825209155678749,0.03842822462320328
-0.0053825825452804565,-0.018175175413489342,0.008975544944405556,0.03674248605966568
-0.0054298341274261475,-0.017968356609344482,0.008684322237968445,0.03564447537064552
-0.006028182804584503,-0.01720455288887024,0.009218506515026093,0.03203602135181427
-0.006635304540395737,-0.016105659306049347,0.009314551949501038,0.028527110815048218
-0.007473647594451904,-0.01499858871102333,0.00920572504401207,0.02553384006023407
-0.00805608183145523,-0.01397150382399559,0.008942665532231331,0.023450132459402084
-0.008649937808513641,-0.013377567753195763,0.008723901584744453,0.021086759865283966
-0.009354077279567719,-0.013124670833349228,0.00869472324848175,0.01817995309829712
-0.009856786578893661,-0.012957481667399406,0.008602388203144073,0.016256671398878098
-0.00987977534532547,-0.012775501236319542,0.008701818063855171,0.01583433896303177
-0.009829852730035782,-0.012590505182743073,0.008812028914690018,0.015738286077976227
-0.009502559900283813,-0.012465894222259521,0.008945157751441002,0.01619574800133705
-0.009225364774465561,-0.01237030141055584,0.009026685729622841,0.016553860157728195
-0.009203389286994934,-0.011863082647323608,0.009009143337607384,0.01622151955962181
-0.009936582297086716,-0.010748964734375477,0.008868010714650154,0.015303198248147964
-0.010473795235157013,-0.00946216844022274,0.008213946595788002,0.014940273016691208
-0.010690346360206604,-0.008436609990894794,0.007799983024597168,0.015106257051229477
-0.010013148188591003,-0.008195503614842892,0.0072944387793540955,0.01640450581908226
-0.009538140147924423,-0.00848280731588602,0.007014984264969826,0.017801426351070404
-0.008615057915449142,-0.009300981648266315,0.007100772112607956,0.019503753632307053
-0.008078441023826599,-0.010339469648897648,0.0071248859167099,0.021035294979810715
-0.007251527160406113,-0.01164290215820074,0.006944920867681503,0.022179149091243744
-0.0064699687063694,-0.013190221972763538,0.007097827270627022,0.022359073162078857
-0.006131991744041443,-0.014462733641266823,0.007230760529637337,0.021923072636127472
-0.005321357399225235,-0.015819747000932693,0.0075634196400642395,0.023722026497125626
-0.004710689187049866,-0.017191600054502487,0.00791861116886139,0.02578822895884514
-0.0038430169224739075,-0.018279246985912323,0.00847146287560463,0.027836281806230545
-0.0034592077136039734,-0.01879217103123665,0.009071355685591698,0.028712425380945206
-0.0034423135221004486,-0.018867535516619682,0.009259825572371483,0.02855110913515091
-0.004183556884527206,-0.018625745549798012,0.009568333625793457,0.026416979730129242
-0.0048789381980896,-0.01820562779903412,0.009560387581586838,0.024158652871847153
-0.0055181607604026794,-0.017379742115736008,0.00968177616596222,0.022078726440668106
-0.005980592221021652,-0.016350626945495605,0.009680356830358505,0.020455334335565567
-0.005871642380952835,-0.01556034293025732,0.009488198906183243,0.020310621708631516
-0.005355808883905411,-0.015269246883690357,0.009700421243906021,0.019470196217298508
-0.00512339174747467,-0.0153278186917305,0.009792370721697807,0.018351931124925613
-0.005012728273868561,-0.015459246002137661,0.010022122412919998,0.017301779240369797
-0.005005676299333572,-0.015622220933437347,0.010173307731747627,0.016484376043081284
-0.005022719502449036,-0.01555568352341652,0.010595303028821945,0.014344066381454468
-0.0052836984395980835,-0.015266025438904762,0.011027401313185692,0.011304505169391632
-0.00561213493347168,-0.015006184577941895,0.011199209839105606,0.009403210133314133
-0.005807679146528244,-0.014856121502816677,0.011249437928199768,0.008687980473041534
-0.005552560091018677,-0.014736449345946312,0.01123916544020176,0.009099211543798447
-0.005196340382099152,-0.014332594349980354,0.01111079566180706,0.009853720664978027
-0.0048638805747032166,-0.013691525906324387,0.010777512565255165,0.010306909680366516
-0.0046311430633068085,-0.013116329908370972,0.010603126138448715,0.010423526167869568
-0.004175305366516113,-0.012816657312214375,0.010216837748885155,0.01028396189212799
-0.0038293078541755676,-0.012730114161968231,0.0100636575371027,0.009974434971809387
-0.00369340181350708,-0.012613961473107338,0.010231086984276772,0.009539030492305756
-0.0036660246551036835,-0.01244213804602623,0.010344984009861946,0.00907854363322258
-0.003341119736433029,-0.012219727039337158,0.0108516626060009,0.008651278913021088
-0.0031802132725715637,-0.012020526453852654,0.01120879128575325,0.00826127827167511
-0.0032673180103302,-0.011601340025663376,0.011527614668011665,0.009181436151266098
-0.0032212622463703156,-0.010749781504273415,0.011639149859547615,0.0105726458132267
-0.0031108707189559937,-0.009831693023443222,0.011619234457612038,0.011359885334968567
-0.003107517957687378,-0.008994684554636478,0.011381635442376137,0.011506736278533936
-0.0031111016869544983,-0.008296444080770016,0.011262109503149986,0.01137516275048256
-0.0025249533355236053,-0.007649450562894344,0.011661326512694359,0.01190251111984253
-0.0020502135157585144,-0.007066695019602776,0.011989613994956017,0.012508824467658997
-0.0016975626349449158,-0.006538955960422754,0.012489711865782738,0.012410692870616913
-0.0017535723745822906,-0.006167189683765173,0.012806477025151253,0.011333242058753967
-0.0020099878311157227,-0.005970917176455259,0.012825032696127892,0.010285411030054092
-0.002292502671480179,-0.0059814732521772385,0.012574704363942146,0.009331904351711273
-0.002297673374414444,-0.0061860037967562675,0.012162318453192711,0.008686654269695282
-0.0022387467324733734,-0.006390433758497238,0.011975398287177086,0.008442532271146774
-0.0018778853118419647,-0.006416664458811283,0.011990876868367195,0.009072568267583847
-0.001591760665178299,-0.006313266232609749,0.012067439034581184,0.009831506758928299
-0.001530088484287262,-0.006042766384780407,0.01232297532260418,0.010007355362176895
-0.0012467093765735626,-0.005671963095664978,0.012700913473963737,0.010521091520786285
-0.0010711513459682465,-0.005372248589992523,0.012882029637694359,0.011189009994268417
-0.0013120919466018677,-0.0051583945751190186,0.013024864718317986,0.010975245386362076
-0.0015457309782505035,-0.005023148376494646,0.01306995190680027,0.010539926588535309
-0.0011600479483604431,-0.005150120705366135,0.013060716912150383,0.01014021411538124
-0.0008640140295028687,-0.005438573658466339,0.013088775798678398,0.00973094254732132
-0.0005252789705991745,-0.005847047083079815,0.01321655698120594,0.010130632668733597
-0.00030257366597652435,-0.00628610048443079,0.01334533654153347,0.010687112808227539
-0.00017176754772663116,-0.0066514937207102776,0.013385051861405373,0.011864691972732544
0.00038005784153938293,-0.006770455744117498,0.013686029240489006,0.013707727193832397
0.0007835011929273605,-0.006679517216980457,0.013890082016587257,0.015025094151496887
0.0012619569897651672,-0.006471577566117048,0.01383286900818348,0.016073238104581833
0.001634674146771431,-0.006227978505194187,0.013814235106110573,0.01684509962797165
0.0018802136182785034,-0.006155364215373993,0.013742728158831596,0.01717459037899971
0.0019599907100200653,-0.0063005480915308,0.0136824119836092,0.016268812119960785
0.0018696244806051254,-0.0064952317625284195,0.013591030612587929,0.015139702707529068
0.0018982607871294022,-0.006467951461672783,0.01325051300227642,0.013273529708385468
0.001907452940940857,-0.006283435970544815,0.012973850592970848,0.011534783989191055
0.002103833481669426,-0.006010228767991066,0.012630855664610863,0.0106499083340168
0.0026057232171297073,-0.005785761401057243,0.012290878221392632,0.010453373193740845
0.002921922132372856,-0.005661581642925739,0.012083547189831734,0.010630644857883453
0.003817237913608551,-0.005566785112023354,0.011918468400835991,0.01138908788561821
0.004575112834572792,-0.005475337617099285,0.011949239298701286,0.012064442038536072
0.005060512572526932,-0.005380665883421898,0.012240612879395485,0.013234898447990417
0.0056856777518987656,-0.005198780447244644,0.01267833448946476,0.014823067933321
0.006000669673085213,-0.00498229032382369,0.012947017326951027,0.015818223357200623
0.006414085626602173,-0.00484229251742363,0.013117047026753426,0.01564117521047592
0.006667079403996468,-0.004770010709762573,0.013192879036068916,0.015094473958015442
0.007126273587346077,-0.0046890126541256905,0.013234874233603477,0.0155760757625103
0.00720321387052536,-0.00476777832955122,0.013215811923146248,0.016148243099451065
0.007115254178643227,-0.004983365070074797,0.01315283589065075,0.01633254811167717
0.006967633962631226,-0.0050220852717757225,0.013031812384724617,0.01639571785926819
0.0069023799151182175,-0.004916952457278967,0.012978801503777504,0.01636688783764839
0.007263334468007088,-0.0045526837930083275,0.012919476255774498,0.016562994569540024
0.00787966139614582,-0.0038480316288769245,0.012601593509316444,0.016974538564682007
0.00831119529902935,-0.0031060418114066124,0.012415746226906776,0.017258085310459137
0.008433409035205841,-0.0023030536249279976,0.012157244607806206,0.016240395605564117
0.007936440408229828,-0.0012500518932938576,0.01158842258155346,0.01450849324464798
0.00760531984269619,-0.0002577221021056175,0.011263972148299217,0.013475239276885986
0.007690152153372765,0.0004236288368701935,0.011324247345328331,0.014055386185646057
0.007867949083447456,0.0008719814941287041,0.011383043602108955,0.015131577849388123
0.007724165916442871,0.0011390820145606995,0.011628979817032814,0.01590147614479065
0.007548272609710693,0.0012720497325062752,0.011777428910136223,0.01647300273180008
0.007279569283127785,0.0013335281983017921,0.01225256361067295,0.01533014327287674
0.006978990510106087,0.0013357512652873993,0.01249626837670803,0.013816043734550476
0.006477465853095055,0.0011765062808990479,0.012760696932673454,0.012836840003728867
0.006231788545846939,0.0006609028205275536,0.012937022373080254,0.01283670961856842
0.006165096536278725,1.944601535797119e-05,0.013029554858803749,0.01327621191740036
0.006248017773032188,-0.0005336888134479523,0.01312403567135334,0.014083631336688995
0.006446121260523796,-0.0010737767443060875,0.013229141011834145,0.015457607805728912
0.006571635603904724,-0.0015460359863936901,0.013305304571986198,0.01643102988600731
0.006594909355044365,-0.0017628492787480354,0.013335945084691048,0.01638338342308998
0.006628340110182762,-0.0017876219935715199,0.01336442120373249,0.015944384038448334
0.006895354017615318,-0.001705464906990528,0.013339759781956673,0.01568262279033661
0.0070670414716005325,-0.0015816129744052887,0.013365188613533974,0.015481051057577133
0.007198883220553398,-0.0013717105612158775,0.013391135260462761,0.015883594751358032
0.007200470194220543,-0.0009864987805485725,0.013513574376702309,0.015917662531137466
0.007223455235362053,-0.0005495436489582062,0.01350795291364193,0.015600677579641342
0.007437502965331078,-6.454158574342728e-05,0.013417651876807213,0.015446111559867859
0.0075968969613313675,0.00040916167199611664,0.013380220159888268,0.015366889536380768
0.007755812257528305,0.0007951455190777779,0.01323133148252964,0.015763528645038605
0.0078510120511055,0.0010978784412145615,0.013157336041331291,0.01626104861497879
0.007557595148682594,0.0013331035152077675,0.013150515034794807,0.015420649200677872
0.0073942095041275024,0.0013244738802313805,0.012873707339167595,0.014411572366952896
0.0073674339801073074,0.0011279815807938576,0.012741694226861,0.014064915478229523
0.00744546577334404,0.0009232070297002792,0.01266431249678135,0.015674304217100143
0.007602499797940254,0.000763528048992157,0.012669449672102928,0.01771186664700508
0.0071917250752449036,0.0006665550172328949,0.01266816072165966,0.018554676324129105
0.006876163184642792,0.0006092023104429245,0.012623386457562447,0.018871113657951355
0.0065716952085494995,0.0006654625758528709,0.012884659692645073,0.017892926931381226
0.006375081837177277,0.0007329043000936508,0.013021750375628471,0.015752308070659637
0.006258908659219742,0.0007312456145882607,0.013047842308878899,0.014150664210319519
0.006142636761069298,0.0007246416062116623,0.012871796265244484,0.013153579086065292
0.006039401516318321,0.000723554752767086,0.012747162953019142,0.012510489672422409
0.005646146833896637,0.0007458217442035675,0.012482045218348503,0.01150144636631012
0.005409274250268936,0.0008097933605313301,0.011993242427706718,0.009585108608007431
0.00533544085919857,0.0008976608514785767,0.01170572079718113,0.008032172918319702
0.00559447705745697,0.001099984161555767,0.011702796444296837,0.007264658808708191
0.005772782489657402,0.0013740072026848793,0.011734968051314354,0.006852053105831146
0.006058370694518089,0.0015860963612794876,0.011959878727793694,0.0065421536564826965
0.0065253302454948425,0.0017224624752998352,0.012137254700064659,0.006134428083896637
0.00680130161345005,0.0017957473173737526,0.01224142499268055,0.005790248513221741
0.006976788863539696,0.0019354680553078651,0.012312663719058037,0.005534328520298004
0.007076352834701538,0.0021264459937810898,0.012363554909825325,0.0053372010588645935
0.007033847272396088,0.0023018615320324898,0.012531215324997902,0.004691675305366516
0.0069744884967803955,0.0024399589747190475,0.012640060856938362,0.004014000296592712
0.007187997922301292,0.002614673227071762,0.012671751901507378,0.0037562400102615356
0.007693083956837654,0.0028753429651260376,0.012945657595992088,0.003630600869655609
0.008009858429431915,0.003148213028907776,0.013106698170304298,0.0035220086574554443
0.007993323728442192,0.003428329713642597,0.01350211538374424,0.0035717785358428955
0.007725978270173073,0.003710424527525902,0.013573406264185905,0.003378555178642273
0.0075499992817640305,0.00390984769910574,0.01352347619831562,0.003091081976890564
0.007814522832632065,0.003973174840211868,0.013392111286520958,0.0035461410880088806
0.00831996276974678,0.003927825018763542,0.013100894168019295,0.00397317111492157
0.008599955588579178,0.0038603125140070915,0.013008767738938332,0.003922306001186371
0.008642321452498436,0.003938859328627586,0.012894390150904655,0.0038800090551376343
0.008607359603047371,0.004114615730941296,0.012821143493056297,0.003916844725608826
0.008457807824015617,0.004304399713873863,0.012679016217589378,0.0036254823207855225
0.008343381807208061,0.00447698961943388,0.012556632980704308,0.003316350281238556
0.00830048881471157,0.004551740363240242,0.01229730062186718,0.003910921514034271
0.008064744994044304,0.004444245249032974,0.012274021282792091,0.005421757698059082
0.007925404235720634,0.004262033849954605,0.01229858212172985,0.006667725741863251
0.007615642622113228,0.004073446616530418,0.012571295723319054,0.007087692618370056
0.007389936596155167,0.0038920314982533455,0.012742122635245323,0.007163304835557938
0.007366614416241646,0.0036926697939634323,0.012970471754670143,0.007633369415998459
0.0073977746069431305,0.00348564051091671,0.013126162812113762,0.008179493248462677
0.007483974099159241,0.003348506987094879,0.013271348550915718,0.008631851524114609
0.007507678121328354,0.003219339996576309,0.013335077092051506,0.008686579763889313
0.007520269602537155,0.0030703144147992134,0.013363128527998924,0.008534945547580719
0.007605660706758499,0.003012215718626976,0.013373812660574913,0.008250825107097626
0.007680101320147514,0.003021164797246456,0.013400869444012642,0.007963724434375763
0.00785619392991066,0.002998153679072857,0.013555945828557014,0.0078374482691288
0.007918145507574081,0.0031031277030706406,0.013561094179749489,0.007743973284959793
0.00792907364666462,0.003313520923256874,0.013530204072594643,0.007666267454624176
0.007935233414173126,0.0034044189378619194,0.01337469182908535,0.007387407124042511
0.007952185347676277,0.003382330760359764,0.013278206810355186,0.007080726325511932
0.007689345628023148,0.0034310612827539444,0.013510143384337425,0.007043629884719849
0.0074637942016124725,0.003547944128513336,0.013610424473881721,0.007210012525320053
0.007206754758954048,0.0035906145349144936,0.013592002913355827,0.007342793047428131
0.007310898974537849,0.0035487553104758263,0.013619950041174889,0.007632039487361908
0.007472449913620949,0.003491859883069992,0.01368885301053524,0.007866635918617249
0.0075967516750097275,0.0034229038283228874,0.013906432315707207,0.007475282996892929
0.007652318105101585,0.0033506983891129494,0.013996751978993416,0.006976407021284103
0.007841570302844048,0.0032461024820804596,0.013926973566412926,0.006311923265457153
0.007985005155205727,0.0031335540115833282,0.013884833082556725,0.005649730563163757
0.00823637843132019,0.0031184805557131767,0.013913443312048912,0.005644537508487701
0.00854932889342308,0.0031798621639609337,0.013877952471375465,0.006277445703744888
0.008706985041499138,0.003253588452935219,0.013821760192513466,0.006867986172437668
0.008813628926873207,0.0034104036167263985,0.013765877112746239,0.006875116378068924
0.00911707989871502,0.0036238636821508408,0.013869496062397957,0.006987392902374268
0.009326081722974777,0.0038055619224905968,0.013961659744381905,0.007256310433149338
0.009580619633197784,0.003988549113273621,0.01420958898961544,0.00705140084028244
0.0096918735653162,0.004177416674792767,0.014314470812678337,0.006706558167934418
0.009622478857636452,0.004335884936153889,0.014343434944748878,0.006561286747455597
0.009550940245389938,0.004455913789570332,0.014363324269652367,0.006507422775030136
0.009570049121975899,0.004600356332957745,0.014487886801362038,0.006662629544734955
0.009908856824040413,0.004801834933459759,0.014696428552269936,0.006756961345672607
0.01015429012477398,0.005003861151635647,0.014861462637782097,0.006619993597269058
0.010284917429089546,0.005243477411568165,0.014992093667387962,0.006788596510887146
0.010345540940761566,0.005495755933225155,0.015067839995026588,0.007064804434776306
0.0103107038885355,0.005598796531558037,0.015277253463864326,0.007325541228055954
0.010453259572386742,0.0056239767000079155,0.015511961653828621,0.008659511804580688
0.01060105487704277,0.005667931400239468,0.015647759661078453,0.010091349482536316
0.010621495544910431,0.005723630078136921,0.01567009650170803,0.01161869615316391
0.011063747107982635,0.005752050317823887,0.015306608751416206,0.014057353138923645
0.01142386719584465,0.0057529425248503685,0.015093309804797173,0.0159660205245018
0.011789970099925995,0.005692873150110245,0.014874843880534172,0.016307063400745392
0.012081136927008629,0.005626125261187553,0.014615414664149284,0.014975689351558685
0.012220438569784164,0.005607903935015202,0.014494670554995537,0.013540461659431458
0.012267125770449638,0.0056017301976680756,0.014473984017968178,0.012895215302705765
0.012011667713522911,0.0055522797629237175,0.014424609020352364,0.01260441169142723
0.011719277128577232,0.005476983264088631,0.014355117455124855,0.012918155640363693
0.011581433936953545,0.005413401871919632,0.01432776264846325,0.013465773314237595
0.011527637019753456,0.005346730351448059,0.014358649030327797,0.014218222349882126
0.011487169191241264,0.005277457647025585,0.014395168051123619,0.014927450567483902
0.011491047218441963,0.005181428045034409,0.014202384278178215,0.014871321618556976
0.011550340801477432,0.005055923014879227,0.014099633321166039,0.014523204416036606
0.011470964178442955,0.0049306368455290794,0.013960538432002068,0.014534436166286469
0.011426588520407677,0.004844069480895996,0.0138769019395113,0.014861203730106354
0.011437593027949333,0.004802997224032879,0.013858659192919731,0.01513202115893364
0.01150636188685894,0.00477992370724678,0.013863416388630867,0.015302840620279312
0.011616108939051628,0.004767971113324165,0.013861296698451042,0.015440080314874649
0.011685460805892944,0.004762962460517883,0.013865595683455467,0.015510760247707367
0.011736297979950905,0.004751815460622311,0.013882001861929893,0.015515808016061783
0.011758551001548767,0.004736240021884441,0.013891736045479774,0.015497319400310516
0.011747006326913834,0.0047270674258470535,0.013906488195061684,0.015478331595659256
0.011736029759049416,0.004722827114164829,0.013911450281739235,0.015469469130039215
0.011728230863809586,0.004726880230009556,0.01392221637070179,0.015457868576049805
0.011727267876267433,0.004738252609968185,0.013932259753346443,0.015457835048437119
0.011728193610906601,0.004749473184347153,0.013937344774603844,0.015464790165424347
0.011728506535291672,0.004758015275001526,0.013938205316662788,0.015471167862415314
0.011720029637217522,0.0047642942517995834,0.013946762308478355,0.015460092574357986
0.011710572987794876,0.004768369719386101,0.013949653133749962,0.015446975827217102
0.011706773191690445,0.004770432598888874,0.013949153944849968,0.015444409102201462
0.011705614626407623,0.004771283827722073,0.013948837295174599,0.01544531062245369
0.011706257238984108,0.004771290346980095,0.013948841020464897,0.015449922531843185
0.011706801131367683,0.004770839586853981,0.013949019834399223,0.015455055981874466
0.011701799929141998,0.004769480787217617,0.013951020315289497,0.015444513410329819
0.01169835589826107,0.004767084494233131,0.013951795175671577,0.01543126255273819
0.011682193726301193,0.004752166569232941,0.013972831889986992,0.015323396772146225
0.011660382151603699,0.004749078303575516,0.013989502564072609,0.015200980007648468
0.01165170967578888,0.0047661541029810905,0.013997221365571022,0.01514129713177681
0.01166754961013794,0.004824533127248287,0.013951724395155907,0.015223458409309387
0.011694787070155144,0.004901327192783356,0.01394619606435299,0.015325937420129776
0.011710075661540031,0.004970460198819637,0.013941055163741112,0.01546289399266243
0.011695373803377151,0.0050461171194911,0.013909576460719109,0.015547368675470352
0.011685725301504135,0.005111336708068848,0.013900937512516975,0.015519026666879654
0.011712435632944107,0.005172637291252613,0.013830931857228279,0.015563435852527618
0.01172611489892006,0.0052345795556902885,0.013784905895590782,0.015633445233106613
0.011836284771561623,0.005275437608361244,0.013706954196095467,0.015807222574949265
0.01193988136947155,0.005293413996696472,0.013691859319806099,0.015950974076986313
0.012008421123027802,0.0053277527913451195,0.013673091307282448,0.015776880085468292
0.012036135420203209,0.005363483913242817,0.013683168217539787,0.015365514904260635
0.01203177124261856,0.005374597385525703,0.01370551623404026,0.015052273869514465
0.011842047795653343,0.005339521914720535,0.013758977875113487,0.014372128993272781
0.011682169511914253,0.005259261466562748,0.01385064609348774,0.013579711318016052
0.011605031788349152,0.005177621729671955,0.013903828337788582,0.013148501515388489
0.011646442115306854,0.005095942877233028,0.013910254463553429,0.012910891324281693
0.011691683903336525,0.005013102665543556,0.013928210362792015,0.012745041400194168
0.011614520102739334,0.004950580187141895,0.014101577922701836,0.012823875993490219
0.011545641347765923,0.004905063658952713,0.014195026829838753,0.0130281001329422
0.011609217151999474,0.0048421043902635574,0.014198416844010353,0.013155721127986908
0.011676952242851257,0.004773056134581566,0.014227380976080894,0.013190057128667831
0.01170121319591999,0.004725093021988869,0.014237625524401665,0.013203181326389313
0.011712171137332916,0.004695878364145756,0.014236891642212868,0.013210199773311615
0.011708835139870644,0.004701104946434498,0.014231400564312935,0.012644510716199875
0.011734090745449066,0.00477826502174139,0.01426769606769085,0.01177794486284256
0.011740397661924362,0.0048880139365792274,0.014302486553788185,0.011225733906030655
0.011698046699166298,0.004955044947564602,0.014358783140778542,0.011100254952907562
0.01167154312133789,0.00497748889029026,0.014395011588931084,0.011141575872898102
0.011650100350379944,0.005001278594136238,0.014426147565245628,0.011075053364038467
0.011605128645896912,0.00503644160926342,0.014465374872088432,0.010699186474084854
0.01156429573893547,0.00506545789539814,0.01447325386106968,0.010331321507692337
0.01148124597966671,0.005085881799459457,0.014488590881228447,0.010054092854261398
0.011387646198272705,0.005131454207003117,0.014485606923699379,0.009869690984487534
0.011333078145980835,0.005203125067055225,0.014461388811469078,0.009818680584430695
0.011353220790624619,0.0052954889833927155,0.014478826895356178,0.010341059416532516
0.01137569360435009,0.005399624817073345,0.014487078413367271,0.010981511324644089
0.011348962783813477,0.005488104186952114,0.014497553929686546,0.01111980527639389
0.011365652084350586,0.005577271804213524,0.01450529508292675,0.011226706206798553
0.011383090168237686,0.005667319521307945,0.01449289359152317,0.011410810053348541
0.011384814977645874,0.005739971995353699,0.014483099803328514,0.011459801346063614
0.01138402707874775,0.005787820555269718,0.014488553628325462,0.01143796369433403
0.011358531191945076,0.005842560902237892,0.014536378905177116,0.011175177991390228
0.011286048218607903,0.005874396301805973,0.01465647853910923,0.010667886584997177
0.011226659640669823,0.005873526446521282,0.014698365703225136,0.01031002402305603
0.011401787400245667,0.005837003700435162,0.014610959216952324,0.009914867579936981
0.01152714528143406,0.005785954184830189,0.014548106119036674,0.009533148258924484
0.012000557035207748,0.005753709003329277,0.014259843155741692,0.010123234242200851
0.012406675145030022,0.005749603733420372,0.014158660545945168,0.010880660265684128
0.012613369151949883,0.005772238597273827,0.014151623472571373,0.01114075630903244
0.012709638103842735,0.005816549062728882,0.014138070866465569,0.011187907308340073
0.012725234031677246,0.005926068872213364,0.014340786263346672,0.011384274810552597
0.012743869796395302,0.006049402989447117,0.014530958607792854,0.01161045953631401
0.012762291356921196,0.006126725114881992,0.014613369479775429,0.011722244322299957
0.012772303074598312,0.006165822967886925,0.014649005606770515,0.011762414127588272
0.012776477262377739,0.006182086654007435,0.014666011556982994,0.011775322258472443
0.012777986004948616,0.006186496466398239,0.014675004407763481,0.011779267340898514
0.012778490781784058,0.006185494363307953,0.014680111780762672,0.011780451983213425
0.012778643518686295,0.006182483397424221,0.014683151617646217,0.011780817061662674
0.012778675183653831,0.006179111078381538,0.01468503288924694,0.011780902743339539
0.012778682634234428,0.006176062859594822,0.014686217531561852,0.011780928820371628
0.012823032215237617,0.0061402516439557076,0.014687744900584221,0.011400993913412094
0.012856785207986832,0.006078686565160751,0.014722725376486778,0.010888103395700455
0.012756461277604103,0.006071365438401699,0.014918049797415733,0.011152133345603943
0.012677621096372604,0.006133179180324078,0.014969488605856895,0.011755578219890594
0.012554848566651344,0.006185845471918583,0.015038462355732918,0.012183427810668945
0.01260344684123993,0.006328738294541836,0.014581670984625816,0.011694036424160004
0.012706387788057327,0.006562299095094204,0.014227477833628654,0.01085628941655159
0.013210579752922058,0.006287512369453907,0.013293581083416939,0.01107214018702507
0.013660790398716927,0.005615644156932831,0.012849723920226097,0.011526152491569519
0.01389872282743454,0.005019050091505051,0.01280115731060505,0.011542387306690216
0.013971764594316483,0.004559139721095562,0.01286262460052967,0.011410195380449295
0.01397068053483963,0.004237482324242592,0.01289963535964489,0.011364039033651352
0.014041632413864136,0.003949464298784733,0.01285727508366108,0.0112224780023098
0.014104846864938736,0.0036882832646369934,0.01285071112215519,0.011028721928596497
0.014116145670413971,0.0035079466179013252,0.012864654883742332,0.010942324995994568
0.014125270769000053,0.0033894795924425125,0.012870213016867638,0.010911338031291962
0.014133652672171593,0.0033086445182561874,0.01287643052637577,0.010891761630773544
0.01412515714764595,0.0032612085342407227,0.01288287527859211,0.010892637073993683
0.014116654172539711,0.003237217664718628,0.01288326270878315,0.01090448722243309
0.01411370187997818,0.0032241735607385635,0.012882517650723457,0.010911259800195694
0.014112785458564758,0.003216799348592758,0.01288210041821003,0.010913979262113571
0.014112494885921478,0.00321254413574934,0.0128819290548563,0.010914944112300873
0.014112403616309166,0.0032100751996040344,0.012881835922598839,0.010915227234363556
0.01411234587430954,0.0032086223363876343,0.012881794944405556,0.01091533899307251
0.014111766591668129,0.003207869827747345,0.01288195513188839,0.010914772748947144
0.014111388474702835,0.0032074712216854095,0.012882152572274208,0.010914050042629242
0.014111287891864777,0.0032071974128484726,0.012882279232144356,0.01091374084353447
0.014112727716565132,0.0032057687640190125,0.012880103662610054,0.010912235826253891
0.014113867655396461,0.0032034981995821,0.012879116460680962,0.010909982025623322
0.014114221557974815,0.0032016774639487267,0.012879027053713799,0.010908819735050201
0.014114335179328918,0.003200414590537548,0.01287907175719738,0.010908380150794983
0.01411437802016735,0.003199556842446327,0.012879157438874245,0.010908219963312149
0.014114391058683395,0.003198981285095215,0.012879220768809319,0.010908182710409164
0.014114391058683395,0.0031985994428396225,0.012879258021712303,0.010908164083957672
0.014114391058683395,0.0031983470544219017,0.012879272922873497,0.010908164083957672
0.014114391058683395,0.003198186866939068,0.012879298999905586,0.010908164083957672
0.014106350019574165,0.0032294560223817825,0.012835124507546425,0.010890357196331024
0.014086559414863586,0.00323407631367445,0.01262245886027813,0.010964404791593552
0.01405949704349041,0.0032138098031282425,0.012452596798539162,0.01108529046177864
0.014043239876627922,0.0032108714804053307,0.012378314509987831,0.011143848299980164
0.01403571106493473,0.00322159007191658,0.01234474591910839,0.01116403192281723
0.014032647013664246,0.003237806260585785,0.012327456846833229,0.011169087141752243
0.014031624421477318,0.003254230134189129,0.012317409738898277,0.01117006316781044
0.01403135433793068,0.003268440254032612,0.012311486527323723,0.011169884353876114
0.01403127983212471,0.0032798293977975845,0.012307913973927498,0.01116972416639328
0.014031272381544113,0.003288544714450836,0.012305693700909615,0.011169668287038803
0.014031272381544113,0.0032949810847640038,0.012304289266467094,0.011169616132974625
0.0140310637652874,0.003299660049378872,0.012303521856665611,0.011170115321874619
0.014030871912837029,0.00330301932990551,0.012303026393055916,0.011170748621225357
0.01403249055147171,0.003304334357380867,0.012299755588173866,0.011169038712978363
0.014034055173397064,0.0033042384311556816,0.012297870591282845,0.011166438460350037
0.014037664979696274,0.003302592784166336,0.012295203283429146,0.011168096214532852
0.014040503650903702,0.0033002523705363274,0.01229383610188961,0.01117071881890297
0.01404159888625145,0.0032985638827085495,0.01229342631995678,0.011171728372573853
0.01404201053082943,0.0032975273206830025,0.012293262407183647,0.011172037571668625
0.014042159542441368,0.0032969629392027855,0.012293169274926186,0.011172112077474594
0.014042221009731293,0.0032966388389468193,0.012293120846152306,0.01117212325334549
0.01404225081205368,0.0032964665442705154,0.012293079867959023,0.01117212325334549
0.014042265713214874,0.0032964060083031654,0.012293050065636635,0.01117212325334549
0.014040706679224968,0.003294067457318306,0.012294532731175423,0.011149890720844269
0.014038428664207458,0.003289615735411644,0.012296123430132866,0.011122729629278183
0.013944616541266441,0.003212837502360344,0.012243499979376793,0.011123351752758026
0.01385464146733284,0.003144899383187294,0.012242430821061134,0.011165346950292587
0.01381218247115612,0.00314360111951828,0.012255975976586342,0.011205308139324188
0.013532472774386406,0.0032149795442819595,0.012468064203858376,0.010960128158330917
0.013275949284434319,0.0033289454877376556,0.012513687834143639,0.01076773926615715
0.012992063537240028,0.003441229462623596,0.012615012004971504,0.010862383991479874
0.012827912345528603,0.0035445792600512505,0.012677183374762535,0.011043958365917206
0.012761769816279411,0.0035906974226236343,0.012710144743323326,0.011221721768379211
0.0128853227943182,0.0033740010112524033,0.012707779183983803,0.011494267731904984
0.013017494231462479,0.002999314107000828,0.012774502858519554,0.011623691767454147
0.013090470805764198,0.0027092220261693,0.012819482013583183,0.011643558740615845
0.013113602995872498,0.002518340013921261,0.012852685526013374,0.01163584366440773
0.013088487088680267,0.0024159951135516167,0.012938031926751137,0.01149076595902443
0.01306123100221157,0.002375958487391472,0.012971730902791023,0.011323809623718262
0.013053275644779205,0.0024174321442842484,0.013065485283732414,0.01140725240111351
0.012979593127965927,0.0026873284950852394,0.013075606897473335,0.011071108281612396
0.012922214344143867,0.003062599338591099,0.013022264465689659,0.01055334135890007
0.012803465127944946,0.003440490923821926,0.013190368190407753,0.010246232151985168
0.01250636950135231,0.0038741566240787506,0.013312259688973427,0.010235033929347992
0.012295307591557503,0.004286597482860088,0.013269422575831413,0.01040613278746605
0.012114165350794792,0.004703664220869541,0.013291319832205772,0.01053716242313385
0.012012401595711708,0.005103847943246365,0.013284021988511086,0.010639019310474396
0.01199859008193016,0.005490357056260109,0.013334056362509727,0.010838385671377182
0.0121791772544384,0.005771877244114876,0.013217465952038765,0.011596210300922394
0.012334205210208893,0.005908681079745293,0.01319759152829647,0.012285880744457245
0.012700960040092468,0.006076037883758545,0.013468289747834206,0.01202566921710968
0.012958120554685593,0.006282467395067215,0.013692224398255348,0.011350754648447037
0.012841347604990005,0.006492440588772297,0.013990094885230064,0.010558892041444778
0.012444259598851204,0.006647777743637562,0.014379164204001427,0.009802442044019699
0.012180551886558533,0.006712936796247959,0.01453571580350399,0.009518664330244064
0.012038422748446465,0.006753950379788876,0.014554766938090324,0.00975368544459343
0.011980520561337471,0.00679303053766489,0.014552110806107521,0.010127957910299301
0.01222262904047966,0.006819582544267178,0.014371762052178383,0.010329734534025192
0.01249629259109497,0.006828037090599537,0.014329170808196068,0.010356899350881577
0.012652581557631493,0.006809270940721035,0.014317577704787254,0.01077675074338913
0.01271965354681015,0.00678360927850008,0.014302132651209831,0.011313401162624359
0.012744013220071793,0.006767501123249531,0.01429230161011219,0.011553704738616943
0.012753758579492569,0.00675999466329813,0.01428610272705555,0.011640667915344238
0.012766901403665543,0.006755025126039982,0.014321284368634224,0.01140831783413887
0.012766547501087189,0.006369119510054588,0.014028588309884071,0.010413441807031631
0.012731540948152542,0.0056998273357748985,0.013854583725333214,0.009413115680217743
0.012841025367379189,0.005158174782991409,0.01363586075603962,0.009039677679538727
0.013442017138004303,0.004618347622454166,0.013113470748066902,0.00950682908296585
0.013898717239499092,0.004103904590010643,0.012887490913271904,0.01007118821144104
0.014067936688661575,0.003755626268684864,0.012838063761591911,0.010286521166563034
0.014083927497267723,0.0035216519609093666,0.012888932600617409,0.01049773395061493
0.014097040519118309,0.0033641392365098,0.012906929478049278,0.010719727724790573
0.014116145670413971,0.0032696332782506943,0.012903613969683647,0.010822836309671402
0.014127863571047783,0.0032161371782422066,0.012899240478873253,0.010860521346330643
0.014133529737591743,0.003186943009495735,0.01289600320160389,0.010872919112443924
0.014136034995317459,0.003171541728079319,0.012893741950392723,0.010876741260290146
0.01413709856569767,0.0031637055799365044,0.012892236933112144,0.010877877473831177
0.014137540012598038,0.003159940242767334,0.012891219928860664,0.010878190398216248
0.014137724414467812,0.003158288076519966,0.012890568003058434,0.010878290981054306
0.014137804508209229,0.0031576845794916153,0.01289013959467411,0.010878317058086395
0.014137836173176765,0.003157583996653557,0.012889856472611427,0.010878317058086395
0.01413784734904766,0.0031576938927173615,0.012889677658677101,0.010878317058086395
0.014137858524918556,0.0031578540802001953,0.012889562174677849,0.010878309607505798
0.014137865975499153,0.003158021718263626,0.012889476493000984,0.010878309607505798
0.014137865975499153,0.0031581465154886246,0.012889439240098,0.010878309607505798
0.014137865975499153,0.0031582582741975784,0.012889405712485313,0.010878309607505798
0.014137865975499153,0.0031583402305841446,0.01288939081132412,0.010878309607505798
0.014137865975499153,0.003158389590680599,0.012889387086033821,0.010878309607505798
0.014137865975499153,0.0031584184616804123,0.012889387086033821,0.010878309607505798
0.014137865975499153,0.0031584342941641808,0.012889387086033821,0.010878309607505798
0.014137865975499153,0.003158445470035076,0.012889387086033821,0.010878309607505798
0.014137865975499153,0.0031584519892930984,0.012889387086033821,0.010878309607505798
0.014137865975499153,0.0031584566459059715,0.012889387086033821,0.010878309607505798
0.014137865975499153,0.0031584594398736954,0.012889387086033821,0.010878309607505798
0.014137865975499153,0.00315846037119627,0.012889387086033821,0.010878309607505798
0.014137865975499153,0.00315846037119627,0.012889387086033821,0.010878309607505798
0.014137865975499153,0.00315846037119627,0.012889387086033821,0.010878309607505798
0.014137865975499153,0.00315846037119627,0.012889387086033821,0.010878309607505798
0.014137865975499153,0.00315846037119627,0.012889387086033821,0.010878309607505798
0.014137865975499153,0.00315846037119627,0.012889387086033821,0.010878309607505798
0.014137865975499153,0.00315846037119627,0.012889387086033821,0.010878309607505798
0.014137865975499153,0.00315846037119627,0.012889387086033821,0.010878309607505798
0.014137865975499153,0.00315846037119627,0.012889387086033821,0.010878309607505798
0.014137865975499153,0.00315846037119627,0.012889387086033821,0.010878309607505798
0.014137865975499153,0.00315846037119627,0.012889387086033821,0.010878309607505798
0.014137865975499153,0.00315846037119627,0.012889387086033821,0.010878309607505798
0.014137865975499153,0.00315846037119627,0.012889387086033821,0.010878309607505798
0.014137865975499153,0.00315846037119627,0.012889387086033821,0.010878309607505798
0.014137865975499153,0.00315846037119627,0.012889387086033821,0.010878309607505798
0.014137865975499153,0.00315846037119627,0.012889387086033821,0.010878309607505798
0.014137865975499153,0.00315846037119627,0.012889387086033821,0.010878309607505798
0.014137865975499153,0.00315846037119627,0.012889387086033821,0.010878309607505798
0.014137865975499153,0.00315846037119627,0.012889387086033821,0.010878309607505798
0.014137865975499153,0.00315846037119627,0.012889387086033821,0.010878309607505798
0.014137865975499153,0.00315846037119627,0.012889387086033821,0.010878309607505798
0.014137865975499153,0.00315846037119627,0.012889387086033821,0.010878309607505798
0.014137865975499153,0.00315846037119627,0.012889387086033821,0.010878309607505798
0.014137865975499153,0.00315846037119627,0.012889387086033821,0.010878309607505798
0.014137865975499153,0.00315846037119627,0.012889387086033821,0.010878309607505798
0.014137865975499153,0.00315846037119627,0.012889387086033821,0.010878309607505798
0.014137865975499153,0.00315846037119627,0.012889387086033821,0.010878309607505798
0.014137865975499153,0.00315846037119627,0.012889387086033821,0.010878309607505798
0.014137865975499153,0.00315846037119627,0.012889387086033821,0.010878309607505798
0.014137865975499153,0.00315846037119627,0.012889387086033821,0.010878309607505798
0.014137865975499153,0.00315846037119627,0.012889387086033821,0.010878309607505798
0.014137865975499153,0.00315846037119627,0.012889387086033821,0.010878309607505798
0.014137865975499153,0.00315846037119627,0.012889387086033821,0.010878309607505798
0.014137865975499153,0.00315846037119627,0.012889387086033821,0.010878309607505798
0.014137865975499153,0.00315846037119627,0.012889387086033821,0.010878309607505798
0.014137865975499153,0.00315846037119627,0.012889387086033821,0.010878309607505798
0.014137865975499153,0.00315846037119627,0.012889387086033821,0.010878309607505798
0.014137865975499153,0.00315846037119627,0.012889387086033821,0.010878309607505798
0.014137865975499153,0.00315846037119627,0.012889387086033821,0.010878309607505798
0.014137865975499153,0.00315846037119627,0.012889387086033821,0.010878309607505798
0.014137865975499153,0.00315846037119627,0.012889387086033821,0.010878309607505798
0.014137865975499153,0.00315846037119627,0.012889387086033821,0.010878309607505798
0.014137865975499153,0.00315846037119627,0.012889387086033821,0.010878309607505798
0.014137865975499153,0.00315846037119627,0.012889387086033821,0.010878309607505798
0.014137865975499153,0.00315846037119627,0.012889387086033821,0.010878309607505798
0.014137865975499153,0.00315846037119627,0.012889387086033821,0.010878309607505798
0.014137865975499153,0.00315846037119627,0.012889387086033821,0.010878309607505798
0.014137865975499153,0.00315846037119627,0.012889387086033821,0.010878309607505798
0.014137865975499153,0.00315846037119627,0.012889387086033821,0.010878309607505798
0.014137865975499153,0.00315846037119627,0.012889387086033821,0.010878309607505798
0.014137865975499153,0.00315846037119627,0.012889387086033821,0.010878309607505798
0.014137865975499153,0.00315846037119627,0.012889387086033821,0.010878309607505798
0.014137865975499153,0.00315846037119627,0.012889387086033821,0.010878309607505798
0.014137865975499153,0.00315846037119627,0.012889387086033821,0.010878309607505798
0.014137865975499153,0.00315846037119627,0.012889387086033821,0.010878309607505798
0.014137865975499153,0.00315846037119627,0.012889387086033821,0.010878309607505798
0.014137865975499153,0.00315846037119627,0.012889387086033821,0.010878309607505798
0.014137865975499153,0.00315846037119627,0.012889387086033821,0.010878309607505798
0.014137865975499153,0.00315846037119627,0.012889387086033821,0.010878309607505798
0.014137865975499153,0.00315846037119627,0.012889387086033821,0.010878309607505798
0.014137865975499153,0.00315846037119627,0.012889387086033821,0.010878309607505798
0.014137865975499153,0.00315846037119627,0.012889387086033821,0.010878309607505798
0.014137865975499153,0.00315846037119627,0.012889387086033821,0.010878309607505798
0.014137865975499153,0.00315846037119627,0.012889387086033821,0.010878309607505798
0.014137865975499153,0.00315846037119627,0.012889387086033821,0.010878309607505798
0.014137865975499153,0.00315846037119627,0.012889387086033821,0.010878309607505798
0.014137865975499153,0.00315846037119627,0.012889387086033821,0.010878309607505798
0.014137865975499153,0.00315846037119627,0.012889387086033821,0.010878309607505798
0.014137865975499153,0.00315846037119627,0.012889387086033821,0.010878309607505798
0.014137865975499153,0.00315846037119627,0.012889387086033821,0.010878309607505798
0.014137865975499153,0.00315846037119627,0.012889387086033821,0.010878309607505798
0.014137865975499153,0.00315846037119627,0.012889387086033821,0.010878309607505798
0.014137865975499153,0.00315846037119627,0.012889387086033821,0.010878309607505798
0.014137865975499153,0.00315846037119627,0.012889387086033821,0.010878309607505798
0.014137865975499153,0.00315846037119627,0.012889387086033821,0.010878309607505798
0.014137865975499153,0.00315846037119627,0.012889387086033821,0.010878309607505798
0.014137865975499153,0.00315846037119627,0.012889387086033821,0.010878309607505798
0.014137865975499153,0.00315846037119627,0.012889387086033821,0.010878309607505798
0.014137865975499153,0.00315846037119627,0.012889387086033821,0.010878309607505798
0.014137865975499153,0.00315846037119627,0.012889387086033821,0.010878309607505798
0.014137865975499153,0.00315846037119627,0.012889387086033821,0.010878309607505798
0.014137865975499153,0.00315846037119627,0.012889387086033821,0.010878309607505798
0.014137865975499153,0.00315846037119627,0.012889387086033821,0.010878309607505798
0.014137865975499153,0.00315846037119627,0.012889387086033821,0.010878309607505798
0.014137865975499153,0.00315846037119627,0.012889387086033821,0.010878309607505798
0.014137865975499153,0.00315846037119627,0.012889387086033821,0.010878309607505798
0.014137865975499153,0.00315846037119627,0.012889387086033821,0.010878309607505798
0.014137865975499153,0.00315846037119627,0.012889387086033821,0.010878309607505798
0.014137865975499153,0.00315846037119627,0.012889387086033821,0.010878309607505798
0.014137865975499153,0.00315846037119627,0.012889387086033821,0.010878309607505798
0.014137865975499153,0.00315846037119627,0.012889387086033821,0.010878309607505798
0.014137865975499153,0.00315846037119627,0.012889387086033821,0.010878309607505798
0.014137865975499153,0.00315846037119627,0.012889387086033821,0.010878309607505798
0.014137865975499153,0.00315846037119627,0.012889387086033821,0.010878309607505798
0.014137865975499153,0.00315846037119627,0.012889387086033821,0.010878309607505798
0.014137865975499153,0.00315846037119627,0.012889387086033821,0.010878309607505798
0.014137865975499153,0.00315846037119627,0.012889387086033821,0.010878309607505798
0.014137865975499153,0.00315846037119627,0.012889387086033821,0.010878309607505798
0.014137865975499153,0.00315846037119627,0.012889387086033821,0.010878309607505798
0.014137865975499153,0.00315846037119627,0.012889387086033821,0.010878309607505798
0.014137865975499153,0.00315846037119627,0.012889387086033821,0.010878309607505798
0.014137865975499153,0.00315846037119627,0.012889387086033821,0.010878309607505798
0.014137865975499153,0.00315846037119627,0.012889387086033821,0.010878309607505798
0.014137865975499153,0.00315846037119627,0.012889387086033821,0.010878309607505798
0.014137865975499153,0.00315846037119627,0.012889387086033821,0.010878309607505798
0.014137865975499153,0.00315846037119627,0.012889387086033821,0.010878309607505798
0.014137865975499153,0.00315846037119627,0.012889387086033821,0.010878309607505798
0.014137865975499153,0.00315846037119627,0.012889387086033821,0.010878309607505798
0.014137865975499153,0.00315846037119627,0.012889387086033821,0.010878309607505798
0.014137865975499153,0.00315846037119627,0.012889387086033821,0.010878309607505798
0.014137865975499153,0.00315846037119627,0.012889387086033821,0.010878309607505798
0.014137865975499153,0.00315846037119627,0.012889387086033821,0.010878309607505798
0.014137865975499153,0.00315846037119627,0.012889387086033821,0.010878309607505798
0.014137865975499153,0.00315846037119627,0.012889387086033821,0.010878309607505798
0.014137865975499153,0.00315846037119627,0.012889387086033821,0.010878309607505798
0.014137865975499153,0.00315846037119627,0.012889387086033821,0.010878309607505798
0.014137865975499153,0.00315846037119627,0.012889387086033821,0.010878309607505798
0.014137865975499153,0.00315846037119627,0.012889387086033821,0.010878309607505798
0.014137865975499153,0.00315846037119627,0.012889387086033821,0.010878309607505798
0.014137865975499153,0.00315846037119627,0.012889387086033821,0.010878309607505798
0.014137865975499153,0.00315846037119627,0.012889387086033821,0.010878309607505798
0.014137865975499153,0.00315846037119627,0.012889387086033821,0.010878309607505798
0.014137865975499153,0.00315846037119627,0.012889387086033821,0.010878309607505798
0.014137865975499153,0.00315846037119627,0.012889387086033821,0.010878309607505798
0.014137865975499153,0.00315846037119627,0.012889387086033821,0.010878309607505798
0.014137865975499153,0.00315846037119627,0.012889387086033821,0.010878309607505798
0.014137865975499153,0.00315846037119627,0.012889387086033821,0.010878309607505798
0.014137865975499153,0.00315846037119627,0.012889387086033821,0.010878309607505798
0.014137865975499153,0.00315846037119627,0.012889387086033821,0.010878309607505798
0.014137865975499153,0.00315846037119627,0.012889387086033821,0.010878309607505798
0.014137865975499153,0.00315846037119627,0.012889387086033821,0.010878309607505798
0.014137865975499153,0.00315846037119627,0.012889387086033821,0.010878309607505798
0.014137865975499153,0.00315846037119627,0.012889387086033821,0.010878309607505798
0.014137865975499153,0.00315846037119627,0.012889387086033821,0.010878309607505798
0.014137865975499153,0.00315846037119627,0.012889387086033821,0.010878309607505798
0.014137865975499153,0.00315846037119627,0.012889387086033821,0.010878309607505798
0.014137865975499153,0.00315846037119627,0.012889387086033821,0.010878309607505798
0.014137865975499153,0.00315846037119627,0.012889387086033821,0.010878309607505798
0.014137865975499153,0.00315846037119627,0.012889387086033821,0.010878309607505798
0.014137865975499153,0.00315846037119627,0.012889387086033821,0.010878309607505798
0.014137865975499153,0.00315846037119627,0.012889387086033821,0.010878309607505798
0.014137865975499153,0.00315846037119627,0.012889387086033821,0.010878309607505798
0.014137865975499153,0.00315846037119627,0.012889387086033821,0.010878309607505798
0.014137865975499153,0.00315846037119627,0.012889387086033821,0.010878309607505798
0.014137865975499153,0.00315846037119627,0.012889387086033821,0.010878309607505798
0.014137865975499153,0.00315846037119627,0.012889387086033821,0.010878309607505798
0.014137865975499153,0.00315846037119627,0.012889387086033821,0.010878309607505798
0.014137865975499153,0.00315846037119627,0.012889387086033821,0.010878309607505798
0.014137865975499153,0.00315846037119627,0.012889387086033821,0.010878309607505798
0.014137865975499153,0.00315846037119627,0.012889387086033821,0.010878309607505798
0.014137865975499153,0.00315846037119627,0.012889387086033821,0.010878309607505798
0.014137865975499153,0.00315846037119627,0.012889387086033821,0.010878309607505798
0.014137865975499153,0.00315846037119627,0.012889387086033821,0.010878309607505798
0.014137865975499153,0.00315846037119627,0.012889387086033821,0.010878309607505798
0.014137865975499153,0.00315846037119627,0.012889387086033821,0.010878309607505798
0.014137865975499153,0.00315846037119627,0.012889387086033821,0.010878309607505798
0.014137865975499153,0.00315846037119627,0.012889387086033821,0.010878309607505798
0.014137865975499153,0.00315846037119627,0.012889387086033821,0.010878309607505798
0.014137865975499153,0.00315846037119627,0.012889387086033821,0.010878309607505798
0.014137865975499153,0.00315846037119627,0.012889387086033821,0.010878309607505798
0.014137865975499153,0.00315846037119627,0.012889387086033821,0.010878309607505798
0.014137865975499153,0.00315846037119627,0.012889387086033821,0.010878309607505798
0.014137865975499153,0.00315846037119627,0.012889387086033821,0.010878309607505798
0.014137865975499153,0.00315846037119627,0.012889387086033821,0.010878309607505798
0.014137865975499153,0.00315846037119627,0.012889387086033821,0.010878309607505798
0.014137865975499153,0.00315846037119627,0.012889387086033821,0.010878309607505798
0.014137865975499153,0.00315846037119627,0.012889387086033821,0.010878309607505798
0.014137865975499153,0.00315846037119627,0.012889387086033821,0.010878309607505798
0.014137865975499153,0.00315846037119627,0.012889387086033821,0.010878309607505798
0.014137865975499153,0.00315846037119627,0.012889387086033821,0.010878309607505798
0.014137865975499153,0.00315846037119627,0.012889387086033821,0.010878309607505798
0.014137865975499153,0.00315846037119627,0.012889387086033821,0.010878309607505798
0.014137865975499153,0.00315846037119627,0.012889387086033821,0.010878309607505798
0.014137865975499153,0.00315846037119627,0.012889387086033821,0.010878309607505798
0.014137865975499153,0.00315846037119627,0.012889387086033821,0.010878309607505798
0.014137865975499153,0.00315846037119627,0.012889387086033821,0.010878309607505798
0.014137865975499153,0.00315846037119627,0.012889387086033821,0.010878309607505798
0.014137865975499153,0.00315846037119627,0.012889387086033821,0.010878309607505798
0.014137865975499153,0.00315846037119627,0.012889387086033821,0.010878309607505798
0.014137865975499153,0.00315846037119627,0.012889387086033821,0.010878309607505798
0.014137865975499153,0.00315846037119627,0.012889387086033821,0.010878309607505798
0.014137865975499153,0.00315846037119627,0.012889387086033821,0.010878309607505798
0.014137865975499153,0.00315846037119627,0.012889387086033821,0.010878309607505798
0.014137865975499153,0.00315846037119627,0.012889387086033821,0.010878309607505798
0.014137865975499153,0.00315846037119627,0.012889387086033821,0.010878309607505798
0.014137865975499153,0.00315846037119627,0.012889387086033821,0.010878309607505798
0.014137865975499153,0.00315846037119627,0.012889387086033821,0.010878309607505798
0.014137865975499153,0.00315846037119627,0.012889387086033821,0.010878309607505798
0.014137865975499153,0.00315846037119627,0.012889387086033821,0.010878309607505798
0.014137865975499153,0.00315846037119627,0.012889387086033821,0.010878309607505798
0.014137865975499153,0.00315846037119627,0.012889387086033821,0.010878309607505798
0.014137865975499153,0.00315846037119627,0.012889387086033821,0.010878309607505798
0.014137865975499153,0.00315846037119627,0.012889387086033821,0.010878309607505798
0.014137865975499153,0.00315846037119627,0.012889387086033821,0.010878309607505798
0.014137865975499153,0.00315846037119627,0.012889387086033821,0.010878309607505798
0.014137865975499153,0.00315846037119627,0.012889387086033821,0.010878309607505798
0.014137865975499153,0.00315846037119627,0.012889387086033821,0.010878309607505798
0.014137865975499153,0.00315846037119627,0.012889387086033821,0.010878309607505798
0.014137865975499153,0.00315846037119627,0.012889387086033821,0.010878309607505798
0.014137865975499153,0.00315846037119627,0.012889387086033821,0.010878309607505798
0.014137865975499153,0.00315846037119627,0.012889387086033821,0.010878309607505798
0.014137865975499153,0.00315846037119627,0.012889387086033821,0.010878309607505798
0.014137865975499153,0.00315846037119627,0.012889387086033821,0.010878309607505798
0.014137865975499153,0.00315846037119627,0.012889387086033821,0.010878309607505798
0.014137865975499153,0.00315846037119627,0.012889387086033821,0.010878309607505798
0.014137865975499153,0.00315846037119627,0.012889387086033821,0.010878309607505798
0.014137865975499153,0.00315846037119627,0.012889387086033821,0.010878309607505798
0.014137865975499153,0.00315846037119627,0.012889387086033821,0.010878309607505798
0.014137865975499153,0.00315846037119627,0.012889387086033821,0.010878309607505798
0.014137865975499153,0.00315846037119627,0.012889387086033821,0.010878309607505798
0.014137865975499153,0.00315846037119627,0.012889387086033821,0.010878309607505798
0.014137865975499153,0.00315846037119627,0.012889387086033821,0.010878309607505798
0.014137865975499153,0.00315846037119627,0.012889387086033821,0.010878309607505798
0.014137865975499153,0.00315846037119627,0.012889387086033821,0.010878309607505798
0.014137865975499153,0.00315846037119627,0.012889387086033821,0.010878309607505798
0.014137865975499153,0.00315846037119627,0.012889387086033821,0.010878309607505798
0.014137865975499153,0.00315846037119627,0.012889387086033821,0.010878309607505798
0.014137865975499153,0.00315846037119627,0.012889387086033821,0.010878309607505798
0.014137865975499153,0.00315846037119627,0.012889387086033821,0.010878309607505798
0.014137865975499153,0.00315846037119627,0.012889387086033821,0.010878309607505798
0.014137865975499153,0.00315846037119627,0.012889387086033821,0.010878309607505798
0.014137865975499153,0.00315846037119627,0.012889387086033821,0.010878309607505798
0.014137865975499153,0.00315846037119627,0.012889387086033821,0.010878309607505798
0.014137865975499153,0.00315846037119627,0.012889387086033821,0.010878309607505798
0.014137865975499153,0.00315846037119627,0.012889387086033821,0.010878309607505798
0.014137865975499153,0.00315846037119627,0.012889387086033821,0.010878309607505798
0.014137865975499153,0.00315846037119627,0.012889387086033821,0.010878309607505798
0.014137865975499153,0.00315846037119627,0.012889387086033821,0.010878309607505798
0.014137865975499153,0.00315846037119627,0.012889387086033821,0.010878309607505798
0.014137865975499153,0.00315846037119627,0.012889387086033821,0.010878309607505798
0.014137865975499153,0.00315846037119627,0.012889387086033821,0.010878309607505798
0.014137865975499153,0.00315846037119627,0.012889387086033821,0.010878309607505798
0.014137865975499153,0.00315846037119627,0.012889387086033821,0.010878309607505798
0.014137865975499153,0.00315846037119627,0.012889387086033821,0.010878309607505798
0.014137865975499153,0.00315846037119627,0.012889387086033821,0.010878309607505798
0.014137865975499153,0.00315846037119627,0.012889387086033821,0.010878309607505798
0.014137865975499153,0.00315846037119627,0.012889387086033821,0.010878309607505798
0.014137865975499153,0.00315846037119627,0.012889387086033821,0.010878309607505798
0.014137865975499153,0.00315846037119627,0.012889387086033821,0.010878309607505798
0.014137865975499153,0.00315846037119627,0.012889387086033821,0.010878309607505798
0.014137865975499153,0.00315846037119627,0.012889387086033821,0.010878309607505798
0.014137865975499153,0.00315846037119627,0.012889387086033821,0.010878309607505798
0.014137865975499153,0.00315846037119627,0.012889387086033821,0.010878309607505798
0.014137865975499153,0.00315846037119627,0.012889387086033821,0.010878309607505798
0.014137865975499153,0.00315846037119627,0.012889387086033821,0.010878309607505798
0.014137865975499153,0.00315846037119627,0.012889387086033821,0.010878309607505798
0.014137865975499153,0.00315846037119627,0.012889387086033821,0.010878309607505798
0.014137865975499153,0.00315846037119627,0.012889387086033821,0.010878309607505798
0.014137865975499153,0.00315846037119627,0.012889387086033821,0.010878309607505798
0.014137865975499153,0.00315846037119627,0.012889387086033821,0.010878309607505798
0.014137865975499153,0.00315846037119627,0.012889387086033821,0.010878309607505798
0.014137865975499153,0.00315846037119627,0.012889387086033821,0.010878309607505798
0.014137865975499153,0.00315846037119627,0.012889387086033821,0.010878309607505798
0.014137865975499153,0.00315846037119627,0.012889387086033821,0.010878309607505798
0.014137865975499153,0.00315846037119627,0.012889387086033821,0.010878309607505798
0.014137865975499153,0.00315846037119627,0.012889387086033821,0.010878309607505798
0.014137865975499153,0.00315846037119627,0.012889387086033821,0.010878309607505798
0.014137865975499153,0.00315846037119627,0.012889387086033821,0.010878309607505798
0.014137865975499153,0.00315846037119627,0.012889387086033821,0.010878309607505798
0.014137865975499153,0.00315846037119627,0.012889387086033821,0.010878309607505798
0.014137865975499153,0.00315846037119627,0.012889387086033821,0.010878309607505798
0.014137865975499153,0.00315846037119627,0.012889387086033821,0.010878309607505798
0.014137865975499153,0.00315846037119627,0.012889387086033821,0.010878309607505798
0.014137865975499153,0.00315846037119627,0.012889387086033821,0.010878309607505798
0.014137865975499153,0.00315846037119627,0.012889387086033821,0.010878309607505798
0.014137865975499153,0.00315846037119627,0.012889387086033821,0.010878309607505798
0.014137865975499153,0.00315846037119627,0.012889387086033821,0.010878309607505798
0.014137865975499153,0.00315846037119627,0.012889387086033821,0.010878309607505798
0.014137865975499153,0.00315846037119627,0.012889387086033821,0.010878309607505798
0.014137865975499153,0.00315846037119627,0.012889387086033821,0.010878309607505798
0.014137865975499153,0.00315846037119627,0.012889387086033821,0.010878309607505798
0.014137865975499153,0.00315846037119627,0.012889387086033821,0.010878309607505798
0.014137865975499153,0.00315846037119627,0.012889387086033821,0.010878309607505798
0.014137865975499153,0.00315846037119627,0.012889387086033821,0.010878309607505798
0.014137865975499153,0.00315846037119627,0.012889387086033821,0.010878309607505798
0.014137865975499153,0.00315846037119627,0.012889387086033821,0.010878309607505798
0.014137865975499153,0.00315846037119627,0.012889387086033821,0.010878309607505798
0.014137865975499153,0.00315846037119627,0.012889387086033821,0.010878309607505798
0.014137865975499153,0.00315846037119627,0.012889387086033821,0.010878309607505798
0.014137865975499153,0.00315846037119627,0.012889387086033821,0.010878309607505798
0.014137865975499153,0.00315846037119627,0.012889387086033821,0.010878309607505798
0.014137865975499153,0.00315846037119627,0.012889387086033821,0.010878309607505798
0.014137865975499153,0.00315846037119627,0.012889387086033821,0.010878309607505798
0.014137865975499153,0.00315846037119627,0.012889387086033821,0.010878309607505798
0.014137865975499153,0.00315846037119627,0.012889387086033821,0.010878309607505798
0.014137865975499153,0.00315846037119627,0.012889387086033821,0.010878309607505798
0.014137865975499153,0.00315846037119627,0.012889387086033821,0.010878309607505798
0.014137865975499153,0.00315846037119627,0.012889387086033821,0.010878309607505798
0.014137865975499153,0.00315846037119627,0.012889387086033821,0.010878309607505798
0.014137865975499153,0.00315846037119627,0.012889387086033821,0.010878309607505798
0.014137865975499153,0.00315846037119627,0.012889387086033821,0.010878309607505798
0.014137865975499153,0.00315846037119627,0.012889387086033821,0.010878309607505798
0.014137865975499153,0.00315846037119627,0.012889387086033821,0.010878309607505798
0.014137865975499153,0.00315846037119627,0.012889387086033821,0.010878309607505798
0.014137865975499153,0.00315846037119627,0.012889387086033821,0.010878309607505798
0.014137865975499153,0.00315846037119627,0.012889387086033821,0.010878309607505798
0.014137865975499153,0.00315846037119627,0.012889387086033821,0.010878309607505798
0.014137865975499153,0.00315846037119627,0.012889387086033821,0.010878309607505798
0.014137865975499153,0.00315846037119627,0.012889387086033821,0.010878309607505798
0.014137865975499153,0.00315846037119627,0.012889387086033821,0.010878309607505798
0.014137865975499153,0.00315846037119627,0.012889387086033821,0.010878309607505798
0.014137865975499153,0.00315846037119627,0.012889387086033821,0.010878309607505798
0.014137865975499153,0.00315846037119627,0.012889387086033821,0.010878309607505798
0.014137865975499153,0.00315846037119627,0.012889387086033821,0.010878309607505798
0.014137865975499153,0.00315846037119627,0.012889387086033821,0.010878309607505798
0.014137865975499153,0.00315846037119627,0.012889387086033821,0.010878309607505798
0.014137865975499153,0.00315846037119627,0.012889387086033821,0.010878309607505798
0.014137865975499153,0.00315846037119627,0.012889387086033821,0.010878309607505798
0.014137865975499153,0.00315846037119627,0.012889387086033821,0.010878309607505798
0.014137865975499153,0.00315846037119627,0.012889387086033821,0.010878309607505798
0.014137865975499153,0.00315846037119627,0.012889387086033821,0.010878309607505798
0.014137865975499153,0.00315846037119627,0.012889387086033821,0.010878309607505798
0.014137865975499153,0.00315846037119627,0.012889387086033821,0.010878309607505798
0.014137865975499153,0.00315846037119627,0.012889387086033821,0.010878309607505798
0.014137865975499153,0.00315846037119627,0.012889387086033821,0.010878309607505798
0.014137865975499153,0.00315846037119627,0.012889387086033821,0.010878309607505798
0.014137865975499153,0.00315846037119627,0.012889387086033821,0.010878309607505798
0.014137865975499153,0.00315846037119627,0.012889387086033821,0.010878309607505798
0.014137865975499153,0.00315846037119627,0.012889387086033821,0.010878309607505798
0.014137865975499153,0.00315846037119627,0.012889387086033821,0.010878309607505798
0.014137865975499153,0.00315846037119627,0.012889387086033821,0.010878309607505798
0.014137865975499153,0.00315846037119627,0.012889387086033821,0.010878309607505798
0.014137865975499153,0.00315846037119627,0.012889387086033821,0.010878309607505798
0.014137865975499153,0.00315846037119627,0.012889387086033821,0.010878309607505798
0.014137865975499153,0.00315846037119627,0.012889387086033821,0.010878309607505798
0.014137865975499153,0.00315846037119627,0.012889387086033821,0.010878309607505798
0.014137865975499153,0.00315846037119627,0.012889387086033821,0.010878309607505798
0.014137865975499153,0.00315846037119627,0.012889387086033821,0.010878309607505798
0.014137865975499153,0.00315846037119627,0.012889387086033821,0.010878309607505798
0.014137865975499153,0.00315846037119627,0.012889387086033821,0.010878309607505798
0.014137865975499153,0.00315846037119627,0.012889387086033821,0.010878309607505798
0.014137865975499153,0.00315846037119627,0.012889387086033821,0.010878309607505798
0.014137865975499153,0.00315846037119627,0.012889387086033821,0.010878309607505798
0.014137865975499153,0.00315846037119627,0.012889387086033821,0.010878309607505798
0.014137865975499153,0.00315846037119627,0.012889387086033821,0.010878309607505798
0.014137865975499153,0.00315846037119627,0.012889387086033821,0.010878309607505798
0.014137865975499153,0.00315846037119627,0.012889387086033821,0.010878309607505798
0.014137865975499153,0.00315846037119627,0.012889387086033821,0.010878309607505798
0.014137865975499153,0.00315846037119627,0.012889387086033821,0.010878309607505798
0.014137865975499153,0.00315846037119627,0.012889387086033821,0.010878309607505798
0.014137865975499153,0.00315846037119627,0.012889387086033821,0.010878309607505798
0.014137865975499153,0.00315846037119627,0.012889387086033821,0.010878309607505798
0.014137865975499153,0.00315846037119627,0.012889387086033821,0.010878309607505798
0.014137865975499153,0.00315846037119627,0.012889387086033821,0.010878309607505798
0.014137865975499153,0.00315846037119627,0.012889387086033821,0.010878309607505798
0.014137865975499153,0.00315846037119627,0.012889387086033821,0.010878309607505798
0.014137865975499153,0.00315846037119627,0.012889387086033821,0.010878309607505798
0.014137865975499153,0.00315846037119627,0.012889387086033821,0.010878309607505798
0.014137865975499153,0.00315846037119627,0.012889387086033821,0.010878309607505798
0.014137865975499153,0.00315846037119627,0.012889387086033821,0.010878309607505798
0.014137865975499153,0.00315846037119627,0.012889387086033821,0.010878309607505798
0.014137865975499153,0.00315846037119627,0.012889387086033821,0.010878309607505798
0.014137865975499153,0.00315846037119627,0.012889387086033821,0.010878309607505798
0.014137865975499153,0.00315846037119627,0.012889387086033821,0.010878309607505798
0.014137865975499153,0.00315846037119627,0.012889387086033821,0.010878309607505798
0.014137865975499153,0.00315846037119627,0.012889387086033821,0.010878309607505798
0.014137865975499153,0.00315846037119627,0.012889387086033821,0.010878309607505798
0.014137865975499153,0.00315846037119627,0.012889387086033821,0.010878309607505798
0.014137865975499153,0.00315846037119627,0.012889387086033821,0.010878309607505798
0.014137865975499153,0.00315846037119627,0.012889387086033821,0.010878309607505798
0.014137865975499153,0.00315846037119627,0.012889387086033821,0.010878309607505798
0.014137865975499153,0.00315846037119627,0.012889387086033821,0.010878309607505798
0.014137865975499153,0.00315846037119627,0.012889387086033821,0.010878309607505798
0.014137865975499153,0.00315846037119627,0.012889387086033821,0.010878309607505798
0.014137865975499153,0.00315846037119627,0.012889387086033821,0.010878309607505798
0.014137865975499153,0.00315846037119627,0.012889387086033821,0.010878309607505798
0.014137865975499153,0.00315846037119627,0.012889387086033821,0.010878309607505798
0.014137865975499153,0.00315846037119627,0.012889387086033821,0.010878309607505798
0.014137865975499153,0.00315846037119627,0.012889387086033821,0.010878309607505798
0.014137865975499153,0.00315846037119627,0.012889387086033821,0.010878309607505798
0.014137865975499153,0.00315846037119627,0.012889387086033821,0.010878309607505798
0.014137865975499153,0.00315846037119627,0.012889387086033821,0.010878309607505798
0.014137865975499153,0.00315846037119627,0.012889387086033821,0.010878309607505798
0.014137865975499153,0.00315846037119627,0.012889387086033821,0.010878309607505798
0.014137865975499153,0.00315846037119627,0.012889387086033821,0.010878309607505798
0.014137865975499153,0.00315846037119627,0.012889387086033821,0.010878309607505798
0.014137865975499153,0.00315846037119627,0.012889387086033821,0.010878309607505798
0.014137865975499153,0.00315846037119627,0.012889387086033821,0.010878309607505798
0.014137865975499153,0.00315846037119627,0.012889387086033821,0.010878309607505798
0.014137865975499153,0.00315846037119627,0.012889387086033821,0.010878309607505798
0.014137865975499153,0.00315846037119627,0.012889387086033821,0.010878309607505798
0.014137865975499153,0.00315846037119627,0.012889387086033821,0.010878309607505798
0.014137865975499153,0.00315846037119627,0.012889387086033821,0.010878309607505798
0.014137865975499153,0.00315846037119627,0.012889387086033821,0.010878309607505798
0.014137865975499153,0.00315846037119627,0.012889387086033821,0.010878309607505798
0.014137865975499153,0.00315846037119627,0.012889387086033821,0.010878309607505798
0.014137865975499153,0.00315846037119627,0.012889387086033821,0.010878309607505798
0.014137865975499153,0.00315846037119627,0.012889387086033821,0.010878309607505798
0.014137865975499153,0.00315846037119627,0.012889387086033821,0.010878309607505798
0.014137865975499153,0.00315846037119627,0.012889387086033821,0.010878309607505798
0.014137865975499153,0.00315846037119627,0.012889387086033821,0.010878309607505798
0.014137865975499153,0.00315846037119627,0.012889387086033821,0.010878309607505798
0.014137865975499153,0.00315846037119627,0.012889387086033821,0.010878309607505798
0.014137865975499153,0.00315846037119627,0.012889387086033821,0.010878309607505798
0.014137865975499153,0.00315846037119627,0.012889387086033821,0.010878309607505798
0.014137865975499153,0.00315846037119627,0.012889387086033821,0.010878309607505798
0.014137865975499153,0.00315846037119627,0.012889387086033821,0.010878309607505798
0.014137865975499153,0.00315846037119627,0.012889387086033821,0.010878309607505798
0.014137865975499153,0.00315846037119627,0.012889387086033821,0.010878309607505798
0.014137865975499153,0.00315846037119627,0.012889387086033821,0.010878309607505798
0.014137865975499153,0.00315846037119627,0.012889387086033821,0.010878309607505798
0.014137865975499153,0.00315846037119627,0.012889387086033821,0.010878309607505798
0.014137865975499153,0.00315846037119627,0.012889387086033821,0.010878309607505798
0.014137865975499153,0.00315846037119627,0.012889387086033821,0.010878309607505798
0.014137865975499153,0.00315846037119627,0.012889387086033821,0.010878309607505798
0.014137865975499153,0.00315846037119627,0.012889387086033821,0.010878309607505798
0.014137865975499153,0.00315846037119627,0.012889387086033821,0.010878309607505798
0.014137865975499153,0.00315846037119627,0.012889387086033821,0.010878309607505798
0.014137865975499153,0.00315846037119627,0.012889387086033821,0.010878309607505798
0.014137865975499153,0.00315846037119627,0.012889387086033821,0.010878309607505798
0.014137865975499153,0.00315846037119627,0.012889387086033821,0.010878309607505798
0.014137865975499153,0.00315846037119627,0.012889387086033821,0.010878309607505798
0.014137865975499153,0.00315846037119627,0.012889387086033821,0.010878309607505798
0.014137865975499153,0.00315846037119627,0.012889387086033821,0.010878309607505798
0.014137865975499153,0.00315846037119627,0.012889387086033821,0.010878309607505798
0.014137865975499153,0.00315846037119627,0.012889387086033821,0.010878309607505798
0.014137865975499153,0.00315846037119627,0.012889387086033821,0.010878309607505798
0.014137865975499153,0.00315846037119627,0.012889387086033821,0.010878309607505798
0.014137865975499153,0.00315846037119627,0.012889387086033821,0.010878309607505798
0.014137865975499153,0.00315846037119627,0.012889387086033821,0.010878309607505798
0.014137865975499153,0.00315846037119627,0.012889387086033821,0.010878309607505798
0.014137865975499153,0.00315846037119627,0.012889387086033821,0.010878309607505798
0.014137865975499153,0.00315846037119627,0.012889387086033821,0.010878309607505798
0.014137865975499153,0.00315846037119627,0.012889387086033821,0.010878309607505798
0.014137865975499153,0.00315846037119627,0.012889387086033821,0.010878309607505798
0.014137865975499153,0.00315846037119627,0.012889387086033821,0.010878309607505798
0.014137865975499153,0.00315846037119627,0.012889387086033821,0.010878309607505798
0.014137865975499153,0.00315846037119627,0.012889387086033821,0.010878309607505798
0.014137865975499153,0.00315846037119627,0.012889387086033821,0.010878309607505798
0.014137865975499153,0.00315846037119627,0.012889387086033821,0.010878309607505798
0.014137865975499153,0.00315846037119627,0.012889387086033821,0.010878309607505798
0.014137865975499153,0.00315846037119627,0.012889387086033821,0.010878309607505798
0.014137865975499153,0.00315846037119627,0.012889387086033821,0.010878309607505798
0.014137865975499153,0.00315846037119627,0.012889387086033821,0.010878309607505798
0.014137865975499153,0.00315846037119627,0.012889387086033821,0.010878309607505798
0.014137865975499153,0.00315846037119627,0.012889387086033821,0.010878309607505798
0.014137865975499153,0.00315846037119627,0.012889387086033821,0.010878309607505798
0.014137865975499153,0.00315846037119627,0.012889387086033821,0.010878309607505798
0.014137865975499153,0.00315846037119627,0.012889387086033821,0.010878309607505798
0.014137865975499153,0.00315846037119627,0.012889387086033821,0.010878309607505798
0.014137865975499153,0.00315846037119627,0.012889387086033821,0.010878309607505798
0.014137865975499153,0.00315846037119627,0.012889387086033821,0.010878309607505798
0.014137865975499153,0.00315846037119627,0.012889387086033821,0.010878309607505798
0.014137865975499153,0.00315846037119627,0.012889387086033821,0.010878309607505798
0.014137865975499153,0.00315846037119627,0.012889387086033821,0.010878309607505798
0.014137865975499153,0.00315846037119627,0.012889387086033821,0.010878309607505798
0.014137865975499153,0.00315846037119627,0.012889387086033821,0.010878309607505798
0.014137865975499153,0.00315846037119627,0.012889387086033821,0.010878309607505798
0.014137865975499153,0.00315846037119627,0.012889387086033821,0.010878309607505798
0.014137865975499153,0.00315846037119627,0.012889387086033821,0.010878309607505798
0.014137865975499153,0.00315846037119627,0.012889387086033821,0.010878309607505798
0.014137865975499153,0.00315846037119627,0.012889387086033821,0.010878309607505798
0.014137865975499153,0.00315846037119627,0.012889387086033821,0.010878309607505798
0.014137865975499153,0.00315846037119627,0.012889387086033821,0.010878309607505798
0.014137865975499153,0.00315846037119627,0.012889387086033821,0.010878309607505798
0.014137865975499153,0.00315846037119627,0.012889387086033821,0.010878309607505798
0.014137865975499153,0.00315846037119627,0.012889387086033821,0.010878309607505798
0.014137865975499153,0.00315846037119627,0.012889387086033821,0.010878309607505798
0.014137865975499153,0.00315846037119627,0.012889387086033821,0.010878309607505798
0.014137865975499153,0.00315846037119627,0.012889387086033821,0.010878309607505798
0.014137865975499153,0.00315846037119627,0.012889387086033821,0.010878309607505798
0.014137865975499153,0.00315846037119627,0.012889387086033821,0.010878309607505798
0.014137865975499153,0.00315846037119627,0.012889387086033821,0.010878309607505798
0.014137865975499153,0.00315846037119627,0.012889387086033821,0.010878309607505798
0.014137865975499153,0.00315846037119627,0.012889387086033821,0.010878309607505798
0.014137865975499153,0.00315846037119627,0.012889387086033821,0.010878309607505798
0.014137865975499153,0.00315846037119627,0.012889387086033821,0.010878309607505798
0.014137865975499153,0.00315846037119627,0.012889387086033821,0.010878309607505798
0.014137865975499153,0.00315846037119627,0.012889387086033821,0.010878309607505798
0.014137865975499153,0.00315846037119627,0.012889387086033821,0.010878309607505798
0.014137865975499153,0.00315846037119627,0.012889387086033821,0.010878309607505798
0.014137865975499153,0.00315846037119627,0.012889387086033821,0.010878309607505798
0.014137865975499153,0.00315846037119627,0.012889387086033821,0.010878309607505798
0.014137865975499153,0.00315846037119627,0.012889387086033821,0.010878309607505798
0.014137865975499153,0.00315846037119627,0.012889387086033821,0.010878309607505798
0.014137865975499153,0.00315846037119627,0.012889387086033821,0.010878309607505798
0.014137865975499153,0.00315846037119627,0.012889387086033821,0.010878309607505798
0.014137865975499153,0.00315846037119627,0.012889387086033821,0.010878309607505798
0.014137865975499153,0.00315846037119627,0.012889387086033821,0.010878309607505798
0.014137865975499153,0.00315846037119627,0.012889387086033821,0.010878309607505798
0.014137865975499153,0.00315846037119627,0.012889387086033821,0.010878309607505798
0.014137865975499153,0.00315846037119627,0.012889387086033821,0.010878309607505798
0.014137865975499153,0.00315846037119627,0.012889387086033821,0.010878309607505798
0.014137865975499153,0.00315846037119627,0.012889387086033821,0.010878309607505798
0.014137865975499153,0.00315846037119627,0.012889387086033821,0.010878309607505798
0.014137865975499153,0.00315846037119627,0.012889387086033821,0.010878309607505798
0.014137865975499153,0.00315846037119627,0.012889387086033821,0.010878309607505798
0.014137865975499153,0.00315846037119627,0.012889387086033821,0.010878309607505798
0.014137865975499153,0.00315846037119627,0.012889387086033821,0.010878309607505798
0.014137865975499153,0.00315846037119627,0.012889387086033821,0.010878309607505798
0.014137865975499153,0.00315846037119627,0.012889387086033821,0.010878309607505798
0.014137865975499153,0.00315846037119627,0.012889387086033821,0.010878309607505798
0.014137865975499153,0.00315846037119627,0.012889387086033821,0.010878309607505798
0.014137865975499153,0.00315846037119627,0.012889387086033821,0.010878309607505798
0.014137865975499153,0.00315846037119627,0.012889387086033821,0.010878309607505798
0.014137865975499153,0.00315846037119627,0.012889387086033821,0.010878309607505798
0.014137865975499153,0.00315846037119627,0.012889387086033821,0.010878309607505798
0.014137865975499153,0.00315846037119627,0.012889387086033821,0.010878309607505798
0.014137865975499153,0.00315846037119627,0.012889387086033821,0.010878309607505798
0.014137865975499153,0.00315846037119627,0.012889387086033821,0.010878309607505798
0.014137865975499153,0.00315846037119627,0.012889387086033821,0.010878309607505798
0.014137865975499153,0.00315846037119627,0.012889387086033821,0.010878309607505798
0.014137865975499153,0.00315846037119627,0.012889387086033821,0.010878309607505798
0.014137865975499153,0.00315846037119627,0.012889387086033821,0.010878309607505798
0.014137865975499153,0.00315846037119627,0.012889387086033821,0.010878309607505798
0.014137865975499153,0.00315846037119627,0.012889387086033821,0.010878309607505798
0.014137865975499153,0.00315846037119627,0.012889387086033821,0.010878309607505798
0.014137865975499153,0.00315846037119627,0.012889387086033821,0.010878309607505798
0.014137865975499153,0.00315846037119627,0.012889387086033821,0.010878309607505798
0.014137865975499153,0.00315846037119627,0.012889387086033821,0.010878309607505798
0.014137865975499153,0.00315846037119627,0.012889387086033821,0.010878309607505798
0.014137865975499153,0.00315846037119627,0.012889387086033821,0.010878309607505798
0.014137865975499153,0.00315846037119627,0.012889387086033821,0.010878309607505798
0.014137865975499153,0.00315846037119627,0.012889387086033821,0.010878309607505798
0.014137865975499153,0.00315846037119627,0.012889387086033821,0.010878309607505798
0.014137865975499153,0.00315846037119627,0.012889387086033821,0.010878309607505798
0.014137865975499153,0.00315846037119627,0.012889387086033821,0.010878309607505798
0.014137865975499153,0.00315846037119627,0.012889387086033821,0.010878309607505798
0.014137865975499153,0.00315846037119627,0.012889387086033821,0.010878309607505798
0.014137865975499153,0.00315846037119627,0.012889387086033821,0.010878309607505798
0.014137865975499153,0.00315846037119627,0.012889387086033821,0.010878309607505798
0.014137865975499153,0.00315846037119627,0.012889387086033821,0.010878309607505798
0.014137865975499153,0.00315846037119627,0.012889387086033821,0.010878309607505798
0.014137865975499153,0.00315846037119627,0.012889387086033821,0.010878309607505798
0.014137865975499153,0.00315846037119627,0.012889387086033821,0.010878309607505798
0.014137865975499153,0.00315846037119627,0.012889387086033821,0.010878309607505798
0.014137865975499153,0.00315846037119627,0.012889387086033821,0.010878309607505798
0.014137865975499153,0.00315846037119627,0.012889387086033821,0.010878309607505798
0.014137865975499153,0.00315846037119627,0.012889387086033821,0.010878309607505798
0.014137865975499153,0.00315846037119627,0.012889387086033821,0.010878309607505798
0.014137865975499153,0.00315846037119627,0.012889387086033821,0.010878309607505798
0.014137865975499153,0.00315846037119627,0.012889387086033821,0.010878309607505798
0.014137865975499153,0.00315846037119627,0.012889387086033821,0.010878309607505798
0.014137865975499153,0.00315846037119627,0.012889387086033821,0.010878309607505798
0.014137865975499153,0.00315846037119627,0.012889387086033821,0.010878309607505798
0.014137865975499153,0.00315846037119627,0.012889387086033821,0.010878309607505798
0.014137865975499153,0.00315846037119627,0.012889387086033821,0.010878309607505798
0.014137865975499153,0.00315846037119627,0.012889387086033821,0.010878309607505798
0.014137865975499153,0.00315846037119627,0.012889387086033821,0.010878309607505798
0.014137865975499153,0.00315846037119627,0.012889387086033821,0.010878309607505798
0.014137865975499153,0.00315846037119627,0.012889387086033821,0.010878309607505798
0.014137865975499153,0.00315846037119627,0.012889387086033821,0.010878309607505798
0.014137865975499153,0.00315846037119627,0.012889387086033821,0.010878309607505798
0.014137865975499153,0.00315846037119627,0.012889387086033821,0.010878309607505798
0.014137865975499153,0.00315846037119627,0.012889387086033821,0.010878309607505798
0.014137865975499153,0.00315846037119627,0.012889387086033821,0.010878309607505798
0.014137865975499153,0.00315846037119627,0.012889387086033821,0.010878309607505798
0.014137865975499153,0.00315846037119627,0.012889387086033821,0.010878309607505798
0.014137865975499153,0.00315846037119627,0.012889387086033821,0.010878309607505798
0.014137865975499153,0.00315846037119627,0.012889387086033821,0.010878309607505798
0.014137865975499153,0.00315846037119627,0.012889387086033821,0.010878309607505798
0.014137865975499153,0.00315846037119627,0.012889387086033821,0.010878309607505798
0.014137865975499153,0.00315846037119627,0.012889387086033821,0.010878309607505798
0.014137865975499153,0.00315846037119627,0.012889387086033821,0.010878309607505798
0.014137865975499153,0.00315846037119627,0.012889387086033821,0.010878309607505798
0.014137865975499153,0.00315846037119627,0.012889387086033821,0.010878309607505798
0.014137865975499153,0.00315846037119627,0.012889387086033821,0.010878309607505798
0.014137865975499153,0.00315846037119627,0.012889387086033821,0.010878309607505798
0.014137865975499153,0.00315846037119627,0.012889387086033821,0.010878309607505798
0.014137865975499153,0.00315846037119627,0.012889387086033821,0.010878309607505798
0.014137865975499153,0.00315846037119627,0.012889387086033821,0.010878309607505798
0.014137865975499153,0.00315846037119627,0.012889387086033821,0.010878309607505798
0.014137865975499153,0.00315846037119627,0.012889387086033821,0.010878309607505798
0.014137865975499153,0.00315846037119627,0.012889387086033821,0.010878309607505798
0.014137865975499153,0.00315846037119627,0.012889387086033821,0.010878309607505798
0.014137865975499153,0.00315846037119627,0.012889387086033821,0.010878309607505798
0.014137865975499153,0.00315846037119627,0.012889387086033821,0.010878309607505798
0.014137865975499153,0.00315846037119627,0.012889387086033821,0.010878309607505798
0.014137865975499153,0.00315846037119627,0.012889387086033821,0.010878309607505798
0.014137865975499153,0.00315846037119627,0.012889387086033821,0.010878309607505798
0.014137865975499153,0.00315846037119627,0.012889387086033821,0.010878309607505798
0.014137865975499153,0.00315846037119627,0.012889387086033821,0.010878309607505798
0.014137865975499153,0.00315846037119627,0.012889387086033821,0.010878309607505798
0.014137865975499153,0.00315846037119627,0.012889387086033821,0.010878309607505798
0.014137865975499153,0.00315846037119627,0.012889387086033821,0.010878309607505798
0.014137865975499153,0.00315846037119627,0.012889387086033821,0.010878309607505798
0.014137865975499153,0.00315846037119627,0.012889387086033821,0.010878309607505798
0.014137865975499153,0.00315846037119627,0.012889387086033821,0.010878309607505798
0.014137865975499153,0.00315846037119627,0.012889387086033821,0.010878309607505798
0.014137865975499153,0.00315846037119627,0.012889387086033821,0.010878309607505798
0.014137865975499153,0.00315846037119627,0.012889387086033821,0.010878309607505798
0.014137865975499153,0.00315846037119627,0.012889387086033821,0.010878309607505798
0.014137865975499153,0.00315846037119627,0.012889387086033821,0.010878309607505798
0.014137865975499153,0.00315846037119627,0.012889387086033821,0.010878309607505798
0.014137865975499153,0.00315846037119627,0.012889387086033821,0.010878309607505798
0.014137865975499153,0.00315846037119627,0.012889387086033821,0.010878309607505798
0.014137865975499153,0.00315846037119627,0.012889387086033821,0.010878309607505798
0.014137865975499153,0.00315846037119627,0.012889387086033821,0.010878309607505798
0.014137865975499153,0.00315846037119627,0.012889387086033821,0.010878309607505798
0.014137865975499153,0.00315846037119627,0.012889387086033821,0.010878309607505798
0.014137865975499153,0.00315846037119627,0.012889387086033821,0.010878309607505798
0.014137865975499153,0.00315846037119627,0.012889387086033821,0.010878309607505798
0.014137865975499153,0.00315846037119627,0.012889387086033821,0.010878309607505798
0.014137865975499153,0.00315846037119627,0.012889387086033821,0.010878309607505798
0.014137865975499153,0.00315846037119627,0.012889387086033821,0.010878309607505798
0.014137865975499153,0.00315846037119627,0.012889387086033821,0.010878309607505798
0.014137865975499153,0.00315846037119627,0.012889387086033821,0.010878309607505798
0.014137865975499153,0.00315846037119627,0.012889387086033821,0.010878309607505798
0.014137865975499153,0.00315846037119627,0.012889387086033821,0.010878309607505798
0.014137865975499153,0.00315846037119627,0.012889387086033821,0.010878309607505798
0.014137865975499153,0.00315846037119627,0.012889387086033821,0.010878309607505798
0.014137865975499153,0.00315846037119627,0.012889387086033821,0.010878309607505798
0.014137865975499153,0.00315846037119627,0.012889387086033821,0.010878309607505798
0.014137865975499153,0.00315846037119627,0.012889387086033821,0.010878309607505798
0.014137865975499153,0.00315846037119627,0.012889387086033821,0.010878309607505798
0.014137865975499153,0.00315846037119627,0.012889387086033821,0.010878309607505798
0.014137865975499153,0.00315846037119627,0.012889387086033821,0.010878309607505798
0.014137865975499153,0.00315846037119627,0.012889387086033821,0.010878309607505798
0.014137865975499153,0.00315846037119627,0.012889387086033821,0.010878309607505798
0.014137865975499153,0.00315846037119627,0.012889387086033821,0.010878309607505798
0.014137865975499153,0.00315846037119627,0.012889387086033821,0.010878309607505798
0.014137865975499153,0.00315846037119627,0.012889387086033821,0.010878309607505798
0.014137865975499153,0.00315846037119627,0.012889387086033821,0.010878309607505798
0.014137865975499153,0.00315846037119627,0.012889387086033821,0.010878309607505798
0.014137865975499153,0.00315846037119627,0.012889387086033821,0.010878309607505798
0.014137865975499153,0.00315846037119627,0.012889387086033821,0.010878309607505798
0.014137865975499153,0.00315846037119627,0.012889387086033821,0.010878309607505798
0.014137865975499153,0.00315846037119627,0.012889387086033821,0.010878309607505798
0.014137865975499153,0.00315846037119627,0.012889387086033821,0.010878309607505798
0.014137865975499153,0.00315846037119627,0.012889387086033821,0.010878309607505798
0.014137865975499153,0.00315846037119627,0.012889387086033821,0.010878309607505798
0.014137865975499153,0.00315846037119627,0.012889387086033821,0.010878309607505798
0.014137865975499153,0.00315846037119627,0.012889387086033821,0.010878309607505798
0.014137865975499153,0.00315846037119627,0.012889387086033821,0.010878309607505798
0.014137865975499153,0.00315846037119627,0.012889387086033821,0.010878309607505798
0.014137865975499153,0.00315846037119627,0.012889387086033821,0.010878309607505798
0.014137865975499153,0.00315846037119627,0.012889387086033821,0.010878309607505798
0.014137865975499153,0.00315846037119627,0.012889387086033821,0.010878309607505798
0.014137865975499153,0.00315846037119627,0.012889387086033821,0.010878309607505798
0.014137865975499153,0.00315846037119627,0.012889387086033821,0.010878309607505798
0.014137865975499153,0.00315846037119627,0.012889387086033821,0.010878309607505798
0.014137865975499153,0.00315846037119627,0.012889387086033821,0.010878309607505798
0.014137865975499153,0.00315846037119627,0.012889387086033821,0.010878309607505798
0.014137865975499153,0.00315846037119627,0.012889387086033821,0.010878309607505798
0.014137865975499153,0.00315846037119627,0.012889387086033821,0.010878309607505798
0.014137865975499153,0.00315846037119627,0.012889387086033821,0.010878309607505798
0.014137865975499153,0.00315846037119627,0.012889387086033821,0.010878309607505798
0.014137865975499153,0.00315846037119627,0.012889387086033821,0.010878309607505798
0.014137865975499153,0.00315846037119627,0.012889387086033821,0.010878309607505798
0.014137865975499153,0.00315846037119627,0.012889387086033821,0.010878309607505798
0.014137865975499153,0.00315846037119627,0.012889387086033821,0.010878309607505798
0.014137865975499153,0.00315846037119627,0.012889387086033821,0.010878309607505798
0.014137865975499153,0.00315846037119627,0.012889387086033821,0.010878309607505798
0.014137865975499153,0.00315846037119627,0.012889387086033821,0.010878309607505798
0.014137865975499153,0.00315846037119627,0.012889387086033821,0.010878309607505798
0.014137865975499153,0.00315846037119627,0.012889387086033821,0.010878309607505798
0.014137865975499153,0.00315846037119627,0.012889387086033821,0.010878309607505798
0.014137865975499153,0.00315846037119627,0.012889387086033821,0.010878309607505798
0.014137865975499153,0.00315846037119627,0.012889387086033821,0.010878309607505798
0.014137865975499153,0.00315846037119627,0.012889387086033821,0.010878309607505798
0.014137865975499153,0.00315846037119627,0.012889387086033821,0.010878309607505798
0.014137865975499153,0.00315846037119627,0.012889387086033821,0.010878309607505798
0.014137865975499153,0.00315846037119627,0.012889387086033821,0.010878309607505798
0.014137865975499153,0.00315846037119627,0.012889387086033821,0.010878309607505798
0.014137865975499153,0.00315846037119627,0.012889387086033821,0.010878309607505798
0.014137865975499153,0.00315846037119627,0.012889387086033821,0.010878309607505798
0.014137865975499153,0.00315846037119627,0.012889387086033821,0.010878309607505798
0.014137865975499153,0.00315846037119627,0.012889387086033821,0.010878309607505798
0.014137865975499153,0.00315846037119627,0.012889387086033821,0.010878309607505798
0.014137865975499153,0.00315846037119627,0.012889387086033821,0.010878309607505798
0.014137865975499153,0.00315846037119627,0.012889387086033821,0.010878309607505798
0.014137865975499153,0.00315846037119627,0.012889387086033821,0.010878309607505798
0.014137865975499153,0.00315846037119627,0.012889387086033821,0.010878309607505798
0.014137865975499153,0.00315846037119627,0.012889387086033821,0.010878309607505798
0.014137865975499153,0.00315846037119627,0.012889387086033821,0.010878309607505798
0.014137865975499153,0.00315846037119627,0.012889387086033821,0.010878309607505798
0.014137865975499153,0.00315846037119627,0.012889387086033821,0.010878309607505798
0.014137865975499153,0.00315846037119627,0.012889387086033821,0.010878309607505798
0.014137865975499153,0.00315846037119627,0.012889387086033821,0.010878309607505798
0.014137865975499153,0.00315846037119627,0.012889387086033821,0.010878309607505798
0.014137865975499153,0.00315846037119627,0.012889387086033821,0.010878309607505798
0.014137865975499153,0.00315846037119627,0.012889387086033821,0.010878309607505798
0.014137865975499153,0.00315846037119627,0.012889387086033821,0.010878309607505798
0.014137865975499153,0.00315846037119627,0.012889387086033821,0.010878309607505798
0.014137865975499153,0.00315846037119627,0.012889387086033821,0.010878309607505798
0.014137865975499153,0.00315846037119627,0.012889387086033821,0.010878309607505798
0.014137865975499153,0.00315846037119627,0.012889387086033821,0.010878309607505798
0.014137865975499153,0.00315846037119627,0.012889387086033821,0.010878309607505798
0.014137865975499153,0.00315846037119627,0.012889387086033821,0.010878309607505798
0.014137865975499153,0.00315846037119627,0.012889387086033821,0.010878309607505798
0.014137865975499153,0.00315846037119627,0.012889387086033821,0.010878309607505798
0.014137865975499153,0.00315846037119627,0.012889387086033821,0.010878309607505798
0.014137865975499153,0.00315846037119627,0.012889387086033821,0.010878309607505798
0.014137865975499153,0.00315846037119627,0.012889387086033821,0.010878309607505798
0.014137865975499153,0.00315846037119627,0.012889387086033821,0.010878309607505798
0.014137865975499153,0.00315846037119627,0.012889387086033821,0.010878309607505798
0.014137865975499153,0.00315846037119627,0.012889387086033821,0.010878309607505798
0.014137865975499153,0.00315846037119627,0.012889387086033821,0.010878309607505798
0.014137865975499153,0.00315846037119627,0.012889387086033821,0.010878309607505798
0.014137865975499153,0.00315846037119627,0.012889387086033821,0.010878309607505798
0.014137865975499153,0.00315846037119627,0.012889387086033821,0.010878309607505798
0.014137865975499153,0.00315846037119627,0.012889387086033821,0.010878309607505798
0.014137865975499153,0.00315846037119627,0.012889387086033821,0.010878309607505798
0.014137865975499153,0.00315846037119627,0.012889387086033821,0.010878309607505798
0.014137865975499153,0.00315846037119627,0.012889387086033821,0.010878309607505798
0.014137865975499153,0.00315846037119627,0.012889387086033821,0.010878309607505798
0.014137865975499153,0.00315846037119627,0.012889387086033821,0.010878309607505798
0.014137865975499153,0.00315846037119627,0.012889387086033821,0.010878309607505798
0.014137865975499153,0.00315846037119627,0.012889387086033821,0.010878309607505798
0.014137865975499153,0.00315846037119627,0.012889387086033821,0.010878309607505798
0.014137865975499153,0.00315846037119627,0.012889387086033821,0.010878309607505798
0.014137865975499153,0.00315846037119627,0.012889387086033821,0.010878309607505798
0.014137865975499153,0.00315846037119627,0.012889387086033821,0.010878309607505798
0.014137865975499153,0.00315846037119627,0.012889387086033821,0.010878309607505798
0.014137865975499153,0.00315846037119627,0.012889387086033821,0.010878309607505798
0.014137865975499153,0.00315846037119627,0.012889387086033821,0.010878309607505798
0.014137865975499153,0.00315846037119627,0.012889387086033821,0.010878309607505798
0.014137865975499153,0.00315846037119627,0.012889387086033821,0.010878309607505798
0.014137865975499153,0.00315846037119627,0.012889387086033821,0.010878309607505798
0.014137865975499153,0.00315846037119627,0.012889387086033821,0.010878309607505798
0.014137865975499153,0.00315846037119627,0.012889387086033821,0.010878309607505798
0.014137865975499153,0.00315846037119627,0.012889387086033821,0.010878309607505798
0.014137865975499153,0.00315846037119627,0.012889387086033821,0.010878309607505798
0.014137865975499153,0.00315846037119627,0.012889387086033821,0.010878309607505798
0.014137865975499153,0.00315846037119627,0.012889387086033821,0.010878309607505798
0.014137865975499153,0.00315846037119627,0.012889387086033821,0.010878309607505798
0.014137865975499153,0.00315846037119627,0.012889387086033821,0.010878309607505798
0.014137865975499153,0.00315846037119627,0.012889387086033821,0.010878309607505798
0.014137865975499153,0.00315846037119627,0.012889387086033821,0.010878309607505798
0.014137865975499153,0.00315846037119627,0.012889387086033821,0.010878309607505798
0.014137865975499153,0.00315846037119627,0.012889387086033821,0.010878309607505798
0.014137865975499153,0.00315846037119627,0.012889387086033821,0.010878309607505798
0.014137865975499153,0.00315846037119627,0.012889387086033821,0.010878309607505798
0.014137865975499153,0.00315846037119627,0.012889387086033821,0.010878309607505798
0.014137865975499153,0.00315846037119627,0.012889387086033821,0.010878309607505798
0.014137865975499153,0.00315846037119627,0.012889387086033821,0.010878309607505798
0.014137865975499153,0.00315846037119627,0.012889387086033821,0.010878309607505798
0.014137865975499153,0.00315846037119627,0.012889387086033821,0.010878309607505798
0.014137865975499153,0.00315846037119627,0.012889387086033821,0.010878309607505798
0.014137865975499153,0.00315846037119627,0.012889387086033821,0.010878309607505798
0.014137865975499153,0.00315846037119627,0.012889387086033821,0.010878309607505798
0.014137865975499153,0.00315846037119627,0.012889387086033821,0.010878309607505798
0.014137865975499153,0.00315846037119627,0.012889387086033821,0.010878309607505798
0.014137865975499153,0.00315846037119627,0.012889387086033821,0.010878309607505798
0.014137865975499153,0.00315846037119627,0.012889387086033821,0.010878309607505798
0.014137865975499153,0.00315846037119627,0.012889387086033821,0.010878309607505798
0.014137865975499153,0.00315846037119627,0.012889387086033821,0.010878309607505798
0.014137865975499153,0.00315846037119627,0.012889387086033821,0.010878309607505798
0.014137865975499153,0.00315846037119627,0.012889387086033821,0.010878309607505798
0.014137865975499153,0.00315846037119627,0.012889387086033821,0.010878309607505798
0.014137865975499153,0.00315846037119627,0.012889387086033821,0.010878309607505798
0.014137865975499153,0.00315846037119627,0.012889387086033821,0.010878309607505798
0.014137865975499153,0.00315846037119627,0.012889387086033821,0.010878309607505798
0.014137865975499153,0.00315846037119627,0.012889387086033821,0.010878309607505798
0.014137865975499153,0.00315846037119627,0.012889387086033821,0.010878309607505798
0.014137865975499153,0.00315846037119627,0.012889387086033821,0.010878309607505798
0.014137865975499153,0.00315846037119627,0.012889387086033821,0.010878309607505798
0.014137865975499153,0.00315846037119627,0.012889387086033821,0.010878309607505798
0.014137865975499153,0.00315846037119627,0.012889387086033821,0.010878309607505798
0.014137865975499153,0.00315846037119627,0.012889387086033821,0.010878309607505798
0.014137865975499153,0.00315846037119627,0.012889387086033821,0.010878309607505798
0.014137865975499153,0.00315846037119627,0.012889387086033821,0.010878309607505798
0.014137865975499153,0.00315846037119627,0.012889387086033821,0.010878309607505798
0.014137865975499153,0.00315846037119627,0.012889387086033821,0.010878309607505798
0.014137865975499153,0.00315846037119627,0.012889387086033821,0.010878309607505798
0.014137865975499153,0.00315846037119627,0.012889387086033821,0.010878309607505798
0.014137865975499153,0.00315846037119627,0.012889387086033821,0.010878309607505798
0.014137865975499153,0.00315846037119627,0.012889387086033821,0.010878309607505798
0.014137865975499153,0.00315846037119627,0.012889387086033821,0.010878309607505798
0.014137865975499153,0.00315846037119627,0.012889387086033821,0.010878309607505798
