vx,vy,vz,omega_z
0.003010805696249008,0.009133306331932545,-0.05203098803758621,0.3190317451953888
-0.1311207264661789,0.032103851437568665,-0.0949244499206543,0.600532054901123
-0.16898052394390106,0.05661894753575325,-0.10537830740213394,0.6440945863723755
-0.17665548622608185,0.07150299102067947,-0.10511922836303711,0.6486761569976807
-0.18216681480407715,0.07439187914133072,-0.09412646293640137,0.6417359113693237
-0.18229416012763977,0.06772717088460922,-0.0833788588643074,0.6377054452896118
-0.18083111941814423,0.0509878471493721,-0.07943703234195709,0.6356105804443359
-0.18318034708499908,0.02917904034256935,-0.0770825445652008,0.6266884803771973
-0.18366706371307373,0.010597859509289265,-0.0757649764418602,0.621751070022583
-0.18374674022197723,-0.0017693853005766869,-0.07477562129497528,0.620659589767456
-0.17514315247535706,-0.009619529359042645,-0.07861033082008362,0.6189980506896973
-0.16870495676994324,-0.011539759114384651,-0.08595450222492218,0.6229270696640015
-0.16726110875606537,-0.00806500669568777,-0.09249114245176315,0.6251869201660156
-0.1674705445766449,-8.962955325841904e-05,-0.09743733704090118,0.6345744132995605
-0.16822664439678192,0.010394361801445484,-0.10140623152256012,0.6396883726119995
-0.16728347539901733,0.016891006380319595,-0.09766831994056702,0.6441555023193359
-0.16695521771907806,0.01857452467083931,-0.09143512696027756,0.6465458869934082
-0.165521040558815,0.017856430262327194,-0.08352366834878922,0.6473925113677979
-0.16465704143047333,0.01518371980637312,-0.0764542743563652,0.647878885269165
-0.17323200404644012,0.0047607626765966415,-0.07514960318803787,0.6468232870101929
-0.17789052426815033,-0.007900196127593517,-0.0768238753080368,0.6458336114883423
-0.1817343682050705,-0.020064331591129303,-0.07625269889831543,0.6413840055465698
-0.18265733122825623,-0.03173719719052315,-0.07448608428239822,0.6387321949005127
-0.18718014657497406,-0.03931485861539841,-0.06935211271047592,0.6272001266479492
-0.18745213747024536,-0.04703667759895325,-0.0652160495519638,0.6205849647521973
-0.18304108083248138,-0.05068076401948929,-0.061540767550468445,0.6091190576553345
-0.18063603341579437,-0.05233587324619293,-0.06026221066713333,0.6032826900482178
-0.16727657616138458,-0.05674265697598457,-0.05911139398813248,0.5826865434646606
-0.1612335592508316,-0.06292802095413208,-0.06010930985212326,0.5715608596801758
-0.16026584804058075,-0.06581567972898483,-0.05788011848926544,0.5696408748626709
-0.1586727648973465,-0.06814008951187134,-0.05574554204940796,0.5668409466743469
-0.15736056864261627,-0.0712326243519783,-0.054247841238975525,0.5648870468139648
-0.15580838918685913,-0.0721404105424881,-0.04755460470914841,0.5622217655181885
-0.1561393439769745,-0.0725923702120781,-0.04295240342617035,0.5620018243789673
-0.14414635300636292,-0.07148615270853043,-0.038399338722229004,0.5463281273841858
-0.13970588147640228,-0.06999284774065018,-0.03755081444978714,0.5389637351036072
-0.1385379433631897,-0.06958775967359543,-0.039262641221284866,0.5356564521789551
-0.13847456872463226,-0.07018852978944778,-0.039976250380277634,0.5340443849563599
-0.1333344727754593,-0.07313304394483566,-0.03816358745098114,0.5267503261566162
-0.13199736177921295,-0.07786823064088821,-0.036553412675857544,0.5236356258392334
-0.12715698778629303,-0.08095434308052063,-0.037815436720848083,0.5195995569229126
-0.12412029504776001,-0.0825997069478035,-0.03791677579283714,0.5176177024841309
-0.1190917044878006,-0.08192653208971024,-0.03831281512975693,0.5144708156585693
-0.1153123527765274,-0.08054900169372559,-0.03733104094862938,0.5123931765556335
-0.1314273178577423,-0.08113764226436615,-0.038169730454683304,0.5312129259109497
-0.13933901488780975,-0.08268742263317108,-0.0376598946750164,0.5407736897468567
-0.1468186229467392,-0.08353845775127411,-0.037505485117435455,0.5483997464179993
-0.15065379440784454,-0.08219922333955765,-0.037194736301898956,0.5545748472213745
-0.1511879712343216,-0.07906021922826767,-0.03736434876918793,0.5568658113479614
-0.15121148526668549,-0.07605450600385666,-0.03803291171789169,0.557335615158081
-0.1521213948726654,-0.07254412025213242,-0.03849448636174202,0.5605714321136475
-0.15060476958751678,-0.06748130172491074,-0.03657962381839752,0.5645098090171814
-0.14855316281318665,-0.06246620789170265,-0.035304535180330276,0.5660914182662964
-0.14399585127830505,-0.0592653751373291,-0.03558772802352905,0.5599992871284485
-0.14181822538375854,-0.05782711133360863,-0.0363219678401947,0.556238055229187
-0.14052711427211761,-0.059124138206243515,-0.03814912959933281,0.5541424751281738
-0.13991080224514008,-0.06168341636657715,-0.038989610970020294,0.5530592203140259
-0.14046066999435425,-0.06313157081604004,-0.041244715452194214,0.5483701229095459
-0.14128237962722778,-0.06401826441287994,-0.043262019753456116,0.545154333114624
-0.12709997594356537,-0.06825597584247589,-0.045677363872528076,0.5250953435897827
-0.11912444233894348,-0.07479780912399292,-0.04764676094055176,0.5128000974655151
-0.11979608237743378,-0.08023758232593536,-0.048067525029182434,0.5118517875671387
-0.12076500058174133,-0.08438315987586975,-0.04799128323793411,0.5123313069343567
-0.11317862570285797,-0.08549106121063232,-0.04585258290171623,0.4983144700527191
-0.10428772866725922,-0.08422596007585526,-0.0441446527838707,0.48183247447013855
-0.10042095184326172,-0.0825674831867218,-0.04392465204000473,0.4750780463218689
-0.08279275894165039,-0.08202134072780609,-0.04326120391488075,0.446210652589798
-0.07202325761318207,-0.0826987698674202,-0.04379909485578537,0.42732498049736023
-0.059786487370729446,-0.08113894611597061,-0.042259301990270615,0.4072175621986389
-0.051193442195653915,-0.07843244075775146,-0.04109543189406395,0.39475205540657043
-0.04511941596865654,-0.07462833821773529,-0.036863453686237335,0.3831560015678406
-0.0418735034763813,-0.0707271471619606,-0.03511404991149902,0.3765217661857605
-0.04684743657708168,-0.06816226243972778,-0.032408736646175385,0.3888941705226898
-0.052142683416604996,-0.06651857495307922,-0.030545776709914207,0.4005553424358368
-0.05355355516076088,-0.06402306258678436,-0.02611623890697956,0.4054749310016632
-0.05340037867426872,-0.061343736946582794,-0.023295177146792412,0.40753886103630066
-0.05089757218956947,-0.05706752836704254,-0.01813923381268978,0.4065993130207062
-0.04915037378668785,-0.05215652287006378,-0.015471287071704865,0.4060511589050293
-0.048082318156957626,-0.048714831471443176,-0.013776710256934166,0.4034874439239502
-0.04808570072054863,-0.046629905700683594,-0.01355824526399374,0.40169766545295715
-0.046168942004442215,-0.046372685581445694,-0.01549459993839264,0.3932461142539978
-0.04500945284962654,-0.047250788658857346,-0.01754670776426792,0.3865108788013458
-0.04324342682957649,-0.04942574352025986,-0.019201461225748062,0.3815644085407257
-0.042563583701848984,-0.051777906715869904,-0.020678455010056496,0.378817617893219
-0.04047306254506111,-0.053208865225315094,-0.020812055096030235,0.37379977107048035
-0.03892817720770836,-0.0536615289747715,-0.021279847249388695,0.3700083792209625
-0.03769858554005623,-0.05225145071744919,-0.020508935675024986,0.3637135624885559
-0.036727551370859146,-0.050042588263750076,-0.020331047475337982,0.3591243028640747
-0.034132037311792374,-0.04731464385986328,-0.019159791991114616,0.34685495495796204
-0.03319298103451729,-0.044745538383722305,-0.01766693778336048,0.33987417817115784
-0.03421546891331673,-0.043094564229249954,-0.017038609832525253,0.34003931283950806
-0.037407148629426956,-0.04184369370341301,-0.01615781895816326,0.34434837102890015
-0.040134530514478683,-0.0411352813243866,-0.015549559146165848,0.34864240884780884
-0.04258691146969795,-0.04079381376504898,-0.015022301115095615,0.35170483589172363
-0.04426364228129387,-0.040803905576467514,-0.014585651457309723,0.35386794805526733
-0.04275951907038689,-0.04104011133313179,-0.014797618612647057,0.34882521629333496
-0.04063477739691734,-0.041361067444086075,-0.015038354322314262,0.3435361385345459
-0.03725951537489891,-0.04285929724574089,-0.015074986964464188,0.3335678279399872
-0.03429407998919487,-0.045056045055389404,-0.01522114034742117,0.32542258501052856
-0.031250402331352234,-0.048413850367069244,-0.01472460851073265,0.316476047039032
-0.02910122647881508,-0.05212801322340965,-0.014569844119250774,0.3100818395614624
-0.030666887760162354,-0.05583767965435982,-0.01462930254638195,0.3135017156600952
-0.03317141905426979,-0.05918007344007492,-0.01461653970181942,0.3190270960330963
-0.03450817987322807,-0.06291379779577255,-0.014289604499936104,0.319132000207901
-0.035005439072847366,-0.06660649180412292,-0.014332507736980915,0.3182506561279297
-0.033648859709501266,-0.0679025650024414,-0.014576688408851624,0.3063960373401642
-0.03140425682067871,-0.06488344818353653,-0.01392650417983532,0.2883341312408447
-0.029418334364891052,-0.060577359050512314,-0.01350707933306694,0.27708128094673157
-0.02855728566646576,-0.055227916687726974,-0.011557811871170998,0.2695923447608948
-0.02791433408856392,-0.050083257257938385,-0.0104648657143116,0.2647066116333008
-0.027679305523633957,-0.04671729728579521,-0.010132736526429653,0.26298707723617554
-0.026771247386932373,-0.04327406361699104,-0.007816542871296406,0.2565937042236328
-0.025404587388038635,-0.03999955207109451,-0.006556089036166668,0.2499227672815323
-0.025281108915805817,-0.03764338418841362,-0.005904247052967548,0.24942445755004883
-0.025625940412282944,-0.03604648634791374,-0.005489780567586422,0.2507023513317108
-0.027059312909841537,-0.034923139959573746,-0.006819284521043301,0.2506445050239563
-0.026879537850618362,-0.03485295549035072,-0.006866849958896637,0.24820967018604279
-0.025836199522018433,-0.035578928887844086,-0.006259064190089703,0.24527664482593536
-0.02423539012670517,-0.03771388158202171,-0.005779871717095375,0.23478050529956818
-0.022766336798667908,-0.04051573947072029,-0.005877041257917881,0.22403661906719208
-0.02333756908774376,-0.04311066120862961,-0.00639693159610033,0.2222302407026291
-0.024288374930620193,-0.04528788477182388,-0.006541047245264053,0.223416268825531
-0.024650972336530685,-0.04594788700342178,-0.006906166672706604,0.2144826352596283
-0.024025391787290573,-0.045604050159454346,-0.0072779059410095215,0.20383676886558533
-0.024069473147392273,-0.04588288441300392,-0.007883701473474503,0.20077943801879883
-0.02422260120511055,-0.046678781509399414,-0.008074752055108547,0.20052392780780792
-0.025529392063617706,-0.04730462655425072,-0.008986623026430607,0.20417951047420502
-0.026611167937517166,-0.047759294509887695,-0.009155348874628544,0.20800969004631042
-0.027852296829223633,-0.0474138967692852,-0.009044050239026546,0.20993417501449585
-0.027972806245088577,-0.045644909143447876,-0.008434672839939594,0.21132321655750275
-0.027426771819591522,-0.04356638342142105,-0.007857058197259903,0.21176746487617493
-0.027134012430906296,-0.04206014424562454,-0.007631072774529457,0.21181173622608185
-0.0269443579018116,-0.0397607795894146,-0.006738213822245598,0.21160660684108734
-0.025915879756212234,-0.037379488348960876,-0.005937553942203522,0.20632125437259674
-0.02468271180987358,-0.0359061174094677,-0.00570753775537014,0.20023861527442932
-0.023130707442760468,-0.03488735482096672,-0.00500441063195467,0.193220317363739
-0.02199895679950714,-0.034100860357284546,-0.004884381778538227,0.18734896183013916
-0.02063995599746704,-0.03361818939447403,-0.004155363887548447,0.18131884932518005
-0.019636083394289017,-0.033247217535972595,-0.004025803878903389,0.17624182999134064
-0.017726656049489975,-0.033072616904973984,-0.003762790933251381,0.1680563986301422
-0.016137685626745224,-0.03306074067950249,-0.0038690008223056793,0.16026121377944946
-0.014969203621149063,-0.03319087624549866,-0.0029607489705085754,0.1543639898300171
-0.014201179146766663,-0.03338254243135452,-0.002507030963897705,0.1500910073518753
-0.013706620782613754,-0.032538674771785736,-0.0015060249716043472,0.14824283123016357
-0.013241495937108994,-0.031154438853263855,-0.000809062272310257,0.14737468957901
-0.013042986392974854,-0.030134867876768112,-0.0005981083959341049,0.1470637023448944
-0.012738216668367386,-0.028810836374759674,0.0001893751323223114,0.15158416330814362
-0.01249649003148079,-0.02736235037446022,0.0015130620449781418,0.1601734310388565
-0.012563638389110565,-0.026396192610263824,0.0023433994501829147,0.1662403792142868
-0.01232675090432167,-0.02586529776453972,0.0032454989850521088,0.1708093285560608
-0.012300234287977219,-0.02565944939851761,0.0038712751120328903,0.17422568798065186
-0.012143153697252274,-0.024921495467424393,0.004501808434724808,0.17740638554096222
-0.012210361659526825,-0.023956013843417168,0.005002735182642937,0.1800820380449295
-0.012180682271718979,-0.02325284108519554,0.005930157378315926,0.18220947682857513
-0.01229320839047432,-0.022846616804599762,0.006550002843141556,0.18390657007694244
-0.011822320520877838,-0.02240808680653572,0.007648643106222153,0.18419590592384338
-0.011591214686632156,-0.021979080513119698,0.00826353207230568,0.18396516144275665
-0.011342354118824005,-0.02115374058485031,0.009425170719623566,0.18218520283699036
-0.01137879490852356,-0.019635122269392014,0.011476533487439156,0.17984136939048767
-0.011918891221284866,-0.018114224076271057,0.012244915589690208,0.17884081602096558
-0.012510869652032852,-0.016770482063293457,0.012264663353562355,0.17652291059494019
-0.013002417981624603,-0.01569494605064392,0.012027973309159279,0.17420202493667603
-0.01323559507727623,-0.01518978551030159,0.012472061440348625,0.17233183979988098
-0.013392768800258636,-0.015103730373084545,0.012769294902682304,0.170913428068161
-0.013495873659849167,-0.015149276703596115,0.012858839705586433,0.17033402621746063
-0.013317681849002838,-0.015642773360013962,0.012834062799811363,0.16866114735603333
-0.013211846351623535,-0.016357991844415665,0.01296059601008892,0.16635432839393616
-0.01324552297592163,-0.016894198954105377,0.013033377006649971,0.16495651006698608
-0.013303212821483612,-0.01727329194545746,0.013057420030236244,0.16441376507282257
-0.0131976418197155,-0.01779193803668022,0.01276184432208538,0.15979626774787903
-0.012364920228719711,-0.018399450927972794,0.012403709813952446,0.15245774388313293
-0.011825736612081528,-0.018881749361753464,0.012194288894534111,0.14764080941677094
-0.011488299816846848,-0.019249016419053078,0.011916739866137505,0.1442170888185501
-0.01118599995970726,-0.019561436027288437,0.011792542412877083,0.14161472022533417
-0.010364513844251633,-0.019342990592122078,0.012044118717312813,0.13758626580238342
-0.009699854999780655,-0.01884542405605316,0.012214453890919685,0.1336154043674469
-0.009210355579853058,-0.018436294049024582,0.012538967654109001,0.13088087737560272
-0.008763335645198822,-0.018193643540143967,0.01281592808663845,0.12864533066749573
-0.007934696972370148,-0.017721615731716156,0.012725656852126122,0.12461704015731812
-0.007127158343791962,-0.01716410182416439,0.012683911249041557,0.12034435570240021
-0.0062110573053359985,-0.01666155457496643,0.012978000566363335,0.11671224236488342
-0.005461383610963821,-0.01626206561923027,0.013209713622927666,0.11367769539356232
-0.004667140543460846,-0.016571424901485443,0.013012135401368141,0.11173542588949203
-0.003982625901699066,-0.01734851486980915,0.012889048084616661,0.11034337431192398
-0.0028310343623161316,-0.01850890927016735,0.012893470004200935,0.10944321751594543
-0.0018490888178348541,-0.020400909706950188,0.012854507192969322,0.10789820551872253
-0.001454722136259079,-0.022275177761912346,0.012723604217171669,0.10658001154661179
-0.0010910406708717346,-0.02429562620818615,0.012016719207167625,0.10619691014289856
-0.0008657611906528473,-0.02623046189546585,0.011503918096423149,0.10625576972961426
-0.0007239729166030884,-0.027513939887285233,0.01150076650083065,0.10560804605484009
-0.0007063746452331543,-0.028231676667928696,0.011450452730059624,0.10477438569068909
-0.001027822494506836,-0.028698202222585678,0.011381013318896294,0.10318706184625626
-0.0012790113687515259,-0.029003236442804337,0.011172043159604073,0.101695716381073
-0.0013622678816318512,-0.029173102229833603,0.011022284626960754,0.10170425474643707
-0.0014206990599632263,-0.029236212372779846,0.010902218520641327,0.10223596543073654
-0.001759510487318039,-0.028979294002056122,0.011371949687600136,0.10174764692783356
-0.0020376965403556824,-0.028644662350416183,0.011936726048588753,0.1006723940372467
-0.0020306967198848724,-0.028447851538658142,0.012192880734801292,0.09998016804456711
-0.0019886642694473267,-0.028303559869527817,0.012255700305104256,0.09971350431442261
-0.001972425729036331,-0.02797408029437065,0.012573400512337685,0.09840205311775208
-0.0020538270473480225,-0.02723907306790352,0.013250207528471947,0.09492196887731552
-0.002100784331560135,-0.026414133608341217,0.013523837551474571,0.09184050559997559
-0.0019865334033966064,-0.025701120495796204,0.013555394485592842,0.09047351777553558
-0.0018043853342533112,-0.025150440633296967,0.013620557263493538,0.08988375216722488
-0.001840338110923767,-0.024696145206689835,0.01405365951359272,0.08657678216695786
-0.0018886364996433258,-0.024301473051309586,0.01419825665652752,0.08278795331716537
-0.0017365366220474243,-0.023859497159719467,0.013940399512648582,0.07795175164937973
-0.0017130449414253235,-0.023410094901919365,0.013581516221165657,0.07365847378969193
-0.001441720873117447,-0.0230754092335701,0.01365015096962452,0.06888923048973083
-0.0012202635407447815,-0.022829052060842514,0.013639690354466438,0.06477390229701996
-0.0012582466006278992,-0.02250620722770691,0.013309074565768242,0.06200171634554863
-0.0012628808617591858,-0.022117864340543747,0.013062464073300362,0.060080140829086304
-0.0009462051093578339,-0.021541140973567963,0.012816498056054115,0.056952960789203644
-0.0007137395441532135,-0.020883865654468536,0.01256348006427288,0.05394981428980827
-0.0004422459751367569,-0.02015518583357334,0.011647971346974373,0.05271723121404648
-0.00013421475887298584,-0.01941850036382675,0.011051837354898453,0.05233481898903847
-7.626228034496307e-05,-0.018834203481674194,0.010272728279232979,0.05206543952226639
3.2708048820495605e-06,-0.01840461790561676,0.009802835062146187,0.05194777995347977
8.375197649002075e-05,-0.018155299127101898,0.009435508400201797,0.05200083553791046
0.00019266270101070404,-0.018008902668952942,0.009211845695972443,0.05213657394051552
0.00034713372588157654,-0.017850439995527267,0.008740412071347237,0.05010461062192917
0.0004061087965965271,-0.017663296312093735,0.008365660905838013,0.04766756668686867
0.0005320999771356583,-0.017643310129642487,0.008068259805440903,0.045972682535648346
0.0006705895066261292,-0.017740191891789436,0.007932545617222786,0.04480399191379547
0.0004980806261301041,-0.017824284732341766,0.007908977568149567,0.042647700756788254
0.0003332458436489105,-0.017881939187645912,0.00785841979086399,0.04052399843931198
0.00022656284272670746,-0.017902158200740814,0.00815940648317337,0.03939329832792282
0.00013189204037189484,-0.01777828112244606,0.008866783231496811,0.037176795303821564
-3.801099956035614e-05,-0.017571542412042618,0.009178802371025085,0.03503948077559471
-0.00048631615936756134,-0.017156731337308884,0.00973527692258358,0.033956486731767654
-0.0007878690958023071,-0.01664028875529766,0.010023562237620354,0.03345303609967232
-0.0009668469429016113,-0.016190610826015472,0.010007750242948532,0.03455866128206253
-0.0010274797677993774,-0.015849215909838676,0.01003354974091053,0.03597642108798027
-0.0012402869760990143,-0.015376176685094833,0.010443339124321938,0.035975079983472824
-0.0014300085604190826,-0.014863829128444195,0.010707387700676918,0.035466957837343216
-0.0017579495906829834,-0.014165925793349743,0.01094776764512062,0.03520669788122177
-0.0020168982446193695,-0.013392218388617039,0.011055296286940575,0.0351102240383625
-0.0021646730601787567,-0.012926152907311916,0.011228565126657486,0.034483958035707474
-0.00228007510304451,-0.012699803337454796,0.01129271648824215,0.03371895104646683
-0.0019881166517734528,-0.012567196041345596,0.01142786256968975,0.03322116285562515
-0.001702338457107544,-0.012480330653488636,0.01157570444047451,0.03274986520409584
-0.0011663548648357391,-0.012532096356153488,0.011671105399727821,0.033014386892318726
-0.0007728710770606995,-0.012694541364908218,0.011810759082436562,0.03339415788650513
-0.00041457824409008026,-0.012713024392724037,0.012118460610508919,0.03444402292370796
-0.00014586187899112701,-0.012625031173229218,0.012394709512591362,0.03550879284739494
0.00024364888668060303,-0.012532074004411697,0.012480223551392555,0.03659488260746002
0.0005115773528814316,-0.012453352101147175,0.012521998956799507,0.037522170692682266
0.0011662766337394714,-0.012488802894949913,0.012865191325545311,0.0379764549434185
0.0017971601337194443,-0.012615785002708435,0.013453533872961998,0.03768110275268555
0.002033775672316551,-0.012733565643429756,0.01373954676091671,0.037150654941797256
0.002241462469100952,-0.01282504666596651,0.013934498652815819,0.03646998479962349
0.0024183597415685654,-0.012879393994808197,0.014081982895731926,0.03573738783597946
0.0024555977433919907,-0.012855644337832928,0.013953333720564842,0.03575292229652405
0.0024768561124801636,-0.0127728171646595,0.013866348192095757,0.03601526468992233
0.002476576715707779,-0.012627989053726196,0.013991063460707664,0.0363483689725399
0.00218830443918705,-0.012398201040923595,0.01435231976211071,0.035429440438747406
0.0019098278135061264,-0.012187561020255089,0.014464421197772026,0.03423011675477028
0.0017956234514713287,-0.012187193147838116,0.01463586650788784,0.033688124269247055
0.0017854291945695877,-0.012331681326031685,0.01477249525487423,0.033446550369262695
0.001790601760149002,-0.012471618130803108,0.014835832640528679,0.03335117921233177
0.0016409270465373993,-0.012687552720308304,0.014723313972353935,0.033167771995067596
0.0016744863241910934,-0.012923588976264,0.014512943103909492,0.03300030156970024
0.0018042922019958496,-0.013088947162032127,0.014457227662205696,0.03289756923913956
0.0018374193459749222,-0.013052867725491524,0.014512093737721443,0.03249518200755119
0.001753881573677063,-0.012870638631284237,0.014496849849820137,0.03207967430353165
0.0018354058265686035,-0.012591814622282982,0.014268537983298302,0.031383149325847626
0.001922866329550743,-0.012272464111447334,0.014072461053729057,0.0307249054312706
0.0019101332873106003,-0.011904842220246792,0.014207610860466957,0.02938389778137207
0.001854417845606804,-0.01151581946760416,0.014204343780875206,0.02811751887202263
0.0015182513743638992,-0.011037885211408138,0.014258874580264091,0.02644990384578705
0.0012306366115808487,-0.0105420658364892,0.014248473569750786,0.024944055825471878
0.001156780868768692,-0.01003546267747879,0.014132784679532051,0.02389046549797058
0.001386040821671486,-0.00923534482717514,0.013977253809571266,0.023623861372470856
0.0016096122562885284,-0.008350731804966927,0.013907717540860176,0.023840826004743576
0.0019220244139432907,-0.007717209402471781,0.013652874156832695,0.023905552923679352
0.0020812787115573883,-0.007304265629500151,0.013475274667143822,0.023850522935390472
0.002144116908311844,-0.006864240393042564,0.013389704748988152,0.02402767539024353
0.0021425746381282806,-0.006412775255739689,0.013347366824746132,0.02426585555076599
0.0021090563386678696,-0.006084097549319267,0.013512706384062767,0.024326764047145844
0.0020355302840471268,-0.005824925843626261,0.013535382226109505,0.024540230631828308
0.001973601058125496,-0.00559057854115963,0.013457054272294044,0.024819742888212204
0.001938389614224434,-0.005392186809331179,0.013392241671681404,0.024950657039880753
0.0019006133079528809,-0.0051746428944170475,0.013333925977349281,0.024448003619909286
0.0018316321074962616,-0.004961480852216482,0.013262240216135979,0.0238589309155941
0.001825740560889244,-0.004698826000094414,0.013310609385371208,0.023535292595624924
0.0016241595149040222,-0.004209206905215979,0.013203015550971031,0.023036837577819824
0.0014443155378103256,-0.0036642313934862614,0.013086823746562004,0.02263791859149933
0.0017391201108694077,-0.003159070387482643,0.013037784025073051,0.02220464125275612
0.0019834060221910477,-0.0027147294022142887,0.013025594875216484,0.02180645987391472
0.002562250941991806,-0.0024079391732811928,0.013136113062500954,0.02103835716843605
0.002921905368566513,-0.0022019920870661736,0.013175198808312416,0.020296119153499603
0.003265785053372383,-0.002116641029715538,0.01334892027080059,0.019893024116754532
0.0034523271024227142,-0.002048755530267954,0.013507140800356865,0.019121449440717697
0.0034558847546577454,-0.001954492647200823,0.013546345755457878,0.018372241407632828
0.003517450764775276,-0.001811743713915348,0.013897871598601341,0.018246188759803772
0.003537951037287712,-0.0016461294144392014,0.014101522043347359,0.018411219120025635
0.0035262424498796463,-0.0015268884599208832,0.014144206419587135,0.018512818962335587
0.0031471215188503265,-0.0013900725170969963,0.014402056112885475,0.018875233829021454
0.00283760204911232,-0.0012497995048761368,0.014523560181260109,0.019374970346689224
0.0028127264231443405,-0.001087435521185398,0.014513002708554268,0.019732758402824402
0.002829592674970627,-0.0009162500500679016,0.014514816924929619,0.01991383358836174
0.0029738061130046844,-0.0007824767380952835,0.014413150027394295,0.019891642034053802
0.0031373724341392517,-0.0006680665537714958,0.014370756223797798,0.019746527075767517
0.0030479934066534042,-0.00047005340456962585,0.014318948611617088,0.018826924264431
0.002970857545733452,-0.00023349188268184662,0.014259831979870796,0.017833326011896133
0.0030210688710212708,-0.00011840276420116425,0.014127084985375404,0.01639728620648384
0.00312645360827446,-0.0001226598396897316,0.013638576492667198,0.01429285854101181
0.003214798867702484,-0.0001809215173125267,0.01336258091032505,0.012825194746255875
0.003259776160120964,-0.00025541242212057114,0.013307785615324974,0.012232381850481033
0.003559364005923271,-0.0002624914050102234,0.01287621445953846,0.011741161346435547
0.0038041379302740097,-0.00022462569177150726,0.012643123045563698,0.011298093944787979
0.004692075774073601,-0.0003151586279273033,0.012209469452500343,0.011013410985469818
0.005380628630518913,-0.0004886547103524208,0.012071510776877403,0.010648190975189209
0.006149040535092354,-0.0008136490359902382,0.012155743315815926,0.010509002953767776
0.0066236890852451324,-0.0012019723653793335,0.012250913307070732,0.010455451905727386
0.006815453991293907,-0.0014903000555932522,0.012656139209866524,0.011347196996212006
0.00686187669634819,-0.0016538971103727818,0.012887591496109962,0.012427065521478653
0.007307088002562523,-0.001564573496580124,0.012627394869923592,0.013846535235643387
0.007680833339691162,-0.0013123871758580208,0.01250452734529972,0.0150529183447361
0.007925130426883698,-0.0010642576962709427,0.012439129874110222,0.015914607793092728
0.008039502426981926,-0.0009544352069497108,0.01246519573032856,0.016430992633104324
0.008081814274191856,-0.0009468365460634232,0.012431556358933449,0.016610044986009598
0.008118778467178345,-0.001059187576174736,0.012511303648352623,0.016980502754449844
0.008133677765727043,-0.0012390883639454842,0.012551816180348396,0.01741800829768181
0.008243778720498085,-0.0014843265525996685,0.012897798791527748,0.01797134056687355
0.008337751030921936,-0.0017442121170461178,0.01312105543911457,0.018484152853488922
0.008608434349298477,-0.0018545030616223812,0.013325339183211327,0.019555021077394485
0.008916039019823074,-0.0018580937758088112,0.013532033190131187,0.020572617650032043
0.008835522457957268,-0.0016709868796169758,0.013640424236655235,0.02126311883330345
0.008730581030249596,-0.001368718221783638,0.013632839545607567,0.021857410669326782
0.008804926648736,-0.0008839089423418045,0.01360282488167286,0.022440508008003235
0.008961547166109085,-0.0003113960847258568,0.013632135465741158,0.022846948355436325
0.009055063128471375,0.0001251082867383957,0.013650396838784218,0.02298898994922638
0.009163256734609604,0.0004063360393047333,0.013808155432343483,0.022084936499595642
0.009197654202580452,0.0003106221556663513,0.014292074367403984,0.021111559122800827
0.009167417883872986,-4.448741674423218e-05,0.01460576243698597,0.0208156555891037
0.008972151204943657,-0.00040604546666145325,0.014543091878294945,0.02097826823592186
0.008796121925115585,-0.0007262146100401878,0.014505451545119286,0.021260514855384827
0.008542729541659355,-0.0008359737694263458,0.01429670862853527,0.02116670459508896
0.008331138640642166,-0.0007963152602314949,0.01413627527654171,0.021006397902965546
0.00820917822420597,-0.0007130717858672142,0.013885414227843285,0.0206332765519619
0.008129969239234924,-0.0006203986704349518,0.013736305758357048,0.020252946764230728
0.007974525913596153,-0.0003139553591609001,0.01370956189930439,0.019647538661956787
0.007844697684049606,0.0001402357593178749,0.01364508830010891,0.01911696046590805
0.0077840909361839294,0.0007797935977578163,0.013482877984642982,0.018440023064613342
0.007726579904556274,0.0014892462641000748,0.01334344781935215,0.017848704010248184
0.007874935865402222,0.0020427843555808067,0.013077059760689735,0.01726340502500534
0.00797455757856369,0.0024469364434480667,0.012931270524859428,0.016703419387340546
0.008190007880330086,0.002647077664732933,0.01265672780573368,0.016673758625984192
0.008358968421816826,0.002706734463572502,0.012538207694888115,0.016798831522464752
0.00834367424249649,0.002808467485010624,0.01233215443789959,0.015883561223745346
0.008302111178636551,0.0029500238597393036,0.012218108400702477,0.014698822051286697
0.008283969014883041,0.003062993288040161,0.012193994596600533,0.014162294566631317
0.00842287763953209,0.003115810453891754,0.012172820046544075,0.013588279485702515
0.008487433195114136,0.0031544165685772896,0.012190395966172218,0.012797277420759201
0.00853288359940052,0.003216695971786976,0.012187009677290916,0.012282069772481918
0.008274717256426811,0.003307451494038105,0.012229109182953835,0.012152664363384247
0.008132345974445343,0.0034009208902716637,0.012281453236937523,0.012130729854106903
0.008036985993385315,0.0035172998905181885,0.01257222332060337,0.011497873812913895
0.00789886899292469,0.0036439839750528336,0.01268685795366764,0.010802406817674637
0.007765460759401321,0.003725091926753521,0.012650599703192711,0.009878568351268768
0.007665304467082024,0.0037540923804044724,0.012610642239451408,0.009024299681186676
0.007572870701551437,0.00368641410022974,0.012541735544800758,0.008250068873167038
0.007892297580838203,0.003450840711593628,0.012440992519259453,0.00754842534661293
0.008203865960240364,0.0031628720462322235,0.012468548491597176,0.0071015022695064545
0.008553776890039444,0.002792196348309517,0.012504832819104195,0.006362404674291611
0.008782945573329926,0.002394699491560459,0.012550780549645424,0.005591206252574921
0.008970895782113075,0.0020423950627446175,0.012669729068875313,0.004962071776390076
0.00905059278011322,0.0017525497823953629,0.012740513309836388,0.004497215151786804
0.009088290855288506,0.001568731851875782,0.01284036599099636,0.0040135011076927185
0.009110705927014351,0.0014677457511425018,0.012898938730359077,0.003603987395763397
0.009235415607690811,0.0013203825801610947,0.012937178835272789,0.0032835155725479126
0.009366381913423538,0.0011396212503314018,0.012976044788956642,0.0030295327305793762
0.00941513106226921,0.0009658606722950935,0.01307949610054493,0.0024910569190979004
0.009399954229593277,0.0008103521540760994,0.01311924122273922,0.001971013844013214
0.009435495361685753,0.0006908923387527466,0.013149170204997063,0.0013892501592636108
0.009594015777111053,0.000645030289888382,0.013245200738310814,0.0011322647333145142
0.009707294404506683,0.0006629694253206253,0.013309674337506294,0.0011992603540420532
0.009743263944983482,0.0006954250857234001,0.013321960344910622,0.001238018274307251
0.009647095575928688,0.000742337666451931,0.013542482629418373,0.00147198885679245
0.00930255651473999,0.0008439058437943459,0.0138940941542387,0.0017517656087875366
0.00902017205953598,0.0009648129343986511,0.014023000374436378,0.0019322410225868225
0.008821707218885422,0.0010362649336457253,0.01420295424759388,0.0021242275834083557
0.00867343507707119,0.0010518589988350868,0.01431846059858799,0.0022891461849212646
0.008438773453235626,0.0011458788067102432,0.014403579756617546,0.0027829110622406006
0.008296333253383636,0.0012866826727986336,0.014463922008872032,0.0033223405480384827
0.008227096870541573,0.0014910409227013588,0.01429586298763752,0.0038865581154823303
0.008217660710215569,0.0017304988577961922,0.014182494953274727,0.004385210573673248
0.008487053215503693,0.0018649734556674957,0.014008907601237297,0.005274839699268341
0.00870952382683754,0.0019286582246422768,0.013934874907135963,0.006139643490314484
0.00890350341796875,0.0021171849220991135,0.013887075707316399,0.0076849088072776794
0.008944377303123474,0.002436082810163498,0.014047348871827126,0.00954711064696312
0.008915198966860771,0.0027355998754501343,0.014145521447062492,0.010558512061834335
0.008839525282382965,0.0029436182230710983,0.014197492972016335,0.010483760386705399
0.008753631263971329,0.0030645420774817467,0.014185314998030663,0.010108686983585358
0.00858728401362896,0.0031957942992448807,0.014132177457213402,0.010044880211353302
0.008516650646924973,0.003330295905470848,0.014109285548329353,0.010122083127498627
0.008479652926325798,0.0033456552773714066,0.014102065935730934,0.009666725993156433
0.008480358868837357,0.0032590385526418686,0.014095773920416832,0.009100329130887985
0.008422447368502617,0.003200695849955082,0.014165306463837624,0.008513826876878738
0.00840063951909542,0.003180774860084057,0.014185743406414986,0.008060429245233536
0.00830426998436451,0.0031893793493509293,0.014235006645321846,0.007561337202787399
0.008222861215472221,0.0032160943374037743,0.014252522960305214,0.007125284522771835
0.008196983486413956,0.0033252257853746414,0.01415913738310337,0.007087592035531998
0.00822143629193306,0.0034909509122371674,0.014090394601225853,0.007221810519695282
0.008489297702908516,0.0035986900329589844,0.014017151668667793,0.007593721151351929
0.008702078834176064,0.0036552157253026962,0.01399431936442852,0.007946990430355072
0.008867679163813591,0.003698885440826416,0.013988113030791283,0.008001897484064102
0.008947174996137619,0.0037406552582979202,0.013979272916913033,0.007933586835861206
0.009167453274130821,0.0038258731365203857,0.013953788205981255,0.008002500981092453
0.009327756240963936,0.003941274248063564,0.013962509110569954,0.008063394576311111
0.00942801870405674,0.004058593884110451,0.013992028310894966,0.008134633302688599
0.009471794590353966,0.004174158908426762,0.013987863436341286,0.008215844631195068
0.009655885398387909,0.004218829795718193,0.013917135074734688,0.008471138775348663
0.009807758033275604,0.0042068930342793465,0.013906316831707954,0.008716873824596405
0.009875820949673653,0.0041807303205132484,0.014006281271576881,0.00917971134185791
0.00998608022928238,0.004187243990600109,0.014183370396494865,0.009520519524812698
0.0100338663905859,0.004228945821523666,0.0142571572214365,0.00957004725933075
0.010168613865971565,0.004235914908349514,0.014217326417565346,0.009725663810968399
0.01028345711529255,0.004198945127427578,0.014232581481337547,0.009873110800981522
0.010379984974861145,0.004253530874848366,0.014410445466637611,0.009678665548563004
0.010443270206451416,0.004384840838611126,0.014524983242154121,0.009393122047185898
0.01080823689699173,0.004467383958399296,0.01446683518588543,0.009534932672977448
0.011079547926783562,0.004333795979619026,0.01442367397248745,0.009744852781295776
0.011168835684657097,0.004065297544002533,0.014423860237002373,0.009816627949476242
0.011225366964936256,0.003810911439359188,0.014355922117829323,0.009621601551771164
0.011275507509708405,0.003600148484110832,0.01434304378926754,0.009327568113803864
0.01137552224099636,0.003461116924881935,0.014267543330788612,0.008740197867155075
0.011457514017820358,0.0033717332407832146,0.01425330899655819,0.008130941540002823
0.011548159644007683,0.0034514479339122772,0.014159874990582466,0.008111678063869476
0.011604387313127518,0.0036456938832998276,0.014092674478888512,0.008345697075128555
0.011725638061761856,0.0038364846259355545,0.014077818021178246,0.008820667862892151
0.01180250383913517,0.003991900011897087,0.014126604422926903,0.009235601872205734
0.011822767555713654,0.004095057956874371,0.014155002310872078,0.009397640824317932
0.011834695935249329,0.004189637489616871,0.014185907319188118,0.009814739227294922
0.011844394728541374,0.00428492296487093,0.014198994264006615,0.010286469012498856
0.011840900406241417,0.0043587712571024895,0.014145797118544579,0.01098257303237915
0.011813130229711533,0.004442553035914898,0.013979589566588402,0.012113548815250397
0.011795874685049057,0.004528626799583435,0.013895886018872261,0.01294020563364029
0.01163601502776146,0.004631209187209606,0.01391700841486454,0.013930212706327438
0.011527840048074722,0.004737233743071556,0.013937870040535927,0.014870021492242813
0.011543253436684608,0.004806303419172764,0.013931119814515114,0.015110857784748077
0.011569470167160034,0.004830457270145416,0.013949951156973839,0.01503576710820198
0.011501284316182137,0.00485848356038332,0.014112113043665886,0.014880329370498657
0.0114500243216753,0.004893318749964237,0.014217184856534004,0.014742765575647354
0.011421995237469673,0.004915163852274418,0.014132177457213402,0.014661815017461777
0.011428629979491234,0.00491663534194231,0.014074837788939476,0.014619696885347366
0.011458031833171844,0.004904529079794884,0.013919355347752571,0.014571323990821838
0.011474698781967163,0.004900015890598297,0.013820549473166466,0.014632869511842728
0.011501431465148926,0.00490219984203577,0.01381070725619793,0.014740929007530212
0.011507455259561539,0.004934449680149555,0.013853451237082481,0.015158843249082565
0.011506088078022003,0.004989883862435818,0.013880586251616478,0.015645071864128113
0.01150575466454029,0.005041009746491909,0.013859080150723457,0.01573098450899124
0.011504245921969414,0.005082730203866959,0.013840792700648308,0.015647977590560913
0.011547358706593513,0.00511491484940052,0.013806266710162163,0.015556704252958298
0.011596163734793663,0.005138705484569073,0.013804836198687553,0.01545260101556778
0.01168799214065075,0.005167519673705101,0.013756843283772469,0.015349682420492172
0.01175755076110363,0.005198454484343529,0.013744151219725609,0.015232138335704803
0.011851130053400993,0.005254917778074741,0.01373184286057949,0.015356697142124176
0.011886542662978172,0.0053589604794979095,0.01372482068836689,0.015452124178409576
0.011884152889251709,0.005464796908199787,0.013719635084271431,0.01542557030916214
0.011881262063980103,0.005531757138669491,0.013717060908675194,0.015304099768400192
0.011883111670613289,0.005565299652516842,0.013712538406252861,0.01517602801322937
0.011920839548110962,0.005586600862443447,0.013721207156777382,0.015128463506698608
0.011957239359617233,0.0055966442450881,0.01373632438480854,0.01511438935995102
0.011911565437912941,0.005614772439002991,0.013771148398518562,0.01510915532708168
0.011874610558152199,0.0056335898116230965,0.013788243755698204,0.015125542879104614
0.011762505397200584,0.005633441731333733,0.013827098533511162,0.015020560473203659
0.011684047058224678,0.005614063702523708,0.013835543766617775,0.014919880777597427
0.011641759425401688,0.005605948157608509,0.01387704722583294,0.014760646969079971
0.011686867102980614,0.005539095029234886,0.013958165422081947,0.01433153823018074
0.01172357052564621,0.005422691814601421,0.014005200937390327,0.013911131769418716
0.011855727061629295,0.005296857096254826,0.013992423191666603,0.013435203582048416
0.011960867792367935,0.005182926543056965,0.013991003856062889,0.012980751693248749
0.012012414634227753,0.005115678533911705,0.014063043519854546,0.012656871229410172
0.01201687566936016,0.0050913626328110695,0.014090543612837791,0.012436259537935257
0.011942636221647263,0.0051302192732691765,0.014221930876374245,0.01179865375161171
0.011867156252264977,0.0051898593083024025,0.014308331534266472,0.011103972792625427
0.01193026453256607,0.0051883514970541,0.014357851818203926,0.010565496981143951
0.011988634243607521,0.005132588557898998,0.014410370960831642,0.010130167007446289
0.011934662237763405,0.005078271962702274,0.014539813622832298,0.00951864942908287
0.011864965781569481,0.005033152177929878,0.014609100297093391,0.008945543318986893
0.011894777417182922,0.0050210487097501755,0.01467171125113964,0.008967924863100052
0.011940907686948776,0.005046016536653042,0.014707045629620552,0.009197834879159927
0.01194012351334095,0.005111037753522396,0.014797305688261986,0.009595301002264023
0.011934259906411171,0.005198879167437553,0.014844013378024101,0.009998109191656113
0.012013200670480728,0.005287544801831245,0.014798915013670921,0.010185770690441132
0.012084051966667175,0.0053745293989777565,0.014764705672860146,0.010236639529466629
0.012202858924865723,0.005436666309833527,0.014756055548787117,0.010130699723958969
0.01229550875723362,0.005472719669342041,0.014769168570637703,0.009967315942049026
0.01246424950659275,0.005482765845954418,0.01463724859058857,0.010209664702415466
0.012599298730492592,0.005481017753481865,0.014582065865397453,0.010521996766328812
0.012624461203813553,0.005508558824658394,0.014597805216908455,0.010657098144292831
0.012614065781235695,0.005574303679168224,0.014608899131417274,0.010788854211568832
0.012598151341080666,0.005645944736897945,0.014595488086342812,0.010900735855102539
0.012603960931301117,0.005732412450015545,0.014593271538615227,0.011066950857639313
0.012608110904693604,0.005826050415635109,0.014588085934519768,0.011225394904613495
0.0126145388931036,0.005907251499593258,0.014624370262026787,0.011246424168348312
0.012620436027646065,0.005975878797471523,0.014634465798735619,0.011225476861000061
0.012671537697315216,0.006032805889844894,0.014634339138865471,0.011292736977338791
0.01270967535674572,0.006083277985453606,0.014636768028140068,0.011363845318555832
0.012739453464746475,0.006118866614997387,0.01462753675878048,0.011378463357686996
0.012757515534758568,0.006144125945866108,0.0146173145622015,0.011368602514266968
0.012774372473359108,0.006159517914056778,0.014608120545744896,0.011343639343976974
0.012785486876964569,0.00616694800555706,0.014603661373257637,0.011316273361444473
0.012783551588654518,0.006175066344439983,0.014602670446038246,0.011313270777463913
0.01277991198003292,0.006184225901961327,0.014600953087210655,0.011322073638439178
0.0127593744546175,0.006200302392244339,0.014605728909373283,0.011352982372045517
0.012751862406730652,0.006214875727891922,0.014584874734282494,0.011364836245775223
0.01274886168539524,0.006221556104719639,0.014570077881217003,0.01135416328907013
0.012746063992381096,0.006224512122571468,0.014565886929631233,0.011348821222782135
0.012743756175041199,0.006225829012691975,0.014564858749508858,0.011345837265253067
0.012725185602903366,0.006229179911315441,0.014554997906088829,0.011346977204084396
0.012714385986328125,0.006234585307538509,0.014543240889906883,0.011359509080648422
0.012676039710640907,0.006240476854145527,0.014568867161870003,0.011267296969890594
0.012643851339817047,0.0062440792098641396,0.014581633731722832,0.011153776198625565
0.012666260823607445,0.006230808794498444,0.014535928145051003,0.011153090745210648
0.012694187462329865,0.006205938756465912,0.014515755698084831,0.011182721704244614
0.012714797630906105,0.006174635142087936,0.014506811276078224,0.011224091053009033
0.012731462717056274,0.006138446740806103,0.014512011781334877,0.01126234233379364
0.012740228325128555,0.006107601337134838,0.014519823715090752,0.011278089135885239
0.01270693726837635,0.006072548218071461,0.014552494511008263,0.011123418807983398
0.01267990842461586,0.006036152131855488,0.014550989493727684,0.010965533554553986
0.012673435732722282,0.00600854866206646,0.0145485308021307,0.010917946696281433
0.01266096904873848,0.006003943271934986,0.014478007331490517,0.011416323482990265
0.012665046378970146,0.006023317575454712,0.01442926935851574,0.012039490044116974
0.012689512223005295,0.006022571586072445,0.014408474788069725,0.01217120885848999
0.012713287025690079,0.006012097001075745,0.014384279027581215,0.01210019737482071
0.01295781135559082,0.005907093174755573,0.014238247647881508,0.012347158044576645
0.01318242959678173,0.005744420923292637,0.014179395511746407,0.012637689709663391
0.013004841282963753,0.005722580477595329,0.014333425089716911,0.012380722910165787
0.012716367840766907,0.005808047950267792,0.014402581378817558,0.011509694159030914
0.012352213263511658,0.005884389393031597,0.014447802677750587,0.01083669438958168
0.012120217084884644,0.005939026363193989,0.014408634975552559,0.010697327554225922
0.01203770749270916,0.005983045324683189,0.014367254450917244,0.010694172233343124
0.01237940602004528,0.005979110486805439,0.013824613764882088,0.011112775653600693
0.012671297416090965,0.00597571674734354,0.013512497767806053,0.011496689170598984
0.012720368802547455,0.0057942308485507965,0.01316642202436924,0.011646479368209839
0.012714460492134094,0.005475782789289951,0.012981807813048363,0.011703338474035263
0.012978808954358101,0.005071246065199375,0.012713814154267311,0.011576153337955475
0.013149602338671684,0.004517439752817154,0.012609066441655159,0.01131809875369072
0.013193322345614433,0.003984574228525162,0.012608444318175316,0.011173065751791
0.013215206563472748,0.003588210791349411,0.012632304802536964,0.011120576411485672
0.013235228136181831,0.003297792747616768,0.012643823400139809,0.011210363358259201
0.013255281373858452,0.0031167687848210335,0.01265476830303669,0.011339768767356873
0.013270223513245583,0.0030230414122343063,0.012660307809710503,0.01139381155371666
0.013448087498545647,0.002898731268942356,0.01254965178668499,0.0115000419318676
0.013602456077933311,0.0027483319863677025,0.012540513649582863,0.011517219245433807
0.013714928179979324,0.0027205822989344597,0.012623010203242302,0.011641457676887512
0.013779878616333008,0.002790096215903759,0.012659946456551552,0.011825963854789734
0.013953402638435364,0.002871374599635601,0.01251068152487278,0.011794846504926682
0.014062348753213882,0.0029958058148622513,0.012615254148840904,0.011462133377790451
0.014101071283221245,0.003113139420747757,0.012753928080201149,0.011134214699268341
0.014114486053586006,0.0031800521537661552,0.01281406544148922,0.010988015681505203
0.014126285910606384,0.0032060034573078156,0.01284191943705082,0.010925594717264175
0.014133557677268982,0.0032080067321658134,0.012859242036938667,0.01089465618133545
0.014135785400867462,0.003200898878276348,0.01287001557648182,0.010883521288633347
0.01413647085428238,0.003191453404724598,0.012876419350504875,0.010880570858716965
0.014136679470539093,0.0031825900077819824,0.012880036607384682,0.010878678411245346
0.0141366645693779,0.0031752558425068855,0.012882301583886147,0.010877151042222977
0.01413661614060402,0.003169512376189232,0.012883814051747322,0.010876499116420746
0.01413658820092678,0.0031651854515075684,0.012884797528386116,0.010876275599002838
0.014136573299765587,0.0031620170921087265,0.012885445728898048,0.010876186192035675
0.014136560261249542,0.0031597325578331947,0.012885870411992073,0.010876167565584183
0.014136552810668945,0.0031581278890371323,0.012886157259345055,0.010876167565584183
0.014136552810668945,0.0031570056453347206,0.012886306270956993,0.010876167565584183
0.014136552810668945,0.0031562531366944313,0.012886414304375648,0.010876167565584183
0.014136552810668945,0.003155727870762348,0.012886492535471916,0.010876167565584183
0.014136552810668945,0.003155387006700039,0.0128865297883749,0.010876167565584183
0.014136552810668945,0.003155163489282131,0.012886548414826393,0.010876167565584183
0.014136552810668945,0.003154994919896126,0.01288658194243908,0.010876167565584183
0.014136552810668945,0.003154871053993702,0.012886600568890572,0.010876167565584183
0.014136552810668945,0.0031547769904136658,0.012886619195342064,0.010876167565584183
0.014136552810668945,0.0031547201797366142,0.012886622920632362,0.010876167565584183
0.014143673703074455,0.003147643990814686,0.012873629108071327,0.01088346540927887
0.014152387157082558,0.0031363600865006447,0.012870186939835548,0.01088765636086464
0.014164425432682037,0.0031292568892240524,0.01284310407936573,0.010765843093395233
0.014167869463562965,0.0031288443133234978,0.01281476579606533,0.01062270998954773
0.014206897467374802,0.0031048357486724854,0.01276707835495472,0.010525468736886978
0.014232682064175606,0.0030648205429315567,0.012742726132273674,0.010455857962369919
0.014210870489478111,0.0030340012162923813,0.012766962870955467,0.010467298328876495
0.01417662762105465,0.0030161570757627487,0.012770971283316612,0.01052192971110344
0.014274323359131813,0.002983459271490574,0.012775810435414314,0.010548174381256104
0.014345653355121613,0.0029386337846517563,0.012798083946108818,0.010524142533540726
0.014317784458398819,0.002925403416156769,0.012844739481806755,0.01040773093700409
0.014274541288614273,0.0029327869415283203,0.01286243461072445,0.010300073772668839
0.014167377725243568,0.002918359823524952,0.012970386072993279,0.01029413565993309
0.014090564101934433,0.0028808806091547012,0.013027040287852287,0.010354183614253998
0.013935143128037453,0.002895777113735676,0.01313297264277935,0.010685186833143234
0.01382501982152462,0.002949000336229801,0.013186851516366005,0.011085744947195053
0.013753360137343407,0.003040269948542118,0.013231074437499046,0.01148926094174385
0.013720450922846794,0.003158820793032646,0.013245774433016777,0.011820569634437561
0.013567101210355759,0.00334062147885561,0.013325823470950127,0.01188783347606659
0.013429101556539536,0.003562712110579014,0.013326497748494148,0.011885687708854675
0.013278171420097351,0.0037579387426376343,0.013386281207203865,0.011633805930614471
0.013198627158999443,0.003889010287821293,0.013405894860625267,0.011205319315195084
0.013179760426282883,0.003955809399485588,0.013412067666649818,0.010897152125835419
0.0131740253418684,0.003991366364061832,0.013417055830359459,0.01076914370059967
0.013154229149222374,0.004030926153063774,0.013354850932955742,0.011120080947875977
0.013079037889838219,0.004148595966398716,0.01326550729572773,0.011609647423028946
0.013021625578403473,0.004306299611926079,0.013211024925112724,0.011850208044052124
0.013072989881038666,0.004443998448550701,0.013130301609635353,0.011896602809429169
0.013123387470841408,0.00455943588167429,0.013071557506918907,0.011870171874761581
0.01308615691959858,0.00476795993745327,0.01317589171230793,0.011823087930679321
0.01304035633802414,0.005038328468799591,0.013195889070630074,0.011846058070659637
0.01302279345691204,0.005302203819155693,0.013214120641350746,0.011543076485395432
0.013051727786660194,0.0055371979251503944,0.013254726305603981,0.011091090738773346
0.013048481196165085,0.0056892335414886475,0.013467079028487206,0.010690417140722275
0.013020254671573639,0.005769944749772549,0.013598216697573662,0.010404366999864578
0.01268017664551735,0.005909515544772148,0.013917511329054832,0.010217387229204178
0.01235283724963665,0.006089901551604271,0.014029046520590782,0.01020907610654831
0.012627778574824333,0.006148395128548145,0.013781974092125893,0.011090192943811417
0.01293877512216568,0.006106941029429436,0.013709044083952904,0.012038152664899826
0.013047626242041588,0.006040921434760094,0.01367093063890934,0.012441325932741165
0.013085197657346725,0.005970516242086887,0.013654617592692375,0.012602880597114563
0.013061733916401863,0.005945241078734398,0.013815594837069511,0.01259276270866394
0.013032954186201096,0.005943969823420048,0.013946415856480598,0.012525588274002075
0.013009157031774521,0.0059868087992072105,0.014059333130717278,0.012684721499681473
0.012990333139896393,0.00605424027889967,0.01413467712700367,0.01289515569806099
0.012999380007386208,0.006075484678149223,0.014117604121565819,0.013051290065050125
0.013017609715461731,0.006057962775230408,0.014109985902905464,0.013154450803995132
0.013043617829680443,0.006032252684235573,0.014122465625405312,0.013170208781957626
0.012782573699951172,0.006071863695979118,0.0141927320510149,0.012507710605859756
0.012594997882843018,0.00614226795732975,0.014190567657351494,0.011809311807155609
0.012877004221081734,0.005880399607121944,0.013860328122973442,0.0104815773665905
0.013131486251950264,0.0054067932069301605,0.013740567490458488,0.008915316313505173
0.013207748532295227,0.004950368776917458,0.013303941115736961,0.008699111640453339
0.013246312737464905,0.004558653570711613,0.013012634590268135,0.009086839854717255
0.01365002803504467,0.004089898429811001,0.012632029131054878,0.00990210846066475
0.01402285322546959,0.0035912329331040382,0.012469878420233727,0.010665562003850937
0.014158573001623154,0.003289664164185524,0.012474173679947853,0.010950829833745956
0.01419307105243206,0.0031591570004820824,0.012478349730372429,0.011038050055503845
0.01423264667391777,0.0030925730243325233,0.012450845912098885,0.011084072291851044
0.014261817559599876,0.003053656779229641,0.012434976175427437,0.011108551174402237
0.01424415409564972,0.0030414918437600136,0.012448860332369804,0.011098649352788925
0.014222973957657814,0.0030450187623500824,0.012454332783818245,0.011085428297519684
0.014200452715158463,0.0030542202293872833,0.01245204545557499,0.011136684566736221
0.01417485997080803,0.0030711423605680466,0.012436522170901299,0.0112064890563488
0.014161080121994019,0.0030903611332178116,0.012422705069184303,0.011239755898714066
0.014154909178614616,0.0031080562621355057,0.012414095923304558,0.01125231385231018
0.014149781316518784,0.0031221117824316025,0.01240207813680172,0.011284150183200836
0.014145173132419586,0.003134140744805336,0.012388879433274269,0.011323656886816025
0.014142952859401703,0.0031448202207684517,0.01238095574080944,0.01134207472205162
0.014127949252724648,0.003145345486700535,0.012364843860268593,0.011352010071277618
0.014115005731582642,0.003138105385005474,0.01235170103609562,0.011359304189682007
0.014110144227743149,0.003131837584078312,0.012346522882580757,0.011363428086042404
0.014120886102318764,0.003124004229903221,0.012334464117884636,0.011334426701068878
0.014156309887766838,0.0031215371564030647,0.012322070077061653,0.011282816529273987
0.014176499098539352,0.0031266845762729645,0.012318665161728859,0.011234000325202942
0.014158908277750015,0.003137510269880295,0.012365186586976051,0.01120215654373169
0.01415405236184597,0.0031535718590021133,0.012381112203001976,0.011200770735740662
0.014158012345433235,0.0031702974811196327,0.012378418818116188,0.011205516755580902
0.01413596048951149,0.003216593526303768,0.012431507930159569,0.011317059397697449
0.014129482209682465,0.0032779984176158905,0.012507179751992226,0.011615082621574402
0.014137698337435722,0.0033242637291550636,0.012545270845293999,0.011868320405483246
0.01416066288948059,0.003343815915286541,0.012570204213261604,0.011987999081611633
0.01417255587875843,0.003345506265759468,0.012582557275891304,0.012037009000778198
0.014185305684804916,0.0033352328464388847,0.012597320601344109,0.0120198093354702
0.014188205823302269,0.003321700729429722,0.01260220818221569,0.011981554329395294
0.014196472242474556,0.003303978592157364,0.012617727741599083,0.011922348290681839
0.01419963501393795,0.0032867249101400375,0.01262323372066021,0.011864673346281052
0.014198172837495804,0.0032767299562692642,0.012621885165572166,0.011840049177408218
0.014196649193763733,0.003272118978202343,0.012620082125067711,0.011831387877464294
0.014195796102285385,0.003270493820309639,0.012618748471140862,0.011828571557998657
0.014195382595062256,0.0032703299075365067,0.012617884203791618,0.01182771846652031
0.014195185154676437,0.003270757384598255,0.012617317959666252,0.01182747632265091
0.014195101335644722,0.0032713450491428375,0.012616945430636406,0.011827398091554642
0.01419505849480629,0.003271913155913353,0.012616714462637901,0.011827372014522552
0.014195052906870842,0.003272389993071556,0.012616565451025963,0.011827372014522552
0.014217771589756012,0.003265557810664177,0.012609822675585747,0.011850513517856598
0.014237014576792717,0.003253614529967308,0.012613849714398384,0.01186772808432579
0.014234699308872223,0.003239724785089493,0.012638932093977928,0.011876974254846573
0.014226891100406647,0.0032249782234430313,0.012655751779675484,0.011886641383171082
0.014181232079863548,0.003203148953616619,0.012698890641331673,0.011834297329187393
0.014142639935016632,0.003176474943757057,0.012719595804810524,0.01177757978439331
0.014130881056189537,0.003148636780679226,0.012707101181149483,0.011831197887659073
0.014133453369140625,0.003128509968519211,0.012686153873801231,0.011997964233160019
0.014138797298073769,0.00312033761292696,0.012674624100327492,0.012139510363340378
0.014147933572530746,0.003121062181890011,0.012666383758187294,0.012229043990373611
0.014155961573123932,0.0031282370910048485,0.012659413740038872,0.012287311255931854
0.014160044491291046,0.003136325627565384,0.012655017897486687,0.012310527265071869
0.014161940664052963,0.0031434837728738785,0.012652268633246422,0.012318495661020279
0.014162767678499222,0.0031492412090301514,0.012650514021515846,0.012321006506681442
0.014163138344883919,0.003153637982904911,0.012649422511458397,0.012321807444095612
0.014162708073854446,0.0031569357961416245,0.012649213895201683,0.012322936207056046
0.014162305742502213,0.003159322775900364,0.01264905370771885,0.012324154376983643
0.014162169769406319,0.003161005675792694,0.012648819014430046,0.012324757874011993
0.014162126928567886,0.0031621791422367096,0.01264866627752781,0.012324992567300797
0.014162106439471245,0.003162975423038006,0.012648558244109154,0.01232505589723587
0.014162106439471245,0.003163524903357029,0.012648483738303185,0.012325093150138855
0.01416158676147461,0.0031639812514185905,0.012649031355977058,0.01232493668794632
0.014161091297864914,0.0031643398106098175,0.012649258598685265,0.012324981391429901
0.014161480590701103,0.0031645046547055244,0.012648815289139748,0.012324225157499313
0.014161871746182442,0.003164541907608509,0.012648532167077065,0.012323085218667984
0.014162009581923485,0.003164541907608509,0.012648483738303185,0.01232251524925232
0.014162048697471619,0.003164541907608509,0.012648476287722588,0.012322314083576202
0.014162056148052216,0.0031645381823182106,0.01264846883714199,0.012322250753641129
0.01416207104921341,0.0031645353883504868,0.01264846883714199,0.012322232127189636
0.014162078499794006,0.0031645335257053375,0.01264846883714199,0.012322228401899338
0.014162078499794006,0.0031645335257053375,0.01264846883714199,0.012322228401899338
0.014162078499794006,0.0031645335257053375,0.01264846883714199,0.012322228401899338
0.014162078499794006,0.0031645335257053375,0.01264846883714199,0.012322228401899338
0.01416100189089775,0.00316435843706131,0.012647179886698723,0.012321673333644867
0.014160612598061562,0.003164045512676239,0.012646188959479332,0.012321565300226212
0.014160728082060814,0.003163752146065235,0.012645935639739037,0.012321632355451584
0.014160849153995514,0.0031635044142603874,0.01264590211212635,0.01232169196009636
0.014160923659801483,0.003163335844874382,0.01264590211212635,0.012321706861257553
0.014160964637994766,0.0031632091850042343,0.012645909562706947,0.012321706861257553
0.01416097767651081,0.0031631141901016235,0.012645931914448738,0.012321706861257553
0.01416098140180111,0.0031630396842956543,0.012645943090319633,0.012321706861257553
0.014160992577672005,0.003162981942296028,0.012645957991480827,0.012321706861257553
0.014160992577672005,0.003162945620715618,0.012645957991480827,0.012321706861257553
0.014160992577672005,0.0031629251316189766,0.012645957991480827,0.012321706861257553
0.014160992577672005,0.003162912093102932,0.012645957991480827,0.012321706861257553
0.014160992577672005,0.0031629055738449097,0.012645957991480827,0.012321706861257553
0.014160992577672005,0.003162902779877186,0.012645957991480827,0.012321706861257553
0.014160992577672005,0.003162899985909462,0.012645957991480827,0.012321706861257553
0.014160992577672005,0.003162899985909462,0.012645957991480827,0.012321706861257553
0.014160992577672005,0.003162899985909462,0.012645957991480827,0.012321706861257553
0.014160992577672005,0.003162899985909462,0.012645957991480827,0.012321706861257553
0.014160992577672005,0.003162899985909462,0.012645957991480827,0.012321706861257553
0.014160992577672005,0.003162899985909462,0.012645957991480827,0.012321706861257553
0.014160992577672005,0.003162899985909462,0.012645957991480827,0.012321706861257553
0.014160992577672005,0.003162899985909462,0.012645957991480827,0.012321706861257553
0.014160992577672005,0.003162899985909462,0.012645957991480827,0.012321706861257553
0.014160992577672005,0.003162899985909462,0.012645957991480827,0.012321706861257553
0.014160992577672005,0.003162899985909462,0.012645957991480827,0.012321706861257553
0.014160992577672005,0.003162899985909462,0.012645957991480827,0.012321706861257553
0.014178130775690079,0.003157762810587883,0.012619348242878914,0.012338381260633469
0.014193132519721985,0.0031492533162236214,0.012605546042323112,0.012353871017694473
0.01420893520116806,0.003143496811389923,0.012590771540999413,0.012379005551338196
0.01422313041985035,0.0031387992203235626,0.012588011100888252,0.012400902807712555
0.01422739215195179,0.0031349733471870422,0.012593986466526985,0.012410756200551987
0.014229997992515564,0.003130940720438957,0.012600073590874672,0.012415509670972824
0.0142319705337286,0.003126484341919422,0.012603791430592537,0.012417379766702652
0.01422729343175888,0.0031194929033517838,0.012613238766789436,0.01241597905755043
0.014223869889974594,0.0031100651249289513,0.01262032799422741,0.012415032833814621
0.014223061501979828,0.0031013628467917442,0.01262400858104229,0.012415222823619843
0.01421535387635231,0.003091973252594471,0.01263490878045559,0.012407433241605759
0.01420673169195652,0.0030780453234910965,0.012644695118069649,0.012394029647111893
0.014202319085597992,0.0030624372884631157,0.012650789692997932,0.012385185807943344
0.014202136546373367,0.0030444730073213577,0.01264909841120243,0.01238473504781723
0.014201352372765541,0.0030260011553764343,0.012649601325392723,0.012386273592710495
0.014189450070261955,0.0030166832730174065,0.012639986351132393,0.01244334876537323
0.014173099771142006,0.0030163414776325226,0.012631470337510109,0.012515004724264145
0.014177586883306503,0.0029670149087905884,0.01262393407523632,0.012494165450334549
0.01418515108525753,0.002878570929169655,0.012633172795176506,0.01242959126830101
0.01422332413494587,0.002757735550403595,0.012591077014803886,0.012422893196344376
0.014256574213504791,0.002627403475344181,0.01258341409265995,0.012410219758749008
0.013995101675391197,0.002535753883421421,0.01276216097176075,0.012056656181812286
0.013758054003119469,0.0024815164506435394,0.012819359079003334,0.011706303805112839
0.013589277863502502,0.0024701636284589767,0.012817511335015297,0.011478740721940994
0.013460509479045868,0.00247319508343935,0.012821448966860771,0.011324558407068253
0.013399455696344376,0.0024674776941537857,0.012829514220356941,0.011268123984336853
0.01337364874780178,0.0024553341791033745,0.012837724760174751,0.0112505704164505
0.01318572461605072,0.0023579029366374016,0.012822514399886131,0.011533848941326141
0.013035774230957031,0.0021855393424630165,0.012846408411860466,0.011892352253198624
0.012984288856387138,0.002027689479291439,0.012878412380814552,0.012051090598106384
0.012968068942427635,0.001903034746646881,0.012903207913041115,0.012103363871574402
0.012962814420461655,0.001811194233596325,0.012920519337058067,0.012120082974433899
0.012960951775312424,0.0017456384375691414,0.01293194480240345,0.012125309556722641
0.012959476560354233,0.0017001638188958168,0.012939384207129478,0.012128882110118866
0.012959228828549385,0.0016687437891960144,0.012943947687745094,0.012130029499530792
0.012959562242031097,0.0016468409448862076,0.01294703222811222,0.012128803879022598
0.012959707528352737,0.0016318624839186668,0.012949099764227867,0.012128069996833801
0.012959761545062065,0.0016217054799199104,0.012950422242283821,0.012127779424190521
0.012959778308868408,0.001614862121641636,0.012951267883181572,0.012127678841352463
0.013035250827670097,0.00162573903799057,0.012974852696061134,0.012126397341489792
0.013079492375254631,0.0016531087458133698,0.012974025681614876,0.012141652405261993
0.012940779328346252,0.0018058232963085175,0.01310657523572445,0.0127035453915596
0.012809425592422485,0.002073517069220543,0.01308625377714634,0.013480149209499359
0.013295741751790047,0.0022781910374760628,0.012718545272946358,0.013493344187736511
0.013778984546661377,0.0024052606895565987,0.012567436322569847,0.013044662773609161
0.014048382639884949,0.0025540078058838844,0.012675711885094643,0.012394268065690994
0.014128590002655983,0.0027857590466737747,0.012696931138634682,0.011546485126018524
0.014137236401438713,0.002991301007568836,0.012720951810479164,0.010992500931024551
0.01412479393184185,0.003118927590548992,0.012774022296071053,0.010836884379386902
0.014124495908617973,0.0031856251880526543,0.012816278263926506,0.010850310325622559
0.014130162075161934,0.0032107196748256683,0.012843633070588112,0.010867401957511902
0.014134204015135765,0.003214077092707157,0.012860750779509544,0.010874643921852112
0.014136271551251411,0.0032077133655548096,0.012871211394667625,0.010877188295125961
0.01413719542324543,0.0031983088701963425,0.012877760455012321,0.010877992957830429
0.01413758285343647,0.0031890179961919785,0.01288190670311451,0.010878246277570724
0.014137748628854752,0.003181084990501404,0.012884566560387611,0.010878302156925201
0.01413782499730587,0.0031748032197356224,0.012886283919215202,0.010878317058086395
0.01413784734904766,0.0031700655817985535,0.012887364253401756,0.010878317058086395
0.014137858524918556,0.0031665824353694916,0.012888079509139061,0.010878309607505798
0.014137865975499153,0.00316409207880497,0.012888522818684578,0.010878309607505798
0.014137865975499153,0.003162347711622715,0.012888820841908455,0.010878309607505798
0.014137865975499153,0.0031611351296305656,0.012889014557003975,0.010878309607505798
0.014137865975499153,0.0031602978706359863,0.01288912259042263,0.010878309607505798
0.014137865975499153,0.0031597279012203217,0.012889208272099495,0.010878309607505798
0.014137865975499153,0.00315934419631958,0.012889260426163673,0.010878309607505798
0.014137865975499153,0.003159085288643837,0.01288929395377636,0.010878309607505798
0.014137865975499153,0.003158905543386936,0.012889320030808449,0.010878309607505798
0.014137865975499153,0.0031587807461619377,0.012889338657259941,0.010878309607505798
0.014137865975499153,0.0031587043777108192,0.012889338657259941,0.010878309607505798
0.014137865975499153,0.0031586606055498123,0.012889338657259941,0.010878309607505798
0.014137865975499153,0.0031586317345499992,0.012889338657259941,0.010878309607505798
0.014137865975499153,0.0031586159020662308,0.012889338657259941,0.010878309607505798
0.014137865975499153,0.0031586075201630592,0.012889338657259941,0.010878309607505798
0.014137865975499153,0.0031586019322276115,0.012889338657259941,0.010878309607505798
0.014137865975499153,0.0031586000695824623,0.012889338657259941,0.010878309607505798
0.014137865975499153,0.0031585972756147385,0.012889338657259941,0.010878309607505798
0.014137865975499153,0.0031585944816470146,0.012889338657259941,0.010878309607505798
0.014137865975499153,0.0031585944816470146,0.012889338657259941,0.010878309607505798
0.014137865975499153,0.0031585944816470146,0.012889338657259941,0.010878309607505798
0.014137865975499153,0.0031585944816470146,0.012889338657259941,0.010878309607505798
0.014137865975499153,0.0031585944816470146,0.012889338657259941,0.010878309607505798
0.014137865975499153,0.0031585944816470146,0.012889338657259941,0.010878309607505798
0.014137865975499153,0.0031585944816470146,0.012889338657259941,0.010878309607505798
0.014137865975499153,0.0031585944816470146,0.012889338657259941,0.010878309607505798
0.014137865975499153,0.0031585944816470146,0.012889338657259941,0.010878309607505798
0.014137865975499153,0.0031585944816470146,0.012889338657259941,0.010878309607505798
0.014137865975499153,0.0031585944816470146,0.012889338657259941,0.010878309607505798
0.014137865975499153,0.0031585944816470146,0.012889338657259941,0.010878309607505798
0.014137865975499153,0.0031585944816470146,0.012889338657259941,0.010878309607505798
0.014137865975499153,0.0031585944816470146,0.012889338657259941,0.010878309607505798
0.014137865975499153,0.0031585944816470146,0.012889338657259941,0.010878309607505798
0.014137865975499153,0.0031585944816470146,0.012889338657259941,0.010878309607505798
0.014137865975499153,0.0031585944816470146,0.012889338657259941,0.010878309607505798
0.014137865975499153,0.0031585944816470146,0.012889338657259941,0.010878309607505798
0.014137865975499153,0.0031585944816470146,0.012889338657259941,0.010878309607505798
0.014137865975499153,0.0031585944816470146,0.012889338657259941,0.010878309607505798
0.014137865975499153,0.0031585944816470146,0.012889338657259941,0.010878309607505798
0.014137865975499153,0.0031585944816470146,0.012889338657259941,0.010878309607505798
0.014137865975499153,0.0031585944816470146,0.012889338657259941,0.010878309607505798
0.014137865975499153,0.0031585944816470146,0.012889338657259941,0.010878309607505798
0.014137865975499153,0.0031585944816470146,0.012889338657259941,0.010878309607505798
0.014137865975499153,0.0031585944816470146,0.012889338657259941,0.010878309607505798
0.014137865975499153,0.0031585944816470146,0.012889338657259941,0.010878309607505798
0.014137865975499153,0.0031585944816470146,0.012889338657259941,0.010878309607505798
0.014137865975499153,0.0031585944816470146,0.012889338657259941,0.010878309607505798
0.014137865975499153,0.0031585944816470146,0.012889338657259941,0.010878309607505798
0.014137865975499153,0.0031585944816470146,0.012889338657259941,0.010878309607505798
0.014137865975499153,0.0031585944816470146,0.012889338657259941,0.010878309607505798
0.014137865975499153,0.0031585944816470146,0.012889338657259941,0.010878309607505798
0.014137865975499153,0.0031585944816470146,0.012889338657259941,0.010878309607505798
0.014137865975499153,0.0031585944816470146,0.012889338657259941,0.010878309607505798
0.014137865975499153,0.0031585944816470146,0.012889338657259941,0.010878309607505798
0.014137865975499153,0.0031585944816470146,0.012889338657259941,0.010878309607505798
0.014137865975499153,0.0031585944816470146,0.012889338657259941,0.010878309607505798
0.014137865975499153,0.0031585944816470146,0.012889338657259941,0.010878309607505798
0.014137865975499153,0.0031585944816470146,0.012889338657259941,0.010878309607505798
0.014137865975499153,0.0031585944816470146,0.012889338657259941,0.010878309607505798
0.014137865975499153,0.0031585944816470146,0.012889338657259941,0.010878309607505798
0.014137865975499153,0.0031585944816470146,0.012889338657259941,0.010878309607505798
0.014137865975499153,0.0031585944816470146,0.012889338657259941,0.010878309607505798
0.014137865975499153,0.0031585944816470146,0.012889338657259941,0.010878309607505798
0.014137865975499153,0.0031585944816470146,0.012889338657259941,0.010878309607505798
0.014137865975499153,0.0031585944816470146,0.012889338657259941,0.010878309607505798
0.014137865975499153,0.0031585944816470146,0.012889338657259941,0.010878309607505798
0.014137865975499153,0.0031585944816470146,0.012889338657259941,0.010878309607505798
0.014137865975499153,0.0031585944816470146,0.012889338657259941,0.010878309607505798
0.014137865975499153,0.0031585944816470146,0.012889338657259941,0.010878309607505798
0.014137865975499153,0.0031585944816470146,0.012889338657259941,0.010878309607505798
0.014137865975499153,0.0031585944816470146,0.012889338657259941,0.010878309607505798
0.014137865975499153,0.0031585944816470146,0.012889338657259941,0.010878309607505798
0.014137865975499153,0.0031585944816470146,0.012889338657259941,0.010878309607505798
0.014137865975499153,0.0031585944816470146,0.012889338657259941,0.010878309607505798
0.014137865975499153,0.0031585944816470146,0.012889338657259941,0.010878309607505798
0.014137865975499153,0.0031585944816470146,0.012889338657259941,0.010878309607505798
0.014137865975499153,0.0031585944816470146,0.012889338657259941,0.010878309607505798
0.014137865975499153,0.0031585944816470146,0.012889338657259941,0.010878309607505798
0.014137865975499153,0.0031585944816470146,0.012889338657259941,0.010878309607505798
0.014137865975499153,0.0031585944816470146,0.012889338657259941,0.010878309607505798
0.014137865975499153,0.0031585944816470146,0.012889338657259941,0.010878309607505798
0.014137865975499153,0.0031585944816470146,0.012889338657259941,0.010878309607505798
0.014137865975499153,0.0031585944816470146,0.012889338657259941,0.010878309607505798
0.014137865975499153,0.0031585944816470146,0.012889338657259941,0.010878309607505798
0.014137865975499153,0.0031585944816470146,0.012889338657259941,0.010878309607505798
0.014137865975499153,0.0031585944816470146,0.012889338657259941,0.010878309607505798
0.014137865975499153,0.0031585944816470146,0.012889338657259941,0.010878309607505798
0.014137865975499153,0.0031585944816470146,0.012889338657259941,0.010878309607505798
0.014137865975499153,0.0031585944816470146,0.012889338657259941,0.010878309607505798
0.014137865975499153,0.0031585944816470146,0.012889338657259941,0.010878309607505798
0.014137865975499153,0.0031585944816470146,0.012889338657259941,0.010878309607505798
0.014137865975499153,0.0031585944816470146,0.012889338657259941,0.010878309607505798
0.014137865975499153,0.0031585944816470146,0.012889338657259941,0.010878309607505798
0.014137865975499153,0.0031585944816470146,0.012889338657259941,0.010878309607505798
0.014137865975499153,0.0031585944816470146,0.012889338657259941,0.010878309607505798
0.014137865975499153,0.0031585944816470146,0.012889338657259941,0.010878309607505798
0.014137865975499153,0.0031585944816470146,0.012889338657259941,0.010878309607505798
0.014137865975499153,0.0031585944816470146,0.012889338657259941,0.010878309607505798
0.014137865975499153,0.0031585944816470146,0.012889338657259941,0.010878309607505798
0.014137865975499153,0.0031585944816470146,0.012889338657259941,0.010878309607505798
0.014137865975499153,0.0031585944816470146,0.012889338657259941,0.010878309607505798
0.014137865975499153,0.0031585944816470146,0.012889338657259941,0.010878309607505798
0.014137865975499153,0.0031585944816470146,0.012889338657259941,0.010878309607505798
0.014137865975499153,0.0031585944816470146,0.012889338657259941,0.010878309607505798
0.014137865975499153,0.0031585944816470146,0.012889338657259941,0.010878309607505798
0.014137865975499153,0.0031585944816470146,0.012889338657259941,0.010878309607505798
0.014137865975499153,0.0031585944816470146,0.012889338657259941,0.010878309607505798
0.014137865975499153,0.0031585944816470146,0.012889338657259941,0.010878309607505798
0.014137865975499153,0.0031585944816470146,0.012889338657259941,0.010878309607505798
0.014137865975499153,0.0031585944816470146,0.012889338657259941,0.010878309607505798
0.014137865975499153,0.0031585944816470146,0.012889338657259941,0.010878309607505798
0.014137865975499153,0.0031585944816470146,0.012889338657259941,0.010878309607505798
0.014137865975499153,0.0031585944816470146,0.012889338657259941,0.010878309607505798
0.014137865975499153,0.0031585944816470146,0.012889338657259941,0.010878309607505798
0.014137865975499153,0.0031585944816470146,0.012889338657259941,0.010878309607505798
0.014137865975499153,0.0031585944816470146,0.012889338657259941,0.010878309607505798
0.014137865975499153,0.0031585944816470146,0.012889338657259941,0.010878309607505798
0.014137865975499153,0.0031585944816470146,0.012889338657259941,0.010878309607505798
0.014137865975499153,0.0031585944816470146,0.012889338657259941,0.010878309607505798
0.014137865975499153,0.0031585944816470146,0.012889338657259941,0.010878309607505798
0.014137865975499153,0.0031585944816470146,0.012889338657259941,0.010878309607505798
0.014137865975499153,0.0031585944816470146,0.012889338657259941,0.010878309607505798
0.014137865975499153,0.0031585944816470146,0.012889338657259941,0.010878309607505798
0.014137865975499153,0.0031585944816470146,0.012889338657259941,0.010878309607505798
0.014137865975499153,0.0031585944816470146,0.012889338657259941,0.010878309607505798
0.014137865975499153,0.0031585944816470146,0.012889338657259941,0.010878309607505798
0.014137865975499153,0.0031585944816470146,0.012889338657259941,0.010878309607505798
0.014137865975499153,0.0031585944816470146,0.012889338657259941,0.010878309607505798
0.014137865975499153,0.0031585944816470146,0.012889338657259941,0.010878309607505798
0.014137865975499153,0.0031585944816470146,0.012889338657259941,0.010878309607505798
0.014137865975499153,0.0031585944816470146,0.012889338657259941,0.010878309607505798
0.014137865975499153,0.0031585944816470146,0.012889338657259941,0.010878309607505798
0.014137865975499153,0.0031585944816470146,0.012889338657259941,0.010878309607505798
0.014137865975499153,0.0031585944816470146,0.012889338657259941,0.010878309607505798
0.014137865975499153,0.0031585944816470146,0.012889338657259941,0.010878309607505798
0.014137865975499153,0.0031585944816470146,0.012889338657259941,0.010878309607505798
0.014137865975499153,0.0031585944816470146,0.012889338657259941,0.010878309607505798
0.014137865975499153,0.0031585944816470146,0.012889338657259941,0.010878309607505798
0.014137865975499153,0.0031585944816470146,0.012889338657259941,0.010878309607505798
0.014137865975499153,0.0031585944816470146,0.012889338657259941,0.010878309607505798
0.014137865975499153,0.0031585944816470146,0.012889338657259941,0.010878309607505798
0.014137865975499153,0.0031585944816470146,0.012889338657259941,0.010878309607505798
0.014137865975499153,0.0031585944816470146,0.012889338657259941,0.010878309607505798
0.014137865975499153,0.0031585944816470146,0.012889338657259941,0.010878309607505798
0.014137865975499153,0.0031585944816470146,0.012889338657259941,0.010878309607505798
0.014137865975499153,0.0031585944816470146,0.012889338657259941,0.010878309607505798
0.014137865975499153,0.0031585944816470146,0.012889338657259941,0.010878309607505798
0.014137865975499153,0.0031585944816470146,0.012889338657259941,0.010878309607505798
0.014137865975499153,0.0031585944816470146,0.012889338657259941,0.010878309607505798
0.014137865975499153,0.0031585944816470146,0.012889338657259941,0.010878309607505798
0.014137865975499153,0.0031585944816470146,0.012889338657259941,0.010878309607505798
0.014137865975499153,0.0031585944816470146,0.012889338657259941,0.010878309607505798
0.014137865975499153,0.0031585944816470146,0.012889338657259941,0.010878309607505798
0.014137865975499153,0.0031585944816470146,0.012889338657259941,0.010878309607505798
0.014137865975499153,0.0031585944816470146,0.012889338657259941,0.010878309607505798
0.014137865975499153,0.0031585944816470146,0.012889338657259941,0.010878309607505798
0.014137865975499153,0.0031585944816470146,0.012889338657259941,0.010878309607505798
0.014137865975499153,0.0031585944816470146,0.012889338657259941,0.010878309607505798
0.014137865975499153,0.0031585944816470146,0.012889338657259941,0.010878309607505798
0.014137865975499153,0.0031585944816470146,0.012889338657259941,0.010878309607505798
0.014137865975499153,0.0031585944816470146,0.012889338657259941,0.010878309607505798
0.014137865975499153,0.0031585944816470146,0.012889338657259941,0.010878309607505798
0.014137865975499153,0.0031585944816470146,0.012889338657259941,0.010878309607505798
0.014137865975499153,0.0031585944816470146,0.012889338657259941,0.010878309607505798
0.014137865975499153,0.0031585944816470146,0.012889338657259941,0.010878309607505798
0.014137865975499153,0.0031585944816470146,0.012889338657259941,0.010878309607505798
0.014137865975499153,0.0031585944816470146,0.012889338657259941,0.010878309607505798
0.014137865975499153,0.0031585944816470146,0.012889338657259941,0.010878309607505798
0.014137865975499153,0.0031585944816470146,0.012889338657259941,0.010878309607505798
0.014137865975499153,0.0031585944816470146,0.012889338657259941,0.010878309607505798
0.014137865975499153,0.0031585944816470146,0.012889338657259941,0.010878309607505798
0.014137865975499153,0.0031585944816470146,0.012889338657259941,0.010878309607505798
0.014137865975499153,0.0031585944816470146,0.012889338657259941,0.010878309607505798
0.014137865975499153,0.0031585944816470146,0.012889338657259941,0.010878309607505798
0.014137865975499153,0.0031585944816470146,0.012889338657259941,0.010878309607505798
0.014137865975499153,0.0031585944816470146,0.012889338657259941,0.010878309607505798
0.014137865975499153,0.0031585944816470146,0.012889338657259941,0.010878309607505798
0.014137865975499153,0.0031585944816470146,0.012889338657259941,0.010878309607505798
0.014137865975499153,0.0031585944816470146,0.012889338657259941,0.010878309607505798
0.014137865975499153,0.0031585944816470146,0.012889338657259941,0.010878309607505798
0.014137865975499153,0.0031585944816470146,0.012889338657259941,0.010878309607505798
0.014137865975499153,0.0031585944816470146,0.012889338657259941,0.010878309607505798
0.014137865975499153,0.0031585944816470146,0.012889338657259941,0.010878309607505798
0.014137865975499153,0.0031585944816470146,0.012889338657259941,0.010878309607505798
0.014137865975499153,0.0031585944816470146,0.012889338657259941,0.010878309607505798
0.014137865975499153,0.0031585944816470146,0.012889338657259941,0.010878309607505798
0.014137865975499153,0.0031585944816470146,0.012889338657259941,0.010878309607505798
0.014137865975499153,0.0031585944816470146,0.012889338657259941,0.010878309607505798
0.014137865975499153,0.0031585944816470146,0.012889338657259941,0.010878309607505798
0.014137865975499153,0.0031585944816470146,0.012889338657259941,0.010878309607505798
0.014137865975499153,0.0031585944816470146,0.012889338657259941,0.010878309607505798
0.014137865975499153,0.0031585944816470146,0.012889338657259941,0.010878309607505798
0.014137865975499153,0.0031585944816470146,0.012889338657259941,0.010878309607505798
0.014137865975499153,0.0031585944816470146,0.012889338657259941,0.010878309607505798
0.014137865975499153,0.0031585944816470146,0.012889338657259941,0.010878309607505798
0.014137865975499153,0.0031585944816470146,0.012889338657259941,0.010878309607505798
0.014137865975499153,0.0031585944816470146,0.012889338657259941,0.010878309607505798
0.014137865975499153,0.0031585944816470146,0.012889338657259941,0.010878309607505798
0.014137865975499153,0.0031585944816470146,0.012889338657259941,0.010878309607505798
0.014137865975499153,0.0031585944816470146,0.012889338657259941,0.010878309607505798
0.014137865975499153,0.0031585944816470146,0.012889338657259941,0.010878309607505798
0.014137865975499153,0.0031585944816470146,0.012889338657259941,0.010878309607505798
0.014137865975499153,0.0031585944816470146,0.012889338657259941,0.010878309607505798
0.014137865975499153,0.0031585944816470146,0.012889338657259941,0.010878309607505798
0.014137865975499153,0.0031585944816470146,0.012889338657259941,0.010878309607505798
0.014137865975499153,0.0031585944816470146,0.012889338657259941,0.010878309607505798
0.014137865975499153,0.0031585944816470146,0.012889338657259941,0.010878309607505798
0.014137865975499153,0.0031585944816470146,0.012889338657259941,0.010878309607505798
0.014137865975499153,0.0031585944816470146,0.012889338657259941,0.010878309607505798
0.014137865975499153,0.0031585944816470146,0.012889338657259941,0.010878309607505798
0.014137865975499153,0.0031585944816470146,0.012889338657259941,0.010878309607505798
0.014137865975499153,0.0031585944816470146,0.012889338657259941,0.010878309607505798
0.014137865975499153,0.0031585944816470146,0.012889338657259941,0.010878309607505798
0.014137865975499153,0.0031585944816470146,0.012889338657259941,0.010878309607505798
0.014137865975499153,0.0031585944816470146,0.012889338657259941,0.010878309607505798
0.014137865975499153,0.0031585944816470146,0.012889338657259941,0.010878309607505798
0.014137865975499153,0.0031585944816470146,0.012889338657259941,0.010878309607505798
0.014137865975499153,0.0031585944816470146,0.012889338657259941,0.010878309607505798
0.014137865975499153,0.0031585944816470146,0.012889338657259941,0.010878309607505798
0.014137865975499153,0.0031585944816470146,0.012889338657259941,0.010878309607505798
0.014137865975499153,0.0031585944816470146,0.012889338657259941,0.010878309607505798
0.014137865975499153,0.0031585944816470146,0.012889338657259941,0.010878309607505798
0.014137865975499153,0.0031585944816470146,0.012889338657259941,0.010878309607505798
0.014137865975499153,0.0031585944816470146,0.012889338657259941,0.010878309607505798
0.014137865975499153,0.0031585944816470146,0.012889338657259941,0.010878309607505798
0.014137865975499153,0.0031585944816470146,0.012889338657259941,0.010878309607505798
0.014137865975499153,0.0031585944816470146,0.012889338657259941,0.010878309607505798
0.014137865975499153,0.0031585944816470146,0.012889338657259941,0.010878309607505798
0.014137865975499153,0.0031585944816470146,0.012889338657259941,0.010878309607505798
0.014137865975499153,0.0031585944816470146,0.012889338657259941,0.010878309607505798
0.014137865975499153,0.0031585944816470146,0.012889338657259941,0.010878309607505798
0.014137865975499153,0.0031585944816470146,0.012889338657259941,0.010878309607505798
0.014137865975499153,0.0031585944816470146,0.012889338657259941,0.010878309607505798
0.014137865975499153,0.0031585944816470146,0.012889338657259941,0.010878309607505798
0.014137865975499153,0.0031585944816470146,0.012889338657259941,0.010878309607505798
0.014137865975499153,0.0031585944816470146,0.012889338657259941,0.010878309607505798
0.014137865975499153,0.0031585944816470146,0.012889338657259941,0.010878309607505798
0.014137865975499153,0.0031585944816470146,0.012889338657259941,0.010878309607505798
0.014137865975499153,0.0031585944816470146,0.012889338657259941,0.010878309607505798
0.014137865975499153,0.0031585944816470146,0.012889338657259941,0.010878309607505798
0.014137865975499153,0.0031585944816470146,0.012889338657259941,0.010878309607505798
0.014137865975499153,0.0031585944816470146,0.012889338657259941,0.010878309607505798
0.014137865975499153,0.0031585944816470146,0.012889338657259941,0.010878309607505798
0.014137865975499153,0.0031585944816470146,0.012889338657259941,0.010878309607505798
0.014137865975499153,0.0031585944816470146,0.012889338657259941,0.010878309607505798
0.014137865975499153,0.0031585944816470146,0.012889338657259941,0.010878309607505798
0.014137865975499153,0.0031585944816470146,0.012889338657259941,0.010878309607505798
0.014137865975499153,0.0031585944816470146,0.012889338657259941,0.010878309607505798
0.014137865975499153,0.0031585944816470146,0.012889338657259941,0.010878309607505798
0.014137865975499153,0.0031585944816470146,0.012889338657259941,0.010878309607505798
0.014137865975499153,0.0031585944816470146,0.012889338657259941,0.010878309607505798
0.014137865975499153,0.0031585944816470146,0.012889338657259941,0.010878309607505798
0.014137865975499153,0.0031585944816470146,0.012889338657259941,0.010878309607505798
0.014137865975499153,0.0031585944816470146,0.012889338657259941,0.010878309607505798
0.014137865975499153,0.0031585944816470146,0.012889338657259941,0.010878309607505798
0.014137865975499153,0.0031585944816470146,0.012889338657259941,0.010878309607505798
0.014137865975499153,0.0031585944816470146,0.012889338657259941,0.010878309607505798
0.014137865975499153,0.0031585944816470146,0.012889338657259941,0.010878309607505798
0.014137865975499153,0.0031585944816470146,0.012889338657259941,0.010878309607505798
0.014137865975499153,0.0031585944816470146,0.012889338657259941,0.010878309607505798
0.014137865975499153,0.0031585944816470146,0.012889338657259941,0.010878309607505798
0.014137865975499153,0.0031585944816470146,0.012889338657259941,0.010878309607505798
0.014137865975499153,0.0031585944816470146,0.012889338657259941,0.010878309607505798
0.014137865975499153,0.0031585944816470146,0.012889338657259941,0.010878309607505798
0.014137865975499153,0.0031585944816470146,0.012889338657259941,0.010878309607505798
0.014137865975499153,0.0031585944816470146,0.012889338657259941,0.010878309607505798
0.014137865975499153,0.0031585944816470146,0.012889338657259941,0.010878309607505798
0.014137865975499153,0.0031585944816470146,0.012889338657259941,0.010878309607505798
0.014137865975499153,0.0031585944816470146,0.012889338657259941,0.010878309607505798
0.014137865975499153,0.0031585944816470146,0.012889338657259941,0.010878309607505798
0.014137865975499153,0.0031585944816470146,0.012889338657259941,0.010878309607505798
0.014137865975499153,0.0031585944816470146,0.012889338657259941,0.010878309607505798
0.014137865975499153,0.0031585944816470146,0.012889338657259941,0.010878309607505798
0.014137865975499153,0.0031585944816470146,0.012889338657259941,0.010878309607505798
0.014137865975499153,0.0031585944816470146,0.012889338657259941,0.010878309607505798
0.014137865975499153,0.0031585944816470146,0.012889338657259941,0.010878309607505798
0.014137865975499153,0.0031585944816470146,0.012889338657259941,0.010878309607505798
0.014137865975499153,0.0031585944816470146,0.012889338657259941,0.010878309607505798
0.014137865975499153,0.0031585944816470146,0.012889338657259941,0.010878309607505798
0.014137865975499153,0.0031585944816470146,0.012889338657259941,0.010878309607505798
0.014137865975499153,0.0031585944816470146,0.012889338657259941,0.010878309607505798
0.014137865975499153,0.0031585944816470146,0.012889338657259941,0.010878309607505798
0.014137865975499153,0.0031585944816470146,0.012889338657259941,0.010878309607505798
0.014137865975499153,0.0031585944816470146,0.012889338657259941,0.010878309607505798
0.014137865975499153,0.0031585944816470146,0.012889338657259941,0.010878309607505798
0.014137865975499153,0.0031585944816470146,0.012889338657259941,0.010878309607505798
0.014137865975499153,0.0031585944816470146,0.012889338657259941,0.010878309607505798
0.014137865975499153,0.0031585944816470146,0.012889338657259941,0.010878309607505798
0.014137865975499153,0.0031585944816470146,0.012889338657259941,0.010878309607505798
0.014137865975499153,0.0031585944816470146,0.012889338657259941,0.010878309607505798
0.014137865975499153,0.0031585944816470146,0.012889338657259941,0.010878309607505798
0.014137865975499153,0.0031585944816470146,0.012889338657259941,0.010878309607505798
0.014137865975499153,0.0031585944816470146,0.012889338657259941,0.010878309607505798
0.014137865975499153,0.0031585944816470146,0.012889338657259941,0.010878309607505798
0.014137865975499153,0.0031585944816470146,0.012889338657259941,0.010878309607505798
0.014137865975499153,0.0031585944816470146,0.012889338657259941,0.010878309607505798
0.014137865975499153,0.0031585944816470146,0.012889338657259941,0.010878309607505798
0.014137865975499153,0.0031585944816470146,0.012889338657259941,0.010878309607505798
0.014137865975499153,0.0031585944816470146,0.012889338657259941,0.010878309607505798
0.014137865975499153,0.0031585944816470146,0.012889338657259941,0.010878309607505798
0.014137865975499153,0.0031585944816470146,0.012889338657259941,0.010878309607505798
0.014137865975499153,0.0031585944816470146,0.012889338657259941,0.010878309607505798
0.014137865975499153,0.0031585944816470146,0.012889338657259941,0.010878309607505798
0.014137865975499153,0.0031585944816470146,0.012889338657259941,0.010878309607505798
0.014137865975499153,0.0031585944816470146,0.012889338657259941,0.010878309607505798
0.014137865975499153,0.0031585944816470146,0.012889338657259941,0.010878309607505798
0.014137865975499153,0.0031585944816470146,0.012889338657259941,0.010878309607505798
0.014137865975499153,0.0031585944816470146,0.012889338657259941,0.010878309607505798
0.014137865975499153,0.0031585944816470146,0.012889338657259941,0.010878309607505798
0.014137865975499153,0.0031585944816470146,0.012889338657259941,0.010878309607505798
0.014137865975499153,0.0031585944816470146,0.012889338657259941,0.010878309607505798
0.014137865975499153,0.0031585944816470146,0.012889338657259941,0.010878309607505798
0.014137865975499153,0.0031585944816470146,0.012889338657259941,0.010878309607505798
0.014137865975499153,0.0031585944816470146,0.012889338657259941,0.010878309607505798
0.014137865975499153,0.0031585944816470146,0.012889338657259941,0.010878309607505798
0.014137865975499153,0.0031585944816470146,0.012889338657259941,0.010878309607505798
0.014137865975499153,0.0031585944816470146,0.012889338657259941,0.010878309607505798
0.014137865975499153,0.0031585944816470146,0.012889338657259941,0.010878309607505798
0.014137865975499153,0.0031585944816470146,0.012889338657259941,0.010878309607505798
0.014137865975499153,0.0031585944816470146,0.012889338657259941,0.010878309607505798
0.014137865975499153,0.0031585944816470146,0.012889338657259941,0.010878309607505798
0.014137865975499153,0.0031585944816470146,0.012889338657259941,0.010878309607505798
0.014137865975499153,0.0031585944816470146,0.012889338657259941,0.010878309607505798
0.014137865975499153,0.0031585944816470146,0.012889338657259941,0.010878309607505798
0.014137865975499153,0.0031585944816470146,0.012889338657259941,0.010878309607505798
0.014137865975499153,0.0031585944816470146,0.012889338657259941,0.010878309607505798
0.014137865975499153,0.0031585944816470146,0.012889338657259941,0.010878309607505798
0.014137865975499153,0.0031585944816470146,0.012889338657259941,0.010878309607505798
0.014137865975499153,0.0031585944816470146,0.012889338657259941,0.010878309607505798
0.014137865975499153,0.0031585944816470146,0.012889338657259941,0.010878309607505798
0.014137865975499153,0.0031585944816470146,0.012889338657259941,0.010878309607505798
0.014137865975499153,0.0031585944816470146,0.012889338657259941,0.010878309607505798
0.014137865975499153,0.0031585944816470146,0.012889338657259941,0.010878309607505798
0.014137865975499153,0.0031585944816470146,0.012889338657259941,0.010878309607505798
0.014137865975499153,0.0031585944816470146,0.012889338657259941,0.010878309607505798
0.014137865975499153,0.0031585944816470146,0.012889338657259941,0.010878309607505798
0.014137865975499153,0.0031585944816470146,0.012889338657259941,0.010878309607505798
0.014137865975499153,0.0031585944816470146,0.012889338657259941,0.010878309607505798
0.014137865975499153,0.0031585944816470146,0.012889338657259941,0.010878309607505798
0.014137865975499153,0.0031585944816470146,0.012889338657259941,0.010878309607505798
0.014137865975499153,0.0031585944816470146,0.012889338657259941,0.010878309607505798
0.014137865975499153,0.0031585944816470146,0.012889338657259941,0.010878309607505798
0.014137865975499153,0.0031585944816470146,0.012889338657259941,0.010878309607505798
0.014137865975499153,0.0031585944816470146,0.012889338657259941,0.010878309607505798
0.014137865975499153,0.0031585944816470146,0.012889338657259941,0.010878309607505798
0.014137865975499153,0.0031585944816470146,0.012889338657259941,0.010878309607505798
0.014137865975499153,0.0031585944816470146,0.012889338657259941,0.010878309607505798
0.014137865975499153,0.0031585944816470146,0.012889338657259941,0.010878309607505798
0.014137865975499153,0.0031585944816470146,0.012889338657259941,0.010878309607505798
0.014137865975499153,0.0031585944816470146,0.012889338657259941,0.010878309607505798
0.014137865975499153,0.0031585944816470146,0.012889338657259941,0.010878309607505798
0.014137865975499153,0.0031585944816470146,0.012889338657259941,0.010878309607505798
0.014137865975499153,0.0031585944816470146,0.012889338657259941,0.010878309607505798
0.014137865975499153,0.0031585944816470146,0.012889338657259941,0.010878309607505798
0.014137865975499153,0.0031585944816470146,0.012889338657259941,0.010878309607505798
0.014137865975499153,0.0031585944816470146,0.012889338657259941,0.010878309607505798
0.014137865975499153,0.0031585944816470146,0.012889338657259941,0.010878309607505798
0.014137865975499153,0.0031585944816470146,0.012889338657259941,0.010878309607505798
0.014137865975499153,0.0031585944816470146,0.012889338657259941,0.010878309607505798
0.014137865975499153,0.0031585944816470146,0.012889338657259941,0.010878309607505798
0.014137865975499153,0.0031585944816470146,0.012889338657259941,0.010878309607505798
0.014137865975499153,0.0031585944816470146,0.012889338657259941,0.010878309607505798
0.014137865975499153,0.0031585944816470146,0.012889338657259941,0.010878309607505798
0.014137865975499153,0.0031585944816470146,0.012889338657259941,0.010878309607505798
0.014137865975499153,0.0031585944816470146,0.012889338657259941,0.010878309607505798
0.014137865975499153,0.0031585944816470146,0.012889338657259941,0.010878309607505798
0.014137865975499153,0.0031585944816470146,0.012889338657259941,0.010878309607505798
0.014137865975499153,0.0031585944816470146,0.012889338657259941,0.010878309607505798
0.014137865975499153,0.0031585944816470146,0.012889338657259941,0.010878309607505798
0.014137865975499153,0.0031585944816470146,0.012889338657259941,0.010878309607505798
0.014137865975499153,0.0031585944816470146,0.012889338657259941,0.010878309607505798
0.014137865975499153,0.0031585944816470146,0.012889338657259941,0.010878309607505798
0.014137865975499153,0.0031585944816470146,0.012889338657259941,0.010878309607505798
0.014137865975499153,0.0031585944816470146,0.012889338657259941,0.010878309607505798
0.014137865975499153,0.0031585944816470146,0.012889338657259941,0.010878309607505798
0.014137865975499153,0.0031585944816470146,0.012889338657259941,0.010878309607505798
0.014137865975499153,0.0031585944816470146,0.012889338657259941,0.010878309607505798
0.014137865975499153,0.0031585944816470146,0.012889338657259941,0.010878309607505798
0.014137865975499153,0.0031585944816470146,0.012889338657259941,0.010878309607505798
0.014137865975499153,0.0031585944816470146,0.012889338657259941,0.010878309607505798
0.014137865975499153,0.0031585944816470146,0.012889338657259941,0.010878309607505798
0.014137865975499153,0.0031585944816470146,0.012889338657259941,0.010878309607505798
0.014137865975499153,0.0031585944816470146,0.012889338657259941,0.010878309607505798
0.014137865975499153,0.0031585944816470146,0.012889338657259941,0.010878309607505798
0.014137865975499153,0.0031585944816470146,0.012889338657259941,0.010878309607505798
0.014137865975499153,0.0031585944816470146,0.012889338657259941,0.010878309607505798
0.014137865975499153,0.0031585944816470146,0.012889338657259941,0.010878309607505798
0.014137865975499153,0.0031585944816470146,0.012889338657259941,0.010878309607505798
0.014137865975499153,0.0031585944816470146,0.012889338657259941,0.010878309607505798
0.014137865975499153,0.0031585944816470146,0.012889338657259941,0.010878309607505798
0.014137865975499153,0.0031585944816470146,0.012889338657259941,0.010878309607505798
0.014137865975499153,0.0031585944816470146,0.012889338657259941,0.010878309607505798
0.014137865975499153,0.0031585944816470146,0.012889338657259941,0.010878309607505798
0.014137865975499153,0.0031585944816470146,0.012889338657259941,0.010878309607505798
0.014137865975499153,0.0031585944816470146,0.012889338657259941,0.010878309607505798
0.014137865975499153,0.0031585944816470146,0.012889338657259941,0.010878309607505798
0.014137865975499153,0.0031585944816470146,0.012889338657259941,0.010878309607505798
0.014137865975499153,0.0031585944816470146,0.012889338657259941,0.010878309607505798
0.014137865975499153,0.0031585944816470146,0.012889338657259941,0.010878309607505798
0.014137865975499153,0.0031585944816470146,0.012889338657259941,0.010878309607505798
0.014137865975499153,0.0031585944816470146,0.012889338657259941,0.010878309607505798
0.014137865975499153,0.0031585944816470146,0.012889338657259941,0.010878309607505798
0.014137865975499153,0.0031585944816470146,0.012889338657259941,0.010878309607505798
0.014137865975499153,0.0031585944816470146,0.012889338657259941,0.010878309607505798
0.014137865975499153,0.0031585944816470146,0.012889338657259941,0.010878309607505798
0.014137865975499153,0.0031585944816470146,0.012889338657259941,0.010878309607505798
0.014137865975499153,0.0031585944816470146,0.012889338657259941,0.010878309607505798
0.014137865975499153,0.0031585944816470146,0.012889338657259941,0.010878309607505798
0.014137865975499153,0.0031585944816470146,0.012889338657259941,0.010878309607505798
0.014137865975499153,0.0031585944816470146,0.012889338657259941,0.010878309607505798
0.014137865975499153,0.0031585944816470146,0.012889338657259941,0.010878309607505798
0.014137865975499153,0.0031585944816470146,0.012889338657259941,0.010878309607505798
0.014137865975499153,0.0031585944816470146,0.012889338657259941,0.010878309607505798
0.014137865975499153,0.0031585944816470146,0.012889338657259941,0.010878309607505798
0.014137865975499153,0.0031585944816470146,0.012889338657259941,0.010878309607505798
0.014137865975499153,0.0031585944816470146,0.012889338657259941,0.010878309607505798
0.014137865975499153,0.0031585944816470146,0.012889338657259941,0.010878309607505798
0.014137865975499153,0.0031585944816470146,0.012889338657259941,0.010878309607505798
0.014137865975499153,0.0031585944816470146,0.012889338657259941,0.010878309607505798
0.014137865975499153,0.0031585944816470146,0.012889338657259941,0.010878309607505798
0.014137865975499153,0.0031585944816470146,0.012889338657259941,0.010878309607505798
0.014137865975499153,0.0031585944816470146,0.012889338657259941,0.010878309607505798
0.014137865975499153,0.0031585944816470146,0.012889338657259941,0.010878309607505798
0.014137865975499153,0.0031585944816470146,0.012889338657259941,0.010878309607505798
0.014137865975499153,0.0031585944816470146,0.012889338657259941,0.010878309607505798
0.014137865975499153,0.0031585944816470146,0.012889338657259941,0.010878309607505798
0.014137865975499153,0.0031585944816470146,0.012889338657259941,0.010878309607505798
0.014137865975499153,0.0031585944816470146,0.012889338657259941,0.010878309607505798
0.014137865975499153,0.0031585944816470146,0.012889338657259941,0.010878309607505798
0.014137865975499153,0.0031585944816470146,0.012889338657259941,0.010878309607505798
