vx,vy,vz,omega_z
0.006841765716671944,-0.0741160437464714,-0.09309735894203186,0.300048828125
-0.15339331328868866,-0.1354677975177765,-0.21282880008220673,0.5386962890625
-0.19247229397296906,-0.1453409343957901,-0.25652527809143066,0.5755540132522583
-0.188150554895401,-0.14758536219596863,-0.2641364336013794,0.5698748826980591
-0.16649232804775238,-0.15834513306617737,-0.2512195408344269,0.5491782426834106
-0.1553952544927597,-0.16928517818450928,-0.24131175875663757,0.5398370027542114
-0.15019026398658752,-0.17913419008255005,-0.23070289194583893,0.5349646210670471
-0.14825910329818726,-0.18682487308979034,-0.2239130735397339,0.5332596302032471
-0.1631149798631668,-0.19555145502090454,-0.20759721100330353,0.5474196672439575
-0.17602862417697906,-0.20624320209026337,-0.19362619519233704,0.5572412014007568
-0.18039898574352264,-0.21404717862606049,-0.18772579729557037,0.5600743293762207
-0.1894853115081787,-0.21557152271270752,-0.1916019171476364,0.567642331123352
-0.19445723295211792,-0.2123197764158249,-0.1968395709991455,0.5718293190002441
-0.1993769407272339,-0.21576280891895294,-0.19305479526519775,0.5751571655273438
-0.2018742710351944,-0.22098860144615173,-0.18778395652770996,0.5774760246276855
-0.20141150057315826,-0.22324468195438385,-0.18934042751789093,0.5747941732406616
-0.20006684958934784,-0.22474534809589386,-0.18684308230876923,0.5722932815551758
-0.19943656027317047,-0.2273632138967514,-0.1834942251443863,0.571429967880249
-0.1938747614622116,-0.23441822826862335,-0.17578038573265076,0.5656713247299194
-0.19049246609210968,-0.24308516085147858,-0.16844870150089264,0.5626848340034485
-0.1883324831724167,-0.24798813462257385,-0.162541463971138,0.5627235770225525
-0.19443662464618683,-0.24672049283981323,-0.15824583172798157,0.5720064640045166
-0.19864824414253235,-0.24366696178913116,-0.15769454836845398,0.5767652988433838
-0.19879195094108582,-0.23487116396427155,-0.15990056097507477,0.5815438032150269
-0.19838546216487885,-0.22645530104637146,-0.16280516982078552,0.5829991102218628
-0.19573533535003662,-0.21378546953201294,-0.165752574801445,0.5857088565826416
-0.1852356344461441,-0.209455668926239,-0.16228635609149933,0.5790655612945557
-0.17918157577514648,-0.21209406852722168,-0.15609748661518097,0.5752248764038086
-0.1770988404750824,-0.2091682106256485,-0.1546366959810257,0.5744965076446533
-0.1761859506368637,-0.20382574200630188,-0.15628746151924133,0.5743662118911743
-0.1806609034538269,-0.1953170746564865,-0.15668168663978577,0.5788218975067139
-0.18358556926250458,-0.18751241266727448,-0.1577216386795044,0.5817232131958008
-0.18755583465099335,-0.1863206923007965,-0.1556577831506729,0.5812262296676636
-0.1910337209701538,-0.18252180516719818,-0.1471533626317978,0.5835468769073486
-0.192643404006958,-0.18076327443122864,-0.14136961102485657,0.5843995809555054
-0.19777685403823853,-0.1738135814666748,-0.1369556486606598,0.5931421518325806
-0.2004927545785904,-0.16764703392982483,-0.1351180076599121,0.5972516536712646
-0.21451419591903687,-0.15752093493938446,-0.13357554376125336,0.6089222431182861
-0.22329169511795044,-0.1481144279241562,-0.13466277718544006,0.6154325008392334
-0.22866246104240417,-0.13991571962833405,-0.1348188817501068,0.6149483919143677
-0.2256026268005371,-0.14544522762298584,-0.12720750272274017,0.5982606410980225
-0.22247803211212158,-0.15879598259925842,-0.11923287063837051,0.5880966186523438
-0.2144002765417099,-0.17544586956501007,-0.11134929209947586,0.5759902000427246
-0.20906232297420502,-0.1908312290906906,-0.1055145189166069,0.569271445274353
-0.208033487200737,-0.20168139040470123,-0.10265667736530304,0.5674175024032593
-0.20749305188655853,-0.20907047390937805,-0.10118410736322403,0.5662735104560852
-0.21132999658584595,-0.21210728585720062,-0.10309678316116333,0.5718175172805786
-0.21626801788806915,-0.20806284248828888,-0.10481610894203186,0.5793206691741943
-0.21854610741138458,-0.20039589703083038,-0.10782314091920853,0.5826711654663086
-0.21381396055221558,-0.18954771757125854,-0.11329300701618195,0.5821572542190552
-0.21005579829216003,-0.1785077005624771,-0.11790861934423447,0.5811649560928345
-0.19235695898532867,-0.16995252668857574,-0.11990199983119965,0.5584983825683594
-0.18273714184761047,-0.164276584982872,-0.12330879271030426,0.5455202460289001
-0.1646328568458557,-0.1627485156059265,-0.11931910365819931,0.5213373899459839
-0.1559489518404007,-0.16482654213905334,-0.11627830564975739,0.5089552998542786
-0.1517084836959839,-0.16843202710151672,-0.11618839204311371,0.49869558215141296
-0.14952629804611206,-0.17176233232021332,-0.11640817672014236,0.4930201768875122
-0.15137603878974915,-0.17259567975997925,-0.11353293061256409,0.493973046541214
-0.16988010704517365,-0.16841265559196472,-0.10981911420822144,0.5112776160240173
-0.18078206479549408,-0.1657969355583191,-0.105873242020607,0.5206385850906372
-0.18470023572444916,-0.16222108900547028,-0.10091116279363632,0.5313786268234253
-0.18428464233875275,-0.1610012799501419,-0.09519792348146439,0.5354247093200684
-0.1768723726272583,-0.1607728749513626,-0.0876009464263916,0.5298253297805786
-0.17276990413665771,-0.16268177330493927,-0.08140390366315842,0.5265321135520935
-0.14618639647960663,-0.16787958145141602,-0.0803050771355629,0.4871482253074646
-0.1229366809129715,-0.16894479095935822,-0.08123347908258438,0.4503512382507324
-0.11406569182872772,-0.16697238385677338,-0.08184517920017242,0.43673819303512573
-0.0792064368724823,-0.163405179977417,-0.08183538913726807,0.35790562629699707
-0.053296323865652084,-0.15747115015983582,-0.07989314198493958,0.29019930958747864
-0.044402021914720535,-0.15247733891010284,-0.07868590205907822,0.26696544885635376
-0.048494648188352585,-0.14539764821529388,-0.07055463641881943,0.2971496284008026
-0.05787375196814537,-0.1399647742509842,-0.06430522352457047,0.3292658030986786
-0.06400766968727112,-0.135588139295578,-0.05901423841714859,0.3495873212814331
-0.06745950877666473,-0.13339747488498688,-0.055298686027526855,0.36059215664863586
-0.07752050459384918,-0.13468459248542786,-0.05209901183843613,0.382068008184433
-0.10079027712345123,-0.14141122996807098,-0.05238979309797287,0.42155441641807556
-0.12266212701797485,-0.1466667801141739,-0.05355828255414963,0.45180046558380127
-0.1324145346879959,-0.14809712767601013,-0.054532572627067566,0.4637410044670105
-0.12614645063877106,-0.14885930716991425,-0.05618037283420563,0.45150792598724365
-0.12119892239570618,-0.1490756869316101,-0.05798793584108353,0.44246706366539
-0.108470618724823,-0.14942409098148346,-0.06311177462339401,0.41684091091156006
-0.0990426242351532,-0.1490701287984848,-0.06715599447488785,0.3980703353881836
-0.09688220918178558,-0.15296821296215057,-0.07568792253732681,0.38456955552101135
-0.09498845040798187,-0.1564871221780777,-0.08182393014431,0.37462982535362244
-0.08205167949199677,-0.15731506049633026,-0.086346834897995,0.33786460757255554
-0.06322348117828369,-0.15359921753406525,-0.09049034118652344,0.27668821811676025
-0.05217473581433296,-0.14927339553833008,-0.09255168586969376,0.23923084139823914
-0.0474000982940197,-0.14192704856395721,-0.09107164293527603,0.22864127159118652
-0.046405162662267685,-0.13374964892864227,-0.08766812086105347,0.23759369552135468
-0.04713796451687813,-0.12870976328849792,-0.0854729488492012,0.2463294416666031
-0.046748969703912735,-0.1249113529920578,-0.08283092081546783,0.25374835729599
-0.04622180387377739,-0.12263700366020203,-0.08086633682250977,0.25758999586105347
-0.04719412699341774,-0.11993485689163208,-0.07939228415489197,0.26837968826293945
-0.04855038598179817,-0.11597438156604767,-0.07573825120925903,0.28057050704956055
-0.04934202507138252,-0.11335187405347824,-0.07301846891641617,0.28661656379699707
-0.04720330610871315,-0.11160317808389664,-0.06992179900407791,0.27883070707321167
-0.04510941728949547,-0.11006768047809601,-0.06897015869617462,0.2718437612056732
-0.042111363261938095,-0.10873711854219437,-0.06810826063156128,0.26347482204437256
-0.03764355555176735,-0.10400518774986267,-0.06724384427070618,0.24845488369464874
-0.034551914781332016,-0.09830000251531601,-0.06749168038368225,0.23811569809913635
-0.03420967236161232,-0.09258657693862915,-0.06685121357440948,0.2415642887353897
-0.03469545766711235,-0.088010773062706,-0.06627989560365677,0.24670608341693878
-0.035901542752981186,-0.08251332491636276,-0.06531258672475815,0.2523950934410095
-0.0369119755923748,-0.07784956693649292,-0.0641440749168396,0.25681331753730774
-0.03935084864497185,-0.07471694052219391,-0.06289404630661011,0.26727819442749023
-0.04324330762028694,-0.07097052037715912,-0.06136612594127655,0.27895256876945496
-0.04523568972945213,-0.06786949932575226,-0.059888362884521484,0.28431129455566406
-0.0481022410094738,-0.06471823155879974,-0.058422088623046875,0.29215744137763977
-0.050905417650938034,-0.06225663051009178,-0.056967593729496,0.2990278899669647
-0.04902074113488197,-0.06354287266731262,-0.05329576134681702,0.2862681746482849
-0.04632503166794777,-0.06727367639541626,-0.051306091248989105,0.27359655499458313
-0.042340535670518875,-0.07223056256771088,-0.05051976442337036,0.2507129907608032
-0.03860658034682274,-0.07714015990495682,-0.05051007866859436,0.23157213628292084
-0.03494985029101372,-0.07928258180618286,-0.04744876176118851,0.22055406868457794
-0.029567807912826538,-0.07914089411497116,-0.04391395300626755,0.20684245228767395
-0.026064511388540268,-0.07839726656675339,-0.042873360216617584,0.19709058105945587
-0.023743774741888046,-0.07731274515390396,-0.04185744374990463,0.18506428599357605
-0.020433742552995682,-0.07524443417787552,-0.038129255175590515,0.17640608549118042
-0.018634241074323654,-0.07326067239046097,-0.03592117875814438,0.1736719012260437
-0.016728579998016357,-0.07137010246515274,-0.033387139439582825,0.1670944094657898
-0.015259958803653717,-0.06995803862810135,-0.03196067735552788,0.1611279547214508
-0.015996072441339493,-0.06810972094535828,-0.03277040645480156,0.16305160522460938
-0.017298273742198944,-0.0654543787240982,-0.03351216018199921,0.16299065947532654
-0.01747341826558113,-0.06339354068040848,-0.03329816833138466,0.160382479429245
-0.017071958631277084,-0.05996435880661011,-0.03274500370025635,0.1520976722240448
-0.01633109152317047,-0.05603228881955147,-0.03234189748764038,0.1443534791469574
-0.01666245609521866,-0.050872787833213806,-0.03186611086130142,0.14985403418540955
-0.017275825142860413,-0.04544755071401596,-0.03126426413655281,0.1574592888355255
-0.018051862716674805,-0.040530502796173096,-0.03200385719537735,0.166476309299469
-0.02020188793540001,-0.03537959232926369,-0.03106328472495079,0.17980214953422546
-0.021789327263832092,-0.031138580292463303,-0.03042937070131302,0.18881967663764954
-0.023355718702077866,-0.02781735733151436,-0.030560964718461037,0.19786597788333893
-0.02448301389813423,-0.025344818830490112,-0.03040960244834423,0.20465052127838135
-0.026243839412927628,-0.02301090583205223,-0.02913622185587883,0.21060417592525482
-0.027347594499588013,-0.020544420927762985,-0.028061844408512115,0.21119387447834015
-0.027210362255573273,-0.018586141988635063,-0.027542686089873314,0.20880453288555145
-0.02702322229743004,-0.017399895936250687,-0.027262892574071884,0.2078043818473816
-0.025758393108844757,-0.015719225630164146,-0.025415878742933273,0.1976168304681778
-0.024335525929927826,-0.013752952218055725,-0.024707067757844925,0.18732400238513947
-0.023194115608930588,-0.01051394548267126,-0.022164592519402504,0.17551326751708984
-0.022759992629289627,-0.006185867823660374,-0.020338762551546097,0.16631510853767395
-0.02286192774772644,-0.002562806475907564,-0.019810354337096214,0.16353601217269897
-0.02320847287774086,0.0001797657459974289,-0.019022339954972267,0.1607922613620758
-0.02358328551054001,0.00223702285438776,-0.018782688304781914,0.1588645875453949
-0.02477297931909561,0.0029910532757639885,-0.019104579463601112,0.16731375455856323
-0.02618204802274704,0.002799011766910553,-0.018635427579283714,0.17681294679641724
-0.026799459010362625,0.002444665879011154,-0.018261607736349106,0.18032008409500122
-0.026917647570371628,0.0021562231704592705,-0.018055947497487068,0.17805111408233643
-0.026661153882741928,0.001939958892762661,-0.017990535125136375,0.17453914880752563
-0.025995779782533646,0.001373416744172573,-0.017707034945487976,0.17590314149856567
-0.024896446615457535,-8.313078433275223e-05,-0.017665935680270195,0.17614415287971497
-0.024060886353254318,-0.0018167640082538128,-0.01766800507903099,0.17449909448623657
-0.02353566512465477,-0.003170606680214405,-0.01851099170744419,0.17631086707115173
-0.023364976048469543,-0.004217273090034723,-0.018724121153354645,0.17868240177631378
-0.023683909326791763,-0.006060247775167227,-0.019677478820085526,0.1860397756099701
-0.02340223640203476,-0.008664223365485668,-0.019673047587275505,0.19090592861175537
-0.02282041683793068,-0.01088137086480856,-0.01951473020017147,0.19086647033691406
-0.022854086011648178,-0.012232856824994087,-0.019017774611711502,0.19182053208351135
-0.02300380915403366,-0.012924044393002987,-0.018743356689810753,0.19304122030735016
-0.022096648812294006,-0.013386097736656666,-0.01861368864774704,0.18628740310668945
-0.02109932154417038,-0.013702509924769402,-0.018802855163812637,0.1787329912185669
-0.020754728466272354,-0.013989152386784554,-0.017682278528809547,0.1766882836818695
-0.0214819498360157,-0.014136399142444134,-0.016030415892601013,0.1768368035554886
-0.022043351083993912,-0.014086166396737099,-0.015444280579686165,0.17725570499897003
-0.02290722355246544,-0.01451538223773241,-0.01523746456950903,0.17975613474845886
-0.02355816960334778,-0.015269624069333076,-0.015155985951423645,0.18237414956092834
-0.02329939603805542,-0.015954120084643364,-0.013647885993123055,0.1773313730955124
-0.022789929062128067,-0.017016075551509857,-0.012308532372117043,0.1693171262741089
-0.022414512932300568,-0.018206104636192322,-0.011777926236391068,0.1647241711616516
-0.021950729191303253,-0.01950996182858944,-0.011148357763886452,0.1601867526769638
-0.02153170481324196,-0.020773835480213165,-0.010898225009441376,0.15635472536087036
-0.021298114210367203,-0.022356659173965454,-0.010242813266813755,0.15229135751724243
-0.021095577627420425,-0.02404976077377796,-0.009917235933244228,0.14874309301376343
-0.020755019038915634,-0.02547997608780861,-0.008820232935249805,0.14348414540290833
-0.019830666482448578,-0.026338037103414536,-0.00817007664591074,0.13601745665073395
-0.019411202520132065,-0.026700090616941452,-0.008119802922010422,0.13139590620994568
-0.019429922103881836,-0.026876650750637054,-0.008223759941756725,0.12935742735862732
-0.01953081786632538,-0.026988666504621506,-0.008278535678982735,0.12847164273262024
-0.01941055804491043,-0.026462756097316742,-0.007205410860478878,0.12807738780975342
-0.0188940167427063,-0.025462284684181213,-0.0056231385096907616,0.12756603956222534
-0.0186862014234066,-0.024594616144895554,-0.004955921322107315,0.1272488385438919
-0.01798178255558014,-0.0233551487326622,-0.003903869539499283,0.12597128748893738
-0.016912639141082764,-0.021420322358608246,-0.0022563450038433075,0.12242670357227325
-0.016388170421123505,-0.01949751004576683,-0.0016197022050619125,0.1193099170923233
-0.015498805791139603,-0.01772051863372326,-0.0005194395780563354,0.1148558109998703
-0.015044644474983215,-0.01616092398762703,-0.00016278214752674103,0.11090721935033798
-0.014164011925458908,-0.01433112844824791,0.0013282634317874908,0.10285746306180954
-0.013177361339330673,-0.012009602040052414,0.002684948965907097,0.09245887398719788
-0.012857679277658463,-0.009926730766892433,0.0029339324682950974,0.0865275114774704
-0.011892016977071762,-0.008045564405620098,0.0034775082021951675,0.0842568501830101
-0.011329583823680878,-0.0064129820093512535,0.0036963950842618942,0.08362187445163727
-0.010777853429317474,-0.0048603154718875885,0.0041620731353759766,0.08188784867525101
-0.010122939944267273,-0.0034953271970152855,0.004327574744820595,0.0810190886259079
-0.009904325008392334,-0.00253820838406682,0.0042885467410087585,0.08151185512542725
-0.009246837347745895,-0.0016231616027653217,0.004465503618121147,0.07963109761476517
-0.008823666721582413,-0.000713856890797615,0.004446506500244141,0.07729528099298477
-0.008716359734535217,9.718909859657288e-05,0.00426064059138298,0.0722544714808464
-0.008457034826278687,0.0006098737940192223,0.002907615154981613,0.0666697546839714
-0.008187778294086456,0.0008202530443668365,0.002177394926548004,0.06390717625617981
-0.007762368768453598,0.0006600897759199142,0.0015900209546089172,0.06309632956981659
-0.007445245981216431,0.000269242562353611,0.0014212075620889664,0.06277010589838028
-0.0069785453379154205,-0.0005848854780197144,0.0009056758135557175,0.060270655900239944
-0.00660344585776329,-0.0016608214937150478,0.0006025992333889008,0.057361066341400146
-0.006044220179319382,-0.0025722160935401917,8.800439536571503e-05,0.05950899422168732
-0.005837675184011459,-0.003914551809430122,-0.0005328990519046783,0.06269986182451248
-0.005757857114076614,-0.005433344282209873,-0.0007479563355445862,0.06382250785827637
-0.005116783082485199,-0.007120166905224323,-0.0015466418117284775,0.06579983234405518
-0.004223532974720001,-0.008747932501137257,-0.0018481891602277756,0.0684511587023735
-0.003694377839565277,-0.00993319321423769,-0.001712113618850708,0.0698762834072113
-0.003214452415704727,-0.010911358520388603,-0.0008758585900068283,0.06927228718996048
-0.002922605723142624,-0.011714784428477287,-0.0003956090658903122,0.0679708942770958
-0.0023916251957416534,-0.01216462254524231,-0.00038326531648635864,0.06659484654664993
-0.0019709281623363495,-0.012020370922982693,0.00024810805916786194,0.06926478445529938
-0.0018741190433502197,-0.011606961488723755,0.0007438044995069504,0.0731513649225235
-0.0016136914491653442,-0.011525236070156097,0.0010462179780006409,0.07482773065567017
-0.0014750584959983826,-0.011667857877910137,0.001109842211008072,0.07538703829050064
-0.0015252567827701569,-0.011723283678293228,0.0011470522731542587,0.07597603648900986
-0.0016047656536102295,-0.01169546414166689,0.0010909084230661392,0.07660001516342163
-0.0016963258385658264,-0.01163177564740181,0.0010604280978441238,0.07791811972856522
-0.0017009712755680084,-0.011599358171224594,0.001118101179599762,0.07911524176597595
-0.0015256032347679138,-0.011287039145827293,0.0019570738077163696,0.0795445367693901
-0.0014158785343170166,-0.010767573490738869,0.0023612268269062042,0.0797482505440712
-0.0009948872029781342,-0.010609964840114117,0.002133140340447426,0.0781015083193779
-0.0007395446300506592,-0.010369162075221539,0.002315569669008255,0.07776956260204315
-0.0006694160401821136,-0.009895818307995796,0.0024519823491573334,0.07893840968608856
-0.0006416141986846924,-0.009553701616823673,0.003019096329808235,0.08041158318519592
-0.000620916485786438,-0.00934594962745905,0.0033165086060762405,0.08163227885961533
-0.00024720653891563416,-0.009063228033483028,0.0038329847157001495,0.07910490781068802
3.1985342502593994e-05,-0.00871962122619152,0.003985755145549774,0.07562415301799774
0.00040524639189243317,-0.008278102613985538,0.004044992849230766,0.07303939014673233
0.0006320104002952576,-0.007828094996511936,0.004008932039141655,0.07130776345729828
0.00035858154296875,-0.007536073215305805,0.004090350121259689,0.06870891898870468
-0.00014350749552249908,-0.0072655705735087395,0.004514157772064209,0.06332152336835861
-0.00046960264444351196,-0.0069839833304286,0.004620516672730446,0.058950528502464294
-0.0004460364580154419,-0.006628530099987984,0.0052177440375089645,0.05407550185918808
-0.0004261750727891922,-0.006245083175599575,0.005469726398587227,0.04978334531188011
-0.0007579922676086426,-0.005842940416187048,0.0057519786059856415,0.04663865640759468
-0.0012510083615779877,-0.005615947302430868,0.00569947250187397,0.04370414465665817
-0.0015435777604579926,-0.005609483458101749,0.005586247891187668,0.04200533777475357
-0.002081543207168579,-0.005530023947358131,0.005977006629109383,0.04114867374300957
-0.0024596378207206726,-0.0053725047037005424,0.006191901862621307,0.04070461541414261
-0.0028862543404102325,-0.0050960723310709,0.006476942449808121,0.04002031683921814
-0.0035998933017253876,-0.004655019845813513,0.007027436047792435,0.03995003551244736
-0.004040207713842392,-0.004248563665896654,0.007378298789262772,0.040323417633771896
-0.004365470260381699,-0.003854560200124979,0.007348926737904549,0.040072016417980194
-0.004497993737459183,-0.0034903637133538723,0.007319537922739983,0.0395929217338562
-0.004552718251943588,-0.0031415335834026337,0.007527310401201248,0.038999952375888824
-0.00446736067533493,-0.002689408604055643,0.007787087932229042,0.037462711334228516
-0.0043883658945560455,-0.002225888427346945,0.007846763357520103,0.03603658452630043
-0.004055038094520569,-0.001807553693652153,0.007675528526306152,0.03553520888090134
-0.0037940330803394318,-0.0014329771511256695,0.00757768377661705,0.03535718470811844
-0.003950778394937515,-0.0011406466364860535,0.007664557546377182,0.033836036920547485
-0.004528738558292389,-0.0006911074742674828,0.008156616240739822,0.030618783086538315
-0.004957664757966995,-0.00015520956367254257,0.008356055244803429,0.028194468468427658
-0.0053352005779743195,0.0004903832450509071,0.008566750213503838,0.02693203091621399
-0.0055337101221084595,0.0011619869619607925,0.008653581142425537,0.02630167081952095
-0.005702883005142212,0.001599724404513836,0.00857381708920002,0.026526618748903275
-0.005805455148220062,0.0018516043201088905,0.00851471908390522,0.026980772614479065
-0.0057950206100940704,0.001888650469481945,0.008449442684650421,0.025827161967754364
-0.005748230963945389,0.0017955247312784195,0.008388549089431763,0.024262353777885437
-0.0049704089760780334,0.0015915194526314735,0.008182702586054802,0.024257458746433258
-0.0039947256445884705,0.001284971833229065,0.008350884541869164,0.025413844734430313
-0.0034757182002067566,0.0010082637891173363,0.008591549471020699,0.02635308727622032
-0.0034195370972156525,0.001022915355861187,0.008760737255215645,0.02582671493291855
-0.003442082554101944,0.0012343162670731544,0.008790573105216026,0.024975482374429703
-0.0030941031873226166,0.0013887695968151093,0.008941732347011566,0.024363186210393906
-0.0026969313621520996,0.0015117526054382324,0.0091721061617136,0.02414889633655548
-0.00242576003074646,0.0016519688069820404,0.009276317432522774,0.024178937077522278
-0.0021986886858940125,0.0015674419701099396,0.009025858715176582,0.024558234959840775
-0.00201396644115448,0.001334361732006073,0.008843723684549332,0.02501782402396202
-0.0019259452819824219,0.0009538158774375916,0.008574049919843674,0.02605404704809189
-0.0018701069056987762,0.000503096729516983,0.00848732702434063,0.027046844363212585
-0.0021012350916862488,0.00011022482067346573,0.00849989429116249,0.02684037759900093
-0.0019638463854789734,-0.0003356104716658592,0.00850881077349186,0.024818960577249527
-0.0018067769706249237,-0.0007433174178004265,0.008457779884338379,0.02289794757962227
-0.0013875588774681091,-0.001098250038921833,0.00878969021141529,0.021175693720579147
-0.0011328905820846558,-0.0013750223442912102,0.009002704173326492,0.019727960228919983
-0.0011706538498401642,-0.0015389728359878063,0.008832110092043877,0.018150892108678818
-0.001232001930475235,-0.0016191680915653706,0.008700257167220116,0.01675199344754219
-0.001263696700334549,-0.001637880690395832,0.008906515315175056,0.01599203422665596
-0.001219145953655243,-0.0016008540987968445,0.009148819372057915,0.016007747501134872
-0.0011502467095851898,-0.0015545827336609364,0.009256573393940926,0.016424383968114853
-0.0011110194027423859,-0.0015299003571271896,0.009293414652347565,0.016638945788145065
-0.0007166825234889984,-0.001593414694070816,0.009206268936395645,0.01741836965084076
-0.00025210343301296234,-0.0017213146202266216,0.009373834356665611,0.01832488551735878
-2.9960647225379944e-05,-0.001822817139327526,0.009502870962023735,0.01874859631061554
1.8209218978881836e-05,-0.001950764562934637,0.009737314656376839,0.019656851887702942
0.0001155361533164978,-0.0020529567264020443,0.010166017338633537,0.020573806017637253
0.00020195543766021729,-0.0020873998291790485,0.010441433638334274,0.02090894803404808
0.0005166437476873398,-0.0020595979876816273,0.010564478114247322,0.02149200439453125
0.001046009361743927,-0.0019293627701699734,0.011137189343571663,0.022536370903253555
0.0013245120644569397,-0.0017651282250881195,0.011513343080878258,0.02334129810333252
0.0013443604111671448,-0.0015857331454753876,0.011850131675601006,0.023895956575870514
0.0013240929692983627,-0.0013359477743506432,0.011876562610268593,0.024195581674575806
0.0012851469218730927,-0.0010918648913502693,0.011842222884297371,0.02420680969953537
0.001428002491593361,-0.0008596032857894897,0.01169249601662159,0.024194885045289993
0.00152621790766716,-0.0006380993872880936,0.011633282527327538,0.024098016321659088
0.001592816784977913,-0.00039727333933115005,0.011533064767718315,0.02324286475777626
0.0015724077820777893,-0.000160926952958107,0.011443810537457466,0.022281546145677567
0.0015522167086601257,-0.00016034115105867386,0.011415274813771248,0.020993873476982117
0.0013006385415792465,-0.0003523482009768486,0.011383922770619392,0.0189782977104187
0.0010546501725912094,-0.0005419924855232239,0.011323181912302971,0.017545629292726517
0.0009762346744537354,-0.0007093809545040131,0.011522440239787102,0.016778022050857544
0.0009018257260322571,-0.0008577005937695503,0.011639153584837914,0.01636802777647972
0.001054573804140091,-0.0011650240048766136,0.01182069443166256,0.015626803040504456
0.0012696962803602219,-0.0016510016284883022,0.011747913435101509,0.01441136747598648
0.0013442113995552063,-0.002108459360897541,0.011727740988135338,0.013492118567228317
0.0014731921255588531,-0.002568951342254877,0.011585285887122154,0.012684222310781479
0.0015524495393037796,-0.00299762561917305,0.011476932093501091,0.012057386338710785
0.001971006393432617,-0.003269967157393694,0.011209821328520775,0.01202162355184555
0.002324651926755905,-0.0034110327251255512,0.011129213497042656,0.012099944055080414
0.00304391048848629,-0.0033967853523790836,0.011081835255026817,0.013155180960893631
0.0036506354808807373,-0.003312865272164345,0.011213351041078568,0.014298442751169205
0.004243882372975349,-0.003074315842241049,0.01133543811738491,0.01470668613910675
0.00479431077837944,-0.0026958761736750603,0.011352142319083214,0.01508636400103569
0.005074778571724892,-0.002376916352659464,0.011371197178959846,0.015466850250959396
0.005075955763459206,-0.0022744140587747097,0.01151021383702755,0.01502298191189766
0.005042048171162605,-0.002347066532820463,0.011412324383854866,0.015495207160711288
0.005063196644186974,-0.002449279185384512,0.011374274268746376,0.016539402306079865
0.005118429660797119,-0.00254301680251956,0.011206595227122307,0.017376501113176346
0.005142137408256531,-0.002610478550195694,0.011126892641186714,0.01796034723520279
0.005372283980250359,-0.002609370741993189,0.010949531570076942,0.018427379429340363
0.0056608449667692184,-0.0025287470780313015,0.010778021067380905,0.018877632915973663
0.00580083392560482,-0.0024339561350643635,0.010740658268332481,0.019109103828668594
0.005844499915838242,-0.0023674783296883106,0.01074446551501751,0.01918988674879074
0.0059637464582920074,-0.002276976592838764,0.010406091809272766,0.019176505506038666
0.006057258695363998,-0.0020971884950995445,0.010024134069681168,0.01823737472295761
0.0060975681990385056,-0.0018949941731989384,0.009805303066968918,0.017179418355226517
0.005949012935161591,-0.0016909074038267136,0.00970556028187275,0.015935666859149933
0.005655515938997269,-0.0015973546542227268,0.009580772370100021,0.014552898705005646
0.005475500598549843,-0.001621020957827568,0.009504696354269981,0.013745114207267761
0.005576174706220627,-0.001780091319233179,0.009676152840256691,0.013194303959608078
0.00563720241189003,-0.0020421971566975117,0.009524159133434296,0.012384407222270966
0.005648091435432434,-0.002261035144329071,0.009371355175971985,0.011708233505487442
0.005874719470739365,-0.0024044187739491463,0.00914589874446392,0.011254541575908661
0.00607563741505146,-0.0024798125959932804,0.009009584784507751,0.010931964963674545
0.006229950115084648,-0.002398137468844652,0.00898834690451622,0.0107157863676548
0.006250174716114998,-0.002174452878534794,0.008922720327973366,0.010121837258338928
0.006228810176253319,-0.00194617360830307,0.008869484066963196,0.009468354284763336
0.006358779966831207,-0.0017596553079783916,0.008824648335576057,0.009799603372812271
0.006493931636214256,-0.001625210978090763,0.008858013898134232,0.010406289249658585
0.006683489307761192,-0.0015579373575747013,0.008921695873141289,0.010174993425607681
0.006789347156882286,-0.001547352410852909,0.008967069908976555,0.009635720402002335
0.007148105651140213,-0.0015118722803890705,0.009114500135183334,0.00977420061826706
0.007437335327267647,-0.0015439405106008053,0.009326877072453499,0.009641967713832855
0.007535185664892197,-0.0016545485705137253,0.00941128097474575,0.009211994707584381
0.007682597264647484,-0.0017088460735976696,0.009379055351018906,0.008792892098426819
0.00793653167784214,-0.0016176821663975716,0.009447121992707253,0.008078251034021378
0.008084196597337723,-0.0014652824029326439,0.009471751749515533,0.007503245025873184
0.00815488025546074,-0.0013382304459810257,0.009572513401508331,0.007063910365104675
0.008219316601753235,-0.001245136372745037,0.009632725268602371,0.0067509934306144714
0.008290626108646393,-0.00107484869658947,0.009872660040855408,0.0064940303564071655
0.008383071050047874,-0.0008759545162320137,0.010023238137364388,0.006344310939311981
0.008513309061527252,-0.0006267810240387917,0.009933071210980415,0.006294429302215576
0.00841437466442585,-0.00018701143562793732,0.01000373624265194,0.0063598304986953735
0.008326821029186249,0.00026634056121110916,0.010068465024232864,0.006562273949384689
0.00803152285516262,0.00045182090252637863,0.010324055328965187,0.006302244961261749
0.007793445140123367,0.00043131597340106964,0.010406123474240303,0.006004028022289276
0.00773448683321476,0.0003301575779914856,0.01049206405878067,0.005795635282993317
0.00789547711610794,0.00025246478617191315,0.010653967037796974,0.006116814911365509
0.008022112771868706,0.00023906026035547256,0.010723995044827461,0.006644699722528458
0.008032504469156265,0.000308135524392128,0.0108534786850214,0.006673287600278854
0.007992861792445183,0.0004331953823566437,0.0108716432005167,0.0065612830221652985
0.008215812966227531,0.0004194192588329315,0.010876327753067017,0.0073080286383628845
0.008428696542978287,0.0003095092251896858,0.010905375704169273,0.008216992020606995
0.008616235107183456,0.00012128613889217377,0.010852232575416565,0.008467037230730057
0.008724505081772804,-9.312108159065247e-05,0.01079995185136795,0.00843573734164238
0.00881580077111721,-0.00021400302648544312,0.010792337357997894,0.008602585643529892
0.008880820125341415,-0.00025955308228731155,0.010812666267156601,0.008810970932245255
0.008918220177292824,-0.00024562515318393707,0.010976467281579971,0.009432904422283173
0.008925387635827065,-0.0002049105241894722,0.011110922321677208,0.01009705662727356
0.008848384022712708,-8.27200710773468e-05,0.01121581345796585,0.010757390409708023
0.008783543482422829,8.837692439556122e-05,0.011238401755690575,0.011401105672121048
0.008915387094020844,0.00046452321112155914,0.011407194659113884,0.01195240393280983
0.009373243898153305,0.0010052043944597244,0.011376800015568733,0.013121969997882843
0.00966792181134224,0.0014606136828660965,0.011364461854100227,0.014132052659988403
0.00980897806584835,0.0017340555787086487,0.011369427666068077,0.014231707900762558
0.009929025545716286,0.0018608905375003815,0.011471455916762352,0.013688817620277405
0.009995315223932266,0.001913747750222683,0.011562539264559746,0.01316773146390915
0.010062631219625473,0.0018498590216040611,0.01175052858889103,0.013128019869327545
0.010138694196939468,0.0017226031050086021,0.011879900470376015,0.013246651738882065
0.010249614715576172,0.0016143471002578735,0.011980073526501656,0.012989450246095657
0.010326147079467773,0.0015290910378098488,0.012038471177220345,0.012611031532287598
0.010122759267687798,0.0014962730929255486,0.012325091287493706,0.012406233698129654
0.009847836568951607,0.001535971648991108,0.012371575459837914,0.01217535138130188
0.009705472737550735,0.001612781547009945,0.012292670086026192,0.011996887624263763
0.009628387168049812,0.001750458963215351,0.012165339663624763,0.011721659451723099
0.00961981900036335,0.001910409890115261,0.012098385021090508,0.011443667113780975
0.00945475697517395,0.0021191583946347237,0.01220015250146389,0.01159919798374176
0.009340737015008926,0.0023481659591197968,0.012223770841956139,0.011985387653112411
0.00937538594007492,0.002528836950659752,0.012157166376709938,0.011985387653112411
0.009508389979600906,0.0026163747534155846,0.012065282091498375,0.011814787983894348
0.009591149166226387,0.002630859613418579,0.012039965018630028,0.011698607355356216
0.009664438664913177,0.002623128704726696,0.012077255174517632,0.011938996613025665
0.009703343734145164,0.0025974558666348457,0.012125445529818535,0.012263257056474686
0.00971546396613121,0.0026233727112412453,0.012191539630293846,0.013161204755306244
0.009880084544420242,0.0027425074949860573,0.012244226410984993,0.014226336032152176
0.010018894448876381,0.0028828447684645653,0.012268701568245888,0.014745432883501053
0.010166317224502563,0.003099679946899414,0.012353630736470222,0.015037693083286285
0.010274682193994522,0.003346044570207596,0.012436529621481895,0.01520579308271408
0.01035584881901741,0.00356245506554842,0.012438563629984856,0.01505042240023613
0.01036129705607891,0.003731057047843933,0.012364456430077553,0.015045121312141418
0.010364795103669167,0.0038299309089779854,0.01230975054204464,0.015269223600625992
0.010395500808954239,0.003896617330610752,0.012340458109974861,0.0156862810254097
0.010431159287691116,0.003933434374630451,0.012387910857796669,0.016111254692077637
0.010320240631699562,0.003945201635360718,0.012314261868596077,0.01637250930070877
0.010281328111886978,0.003930381499230862,0.01227612979710102,0.016545370221138
0.01026841439306736,0.003889482468366623,0.012156227603554726,0.01669078692793846
0.010275311768054962,0.003829350695014,0.012088334187865257,0.016831044107675552
0.010440502315759659,0.0037700943648815155,0.012067237868905067,0.01726558804512024
0.010701417922973633,0.0037241140380501747,0.011980878189206123,0.017860978841781616
0.010874537751078606,0.003687884658575058,0.011967288330197334,0.018190067261457443
0.010968787595629692,0.003622903488576412,0.011996874585747719,0.018261443823575974
0.01101655699312687,0.0035307174548506737,0.012041108682751656,0.018226303160190582
0.011018430814146996,0.003414480946958065,0.012145360931754112,0.01812763139605522
0.011028993874788284,0.0032655633985996246,0.012268370017409325,0.01817256212234497
0.011039135977625847,0.0031219255179166794,0.012347577139735222,0.01830214262008667
0.010968977585434914,0.002990996465086937,0.012397436425089836,0.01844252645969391
0.010924046859145164,0.0028770891949534416,0.01241704635322094,0.018589086830615997
0.010985927656292915,0.002757776528596878,0.012487286701798439,0.018790412694215775
0.011064896360039711,0.002633897587656975,0.012549376115202904,0.01896636188030243
0.011228326708078384,0.002489822916686535,0.01267022080719471,0.018762391060590744
0.011351682245731354,0.00233377143740654,0.012772982940077782,0.018421322107315063
0.011279065161943436,0.0022356901317834854,0.01297873817384243,0.017978835850954056
0.01116885431110859,0.002254672348499298,0.013091465458273888,0.017500121146440506
0.011133139953017235,0.0023200390860438347,0.013150682672858238,0.017218030989170074
0.011322597041726112,0.0023466646671295166,0.013070056214928627,0.01704496517777443
0.011457327753305435,0.0023935064673423767,0.012924322858452797,0.016557056456804276
0.011533413082361221,0.002463621087372303,0.012845484539866447,0.016088195145130157
0.01161091960966587,0.0025230515748262405,0.012904522940516472,0.01596161723136902
0.011660903692245483,0.00257016159594059,0.012955022975802422,0.015967920422554016
0.011612974107265472,0.002635343000292778,0.012999279424548149,0.015806082636117935
0.011555567383766174,0.002712780609726906,0.012992041185498238,0.01563774049282074
0.011541889980435371,0.002738581970334053,0.012912580743432045,0.016198668628931046
0.011511227115988731,0.0027008848264813423,0.012896014377474785,0.016797609627246857
0.011495457962155342,0.0026405593380331993,0.012900983914732933,0.016960464417934418
0.011618861928582191,0.002572452649474144,0.01305263303220272,0.01708059012889862
0.011896692216396332,0.0024695200845599174,0.01319151557981968,0.016696486622095108
0.012037934735417366,0.0023579690605401993,0.01324080117046833,0.01613553985953331
0.012179864570498466,0.0023033050820231438,0.013209996744990349,0.01566772535443306
0.012277798727154732,0.0023047327995300293,0.013189764693379402,0.015290003269910812
0.012346945703029633,0.0023353062570095062,0.01326139084994793,0.015248794108629227
0.012357035651803017,0.002376845106482506,0.01327078603208065,0.015398740768432617
0.012354904785752296,0.002479041926562786,0.013305416330695152,0.015551164746284485
0.012368256226181984,0.002641325816512108,0.013419633731245995,0.015442878007888794
0.012378105893731117,0.0027824072167277336,0.013477405533194542,0.015224028378725052
0.012465974316000938,0.0028866641223430634,0.01353900320827961,0.015057217329740524
0.012489160522818565,0.0029716314747929573,0.01357426680624485,0.014863856136798859
0.012468406930565834,0.0030352240428328514,0.013581184670329094,0.01472807303071022
0.012428073212504387,0.0031273411586880684,0.013608107343316078,0.014585159718990326
0.012403881177306175,0.0032312842085957527,0.013642696663737297,0.014439519494771957
0.01233750581741333,0.00330157857388258,0.013622166588902473,0.014376044273376465
0.01225053146481514,0.0033316221088171005,0.013613948598504066,0.01432127133011818
0.01220381073653698,0.003333456814289093,0.0136128980666399,0.014288082718849182
0.012018034234642982,0.00331259798258543,0.013723714277148247,0.014176618307828903
0.011876566335558891,0.00328263733536005,0.013760657981038094,0.014098141342401505
0.01187467947602272,0.00328738521784544,0.013795698061585426,0.01405768096446991
0.011777209118008614,0.0033216429874300957,0.013963697478175163,0.013666331768035889
0.011658888310194016,0.0033498965203762054,0.014035550877451897,0.01326514407992363
0.011485552415251732,0.0033951187506318092,0.014081431552767754,0.012958858162164688
0.011501191183924675,0.003481394611299038,0.01409883238375187,0.012277178466320038
0.011533891782164574,0.003582012839615345,0.014098918065428734,0.011594153940677643
0.011452602222561836,0.0036621959879994392,0.01420956663787365,0.011362198740243912
0.011405980214476585,0.003720274195075035,0.014240695163607597,0.011402856558561325
0.011290395632386208,0.0037317685782909393,0.014308581128716469,0.011673737317323685
0.011207230389118195,0.0036892639473080635,0.01432075910270214,0.012135028839111328
0.011201977729797363,0.003632042557001114,0.014320580288767815,0.012456495314836502
0.011334041133522987,0.003613460808992386,0.014276990666985512,0.012833494693040848
0.011429034173488617,0.003634105436503887,0.014259027317166328,0.013158362358808517
0.011453242972493172,0.0036779548972845078,0.014228703454136848,0.013676602393388748
0.011513980105519295,0.0037216078490018845,0.014097040519118309,0.014257397502660751
0.011558318510651588,0.0037542637437582016,0.014024397358298302,0.014530085027217865
0.011630455031991005,0.0037206141278147697,0.013953769579529762,0.014759480953216553
0.011679910123348236,0.0036417394876480103,0.013920413330197334,0.014946121722459793
0.011865736916661263,0.0035251080989837646,0.013779552653431892,0.014818709343671799
0.012134477496147156,0.0033022575080394745,0.013533813878893852,0.014337971806526184
0.012295730412006378,0.0030517568811774254,0.01343887485563755,0.013881266117095947
0.01231778971850872,0.0028362711891531944,0.013436766341328621,0.013267707079648972
0.01231331191956997,0.002658158540725708,0.013455001637339592,0.012683231383562088
0.012319611385464668,0.0025845933705568314,0.013408048078417778,0.012321699410676956
0.01234167255461216,0.0025869542732834816,0.013377005234360695,0.012098528444766998
0.012373831123113632,0.0025842394679784775,0.013317184522747993,0.012102615088224411
0.01232832670211792,0.002570083364844322,0.01320892758667469,0.012309059500694275
0.01228746585547924,0.0025611864402890205,0.013149382546544075,0.012511536478996277
0.01237563043832779,0.002545788884162903,0.013074332848191261,0.012689359486103058
0.012450547888875008,0.002550085075199604,0.013068130239844322,0.012767642736434937
0.012466741725802422,0.002574997954070568,0.013068502768874168,0.012768059968948364
0.012509478256106377,0.0025762710720300674,0.013010429218411446,0.012735780328512192
0.01254357397556305,0.002557124011218548,0.012987343594431877,0.012677602469921112
0.012570638209581375,0.002531079575419426,0.01302211545407772,0.012743823230266571
0.012589149177074432,0.002512269653379917,0.013076437637209892,0.012874823063611984
0.012592170387506485,0.002507239580154419,0.013098912313580513,0.01295548677444458
0.012611253187060356,0.00250898115336895,0.01311437226831913,0.012898530811071396
0.01262720301747322,0.0025136619806289673,0.013124113902449608,0.012793175876140594
0.01264820247888565,0.002515386790037155,0.013117121532559395,0.012698564678430557
0.012663774192333221,0.0025134049355983734,0.01311454363167286,0.012620899826288223
0.012683695182204247,0.0025062020868062973,0.013095101341605186,0.012558948248624802
0.012702615931630135,0.0024960897862911224,0.013083172962069511,0.01251291111111641
0.012712035328149796,0.002487458288669586,0.013082725927233696,0.01249329000711441
0.012719174847006798,0.0024768495932221413,0.013090940192341805,0.012504417449235916
0.012722671031951904,0.002465220168232918,0.013097302988171577,0.01252363994717598
0.012744082137942314,0.002458450384438038,0.013071203604340553,0.012461740523576736
0.012769237160682678,0.0024559982120990753,0.013056283816695213,0.012376867234706879
0.01272299513220787,0.0025038477033376694,0.013074388727545738,0.012265689671039581
0.012673942372202873,0.0025887712836265564,0.013082051649689674,0.012158885598182678
0.012623773887753487,0.0027082106098532677,0.013091588392853737,0.012234389781951904
0.012597229331731796,0.0028458628803491592,0.013070585206151009,0.012555290013551712
0.012608764693140984,0.0029553519561886787,0.013066304847598076,0.01282898336648941
0.012707453221082687,0.0030325744301080704,0.01302594505250454,0.012920908629894257
0.012763971462845802,0.003074326552450657,0.013014962896704674,0.013176266103982925
0.012786595150828362,0.0030881231650710106,0.013011781498789787,0.013515450060367584
0.012824872508645058,0.0031034182757139206,0.012943530455231667,0.013645932078361511
0.01287333108484745,0.003116980195045471,0.01291232742369175,0.0136655792593956
0.012921873480081558,0.003124656155705452,0.012907614931464195,0.013564549386501312
0.013043999671936035,0.003151227720081806,0.012894144281744957,0.013413578271865845
0.013122117146849632,0.0031890803948044777,0.012903569266200066,0.013305947184562683
0.013138899579644203,0.0031924769282341003,0.012949278578162193,0.013080943375825882
0.013124851509928703,0.0031643779948353767,0.012976357713341713,0.012853380292654037
0.013179993256926537,0.0030867308378219604,0.012982139363884926,0.012307722121477127
0.013230433687567711,0.0029858099296689034,0.012973202392458916,0.011734601110219955
0.013157214969396591,0.0029116086661815643,0.01299084909260273,0.010931573808193207
0.013103827834129333,0.002856002189218998,0.012988721951842308,0.010190248489379883
0.013162506744265556,0.002822929061949253,0.013000516220927238,0.009952064603567123
0.013027116656303406,0.0029326286166906357,0.013114986941218376,0.01007823646068573
0.012857263907790184,0.003150639124214649,0.013089755550026894,0.010351661592721939
0.012778550386428833,0.003398665226995945,0.01304745115339756,0.010602973401546478
0.01279415376484394,0.00365504901856184,0.012942669913172722,0.010714896023273468
0.01282510906457901,0.0038648992776870728,0.012874225154519081,0.010665997862815857
0.013045715168118477,0.00395882036536932,0.012663556262850761,0.010835297405719757
0.013234822079539299,0.003962162882089615,0.012596340849995613,0.010982252657413483
0.013490855693817139,0.003863634541630745,0.012421974912285805,0.011083457618951797
0.013795590028166771,0.003762921318411827,0.012380840256810188,0.011135417968034744
0.013973761349916458,0.003733476623892784,0.012412281706929207,0.011129133403301239
0.014025632292032242,0.003783724270761013,0.012566739693284035,0.011069990694522858
0.014042558148503304,0.0038764458149671555,0.012671133503317833,0.011000294238328934
0.014045633375644684,0.00385342538356781,0.012734891846776009,0.010980982333421707
0.014079557731747627,0.0037329886108636856,0.012767722830176353,0.01099860668182373
0.014107191935181618,0.003618616610765457,0.012790156528353691,0.011009886860847473
0.01412154920399189,0.003530256450176239,0.012806294485926628,0.011014003306627274
0.014127952978014946,0.0034664496779441833,0.012817109003663063,0.011015232652425766
0.014130640774965286,0.003421737812459469,0.012824120000004768,0.01101556047797203
0.014131752774119377,0.0033908700570464134,0.012828642502427101,0.011015653610229492
0.014132212847471237,0.0033698007464408875,0.012831540778279305,0.011015664786100388
0.014132408425211906,0.003355521708726883,0.012833381071686745,0.011015661060810089
0.014132482931017876,0.0033459197729825974,0.012834573164582253,0.011015653610229492
0.014132514595985413,0.0033394917845726013,0.012835340574383736,0.011015653610229492
0.014132525771856308,0.0033351900056004524,0.012835843488574028,0.011015653610229492
0.014132525771856308,0.003332323394715786,0.01283617876470089,0.011015653610229492
0.014132525771856308,0.003330424427986145,0.012836365029215813,0.011015653610229492
0.014132525771856308,0.0033291634172201157,0.012836521491408348,0.011015653610229492
0.014132525771856308,0.003328343853354454,0.012836592271924019,0.011015653610229492
0.014191161841154099,0.0033025499433279037,0.01290850155055523,0.01089809462428093
0.014064747840166092,0.0034206798300147057,0.013094885274767876,0.01051551103591919
0.013957498595118523,0.003637237474322319,0.013184735551476479,0.0102124884724617
0.013668965548276901,0.0039935847744345665,0.013471031561493874,0.010464005172252655
0.013418883085250854,0.004439262673258781,0.013559164479374886,0.010970767587423325
0.013289358466863632,0.004961458034813404,0.013794654980301857,0.011042766273021698
0.013216061517596245,0.00550500676035881,0.013935049995779991,0.010894514620304108
0.013182299211621284,0.0059183863922953606,0.013951590284705162,0.010820016264915466
0.013166595250368118,0.006204772740602493,0.013939255848526955,0.01079196110367775
0.013159049674868584,0.006396422162652016,0.013925133273005486,0.010782938450574875
0.013096923008561134,0.006422662176191807,0.014293165877461433,0.011207155883312225
0.013016680255532265,0.006318235769867897,0.014572789892554283,0.011723119765520096
0.012972390279173851,0.006198416464030743,0.014676695689558983,0.011964671313762665
0.012951306998729706,0.006095055490732193,0.01472376100718975,0.012054771184921265
0.012981930747628212,0.0060419002547860146,0.01473710872232914,0.011983439326286316
0.013003835454583168,0.006088230758905411,0.014361707493662834,0.01097610592842102
0.013029087334871292,0.006191707216203213,0.014087853953242302,0.00981196016073227
0.013135924935340881,0.006345774978399277,0.013913439586758614,0.00958842784166336
0.01322329230606556,0.006526893936097622,0.013814518228173256,0.009779445827007294
0.013370411470532417,0.006425260566174984,0.01358228363096714,0.00967712327837944
0.013485169038176537,0.00611037015914917,0.013489117845892906,0.009398221969604492
0.013548791408538818,0.005835508927702904,0.013146517798304558,0.00965404137969017
0.013582233339548111,0.005449701100587845,0.012797409668564796,0.01035352423787117
0.013635218143463135,0.004982573911547661,0.012675022706389427,0.010882813483476639
0.013711508363485336,0.0046618059277534485,0.012664148584008217,0.011232171207666397
0.013794207945466042,0.004472032189369202,0.012690464034676552,0.01147032156586647
0.013888848945498466,0.004324605688452721,0.012692330405116081,0.011575300246477127
0.01392245851457119,0.004227048717439175,0.012743121013045311,0.011637002229690552
0.013915568590164185,0.004181765951216221,0.012774957343935966,0.01168166846036911
0.013891158625483513,0.004175054840743542,0.012827733531594276,0.011719435453414917
0.013866670429706573,0.004188237711787224,0.012859238311648369,0.01175447553396225
0.013870470225811005,0.004192574881017208,0.012843174859881401,0.011724516749382019
0.013864243403077126,0.0041819242760539055,0.01280222274363041,0.011664800345897675
0.013858500868082047,0.004165900871157646,0.0127816591411829,0.01162833720445633
0.013867063447833061,0.00415805634111166,0.012767603620886803,0.011615976691246033
0.013874933123588562,0.00415798369795084,0.012765495106577873,0.011606764048337936
0.013913068920373917,0.004125206731259823,0.012709690257906914,0.011535212397575378
0.013940390199422836,0.004068000242114067,0.012680849060416222,0.011446598917245865
0.013938196003437042,0.004030198790132999,0.012671513482928276,0.011405732482671738
0.013971053063869476,0.0039652613922953606,0.012593140825629234,0.01152966171503067
0.014021828770637512,0.0038760798051953316,0.012564709410071373,0.01166963204741478
0.013987600803375244,0.003796342760324478,0.012621259316802025,0.011546306312084198
0.013953639194369316,0.0037279780954122543,0.012648390606045723,0.011376827955245972
0.013909928500652313,0.0037244176492094994,0.012636343017220497,0.011577360332012177
0.01385587826371193,0.0037559950724244118,0.01262146420776844,0.011992216110229492
0.013832313939929008,0.0037763547152280807,0.01261628232896328,0.012255549430847168
0.01379426009953022,0.0037688352167606354,0.012627867981791496,0.012293469160795212
0.013804376125335693,0.0037017567083239555,0.012595077976584435,0.012390639632940292
0.013827361166477203,0.00361687783151865,0.012580743059515953,0.012519601732492447
0.01382535696029663,0.003512493334710598,0.01255088858306408,0.012236740440130234
0.01382473111152649,0.0034042363986372948,0.012524953112006187,0.011839218437671661
0.013727042824029922,0.0033057471737265587,0.012605587020516396,0.011755164712667465
0.013601511716842651,0.0031813494861125946,0.012663068249821663,0.01154216006398201
0.013519719243049622,0.0030545182526111603,0.01265505887567997,0.011268019676208496
0.013451457023620605,0.002891560085117817,0.012644892558455467,0.011034347116947174
0.01340007595717907,0.0027011455968022346,0.012668592855334282,0.010812655091285706
0.013166435062885284,0.0026094429194927216,0.01269901730120182,0.011212270706892014
0.01301044411957264,0.0025922218337655067,0.012719748541712761,0.011831101030111313
0.012963594868779182,0.0024963924661278725,0.01281878910958767,0.012105084955692291
0.012851228937506676,0.002385432831943035,0.012976905331015587,0.012281548231840134
0.012756209820508957,0.002327381633222103,0.01304406113922596,0.012458384037017822
0.012713659554719925,0.0022930242121219635,0.013059450313448906,0.012545239180326462
0.012696156278252602,0.0022710710763931274,0.013064438477158546,0.012578912079334259
0.0126888956874609,0.00225655734539032,0.013067131862044334,0.012590426951646805
0.012686016038060188,0.002246827818453312,0.013068566098809242,0.012593824416399002
0.0126848965883255,0.0022402172908186913,0.013069452717900276,0.012594498693943024
0.012684661895036697,0.0022356733679771423,0.013069646432995796,0.012595042586326599
0.012684693560004234,0.0022325851023197174,0.013069825246930122,0.01259532943367958
0.012684810906648636,0.002230647951364517,0.01307031698524952,0.01259661465883255
0.012815605849027634,0.0021770065650343895,0.012950589880347252,0.012453470379114151
0.012912292033433914,0.002102222293615341,0.012851746752858162,0.01227763295173645
0.012930048629641533,0.0021140361204743385,0.012959068641066551,0.012024540454149246
0.012930575758218765,0.002201407216489315,0.012998426333069801,0.011811498552560806
0.012954343110322952,0.002500060945749283,0.012987779453396797,0.011789891868829727
0.013346780091524124,0.002902156673371792,0.012577561661601067,0.01193312183022499
0.013689430430531502,0.003191673196852207,0.012365447357296944,0.011977963149547577
0.01382800005376339,0.0034444453194737434,0.01254134438931942,0.011871002614498138
0.01390509121119976,0.0036395974457263947,0.012723008170723915,0.011727534234523773
0.01394256018102169,0.0037472834810614586,0.012803951278328896,0.011658720672130585
0.013957984745502472,0.003795572556555271,0.012840976938605309,0.011632267385721207
0.013963859528303146,0.0038114115595817566,0.012860307469964027,0.011623363941907883
0.013966109603643417,0.0038120951503515244,0.012871650978922844,0.01162048801779747
0.01396694965660572,0.003806730732321739,0.012878598645329475,0.011619582772254944
0.013967255130410194,0.0037997597828507423,0.012882957234978676,0.011619333177804947
0.0139673613011837,0.003793146461248398,0.012885725125670433,0.01161927729845047
0.01396811380982399,0.0037882663309574127,0.012887934222817421,0.011620208621025085
0.013968447223305702,0.0037850448861718178,0.01289031095802784,0.011619821190834045
0.01396842859685421,0.0037826448678970337,0.012891674414277077,0.01161857321858406
0.013968400657176971,0.0037807878106832504,0.012892326340079308,0.011617999523878098
0.01396837830543518,0.003779398277401924,0.01289268396794796,0.01161782443523407
0.013968365266919136,0.003778384067118168,0.012892907485365868,0.011617783457040787
0.013968357816338539,0.0037776529788970947,0.01289304532110691,0.011617764830589294
0.013968357816338539,0.0037771547213196754,0.01289311982691288,0.011617764830589294
0.013968357816338539,0.0037768008187413216,0.012893186882138252,0.011617764830589294
0.013968357816338539,0.0037765568122267723,0.012893220409750938,0.011617764830589294
0.013968357816338539,0.0037763919681310654,0.012893235310912132,0.011617764830589294
0.013968357816338539,0.0037762802094221115,0.012893250212073326,0.011617764830589294
0.013968357816338539,0.0037761861458420753,0.012893268838524818,0.011617764830589294
0.013968357816338539,0.0037761228159070015,0.012893283739686012,0.011617764830589294
0.013968357816338539,0.0037760837003588676,0.012893283739686012,0.011617764830589294
0.013968357816338539,0.0037760604172945023,0.012893283739686012,0.011617764830589294
0.013968357816338539,0.0037760455161333084,0.012893283739686012,0.011617764830589294
0.013968357816338539,0.0037760380655527115,0.012893283739686012,0.011617764830589294
0.013968357816338539,0.003776031546294689,0.012893283739686012,0.011617764830589294
0.013968357816338539,0.0037760287523269653,0.012893283739686012,0.011617764830589294
0.013968357816338539,0.0037760287523269653,0.012893283739686012,0.011617764830589294
0.013968357816338539,0.0037760287523269653,0.012893283739686012,0.011617764830589294
0.013968357816338539,0.0037760287523269653,0.012893283739686012,0.011617764830589294
0.013968357816338539,0.0037760287523269653,0.012893283739686012,0.011617764830589294
0.013968357816338539,0.0037760287523269653,0.012893283739686012,0.011617764830589294
0.013968357816338539,0.0037760287523269653,0.012893283739686012,0.011617764830589294
0.013968357816338539,0.0037760287523269653,0.012893283739686012,0.011617764830589294
0.013968357816338539,0.0037760287523269653,0.012893283739686012,0.011617764830589294
0.013968357816338539,0.0037760287523269653,0.012893283739686012,0.011617764830589294
0.013968357816338539,0.0037760287523269653,0.012893283739686012,0.011617764830589294
0.013968357816338539,0.0037760287523269653,0.012893283739686012,0.011617764830589294
0.013968357816338539,0.0037760287523269653,0.012893283739686012,0.011617764830589294
0.013968357816338539,0.0037760287523269653,0.012893283739686012,0.011617764830589294
0.013968357816338539,0.0037760287523269653,0.012893283739686012,0.011617764830589294
0.013968357816338539,0.0037760287523269653,0.012893283739686012,0.011617764830589294
0.013968357816338539,0.0037760287523269653,0.012893283739686012,0.011617764830589294
0.013968357816338539,0.0037760287523269653,0.012893283739686012,0.011617764830589294
0.013968357816338539,0.0037760287523269653,0.012893283739686012,0.011617764830589294
0.013968357816338539,0.0037760287523269653,0.012893283739686012,0.011617764830589294
0.013968357816338539,0.0037760287523269653,0.012893283739686012,0.011617764830589294
0.013968357816338539,0.0037760287523269653,0.012893283739686012,0.011617764830589294
0.013968357816338539,0.0037760287523269653,0.012893283739686012,0.011617764830589294
0.013968357816338539,0.0037760287523269653,0.012893283739686012,0.011617764830589294
0.013968357816338539,0.0037760287523269653,0.012893283739686012,0.011617764830589294
0.013968357816338539,0.0037760287523269653,0.012893283739686012,0.011617764830589294
0.013968357816338539,0.0037760287523269653,0.012893283739686012,0.011617764830589294
0.013968357816338539,0.0037760287523269653,0.012893283739686012,0.011617764830589294
0.013968357816338539,0.0037760287523269653,0.012893283739686012,0.011617764830589294
0.013968357816338539,0.0037760287523269653,0.012893283739686012,0.011617764830589294
0.013968357816338539,0.0037760287523269653,0.012893283739686012,0.011617764830589294
0.013968357816338539,0.0037760287523269653,0.012893283739686012,0.011617764830589294
0.013968357816338539,0.0037760287523269653,0.012893283739686012,0.011617764830589294
0.013968357816338539,0.0037760287523269653,0.012893283739686012,0.011617764830589294
0.013968357816338539,0.0037760287523269653,0.012893283739686012,0.011617764830589294
0.013968357816338539,0.0037760287523269653,0.012893283739686012,0.011617764830589294
0.013968357816338539,0.0037760287523269653,0.012893283739686012,0.011617764830589294
0.013968357816338539,0.0037760287523269653,0.012893283739686012,0.011617764830589294
0.013968357816338539,0.0037760287523269653,0.012893283739686012,0.011617764830589294
0.013968357816338539,0.0037760287523269653,0.012893283739686012,0.011617764830589294
0.013968357816338539,0.0037760287523269653,0.012893283739686012,0.011617764830589294
0.013968357816338539,0.0037760287523269653,0.012893283739686012,0.011617764830589294
0.013968357816338539,0.0037760287523269653,0.012893283739686012,0.011617764830589294
0.013968357816338539,0.0037760287523269653,0.012893283739686012,0.011617764830589294
0.013968357816338539,0.0037760287523269653,0.012893283739686012,0.011617764830589294
0.013968357816338539,0.0037760287523269653,0.012893283739686012,0.011617764830589294
0.013968357816338539,0.0037760287523269653,0.012893283739686012,0.011617764830589294
0.013968357816338539,0.0037760287523269653,0.012893283739686012,0.011617764830589294
0.013968357816338539,0.0037760287523269653,0.012893283739686012,0.011617764830589294
0.013968357816338539,0.0037760287523269653,0.012893283739686012,0.011617764830589294
0.013968357816338539,0.0037760287523269653,0.012893283739686012,0.011617764830589294
0.013968357816338539,0.0037760287523269653,0.012893283739686012,0.011617764830589294
0.013968357816338539,0.0037760287523269653,0.012893283739686012,0.011617764830589294
0.013968357816338539,0.0037760287523269653,0.012893283739686012,0.011617764830589294
0.013968357816338539,0.0037760287523269653,0.012893283739686012,0.011617764830589294
0.013968357816338539,0.0037760287523269653,0.012893283739686012,0.011617764830589294
0.013968357816338539,0.0037760287523269653,0.012893283739686012,0.011617764830589294
0.013968357816338539,0.0037760287523269653,0.012893283739686012,0.011617764830589294
0.013968357816338539,0.0037760287523269653,0.012893283739686012,0.011617764830589294
0.013968357816338539,0.0037760287523269653,0.012893283739686012,0.011617764830589294
0.013968357816338539,0.0037760287523269653,0.012893283739686012,0.011617764830589294
0.013968357816338539,0.0037760287523269653,0.012893283739686012,0.011617764830589294
0.013968357816338539,0.0037760287523269653,0.012893283739686012,0.011617764830589294
0.013968357816338539,0.0037760287523269653,0.012893283739686012,0.011617764830589294
0.013968357816338539,0.0037760287523269653,0.012893283739686012,0.011617764830589294
0.013968357816338539,0.0037760287523269653,0.012893283739686012,0.011617764830589294
0.013968357816338539,0.0037760287523269653,0.012893283739686012,0.011617764830589294
0.013968357816338539,0.0037760287523269653,0.012893283739686012,0.011617764830589294
0.013968357816338539,0.0037760287523269653,0.012893283739686012,0.011617764830589294
0.013968357816338539,0.0037760287523269653,0.012893283739686012,0.011617764830589294
0.013968357816338539,0.0037760287523269653,0.012893283739686012,0.011617764830589294
0.013968357816338539,0.0037760287523269653,0.012893283739686012,0.011617764830589294
0.013968357816338539,0.0037760287523269653,0.012893283739686012,0.011617764830589294
0.013968357816338539,0.0037760287523269653,0.012893283739686012,0.011617764830589294
0.013968357816338539,0.0037760287523269653,0.012893283739686012,0.011617764830589294
0.013968357816338539,0.0037760287523269653,0.012893283739686012,0.011617764830589294
0.013968357816338539,0.0037760287523269653,0.012893283739686012,0.011617764830589294
0.013968357816338539,0.0037760287523269653,0.012893283739686012,0.011617764830589294
0.013968357816338539,0.0037760287523269653,0.012893283739686012,0.011617764830589294
0.013968357816338539,0.0037760287523269653,0.012893283739686012,0.011617764830589294
0.013968357816338539,0.0037760287523269653,0.012893283739686012,0.011617764830589294
0.013968357816338539,0.0037760287523269653,0.012893283739686012,0.011617764830589294
0.013968357816338539,0.0037760287523269653,0.012893283739686012,0.011617764830589294
0.013968357816338539,0.0037760287523269653,0.012893283739686012,0.011617764830589294
0.013968357816338539,0.0037760287523269653,0.012893283739686012,0.011617764830589294
0.013968357816338539,0.0037760287523269653,0.012893283739686012,0.011617764830589294
0.013968357816338539,0.0037760287523269653,0.012893283739686012,0.011617764830589294
0.013968357816338539,0.0037760287523269653,0.012893283739686012,0.011617764830589294
0.013968357816338539,0.0037760287523269653,0.012893283739686012,0.011617764830589294
0.013968357816338539,0.0037760287523269653,0.012893283739686012,0.011617764830589294
0.013968357816338539,0.0037760287523269653,0.012893283739686012,0.011617764830589294
0.013965480029582977,0.003767753019928932,0.012908099219202995,0.01166299358010292
0.013970952481031418,0.0037530725821852684,0.012924956157803535,0.011712133884429932
0.0139766875654459,0.0037401271983981133,0.012933867052197456,0.011733025312423706
0.013979680836200714,0.0037302058190107346,0.012938378378748894,0.011740267276763916
0.013980947434902191,0.003722989000380039,0.012940710410475731,0.011742614209651947
0.01398143358528614,0.0037178657948970795,0.012941958382725716,0.011743348091840744
0.013981614261865616,0.003714269958436489,0.012942669913172722,0.011743545532226562
0.01398167572915554,0.0037117647007107735,0.01294310949742794,0.011743608862161636
0.013981709256768227,0.0037100622430443764,0.012943373993039131,0.011743634939193726
0.013981714844703674,0.0037088869139552116,0.012943534180521965,0.011743634939193726
0.013981714844703674,0.003708088770508766,0.012943645939230919,0.011743634939193726
0.013981720432639122,0.0037075690925121307,0.012943701818585396,0.011743634939193726
0.01398172415792942,0.0037072328850626945,0.012943735346198082,0.011743634939193726
0.01398172415792942,0.0037070009857416153,0.012943772599101067,0.011743634939193726
0.01398172415792942,0.0037068361416459084,0.012943791225552559,0.011743634939193726
0.013997308909893036,0.00370161235332489,0.01293024979531765,0.011756796389818192
0.014011817052960396,0.0036932462826371193,0.012925686314702034,0.011767257004976273
0.01401781290769577,0.003686790354549885,0.012925976887345314,0.011769924312829971
0.014020062983036041,0.003682517446577549,0.012926427647471428,0.01177048310637474
0.014020917937159538,0.0036798296496272087,0.01292666606605053,0.011770587414503098
0.014021243900060654,0.0036781877279281616,0.012926759198307991,0.011770598590373993
0.014030130580067635,0.0036801137030124664,0.012939898297190666,0.011770237237215042
0.014039117842912674,0.0036837849766016006,0.012951819226145744,0.011765409260988235
0.014043116942048073,0.00368615984916687,0.01295667327940464,0.011762190610170364
0.014044638723134995,0.003687329590320587,0.012958621606230736,0.011760719120502472
0.014045195654034615,0.003687760792672634,0.012959474697709084,0.011760171502828598
0.014045383781194687,0.003687814809381962,0.012959880754351616,0.011760003864765167
0.014045452699065208,0.0036877142265439034,0.012960100546479225,0.0117599256336689
0.0140454713255167,0.0036875680088996887,0.012960223481059074,0.011759918183088303
0.014045489951968193,0.003687397576868534,0.012960320338606834,0.011759918183088303
0.014045493677258492,0.0036872513592243195,0.012960365042090416,0.011759918183088303
0.014045493677258492,0.0036871368065476418,0.012960406020283699,0.011759918183088303
0.014045493677258492,0.0036870529875159264,0.012960424646735191,0.011759918183088303
0.014045493677258492,0.0036870036274194717,0.01296042837202549,0.011759918183088303
0.014045493677258492,0.003686971962451935,0.01296042837202549,0.011759918183088303
0.014045493677258492,0.0036869561299681664,0.01296042837202549,0.011759918183088303
0.014045493677258492,0.00368694681674242,0.01296042837202549,0.011759918183088303
0.014045493677258492,0.003686940297484398,0.01296042837202549,0.011759918183088303
0.014045493677258492,0.003686935640871525,0.01296042837202549,0.011759918183088303
0.014045493677258492,0.00368693470954895,0.01296042837202549,0.011759918183088303
0.014051513746380806,0.003680882975459099,0.012938061729073524,0.01174909994006157
0.014054778963327408,0.0036722421646118164,0.012921562418341637,0.01173657551407814
0.01405523531138897,0.003666842356324196,0.01291554607450962,0.011730652302503586
0.014055207371711731,0.0036642681807279587,0.012913024052977562,0.011728491634130478
0.014055181294679642,0.0036633582785725594,0.012911783531308174,0.011727776378393173
0.01405516266822815,0.003663277253508568,0.012911101803183556,0.011727560311555862
0.014055158942937851,0.00366353802382946,0.012910695746541023,0.011727485805749893
0.014055170118808746,0.003663918934762478,0.01291043870151043,0.011727456003427505
0.014094490557909012,0.003632824867963791,0.012862494215369225,0.011676717549562454
0.01412401907145977,0.0035827970132231712,0.012840205803513527,0.011598482728004456
0.014132680371403694,0.003544970415532589,0.012836957350373268,0.011558037251234055
0.014134770259261131,0.0035205576568841934,0.012836555019021034,0.011542443186044693
0.014135235920548439,0.0035056285560131073,0.012836465612053871,0.011537142097949982
0.014135316014289856,0.003496679477393627,0.012836417183279991,0.01153545081615448
0.014135316014289856,0.003491378389298916,0.012836361303925514,0.01153494417667389
0.014135319739580154,0.0034882407635450363,0.012836327776312828,0.01153479516506195
0.014135319739580154,0.0034864023327827454,0.012836286798119545,0.011534739285707474
0.014135319739580154,0.0034853145480155945,0.012836271896958351,0.011534720659255981
0.014135319739580154,0.0034846682101488113,0.012836271896958351,0.011534720659255981
0.014135319739580154,0.003484283573925495,0.012836271896958351,0.011534720659255981
0.014135319739580154,0.0034840507432818413,0.012836271896958351,0.011534720659255981
0.014135319739580154,0.0034839119762182236,0.012836271896958351,0.011534720659255981
0.014135319739580154,0.003483829088509083,0.012836271896958351,0.011534720659255981
0.014135319739580154,0.0034837815910577774,0.012836271896958351,0.011534720659255981
0.014135319739580154,0.003483750857412815,0.012836271896958351,0.011534720659255981
0.014135319739580154,0.003483734093606472,0.012836271896958351,0.011534720659255981
0.014135319739580154,0.003483724780380726,0.012836271896958351,0.011534720659255981
0.014135319739580154,0.003483719192445278,0.012836271896958351,0.011534720659255981
0.014135319739580154,0.0034837117418646812,0.012836271896958351,0.011534720659255981
0.014135319739580154,0.0034837117418646812,0.012836271896958351,0.011534720659255981
0.014135319739580154,0.0034837117418646812,0.012836271896958351,0.011534720659255981
0.014141267165541649,0.003480571322143078,0.012838171795010567,0.011522110551595688
0.01414535567164421,0.003475930541753769,0.012839647009968758,0.011505570262670517
0.014146342873573303,0.003472704440355301,0.012839971110224724,0.011497832834720612
0.01414649561047554,0.003470825031399727,0.012839892879128456,0.011494949460029602
0.014146482571959496,0.0034698331728577614,0.012839769944548607,0.011494014412164688
0.014146458357572556,0.003469339571893215,0.012839669361710548,0.011493705213069916
0.01414644718170166,0.003469119779765606,0.012839598581194878,0.011493612080812454
0.014146443456411362,0.003469027578830719,0.012839557603001595,0.011493589729070663
0.01414644718170166,0.0034690070897340775,0.012839527800679207,0.011493582278490067
0.01414644718170166,0.0034690070897340775,0.012839509174227715,0.011493578553199768
0.01414644718170166,0.003469020128250122,0.012839501723647118,0.011493578553199768
0.01414644718170166,0.0034690266475081444,0.012839501723647118,0.011493578553199768
0.014139607548713684,0.003449496813118458,0.012845760211348534,0.01141282543540001
0.014131348580121994,0.0034162746742367744,0.012846795842051506,0.011319097131490707
0.014126656576991081,0.003389268182218075,0.012847097590565681,0.011278737336397171
0.014124469831585884,0.003370382823050022,0.0128477793186903,0.011264495551586151
0.014123529195785522,0.003357791341841221,0.0128485057502985,0.011259868741035461
0.014123132452368736,0.0033495761454105377,0.012849068269133568,0.011258464306592941
0.014122974127531052,0.0033442266285419464,0.012849478051066399,0.011258047074079514
0.014122908934950829,0.0033407658338546753,0.012849757447838783,0.011257939040660858
0.014122888445854187,0.003338526003062725,0.012849928811192513,0.011257916688919067
0.014122873544692993,0.0033370675519108772,0.01285005547106266,0.011257916688919067
0.014122866094112396,0.0033361148089170456,0.012850163504481316,0.011257916688919067
0.014122866094112396,0.00333549827337265,0.0128502007573843,0.011257916688919067
0.014122866094112396,0.003335104323923588,0.012850230559706688,0.011257916688919067
0.014122866094112396,0.0033348575234413147,0.012850245460867882,0.011257916688919067
0.014122866094112396,0.00333469919860363,0.012850256636738777,0.011257916688919067
0.014122866094112396,0.003334605135023594,0.012850260362029076,0.011257916688919067
0.014122866094112396,0.0033345501869916916,0.012850260362029076,0.011257916688919067
0.014122866094112396,0.0033345185220241547,0.012850260362029076,0.011257916688919067
0.014122866094112396,0.0033344989642500877,0.012850260362029076,0.011257916688919067
0.014122866094112396,0.0033344868570566177,0.012850260362029076,0.011257916688919067
0.014122866094112396,0.00333448126912117,0.012850260362029076,0.011257916688919067
0.014122866094112396,0.0033344775438308716,0.012850260362029076,0.011257916688919067
0.014122866094112396,0.0033344747498631477,0.012850260362029076,0.011257916688919067
0.014122866094112396,0.0033344691619277,0.012850260362029076,0.011257916688919067
0.014122866094112396,0.0033344691619277,0.012850260362029076,0.011257916688919067
0.014122866094112396,0.0033344691619277,0.012850260362029076,0.011257916688919067
0.014122866094112396,0.0033344691619277,0.012850260362029076,0.011257916688919067
0.014122866094112396,0.0033344691619277,0.012850260362029076,0.011257916688919067
0.014122866094112396,0.0033344691619277,0.012850260362029076,0.011257916688919067
0.014122866094112396,0.0033344691619277,0.012850260362029076,0.011257916688919067
0.014122866094112396,0.0033344691619277,0.012850260362029076,0.011257916688919067
0.014122866094112396,0.0033344691619277,0.012850260362029076,0.011257916688919067
0.014122866094112396,0.0033344691619277,0.012850260362029076,0.011257916688919067
0.014123030006885529,0.00330562237650156,0.012839538976550102,0.01112031564116478
0.014125017449259758,0.0032536527141928673,0.012838410213589668,0.01094958558678627
0.014125717803835869,0.0032085860148072243,0.012844016775488853,0.010872721672058105
0.01412581093609333,0.003174915909767151,0.012849131599068642,0.010844890028238297
0.01412573829293251,0.003151017241179943,0.012852741405367851,0.010835696011781693
0.014125656336545944,0.00313444621860981,0.012855151668190956,0.010832816362380981
0.014125620946288109,0.003123086877167225,0.012856720015406609,0.010831937193870544
0.014125600457191467,0.0031153839081525803,0.012857729569077492,0.010831698775291443
0.014125587418675423,0.003110184334218502,0.012858385220170021,0.01083160936832428
0.014125583693385124,0.0031066937372088432,0.012858802452683449,0.010831579566001892
0.014125583693385124,0.0031043579801917076,0.012859074398875237,0.010831579566001892
0.014125583693385124,0.0031027868390083313,0.012859268113970757,0.010831579566001892
0.014125583693385124,0.0031017446890473366,0.012859372422099113,0.010831579566001892
0.014125583693385124,0.0031010573729872704,0.01285945437848568,0.010831579566001892
0.014125583693385124,0.0031006215140223503,0.012859484180808067,0.010831579566001892
0.014125583693385124,0.0031003206968307495,0.01285952515900135,0.010831579566001892
0.014125583693385124,0.0031001362949609756,0.012859536334872246,0.010831579566001892
0.014096682891249657,0.0030861319974064827,0.012870831415057182,0.010787080973386765
0.014069361612200737,0.003062671050429344,0.012871341779828072,0.010742750018835068
0.014057930558919907,0.003043806180357933,0.012869818136096,0.0107264444231987
0.014053558930754662,0.003030739724636078,0.012869460508227348,0.010721292346715927
0.014051876962184906,0.0030221007764339447,0.012869635596871376,0.010719779878854752
0.014051221311092377,0.003016490489244461,0.012869881466031075,0.010719351470470428
0.014050962403416634,0.0030128629878163338,0.012870093807578087,0.010719235986471176
0.014050863683223724,0.0030105402693152428,0.012870235368609428,0.010719209909439087
0.014050828292965889,0.003009045496582985,0.012870358303189278,0.010719198733568192
0.014050809666514397,0.003008074127137661,0.012870432808995247,0.010719198733568192
0.014050794765353203,0.0030074557289481163,0.01287047378718853,0.010719198733568192
0.014050794765353203,0.003007063642144203,0.01287049986422062,0.010719198733568192
0.014050794765353203,0.0030068056657910347,0.01287052221596241,0.010719198733568192
0.014050794765353203,0.003006638027727604,0.012870540842413902,0.010719198733568192
0.014050794765353203,0.0030065197497606277,0.012870555743575096,0.010719198733568192
0.014050794765353203,0.003006448969244957,0.012870563194155693,0.010719198733568192
0.014050794765353203,0.0030064042657613754,0.012870563194155693,0.010719198733568192
0.014050794765353203,0.003006376326084137,0.012870563194155693,0.010719198733568192
0.014050794765353203,0.0030063604936003685,0.012870563194155693,0.010719198733568192
0.014050794765353203,0.0030063502490520477,0.012870563194155693,0.010719198733568192
0.014050794765353203,0.0030063446611166,0.012870563194155693,0.010719198733568192
0.014050794765353203,0.003006341867148876,0.012870563194155693,0.010719198733568192
0.014050794765353203,0.0030063390731811523,0.012870563194155693,0.010719198733568192
0.014050794765353203,0.003006337210536003,0.012870563194155693,0.010719198733568192
0.014050794765353203,0.003006337210536003,0.012870563194155693,0.010719198733568192
0.014050794765353203,0.003006337210536003,0.012870563194155693,0.010719198733568192
0.014050794765353203,0.003006337210536003,0.012870563194155693,0.010719198733568192
0.014050794765353203,0.003006337210536003,0.012870563194155693,0.010719198733568192
0.014050794765353203,0.003006337210536003,0.012870563194155693,0.010719198733568192
0.014050794765353203,0.003006337210536003,0.012870563194155693,0.010719198733568192
0.014050794765353203,0.003006337210536003,0.012870563194155693,0.010719198733568192
0.014050794765353203,0.003006337210536003,0.012870563194155693,0.010719198733568192
0.014050794765353203,0.003006337210536003,0.012870563194155693,0.010719198733568192
0.014050794765353203,0.003006337210536003,0.012870563194155693,0.010719198733568192
0.014050794765353203,0.003006337210536003,0.012870563194155693,0.010719198733568192
0.014050794765353203,0.003006337210536003,0.012870563194155693,0.010719198733568192
0.014050794765353203,0.003006337210536003,0.012870563194155693,0.010719198733568192
0.014050794765353203,0.003006337210536003,0.012870563194155693,0.010719198733568192
0.014050794765353203,0.003006337210536003,0.012870563194155693,0.010719198733568192
0.014050794765353203,0.003006337210536003,0.012870563194155693,0.010719198733568192
0.014050794765353203,0.003006337210536003,0.012870563194155693,0.010719198733568192
0.014050794765353203,0.003006337210536003,0.012870563194155693,0.010719198733568192
0.014050794765353203,0.003006337210536003,0.012870563194155693,0.010719198733568192
0.014050794765353203,0.003006337210536003,0.012870563194155693,0.010719198733568192
0.014050794765353203,0.003006337210536003,0.012870563194155693,0.010719198733568192
0.014050794765353203,0.003006337210536003,0.012870563194155693,0.010719198733568192
0.014050794765353203,0.003006337210536003,0.012870563194155693,0.010719198733568192
0.014012834057211876,0.003018616698682308,0.012879667803645134,0.010818030685186386
0.013980697840452194,0.0030399858951568604,0.01287592388689518,0.010955091565847397
0.01396985910832882,0.003057866357266903,0.01287035457789898,0.011021193116903305
0.013966673985123634,0.003070782870054245,0.012867176905274391,0.011046119034290314
0.013965776190161705,0.003079710528254509,0.012865466997027397,0.011054567992687225
0.013965524733066559,0.003085770644247532,0.012864498421549797,0.011057250201702118
0.013965461403131485,0.0030898442491889,0.012863924726843834,0.011058062314987183
0.013965446501970291,0.003092557191848755,0.012863589450716972,0.011058315634727478
0.013965439051389694,0.0030943825840950012,0.012863343581557274,0.011058397591114044
0.013965439051389694,0.0030956007540225983,0.012863213196396828,0.011058416217565536
0.013965446501970291,0.003096410073339939,0.01286311261355877,0.011058423668146133
0.013965446501970291,0.0030969474464654922,0.012863053008913994,0.011058423668146133
0.013965446501970291,0.003097293898463249,0.012863030657172203,0.011058423668146133
0.013965446501970291,0.003097524866461754,0.012863000854849815,0.011058423668146133
0.013965446501970291,0.0030976859852671623,0.012862982228398323,0.011058423668146133
0.013965446501970291,0.003097783774137497,0.012862978503108025,0.011058423668146133
0.013965446501970291,0.0030978424474596977,0.012862978503108025,0.011058423668146133
0.013965446501970291,0.0030978769063949585,0.012862978503108025,0.011058423668146133
0.013965446501970291,0.0030978983268141747,0.012862978503108025,0.011058423668146133
0.013965446501970291,0.0030979104340076447,0.012862978503108025,0.011058423668146133
0.013965446501970291,0.003097918815910816,0.012862978503108025,0.011058423668146133
0.013965446501970291,0.0030979234725236893,0.012862978503108025,0.011058423668146133
0.013965446501970291,0.0030979271978139877,0.012862978503108025,0.011058423668146133
0.013965446501970291,0.0030979271978139877,0.012862978503108025,0.011058423668146133
0.013965446501970291,0.0030979271978139877,0.012862978503108025,0.011058423668146133
0.013965446501970291,0.0030979271978139877,0.012862978503108025,0.011058423668146133
0.013965446501970291,0.0030979271978139877,0.012862978503108025,0.011058423668146133
0.013965446501970291,0.0030979271978139877,0.012862978503108025,0.011058423668146133
0.013995213434100151,0.003104166127741337,0.01285671629011631,0.011084303259849548
0.014017822220921516,0.003117593936622143,0.01285245455801487,0.011109374463558197
0.014024825766682625,0.003131176345050335,0.012848852202296257,0.011118106544017792
0.014026809483766556,0.0031426604837179184,0.012845853343605995,0.01112072542309761
0.014027399942278862,0.003151664510369301,0.012843700125813484,0.011121474206447601
0.01402759924530983,0.0031584175303578377,0.01284225843846798,0.011121690273284912
0.014027668163180351,0.003163319081068039,0.012841319665312767,0.011121738702058792
0.014027688652276993,0.0031668106094002724,0.012840697541832924,0.011121753603219986
0.014027703553438187,0.003169272094964981,0.012840298935770988,0.011121753603219986
0.014027707278728485,0.0031709782779216766,0.0128400307148695,0.011121753603219986
0.014027707278728485,0.0031721265986561775,0.01283988170325756,0.011121753603219986
0.014027707278728485,0.0031729117035865784,0.012839766219258308,0.011121753603219986
0.014027707278728485,0.003173442557454109,0.012839706614613533,0.011121753603219986
0.014027707278728485,0.003173813223838806,0.012839654460549355,0.011121753603219986
0.014027707278728485,0.0031740618869662285,0.012839613482356071,0.011121753603219986
0.014027707278728485,0.0031742360442876816,0.01283959485590458,0.011121753603219986
0.014027707278728485,0.003174341283738613,0.01283959485590458,0.011121753603219986
0.014027707278728485,0.0031744055449962616,0.01283959485590458,0.011121753603219986
0.014027707278728485,0.0031744446605443954,0.01283959485590458,0.011121753603219986
0.014027707278728485,0.0031744660809636116,0.01283959485590458,0.011121753603219986
0.014027707278728485,0.003174477256834507,0.01283959485590458,0.011121753603219986
0.014027707278728485,0.003174486570060253,0.01283959485590458,0.011121753603219986
0.014027707278728485,0.0031744912266731262,0.01283959485590458,0.011121753603219986
0.014027707278728485,0.00317449402064085,0.01283959485590458,0.011121753603219986
0.014027707278728485,0.0031744949519634247,0.01283959485590458,0.011121753603219986
0.014027707278728485,0.0031744949519634247,0.01283959485590458,0.011121753603219986
0.014027707278728485,0.0031744949519634247,0.01283959485590458,0.011121753603219986
0.014027707278728485,0.0031744949519634247,0.01283959485590458,0.011121753603219986
0.014027707278728485,0.0031744949519634247,0.01283959485590458,0.011121753603219986
0.014027707278728485,0.0031744949519634247,0.01283959485590458,0.011121753603219986
0.014027707278728485,0.0031744949519634247,0.01283959485590458,0.011121753603219986
0.014027707278728485,0.0031744949519634247,0.01283959485590458,0.011121753603219986
0.014027707278728485,0.0031744949519634247,0.01283959485590458,0.011121753603219986
0.014027707278728485,0.0031744949519634247,0.01283959485590458,0.011121753603219986
0.014027707278728485,0.0031744949519634247,0.01283959485590458,0.011121753603219986
0.014027707278728485,0.0031744949519634247,0.01283959485590458,0.011121753603219986
0.014027707278728485,0.0031744949519634247,0.01283959485590458,0.011121753603219986
0.014027707278728485,0.0031744949519634247,0.01283959485590458,0.011121753603219986
0.014027707278728485,0.0031744949519634247,0.01283959485590458,0.011121753603219986
0.014027707278728485,0.0031744949519634247,0.01283959485590458,0.011121753603219986
0.014027707278728485,0.0031744949519634247,0.01283959485590458,0.011121753603219986
0.014027707278728485,0.0031744949519634247,0.01283959485590458,0.011121753603219986
0.014027707278728485,0.0031744949519634247,0.01283959485590458,0.011121753603219986
0.014027707278728485,0.0031744949519634247,0.01283959485590458,0.011121753603219986
0.014027707278728485,0.0031744949519634247,0.01283959485590458,0.011121753603219986
0.014027707278728485,0.0031744949519634247,0.01283959485590458,0.011121753603219986
0.014027707278728485,0.0031744949519634247,0.01283959485590458,0.011121753603219986
0.014027707278728485,0.0031744949519634247,0.01283959485590458,0.011121753603219986
0.014027707278728485,0.0031744949519634247,0.01283959485590458,0.011121753603219986
0.014027707278728485,0.0031744949519634247,0.01283959485590458,0.011121753603219986
0.014027707278728485,0.0031744949519634247,0.01283959485590458,0.011121753603219986
0.014027707278728485,0.0031744949519634247,0.01283959485590458,0.011121753603219986
0.014027707278728485,0.0031744949519634247,0.01283959485590458,0.011121753603219986
0.014027707278728485,0.0031744949519634247,0.01283959485590458,0.011121753603219986
0.014027707278728485,0.0031744949519634247,0.01283959485590458,0.011121753603219986
0.014027707278728485,0.0031744949519634247,0.01283959485590458,0.011121753603219986
0.014027707278728485,0.0031744949519634247,0.01283959485590458,0.011121753603219986
0.014027707278728485,0.0031744949519634247,0.01283959485590458,0.011121753603219986
0.014027707278728485,0.0031744949519634247,0.01283959485590458,0.011121753603219986
0.014027707278728485,0.0031744949519634247,0.01283959485590458,0.011121753603219986
0.014027707278728485,0.0031744949519634247,0.01283959485590458,0.011121753603219986
0.014027707278728485,0.0031744949519634247,0.01283959485590458,0.011121753603219986
0.014027707278728485,0.0031744949519634247,0.01283959485590458,0.011121753603219986
0.014027707278728485,0.0031744949519634247,0.01283959485590458,0.011121753603219986
0.014027707278728485,0.0031744949519634247,0.01283959485590458,0.011121753603219986
0.014027707278728485,0.0031744949519634247,0.01283959485590458,0.011121753603219986
0.014027707278728485,0.0031744949519634247,0.01283959485590458,0.011121753603219986
0.014027707278728485,0.0031744949519634247,0.01283959485590458,0.011121753603219986
0.014027707278728485,0.0031744949519634247,0.01283959485590458,0.011121753603219986
0.014027707278728485,0.0031744949519634247,0.01283959485590458,0.011121753603219986
0.014027707278728485,0.0031744949519634247,0.01283959485590458,0.011121753603219986
0.014027707278728485,0.0031744949519634247,0.01283959485590458,0.011121753603219986
0.014027707278728485,0.0031744949519634247,0.01283959485590458,0.011121753603219986
0.014027707278728485,0.0031744949519634247,0.01283959485590458,0.011121753603219986
0.014027707278728485,0.0031744949519634247,0.01283959485590458,0.011121753603219986
0.014027707278728485,0.0031744949519634247,0.01283959485590458,0.011121753603219986
0.014027707278728485,0.0031744949519634247,0.01283959485590458,0.011121753603219986
0.014027707278728485,0.0031744949519634247,0.01283959485590458,0.011121753603219986
0.014027707278728485,0.0031744949519634247,0.01283959485590458,0.011121753603219986
0.014027707278728485,0.0031744949519634247,0.01283959485590458,0.011121753603219986
0.014027707278728485,0.0031744949519634247,0.01283959485590458,0.011121753603219986
0.014027707278728485,0.0031744949519634247,0.01283959485590458,0.011121753603219986
0.014027707278728485,0.0031744949519634247,0.01283959485590458,0.011121753603219986
0.014027707278728485,0.0031744949519634247,0.01283959485590458,0.011121753603219986
0.014027707278728485,0.0031744949519634247,0.01283959485590458,0.011121753603219986
0.014027707278728485,0.0031744949519634247,0.01283959485590458,0.011121753603219986
0.014027707278728485,0.0031744949519634247,0.01283959485590458,0.011121753603219986
0.014027707278728485,0.0031744949519634247,0.01283959485590458,0.011121753603219986
0.014027707278728485,0.0031744949519634247,0.01283959485590458,0.011121753603219986
0.014027707278728485,0.0031744949519634247,0.01283959485590458,0.011121753603219986
0.014027707278728485,0.0031744949519634247,0.01283959485590458,0.011121753603219986
0.014027707278728485,0.0031744949519634247,0.01283959485590458,0.011121753603219986
0.014027707278728485,0.0031744949519634247,0.01283959485590458,0.011121753603219986
0.014027707278728485,0.0031744949519634247,0.01283959485590458,0.011121753603219986
0.014027707278728485,0.0031744949519634247,0.01283959485590458,0.011121753603219986
0.014027707278728485,0.0031744949519634247,0.01283959485590458,0.011121753603219986
0.014027707278728485,0.0031744949519634247,0.01283959485590458,0.011121753603219986
0.014077723026275635,0.003176424652338028,0.012852499261498451,0.011081501841545105
0.014113137498497963,0.00318046472966671,0.012869345024228096,0.011014208197593689
0.014121992513537407,0.003183988854289055,0.012876452878117561,0.010979235172271729
0.014123324304819107,0.0031864605844020844,0.012878941372036934,0.010965593159198761
0.01412321999669075,0.003188014030456543,0.012879868969321251,0.010960891842842102
0.014123000204563141,0.003188949078321457,0.012880245223641396,0.010959375649690628
0.014122869819402695,0.0031894640997052193,0.012880416586995125,0.010958928614854813
0.014122800901532173,0.003189738839864731,0.012880513444542885,0.010958820581436157
0.014122748747467995,0.003189864568412304,0.012880584225058556,0.01095879077911377
0.01412273570895195,0.0031899092718958855,0.012880610302090645,0.010958783328533173
0.014122731983661652,0.0031899400055408478,0.012880614027380943,0.010958779603242874
0.014122728258371353,0.0031899577006697655,0.012880614027380943,0.010958779603242874
0.014122728258371353,0.00318997073918581,0.012880614027380943,0.010958779603242874
0.014122728258371353,0.0031899772584438324,0.012880614027380943,0.010958779603242874
0.014122728258371353,0.0031899819150567055,0.012880614027380943,0.010958779603242874
0.014122728258371353,0.0031899865716695786,0.012880614027380943,0.010958779603242874
0.014122728258371353,0.0031899893656373024,0.012880614027380943,0.010958779603242874
0.014122728258371353,0.0031899893656373024,0.012880614027380943,0.010958779603242874
0.014122728258371353,0.0031899893656373024,0.012880614027380943,0.010958779603242874
0.014122728258371353,0.0031899893656373024,0.012880614027380943,0.010958779603242874
0.014122728258371353,0.0031899893656373024,0.012880614027380943,0.010958779603242874
0.014122728258371353,0.0031899893656373024,0.012880614027380943,0.010958779603242874
0.014122728258371353,0.0031899893656373024,0.012880614027380943,0.010958779603242874
0.014122728258371353,0.0031899893656373024,0.012880614027380943,0.010958779603242874
0.014122728258371353,0.0031899893656373024,0.012880614027380943,0.010958779603242874
0.014122728258371353,0.0031899893656373024,0.012880614027380943,0.010958779603242874
0.014122728258371353,0.0031899893656373024,0.012880614027380943,0.010958779603242874
0.014122728258371353,0.0031899893656373024,0.012880614027380943,0.010958779603242874
0.014122728258371353,0.0031899893656373024,0.012880614027380943,0.010958779603242874
0.014122728258371353,0.0031899893656373024,0.012880614027380943,0.010958779603242874
0.014122728258371353,0.0031899893656373024,0.012880614027380943,0.010958779603242874
0.014122728258371353,0.0031899893656373024,0.012880614027380943,0.010958779603242874
0.014122728258371353,0.0031899893656373024,0.012880614027380943,0.010958779603242874
0.014122728258371353,0.0031899893656373024,0.012880614027380943,0.010958779603242874
0.014122728258371353,0.0031899893656373024,0.012880614027380943,0.010958779603242874
0.014122728258371353,0.0031899893656373024,0.012880614027380943,0.010958779603242874
0.014122728258371353,0.0031899893656373024,0.012880614027380943,0.010958779603242874
0.014122728258371353,0.0031899893656373024,0.012880614027380943,0.010958779603242874
0.014122728258371353,0.0031899893656373024,0.012880614027380943,0.010958779603242874
0.014122728258371353,0.0031899893656373024,0.012880614027380943,0.010958779603242874
0.014122728258371353,0.0031899893656373024,0.012880614027380943,0.010958779603242874
0.014122728258371353,0.0031899893656373024,0.012880614027380943,0.010958779603242874
0.014122728258371353,0.0031899893656373024,0.012880614027380943,0.010958779603242874
0.014122728258371353,0.0031899893656373024,0.012880614027380943,0.010958779603242874
0.014122728258371353,0.0031899893656373024,0.012880614027380943,0.010958779603242874
0.014122728258371353,0.0031899893656373024,0.012880614027380943,0.010958779603242874
0.014122728258371353,0.0031899893656373024,0.012880614027380943,0.010958779603242874
0.014122728258371353,0.0031899893656373024,0.012880614027380943,0.010958779603242874
0.014122728258371353,0.0031899893656373024,0.012880614027380943,0.010958779603242874
0.014122728258371353,0.0031899893656373024,0.012880614027380943,0.010958779603242874
0.014122728258371353,0.0031899893656373024,0.012880614027380943,0.010958779603242874
0.014122728258371353,0.0031899893656373024,0.012880614027380943,0.010958779603242874
0.014122728258371353,0.0031899893656373024,0.012880614027380943,0.010958779603242874
0.014122728258371353,0.0031899893656373024,0.012880614027380943,0.010958779603242874
0.014122728258371353,0.0031899893656373024,0.012880614027380943,0.010958779603242874
0.014122728258371353,0.0031899893656373024,0.012880614027380943,0.010958779603242874
0.014122728258371353,0.0031899893656373024,0.012880614027380943,0.010958779603242874
0.014122728258371353,0.0031899893656373024,0.012880614027380943,0.010958779603242874
0.014122728258371353,0.0031899893656373024,0.012880614027380943,0.010958779603242874
0.014122728258371353,0.0031899893656373024,0.012880614027380943,0.010958779603242874
0.014122728258371353,0.0031899893656373024,0.012880614027380943,0.010958779603242874
0.014122728258371353,0.0031899893656373024,0.012880614027380943,0.010958779603242874
0.014122728258371353,0.0031899893656373024,0.012880614027380943,0.010958779603242874
0.014122728258371353,0.0031899893656373024,0.012880614027380943,0.010958779603242874
0.014122728258371353,0.0031899893656373024,0.012880614027380943,0.010958779603242874
0.014122728258371353,0.0031899893656373024,0.012880614027380943,0.010958779603242874
0.014122728258371353,0.0031899893656373024,0.012880614027380943,0.010958779603242874
0.014122728258371353,0.0031899893656373024,0.012880614027380943,0.010958779603242874
0.014122728258371353,0.0031899893656373024,0.012880614027380943,0.010958779603242874
0.014122728258371353,0.0031899893656373024,0.012880614027380943,0.010958779603242874
0.014122728258371353,0.0031899893656373024,0.012880614027380943,0.010958779603242874
0.014122728258371353,0.0031899893656373024,0.012880614027380943,0.010958779603242874
0.014122728258371353,0.0031899893656373024,0.012880614027380943,0.010958779603242874
0.014122728258371353,0.0031899893656373024,0.012880614027380943,0.010958779603242874
0.014122728258371353,0.0031899893656373024,0.012880614027380943,0.010958779603242874
0.014122728258371353,0.0031899893656373024,0.012880614027380943,0.010958779603242874
0.014122728258371353,0.0031899893656373024,0.012880614027380943,0.010958779603242874
0.014130828902125359,0.0031860237941145897,0.012881642207503319,0.010935094207525253
0.01413664035499096,0.0031789811328053474,0.012884626165032387,0.010902594774961472
0.014137962833046913,0.0031729554757475853,0.012886645272374153,0.010887011885643005
0.014138074591755867,0.0031684869900345802,0.012887736782431602,0.01088118925690651
0.014138000085949898,0.003165343776345253,0.012888358905911446,0.010879222303628922
0.014137925580143929,0.003163151443004608,0.012888716533780098,0.010878589004278183
0.014137890189886093,0.003161665052175522,0.0128889549523592,0.010878406465053558
0.0141378752887249,0.0031606536358594894,0.012889096513390541,0.01087837666273117
0.014137867838144302,0.0031599560752511024,0.012889185920357704,0.010878365486860275
0.014137865975499153,0.003159480169415474,0.012889260426163673,0.010878358036279678
0.014137865975499153,0.0031591663137078285,0.01288929395377636,0.010878358036279678
0.014137865975499153,0.003158954903483391,0.012889320030808449,0.010878358036279678
0.014137865975499153,0.003158809617161751,0.012889338657259941,0.010878358036279678
0.014137865975499153,0.003158722072839737,0.012889338657259941,0.010878358036279678
0.014137865975499153,0.003158670850098133,0.012889338657259941,0.010878358036279678
0.014137865975499153,0.003158639185130596,0.012889338657259941,0.010878358036279678
0.014137865975499153,0.0031586214900016785,0.012889338657259941,0.010878358036279678
0.014137865975499153,0.003158610314130783,0.012889338657259941,0.010878358036279678
0.014137865975499153,0.0031586047261953354,0.012889338657259941,0.010878358036279678
0.014137865975499153,0.0031586000695824623,0.012889338657259941,0.010878358036279678
0.014137865975499153,0.0031585972756147385,0.012889338657259941,0.010878358036279678
0.014137865975499153,0.0031585944816470146,0.012889338657259941,0.010878358036279678
0.014137865975499153,0.0031585944816470146,0.012889338657259941,0.010878358036279678
0.014137865975499153,0.0031585944816470146,0.012889338657259941,0.010878358036279678
0.014137865975499153,0.0031585944816470146,0.012889338657259941,0.010878358036279678
0.014137865975499153,0.0031585944816470146,0.012889338657259941,0.010878358036279678
0.014137865975499153,0.0031585944816470146,0.012889338657259941,0.010878358036279678
0.014137865975499153,0.0031585944816470146,0.012889338657259941,0.010878358036279678
0.014137865975499153,0.0031585944816470146,0.012889338657259941,0.010878358036279678
0.014137865975499153,0.0031585944816470146,0.012889338657259941,0.010878358036279678
0.014137865975499153,0.0031585944816470146,0.012889338657259941,0.010878358036279678
0.014137865975499153,0.0031585944816470146,0.012889338657259941,0.010878358036279678
0.014137865975499153,0.0031585944816470146,0.012889338657259941,0.010878358036279678
0.014137865975499153,0.0031585944816470146,0.012889338657259941,0.010878358036279678
0.014137865975499153,0.0031585944816470146,0.012889338657259941,0.010878358036279678
0.014137865975499153,0.0031585944816470146,0.012889338657259941,0.010878358036279678
0.014137865975499153,0.0031585944816470146,0.012889338657259941,0.010878358036279678
0.014137865975499153,0.0031585944816470146,0.012889338657259941,0.010878358036279678
0.014137865975499153,0.0031585944816470146,0.012889338657259941,0.010878358036279678
0.014137865975499153,0.0031585944816470146,0.012889338657259941,0.010878358036279678
0.014137865975499153,0.0031585944816470146,0.012889338657259941,0.010878358036279678
0.014137865975499153,0.0031585944816470146,0.012889338657259941,0.010878358036279678
0.014137865975499153,0.0031585944816470146,0.012889338657259941,0.010878358036279678
0.014137865975499153,0.0031585944816470146,0.012889338657259941,0.010878358036279678
0.014137865975499153,0.0031585944816470146,0.012889338657259941,0.010878358036279678
0.014137865975499153,0.0031585944816470146,0.012889338657259941,0.010878358036279678
0.014137865975499153,0.0031585944816470146,0.012889338657259941,0.010878358036279678
0.014137865975499153,0.0031585944816470146,0.012889338657259941,0.010878358036279678
0.014137865975499153,0.0031585944816470146,0.012889338657259941,0.010878358036279678
0.014137865975499153,0.0031585944816470146,0.012889338657259941,0.010878358036279678
0.014137865975499153,0.0031585944816470146,0.012889338657259941,0.010878358036279678
0.014137865975499153,0.0031585944816470146,0.012889338657259941,0.010878358036279678
0.014137865975499153,0.0031585944816470146,0.012889338657259941,0.010878358036279678
0.014137865975499153,0.0031585944816470146,0.012889338657259941,0.010878358036279678
0.014137865975499153,0.0031585944816470146,0.012889338657259941,0.010878358036279678
0.014137865975499153,0.0031585944816470146,0.012889338657259941,0.010878358036279678
0.014137865975499153,0.0031585944816470146,0.012889338657259941,0.010878358036279678
0.014137865975499153,0.0031585944816470146,0.012889338657259941,0.010878358036279678
0.014137865975499153,0.0031585944816470146,0.012889338657259941,0.010878358036279678
0.014137865975499153,0.0031585944816470146,0.012889338657259941,0.010878358036279678
0.014137865975499153,0.0031585944816470146,0.012889338657259941,0.010878358036279678
0.014137865975499153,0.0031585944816470146,0.012889338657259941,0.010878358036279678
0.014137865975499153,0.0031585944816470146,0.012889338657259941,0.010878358036279678
0.014137865975499153,0.0031585944816470146,0.012889338657259941,0.010878358036279678
0.014137865975499153,0.0031585944816470146,0.012889338657259941,0.010878358036279678
0.014137865975499153,0.0031585944816470146,0.012889338657259941,0.010878358036279678
0.014137865975499153,0.0031585944816470146,0.012889338657259941,0.010878358036279678
0.014137865975499153,0.0031585944816470146,0.012889338657259941,0.010878358036279678
0.014137865975499153,0.0031585944816470146,0.012889338657259941,0.010878358036279678
0.014137865975499153,0.0031585944816470146,0.012889338657259941,0.010878358036279678
0.014137865975499153,0.0031585944816470146,0.012889338657259941,0.010878358036279678
0.014137865975499153,0.0031585944816470146,0.012889338657259941,0.010878358036279678
0.014137865975499153,0.0031585944816470146,0.012889338657259941,0.010878358036279678
0.014137865975499153,0.0031585944816470146,0.012889338657259941,0.010878358036279678
0.014137865975499153,0.0031585944816470146,0.012889338657259941,0.010878358036279678
0.014137865975499153,0.0031585944816470146,0.012889338657259941,0.010878358036279678
0.014137865975499153,0.0031585944816470146,0.012889338657259941,0.010878358036279678
0.014137865975499153,0.0031585944816470146,0.012889338657259941,0.010878358036279678
0.014137865975499153,0.0031585944816470146,0.012889338657259941,0.010878358036279678
0.014137865975499153,0.0031585944816470146,0.012889338657259941,0.010878358036279678
0.014137865975499153,0.0031585944816470146,0.012889338657259941,0.010878358036279678
0.014137865975499153,0.0031585944816470146,0.012889338657259941,0.010878358036279678
0.014137865975499153,0.0031585944816470146,0.012889338657259941,0.010878358036279678
0.014137865975499153,0.0031585944816470146,0.012889338657259941,0.010878358036279678
0.014137865975499153,0.0031585944816470146,0.012889338657259941,0.010878358036279678
0.014137865975499153,0.0031585944816470146,0.012889338657259941,0.010878358036279678
0.014137865975499153,0.0031585944816470146,0.012889338657259941,0.010878358036279678
0.014137865975499153,0.0031585944816470146,0.012889338657259941,0.010878358036279678
0.014137865975499153,0.0031585944816470146,0.012889338657259941,0.010878358036279678
0.014137865975499153,0.0031585944816470146,0.012889338657259941,0.010878358036279678
0.014137865975499153,0.0031585944816470146,0.012889338657259941,0.010878358036279678
0.014137865975499153,0.0031585944816470146,0.012889338657259941,0.010878358036279678
0.014137865975499153,0.0031585944816470146,0.012889338657259941,0.010878358036279678
0.014137865975499153,0.0031585944816470146,0.012889338657259941,0.010878358036279678
0.014137865975499153,0.0031585944816470146,0.012889338657259941,0.010878358036279678
0.014137865975499153,0.0031585944816470146,0.012889338657259941,0.010878358036279678
0.014137865975499153,0.0031585944816470146,0.012889338657259941,0.010878358036279678
0.014137865975499153,0.0031585944816470146,0.012889338657259941,0.010878358036279678
0.014137865975499153,0.0031585944816470146,0.012889338657259941,0.010878358036279678
0.014137865975499153,0.0031585944816470146,0.012889338657259941,0.010878358036279678
0.014137865975499153,0.0031585944816470146,0.012889338657259941,0.010878358036279678
0.014137865975499153,0.0031585944816470146,0.012889338657259941,0.010878358036279678
0.014137865975499153,0.0031585944816470146,0.012889338657259941,0.010878358036279678
0.014137865975499153,0.0031585944816470146,0.012889338657259941,0.010878358036279678
0.014137865975499153,0.0031585944816470146,0.012889338657259941,0.010878358036279678
0.014137865975499153,0.0031585944816470146,0.012889338657259941,0.010878358036279678
0.014137865975499153,0.0031585944816470146,0.012889338657259941,0.010878358036279678
0.014137865975499153,0.0031585944816470146,0.012889338657259941,0.010878358036279678
0.014137865975499153,0.0031585944816470146,0.012889338657259941,0.010878358036279678
0.014137865975499153,0.0031585944816470146,0.012889338657259941,0.010878358036279678
0.014137865975499153,0.0031585944816470146,0.012889338657259941,0.010878358036279678
0.014137865975499153,0.0031585944816470146,0.012889338657259941,0.010878358036279678
0.014137865975499153,0.0031585944816470146,0.012889338657259941,0.010878358036279678
0.014137865975499153,0.0031585944816470146,0.012889338657259941,0.010878358036279678
0.014137865975499153,0.0031585944816470146,0.012889338657259941,0.010878358036279678
0.014137865975499153,0.0031585944816470146,0.012889338657259941,0.010878358036279678
0.014137865975499153,0.0031585944816470146,0.012889338657259941,0.010878358036279678
0.014137865975499153,0.0031585944816470146,0.012889338657259941,0.010878358036279678
0.014137865975499153,0.0031585944816470146,0.012889338657259941,0.010878358036279678
0.014137865975499153,0.0031585944816470146,0.012889338657259941,0.010878358036279678
0.014137865975499153,0.0031585944816470146,0.012889338657259941,0.010878358036279678
0.014137865975499153,0.0031585944816470146,0.012889338657259941,0.010878358036279678
0.014137865975499153,0.0031585944816470146,0.012889338657259941,0.010878358036279678
0.014137865975499153,0.0031585944816470146,0.012889338657259941,0.010878358036279678
0.014137865975499153,0.0031585944816470146,0.012889338657259941,0.010878358036279678
0.014137865975499153,0.0031585944816470146,0.012889338657259941,0.010878358036279678
0.014137865975499153,0.0031585944816470146,0.012889338657259941,0.010878358036279678
0.014137865975499153,0.0031585944816470146,0.012889338657259941,0.010878358036279678
0.014137865975499153,0.0031585944816470146,0.012889338657259941,0.010878358036279678
0.014137865975499153,0.0031585944816470146,0.012889338657259941,0.010878358036279678
0.014137865975499153,0.0031585944816470146,0.012889338657259941,0.010878358036279678
0.014137865975499153,0.0031585944816470146,0.012889338657259941,0.010878358036279678
0.014137865975499153,0.0031585944816470146,0.012889338657259941,0.010878358036279678
0.014137865975499153,0.0031585944816470146,0.012889338657259941,0.010878358036279678
0.014137865975499153,0.0031585944816470146,0.012889338657259941,0.010878358036279678
0.014137865975499153,0.0031585944816470146,0.012889338657259941,0.010878358036279678
0.014137865975499153,0.0031585944816470146,0.012889338657259941,0.010878358036279678
0.014137865975499153,0.0031585944816470146,0.012889338657259941,0.010878358036279678
0.014137865975499153,0.0031585944816470146,0.012889338657259941,0.010878358036279678
0.014137865975499153,0.0031585944816470146,0.012889338657259941,0.010878358036279678
0.014137865975499153,0.0031585944816470146,0.012889338657259941,0.010878358036279678
0.014137865975499153,0.0031585944816470146,0.012889338657259941,0.010878358036279678
0.014137865975499153,0.0031585944816470146,0.012889338657259941,0.010878358036279678
0.014137865975499153,0.0031585944816470146,0.012889338657259941,0.010878358036279678
0.014137865975499153,0.0031585944816470146,0.012889338657259941,0.010878358036279678
0.014137865975499153,0.0031585944816470146,0.012889338657259941,0.010878358036279678
0.014137865975499153,0.0031585944816470146,0.012889338657259941,0.010878358036279678
0.014137865975499153,0.0031585944816470146,0.012889338657259941,0.010878358036279678
0.014137865975499153,0.0031585944816470146,0.012889338657259941,0.010878358036279678
0.014137865975499153,0.0031585944816470146,0.012889338657259941,0.010878358036279678
0.014137865975499153,0.0031585944816470146,0.012889338657259941,0.010878358036279678
0.014137865975499153,0.0031585944816470146,0.012889338657259941,0.010878358036279678
0.014137865975499153,0.0031585944816470146,0.012889338657259941,0.010878358036279678
0.014137865975499153,0.0031585944816470146,0.012889338657259941,0.010878358036279678
0.014137865975499153,0.0031585944816470146,0.012889338657259941,0.010878358036279678
0.014137865975499153,0.0031585944816470146,0.012889338657259941,0.010878358036279678
0.014137865975499153,0.0031585944816470146,0.012889338657259941,0.010878358036279678
0.014137865975499153,0.0031585944816470146,0.012889338657259941,0.010878358036279678
0.014137865975499153,0.0031585944816470146,0.012889338657259941,0.010878358036279678
0.014137865975499153,0.0031585944816470146,0.012889338657259941,0.010878358036279678
0.014137865975499153,0.0031585944816470146,0.012889338657259941,0.010878358036279678
0.014137865975499153,0.0031585944816470146,0.012889338657259941,0.010878358036279678
0.014137865975499153,0.0031585944816470146,0.012889338657259941,0.010878358036279678
0.014137865975499153,0.0031585944816470146,0.012889338657259941,0.010878358036279678
0.014137865975499153,0.0031585944816470146,0.012889338657259941,0.010878358036279678
0.014137865975499153,0.0031585944816470146,0.012889338657259941,0.010878358036279678
0.014137865975499153,0.0031585944816470146,0.012889338657259941,0.010878358036279678
0.014137865975499153,0.0031585944816470146,0.012889338657259941,0.010878358036279678
0.014137865975499153,0.0031585944816470146,0.012889338657259941,0.010878358036279678
0.014137865975499153,0.0031585944816470146,0.012889338657259941,0.010878358036279678
0.014137865975499153,0.0031585944816470146,0.012889338657259941,0.010878358036279678
0.014137865975499153,0.0031585944816470146,0.012889338657259941,0.010878358036279678
0.014137865975499153,0.0031585944816470146,0.012889338657259941,0.010878358036279678
0.014137865975499153,0.0031585944816470146,0.012889338657259941,0.010878358036279678
0.014137865975499153,0.0031585944816470146,0.012889338657259941,0.010878358036279678
0.014137865975499153,0.0031585944816470146,0.012889338657259941,0.010878358036279678
0.014137865975499153,0.0031585944816470146,0.012889338657259941,0.010878358036279678
0.014137865975499153,0.0031585944816470146,0.012889338657259941,0.010878358036279678
0.014137865975499153,0.0031585944816470146,0.012889338657259941,0.010878358036279678
0.014137865975499153,0.0031585944816470146,0.012889338657259941,0.010878358036279678
0.014137865975499153,0.0031585944816470146,0.012889338657259941,0.010878358036279678
0.014137865975499153,0.0031585944816470146,0.012889338657259941,0.010878358036279678
0.014137865975499153,0.0031585944816470146,0.012889338657259941,0.010878358036279678
0.014137865975499153,0.0031585944816470146,0.012889338657259941,0.010878358036279678
0.014137865975499153,0.0031585944816470146,0.012889338657259941,0.010878358036279678
0.014137865975499153,0.0031585944816470146,0.012889338657259941,0.010878358036279678
0.014137865975499153,0.0031585944816470146,0.012889338657259941,0.010878358036279678
0.014137865975499153,0.0031585944816470146,0.012889338657259941,0.010878358036279678
0.014137865975499153,0.0031585944816470146,0.012889338657259941,0.010878358036279678
0.014137865975499153,0.0031585944816470146,0.012889338657259941,0.010878358036279678
0.014137865975499153,0.0031585944816470146,0.012889338657259941,0.010878358036279678
0.014137865975499153,0.0031585944816470146,0.012889338657259941,0.010878358036279678
0.014137865975499153,0.0031585944816470146,0.012889338657259941,0.010878358036279678
0.014137865975499153,0.0031585944816470146,0.012889338657259941,0.010878358036279678
0.014137865975499153,0.0031585944816470146,0.012889338657259941,0.010878358036279678
0.014137865975499153,0.0031585944816470146,0.012889338657259941,0.010878358036279678
0.014137865975499153,0.0031585944816470146,0.012889338657259941,0.010878358036279678
0.014137865975499153,0.0031585944816470146,0.012889338657259941,0.010878358036279678
0.014137865975499153,0.0031585944816470146,0.012889338657259941,0.010878358036279678
0.014137865975499153,0.0031585944816470146,0.012889338657259941,0.010878358036279678
0.014137865975499153,0.0031585944816470146,0.012889338657259941,0.010878358036279678
0.014137865975499153,0.0031585944816470146,0.012889338657259941,0.010878358036279678
0.014137865975499153,0.0031585944816470146,0.012889338657259941,0.010878358036279678
0.014137865975499153,0.0031585944816470146,0.012889338657259941,0.010878358036279678
0.014137865975499153,0.0031585944816470146,0.012889338657259941,0.010878358036279678
0.014137865975499153,0.0031585944816470146,0.012889338657259941,0.010878358036279678
0.014137865975499153,0.0031585944816470146,0.012889338657259941,0.010878358036279678
0.014137865975499153,0.0031585944816470146,0.012889338657259941,0.010878358036279678
0.014137865975499153,0.0031585944816470146,0.012889338657259941,0.010878358036279678
0.014137865975499153,0.0031585944816470146,0.012889338657259941,0.010878358036279678
0.014137865975499153,0.0031585944816470146,0.012889338657259941,0.010878358036279678
0.014137865975499153,0.0031585944816470146,0.012889338657259941,0.010878358036279678
0.014137865975499153,0.0031585944816470146,0.012889338657259941,0.010878358036279678
0.014137865975499153,0.0031585944816470146,0.012889338657259941,0.010878358036279678
0.014137865975499153,0.0031585944816470146,0.012889338657259941,0.010878358036279678
0.014137865975499153,0.0031585944816470146,0.012889338657259941,0.010878358036279678
0.014137865975499153,0.0031585944816470146,0.012889338657259941,0.010878358036279678
0.014137865975499153,0.0031585944816470146,0.012889338657259941,0.010878358036279678
0.014137865975499153,0.0031585944816470146,0.012889338657259941,0.010878358036279678
0.014137865975499153,0.0031585944816470146,0.012889338657259941,0.010878358036279678
0.014137865975499153,0.0031585944816470146,0.012889338657259941,0.010878358036279678
0.014137865975499153,0.0031585944816470146,0.012889338657259941,0.010878358036279678
0.014137865975499153,0.0031585944816470146,0.012889338657259941,0.010878358036279678
0.014137865975499153,0.0031585944816470146,0.012889338657259941,0.010878358036279678
0.014137865975499153,0.0031585944816470146,0.012889338657259941,0.010878358036279678
0.014137865975499153,0.0031585944816470146,0.012889338657259941,0.010878358036279678
0.014137865975499153,0.0031585944816470146,0.012889338657259941,0.010878358036279678
0.014137865975499153,0.0031585944816470146,0.012889338657259941,0.010878358036279678
0.014137865975499153,0.0031585944816470146,0.012889338657259941,0.010878358036279678
0.014137865975499153,0.0031585944816470146,0.012889338657259941,0.010878358036279678
0.014137865975499153,0.0031585944816470146,0.012889338657259941,0.010878358036279678
0.014137865975499153,0.0031585944816470146,0.012889338657259941,0.010878358036279678
0.014137865975499153,0.0031585944816470146,0.012889338657259941,0.010878358036279678
0.014137865975499153,0.0031585944816470146,0.012889338657259941,0.010878358036279678
0.014137865975499153,0.0031585944816470146,0.012889338657259941,0.010878358036279678
0.014137865975499153,0.0031585944816470146,0.012889338657259941,0.010878358036279678
0.014137865975499153,0.0031585944816470146,0.012889338657259941,0.010878358036279678
0.014137865975499153,0.0031585944816470146,0.012889338657259941,0.010878358036279678
0.014137865975499153,0.0031585944816470146,0.012889338657259941,0.010878358036279678
0.014137865975499153,0.0031585944816470146,0.012889338657259941,0.010878358036279678
0.014137865975499153,0.0031585944816470146,0.012889338657259941,0.010878358036279678
0.014137865975499153,0.0031585944816470146,0.012889338657259941,0.010878358036279678
0.014137865975499153,0.0031585944816470146,0.012889338657259941,0.010878358036279678
0.014137865975499153,0.0031585944816470146,0.012889338657259941,0.010878358036279678
0.014137865975499153,0.0031585944816470146,0.012889338657259941,0.010878358036279678
0.014137865975499153,0.0031585944816470146,0.012889338657259941,0.010878358036279678
0.014137865975499153,0.0031585944816470146,0.012889338657259941,0.010878358036279678
0.014137865975499153,0.0031585944816470146,0.012889338657259941,0.010878358036279678
0.014137865975499153,0.0031585944816470146,0.012889338657259941,0.010878358036279678
0.014137865975499153,0.0031585944816470146,0.012889338657259941,0.010878358036279678
0.014137865975499153,0.0031585944816470146,0.012889338657259941,0.010878358036279678
0.014137865975499153,0.0031585944816470146,0.012889338657259941,0.010878358036279678
0.014137865975499153,0.0031585944816470146,0.012889338657259941,0.010878358036279678
0.014137865975499153,0.0031585944816470146,0.012889338657259941,0.010878358036279678
0.014137865975499153,0.0031585944816470146,0.012889338657259941,0.010878358036279678
0.014137865975499153,0.0031585944816470146,0.012889338657259941,0.010878358036279678
0.014137865975499153,0.0031585944816470146,0.012889338657259941,0.010878358036279678
0.014137865975499153,0.0031585944816470146,0.012889338657259941,0.010878358036279678
0.014137865975499153,0.0031585944816470146,0.012889338657259941,0.010878358036279678
0.014137865975499153,0.0031585944816470146,0.012889338657259941,0.010878358036279678
0.014137865975499153,0.0031585944816470146,0.012889338657259941,0.010878358036279678
0.014137865975499153,0.0031585944816470146,0.012889338657259941,0.010878358036279678
0.014137865975499153,0.0031585944816470146,0.012889338657259941,0.010878358036279678
0.014137865975499153,0.0031585944816470146,0.012889338657259941,0.010878358036279678
0.014137865975499153,0.0031585944816470146,0.012889338657259941,0.010878358036279678
0.014137865975499153,0.0031585944816470146,0.012889338657259941,0.010878358036279678
0.014137865975499153,0.0031585944816470146,0.012889338657259941,0.010878358036279678
0.014137865975499153,0.0031585944816470146,0.012889338657259941,0.010878358036279678
0.014137865975499153,0.0031585944816470146,0.012889338657259941,0.010878358036279678
0.014137865975499153,0.0031585944816470146,0.012889338657259941,0.010878358036279678
0.014137865975499153,0.0031585944816470146,0.012889338657259941,0.010878358036279678
0.014137865975499153,0.0031585944816470146,0.012889338657259941,0.010878358036279678
0.014137865975499153,0.0031585944816470146,0.012889338657259941,0.010878358036279678
0.014137865975499153,0.0031585944816470146,0.012889338657259941,0.010878358036279678
0.014137865975499153,0.0031585944816470146,0.012889338657259941,0.010878358036279678
0.014137865975499153,0.0031585944816470146,0.012889338657259941,0.010878358036279678
0.014137865975499153,0.0031585944816470146,0.012889338657259941,0.010878358036279678
0.014137865975499153,0.0031585944816470146,0.012889338657259941,0.010878358036279678
0.014137865975499153,0.0031585944816470146,0.012889338657259941,0.010878358036279678
0.014137865975499153,0.0031585944816470146,0.012889338657259941,0.010878358036279678
0.014137865975499153,0.0031585944816470146,0.012889338657259941,0.010878358036279678
0.014137865975499153,0.0031585944816470146,0.012889338657259941,0.010878358036279678
0.014137865975499153,0.0031585944816470146,0.012889338657259941,0.010878358036279678
0.014137865975499153,0.0031585944816470146,0.012889338657259941,0.010878358036279678
0.014137865975499153,0.0031585944816470146,0.012889338657259941,0.010878358036279678
0.014137865975499153,0.0031585944816470146,0.012889338657259941,0.010878358036279678
0.014137865975499153,0.0031585944816470146,0.012889338657259941,0.010878358036279678
0.014137865975499153,0.0031585944816470146,0.012889338657259941,0.010878358036279678
0.014137865975499153,0.0031585944816470146,0.012889338657259941,0.010878358036279678
0.014137865975499153,0.0031585944816470146,0.012889338657259941,0.010878358036279678
0.014137865975499153,0.0031585944816470146,0.012889338657259941,0.010878358036279678
0.014137865975499153,0.0031585944816470146,0.012889338657259941,0.010878358036279678
0.014137865975499153,0.0031585944816470146,0.012889338657259941,0.010878358036279678
0.014137865975499153,0.0031585944816470146,0.012889338657259941,0.010878358036279678
0.014137865975499153,0.0031585944816470146,0.012889338657259941,0.010878358036279678
0.014137865975499153,0.0031585944816470146,0.012889338657259941,0.010878358036279678
0.014137865975499153,0.0031585944816470146,0.012889338657259941,0.010878358036279678
0.014137865975499153,0.0031585944816470146,0.012889338657259941,0.010878358036279678
0.014137865975499153,0.0031585944816470146,0.012889338657259941,0.010878358036279678
0.014137865975499153,0.0031585944816470146,0.012889338657259941,0.010878358036279678
0.014137865975499153,0.0031585944816470146,0.012889338657259941,0.010878358036279678
0.014137865975499153,0.0031585944816470146,0.012889338657259941,0.010878358036279678
0.014137865975499153,0.0031585944816470146,0.012889338657259941,0.010878358036279678
0.014137865975499153,0.0031585944816470146,0.012889338657259941,0.010878358036279678
0.014137865975499153,0.0031585944816470146,0.012889338657259941,0.010878358036279678
0.014137865975499153,0.0031585944816470146,0.012889338657259941,0.010878358036279678
0.014137865975499153,0.0031585944816470146,0.012889338657259941,0.010878358036279678
0.014137865975499153,0.0031585944816470146,0.012889338657259941,0.010878358036279678
0.014137865975499153,0.0031585944816470146,0.012889338657259941,0.010878358036279678
0.014137865975499153,0.0031585944816470146,0.012889338657259941,0.010878358036279678
0.014137865975499153,0.0031585944816470146,0.012889338657259941,0.010878358036279678
0.014137865975499153,0.0031585944816470146,0.012889338657259941,0.010878358036279678
0.014137865975499153,0.0031585944816470146,0.012889338657259941,0.010878358036279678
0.014137865975499153,0.0031585944816470146,0.012889338657259941,0.010878358036279678
0.014137865975499153,0.0031585944816470146,0.012889338657259941,0.010878358036279678
0.014137865975499153,0.0031585944816470146,0.012889338657259941,0.010878358036279678
0.014137865975499153,0.0031585944816470146,0.012889338657259941,0.010878358036279678
0.014137865975499153,0.0031585944816470146,0.012889338657259941,0.010878358036279678
0.014137865975499153,0.0031585944816470146,0.012889338657259941,0.010878358036279678
0.014137865975499153,0.0031585944816470146,0.012889338657259941,0.010878358036279678
0.014137865975499153,0.0031585944816470146,0.012889338657259941,0.010878358036279678
0.014137865975499153,0.0031585944816470146,0.012889338657259941,0.010878358036279678
0.014137865975499153,0.0031585944816470146,0.012889338657259941,0.010878358036279678
0.014137865975499153,0.0031585944816470146,0.012889338657259941,0.010878358036279678
0.014137865975499153,0.0031585944816470146,0.012889338657259941,0.010878358036279678
0.014137865975499153,0.0031585944816470146,0.012889338657259941,0.010878358036279678
0.014137865975499153,0.0031585944816470146,0.012889338657259941,0.010878358036279678
0.014137865975499153,0.0031585944816470146,0.012889338657259941,0.010878358036279678
0.014137865975499153,0.0031585944816470146,0.012889338657259941,0.010878358036279678
0.014137865975499153,0.0031585944816470146,0.012889338657259941,0.010878358036279678
0.014137865975499153,0.0031585944816470146,0.012889338657259941,0.010878358036279678
0.014137865975499153,0.0031585944816470146,0.012889338657259941,0.010878358036279678
0.014137865975499153,0.0031585944816470146,0.012889338657259941,0.010878358036279678
0.014137865975499153,0.0031585944816470146,0.012889338657259941,0.010878358036279678
0.014137865975499153,0.0031585944816470146,0.012889338657259941,0.010878358036279678
0.014137865975499153,0.0031585944816470146,0.012889338657259941,0.010878358036279678
0.014137865975499153,0.0031585944816470146,0.012889338657259941,0.010878358036279678
0.014137865975499153,0.0031585944816470146,0.012889338657259941,0.010878358036279678
0.014137865975499153,0.0031585944816470146,0.012889338657259941,0.010878358036279678
0.014137865975499153,0.0031585944816470146,0.012889338657259941,0.010878358036279678
0.014137865975499153,0.0031585944816470146,0.012889338657259941,0.010878358036279678
0.014137865975499153,0.0031585944816470146,0.012889338657259941,0.010878358036279678
0.014137865975499153,0.0031585944816470146,0.012889338657259941,0.010878358036279678
0.014137865975499153,0.0031585944816470146,0.012889338657259941,0.010878358036279678
0.014137865975499153,0.0031585944816470146,0.012889338657259941,0.010878358036279678
0.014137865975499153,0.0031585944816470146,0.012889338657259941,0.010878358036279678
0.014137865975499153,0.0031585944816470146,0.012889338657259941,0.010878358036279678
0.014137865975499153,0.0031585944816470146,0.012889338657259941,0.010878358036279678
0.014137865975499153,0.0031585944816470146,0.012889338657259941,0.010878358036279678
0.014137865975499153,0.0031585944816470146,0.012889338657259941,0.010878358036279678
0.014137865975499153,0.0031585944816470146,0.012889338657259941,0.010878358036279678
0.014137865975499153,0.0031585944816470146,0.012889338657259941,0.010878358036279678
0.014137865975499153,0.0031585944816470146,0.012889338657259941,0.010878358036279678
0.014137865975499153,0.0031585944816470146,0.012889338657259941,0.010878358036279678
0.014137865975499153,0.0031585944816470146,0.012889338657259941,0.010878358036279678
0.014137865975499153,0.0031585944816470146,0.012889338657259941,0.010878358036279678
0.014137865975499153,0.0031585944816470146,0.012889338657259941,0.010878358036279678
0.014137865975499153,0.0031585944816470146,0.012889338657259941,0.010878358036279678
0.014137865975499153,0.0031585944816470146,0.012889338657259941,0.010878358036279678
0.014137865975499153,0.0031585944816470146,0.012889338657259941,0.010878358036279678
0.014137865975499153,0.0031585944816470146,0.012889338657259941,0.010878358036279678
0.014137865975499153,0.0031585944816470146,0.012889338657259941,0.010878358036279678
0.014137865975499153,0.0031585944816470146,0.012889338657259941,0.010878358036279678
0.014137865975499153,0.0031585944816470146,0.012889338657259941,0.010878358036279678
0.014137865975499153,0.0031585944816470146,0.012889338657259941,0.010878358036279678
0.014137865975499153,0.0031585944816470146,0.012889338657259941,0.010878358036279678
0.014137865975499153,0.0031585944816470146,0.012889338657259941,0.010878358036279678
0.014137865975499153,0.0031585944816470146,0.012889338657259941,0.010878358036279678
0.014137865975499153,0.0031585944816470146,0.012889338657259941,0.010878358036279678
0.014137865975499153,0.0031585944816470146,0.012889338657259941,0.010878358036279678
0.014137865975499153,0.0031585944816470146,0.012889338657259941,0.010878358036279678
0.014137865975499153,0.0031585944816470146,0.012889338657259941,0.010878358036279678
0.014137865975499153,0.0031585944816470146,0.012889338657259941,0.010878358036279678
0.014137865975499153,0.0031585944816470146,0.012889338657259941,0.010878358036279678
0.014137865975499153,0.0031585944816470146,0.012889338657259941,0.010878358036279678
0.014137865975499153,0.0031585944816470146,0.012889338657259941,0.010878358036279678
0.014137865975499153,0.0031585944816470146,0.012889338657259941,0.010878358036279678
0.014137865975499153,0.0031585944816470146,0.012889338657259941,0.010878358036279678
0.014137865975499153,0.0031585944816470146,0.012889338657259941,0.010878358036279678
0.014137865975499153,0.0031585944816470146,0.012889338657259941,0.010878358036279678
0.014137865975499153,0.0031585944816470146,0.012889338657259941,0.010878358036279678
0.014137865975499153,0.0031585944816470146,0.012889338657259941,0.010878358036279678
0.014137865975499153,0.0031585944816470146,0.012889338657259941,0.010878358036279678
0.014137865975499153,0.0031585944816470146,0.012889338657259941,0.010878358036279678
0.014137865975499153,0.0031585944816470146,0.012889338657259941,0.010878358036279678
0.014137865975499153,0.0031585944816470146,0.012889338657259941,0.010878358036279678
0.014137865975499153,0.0031585944816470146,0.012889338657259941,0.010878358036279678
0.014137865975499153,0.0031585944816470146,0.012889338657259941,0.010878358036279678
0.014137865975499153,0.0031585944816470146,0.012889338657259941,0.010878358036279678
0.014137865975499153,0.0031585944816470146,0.012889338657259941,0.010878358036279678
0.014137865975499153,0.0031585944816470146,0.012889338657259941,0.010878358036279678
0.014137865975499153,0.0031585944816470146,0.012889338657259941,0.010878358036279678
0.014137865975499153,0.0031585944816470146,0.012889338657259941,0.010878358036279678
0.014137865975499153,0.0031585944816470146,0.012889338657259941,0.010878358036279678
0.014137865975499153,0.0031585944816470146,0.012889338657259941,0.010878358036279678
0.014137865975499153,0.0031585944816470146,0.012889338657259941,0.010878358036279678
0.014137865975499153,0.0031585944816470146,0.012889338657259941,0.010878358036279678
0.014137865975499153,0.0031585944816470146,0.012889338657259941,0.010878358036279678
0.014137865975499153,0.0031585944816470146,0.012889338657259941,0.010878358036279678
0.014137865975499153,0.0031585944816470146,0.012889338657259941,0.010878358036279678
0.014137865975499153,0.0031585944816470146,0.012889338657259941,0.010878358036279678
0.014137865975499153,0.0031585944816470146,0.012889338657259941,0.010878358036279678
0.014137865975499153,0.0031585944816470146,0.012889338657259941,0.010878358036279678
0.014137865975499153,0.0031585944816470146,0.012889338657259941,0.010878358036279678
0.014137865975499153,0.0031585944816470146,0.012889338657259941,0.010878358036279678
0.014137865975499153,0.0031585944816470146,0.012889338657259941,0.010878358036279678
0.014137865975499153,0.0031585944816470146,0.012889338657259941,0.010878358036279678
0.014137865975499153,0.0031585944816470146,0.012889338657259941,0.010878358036279678
0.014137865975499153,0.0031585944816470146,0.012889338657259941,0.010878358036279678
0.014137865975499153,0.0031585944816470146,0.012889338657259941,0.010878358036279678
0.014137865975499153,0.0031585944816470146,0.012889338657259941,0.010878358036279678
0.014137865975499153,0.0031585944816470146,0.012889338657259941,0.010878358036279678
0.014137865975499153,0.0031585944816470146,0.012889338657259941,0.010878358036279678
0.014137865975499153,0.0031585944816470146,0.012889338657259941,0.010878358036279678
0.014137865975499153,0.0031585944816470146,0.012889338657259941,0.010878358036279678
0.014137865975499153,0.0031585944816470146,0.012889338657259941,0.010878358036279678
0.014137865975499153,0.0031585944816470146,0.012889338657259941,0.010878358036279678
0.014137865975499153,0.0031585944816470146,0.012889338657259941,0.010878358036279678
0.014137865975499153,0.0031585944816470146,0.012889338657259941,0.010878358036279678
0.014137865975499153,0.0031585944816470146,0.012889338657259941,0.010878358036279678
0.014137865975499153,0.0031585944816470146,0.012889338657259941,0.010878358036279678
0.014137865975499153,0.0031585944816470146,0.012889338657259941,0.010878358036279678
0.014137865975499153,0.0031585944816470146,0.012889338657259941,0.010878358036279678
0.014137865975499153,0.0031585944816470146,0.012889338657259941,0.010878358036279678
0.014137865975499153,0.0031585944816470146,0.012889338657259941,0.010878358036279678
0.014137865975499153,0.0031585944816470146,0.012889338657259941,0.010878358036279678
0.014137865975499153,0.0031585944816470146,0.012889338657259941,0.010878358036279678
0.014137865975499153,0.0031585944816470146,0.012889338657259941,0.010878358036279678
0.014137865975499153,0.0031585944816470146,0.012889338657259941,0.010878358036279678
0.014137865975499153,0.0031585944816470146,0.012889338657259941,0.010878358036279678
0.014137865975499153,0.0031585944816470146,0.012889338657259941,0.010878358036279678
0.014137865975499153,0.0031585944816470146,0.012889338657259941,0.010878358036279678
0.014137865975499153,0.0031585944816470146,0.012889338657259941,0.010878358036279678
0.014137865975499153,0.0031585944816470146,0.012889338657259941,0.010878358036279678
0.014137865975499153,0.0031585944816470146,0.012889338657259941,0.010878358036279678
0.014137865975499153,0.0031585944816470146,0.012889338657259941,0.010878358036279678
0.014137865975499153,0.0031585944816470146,0.012889338657259941,0.010878358036279678
0.014137865975499153,0.0031585944816470146,0.012889338657259941,0.010878358036279678
0.014137865975499153,0.0031585944816470146,0.012889338657259941,0.010878358036279678
0.014137865975499153,0.0031585944816470146,0.012889338657259941,0.010878358036279678
0.014137865975499153,0.0031585944816470146,0.012889338657259941,0.010878358036279678
0.014137865975499153,0.0031585944816470146,0.012889338657259941,0.010878358036279678
0.014137865975499153,0.0031585944816470146,0.012889338657259941,0.010878358036279678
0.014137865975499153,0.0031585944816470146,0.012889338657259941,0.010878358036279678
0.014137865975499153,0.0031585944816470146,0.012889338657259941,0.010878358036279678
0.014137865975499153,0.0031585944816470146,0.012889338657259941,0.010878358036279678
0.014137865975499153,0.0031585944816470146,0.012889338657259941,0.010878358036279678
0.014137865975499153,0.0031585944816470146,0.012889338657259941,0.010878358036279678
0.014137865975499153,0.0031585944816470146,0.012889338657259941,0.010878358036279678
0.014137865975499153,0.0031585944816470146,0.012889338657259941,0.010878358036279678
0.014137865975499153,0.0031585944816470146,0.012889338657259941,0.010878358036279678
0.014137865975499153,0.0031585944816470146,0.012889338657259941,0.010878358036279678
0.014137865975499153,0.0031585944816470146,0.012889338657259941,0.010878358036279678
0.014137865975499153,0.0031585944816470146,0.012889338657259941,0.010878358036279678
0.014137865975499153,0.0031585944816470146,0.012889338657259941,0.010878358036279678
0.014137865975499153,0.0031585944816470146,0.012889338657259941,0.010878358036279678
0.014137865975499153,0.0031585944816470146,0.012889338657259941,0.010878358036279678
0.014137865975499153,0.0031585944816470146,0.012889338657259941,0.010878358036279678
0.014137865975499153,0.0031585944816470146,0.012889338657259941,0.010878358036279678
0.014137865975499153,0.0031585944816470146,0.012889338657259941,0.010878358036279678
0.014137865975499153,0.0031585944816470146,0.012889338657259941,0.010878358036279678
0.014137865975499153,0.0031585944816470146,0.012889338657259941,0.010878358036279678
0.014137865975499153,0.0031585944816470146,0.012889338657259941,0.010878358036279678
0.014137865975499153,0.0031585944816470146,0.012889338657259941,0.010878358036279678
0.014137865975499153,0.0031585944816470146,0.012889338657259941,0.010878358036279678
0.014137865975499153,0.0031585944816470146,0.012889338657259941,0.010878358036279678
0.014137865975499153,0.0031585944816470146,0.012889338657259941,0.010878358036279678
0.014137865975499153,0.0031585944816470146,0.012889338657259941,0.010878358036279678
0.014137865975499153,0.0031585944816470146,0.012889338657259941,0.010878358036279678
0.014137865975499153,0.0031585944816470146,0.012889338657259941,0.010878358036279678
0.014137865975499153,0.0031585944816470146,0.012889338657259941,0.010878358036279678
0.014137865975499153,0.0031585944816470146,0.012889338657259941,0.010878358036279678
0.014137865975499153,0.0031585944816470146,0.012889338657259941,0.010878358036279678
0.014137865975499153,0.0031585944816470146,0.012889338657259941,0.010878358036279678
0.014137865975499153,0.0031585944816470146,0.012889338657259941,0.010878358036279678
0.014137865975499153,0.0031585944816470146,0.012889338657259941,0.010878358036279678
0.014137865975499153,0.0031585944816470146,0.012889338657259941,0.010878358036279678
0.014137865975499153,0.0031585944816470146,0.012889338657259941,0.010878358036279678
0.014137865975499153,0.0031585944816470146,0.012889338657259941,0.010878358036279678
0.014137865975499153,0.0031585944816470146,0.012889338657259941,0.010878358036279678
0.014137865975499153,0.0031585944816470146,0.012889338657259941,0.010878358036279678
0.014137865975499153,0.0031585944816470146,0.012889338657259941,0.010878358036279678
0.014137865975499153,0.0031585944816470146,0.012889338657259941,0.010878358036279678
0.014137865975499153,0.0031585944816470146,0.012889338657259941,0.010878358036279678
0.014137865975499153,0.0031585944816470146,0.012889338657259941,0.010878358036279678
0.014137865975499153,0.0031585944816470146,0.012889338657259941,0.010878358036279678
0.014137865975499153,0.0031585944816470146,0.012889338657259941,0.010878358036279678
0.014137865975499153,0.0031585944816470146,0.012889338657259941,0.010878358036279678
0.014137865975499153,0.0031585944816470146,0.012889338657259941,0.010878358036279678
0.014137865975499153,0.0031585944816470146,0.012889338657259941,0.010878358036279678
0.014137865975499153,0.0031585944816470146,0.012889338657259941,0.010878358036279678
0.014137865975499153,0.0031585944816470146,0.012889338657259941,0.010878358036279678
0.014137865975499153,0.0031585944816470146,0.012889338657259941,0.010878358036279678
0.014137865975499153,0.0031585944816470146,0.012889338657259941,0.010878358036279678
0.014137865975499153,0.0031585944816470146,0.012889338657259941,0.010878358036279678
0.014137865975499153,0.0031585944816470146,0.012889338657259941,0.010878358036279678
0.014137865975499153,0.0031585944816470146,0.012889338657259941,0.010878358036279678
0.014137865975499153,0.0031585944816470146,0.012889338657259941,0.010878358036279678
0.014137865975499153,0.0031585944816470146,0.012889338657259941,0.010878358036279678
0.014137865975499153,0.0031585944816470146,0.012889338657259941,0.010878358036279678
0.014137865975499153,0.0031585944816470146,0.012889338657259941,0.010878358036279678
0.014137865975499153,0.0031585944816470146,0.012889338657259941,0.010878358036279678
0.014137865975499153,0.0031585944816470146,0.012889338657259941,0.010878358036279678
0.014137865975499153,0.0031585944816470146,0.012889338657259941,0.010878358036279678
0.014137865975499153,0.0031585944816470146,0.012889338657259941,0.010878358036279678
0.014137865975499153,0.0031585944816470146,0.012889338657259941,0.010878358036279678
0.014137865975499153,0.0031585944816470146,0.012889338657259941,0.010878358036279678
0.014137865975499153,0.0031585944816470146,0.012889338657259941,0.010878358036279678
0.014137865975499153,0.0031585944816470146,0.012889338657259941,0.010878358036279678
0.014137865975499153,0.0031585944816470146,0.012889338657259941,0.010878358036279678
0.014137865975499153,0.0031585944816470146,0.012889338657259941,0.010878358036279678
0.014137865975499153,0.0031585944816470146,0.012889338657259941,0.010878358036279678
0.014137865975499153,0.0031585944816470146,0.012889338657259941,0.010878358036279678
0.014137865975499153,0.0031585944816470146,0.012889338657259941,0.010878358036279678
0.014137865975499153,0.0031585944816470146,0.012889338657259941,0.010878358036279678
0.014137865975499153,0.0031585944816470146,0.012889338657259941,0.010878358036279678
0.014137865975499153,0.0031585944816470146,0.012889338657259941,0.010878358036279678
0.014137865975499153,0.0031585944816470146,0.012889338657259941,0.010878358036279678
0.014137865975499153,0.0031585944816470146,0.012889338657259941,0.010878358036279678
0.014137865975499153,0.0031585944816470146,0.012889338657259941,0.010878358036279678
0.014137865975499153,0.0031585944816470146,0.012889338657259941,0.010878358036279678
0.014137865975499153,0.0031585944816470146,0.012889338657259941,0.010878358036279678
0.014137865975499153,0.0031585944816470146,0.012889338657259941,0.010878358036279678
0.014137865975499153,0.0031585944816470146,0.012889338657259941,0.010878358036279678
0.014137865975499153,0.0031585944816470146,0.012889338657259941,0.010878358036279678
0.014137865975499153,0.0031585944816470146,0.012889338657259941,0.010878358036279678
0.014137865975499153,0.0031585944816470146,0.012889338657259941,0.010878358036279678
0.014137865975499153,0.0031585944816470146,0.012889338657259941,0.010878358036279678
0.014137865975499153,0.0031585944816470146,0.012889338657259941,0.010878358036279678
0.014137865975499153,0.0031585944816470146,0.012889338657259941,0.010878358036279678
0.014137865975499153,0.0031585944816470146,0.012889338657259941,0.010878358036279678
0.014137865975499153,0.0031585944816470146,0.012889338657259941,0.010878358036279678
0.014137865975499153,0.0031585944816470146,0.012889338657259941,0.010878358036279678
0.014137865975499153,0.0031585944816470146,0.012889338657259941,0.010878358036279678
0.014137865975499153,0.0031585944816470146,0.012889338657259941,0.010878358036279678
0.014137865975499153,0.0031585944816470146,0.012889338657259941,0.010878358036279678
0.014137865975499153,0.0031585944816470146,0.012889338657259941,0.010878358036279678
0.014137865975499153,0.0031585944816470146,0.012889338657259941,0.010878358036279678
0.014137865975499153,0.0031585944816470146,0.012889338657259941,0.010878358036279678
0.014137865975499153,0.0031585944816470146,0.012889338657259941,0.010878358036279678
0.014137865975499153,0.0031585944816470146,0.012889338657259941,0.010878358036279678
0.014137865975499153,0.0031585944816470146,0.012889338657259941,0.010878358036279678
0.014137865975499153,0.0031585944816470146,0.012889338657259941,0.010878358036279678
0.014137865975499153,0.0031585944816470146,0.012889338657259941,0.010878358036279678
0.014137865975499153,0.0031585944816470146,0.012889338657259941,0.010878358036279678
0.014137865975499153,0.0031585944816470146,0.012889338657259941,0.010878358036279678
0.014137865975499153,0.0031585944816470146,0.012889338657259941,0.010878358036279678
0.014137865975499153,0.0031585944816470146,0.012889338657259941,0.010878358036279678
0.014137865975499153,0.0031585944816470146,0.012889338657259941,0.010878358036279678
0.014137865975499153,0.0031585944816470146,0.012889338657259941,0.010878358036279678
0.014137865975499153,0.0031585944816470146,0.012889338657259941,0.010878358036279678
0.014137865975499153,0.0031585944816470146,0.012889338657259941,0.010878358036279678
0.014137865975499153,0.0031585944816470146,0.012889338657259941,0.010878358036279678
0.014137865975499153,0.0031585944816470146,0.012889338657259941,0.010878358036279678
0.014137865975499153,0.0031585944816470146,0.012889338657259941,0.010878358036279678
0.014137865975499153,0.0031585944816470146,0.012889338657259941,0.010878358036279678
0.014137865975499153,0.0031585944816470146,0.012889338657259941,0.010878358036279678
0.014137865975499153,0.0031585944816470146,0.012889338657259941,0.010878358036279678
0.014137865975499153,0.0031585944816470146,0.012889338657259941,0.010878358036279678
0.014137865975499153,0.0031585944816470146,0.012889338657259941,0.010878358036279678
0.014137865975499153,0.0031585944816470146,0.012889338657259941,0.010878358036279678
0.014137865975499153,0.0031585944816470146,0.012889338657259941,0.010878358036279678
0.014137865975499153,0.0031585944816470146,0.012889338657259941,0.010878358036279678
0.014137865975499153,0.0031585944816470146,0.012889338657259941,0.010878358036279678
0.014137865975499153,0.0031585944816470146,0.012889338657259941,0.010878358036279678
0.014137865975499153,0.0031585944816470146,0.012889338657259941,0.010878358036279678
0.014137865975499153,0.0031585944816470146,0.012889338657259941,0.010878358036279678
0.014137865975499153,0.0031585944816470146,0.012889338657259941,0.010878358036279678
0.014137865975499153,0.0031585944816470146,0.012889338657259941,0.010878358036279678
0.014137865975499153,0.0031585944816470146,0.012889338657259941,0.010878358036279678
0.014137865975499153,0.0031585944816470146,0.012889338657259941,0.010878358036279678
0.014137865975499153,0.0031585944816470146,0.012889338657259941,0.010878358036279678
0.014137865975499153,0.0031585944816470146,0.012889338657259941,0.010878358036279678
0.014137865975499153,0.0031585944816470146,0.012889338657259941,0.010878358036279678
0.014137865975499153,0.0031585944816470146,0.012889338657259941,0.010878358036279678
0.014137865975499153,0.0031585944816470146,0.012889338657259941,0.010878358036279678
0.014137865975499153,0.0031585944816470146,0.012889338657259941,0.010878358036279678
0.014137865975499153,0.0031585944816470146,0.012889338657259941,0.010878358036279678
0.014137865975499153,0.0031585944816470146,0.012889338657259941,0.010878358036279678
0.014137865975499153,0.0031585944816470146,0.012889338657259941,0.010878358036279678
0.014137865975499153,0.0031585944816470146,0.012889338657259941,0.010878358036279678
0.014137865975499153,0.0031585944816470146,0.012889338657259941,0.010878358036279678
0.014137865975499153,0.0031585944816470146,0.012889338657259941,0.010878358036279678
0.014137865975499153,0.0031585944816470146,0.012889338657259941,0.010878358036279678
0.014137865975499153,0.0031585944816470146,0.012889338657259941,0.010878358036279678
0.014137865975499153,0.0031585944816470146,0.012889338657259941,0.010878358036279678
0.014137865975499153,0.0031585944816470146,0.012889338657259941,0.010878358036279678
0.014137865975499153,0.0031585944816470146,0.012889338657259941,0.010878358036279678
0.014137865975499153,0.0031585944816470146,0.012889338657259941,0.010878358036279678
0.014137865975499153,0.0031585944816470146,0.012889338657259941,0.010878358036279678
0.014137865975499153,0.0031585944816470146,0.012889338657259941,0.010878358036279678
0.014137865975499153,0.0031585944816470146,0.012889338657259941,0.010878358036279678
0.014137865975499153,0.0031585944816470146,0.012889338657259941,0.010878358036279678
0.014137865975499153,0.0031585944816470146,0.012889338657259941,0.010878358036279678
0.014137865975499153,0.0031585944816470146,0.012889338657259941,0.010878358036279678
0.014137865975499153,0.0031585944816470146,0.012889338657259941,0.010878358036279678
0.014137865975499153,0.0031585944816470146,0.012889338657259941,0.010878358036279678
0.014137865975499153,0.0031585944816470146,0.012889338657259941,0.010878358036279678
0.014137865975499153,0.0031585944816470146,0.012889338657259941,0.010878358036279678
0.014137865975499153,0.0031585944816470146,0.012889338657259941,0.010878358036279678
