vx,vy,vz,omega_z
0.31533312797546387,0.05741031467914581,-0.24120542407035828,1.107330560684204
0.3454783260822296,0.08155536651611328,-0.33465540409088135,1.2741378545761108
0.34526464343070984,0.08641214668750763,-0.36163580417633057,1.277799367904663
0.34537601470947266,0.0876985639333725,-0.3693758547306061,1.278095006942749
0.3453667163848877,0.08809009194374084,-0.3717052936553955,1.2781274318695068
0.3453773856163025,0.08816857635974884,-0.37225672602653503,1.2782421112060547
0.345384418964386,0.08818899095058441,-0.3724256157875061,1.2782591581344604
0.3453848958015442,0.0881999284029007,-0.372943639755249,1.2782723903656006
0.34538716077804565,0.08820773661136627,-0.3731100559234619,1.278273582458496
0.34525126218795776,0.08803674578666687,-0.37309199571609497,1.2783019542694092
0.3442832827568054,0.08749312162399292,-0.37336045503616333,1.2781097888946533
0.34422075748443604,0.0873350203037262,-0.37352967262268066,1.2780872583389282
0.3433164358139038,0.0874091386795044,-0.373337984085083,1.2779107093811035
0.34327542781829834,0.08741894364356995,-0.3733751177787781,1.2778739929199219
0.3428947925567627,0.08717355132102966,-0.3729604482650757,1.2781044244766235
0.3419405519962311,0.08658561110496521,-0.37239691615104675,1.2779983282089233
0.34188252687454224,0.08642244338989258,-0.3722493052482605,1.2779803276062012
0.34188112616539,0.08639068901538849,-0.3722081184387207,1.2779797315597534
0.3424386978149414,0.0865342766046524,-0.37201178073883057,1.278226375579834
0.3424901068210602,0.08658796548843384,-0.37190115451812744,1.2782504558563232
0.34247690439224243,0.08650612831115723,-0.37179622054100037,1.2782962322235107
0.3424801826477051,0.08648405969142914,-0.37177056074142456,1.278302550315857
0.34230679273605347,0.08644399046897888,-0.3717348873615265,1.278261661529541
0.34237802028656006,0.086432546377182,-0.3718775510787964,1.2783242464065552
0.34238219261169434,0.08642566204071045,-0.37191349267959595,1.278337001800537
0.3422001898288727,0.0862940102815628,-0.3720674514770508,1.2782318592071533
0.3421698808670044,0.08624836802482605,-0.37214773893356323,1.278228759765625
0.3411053419113159,0.08610489964485168,-0.3720434308052063,1.2778037786483765
0.3410400152206421,0.08605895936489105,-0.3720700144767761,1.2777366638183594
0.340640127658844,0.08598257601261139,-0.3719276189804077,1.2778358459472656
0.3406411409378052,0.08595122396945953,-0.37192320823669434,1.2778379917144775
0.3402935266494751,0.08567990362644196,-0.3720511198043823,1.2777190208435059
0.3402565121650696,0.08559484779834747,-0.3721383810043335,1.2777128219604492
0.33980876207351685,0.08533988893032074,-0.37175458669662476,1.2775824069976807
0.33978700637817383,0.08527818322181702,-0.37162941694259644,1.277563214302063
0.31611084938049316,0.08848616480827332,-0.3615776002407074,1.262091875076294
0.31456971168518066,0.08868017792701721,-0.35842472314834595,1.260128378868103
0.3561753034591675,0.09254524111747742,-0.3081153631210327,1.2491505146026611
0.3603648543357849,0.09509769082069397,-0.29625415802001953,1.2469985485076904
0.3834575414657593,0.08803802728652954,-0.2668190598487854,1.2419487237930298
0.365237832069397,0.0775112509727478,-0.29308560490608215,1.2445718050003052
0.36465075612068176,0.07455894351005554,-0.29721105098724365,1.2446610927581787
0.36246758699417114,0.06553174555301666,-0.285465270280838,1.2358183860778809
0.3621104955673218,0.06314857304096222,-0.28049108386039734,1.2337617874145508
0.36091431975364685,0.02764737606048584,-0.27583739161491394,1.233116626739502
0.3615397810935974,0.01905253529548645,-0.27590611577033997,1.232016682624817
0.33605292439460754,-0.018332891166210175,-0.27061280608177185,1.1687266826629639
0.33547767996788025,-0.0284990593791008,-0.26981741189956665,1.1568994522094727
0.3356584906578064,-0.030130460858345032,-0.26992323994636536,1.1564512252807617
0.32426917552948,-0.052123185247182846,-0.25600624084472656,1.1352097988128662
0.31260931491851807,-0.06535181403160095,-0.25153252482414246,1.1134424209594727
0.31084054708480835,-0.0686686784029007,-0.25660374760627747,1.1109775304794312
0.30250322818756104,-0.06851209700107574,-0.2210787534713745,1.1201717853546143
0.3030293881893158,-0.06856495887041092,-0.20586436986923218,1.1232889890670776
0.300456166267395,-0.07271379977464676,-0.21880100667476654,1.1282427310943604
0.3005416989326477,-0.07386577129364014,-0.22171851992607117,1.128931999206543
0.2741261124610901,-0.11007733643054962,-0.19925647974014282,1.0286794900894165
0.27342426776885986,-0.11750565469264984,-0.18853464722633362,0.9986055493354797
0.2579026222229004,-0.14393837749958038,-0.17968270182609558,0.9622434973716736
0.2568744122982025,-0.14999569952487946,-0.17681322991847992,0.9552216529846191
0.22885660827159882,-0.16501149535179138,-0.18613827228546143,0.9878299236297607
0.22777403891086578,-0.16866964101791382,-0.18566632270812988,0.9985407590866089
0.2016606628894806,-0.17197902500629425,-0.15996122360229492,1.0057493448257446
0.20111195743083954,-0.17215728759765625,-0.14714744687080383,1.0075604915618896
0.18707074224948883,-0.18899893760681152,-0.15490314364433289,0.992699384689331
0.18759757280349731,-0.19420844316482544,-0.15534675121307373,0.9857309460639954
0.169814795255661,-0.21278297901153564,-0.200285404920578,0.9764995574951172
0.17001673579216003,-0.21920815110206604,-0.21495167911052704,0.9746907353401184
0.14491555094718933,-0.223040372133255,-0.23139086365699768,0.9613639712333679
0.1435917168855667,-0.22202491760253906,-0.23532548546791077,0.9586222767829895
0.12119244039058685,-0.22532320022583008,-0.20707391202449799,0.9497230052947998
0.11938994377851486,-0.22424066066741943,-0.19654744863510132,0.9480206966400146
0.10593989491462708,-0.23110298812389374,-0.15995734930038452,0.9196463823318481
0.10497958958148956,-0.2323479801416397,-0.1471303552389145,0.912241518497467
0.09219904989004135,-0.22463205456733704,-0.13040179014205933,0.8937005996704102
0.09126388281583786,-0.22203779220581055,-0.1258605718612671,0.8892920017242432
0.0682942122220993,-0.21076221764087677,-0.1361893117427826,0.8781337738037109
0.06724154949188232,-0.20735466480255127,-0.14176714420318604,0.8757429122924805
0.061262696981430054,-0.20934993028640747,-0.13685177266597748,0.870094895362854
0.0610501766204834,-0.20988056063652039,-0.13541579246520996,0.868826150894165
0.05018909275531769,-0.21148231625556946,-0.14606145024299622,0.8475236892700195
0.049915000796318054,-0.21213287115097046,-0.14981192350387573,0.8412234783172607
0.028697505593299866,-0.23065270483493805,-0.14694595336914062,0.8319422006607056
0.028000131249427795,-0.23577797412872314,-0.14463281631469727,0.8291512727737427
0.015853017568588257,-0.24599385261535645,-0.1424979418516159,0.8278179168701172
0.015484645962715149,-0.24878118932247162,-0.1414518803358078,0.8273366689682007
-0.006459102034568787,-0.24544323980808258,-0.1276993751525879,0.8169354200363159
-0.007523864507675171,-0.24437758326530457,-0.1247086301445961,0.8125638961791992
-0.014789149165153503,-0.23754791915416718,-0.12800708413124084,0.7921432256698608
-0.015120133757591248,-0.23580068349838257,-0.12884053587913513,0.787706732749939
-0.017600491642951965,-0.22809188067913055,-0.12652409076690674,0.7661316394805908
-0.017759472131729126,-0.2258521020412445,-0.12739121913909912,0.7592930197715759
-0.023492097854614258,-0.23007792234420776,-0.14056342840194702,0.7531595230102539
-0.023637831211090088,-0.23129846155643463,-0.14464285969734192,0.7511115670204163
-0.037536561489105225,-0.22916334867477417,-0.12562412023544312,0.7281761169433594
-0.03856094181537628,-0.22832389175891876,-0.11974329501390457,0.7221728563308716
-0.05122934281826019,-0.2269403636455536,-0.11426389962434769,0.6861846446990967
-0.05179406702518463,-0.22652950882911682,-0.1141434982419014,0.6792068481445312
-0.05821023881435394,-0.22240149974822998,-0.10909868776798248,0.6751481294631958
-0.05854727327823639,-0.22133657336235046,-0.10806828737258911,0.6757623553276062
-0.070653036236763,-0.2214031219482422,-0.10728313773870468,0.6756823062896729
-0.07121814787387848,-0.22150692343711853,-0.10778019577264786,0.6773524284362793
-0.07233409583568573,-0.2137061357498169,-0.09574584662914276,0.6610047817230225
-0.07241736352443695,-0.2114291787147522,-0.09317566454410553,0.6578102111816406
-0.08023785054683685,-0.20306310057640076,-0.09608012437820435,0.6542201638221741
-0.0807795375585556,-0.20077411830425262,-0.09715285897254944,0.6533060669898987
-0.08368711173534393,-0.19034042954444885,-0.0949198305606842,0.6431604623794556
-0.08389730751514435,-0.18747776746749878,-0.09494206309318542,0.6406355500221252
-0.08844076097011566,-0.18334627151489258,-0.10147871822118759,0.6377378106117249
-0.08865399658679962,-0.18233925104141235,-0.10335327684879303,0.6370736360549927
-0.09674544632434845,-0.17418256402015686,-0.10122375935316086,0.6217352151870728
-0.09704776108264923,-0.17195633053779602,-0.1008043885231018,0.6186927556991577
-0.10361368954181671,-0.15755999088287354,-0.08954744040966034,0.588512122631073
-0.10374955832958221,-0.15348060429096222,-0.08621606230735779,0.5829247236251831
-0.11359111964702606,-0.1497686803340912,-0.0821688175201416,0.5803755521774292
-0.11404161155223846,-0.14877013862133026,-0.08079960942268372,0.581109881401062
-0.1185518354177475,-0.14104491472244263,-0.07974959909915924,0.584786057472229
-0.11867354810237885,-0.13865239918231964,-0.07868628203868866,0.5879521369934082
-0.11673660576343536,-0.12828363478183746,-0.07993736863136292,0.5865022540092468
-0.11652852594852448,-0.12507681548595428,-0.0797131359577179,0.586418628692627
-0.11279098689556122,-0.11831838637590408,-0.07927444577217102,0.5715758800506592
-0.11237664520740509,-0.11623288691043854,-0.07860077917575836,0.5675467848777771
-0.11220987141132355,-0.11561083048582077,-0.08047004044055939,0.556695818901062
-0.1120593398809433,-0.11538359522819519,-0.0809420645236969,0.5537722110748291
-0.11205123364925385,-0.1153252050280571,-0.08102241158485413,0.5536357760429382
-0.11157049238681793,-0.11379009485244751,-0.0829961746931076,0.5342893004417419
-0.11199142038822174,-0.1096433773636818,-0.08315861225128174,0.5105634927749634
-0.11175335943698883,-0.10854186117649078,-0.08389714360237122,0.5050610899925232
-0.10826526582241058,-0.10435722768306732,-0.08284501731395721,0.48868077993392944
-0.1077396422624588,-0.10329888761043549,-0.08277006447315216,0.484575092792511
-0.10750798881053925,-0.09986266493797302,-0.07759861648082733,0.47323110699653625
-0.10720442235469818,-0.09910303354263306,-0.0759466141462326,0.4707784056663513
-0.10870201885700226,-0.09860937297344208,-0.07071027159690857,0.4570571184158325
-0.10847257077693939,-0.09860323369503021,-0.06909142434597015,0.45361843705177307
-0.10934491455554962,-0.09941913187503815,-0.06686264276504517,0.4395601153373718
-0.10900075733661652,-0.09966102987527847,-0.06643448770046234,0.4360094964504242
-0.1087183803319931,-0.09535978734493256,-0.061507031321525574,0.4318704605102539
-0.10858394205570221,-0.09418131411075592,-0.059925734996795654,0.4308183193206787
-0.10790134966373444,-0.0880168229341507,-0.054948776960372925,0.42196035385131836
-0.10766156017780304,-0.08635632693767548,-0.05358800292015076,0.419514536857605
-0.10751859843730927,-0.08260054886341095,-0.04987506568431854,0.4133436381816864
-0.10726620256900787,-0.08164641261100769,-0.048877596855163574,0.4115254580974579
-0.10634027421474457,-0.08186205476522446,-0.04692050814628601,0.4034665822982788
-0.10604794323444366,-0.08184517174959183,-0.04663953185081482,0.40110310912132263
-0.108110710978508,-0.0843551829457283,-0.04982896149158478,0.38248974084854126
-0.10788150131702423,-0.08474140614271164,-0.05178990960121155,0.3772037625312805
-0.10844431817531586,-0.08308951556682587,-0.05226638913154602,0.3662916123867035
-0.1081589013338089,-0.08271817117929459,-0.052837684750556946,0.3632555305957794
-0.10635872185230255,-0.07994130253791809,-0.051687344908714294,0.3511437177658081
-0.10586912930011749,-0.07952643185853958,-0.05154314637184143,0.34779343008995056
-0.10536162555217743,-0.07817282527685165,-0.04908996820449829,0.34434980154037476
-0.10517315566539764,-0.07795681059360504,-0.0486672967672348,0.34324148297309875
-0.10440267622470856,-0.07691806554794312,-0.04846931993961334,0.33987340331077576
-0.10425768792629242,-0.07676725089550018,-0.04871933162212372,0.33882632851600647
-0.1031053215265274,-0.0753505676984787,-0.04750901460647583,0.3295725882053375
-0.10291625559329987,-0.07508846372365952,-0.04778532683849335,0.3269755244255066
-0.10284997522830963,-0.07442599534988403,-0.04649662971496582,0.3166715204715729
-0.09708593785762787,-0.07230602204799652,-0.043571844696998596,0.30041301250457764
-0.09680108726024628,-0.07167859375476837,-0.0432613343000412,0.2964736819267273
-0.09484685957431793,-0.07226252555847168,-0.04366341233253479,0.29193633794784546
-0.09471745789051056,-0.07221698760986328,-0.04427476227283478,0.2906457781791687
-0.09469790756702423,-0.07218730449676514,-0.04457922279834747,0.290449321269989
-0.09433357417583466,-0.0706794485449791,-0.04480879008769989,0.2859156131744385
-0.09431667625904083,-0.07037593424320221,-0.04516319930553436,0.28473716974258423
-0.0900409072637558,-0.06563128530979156,-0.0398862361907959,0.2758791744709015
-0.08990727365016937,-0.06465762853622437,-0.03825022280216217,0.2734299302101135
-0.08926220238208771,-0.06222480908036232,-0.036951348185539246,0.2694089412689209
-0.08629487454891205,-0.06022493168711662,-0.034780099987983704,0.2598782479763031
-0.08613832294940948,-0.059810128062963486,-0.03422160446643829,0.257352739572525
-0.08694912493228912,-0.05868246778845787,-0.037436991930007935,0.2527468204498291
-0.08700515329837799,-0.058530114591121674,-0.038350895047187805,0.2514299750328064
-0.08593766391277313,-0.05786219984292984,-0.03860880434513092,0.24627885222434998
-0.0858595222234726,-0.057674624025821686,-0.03886665403842926,0.24467381834983826
-0.08503393828868866,-0.05601940676569939,-0.03807444870471954,0.23982460796833038
-0.08493046462535858,-0.055756036192178726,-0.03791506588459015,0.23854869604110718
-0.08626802265644073,-0.05435706675052643,-0.03652733564376831,0.23528142273426056
-0.08633394539356232,-0.054208993911743164,-0.03581953048706055,0.2345254272222519
-0.08579398691654205,-0.05238953232765198,-0.03443501889705658,0.22967003285884857
-0.08577598631381989,-0.051990896463394165,-0.03433668613433838,0.22833240032196045
-0.08602811396121979,-0.05006584897637367,-0.03414183855056763,0.22327426075935364
-0.0860569030046463,-0.04962219297885895,-0.03447312116622925,0.2218911051750183
-0.08699293434619904,-0.048873189836740494,-0.03444671630859375,0.2182123363018036
-0.08706213533878326,-0.04860430955886841,-0.03482036292552948,0.217159703373909
-0.08452083170413971,-0.048310860991477966,-0.03263607621192932,0.21165171265602112
-0.08439262211322784,-0.047964081168174744,-0.03249320387840271,0.2100866734981537
-0.08319364488124847,-0.047096043825149536,-0.031582191586494446,0.20717772841453552
-0.08313442766666412,-0.04683610051870346,-0.03150536119937897,0.20641693472862244
-0.07924921810626984,-0.044944096356630325,-0.026726916432380676,0.19576017558574677
-0.07904727756977081,-0.044218577444553375,-0.025586768984794617,0.19298215210437775
-0.07531566917896271,-0.04077129065990448,-0.020916596055030823,0.1857084184885025
-0.07509984076023102,-0.039999157190322876,-0.01929369568824768,0.18389387428760529
-0.07258276641368866,-0.03807070851325989,-0.014587625861167908,0.17534096539020538
-0.07243220508098602,-0.03747497498989105,-0.01323486864566803,0.1730842888355255
-0.07180042564868927,-0.0367056205868721,-0.01175352931022644,0.16938944160938263
-0.07176230847835541,-0.036478422582149506,-0.011534512042999268,0.16827869415283203
-0.07142661511898041,-0.03584211319684982,-0.009815454483032227,0.16378571093082428
-0.0713890939950943,-0.03563123941421509,-0.009567499160766602,0.1624133139848709
-0.07199473679065704,-0.034794896841049194,-0.01086685061454773,0.1602044254541397
-0.07200844585895538,-0.034739717841148376,-0.011666789650917053,0.15963150560855865
-0.07281805574893951,-0.03466023504734039,-0.013800069689750671,0.15896201133728027
-0.07284186780452728,-0.034740760922431946,-0.014709323644638062,0.1588219255208969
-0.07429797947406769,-0.03383970260620117,-0.017031386494636536,0.1565062701702118
-0.07321779429912567,-0.0322350412607193,-0.01841665804386139,0.1489884853363037
-0.07312451303005219,-0.03182905912399292,-0.01956525444984436,0.1470409631729126
-0.0699659138917923,-0.03086693584918976,-0.01896834373474121,0.14393940567970276
-0.06975768506526947,-0.03053992986679077,-0.0188237726688385,0.14291372895240784
-0.06879957020282745,-0.030277296900749207,-0.019180431962013245,0.13783404231071472
-0.06875307857990265,-0.029981985688209534,-0.019807741045951843,0.1362624168395996
-0.06690321862697601,-0.03068634867668152,-0.019129067659378052,0.13421672582626343
-0.06673716008663177,-0.03059420734643936,-0.01880502700805664,0.13352078199386597
-0.06563176214694977,-0.029530182480812073,-0.018026918172836304,0.12753507494926453
-0.06367559731006622,-0.02854374796152115,-0.018090546131134033,0.12007492780685425
-0.06356127560138702,-0.0280817449092865,-0.01824711263179779,0.11814320087432861
-0.06354595720767975,-0.027918070554733276,-0.018307983875274658,0.11776438355445862
-0.06190861761569977,-0.02587798237800598,-0.016202867031097412,0.11353084444999695
-0.061815276741981506,-0.02532004565000534,-0.015412017703056335,0.11230593919754028
-0.06053261458873749,-0.02340252697467804,-0.013896286487579346,0.10736334323883057
-0.05885227024555206,-0.019937820732593536,-0.01069013774394989,0.10054540634155273
-0.058707788586616516,-0.019128426909446716,-0.009251132607460022,0.09879785776138306
-0.05813439190387726,-0.017597325146198273,-0.0074226707220077515,0.0970260500907898
-0.05806185305118561,-0.017264440655708313,-0.006450638175010681,0.09653806686401367
-0.05805186927318573,-0.015370875597000122,-0.005168169736862183,0.09285089373588562
-0.057982102036476135,-0.014933109283447266,-0.004454702138900757,0.09181821346282959
-0.057425305247306824,-0.012961551547050476,-0.003574967384338379,0.08684366941452026
-0.05730216205120087,-0.012479007244110107,-0.0030734986066818237,0.08541759848594666
-0.05629117786884308,-0.011413797736167908,-0.0012224763631820679,0.0827990174293518
-0.05614812672138214,-0.011106833815574646,-0.00014665722846984863,0.08201023936271667
-0.055056169629096985,-0.009821191430091858,0.0010065436363220215,0.07903587818145752
-0.05496452748775482,-0.009483091533184052,0.0016681849956512451,0.07821163535118103
-0.05413539707660675,-0.007730044424533844,0.0028347522020339966,0.0758066475391388
-0.05404116213321686,-0.00733870267868042,0.003575831651687622,0.07511615753173828
-0.05301530659198761,-0.005768120288848877,0.005347654223442078,0.07442998886108398
-0.05292867124080658,-0.005477026104927063,0.0063251107931137085,0.07424420118331909
-0.05222146213054657,-0.004967391490936279,0.007474988698959351,0.07373049855232239
-0.05216158926486969,-0.004860445857048035,0.008149787783622742,0.07362321019172668
-0.05067144334316254,-0.004533097147941589,0.009261325001716614,0.0737406313419342
-0.04999391734600067,-0.004843667149543762,0.010270684957504272,0.07314831018447876
-0.04993407428264618,-0.004861481487751007,0.010713979601860046,0.07294359803199768
-0.04911254346370697,-0.005101680755615234,0.010372355580329895,0.07156574726104736
-0.04907427728176117,-0.005107581615447998,0.010206878185272217,0.07124391198158264
-0.04799748957157135,-0.004601210355758667,0.010478377342224121,0.06956067681312561
-0.047942355275154114,-0.004485726356506348,0.010627016425132751,0.06919988989830017
-0.047934308648109436,-0.004457235336303711,0.010681241750717163,0.06914061307907104
-0.047190532088279724,-0.004508480429649353,0.0111294686794281,0.06761768460273743
-0.047146573662757874,-0.004650965332984924,0.010881975293159485,0.06562182307243347
-0.04711790382862091,-0.004590287804603577,0.010887578129768372,0.06512290239334106
-0.04604937136173248,-0.0043295323848724365,0.010285228490829468,0.06328099966049194
-0.04598091542720795,-0.004213161766529083,0.010114505887031555,0.06281781196594238
-0.04373270273208618,-0.004118382930755615,0.007982224225997925,0.059087544679641724
-0.043635398149490356,-0.003995262086391449,0.0071974992752075195,0.05821913480758667
-0.04314444959163666,-0.0035956427454948425,0.006063595414161682,0.0569305419921875
-0.0431075245141983,-0.0034800395369529724,0.0056793540716171265,0.05655178427696228
-0.04252384603023529,-0.0029119476675987244,0.004674777388572693,0.05370941758155823
-0.042490601539611816,-0.0027161836624145508,0.004291176795959473,0.052963435649871826
-0.0413435697555542,-0.0018724426627159119,0.004220247268676758,0.05009084939956665
-0.041309624910354614,-0.0016320422291755676,0.0041408538818359375,0.049416184425354004
-0.040106624364852905,-0.0005322322249412537,0.004677623510360718,0.04618120193481445
-0.0400649756193161,-0.0002278462052345276,0.004944890737533569,0.0454106330871582
-0.03943060338497162,0.0004874393343925476,0.005987182259559631,0.043751806020736694
-0.03942738473415375,0.0006904080510139465,0.006352290511131287,0.043333470821380615
-0.0386597216129303,0.0012146085500717163,0.007199808955192566,0.04280275106430054
-0.03831246495246887,0.0020984187722206116,0.008416026830673218,0.04211965203285217
-0.038306012749671936,0.0022932440042495728,0.008929654955863953,0.041916608810424805
-0.038307830691337585,0.002338878810405731,0.009112164378166199,0.04187417030334473
-0.037085384130477905,0.002977617084980011,0.00971248745918274,0.03977671265602112
-0.03705684840679169,0.0031687095761299133,0.01009562611579895,0.03928366303443909
-0.03601852059364319,0.004102930426597595,0.009741932153701782,0.03721660375595093
-0.034839823842048645,0.004878319799900055,0.009448260068893433,0.0356273353099823
-0.03479926288127899,0.0050484612584114075,0.009469941258430481,0.03531697392463684
-0.0345761775970459,0.005110941827297211,0.009453058242797852,0.034830302000045776
-0.03457014262676239,0.00514017790555954,0.009521543979644775,0.034720391035079956
-0.03385405242443085,0.005298405885696411,0.009472683072090149,0.03220772743225098
-0.033819735050201416,0.005431756377220154,0.00972697138786316,0.031581997871398926
-0.03387907147407532,0.005393944680690765,0.010188519954681396,0.030687332153320312
-0.03386598825454712,0.0054397135972976685,0.010581448674201965,0.03046092391014099
-0.03318069875240326,0.005815498530864716,0.010589435696601868,0.029201865196228027
-0.03315238654613495,0.005934685468673706,0.010719090700149536,0.028886139392852783
-0.033202558755874634,0.0067549943923950195,0.010870859026908875,0.028426557779312134
-0.03319452702999115,0.006914407014846802,0.011067137122154236,0.028290599584579468
-0.033348530530929565,0.007390744984149933,0.011061534285545349,0.026887625455856323
-0.03335180878639221,0.0075316354632377625,0.011177271604537964,0.02651345729827881
-0.03283305466175079,0.00788959115743637,0.011688381433486938,0.026083946228027344
-0.03281252086162567,0.007976047694683075,0.01195669174194336,0.026000767946243286
-0.03300599753856659,0.008268766105175018,0.011325836181640625,0.02437618374824524
-0.03345932066440582,0.008908577263355255,0.010775744915008545,0.021238863468170166
-0.03347659111022949,0.009147822856903076,0.010693058371543884,0.02043050527572632
-0.03347612917423248,0.009234845638275146,0.010707125067710876,0.020260155200958252
-0.03286713361740112,0.009230144321918488,0.010679885745048523,0.017390549182891846
-0.03241531550884247,0.00923464447259903,0.011816263198852539,0.017699629068374634
-0.032417625188827515,0.00924789160490036,0.012182950973510742,0.017884671688079834
-0.031980305910110474,0.009850531816482544,0.012937292456626892,0.018456459045410156
-0.03197455406188965,0.009917378425598145,0.013155296444892883,0.01865321397781372
-0.031325265765190125,0.009967900812625885,0.013285323977470398,0.017876893281936646
-0.03132656216621399,0.009996883571147919,0.013385787606239319,0.01775798201560974
-0.03116747736930847,0.009486794471740723,0.013313546776771545,0.016749948263168335
-0.03118273615837097,0.009458914399147034,0.013372376561164856,0.016510009765625
-0.031186237931251526,0.009477153420448303,0.013406991958618164,0.016466140747070312
-0.031131431460380554,0.009513169527053833,0.013383358716964722,0.01581043004989624
-0.03106747567653656,0.00919109582901001,0.01363302767276764,0.01607060432434082
-0.0310809463262558,0.009143717586994171,0.013786956667900085,0.016196459531784058
-0.029526665806770325,0.0092678964138031,0.013800114393234253,0.015141457319259644
-0.02948819100856781,0.009345643222332,0.013895303010940552,0.014904022216796875
-0.029103681445121765,0.00935332477092743,0.013531386852264404,0.01394626498222351
-0.029106423258781433,0.00940793752670288,0.013460919260978699,0.01371791958808899
-0.02890998125076294,0.009194210171699524,0.013526931405067444,0.013624340295791626
-0.02891470491886139,0.009176790714263916,0.013519451022148132,0.01359790563583374
-0.02830830216407776,0.009292416274547577,0.013079464435577393,0.013448208570480347
-0.028295442461967468,0.00932002067565918,0.012867182493209839,0.013396203517913818
-0.027607008814811707,0.009417526423931122,0.01241418719291687,0.01229768991470337
-0.027584806084632874,0.009484924376010895,0.012289315462112427,0.011980175971984863
-0.02676042914390564,0.010150626301765442,0.011724531650543213,0.010423481464385986
-0.026719316840171814,0.01032429188489914,0.011570751667022705,0.009989798069000244
-0.025430485606193542,0.010991498827934265,0.010940879583358765,0.009155809879302979
-0.024878934025764465,0.011659912765026093,0.010602682828903198,0.0076705217361450195
-0.02484375238418579,0.011838190257549286,0.010554373264312744,0.007256269454956055
-0.024502485990524292,0.012136213481426239,0.010882556438446045,0.006738781929016113
-0.024487733840942383,0.012227155268192291,0.011015400290489197,0.006576120853424072
-0.024487614631652832,0.012256652116775513,0.011066511273384094,0.006534159183502197
-0.024251550436019897,0.012702368199825287,0.010672926902770996,0.005754590034484863
-0.02426367998123169,0.01292099803686142,0.010452881455421448,0.005140453577041626
-0.02426503598690033,0.01299375295639038,0.010410889983177185,0.004952430725097656
-0.023816630244255066,0.013208217918872833,0.009987115859985352,0.004227489233016968
-0.02378864586353302,0.013266980648040771,0.009818777441978455,0.004023224115371704
-0.023039042949676514,0.013357602059841156,0.010140106081962585,0.0036261677742004395
-0.02299286425113678,0.013403408229351044,0.01027706265449524,0.00351831316947937
-0.021909773349761963,0.013575203716754913,0.010736972093582153,0.003647357225418091
-0.02185577154159546,0.013609044253826141,0.010889828205108643,0.003716379404067993
-0.02124670147895813,0.013892069458961487,0.011073529720306396,0.00376090407371521
-0.021213099360466003,0.013944610953330994,0.011100202798843384,0.003772348165512085
-0.02101553976535797,0.014442525804042816,0.011043965816497803,0.0036941170692443848
-0.02100558578968048,0.014528557658195496,0.010981842875480652,0.0036624670028686523
-0.020933076739311218,0.014864541590213776,0.010313242673873901,0.003726750612258911
-0.020927757024765015,0.014901846647262573,0.010033756494522095,0.0037483274936676025
-0.020485445857048035,0.014891259372234344,0.009632393717765808,0.003730595111846924
-0.02046169340610504,0.014888480305671692,0.009478375315666199,0.0037070512771606445
-0.019480541348457336,0.015163369476795197,0.009663403034210205,0.003253370523452759
-0.019426614046096802,0.015248514711856842,0.009780824184417725,0.003109872341156006
-0.018643081188201904,0.015489920973777771,0.010563015937805176,0.002223283052444458
-0.01836758852005005,0.015893183648586273,0.010522589087486267,0.0016132891178131104
-0.018353760242462158,0.015994250774383545,0.010471001267433167,0.0014525353908538818
-0.017936229705810547,0.016370929777622223,0.010249525308609009,0.0010782182216644287
-0.01792021095752716,0.016456566751003265,0.010141909122467041,0.00095367431640625
-0.016744524240493774,0.017018310725688934,0.009916871786117554,0.0006200671195983887
-0.01667851209640503,0.017134785652160645,0.009817853569984436,0.0005241334438323975
-0.015961751341819763,0.017714306712150574,0.009870022535324097,4.747509956359863e-05
-0.015925392508506775,0.01785670965909958,0.009951293468475342,-9.825825691223145e-05
-0.015045881271362305,0.017981059849262238,0.010277241468429565,-0.00044661760330200195
-0.014808356761932373,0.017844244837760925,0.010494157671928406,-0.00073203444480896
-0.014817625284194946,0.017852231860160828,0.010609298944473267,-0.0008115768432617188
-0.014822125434875488,0.01786743849515915,0.010657355189323425,-0.0008323788642883301
-0.014595657587051392,0.01796979457139969,0.010865956544876099,-0.0012770593166351318
-0.014605224132537842,0.018024586141109467,0.010930076241493225,-0.001435399055480957
-0.014417573809623718,0.018372297286987305,0.010761335492134094,-0.0015591979026794434
-0.014427989721298218,0.018448658287525177,0.010650217533111572,-0.001597583293914795
-0.013883382081985474,0.018792100250720978,0.010620474815368652,-0.002272963523864746
-0.01385517418384552,0.018893323838710785,0.010578379034996033,-0.002474844455718994
-0.013495147228240967,0.019356243312358856,0.010418519377708435,-0.003223985433578491
-0.013192951679229736,0.019902974367141724,0.010260239243507385,-0.004076182842254639
-0.013179272413253784,0.020032986998558044,0.010209217667579651,-0.004326522350311279
-0.012762472033500671,0.0206601619720459,0.010334745049476624,-0.00454634428024292
-0.012751296162605286,0.02079932391643524,0.01036602258682251,-0.004615217447280884
-0.012357071042060852,0.02070237696170807,0.011142030358314514,-0.0047140419483184814
-0.01235935091972351,0.020735517144203186,0.01143026351928711,-0.0047454833984375
-0.012366101145744324,0.020754382014274597,0.011529341340065002,-0.0047532618045806885
-0.01258823275566101,0.020599111914634705,0.011479854583740234,-0.004894912242889404
-0.012606129050254822,0.020562410354614258,0.011410936713218689,-0.004920154809951782
-0.01257912814617157,0.020973458886146545,0.01115870475769043,-0.005556553602218628
-0.012566253542900085,0.021051660180091858,0.011067003011703491,-0.00574493408203125
-0.012606069445610046,0.021513566374778748,0.010907411575317383,-0.006402522325515747
-0.012549802660942078,0.02145327627658844,0.010637238621711731,-0.0068159401416778564
-0.012546196579933167,0.021450385451316833,0.010547563433647156,-0.006923377513885498
-0.01254524290561676,0.021458134055137634,0.010527431964874268,-0.006949931383132935
-0.012333020567893982,0.021358266472816467,0.010673090815544128,-0.007515430450439453
-0.011910676956176758,0.02150397002696991,0.011106893420219421,-0.008055001497268677
-0.011877551674842834,0.021559491753578186,0.011251211166381836,-0.008167773485183716
-0.01133003830909729,0.021656453609466553,0.011574581265449524,-0.008304387331008911
-0.011300310492515564,0.02168974280357361,0.01167924702167511,-0.008344382047653198
-0.011077195405960083,0.022729873657226562,0.012295171618461609,-0.008554667234420776
-0.01104019582271576,0.02292005717754364,0.012520447373390198,-0.008607268333435059
-0.010750949382781982,0.023293763399124146,0.012895628809928894,-0.00867113471031189
-0.01072472333908081,0.023372724652290344,0.013033345341682434,-0.008680909872055054
-0.010380342602729797,0.023839071393013,0.013446912169456482,-0.008427679538726807
-0.010344117879867554,0.023931771516799927,0.013648539781570435,-0.008338689804077148
-0.010321483016014099,0.024509668350219727,0.013819828629493713,-0.008092254400253296
-0.010311424732208252,0.02460041642189026,0.01384897530078888,-0.008011966943740845
-0.00985640287399292,0.025359898805618286,0.014156922698020935,-0.007783621549606323
-0.009822830557823181,0.025492623448371887,0.014274343848228455,-0.007728874683380127
-0.009700357913970947,0.025752827525138855,0.01445990800857544,-0.007860064506530762
-0.009690716862678528,0.0258217453956604,0.014536261558532715,-0.0079118013381958
-0.009532064199447632,0.026372313499450684,0.015082448720932007,-0.008143097162246704
-0.009513691067695618,0.02651199698448181,0.015345603227615356,-0.008216261863708496
-0.00932455062866211,0.027050867676734924,0.01596882939338684,-0.008205175399780273
-0.009189724922180176,0.02685798704624176,0.016469284892082214,-0.008190691471099854
-0.009194701910018921,0.026853829622268677,0.01662498712539673,-0.008194565773010254
-0.009198218584060669,0.026864320039749146,0.016678467392921448,-0.008199214935302734
-0.009372591972351074,0.02653101086616516,0.017412826418876648,-0.008407652378082275
-0.009598314762115479,0.02626723051071167,0.017814844846725464,-0.008444607257843018
-0.009621739387512207,0.026250749826431274,0.01788283884525299,-0.008435934782028198
-0.009626537561416626,0.025542229413986206,0.01788271963596344,-0.008659005165100098
-0.00963766872882843,0.025430947542190552,0.017847880721092224,-0.008702635765075684
-0.009463459253311157,0.024983063340187073,0.017658397555351257,-0.009398221969604492
-0.009451508522033691,0.02493026852607727,0.017630264163017273,-0.009603351354598999
-0.009447857737541199,0.024939581751823425,0.017635241150856018,-0.009648114442825317
-0.009222552180290222,0.02455022931098938,0.01710270345211029,-0.010335922241210938
-0.009132996201515198,0.024055659770965576,0.016430869698524475,-0.010862261056900024
-0.009125933051109314,0.024000659584999084,0.016230985522270203,-0.011012732982635498
-0.008987367153167725,0.023798048496246338,0.016096070408821106,-0.011599987745285034
-0.008980140089988708,0.023790404200553894,0.016006022691726685,-0.011790752410888672
-0.00889761745929718,0.02394285798072815,0.016153410077095032,-0.01208612322807312
-0.008873537182807922,0.023978829383850098,0.016236424446105957,-0.012199938297271729
-0.008636444807052612,0.024128928780555725,0.016089871525764465,-0.01255333423614502
-0.008612304925918579,0.02416345477104187,0.016007915139198303,-0.012672603130340576
-0.008257165551185608,0.024353280663490295,0.015518441796302795,-0.013072550296783447
-0.008229672908782959,0.024379774928092957,0.015304729342460632,-0.013195246458053589
-0.008225396275520325,0.02438288927078247,0.015239596366882324,-0.013220667839050293
-0.007741674780845642,0.024594023823738098,0.015218257904052734,-0.013060927391052246
-0.007717236876487732,0.02462540566921234,0.015185192227363586,-0.01300734281539917
-0.007186830043792725,0.025143444538116455,0.014831483364105225,-0.013308852910995483
-0.006725236773490906,0.025377705693244934,0.014462277293205261,-0.013559937477111816
-0.006692320108413696,0.02541506290435791,0.01425856351852417,-0.013594955205917358
-0.006427004933357239,0.025801748037338257,0.014172092080116272,-0.013683706521987915
-0.006413206458091736,0.025873303413391113,0.01407693326473236,-0.013689517974853516
-0.006496012210845947,0.02616487443447113,0.014432817697525024,-0.013126790523529053
-0.006501615047454834,0.02622152864933014,0.014522776007652283,-0.012919127941131592
-0.006441578269004822,0.026458069682121277,0.015205830335617065,-0.012662738561630249
-0.006434917449951172,0.026502147316932678,0.015479683876037598,-0.012558609247207642
-0.0065920352935791016,0.026181861758232117,0.01647837460041046,-0.012174487113952637
-0.006606400012969971,0.026138707995414734,0.01690329611301422,-0.012065917253494263
-0.006678551435470581,0.025911837816238403,0.017912045121192932,-0.012067228555679321
-0.006696596741676331,0.025892138481140137,0.018275544047355652,-0.012084215879440308
-0.006993472576141357,0.025816217064857483,0.019168049097061157,-0.011772572994232178
-0.0070469677448272705,0.025821834802627563,0.01927952468395233,-0.011631697416305542
-0.00722445547580719,0.025713399052619934,0.01898588240146637,-0.01108047366142273
-0.0072829872369766235,0.025664523243904114,0.018705353140830994,-0.010874301195144653
-0.007459163665771484,0.02551119029521942,0.01840721070766449,-0.010918617248535156
-0.007493540644645691,0.025465726852416992,0.01819208264350891,-0.01092424988746643
-0.007441192865371704,0.025333672761917114,0.018192559480667114,-0.0113755464553833
-0.0074485838413238525,0.02532339096069336,0.01815357804298401,-0.011530697345733643
-0.0076049864292144775,0.02501651644706726,0.01814517378807068,-0.010890483856201172
-0.007617533206939697,0.024943053722381592,0.018109500408172607,-0.010700702667236328
-0.007344871759414673,0.02522595226764679,0.01812601089477539,-0.01079404354095459
-0.006811127066612244,0.025262638926506042,0.01766762137413025,-0.011395841836929321
-0.006789088249206543,0.025292426347732544,0.017491713166236877,-0.01160535216331482
-0.006789162755012512,0.025311142206192017,0.0174514502286911,-0.01165837049484253
-0.006243526935577393,0.025842949748039246,0.017572492361068726,-0.01279979944229126
-0.005498021841049194,0.026387140154838562,0.017347529530525208,-0.014444023370742798
-0.005454733967781067,0.026554271578788757,0.01733355224132538,-0.014942020177841187
-0.005184292793273926,0.027311161160469055,0.01822550594806671,-0.01520395278930664
-0.005148082971572876,0.027467474341392517,0.0185871422290802,-0.015308976173400879
-0.00503048300743103,0.027816787362098694,0.018413737416267395,-0.01595526933670044
-0.005011826753616333,0.027910560369491577,0.018460363149642944,-0.01617431640625
-0.004542931914329529,0.028518855571746826,0.019033074378967285,-0.01711404323577881
-0.004507333040237427,0.028688043355941772,0.019310250878334045,-0.017433762550354004
-0.00439964234828949,0.029178321361541748,0.019863560795783997,-0.01789093017578125
-0.004118800163269043,0.029255852103233337,0.0199701189994812,-0.018596559762954712
-0.004117652773857117,0.029309839010238647,0.020017534494400024,-0.018830537796020508
-0.004185512661933899,0.028818175196647644,0.01965785026550293,-0.01909881830215454
-0.004204273223876953,0.02875255048274994,0.019549250602722168,-0.019209325313568115
-0.004453063011169434,0.0283859521150589,0.018881812691688538,-0.01977178454399109
-0.004472017288208008,0.028333649039268494,0.0186435729265213,-0.01994168758392334
-0.004535079002380371,0.02815781533718109,0.017999202013015747,-0.02076399326324463
-0.004534602165222168,0.02813822031021118,0.017717882990837097,-0.020999610424041748
-0.004310011863708496,0.0284469872713089,0.01734982430934906,-0.021436452865600586
-0.004311919212341309,0.028498142957687378,0.017181023955345154,-0.021566838026046753
-0.003804042935371399,0.028955787420272827,0.016765370965003967,-0.021513283252716064
-0.0037699341773986816,0.02903267741203308,0.016540631651878357,-0.021498143672943115
-0.003515958786010742,0.028817445039749146,0.015415921807289124,-0.02125537395477295
-0.003500714898109436,0.028785228729248047,0.014942362904548645,-0.02115541696548462
-0.003289327025413513,0.02868625521659851,0.014272943139076233,-0.02070680260658264
-0.003248840570449829,0.028701990842819214,0.014029145240783691,-0.020504117012023926
-0.0031663328409194946,0.0294007807970047,0.013906583189964294,-0.019258856773376465
-0.003054097294807434,0.030303597450256348,0.01375424861907959,-0.01633039116859436
-0.003033190965652466,0.030443817377090454,0.013661861419677734,-0.015394359827041626
-0.002778276801109314,0.031102254986763,0.012724846601486206,-0.013588249683380127
-0.002757549285888672,0.03125971555709839,0.012425169348716736,-0.012937098741531372
-0.0026365965604782104,0.031801268458366394,0.012524962425231934,-0.011162221431732178
-0.0026099979877471924,0.032002031803131104,0.01247495412826538,-0.010517895221710205
-0.0028756707906723022,0.033816561102867126,0.013349726796150208,-0.009305477142333984
-0.002858370542526245,0.0341259241104126,0.013654336333274841,-0.008899837732315063
-0.0028953254222869873,0.035202816128730774,0.013788595795631409,-0.007054626941680908
-0.0028847306966781616,0.03538036346435547,0.013741150498390198,-0.0064299702644348145
-0.003065928816795349,0.0352901816368103,0.01450096070766449,-0.004863828420639038
-0.0031206458806991577,0.03523083031177521,0.01453438401222229,-0.004351794719696045
-0.0030085891485214233,0.0350317656993866,0.015363693237304688,-0.0033859312534332275
-0.003007933497428894,0.0349651575088501,0.015477761626243591,-0.003036677837371826
-0.0027288049459457397,0.03520683944225311,0.01644250750541687,-0.0028880834579467773
-0.002718135714530945,0.035268038511276245,0.01659931242465973,-0.002765059471130371
-0.0025648176670074463,0.03454728424549103,0.01625572144985199,-0.00328218936920166
-0.002647772431373596,0.034332096576690674,0.015845060348510742,-0.0034695565700531006
-0.002136901021003723,0.033746764063835144,0.01369786262512207,-0.006697863340377808
-0.0022360533475875854,0.03370228409767151,0.01282992959022522,-0.007717043161392212
-0.0020849257707595825,0.03338944911956787,0.011474385857582092,-0.008601278066635132
-0.0021134018898010254,0.033411845564842224,0.010996058583259583,-0.008876591920852661
-0.0019317418336868286,0.03356483578681946,0.011516407132148743,-0.011228561401367188
-0.0019497275352478027,0.033610716462135315,0.011779487133026123,-0.011985242366790771
-0.001524701714515686,0.03396207094192505,0.012798845767974854,-0.015364259481430054
-0.001172289252281189,0.0341927707195282,0.013428926467895508,-0.016884326934814453
-0.0011112242937088013,0.0342867374420166,0.013743802905082703,-0.017263799905776978
-0.0013418197631835938,0.03491397202014923,0.014324799180030823,-0.01712074875831604
-0.0013127326965332031,0.03500688076019287,0.014584347605705261,-0.017089784145355225
-0.0013039708137512207,0.03497004508972168,0.014348417520523071,-0.017389684915542603
-0.0012869685888290405,0.03501766920089722,0.014405220746994019,-0.017500758171081543
-0.001060381531715393,0.034790992736816406,0.014634355902671814,-0.017437875270843506
-0.0010730177164077759,0.03477546572685242,0.014597833156585693,-0.017436116933822632
-0.0009684711694717407,0.03476867079734802,0.014700964093208313,-0.017217129468917847
-0.0009674131870269775,0.034767135977745056,0.014722093939781189,-0.017157703638076782
-0.0008990466594696045,0.03467462956905365,0.014835625886917114,-0.017315924167633057
-0.0008915811777114868,0.034651875495910645,0.014906719326972961,-0.01737421751022339
-0.0007822364568710327,0.034755706787109375,0.015192046761512756,-0.01750737428665161
-0.0007691234350204468,0.03477676212787628,0.015325233340263367,-0.017555534839630127
-0.0007435977458953857,0.03477585315704346,0.015417292714118958,-0.017601996660232544
-0.0007402896881103516,0.034776583313941956,0.015458181500434875,-0.01761913299560547
-0.0007393509149551392,0.03477315604686737,0.01547965407371521,-0.01763013005256653
-0.0007389336824417114,0.03477248549461365,0.015490129590034485,-0.01763477921485901
-0.0007405132055282593,0.03477165102958679,0.015491873025894165,-0.017635643482208252
-0.0007407814264297485,0.03477171063423157,0.015492305159568787,-0.017635971307754517
-0.00074787437915802,0.034771084785461426,0.015488073229789734,-0.01763632893562317
-0.0007481575012207031,0.03477060794830322,0.015488013625144958,-0.017637044191360474
-0.0007558166980743408,0.03477013111114502,0.015482917428016663,-0.017636984586715698
-0.0007557123899459839,0.03476963937282562,0.015483036637306213,-0.017637640237808228
-0.0007585883140563965,0.03477294743061066,0.015481069684028625,-0.01763784885406494
-0.000758633017539978,0.03477345407009125,0.015481844544410706,-0.01763838529586792
-0.0007614195346832275,0.03477674722671509,0.015478193759918213,-0.017637640237808228
-0.0007620006799697876,0.0347769558429718,0.015477985143661499,-0.017638087272644043
-0.0007632076740264893,0.03477734327316284,0.015476033091545105,-0.01763749122619629
-0.0007631778717041016,0.034777313470840454,0.01547558605670929,-0.017636775970458984
-0.0007603168487548828,0.03477674722671509,0.015476793050765991,-0.01763373613357544
-0.0007599294185638428,0.034777119755744934,0.015479609370231628,-0.017631888389587402
-0.0007604211568832397,0.03477707505226135,0.015479862689971924,-0.017631560564041138
-0.0007597655057907104,0.034775227308273315,0.01547972857952118,-0.017628759145736694
-0.0007599443197250366,0.03477458655834198,0.01548004150390625,-0.017627716064453125
-0.0007548034191131592,0.03477482497692108,0.015485063195228577,-0.01762750744819641
-0.0007556229829788208,0.034774646162986755,0.015486389398574829,-0.01762714982032776
-0.0007529854774475098,0.034773409366607666,0.015488073229789734,-0.01762712001800537
-0.000753447413444519,0.03477306663990021,0.015488162636756897,-0.017627358436584473
-0.0007994323968887329,0.03477947413921356,0.015423968434333801,-0.017601996660232544
-0.0008035153150558472,0.034778282046318054,0.015405789017677307,-0.017594486474990845
-0.0008035749197006226,0.03477740287780762,0.015400230884552002,-0.017592787742614746
-0.0008036196231842041,0.034776851534843445,0.015398070216178894,-0.017592191696166992
-0.0008041262626647949,0.03477659821510315,0.015397414565086365,-0.017591893672943115
-0.0008036643266677856,0.03477649390697479,0.015397369861602783,-0.017591893672943115
-0.0008036643266677856,0.03477643430233002,0.015397235751152039,-0.0175916850566864
-0.0008036643266677856,0.03477640450000763,0.015396982431411743,-0.01759171485900879
-0.0008036643266677856,0.03477640450000763,0.015396982431411743,-0.01759156584739685
-0.0008036643266677856,0.03477640450000763,0.015396982431411743,-0.01759156584739685
-0.000780150294303894,0.03477217257022858,0.015461936593055725,-0.017547786235809326
-0.0007843524217605591,0.034907400608062744,0.015365451574325562,-0.0173720121383667
-0.0007937252521514893,0.03492268919944763,0.01528206467628479,-0.01732844114303589
-0.0007868260145187378,0.035459935665130615,0.014982566237449646,-0.0169561505317688
-0.0007881671190261841,0.03555049002170563,0.014795511960983276,-0.016827136278152466
-0.0008326917886734009,0.03572091460227966,0.014899060130119324,-0.016272246837615967
-0.0008219778537750244,0.03573806583881378,0.014847993850708008,-0.01608946919441223
-0.0008369237184524536,0.03584299981594086,0.014629676938056946,-0.016111820936203003
-0.0008555352687835693,0.03584292531013489,0.014507204294204712,-0.016123980283737183
-0.0008672475814819336,0.03567877411842346,0.013916075229644775,-0.016125977039337158
-0.0009050965309143066,0.03562094271183014,0.01367981731891632,-0.016140878200531006
-0.0006723403930664062,0.03541126847267151,0.013678833842277527,-0.015930473804473877
-0.0006676912307739258,0.03536446392536163,0.01363903284072876,-0.01586213707923889
-0.0006707608699798584,0.034795403480529785,0.013755440711975098,-0.016564279794692993
-0.0007079392671585083,0.03456790745258331,0.013642743229866028,-0.017234891653060913
-0.0006872415542602539,0.03451251983642578,0.01361893117427826,-0.0174141526222229
-0.0008271783590316772,0.03484666347503662,0.013458773493766785,-0.017603695392608643
-0.0007749646902084351,0.03491103649139404,0.013528376817703247,-0.01762831211090088
-0.0008975863456726074,0.03535155951976776,0.014214694499969482,-0.017878204584121704
-0.0008299648761749268,0.035471752285957336,0.014553427696228027,-0.01791369915008545
-0.0007856786251068115,0.03594869375228882,0.01421491801738739,-0.01765894889831543
-0.0007023662328720093,0.036030352115631104,0.013964325189590454,-0.017507940530776978
-0.0007042884826660156,0.03605981171131134,0.013899236917495728,-0.01747414469718933
-0.000706017017364502,0.03606778383255005,0.013882875442504883,-0.017467081546783447
-0.0006129145622253418,0.03605242073535919,0.01375800371170044,-0.01771131157875061
-0.0006172806024551392,0.03602635860443115,0.013745591044425964,-0.01780107617378235
-0.00043050944805145264,0.03603605926036835,0.01441134512424469,-0.01792261004447937
-0.00039280951023101807,0.03603503108024597,0.014734074473381042,-0.017940610647201538
1.3694167137145996e-05,0.03606322407722473,0.014941692352294922,-0.01674702763557434
6.181001663208008e-05,0.03611938655376434,0.01509656012058258,-0.016373038291931152
0.0001707524061203003,0.036616817116737366,0.015419676899909973,-0.015373259782791138
0.00020171701908111572,0.036761969327926636,0.015541553497314453,-0.015023916959762573
0.00026439130306243896,0.03757084906101227,0.016053423285484314,-0.01498451828956604
0.00026109814643859863,0.037669941782951355,0.016290992498397827,-0.01493796706199646
0.0006387680768966675,0.03763851523399353,0.01631098985671997,-0.014409780502319336
0.0006400197744369507,0.037580132484436035,0.016281917691230774,-0.014270305633544922
0.0007024705410003662,0.03696820139884949,0.015844672918319702,-0.01456451416015625
0.0007008612155914307,0.036822035908699036,0.01569405198097229,-0.014650106430053711
0.0010589510202407837,0.03696593642234802,0.016030356287956238,-0.015127062797546387
0.0011073797941207886,0.03702487051486969,0.016116946935653687,-0.01519671082496643
0.0014280974864959717,0.03727802634239197,0.016436249017715454,-0.015693217515945435
0.0014515668153762817,0.037351787090301514,0.016456320881843567,-0.015799343585968018
0.0016241669654846191,0.03748239576816559,0.01692134141921997,-0.016320854425430298
0.0016628801822662354,0.037520185112953186,0.017109379172325134,-0.01642093062400818
0.0017166882753372192,0.03738512098789215,0.016742855310440063,-0.016120821237564087
0.0017106682062149048,0.037371546030044556,0.016547247767448425,-0.01606738567352295
0.002109020948410034,0.03697548806667328,0.016728565096855164,-0.01705789566040039
0.002124488353729248,0.03699210286140442,0.016683325171470642,-0.017314881086349487
0.0022944509983062744,0.03672194480895996,0.016595974564552307,-0.017723888158798218
0.0017288625240325928,0.03663216531276703,0.01635342836380005,-0.018282830715179443
0.001688629388809204,0.0366193950176239,0.016375437378883362,-0.018445968627929688
0.0018432140350341797,0.036655306816101074,0.01653185486793518,-0.017794668674468994
0.0018653124570846558,0.036680832505226135,0.016589254140853882,-0.017567306756973267
0.001868218183517456,0.036681920289993286,0.01659366488456726,-0.017520397901535034
0.0018696486949920654,0.036678701639175415,0.01659063994884491,-0.017506271600723267
0.0018694698810577393,0.036676183342933655,0.01658785343170166,-0.017500698566436768
0.001869797706604004,0.03667473793029785,0.016585946083068848,-0.0174981951713562
0.0018693655729293823,0.03667406737804413,0.016585171222686768,-0.017497152090072632
0.0018688291311264038,0.03667372465133667,0.01658463478088379,-0.017496615648269653
0.0018688440322875977,0.03667353093624115,0.01658444106578827,-0.017496347427368164
0.0018688440322875977,0.036673471331596375,0.01658424735069275,-0.017496258020401
0.0018688440322875977,0.03667342662811279,0.016584187746047974,-0.017496258020401
0.0018688440322875977,0.036673396825790405,0.016584187746047974,-0.017496258020401
0.0018688440322875977,0.036673396825790405,0.016584187746047974,-0.017496258020401
0.0018688440322875977,0.036673396825790405,0.016584187746047974,-0.017496258020401
0.0018688440322875977,0.036673396825790405,0.016584187746047974,-0.017496109008789062
0.0018688440322875977,0.036673396825790405,0.016584187746047974,-0.017496109008789062
0.0018688440322875977,0.03667338192462921,0.016584187746047974,-0.017496109008789062
0.0018731951713562012,0.0366671085357666,0.016581982374191284,-0.01750198006629944
0.0018734186887741089,0.03666636347770691,0.01658397912979126,-0.01750442385673523
0.0018726885318756104,0.03666253387928009,0.016588687896728516,-0.01749575138092041
0.001872137188911438,0.036661773920059204,0.016591593623161316,-0.017493993043899536
0.001875072717666626,0.03660644590854645,0.016587093472480774,-0.017548471689224243
0.0018737167119979858,0.036601901054382324,0.016580477356910706,-0.017568081617355347
0.0017852038145065308,0.036459654569625854,0.016453638672828674,-0.01740795373916626
0.0016901493072509766,0.0360209196805954,0.016085967421531677,-0.01716277003288269
0.0016832351684570312,0.03590059280395508,0.015975192189216614,-0.017119914293289185
0.0016966909170150757,0.03603939712047577,0.015794798731803894,-0.016357898712158203
0.001714557409286499,0.03599916398525238,0.01586584746837616,-0.016128331422805786
0.0017212927341461182,0.03596623241901398,0.015871047973632812,-0.01607176661491394
0.001353636384010315,0.03691105544567108,0.016319140791893005,-0.01669412851333618
0.0016258209943771362,0.03615599870681763,0.016937747597694397,-0.01694992184638977
0.001630738377571106,0.035888612270355225,0.017300963401794434,-0.017067790031433105
0.0018541067838668823,0.03616917133331299,0.01790432631969452,-0.017140597105026245
0.0018717199563980103,0.03625413775444031,0.018092289566993713,-0.017157703638076782
0.0012631416320800781,0.03423947095870972,0.01625955104827881,-0.01609945297241211
0.001178845763206482,0.03380207717418671,0.015529334545135498,-0.015862107276916504
0.0016971379518508911,0.03426259756088257,0.016545400023460388,-0.01766851544380188
0.0016607791185379028,0.03440985083580017,0.016674771904945374,-0.018186300992965698
0.0017546117305755615,0.034448906779289246,0.016669124364852905,-0.01812565326690674
0.0017412155866622925,0.034468695521354675,0.016636922955513,-0.01815718412399292
0.0015512853860855103,0.03438091278076172,0.01661454141139984,-0.018274307250976562
0.0015544891357421875,0.034364283084869385,0.01664005219936371,-0.018265992403030396
0.0016118735074996948,0.034445181488990784,0.016724541783332825,-0.018325865268707275
0.0016162842512130737,0.03446577489376068,0.016758665442466736,-0.018345683813095093
0.0015710443258285522,0.034408360719680786,0.016710087656974792,-0.01830238103866577
0.0015688538551330566,0.034394487738609314,0.016687601804733276,-0.01828858256340027
0.0015344470739364624,0.034311071038246155,0.016640454530715942,-0.018226146697998047
0.0015346705913543701,0.034288689494132996,0.01661771535873413,-0.018206536769866943
0.0016696900129318237,0.03418999910354614,0.016627058386802673,-0.018132418394088745
0.0008998215198516846,0.034087494015693665,0.015907153487205505,-0.016604751348495483
0.0009533613920211792,0.03401705622673035,0.01592099666595459,-0.016142576932907104
0.0009775161743164062,0.033976614475250244,0.015880480408668518,-0.01604437828063965
0.0012753009796142578,0.03535112738609314,0.016045033931732178,-0.01598188281059265
0.001759067177772522,0.03581036627292633,0.015678957104682922,-0.017099857330322266
0.0018016248941421509,0.036127835512161255,0.015378579497337341,-0.01731783151626587
0.0018004179000854492,0.036238789558410645,0.015305906534194946,-0.017363399267196655
0.0016099810600280762,0.03645510971546173,0.01596108078956604,-0.018253356218338013
0.0018305480480194092,0.03652888536453247,0.016297563910484314,-0.018661826848983765
0.0018344670534133911,0.03651708364486694,0.01643240451812744,-0.018764883279800415
0.0015923678874969482,0.03650997579097748,0.016312837600708008,-0.01834738254547119
0.001585632562637329,0.03656233847141266,0.01627667248249054,-0.018219739198684692
0.001631513237953186,0.03659325838088989,0.016264155507087708,-0.018154621124267578
0.001636117696762085,0.03660516440868378,0.01625964045524597,-0.018132656812667847
0.001585155725479126,0.03656810522079468,0.016245588660240173,-0.01846030354499817
0.0015753358602523804,0.036540210247039795,0.016225039958953857,-0.018563300371170044
0.001822739839553833,0.03656701743602753,0.016409143805503845,-0.018739759922027588
0.0018349885940551758,0.03653824329376221,0.01648634672164917,-0.018793731927871704
0.001849353313446045,0.03660941123962402,0.016596615314483643,-0.018690407276153564
0.0018537789583206177,0.03671236336231232,0.016528278589248657,-0.018510162830352783
0.0018482506275177002,0.03675854206085205,0.016464918851852417,-0.018457502126693726
0.0019866079092025757,0.03679908812046051,0.01649080216884613,-0.018373757600784302
0.0019970834255218506,0.03683815896511078,0.016475483775138855,-0.01835152506828308
0.001979142427444458,0.03680315613746643,0.016415253281593323,-0.018226027488708496
0.001975715160369873,0.03680327534675598,0.01635780930519104,-0.01819247007369995
0.001974552869796753,0.036804914474487305,0.016339406371116638,-0.01818719506263733
0.0019450634717941284,0.03680567443370819,0.016380995512008667,-0.01818394660949707
0.0019496232271194458,0.036810263991355896,0.01640145480632782,-0.018195420503616333
0.001980513334274292,0.03665746748447418,0.01649075746536255,-0.018521487712860107
0.0019783824682235718,0.03662125766277313,0.016576528549194336,-0.01863059401512146
0.002145707607269287,0.036519989371299744,0.01649618148803711,-0.018744468688964844
0.0021552741527557373,0.03651729226112366,0.016466185450553894,-0.018765568733215332
0.0021409541368484497,0.036410942673683167,0.016638725996017456,-0.01853051781654358
0.0021476447582244873,0.03636237978935242,0.01670488715171814,-0.018436044454574585
0.00212019681930542,0.03725409507751465,0.01663634181022644,-0.016983002424240112
0.002151593565940857,0.03727753460407257,0.016706764698028564,-0.016504228115081787
0.001832723617553711,0.037541717290878296,0.016595914959907532,-0.016090363264083862
0.0005421191453933716,0.0372786670923233,0.01565989851951599,-0.015698015689849854
0.00034880638122558594,0.03717218339443207,0.015103697776794434,-0.015728265047073364
0.0001271069049835205,0.03727981448173523,0.015783995389938354,-0.01627752184867859
0.00017324090003967285,0.037400662899017334,0.016022801399230957,-0.01643502712249756
0.00018800795078277588,0.037460729479789734,0.016107216477394104,-0.016455799341201782
0.00018998980522155762,0.03748007118701935,0.016138955950737,-0.016470372676849365
0.00018993020057678223,0.03748692572116852,0.016151443123817444,-0.01648128032684326
0.00018963217735290527,0.037490397691726685,0.016157448291778564,-0.016485780477523804
0.00018900632858276367,0.03748999536037445,0.01615731418132782,-0.01648971438407898
0.00018818676471710205,0.037490442395210266,0.01615762710571289,-0.016491234302520752
0.00018969178199768066,0.03749348223209381,0.016161233186721802,-0.016489803791046143
0.0001811683177947998,0.037480905652046204,0.016162827610969543,-0.016514241695404053
0.0001811385154724121,0.03748157620429993,0.016165539622306824,-0.016521334648132324
0.00018084049224853516,0.037482768297195435,0.016166552901268005,-0.016522616147994995
0.00018240511417388916,0.03748685121536255,0.01616714894771576,-0.016514718532562256
0.00037160515785217285,0.03719925880432129,0.015366405248641968,-0.016100406646728516
0.00031626224517822266,0.037059783935546875,0.015060961246490479,-0.015991121530532837
0.0018440485000610352,0.03712424635887146,0.016071051359176636,-0.016321390867233276
0.002061322331428528,0.03714245557785034,0.01666584610939026,-0.01626342535018921
0.002100244164466858,0.03641946613788605,0.01660613715648651,-0.01759299635887146
0.002004966139793396,0.036443471908569336,0.016325443983078003,-0.018124252557754517
0.0018168836832046509,0.036656737327575684,0.01629161834716797,-0.017753303050994873
0.0018551647663116455,0.03669340908527374,0.016513824462890625,-0.01758742332458496
0.0018651187419891357,0.03667868673801422,0.016568273305892944,-0.017520755529403687
0.001868128776550293,0.036675989627838135,0.016582608222961426,-0.017503708600997925
0.0018692612648010254,0.036674872040748596,0.01658475399017334,-0.01749897003173828
0.00186920166015625,0.03667421638965607,0.01658494770526886,-0.017497360706329346
0.0018697530031204224,0.036673784255981445,0.016584858298301697,-0.01749679446220398
0.0018696039915084839,0.036673590540885925,0.016584500670433044,-0.01749640703201294
0.0018688440322875977,0.036673471331596375,0.016584500670433044,-0.017496347427368164
0.0018688440322875977,0.03667342662811279,0.01658444106578827,-0.017496258020401
0.0018688440322875977,0.036673396825790405,0.016584187746047974,-0.017496258020401
0.0018688440322875977,0.036673396825790405,0.016584187746047974,-0.017496258020401
0.0018688440322875977,0.036673396825790405,0.016584187746047974,-0.017496258020401
0.0018688440322875977,0.036673396825790405,0.016584187746047974,-0.017496109008789062
0.0018688440322875977,0.036673396825790405,0.016584187746047974,-0.017496109008789062
0.0018688440322875977,0.036673396825790405,0.016584187746047974,-0.017496109008789062
0.0018688440322875977,0.03667338192462921,0.016584187746047974,-0.017496109008789062
0.0018688440322875977,0.03667338192462921,0.016584187746047974,-0.017496109008789062
0.0018688440322875977,0.03667338192462921,0.016584187746047974,-0.017496109008789062
0.0018688440322875977,0.03667338192462921,0.016584187746047974,-0.017496109008789062
0.0018688440322875977,0.03667338192462921,0.016584187746047974,-0.017496109008789062
0.0018688440322875977,0.03667338192462921,0.016584187746047974,-0.017496109008789062
0.0018688440322875977,0.03667338192462921,0.016584187746047974,-0.017496109008789062
0.0018688440322875977,0.03667338192462921,0.016584187746047974,-0.017496109008789062
0.0018688440322875977,0.03667338192462921,0.016584187746047974,-0.017496109008789062
0.0018688440322875977,0.03667338192462921,0.016584187746047974,-0.017496109008789062
0.0018688440322875977,0.03667338192462921,0.016584187746047974,-0.017496109008789062
0.0018688440322875977,0.03667338192462921,0.016584187746047974,-0.017496109008789062
0.0018688440322875977,0.03667338192462921,0.016584187746047974,-0.017496109008789062
0.0018688440322875977,0.03667338192462921,0.016584187746047974,-0.017496109008789062
0.0018688440322875977,0.03667338192462921,0.016584187746047974,-0.017496109008789062
0.0018688440322875977,0.03667338192462921,0.016584187746047974,-0.017496109008789062
0.0018688440322875977,0.03667338192462921,0.016584187746047974,-0.017496109008789062
0.0018688440322875977,0.03667338192462921,0.016584187746047974,-0.017496109008789062
0.0018688440322875977,0.03667338192462921,0.016584187746047974,-0.017496109008789062
0.0018688440322875977,0.03667338192462921,0.016584187746047974,-0.017496109008789062
0.0018688440322875977,0.03667338192462921,0.016584187746047974,-0.017496109008789062
0.0018688440322875977,0.03667338192462921,0.016584187746047974,-0.017496109008789062
0.0018688440322875977,0.03667338192462921,0.016584187746047974,-0.017496109008789062
0.0018688440322875977,0.03667338192462921,0.016584187746047974,-0.017496109008789062
0.0018688440322875977,0.03667338192462921,0.016584187746047974,-0.017496109008789062
0.0018688440322875977,0.03667338192462921,0.016584187746047974,-0.017496109008789062
0.0018688440322875977,0.03667338192462921,0.016584187746047974,-0.017496109008789062
0.0018688440322875977,0.03667338192462921,0.016584187746047974,-0.017496109008789062
0.0018688440322875977,0.03667338192462921,0.016584187746047974,-0.017496109008789062
0.0018688440322875977,0.03667338192462921,0.016584187746047974,-0.017496109008789062
0.0018688440322875977,0.03667338192462921,0.016584187746047974,-0.017496109008789062
0.0018688440322875977,0.03667338192462921,0.016584187746047974,-0.017496109008789062
0.0018688440322875977,0.03667338192462921,0.016584187746047974,-0.017496109008789062
0.0018688440322875977,0.03667338192462921,0.016584187746047974,-0.017496109008789062
0.0018688440322875977,0.03667338192462921,0.016584187746047974,-0.017496109008789062
0.0018688440322875977,0.03667338192462921,0.016584187746047974,-0.017496109008789062
0.0018688440322875977,0.03667338192462921,0.016584187746047974,-0.017496109008789062
0.0018688440322875977,0.03667338192462921,0.016584187746047974,-0.017496109008789062
0.0018688440322875977,0.03667338192462921,0.016584187746047974,-0.017496109008789062
0.0018688440322875977,0.03667338192462921,0.016584187746047974,-0.017496109008789062
0.0018688440322875977,0.03667338192462921,0.016584187746047974,-0.017496109008789062
0.0018688440322875977,0.03667338192462921,0.016584187746047974,-0.017496109008789062
0.0018688440322875977,0.03667338192462921,0.016584187746047974,-0.017496109008789062
0.0018688440322875977,0.03667338192462921,0.016584187746047974,-0.017496109008789062
0.0018688440322875977,0.03667338192462921,0.016584187746047974,-0.017496109008789062
0.0018688440322875977,0.03667338192462921,0.016584187746047974,-0.017496109008789062
0.0018688440322875977,0.03667338192462921,0.016584187746047974,-0.017496109008789062
0.0018688440322875977,0.03667338192462921,0.016584187746047974,-0.017496109008789062
0.0018688440322875977,0.03667338192462921,0.016584187746047974,-0.017496109008789062
0.0018688440322875977,0.03667338192462921,0.016584187746047974,-0.017496109008789062
0.0018688440322875977,0.03667338192462921,0.016584187746047974,-0.017496109008789062
0.0018688440322875977,0.03667338192462921,0.016584187746047974,-0.017496109008789062
0.0018688440322875977,0.03667338192462921,0.016584187746047974,-0.017496109008789062
0.0018688440322875977,0.03667338192462921,0.016584187746047974,-0.017496109008789062
0.0018688440322875977,0.03667338192462921,0.016584187746047974,-0.017496109008789062
0.0018688440322875977,0.03667338192462921,0.016584187746047974,-0.017496109008789062
0.0018688440322875977,0.03667338192462921,0.016584187746047974,-0.017496109008789062
0.0018688440322875977,0.03667338192462921,0.016584187746047974,-0.017496109008789062
0.0018688440322875977,0.03667338192462921,0.016584187746047974,-0.017496109008789062
0.0018688440322875977,0.03667338192462921,0.016584187746047974,-0.017496109008789062
0.0018688440322875977,0.03667338192462921,0.016584187746047974,-0.017496109008789062
0.0018688440322875977,0.03667338192462921,0.016584187746047974,-0.017496109008789062
0.0018688440322875977,0.03667338192462921,0.016584187746047974,-0.017496109008789062
0.0018688440322875977,0.03667338192462921,0.016584187746047974,-0.017496109008789062
0.0018688440322875977,0.03667338192462921,0.016584187746047974,-0.017496109008789062
0.0018688440322875977,0.03667338192462921,0.016584187746047974,-0.017496109008789062
0.0018688440322875977,0.03667338192462921,0.016584187746047974,-0.017496109008789062
0.0018688440322875977,0.03667338192462921,0.016584187746047974,-0.017496109008789062
0.0018688440322875977,0.03667338192462921,0.016584187746047974,-0.017496109008789062
0.0018688440322875977,0.03667338192462921,0.016584187746047974,-0.017496109008789062
0.0018688440322875977,0.03667338192462921,0.016584187746047974,-0.017496109008789062
0.0018688440322875977,0.03667338192462921,0.016584187746047974,-0.017496109008789062
0.0018688440322875977,0.03667338192462921,0.016584187746047974,-0.017496109008789062
0.0018688440322875977,0.03667338192462921,0.016584187746047974,-0.017496109008789062
0.0018688440322875977,0.03667338192462921,0.016584187746047974,-0.017496109008789062
0.0018688440322875977,0.03667338192462921,0.016584187746047974,-0.017496109008789062
0.0018688440322875977,0.03667338192462921,0.016584187746047974,-0.017496109008789062
0.0018688440322875977,0.03667338192462921,0.016584187746047974,-0.017496109008789062
0.0018688440322875977,0.03667338192462921,0.016584187746047974,-0.017496109008789062
0.0018688440322875977,0.03667338192462921,0.016584187746047974,-0.017496109008789062
0.0018688440322875977,0.03667338192462921,0.016584187746047974,-0.017496109008789062
0.0018688440322875977,0.03667338192462921,0.016584187746047974,-0.017496109008789062
0.0018688440322875977,0.03667338192462921,0.016584187746047974,-0.017496109008789062
0.0018688440322875977,0.03667338192462921,0.016584187746047974,-0.017496109008789062
0.0018688440322875977,0.03667338192462921,0.016584187746047974,-0.017496109008789062
0.0018688440322875977,0.03667338192462921,0.016584187746047974,-0.017496109008789062
0.0018688440322875977,0.03667338192462921,0.016584187746047974,-0.017496109008789062
0.0018688440322875977,0.03667338192462921,0.016584187746047974,-0.017496109008789062
0.0018688440322875977,0.03667338192462921,0.016584187746047974,-0.017496109008789062
0.0018688440322875977,0.03667338192462921,0.016584187746047974,-0.017496109008789062
0.0018688440322875977,0.03667338192462921,0.016584187746047974,-0.017496109008789062
0.0018688440322875977,0.03667338192462921,0.016584187746047974,-0.017496109008789062
0.0018688440322875977,0.03667338192462921,0.016584187746047974,-0.017496109008789062
0.0018688440322875977,0.03667338192462921,0.016584187746047974,-0.017496109008789062
0.0018688440322875977,0.03667338192462921,0.016584187746047974,-0.017496109008789062
0.0018688440322875977,0.03667338192462921,0.016584187746047974,-0.017496109008789062
0.0018688440322875977,0.03667338192462921,0.016584187746047974,-0.017496109008789062
0.0018688440322875977,0.03667338192462921,0.016584187746047974,-0.017496109008789062
0.0018688440322875977,0.03667338192462921,0.016584187746047974,-0.017496109008789062
0.0018688440322875977,0.03667338192462921,0.016584187746047974,-0.017496109008789062
0.0018688440322875977,0.03667338192462921,0.016584187746047974,-0.017496109008789062
0.0018688440322875977,0.03667338192462921,0.016584187746047974,-0.017496109008789062
0.0018688440322875977,0.03667338192462921,0.016584187746047974,-0.017496109008789062
0.0018688440322875977,0.03667338192462921,0.016584187746047974,-0.017496109008789062
0.0018688440322875977,0.03667338192462921,0.016584187746047974,-0.017496109008789062
0.0018688440322875977,0.03667338192462921,0.016584187746047974,-0.017496109008789062
0.0018688440322875977,0.03667338192462921,0.016584187746047974,-0.017496109008789062
0.0018688440322875977,0.03667338192462921,0.016584187746047974,-0.017496109008789062
0.0018688440322875977,0.03667338192462921,0.016584187746047974,-0.017496109008789062
0.0018688440322875977,0.03667338192462921,0.016584187746047974,-0.017496109008789062
0.0018688440322875977,0.03667338192462921,0.016584187746047974,-0.017496109008789062
0.0018688440322875977,0.03667338192462921,0.016584187746047974,-0.017496109008789062
0.0018688440322875977,0.03667338192462921,0.016584187746047974,-0.017496109008789062
0.0018688440322875977,0.03667338192462921,0.016584187746047974,-0.017496109008789062
0.0018688440322875977,0.03667338192462921,0.016584187746047974,-0.017496109008789062
0.0018688440322875977,0.03667338192462921,0.016584187746047974,-0.017496109008789062
0.0018688440322875977,0.03667338192462921,0.016584187746047974,-0.017496109008789062
0.0018688440322875977,0.03667338192462921,0.016584187746047974,-0.017496109008789062
0.0018688440322875977,0.03667338192462921,0.016584187746047974,-0.017496109008789062
0.0018688440322875977,0.03667338192462921,0.016584187746047974,-0.017496109008789062
0.0018688440322875977,0.03667338192462921,0.016584187746047974,-0.017496109008789062
0.0018688440322875977,0.03667338192462921,0.016584187746047974,-0.017496109008789062
0.0018688440322875977,0.03667338192462921,0.016584187746047974,-0.017496109008789062
0.0018688440322875977,0.03667338192462921,0.016584187746047974,-0.017496109008789062
0.0018688440322875977,0.03667338192462921,0.016584187746047974,-0.017496109008789062
0.0018688440322875977,0.03667338192462921,0.016584187746047974,-0.017496109008789062
0.0018688440322875977,0.03667338192462921,0.016584187746047974,-0.017496109008789062
0.0018688440322875977,0.03667338192462921,0.016584187746047974,-0.017496109008789062
0.0018688440322875977,0.03667338192462921,0.016584187746047974,-0.017496109008789062
0.0018688440322875977,0.03667338192462921,0.016584187746047974,-0.017496109008789062
0.0018688440322875977,0.03667338192462921,0.016584187746047974,-0.017496109008789062
0.0018688440322875977,0.03667338192462921,0.016584187746047974,-0.017496109008789062
0.0018688440322875977,0.03667338192462921,0.016584187746047974,-0.017496109008789062
0.0018688440322875977,0.03667338192462921,0.016584187746047974,-0.017496109008789062
0.0018688440322875977,0.03667338192462921,0.016584187746047974,-0.017496109008789062
0.0018688440322875977,0.03667338192462921,0.016584187746047974,-0.017496109008789062
0.0018688440322875977,0.03667338192462921,0.016584187746047974,-0.017496109008789062
0.0018688440322875977,0.03667338192462921,0.016584187746047974,-0.017496109008789062
0.0018688440322875977,0.03667338192462921,0.016584187746047974,-0.017496109008789062
0.0018688440322875977,0.03667338192462921,0.016584187746047974,-0.017496109008789062
0.0018688440322875977,0.03667338192462921,0.016584187746047974,-0.017496109008789062
0.0018688440322875977,0.03667338192462921,0.016584187746047974,-0.017496109008789062
0.0018688440322875977,0.03667338192462921,0.016584187746047974,-0.017496109008789062
0.0018688440322875977,0.03667338192462921,0.016584187746047974,-0.017496109008789062
0.0018688440322875977,0.03667338192462921,0.016584187746047974,-0.017496109008789062
0.0018688440322875977,0.03667338192462921,0.016584187746047974,-0.017496109008789062
0.0018688440322875977,0.03667338192462921,0.016584187746047974,-0.017496109008789062
0.0018688440322875977,0.03667338192462921,0.016584187746047974,-0.017496109008789062
0.0018688440322875977,0.03667338192462921,0.016584187746047974,-0.017496109008789062
0.0018688440322875977,0.03667338192462921,0.016584187746047974,-0.017496109008789062
0.0018688440322875977,0.03667338192462921,0.016584187746047974,-0.017496109008789062
0.0018688440322875977,0.03667338192462921,0.016584187746047974,-0.017496109008789062
0.0018688440322875977,0.03667338192462921,0.016584187746047974,-0.017496109008789062
0.0018688440322875977,0.03667338192462921,0.016584187746047974,-0.017496109008789062
0.0018688440322875977,0.03667338192462921,0.016584187746047974,-0.017496109008789062
0.0018688440322875977,0.03667338192462921,0.016584187746047974,-0.017496109008789062
0.0018688440322875977,0.03667338192462921,0.016584187746047974,-0.017496109008789062
0.0018688440322875977,0.03667338192462921,0.016584187746047974,-0.017496109008789062
0.0018688440322875977,0.03667338192462921,0.016584187746047974,-0.017496109008789062
0.0018688440322875977,0.03667338192462921,0.016584187746047974,-0.017496109008789062
0.0018688440322875977,0.03667338192462921,0.016584187746047974,-0.017496109008789062
0.0018688440322875977,0.03667338192462921,0.016584187746047974,-0.017496109008789062
0.0018688440322875977,0.03667338192462921,0.016584187746047974,-0.017496109008789062
0.0018688440322875977,0.03667338192462921,0.016584187746047974,-0.017496109008789062
0.0018688440322875977,0.03667338192462921,0.016584187746047974,-0.017496109008789062
0.0018688440322875977,0.03667338192462921,0.016584187746047974,-0.017496109008789062
0.0018688440322875977,0.03667338192462921,0.016584187746047974,-0.017496109008789062
0.0018688440322875977,0.03667338192462921,0.016584187746047974,-0.017496109008789062
0.0018688440322875977,0.03667338192462921,0.016584187746047974,-0.017496109008789062
0.0018688440322875977,0.03667338192462921,0.016584187746047974,-0.017496109008789062
0.0018688440322875977,0.03667338192462921,0.016584187746047974,-0.017496109008789062
0.0018688440322875977,0.03667338192462921,0.016584187746047974,-0.017496109008789062
0.0018688440322875977,0.03667338192462921,0.016584187746047974,-0.017496109008789062
0.0018688440322875977,0.03667338192462921,0.016584187746047974,-0.017496109008789062
0.0018688440322875977,0.03667338192462921,0.016584187746047974,-0.017496109008789062
0.0018688440322875977,0.03667338192462921,0.016584187746047974,-0.017496109008789062
0.0018688440322875977,0.03667338192462921,0.016584187746047974,-0.017496109008789062
0.0018688440322875977,0.03667338192462921,0.016584187746047974,-0.017496109008789062
0.0018688440322875977,0.03667338192462921,0.016584187746047974,-0.017496109008789062
0.0018688440322875977,0.03667338192462921,0.016584187746047974,-0.017496109008789062
0.0018688440322875977,0.03667338192462921,0.016584187746047974,-0.017496109008789062
0.0018688440322875977,0.03667338192462921,0.016584187746047974,-0.017496109008789062
0.0018688440322875977,0.03667338192462921,0.016584187746047974,-0.017496109008789062
0.0018688440322875977,0.03667338192462921,0.016584187746047974,-0.017496109008789062
0.0018688440322875977,0.03667338192462921,0.016584187746047974,-0.017496109008789062
0.0018688440322875977,0.03667338192462921,0.016584187746047974,-0.017496109008789062
0.0018688440322875977,0.03667338192462921,0.016584187746047974,-0.017496109008789062
0.0018688440322875977,0.03667338192462921,0.016584187746047974,-0.017496109008789062
0.0018688440322875977,0.03667338192462921,0.016584187746047974,-0.017496109008789062
0.0018688440322875977,0.03667338192462921,0.016584187746047974,-0.017496109008789062
0.0018688440322875977,0.03667338192462921,0.016584187746047974,-0.017496109008789062
0.0018688440322875977,0.03667338192462921,0.016584187746047974,-0.017496109008789062
0.0018688440322875977,0.03667338192462921,0.016584187746047974,-0.017496109008789062
0.0018688440322875977,0.03667338192462921,0.016584187746047974,-0.017496109008789062
0.0018688440322875977,0.03667338192462921,0.016584187746047974,-0.017496109008789062
0.0018688440322875977,0.03667338192462921,0.016584187746047974,-0.017496109008789062
0.0018688440322875977,0.03667338192462921,0.016584187746047974,-0.017496109008789062
0.0018688440322875977,0.03667338192462921,0.016584187746047974,-0.017496109008789062
0.0018688440322875977,0.03667338192462921,0.016584187746047974,-0.017496109008789062
0.0018688440322875977,0.03667338192462921,0.016584187746047974,-0.017496109008789062
0.0018688440322875977,0.03667338192462921,0.016584187746047974,-0.017496109008789062
0.0018688440322875977,0.03667338192462921,0.016584187746047974,-0.017496109008789062
0.0018688440322875977,0.03667338192462921,0.016584187746047974,-0.017496109008789062
0.0018688440322875977,0.03667338192462921,0.016584187746047974,-0.017496109008789062
0.0018688440322875977,0.03667338192462921,0.016584187746047974,-0.017496109008789062
0.0018688440322875977,0.03667338192462921,0.016584187746047974,-0.017496109008789062
0.0018688440322875977,0.03667338192462921,0.016584187746047974,-0.017496109008789062
0.0018688440322875977,0.03667338192462921,0.016584187746047974,-0.017496109008789062
0.0018688440322875977,0.03667338192462921,0.016584187746047974,-0.017496109008789062
0.0018688440322875977,0.03667338192462921,0.016584187746047974,-0.017496109008789062
0.0018688440322875977,0.03667338192462921,0.016584187746047974,-0.017496109008789062
0.0018688440322875977,0.03667338192462921,0.016584187746047974,-0.017496109008789062
0.0018688440322875977,0.03667338192462921,0.016584187746047974,-0.017496109008789062
0.0018688440322875977,0.03667338192462921,0.016584187746047974,-0.017496109008789062
0.0018688440322875977,0.03667338192462921,0.016584187746047974,-0.017496109008789062
0.0018688440322875977,0.03667338192462921,0.016584187746047974,-0.017496109008789062
0.0018688440322875977,0.03667338192462921,0.016584187746047974,-0.017496109008789062
0.0018688440322875977,0.03667338192462921,0.016584187746047974,-0.017496109008789062
0.0018688440322875977,0.03667338192462921,0.016584187746047974,-0.017496109008789062
0.0018688440322875977,0.03667338192462921,0.016584187746047974,-0.017496109008789062
0.0018688440322875977,0.03667338192462921,0.016584187746047974,-0.017496109008789062
0.0018688440322875977,0.03667338192462921,0.016584187746047974,-0.017496109008789062
0.0018688440322875977,0.03667338192462921,0.016584187746047974,-0.017496109008789062
0.0018688440322875977,0.03667338192462921,0.016584187746047974,-0.017496109008789062
0.0018688440322875977,0.03667338192462921,0.016584187746047974,-0.017496109008789062
0.0018688440322875977,0.03667338192462921,0.016584187746047974,-0.017496109008789062
0.0018688440322875977,0.03667338192462921,0.016584187746047974,-0.017496109008789062
0.0018688440322875977,0.03667338192462921,0.016584187746047974,-0.017496109008789062
0.0018688440322875977,0.03667338192462921,0.016584187746047974,-0.017496109008789062
0.0018688440322875977,0.03667338192462921,0.016584187746047974,-0.017496109008789062
0.0018688440322875977,0.03667338192462921,0.016584187746047974,-0.017496109008789062
0.0018688440322875977,0.03667338192462921,0.016584187746047974,-0.017496109008789062
0.0018688440322875977,0.03667338192462921,0.016584187746047974,-0.017496109008789062
0.0018688440322875977,0.03667338192462921,0.016584187746047974,-0.017496109008789062
0.0018688440322875977,0.03667338192462921,0.016584187746047974,-0.017496109008789062
0.0018688440322875977,0.03667338192462921,0.016584187746047974,-0.017496109008789062
0.0018688440322875977,0.03667338192462921,0.016584187746047974,-0.017496109008789062
0.0018688440322875977,0.03667338192462921,0.016584187746047974,-0.017496109008789062
0.0018688440322875977,0.03667338192462921,0.016584187746047974,-0.017496109008789062
0.0018688440322875977,0.03667338192462921,0.016584187746047974,-0.017496109008789062
0.0018688440322875977,0.03667338192462921,0.016584187746047974,-0.017496109008789062
0.0018688440322875977,0.03667338192462921,0.016584187746047974,-0.017496109008789062
0.0018688440322875977,0.03667338192462921,0.016584187746047974,-0.017496109008789062
0.0018688440322875977,0.03667338192462921,0.016584187746047974,-0.017496109008789062
0.0018688440322875977,0.03667338192462921,0.016584187746047974,-0.017496109008789062
0.0018688440322875977,0.03667338192462921,0.016584187746047974,-0.017496109008789062
0.0018688440322875977,0.03667338192462921,0.016584187746047974,-0.017496109008789062
0.0018688440322875977,0.03667338192462921,0.016584187746047974,-0.017496109008789062
0.0018688440322875977,0.03667338192462921,0.016584187746047974,-0.017496109008789062
0.0018688440322875977,0.03667338192462921,0.016584187746047974,-0.017496109008789062
0.0018688440322875977,0.03667338192462921,0.016584187746047974,-0.017496109008789062
0.0018688440322875977,0.03667338192462921,0.016584187746047974,-0.017496109008789062
0.0018688440322875977,0.03667338192462921,0.016584187746047974,-0.017496109008789062
0.0018688440322875977,0.03667338192462921,0.016584187746047974,-0.017496109008789062
0.0018688440322875977,0.03667338192462921,0.016584187746047974,-0.017496109008789062
0.0018688440322875977,0.03667338192462921,0.016584187746047974,-0.017496109008789062
0.0018688440322875977,0.03667338192462921,0.016584187746047974,-0.017496109008789062
0.0018688440322875977,0.03667338192462921,0.016584187746047974,-0.017496109008789062
0.0018688440322875977,0.03667338192462921,0.016584187746047974,-0.017496109008789062
0.0018688440322875977,0.03667338192462921,0.016584187746047974,-0.017496109008789062
0.0018688440322875977,0.03667338192462921,0.016584187746047974,-0.017496109008789062
0.0018688440322875977,0.03667338192462921,0.016584187746047974,-0.017496109008789062
0.0018688440322875977,0.03667338192462921,0.016584187746047974,-0.017496109008789062
0.0018688440322875977,0.03667338192462921,0.016584187746047974,-0.017496109008789062
0.0018688440322875977,0.03667338192462921,0.016584187746047974,-0.017496109008789062
0.0018688440322875977,0.03667338192462921,0.016584187746047974,-0.017496109008789062
0.0018688440322875977,0.03667338192462921,0.016584187746047974,-0.017496109008789062
0.0018688440322875977,0.03667338192462921,0.016584187746047974,-0.017496109008789062
0.0018688440322875977,0.03667338192462921,0.016584187746047974,-0.017496109008789062
0.0018688440322875977,0.03667338192462921,0.016584187746047974,-0.017496109008789062
0.0018688440322875977,0.03667338192462921,0.016584187746047974,-0.017496109008789062
0.0018688440322875977,0.03667338192462921,0.016584187746047974,-0.017496109008789062
0.0018688440322875977,0.03667338192462921,0.016584187746047974,-0.017496109008789062
0.0018688440322875977,0.03667338192462921,0.016584187746047974,-0.017496109008789062
0.0018688440322875977,0.03667338192462921,0.016584187746047974,-0.017496109008789062
0.0018688440322875977,0.03667338192462921,0.016584187746047974,-0.017496109008789062
0.0018688440322875977,0.03667338192462921,0.016584187746047974,-0.017496109008789062
0.0018688440322875977,0.03667338192462921,0.016584187746047974,-0.017496109008789062
0.0018688440322875977,0.03667338192462921,0.016584187746047974,-0.017496109008789062
0.0018688440322875977,0.03667338192462921,0.016584187746047974,-0.017496109008789062
0.0018688440322875977,0.03667338192462921,0.016584187746047974,-0.017496109008789062
0.0018688440322875977,0.03667338192462921,0.016584187746047974,-0.017496109008789062
0.0018688440322875977,0.03667338192462921,0.016584187746047974,-0.017496109008789062
0.0018688440322875977,0.03667338192462921,0.016584187746047974,-0.017496109008789062
0.0018688440322875977,0.03667338192462921,0.016584187746047974,-0.017496109008789062
0.0018688440322875977,0.03667338192462921,0.016584187746047974,-0.017496109008789062
0.0018688440322875977,0.03667338192462921,0.016584187746047974,-0.017496109008789062
0.0018688440322875977,0.03667338192462921,0.016584187746047974,-0.017496109008789062
0.0018688440322875977,0.03667338192462921,0.016584187746047974,-0.017496109008789062
0.0018688440322875977,0.03667338192462921,0.016584187746047974,-0.017496109008789062
0.0018688440322875977,0.03667338192462921,0.016584187746047974,-0.017496109008789062
0.0018688440322875977,0.03667338192462921,0.016584187746047974,-0.017496109008789062
0.0018688440322875977,0.03667338192462921,0.016584187746047974,-0.017496109008789062
0.0018688440322875977,0.03667338192462921,0.016584187746047974,-0.017496109008789062
0.0018688440322875977,0.03667338192462921,0.016584187746047974,-0.017496109008789062
0.0018688440322875977,0.03667338192462921,0.016584187746047974,-0.017496109008789062
0.0018688440322875977,0.03667338192462921,0.016584187746047974,-0.017496109008789062
0.0018688440322875977,0.03667338192462921,0.016584187746047974,-0.017496109008789062
0.0018688440322875977,0.03667338192462921,0.016584187746047974,-0.017496109008789062
0.0018688440322875977,0.03667338192462921,0.016584187746047974,-0.017496109008789062
0.0018688440322875977,0.03667338192462921,0.016584187746047974,-0.017496109008789062
0.0018688440322875977,0.03667338192462921,0.016584187746047974,-0.017496109008789062
0.0018688440322875977,0.03667338192462921,0.016584187746047974,-0.017496109008789062
0.0018688440322875977,0.03667338192462921,0.016584187746047974,-0.017496109008789062
0.0018688440322875977,0.03667338192462921,0.016584187746047974,-0.017496109008789062
0.0018688440322875977,0.03667338192462921,0.016584187746047974,-0.017496109008789062
0.0018688440322875977,0.03667338192462921,0.016584187746047974,-0.017496109008789062
0.0018688440322875977,0.03667338192462921,0.016584187746047974,-0.017496109008789062
0.0018688440322875977,0.03667338192462921,0.016584187746047974,-0.017496109008789062
0.0018688440322875977,0.03667338192462921,0.016584187746047974,-0.017496109008789062
0.0018688440322875977,0.03667338192462921,0.016584187746047974,-0.017496109008789062
0.0018688440322875977,0.03667338192462921,0.016584187746047974,-0.017496109008789062
0.0018688440322875977,0.03667338192462921,0.016584187746047974,-0.017496109008789062
0.0018688440322875977,0.03667338192462921,0.016584187746047974,-0.017496109008789062
0.0018688440322875977,0.03667338192462921,0.016584187746047974,-0.017496109008789062
0.0018688440322875977,0.03667338192462921,0.016584187746047974,-0.017496109008789062
0.0018688440322875977,0.03667338192462921,0.016584187746047974,-0.017496109008789062
0.0018688440322875977,0.03667338192462921,0.016584187746047974,-0.017496109008789062
0.0018688440322875977,0.03667338192462921,0.016584187746047974,-0.017496109008789062
0.0018688440322875977,0.03667338192462921,0.016584187746047974,-0.017496109008789062
0.0018688440322875977,0.03667338192462921,0.016584187746047974,-0.017496109008789062
0.0018688440322875977,0.03667338192462921,0.016584187746047974,-0.017496109008789062
0.0018688440322875977,0.03667338192462921,0.016584187746047974,-0.017496109008789062
0.0018688440322875977,0.03667338192462921,0.016584187746047974,-0.017496109008789062
0.0018688440322875977,0.03667338192462921,0.016584187746047974,-0.017496109008789062
0.0018688440322875977,0.03667338192462921,0.016584187746047974,-0.017496109008789062
0.0018688440322875977,0.03667338192462921,0.016584187746047974,-0.017496109008789062
0.0018688440322875977,0.03667338192462921,0.016584187746047974,-0.017496109008789062
0.0018688440322875977,0.03667338192462921,0.016584187746047974,-0.017496109008789062
0.0018688440322875977,0.03667338192462921,0.016584187746047974,-0.017496109008789062
0.0018688440322875977,0.03667338192462921,0.016584187746047974,-0.017496109008789062
0.0018688440322875977,0.03667338192462921,0.016584187746047974,-0.017496109008789062
0.0018688440322875977,0.03667338192462921,0.016584187746047974,-0.017496109008789062
0.0018688440322875977,0.03667338192462921,0.016584187746047974,-0.017496109008789062
0.0018688440322875977,0.03667338192462921,0.016584187746047974,-0.017496109008789062
0.0018688440322875977,0.03667338192462921,0.016584187746047974,-0.017496109008789062
0.0018688440322875977,0.03667338192462921,0.016584187746047974,-0.017496109008789062
0.0018688440322875977,0.03667338192462921,0.016584187746047974,-0.017496109008789062
0.0018688440322875977,0.03667338192462921,0.016584187746047974,-0.017496109008789062
0.0018688440322875977,0.03667338192462921,0.016584187746047974,-0.017496109008789062
0.0018688440322875977,0.03667338192462921,0.016584187746047974,-0.017496109008789062
0.0018688440322875977,0.03667338192462921,0.016584187746047974,-0.017496109008789062
0.0018688440322875977,0.03667338192462921,0.016584187746047974,-0.017496109008789062
0.0018688440322875977,0.03667338192462921,0.016584187746047974,-0.017496109008789062
0.0018688440322875977,0.03667338192462921,0.016584187746047974,-0.017496109008789062
0.0018688440322875977,0.03667338192462921,0.016584187746047974,-0.017496109008789062
0.0018688440322875977,0.03667338192462921,0.016584187746047974,-0.017496109008789062
0.0018688440322875977,0.03667338192462921,0.016584187746047974,-0.017496109008789062
0.0018688440322875977,0.03667338192462921,0.016584187746047974,-0.017496109008789062
0.0018688440322875977,0.03667338192462921,0.016584187746047974,-0.017496109008789062
0.0018688440322875977,0.03667338192462921,0.016584187746047974,-0.017496109008789062
0.0018688440322875977,0.03667338192462921,0.016584187746047974,-0.017496109008789062
0.0018688440322875977,0.03667338192462921,0.016584187746047974,-0.017496109008789062
0.0018688440322875977,0.03667338192462921,0.016584187746047974,-0.017496109008789062
0.0018688440322875977,0.03667338192462921,0.016584187746047974,-0.017496109008789062
0.0018688440322875977,0.03667338192462921,0.016584187746047974,-0.017496109008789062
0.0018688440322875977,0.03667338192462921,0.016584187746047974,-0.017496109008789062
0.0018688440322875977,0.03667338192462921,0.016584187746047974,-0.017496109008789062
0.0018688440322875977,0.03667338192462921,0.016584187746047974,-0.017496109008789062
0.0018688440322875977,0.03667338192462921,0.016584187746047974,-0.017496109008789062
0.0018688440322875977,0.03667338192462921,0.016584187746047974,-0.017496109008789062
0.0018688440322875977,0.03667338192462921,0.016584187746047974,-0.017496109008789062
0.0018688440322875977,0.03667338192462921,0.016584187746047974,-0.017496109008789062
0.0018688440322875977,0.03667338192462921,0.016584187746047974,-0.017496109008789062
0.0018688440322875977,0.03667338192462921,0.016584187746047974,-0.017496109008789062
0.0018688440322875977,0.03667338192462921,0.016584187746047974,-0.017496109008789062
0.0018688440322875977,0.03667338192462921,0.016584187746047974,-0.017496109008789062
0.0018688440322875977,0.03667338192462921,0.016584187746047974,-0.017496109008789062
0.0018688440322875977,0.03667338192462921,0.016584187746047974,-0.017496109008789062
0.0018688440322875977,0.03667338192462921,0.016584187746047974,-0.017496109008789062
0.0018688440322875977,0.03667338192462921,0.016584187746047974,-0.017496109008789062
0.0018688440322875977,0.03667338192462921,0.016584187746047974,-0.017496109008789062
0.0018688440322875977,0.03667338192462921,0.016584187746047974,-0.017496109008789062
0.0018688440322875977,0.03667338192462921,0.016584187746047974,-0.017496109008789062
0.0018688440322875977,0.03667338192462921,0.016584187746047974,-0.017496109008789062
0.0018688440322875977,0.03667338192462921,0.016584187746047974,-0.017496109008789062
0.0018688440322875977,0.03667338192462921,0.016584187746047974,-0.017496109008789062
0.0018688440322875977,0.03667338192462921,0.016584187746047974,-0.017496109008789062
0.0018688440322875977,0.03667338192462921,0.016584187746047974,-0.017496109008789062
0.0018688440322875977,0.03667338192462921,0.016584187746047974,-0.017496109008789062
0.0018688440322875977,0.03667338192462921,0.016584187746047974,-0.017496109008789062
0.0018688440322875977,0.03667338192462921,0.016584187746047974,-0.017496109008789062
0.0018688440322875977,0.03667338192462921,0.016584187746047974,-0.017496109008789062
0.0018688440322875977,0.03667338192462921,0.016584187746047974,-0.017496109008789062
0.0018688440322875977,0.03667338192462921,0.016584187746047974,-0.017496109008789062
0.0018688440322875977,0.03667338192462921,0.016584187746047974,-0.017496109008789062
0.0018688440322875977,0.03667338192462921,0.016584187746047974,-0.017496109008789062
0.0018688440322875977,0.03667338192462921,0.016584187746047974,-0.017496109008789062
0.0018688440322875977,0.03667338192462921,0.016584187746047974,-0.017496109008789062
0.0018688440322875977,0.03667338192462921,0.016584187746047974,-0.017496109008789062
0.0018688440322875977,0.03667338192462921,0.016584187746047974,-0.017496109008789062
0.0018688440322875977,0.03667338192462921,0.016584187746047974,-0.017496109008789062
0.0018688440322875977,0.03667338192462921,0.016584187746047974,-0.017496109008789062
0.0018688440322875977,0.03667338192462921,0.016584187746047974,-0.017496109008789062
0.0018688440322875977,0.03667338192462921,0.016584187746047974,-0.017496109008789062
0.0018688440322875977,0.03667338192462921,0.016584187746047974,-0.017496109008789062
0.0018688440322875977,0.03667338192462921,0.016584187746047974,-0.017496109008789062
0.0018688440322875977,0.03667338192462921,0.016584187746047974,-0.017496109008789062
0.0018688440322875977,0.03667338192462921,0.016584187746047974,-0.017496109008789062
0.0018688440322875977,0.03667338192462921,0.016584187746047974,-0.017496109008789062
0.0018688440322875977,0.03667338192462921,0.016584187746047974,-0.017496109008789062
0.0018688440322875977,0.03667338192462921,0.016584187746047974,-0.017496109008789062
0.0018688440322875977,0.03667338192462921,0.016584187746047974,-0.017496109008789062
0.0018688440322875977,0.03667338192462921,0.016584187746047974,-0.017496109008789062
0.0018688440322875977,0.03667338192462921,0.016584187746047974,-0.017496109008789062
0.0018688440322875977,0.03667338192462921,0.016584187746047974,-0.017496109008789062
0.0018688440322875977,0.03667338192462921,0.016584187746047974,-0.017496109008789062
0.0018688440322875977,0.03667338192462921,0.016584187746047974,-0.017496109008789062
0.0018688440322875977,0.03667338192462921,0.016584187746047974,-0.017496109008789062
0.0018688440322875977,0.03667338192462921,0.016584187746047974,-0.017496109008789062
0.0018688440322875977,0.03667338192462921,0.016584187746047974,-0.017496109008789062
0.0018688440322875977,0.03667338192462921,0.016584187746047974,-0.017496109008789062
0.0018688440322875977,0.03667338192462921,0.016584187746047974,-0.017496109008789062
0.0018688440322875977,0.03667338192462921,0.016584187746047974,-0.017496109008789062
0.0018688440322875977,0.03667338192462921,0.016584187746047974,-0.017496109008789062
0.0018688440322875977,0.03667338192462921,0.016584187746047974,-0.017496109008789062
0.0018688440322875977,0.03667338192462921,0.016584187746047974,-0.017496109008789062
0.0018688440322875977,0.03667338192462921,0.016584187746047974,-0.017496109008789062
0.0018688440322875977,0.03667338192462921,0.016584187746047974,-0.017496109008789062
0.0018688440322875977,0.03667338192462921,0.016584187746047974,-0.017496109008789062
0.0018688440322875977,0.03667338192462921,0.016584187746047974,-0.017496109008789062
0.0018688440322875977,0.03667338192462921,0.016584187746047974,-0.017496109008789062
0.0018688440322875977,0.03667338192462921,0.016584187746047974,-0.017496109008789062
0.0018688440322875977,0.03667338192462921,0.016584187746047974,-0.017496109008789062
0.0018688440322875977,0.03667338192462921,0.016584187746047974,-0.017496109008789062
0.0018688440322875977,0.03667338192462921,0.016584187746047974,-0.017496109008789062
0.0018688440322875977,0.03667338192462921,0.016584187746047974,-0.017496109008789062
0.0018688440322875977,0.03667338192462921,0.016584187746047974,-0.017496109008789062
0.0018688440322875977,0.03667338192462921,0.016584187746047974,-0.017496109008789062
0.0018688440322875977,0.03667338192462921,0.016584187746047974,-0.017496109008789062
0.0018688440322875977,0.03667338192462921,0.016584187746047974,-0.017496109008789062
0.0018688440322875977,0.03667338192462921,0.016584187746047974,-0.017496109008789062
0.0018688440322875977,0.03667338192462921,0.016584187746047974,-0.017496109008789062
0.0018688440322875977,0.03667338192462921,0.016584187746047974,-0.017496109008789062
0.0018688440322875977,0.03667338192462921,0.016584187746047974,-0.017496109008789062
0.0018688440322875977,0.03667338192462921,0.016584187746047974,-0.017496109008789062
0.0018688440322875977,0.03667338192462921,0.016584187746047974,-0.017496109008789062
0.0018688440322875977,0.03667338192462921,0.016584187746047974,-0.017496109008789062
0.0018688440322875977,0.03667338192462921,0.016584187746047974,-0.017496109008789062
0.0018688440322875977,0.03667338192462921,0.016584187746047974,-0.017496109008789062
0.0018688440322875977,0.03667338192462921,0.016584187746047974,-0.017496109008789062
0.0018688440322875977,0.03667338192462921,0.016584187746047974,-0.017496109008789062
0.0018688440322875977,0.03667338192462921,0.016584187746047974,-0.017496109008789062
0.0018688440322875977,0.03667338192462921,0.016584187746047974,-0.017496109008789062
0.0018688440322875977,0.03667338192462921,0.016584187746047974,-0.017496109008789062
0.0018688440322875977,0.03667338192462921,0.016584187746047974,-0.017496109008789062
0.0018688440322875977,0.03667338192462921,0.016584187746047974,-0.017496109008789062
0.0018688440322875977,0.03667338192462921,0.016584187746047974,-0.017496109008789062
0.0018688440322875977,0.03667338192462921,0.016584187746047974,-0.017496109008789062
0.0018688440322875977,0.03667338192462921,0.016584187746047974,-0.017496109008789062
0.0018688440322875977,0.03667338192462921,0.016584187746047974,-0.017496109008789062
0.0018688440322875977,0.03667338192462921,0.016584187746047974,-0.017496109008789062
0.0018688440322875977,0.03667338192462921,0.016584187746047974,-0.017496109008789062
0.0018688440322875977,0.03667338192462921,0.016584187746047974,-0.017496109008789062
0.0018688440322875977,0.03667338192462921,0.016584187746047974,-0.017496109008789062
0.0018688440322875977,0.03667338192462921,0.016584187746047974,-0.017496109008789062
0.0018688440322875977,0.03667338192462921,0.016584187746047974,-0.017496109008789062
0.0018688440322875977,0.03667338192462921,0.016584187746047974,-0.017496109008789062
0.0018688440322875977,0.03667338192462921,0.016584187746047974,-0.017496109008789062
0.0018688440322875977,0.03667338192462921,0.016584187746047974,-0.017496109008789062
0.0018688440322875977,0.03667338192462921,0.016584187746047974,-0.017496109008789062
0.0018688440322875977,0.03667338192462921,0.016584187746047974,-0.017496109008789062
0.0018688440322875977,0.03667338192462921,0.016584187746047974,-0.017496109008789062
0.0018688440322875977,0.03667338192462921,0.016584187746047974,-0.017496109008789062
0.0018688440322875977,0.03667338192462921,0.016584187746047974,-0.017496109008789062
0.0018688440322875977,0.03667338192462921,0.016584187746047974,-0.017496109008789062
0.0018688440322875977,0.03667338192462921,0.016584187746047974,-0.017496109008789062
0.0018688440322875977,0.03667338192462921,0.016584187746047974,-0.017496109008789062
0.0018688440322875977,0.03667338192462921,0.016584187746047974,-0.017496109008789062
0.0018688440322875977,0.03667338192462921,0.016584187746047974,-0.017496109008789062
0.0018688440322875977,0.03667338192462921,0.016584187746047974,-0.017496109008789062
0.0018688440322875977,0.03667338192462921,0.016584187746047974,-0.017496109008789062
0.0018688440322875977,0.03667338192462921,0.016584187746047974,-0.017496109008789062
0.0018688440322875977,0.03667338192462921,0.016584187746047974,-0.017496109008789062
0.0018688440322875977,0.03667338192462921,0.016584187746047974,-0.017496109008789062
0.0018688440322875977,0.03667338192462921,0.016584187746047974,-0.017496109008789062
0.0018688440322875977,0.03667338192462921,0.016584187746047974,-0.017496109008789062
0.0018688440322875977,0.03667338192462921,0.016584187746047974,-0.017496109008789062
0.0018688440322875977,0.03667338192462921,0.016584187746047974,-0.017496109008789062
0.0018688440322875977,0.03667338192462921,0.016584187746047974,-0.017496109008789062
0.0018688440322875977,0.03667338192462921,0.016584187746047974,-0.017496109008789062
0.0018688440322875977,0.03667338192462921,0.016584187746047974,-0.017496109008789062
0.0018688440322875977,0.03667338192462921,0.016584187746047974,-0.017496109008789062
0.0018688440322875977,0.03667338192462921,0.016584187746047974,-0.017496109008789062
0.0018688440322875977,0.03667338192462921,0.016584187746047974,-0.017496109008789062
0.0018688440322875977,0.03667338192462921,0.016584187746047974,-0.017496109008789062
0.0018688440322875977,0.03667338192462921,0.016584187746047974,-0.017496109008789062
0.0018688440322875977,0.03667338192462921,0.016584187746047974,-0.017496109008789062
0.0018688440322875977,0.03667338192462921,0.016584187746047974,-0.017496109008789062
0.0018688440322875977,0.03667338192462921,0.016584187746047974,-0.017496109008789062
0.0018688440322875977,0.03667338192462921,0.016584187746047974,-0.017496109008789062
0.0018688440322875977,0.03667338192462921,0.016584187746047974,-0.017496109008789062
0.0018688440322875977,0.03667338192462921,0.016584187746047974,-0.017496109008789062
0.0018688440322875977,0.03667338192462921,0.016584187746047974,-0.017496109008789062
0.0018688440322875977,0.03667338192462921,0.016584187746047974,-0.017496109008789062
0.0018688440322875977,0.03667338192462921,0.016584187746047974,-0.017496109008789062
0.0018688440322875977,0.03667338192462921,0.016584187746047974,-0.017496109008789062
0.0018688440322875977,0.03667338192462921,0.016584187746047974,-0.017496109008789062
0.0018688440322875977,0.03667338192462921,0.016584187746047974,-0.017496109008789062
0.0018688440322875977,0.03667338192462921,0.016584187746047974,-0.017496109008789062
0.0018688440322875977,0.03667338192462921,0.016584187746047974,-0.017496109008789062
0.0018688440322875977,0.03667338192462921,0.016584187746047974,-0.017496109008789062
0.0018688440322875977,0.03667338192462921,0.016584187746047974,-0.017496109008789062
0.0018688440322875977,0.03667338192462921,0.016584187746047974,-0.017496109008789062
0.0018688440322875977,0.03667338192462921,0.016584187746047974,-0.017496109008789062
0.0018688440322875977,0.03667338192462921,0.016584187746047974,-0.017496109008789062
0.0018688440322875977,0.03667338192462921,0.016584187746047974,-0.017496109008789062
0.0018688440322875977,0.03667338192462921,0.016584187746047974,-0.017496109008789062
0.0018688440322875977,0.03667338192462921,0.016584187746047974,-0.017496109008789062
0.0018688440322875977,0.03667338192462921,0.016584187746047974,-0.017496109008789062
0.0018688440322875977,0.03667338192462921,0.016584187746047974,-0.017496109008789062
0.0018688440322875977,0.03667338192462921,0.016584187746047974,-0.017496109008789062
0.0018688440322875977,0.03667338192462921,0.016584187746047974,-0.017496109008789062
0.0018688440322875977,0.03667338192462921,0.016584187746047974,-0.017496109008789062
0.0018688440322875977,0.03667338192462921,0.016584187746047974,-0.017496109008789062
0.0018688440322875977,0.03667338192462921,0.016584187746047974,-0.017496109008789062
0.0018688440322875977,0.03667338192462921,0.016584187746047974,-0.017496109008789062
0.0018688440322875977,0.03667338192462921,0.016584187746047974,-0.017496109008789062
0.0018688440322875977,0.03667338192462921,0.016584187746047974,-0.017496109008789062
0.0018688440322875977,0.03667338192462921,0.016584187746047974,-0.017496109008789062
0.0018688440322875977,0.03667338192462921,0.016584187746047974,-0.017496109008789062
0.0018688440322875977,0.03667338192462921,0.016584187746047974,-0.017496109008789062
0.0018688440322875977,0.03667338192462921,0.016584187746047974,-0.017496109008789062
0.0018688440322875977,0.03667338192462921,0.016584187746047974,-0.017496109008789062
0.0018688440322875977,0.03667338192462921,0.016584187746047974,-0.017496109008789062
0.0018688440322875977,0.03667338192462921,0.016584187746047974,-0.017496109008789062
0.0018688440322875977,0.03667338192462921,0.016584187746047974,-0.017496109008789062
0.0018688440322875977,0.03667338192462921,0.016584187746047974,-0.017496109008789062
0.0018688440322875977,0.03667338192462921,0.016584187746047974,-0.017496109008789062
0.0018688440322875977,0.03667338192462921,0.016584187746047974,-0.017496109008789062
0.0018688440322875977,0.03667338192462921,0.016584187746047974,-0.017496109008789062
0.0018688440322875977,0.03667338192462921,0.016584187746047974,-0.017496109008789062
0.0018688440322875977,0.03667338192462921,0.016584187746047974,-0.017496109008789062
0.0018688440322875977,0.03667338192462921,0.016584187746047974,-0.017496109008789062
0.0018688440322875977,0.03667338192462921,0.016584187746047974,-0.017496109008789062
0.0018688440322875977,0.03667338192462921,0.016584187746047974,-0.017496109008789062
0.0018688440322875977,0.03667338192462921,0.016584187746047974,-0.017496109008789062
0.0018688440322875977,0.03667338192462921,0.016584187746047974,-0.017496109008789062
0.0018688440322875977,0.03667338192462921,0.016584187746047974,-0.017496109008789062
0.0018688440322875977,0.03667338192462921,0.016584187746047974,-0.017496109008789062
0.0018688440322875977,0.03667338192462921,0.016584187746047974,-0.017496109008789062
0.0018688440322875977,0.03667338192462921,0.016584187746047974,-0.017496109008789062
0.0018688440322875977,0.03667338192462921,0.016584187746047974,-0.017496109008789062
0.0018688440322875977,0.03667338192462921,0.016584187746047974,-0.017496109008789062
0.0018688440322875977,0.03667338192462921,0.016584187746047974,-0.017496109008789062
0.0018688440322875977,0.03667338192462921,0.016584187746047974,-0.017496109008789062
0.0018688440322875977,0.03667338192462921,0.016584187746047974,-0.017496109008789062
0.0018688440322875977,0.03667338192462921,0.016584187746047974,-0.017496109008789062
0.0018688440322875977,0.03667338192462921,0.016584187746047974,-0.017496109008789062
0.0018688440322875977,0.03667338192462921,0.016584187746047974,-0.017496109008789062
0.0018688440322875977,0.03667338192462921,0.016584187746047974,-0.017496109008789062
0.0018688440322875977,0.03667338192462921,0.016584187746047974,-0.017496109008789062
0.0018688440322875977,0.03667338192462921,0.016584187746047974,-0.017496109008789062
0.0018688440322875977,0.03667338192462921,0.016584187746047974,-0.017496109008789062
0.0018688440322875977,0.03667338192462921,0.016584187746047974,-0.017496109008789062
0.0018688440322875977,0.03667338192462921,0.016584187746047974,-0.017496109008789062
0.0018688440322875977,0.03667338192462921,0.016584187746047974,-0.017496109008789062
0.0018688440322875977,0.03667338192462921,0.016584187746047974,-0.017496109008789062
0.0018688440322875977,0.03667338192462921,0.016584187746047974,-0.017496109008789062
0.0018688440322875977,0.03667338192462921,0.016584187746047974,-0.017496109008789062
0.0018688440322875977,0.03667338192462921,0.016584187746047974,-0.017496109008789062
0.0018688440322875977,0.03667338192462921,0.016584187746047974,-0.017496109008789062
0.0018688440322875977,0.03667338192462921,0.016584187746047974,-0.017496109008789062
0.0018688440322875977,0.03667338192462921,0.016584187746047974,-0.017496109008789062
0.0018688440322875977,0.03667338192462921,0.016584187746047974,-0.017496109008789062
0.0018688440322875977,0.03667338192462921,0.016584187746047974,-0.017496109008789062
0.0018688440322875977,0.03667338192462921,0.016584187746047974,-0.017496109008789062
0.0018688440322875977,0.03667338192462921,0.016584187746047974,-0.017496109008789062
0.0018688440322875977,0.03667338192462921,0.016584187746047974,-0.017496109008789062
0.0018688440322875977,0.03667338192462921,0.016584187746047974,-0.017496109008789062
0.0018688440322875977,0.03667338192462921,0.016584187746047974,-0.017496109008789062
0.0018688440322875977,0.03667338192462921,0.016584187746047974,-0.017496109008789062
0.0018688440322875977,0.03667338192462921,0.016584187746047974,-0.017496109008789062
0.0018688440322875977,0.03667338192462921,0.016584187746047974,-0.017496109008789062
0.0018688440322875977,0.03667338192462921,0.016584187746047974,-0.017496109008789062
0.0018688440322875977,0.03667338192462921,0.016584187746047974,-0.017496109008789062
0.0018688440322875977,0.03667338192462921,0.016584187746047974,-0.017496109008789062
0.0018688440322875977,0.03667338192462921,0.016584187746047974,-0.017496109008789062
0.0018688440322875977,0.03667338192462921,0.016584187746047974,-0.017496109008789062
0.0018688440322875977,0.03667338192462921,0.016584187746047974,-0.017496109008789062
0.0018688440322875977,0.03667338192462921,0.016584187746047974,-0.017496109008789062
0.0018688440322875977,0.03667338192462921,0.016584187746047974,-0.017496109008789062
0.0018688440322875977,0.03667338192462921,0.016584187746047974,-0.017496109008789062
0.0018688440322875977,0.03667338192462921,0.016584187746047974,-0.017496109008789062
0.0018688440322875977,0.03667338192462921,0.016584187746047974,-0.017496109008789062
0.0018688440322875977,0.03667338192462921,0.016584187746047974,-0.017496109008789062
0.0018688440322875977,0.03667338192462921,0.016584187746047974,-0.017496109008789062
0.0018688440322875977,0.03667338192462921,0.016584187746047974,-0.017496109008789062
0.0018688440322875977,0.03667338192462921,0.016584187746047974,-0.017496109008789062
0.0018688440322875977,0.03667338192462921,0.016584187746047974,-0.017496109008789062
0.0018688440322875977,0.03667338192462921,0.016584187746047974,-0.017496109008789062
0.0018688440322875977,0.03667338192462921,0.016584187746047974,-0.017496109008789062
0.0018688440322875977,0.03667338192462921,0.016584187746047974,-0.017496109008789062
0.0018688440322875977,0.03667338192462921,0.016584187746047974,-0.017496109008789062
0.0018688440322875977,0.03667338192462921,0.016584187746047974,-0.017496109008789062
0.0018688440322875977,0.03667338192462921,0.016584187746047974,-0.017496109008789062
0.0018688440322875977,0.03667338192462921,0.016584187746047974,-0.017496109008789062
0.0018688440322875977,0.03667338192462921,0.016584187746047974,-0.017496109008789062
0.0018688440322875977,0.03667338192462921,0.016584187746047974,-0.017496109008789062
0.0018688440322875977,0.03667338192462921,0.016584187746047974,-0.017496109008789062
0.0018688440322875977,0.03667338192462921,0.016584187746047974,-0.017496109008789062
0.0018688440322875977,0.03667338192462921,0.016584187746047974,-0.017496109008789062
0.0018688440322875977,0.03667338192462921,0.016584187746047974,-0.017496109008789062
0.0018688440322875977,0.03667338192462921,0.016584187746047974,-0.017496109008789062
0.0018688440322875977,0.03667338192462921,0.016584187746047974,-0.017496109008789062
0.0018688440322875977,0.03667338192462921,0.016584187746047974,-0.017496109008789062
0.0018688440322875977,0.03667338192462921,0.016584187746047974,-0.017496109008789062
0.0018688440322875977,0.03667338192462921,0.016584187746047974,-0.017496109008789062
0.0018688440322875977,0.03667338192462921,0.016584187746047974,-0.017496109008789062
0.0018688440322875977,0.03667338192462921,0.016584187746047974,-0.017496109008789062
0.0018688440322875977,0.03667338192462921,0.016584187746047974,-0.017496109008789062
0.0018688440322875977,0.03667338192462921,0.016584187746047974,-0.017496109008789062
0.0018688440322875977,0.03667338192462921,0.016584187746047974,-0.017496109008789062
0.0018688440322875977,0.03667338192462921,0.016584187746047974,-0.017496109008789062
0.0018688440322875977,0.03667338192462921,0.016584187746047974,-0.017496109008789062
0.0018688440322875977,0.03667338192462921,0.016584187746047974,-0.017496109008789062
0.0018688440322875977,0.03667338192462921,0.016584187746047974,-0.017496109008789062
0.0018688440322875977,0.03667338192462921,0.016584187746047974,-0.017496109008789062
0.0018688440322875977,0.03667338192462921,0.016584187746047974,-0.017496109008789062
0.0018688440322875977,0.03667338192462921,0.016584187746047974,-0.017496109008789062
0.0018688440322875977,0.03667338192462921,0.016584187746047974,-0.017496109008789062
0.0018688440322875977,0.03667338192462921,0.016584187746047974,-0.017496109008789062
0.0018688440322875977,0.03667338192462921,0.016584187746047974,-0.017496109008789062
0.0018688440322875977,0.03667338192462921,0.016584187746047974,-0.017496109008789062
0.0018688440322875977,0.03667338192462921,0.016584187746047974,-0.017496109008789062
