vx,vy,vz,omega_z
0.21359209716320038,0.044238537549972534,-0.2443997859954834,0.5028645396232605
0.23195186257362366,0.061992987990379333,-0.3514358401298523,0.9236758351325989
0.2586800158023834,0.07037869095802307,-0.4016931354999542,0.9147695302963257
0.22783851623535156,0.05212496221065521,-0.3675938844680786,0.9119544625282288
0.22662422060966492,0.045691490173339844,-0.3546437621116638,0.9158104062080383
0.23619142174720764,0.03750413656234741,-0.3314730226993561,0.912456214427948
0.23648779094219208,0.03579011559486389,-0.32461678981781006,0.9125912189483643
0.23963943123817444,0.018620632588863373,-0.290616899728775,0.900885820388794
0.24025768041610718,0.015209116041660309,-0.28122055530548096,0.8992665410041809
0.23125483095645905,0.016220733523368835,-0.27360817790031433,0.9009804725646973
0.23110412061214447,0.016442708671092987,-0.27169549465179443,0.9027870893478394
0.20249371230602264,-0.0016767755150794983,-0.26621103286743164,0.8509617447853088
0.20253349840641022,-0.006019115447998047,-0.2661770284175873,0.8369055986404419
0.2008095532655716,-0.023839235305786133,-0.2620267868041992,0.8291640281677246
0.20206671953201294,-0.028118453919887543,-0.25932690501213074,0.8290431499481201
0.20419704914093018,-0.046609632670879364,-0.2491767257452011,0.8299710750579834
0.20494458079338074,-0.05080312862992287,-0.24540886282920837,0.8325161933898926
0.2035355418920517,-0.06193014234304428,-0.23129600286483765,0.8302761912345886
0.20378880202770233,-0.06392325460910797,-0.228573277592659,0.8288792371749878
0.1987481564283371,-0.07096648216247559,-0.2298259139060974,0.8126729726791382
0.1989387571811676,-0.0727202445268631,-0.22826535999774933,0.8069323897361755
0.18952757120132446,-0.08413593471050262,-0.20577867329120636,0.7709282636642456
0.18880805373191833,-0.08659517765045166,-0.1974114030599594,0.7589453458786011
0.17326781153678894,-0.09946788102388382,-0.2014804482460022,0.7553242444992065
0.17269380390644073,-0.10311520844697952,-0.20060019195079803,0.7537527084350586
0.15852969884872437,-0.11086069047451019,-0.1936180591583252,0.7275967597961426
0.15828751027584076,-0.11263905465602875,-0.1905260682106018,0.7206462621688843
0.14517611265182495,-0.11568333953619003,-0.20276764035224915,0.6898835897445679
0.14524032175540924,-0.11713199317455292,-0.2046458125114441,0.6803613901138306
0.12184849381446838,-0.1281963586807251,-0.19261673092842102,0.672133207321167
0.1211383193731308,-0.13162818551063538,-0.1870640516281128,0.670345664024353
0.10534855723381042,-0.13344232738018036,-0.17663761973381042,0.6631841063499451
0.10478738695383072,-0.1344013214111328,-0.17287109792232513,0.6608248949050903
0.10867699235677719,-0.14315912127494812,-0.16954171657562256,0.6351140737533569
0.10898837447166443,-0.14558133482933044,-0.1687968373298645,0.6254330277442932
0.09301891177892685,-0.14958810806274414,-0.1541198045015335,0.6348183155059814
0.09254951775074005,-0.150559201836586,-0.14974752068519592,0.6368244290351868
0.07590250670909882,-0.15054120123386383,-0.15333601832389832,0.6553549766540527
0.0752972811460495,-0.15119929611682892,-0.15545447170734406,0.6603587865829468
0.06057669222354889,-0.14669275283813477,-0.1509411633014679,0.6222065687179565
0.05972111225128174,-0.14560559391975403,-0.15091472864151,0.6104172468185425
0.05966828763484955,-0.14545387029647827,-0.15092256665229797,0.609542965888977
0.0592166930437088,-0.1415541172027588,-0.13626733422279358,0.6102679371833801
0.042833030223846436,-0.13406036794185638,-0.14378045499324799,0.6100562810897827
0.04235576093196869,-0.1325160562992096,-0.14756086468696594,0.6150424480438232
0.029216378927230835,-0.1334967166185379,-0.14679545164108276,0.5936245322227478
0.028661444783210754,-0.1342378407716751,-0.14715728163719177,0.5904608964920044
0.018270447850227356,-0.14048682153224945,-0.13873282074928284,0.5585882067680359
0.01762661337852478,-0.1424243450164795,-0.13575933873653412,0.5509291887283325
0.017553329467773438,-0.14278212189674377,-0.13464246690273285,0.5506564378738403
0.014713183045387268,-0.1515398621559143,-0.1380096822977066,0.5512012243270874
0.013601094484329224,-0.1551089882850647,-0.13896378874778748,0.5364622473716736
0.013535961508750916,-0.1559465527534485,-0.1394338309764862,0.533029317855835
0.010684669017791748,-0.1548471450805664,-0.12838533520698547,0.5244264006614685
0.010312840342521667,-0.15477925539016724,-0.12556162476539612,0.5228683352470398
0.004938185214996338,-0.15368476510047913,-0.12478204071521759,0.4993666410446167
0.004515916109085083,-0.15364393591880798,-0.1248747929930687,0.4944770932197571
-0.0010459870100021362,-0.1511123776435852,-0.11607923358678818,0.4967755079269409
-0.0013980716466903687,-0.150698721408844,-0.1133037880063057,0.4986926317214966
-0.003943920135498047,-0.1468876600265503,-0.10654830187559128,0.4980747401714325
-0.004147589206695557,-0.14584514498710632,-0.10455886274576187,0.4979060888290405
-0.018280625343322754,-0.13860763609409332,-0.09788587689399719,0.4916905164718628
-0.01887565851211548,-0.13653063774108887,-0.09659191966056824,0.4900573194026947
-0.018878772854804993,-0.13616308569908142,-0.09633676707744598,0.4899364113807678
-0.023439764976501465,-0.13528479635715485,-0.09845517575740814,0.46088919043540955
-0.02955968677997589,-0.13508275151252747,-0.10436227172613144,0.44698113203048706
-0.029738977551460266,-0.135259211063385,-0.1056758463382721,0.4456639289855957
-0.02752278745174408,-0.1350712776184082,-0.1006903350353241,0.4376598000526428
-0.027532517910003662,-0.1351889669895172,-0.09844055771827698,0.43608736991882324
-0.030634135007858276,-0.13517706096172333,-0.09639135003089905,0.4265868067741394
-0.030810117721557617,-0.1352812796831131,-0.09553052484989166,0.42441946268081665
-0.03747497498989105,-0.12835575640201569,-0.09754352271556854,0.42154183983802795
-0.03777672350406647,-0.12643314898014069,-0.09872277081012726,0.4208359122276306
-0.04200282692909241,-0.11716943234205246,-0.09485821425914764,0.41265881061553955
-0.04224422574043274,-0.11473212391138077,-0.09396472573280334,0.41070201992988586
-0.045739635825157166,-0.11198088526725769,-0.09062498807907104,0.3963175415992737
-0.045867130160331726,-0.11134414374828339,-0.08974158763885498,0.392846018075943
-0.044632479548454285,-0.11296865344047546,-0.08753064274787903,0.37560421228408813
-0.04453158378601074,-0.11332911998033524,-0.08727371692657471,0.37089699506759644
-0.04337489604949951,-0.11253780126571655,-0.08996227383613586,0.3526199162006378
-0.04325982928276062,-0.11217270791530609,-0.09185045957565308,0.34740257263183594
-0.043217554688453674,-0.11210004985332489,-0.09269551932811737,0.3468174338340759
-0.043992266058921814,-0.10826209932565689,-0.09275254607200623,0.3401282727718353
-0.042544350028038025,-0.10576172173023224,-0.09189516305923462,0.3254951238632202
-0.042512789368629456,-0.10525893419981003,-0.09207528829574585,0.32163703441619873
-0.04195980727672577,-0.10602888464927673,-0.09514038264751434,0.31018203496932983
-0.041947782039642334,-0.10614871978759766,-0.09643863141536713,0.30692604184150696
-0.04457850754261017,-0.10577188432216644,-0.09347525238990784,0.2990046739578247
-0.044704094529151917,-0.10559026896953583,-0.09308925271034241,0.29646235704421997
-0.04469306766986847,-0.10555019229650497,-0.09309534728527069,0.29615384340286255
-0.04823119938373566,-0.10345806926488876,-0.08683452010154724,0.300606906414032
-0.04845969378948212,-0.10307518392801285,-0.08426842093467712,0.3017801344394684
-0.052734240889549255,-0.10037834942340851,-0.08028741180896759,0.30537402629852295
-0.052994176745414734,-0.09987454116344452,-0.07879814505577087,0.30625396966934204
-0.053561076521873474,-0.09444396942853928,-0.069597989320755,0.2988499402999878
-0.05369405448436737,-0.09326855838298798,-0.06702679395675659,0.2965742349624634
-0.05274204909801483,-0.09156269580125809,-0.061864033341407776,0.28872376680374146
-0.050057753920555115,-0.0883977934718132,-0.05713513493537903,0.28025713562965393
-0.04996822774410248,-0.08763286471366882,-0.05628803372383118,0.2781284749507904
-0.04705019295215607,-0.084808349609375,-0.05333814024925232,0.27007895708084106
-0.04701755940914154,-0.08395878970623016,-0.05253863334655762,0.26767218112945557
-0.0450238436460495,-0.08045260608196259,-0.049932122230529785,0.25788748264312744
-0.04498280584812164,-0.07966595143079758,-0.04958418011665344,0.2549281120300293
-0.04492434859275818,-0.07911653816699982,-0.04718080163002014,0.24617014825344086
-0.0449366569519043,-0.07870589196681976,-0.046969935297966,0.24361559748649597
-0.04661090672016144,-0.0797368735074997,-0.04613673686981201,0.24083900451660156
-0.04665876924991608,-0.07971329987049103,-0.04637952148914337,0.24001997709274292
-0.047436848282814026,-0.077948659658432,-0.043873727321624756,0.23729734122753143
-0.04743890464305878,-0.07746902108192444,-0.043785855174064636,0.2364388257265091
-0.04742984473705292,-0.07737696170806885,-0.04385557770729065,0.23627500236034393
-0.04754139482975006,-0.07724352926015854,-0.045536816120147705,0.22801391780376434
-0.047462597489356995,-0.07722141593694687,-0.04687906801700592,0.2258211374282837
-0.04743097722530365,-0.07624112069606781,-0.04896579682826996,0.22501954436302185
-0.04743953049182892,-0.07637292146682739,-0.049323588609695435,0.22513750195503235
-0.04865734279155731,-0.07756482809782028,-0.04885542392730713,0.22066420316696167
-0.048748984932899475,-0.07769090682268143,-0.048537611961364746,0.21958844363689423
-0.04931236803531647,-0.07496588677167892,-0.046215638518333435,0.21161121129989624
-0.04938940703868866,-0.07434748858213425,-0.045514851808547974,0.20954453945159912
-0.050187304615974426,-0.07296861708164215,-0.04250064492225647,0.2072249799966812
-0.05028744041919708,-0.07258924841880798,-0.041397884488105774,0.2064814567565918
-0.050460949540138245,-0.07068199664354324,-0.03975220024585724,0.2016270011663437
-0.05050592124462128,-0.07024699449539185,-0.03931117057800293,0.20035728812217712
-0.050307855010032654,-0.06896071881055832,-0.03913968801498413,0.19585537910461426
-0.05033494532108307,-0.06868217885494232,-0.03919978439807892,0.1948176920413971
-0.04911978542804718,-0.06692779064178467,-0.036542534828186035,0.19136986136436462
-0.04909403622150421,-0.066527359187603,-0.035684362053871155,0.19056850671768188
-0.04695923626422882,-0.06484456360340118,-0.032592132687568665,0.18504785001277924
-0.04688803851604462,-0.06433737277984619,-0.03179313242435455,0.1836308240890503
-0.045033857226371765,-0.06305405497550964,-0.030500277876853943,0.1793769896030426
-0.0437295138835907,-0.06017155572772026,-0.02767200767993927,0.17439967393875122
-0.04368071258068085,-0.059579961001873016,-0.026753008365631104,0.1732940971851349
-0.04302625358104706,-0.05783158540725708,-0.024878039956092834,0.16991589963436127
-0.04299147427082062,-0.05750719830393791,-0.02424280345439911,0.16910339891910553
-0.0432179719209671,-0.05572064593434334,-0.02189195156097412,0.16144871711730957
-0.043242111802101135,-0.05527452379465103,-0.02119983732700348,0.1595560759305954
-0.04317280650138855,-0.05413675680756569,-0.019927069544792175,0.15096700191497803
-0.04314754903316498,-0.053713608533144,-0.019877493381500244,0.14871814846992493
-0.04342539608478546,-0.0531933419406414,-0.01956571638584137,0.14513295888900757
-0.04342906177043915,-0.05305885523557663,-0.019567862153053284,0.1441984474658966
-0.04269710183143616,-0.052430495619773865,-0.019925028085708618,0.14022430777549744
-0.042661383748054504,-0.052201591432094574,-0.020220130681991577,0.13917210698127747
-0.04152688384056091,-0.04979684203863144,-0.019269824028015137,0.13476812839508057
-0.04146642982959747,-0.04928499832749367,-0.019038379192352295,0.13357692956924438
-0.04121434688568115,-0.04696819186210632,-0.019096791744232178,0.1304859220981598
-0.04041615128517151,-0.04423043876886368,-0.01958884298801422,0.12112399935722351
-0.04034982621669769,-0.043593112379312515,-0.020176962018013,0.1186988353729248
-0.04033412039279938,-0.04342241957783699,-0.020382210612297058,0.11824566125869751
-0.04045221209526062,-0.04174898564815521,-0.02008850872516632,0.11447402834892273
-0.04042874276638031,-0.04137632995843887,-0.020052418112754822,0.11342772841453552
-0.03883902728557587,-0.038931332528591156,-0.018827185034751892,0.10593721270561218
-0.03871525824069977,-0.038279399275779724,-0.018387794494628906,0.10398644208908081
-0.03886875510215759,-0.037335433065891266,-0.016528069972991943,0.09900525212287903
-0.03885631263256073,-0.036954253911972046,-0.01573079824447632,0.09769442677497864
-0.03872591257095337,-0.036114491522312164,-0.013219833374023438,0.09146320819854736
-0.03870855271816254,-0.03570020943880081,-0.012056410312652588,0.0899045467376709
-0.03768131136894226,-0.033522434532642365,-0.009242385625839233,0.08917030692100525
-0.03763119876384735,-0.033106617629528046,-0.007970735430717468,0.08899122476577759
-0.037394359707832336,-0.03191310912370682,-0.00636407732963562,0.08783173561096191
-0.037374019622802734,-0.03168238699436188,-0.005620047450065613,0.08758610486984253
-0.03710763156414032,-0.03049609810113907,-0.00354863703250885,0.08713620901107788
-0.03720422089099884,-0.02885306626558304,-0.001296117901802063,0.08946138620376587
-0.03719092905521393,-0.028655484318733215,-0.000356331467628479,0.08998894691467285
-0.03679981827735901,-0.028812825679779053,0.00016647577285766602,0.0849708616733551
-0.03674386441707611,-0.02862219512462616,0.0004620105028152466,0.08367562294006348
-0.035295531153678894,-0.02803865820169449,0.0005908459424972534,0.08090469241142273
-0.03518958389759064,-0.02782212197780609,0.0007039159536361694,0.08022144436836243
-0.03391037881374359,-0.02725488692522049,0.0007946193218231201,0.07820871472358704
-0.03383563458919525,-0.027078263461589813,0.0008381754159927368,0.07773193717002869
-0.032560572028160095,-0.025783345103263855,0.0007950961589813232,0.07304936647415161
-0.03248339891433716,-0.02539052814245224,0.0007968097925186157,0.07191604375839233
-0.03153868019580841,-0.02459302544593811,0.0005418211221694946,0.06824836134910583
-0.03150695562362671,-0.024317339062690735,0.0004210472106933594,0.06738728284835815
-0.030646637082099915,-0.0247005894780159,0.00024318695068359375,0.06364777684211731
-0.030629277229309082,-0.024599820375442505,0.00023521482944488525,0.06277215480804443
-0.029642000794410706,-0.02462184429168701,1.589953899383545e-05,0.05803990364074707
-0.02962091565132141,-0.024427101016044617,-7.08550214767456e-05,0.05687159299850464
-0.029574915766716003,-0.023648202419281006,0.000219002366065979,0.05605822801589966
-0.029583245515823364,-0.023451410233974457,0.00022058188915252686,0.05580282211303711
-0.029697805643081665,-0.023175068199634552,0.001343458890914917,0.056409478187561035
-0.029997840523719788,-0.022399596869945526,0.0024775564670562744,0.05670410394668579
-0.029998615384101868,-0.022281058132648468,0.002951011061668396,0.05677857995033264
-0.02999420464038849,-0.022269785404205322,0.0031056851148605347,0.05679738521575928
-0.0302046537399292,-0.022062689065933228,0.00318261981010437,0.05451655387878418
-0.030399218201637268,-0.02166670560836792,0.0029579102993011475,0.05291748046875
-0.030408456921577454,-0.021524369716644287,0.002850934863090515,0.052465975284576416
-0.030547380447387695,-0.021496906876564026,0.002834320068359375,0.05193531513214111
-0.03056405484676361,-0.02144686132669449,0.002828627824783325,0.05170798301696777
-0.0298994779586792,-0.020891815423965454,0.0030976682901382446,0.048318326473236084
-0.029894113540649414,-0.02065929025411606,0.003185287117958069,0.04745417833328247
-0.02997051179409027,-0.019888468086719513,0.003319293260574341,0.047272056341171265
-0.02996768057346344,-0.019738666713237762,0.003437429666519165,0.047138363122940063
-0.02959546446800232,-0.01912280172109604,0.003359362483024597,0.04577994346618652
-0.029590249061584473,-0.018968217074871063,0.0033017247915267944,0.04537114500999451
-0.028925180435180664,-0.01811543107032776,0.0033247917890548706,0.04289674758911133
-0.02890869975090027,-0.017884574830532074,0.003415808081626892,0.042264193296432495
-0.028307050466537476,-0.01762285828590393,0.0036113709211349487,0.04015269875526428
-0.02805475890636444,-0.016822002828121185,0.0038683563470840454,0.03743287920951843
-0.028045684099197388,-0.01658669114112854,0.004020392894744873,0.03680863976478577
-0.028043821454048157,-0.016515955328941345,0.004091829061508179,0.036684900522232056
-0.02721238136291504,-0.01525852084159851,0.0040864646434783936,0.033686935901641846
-0.027176901698112488,-0.014957532286643982,0.004037991166114807,0.0329972505569458
-0.026587635278701782,-0.013840191066265106,0.004367128014564514,0.029963821172714233
-0.026556596159934998,-0.013575412333011627,0.004616200923919678,0.029366403818130493
-0.026360049843788147,-0.013059630990028381,0.004935726523399353,0.02788996696472168
-0.026362359523773193,-0.012940168380737305,0.00501522421836853,0.027644246816635132
-0.02620406448841095,-0.013232223689556122,0.005269825458526611,0.02543461322784424
-0.02620922029018402,-0.013187594711780548,0.005424514412879944,0.024928778409957886
-0.026043564081192017,-0.012981042265892029,0.006042167544364929,0.024176359176635742
-0.02604927122592926,-0.012915275990962982,0.00623747706413269,0.024043172597885132
-0.025976523756980896,-0.012621097266674042,0.007275238633155823,0.023942530155181885
-0.02598966658115387,-0.012563839554786682,0.007714182138442993,0.023996859788894653
-0.0263882577419281,-0.012256830930709839,0.00843384861946106,0.025148093700408936
-0.026396438479423523,-0.012253917753696442,0.00878743827342987,0.02546030282974243
-0.026081204414367676,-0.012144163250923157,0.00953441858291626,0.02591073513031006
-0.026064470410346985,-0.012141145765781403,0.010044112801551819,0.026025891304016113
-0.02581694722175598,-0.011494472622871399,0.009892791509628296,0.024694859981536865
-0.0258009135723114,-0.011328309774398804,0.01004454493522644,0.02431616187095642
-0.025605350732803345,-0.01031947135925293,0.010776534676551819,0.025324732065200806
-0.025603920221328735,-0.010189734399318695,0.011147648096084595,0.025590866804122925
-0.02491527795791626,-0.009648531675338745,0.011133328080177307,0.02459457516670227
-0.0248928964138031,-0.009527064859867096,0.01126757264137268,0.024362653493881226
-0.024459362030029297,-0.008759118616580963,0.01078459620475769,0.02250555157661438
-0.024436593055725098,-0.00855061411857605,0.010800957679748535,0.021960049867630005
-0.02409808337688446,-0.00784081220626831,0.010878980159759521,0.020343810319900513
-0.024081707000732422,-0.007634207606315613,0.011111930012702942,0.019866138696670532
-0.023533731698989868,-0.006680600345134735,0.011465892195701599,0.01866057515144348
-0.023512452840805054,-0.006453096866607666,0.011793330311775208,0.018304556608200073
-0.023269101977348328,-0.005470886826515198,0.011427685618400574,0.01771867275238037
-0.02288612723350525,-0.0042009055614471436,0.010790884494781494,0.015623480081558228
-0.022867411375045776,-0.0039019957184791565,0.010825872421264648,0.015013277530670166
-0.022465825080871582,-0.003123059868812561,0.011059314012527466,0.01393863558769226
-0.022448793053627014,-0.0029333308339118958,0.01128685474395752,0.013644367456436157
-0.02244757115840912,-0.002884410321712494,0.011377677321434021,0.01357761025428772
-0.021995455026626587,-0.0020544305443763733,0.0103759765625,0.012712150812149048
-0.021293357014656067,-0.0008619949221611023,0.010008364915847778,0.011785000562667847
-0.021235451102256775,-0.0006175190210342407,0.0100909024477005,0.011484026908874512
-0.020807549357414246,-1.309812068939209e-05,0.010113388299942017,0.010218441486358643
-0.020776480436325073,0.00016992539167404175,0.010354071855545044,0.009829580783843994
-0.020220428705215454,0.0007789134979248047,0.010607078671455383,0.009328901767730713
-0.020179331302642822,0.0009323358535766602,0.010872438549995422,0.009148627519607544
-0.019090160727500916,0.001528330147266388,0.010817557573318481,0.00864320993423462
-0.019021525979042053,0.0016717538237571716,0.010889679193496704,0.008462995290756226
-0.018746361136436462,0.001990899443626404,0.009975537657737732,0.007001549005508423
-0.018728449940681458,0.0020974501967430115,0.009705871343612671,0.006562858819961548
-0.01842905580997467,0.0025949478149414062,0.00955188274383545,0.00602877140045166
-0.018401145935058594,0.002711459994316101,0.009589925408363342,0.005841851234436035
-0.018278375267982483,0.003216259181499481,0.009694740176200867,0.006443500518798828
-0.01826702058315277,0.003286309540271759,0.009825974702835083,0.006595194339752197
-0.018230915069580078,0.003889895975589752,0.009663432836532593,0.0077430009841918945
-0.018218010663986206,0.0039323195815086365,0.00957779586315155,0.008066296577453613
-0.01842859387397766,0.004599817097187042,0.008994027972221375,0.008372008800506592
-0.018435806035995483,0.0046602338552474976,0.008810117840766907,0.008473306894302368
-0.018081694841384888,0.005144037306308746,0.009054437279701233,0.007926493883132935
-0.018063589930534363,0.005249790847301483,0.009132102131843567,0.007759660482406616
-0.01778949797153473,0.005613692104816437,0.009897932410240173,0.007496565580368042
-0.01778368651866913,0.005687348544597626,0.010127991437911987,0.007427334785461426
-0.017785489559173584,0.005703262984752655,0.01020379364490509,0.007413119077682495
-0.017089813947677612,0.006135329604148865,0.011254101991653442,0.006775319576263428
-0.017055466771125793,0.00626111775636673,0.011646091938018799,0.006584644317626953
-0.016346335411071777,0.006856992840766907,0.012469708919525146,0.005933135747909546
-0.015959322452545166,0.0077028051018714905,0.013230085372924805,0.005012631416320801
-0.015935972332954407,0.007924579083919525,0.013500794768333435,0.004730880260467529
-0.01586797833442688,0.008398763835430145,0.013858214020729065,0.004342615604400635
-0.015862151980400085,0.008519366383552551,0.014025181531906128,0.004216194152832031
-0.01585729420185089,0.009167350828647614,0.014013782143592834,0.0036388039588928223
-0.015855446457862854,0.009308554232120514,0.014003291726112366,0.0034498870372772217
-0.015538126230239868,0.00958077609539032,0.013692066073417664,0.003250300884246826
-0.015521347522735596,0.009646132588386536,0.013611912727355957,0.003154844045639038
-0.015171706676483154,0.009765677154064178,0.013886138796806335,0.002794623374938965
-0.015153467655181885,0.00982687622308731,0.01403719186782837,0.002661079168319702
-0.014771491289138794,0.010179348289966583,0.014027073979377747,0.0017688870429992676
-0.014492377638816833,0.009992867708206177,0.013234540820121765,0.0006451010704040527
-0.014486342668533325,0.01001158356666565,0.012938186526298523,0.00032907724380493164
-0.014486059546470642,0.010040663182735443,0.012869000434875488,0.00025010108947753906
-0.014160588383674622,0.009837329387664795,0.012616142630577087,-6.207823753356934e-05
-0.014011204242706299,0.010260730981826782,0.013026952743530273,-0.0007533431053161621
-0.014006763696670532,0.010403759777545929,0.013312891125679016,-0.0009921491146087646
-0.014007702469825745,0.01044899970293045,0.013421446084976196,-0.0010505616664886475
-0.013479247689247131,0.01112654060125351,0.013730823993682861,-0.001289665699005127
-0.01344899833202362,0.011266753077507019,0.013904914259910583,-0.0013355016708374023
-0.012626662850379944,0.011720553040504456,0.014202520251274109,-0.0018466711044311523
-0.0124112069606781,0.011770956218242645,0.013966023921966553,-0.002636939287185669
-0.01240125298500061,0.011810772120952606,0.013871878385543823,-0.002842813730239868
-0.012328371405601501,0.01160942018032074,0.014134794473648071,-0.003438323736190796
-0.012332096695899963,0.011617466807365417,0.014252960681915283,-0.0036352574825286865
-0.012301966547966003,0.011568523943424225,0.014620110392570496,-0.003923177719116211
-0.01229889690876007,0.011590510606765747,0.014776691794395447,-0.004019677639007568
-0.012341722846031189,0.011884093284606934,0.015055939555168152,-0.0037055015563964844
-0.0123395174741745,0.011938899755477905,0.015191346406936646,-0.0036125779151916504
-0.012188315391540527,0.012611061334609985,0.015302658081054688,-0.0037283897399902344
-0.012179598212242126,0.012733519077301025,0.015316814184188843,-0.00375521183013916
-0.011505544185638428,0.01405993103981018,0.015399977564811707,-0.004943728446960449
-0.011475935578346252,0.014355525374412537,0.015431061387062073,-0.005299776792526245
-0.010834380984306335,0.014986798167228699,0.015262097120285034,-0.0061348676681518555
-0.010804936289787292,0.015147969126701355,0.015153929591178894,-0.006374001502990723
-0.01047360897064209,0.015516139566898346,0.015623539686203003,-0.006433993577957153
-0.010454267263412476,0.015606828033924103,0.01583164930343628,-0.0064678192138671875
-0.010264858603477478,0.01603354513645172,0.016011402010917664,-0.0068118274211883545
-0.010248765349388123,0.016155511140823364,0.01612497866153717,-0.006940990686416626
-0.01024213433265686,0.016442961990833282,0.01613485813140869,-0.007155925035476685
-0.010241702198982239,0.016496427357196808,0.016104817390441895,-0.007216215133666992
-0.010200709104537964,0.016482487320899963,0.016316264867782593,-0.0073694586753845215
-0.010198235511779785,0.016481555998325348,0.01637968420982361,-0.0074190497398376465
-0.0099821537733078,0.01636795699596405,0.016074225306510925,-0.007667660713195801
-0.009749874472618103,0.016701780259609222,0.015716031193733215,-0.0079287588596344
-0.009738311171531677,0.016763761639595032,0.015513598918914795,-0.00800710916519165
-0.009446665644645691,0.017176099121570587,0.015277594327926636,-0.008237451314926147
-0.009430661797523499,0.01727033406496048,0.015086904168128967,-0.008312314748764038
-0.009429991245269775,0.017288431525230408,0.01503327488899231,-0.008336424827575684
-0.00940309464931488,0.017706409096717834,0.015035480260848999,-0.008721470832824707
-0.009409323334693909,0.01780346781015396,0.014969676733016968,-0.008837908506393433
-0.009302780032157898,0.017833426594734192,0.015105023980140686,-0.009051978588104248
-0.009303703904151917,0.017863698303699493,0.015127316117286682,-0.009125322103500366
-0.009437039494514465,0.01802203804254532,0.015027672052383423,-0.009140610694885254
-0.009603127837181091,0.018154285848140717,0.014451965689659119,-0.00912410020828247
-0.009622186422348022,0.018159396946430206,0.014153838157653809,-0.009123951196670532
-0.009413480758666992,0.018013887107372284,0.013883963227272034,-0.009353190660476685
-0.009412705898284912,0.01798713207244873,0.013730958104133606,-0.009415239095687866
-0.00919090211391449,0.01816496253013611,0.01341325044631958,-0.01009589433670044
-0.009207621216773987,0.018220148980617523,0.013203278183937073,-0.01029619574546814
-0.009218558669090271,0.018716178834438324,0.012801826000213623,-0.011612474918365479
-0.009220898151397705,0.018860220909118652,0.012658953666687012,-0.012006282806396484
-0.009033262729644775,0.019190065562725067,0.012401223182678223,-0.012401103973388672
-0.009034976363182068,0.01925964653491974,0.012244194746017456,-0.012494266033172607
-0.009048417210578918,0.019473880529403687,0.01221407949924469,-0.012736320495605469
-0.009040191769599915,0.019525445997714996,0.012204214930534363,-0.012801945209503174
-0.008764848113059998,0.020158424973487854,0.012017741799354553,-0.012636244297027588
-0.008748829364776611,0.020271822810173035,0.011937007308006287,-0.012575536966323853
-0.008749231696128845,0.020280659198760986,0.011909306049346924,-0.01256495714187622
-0.008381322026252747,0.020724594593048096,0.011792346835136414,-0.012318193912506104
-0.008275240659713745,0.020763441920280457,0.011464908719062805,-0.011585980653762817
-0.008275359869003296,0.020729973912239075,0.01124553382396698,-0.011339724063873291
-0.00786687433719635,0.020579978823661804,0.01103268563747406,-0.01086774468421936
-0.00785161554813385,0.020535513758659363,0.01091533899307251,-0.010683834552764893
-0.00788852572441101,0.020240269601345062,0.011095598340034485,-0.010552853345870972
-0.007879078388214111,0.02021072804927826,0.011255010962486267,-0.01053088903427124
-0.007667839527130127,0.020273976027965546,0.011945068836212158,-0.010065466165542603
-0.007650420069694519,0.02030128240585327,0.01219293475151062,-0.009915769100189209
-0.007360026240348816,0.02011377364397049,0.012869477272033691,-0.009507417678833008
-0.007348895072937012,0.020076826214790344,0.01312759518623352,-0.009359002113342285
-0.006812676787376404,0.020410358905792236,0.013288438320159912,-0.009623110294342041
-0.006783872842788696,0.02049948275089264,0.013449534773826599,-0.009705066680908203
-0.0068251341581344604,0.020672515034675598,0.013767287135124207,-0.009984731674194336
-0.006990596652030945,0.020966216921806335,0.013869285583496094,-0.009596288204193115
-0.007003307342529297,0.020999714732170105,0.01390749216079712,-0.009453803300857544
-0.006911963224411011,0.020954102277755737,0.014239415526390076,-0.009948283433914185
-0.006913661956787109,0.020968064665794373,0.014378070831298828,-0.010119438171386719
-0.006967991590499878,0.020924493670463562,0.014340370893478394,-0.010441988706588745
-0.00698542594909668,0.020920991897583008,0.014291957020759583,-0.010553896427154541
-0.0073079913854599,0.020686566829681396,0.013506650924682617,-0.010725080966949463
-0.007348805665969849,0.020609751343727112,0.013070821762084961,-0.010762602090835571
-0.007563695311546326,0.020867928862571716,0.01346820592880249,-0.010682821273803711
-0.007570922374725342,0.020917266607284546,0.013548493385314941,-0.010630756616592407
-0.007507577538490295,0.021332889795303345,0.013605460524559021,-0.010642379522323608
-0.007506519556045532,0.021417394280433655,0.013596698641777039,-0.010639458894729614
-0.007448345422744751,0.02185162901878357,0.013795137405395508,-0.010891944169998169
-0.007437035441398621,0.021954774856567383,0.013885065913200378,-0.010989367961883545
-0.007169514894485474,0.022383466362953186,0.014110848307609558,-0.010719865560531616
-0.007144704461097717,0.022444352507591248,0.014205485582351685,-0.010659992694854736
-0.007032141089439392,0.023191407322883606,0.014311224222183228,-0.011160880327224731
-0.007012128829956055,0.0233430415391922,0.014384955167770386,-0.011335402727127075
-0.006680339574813843,0.02372032403945923,0.014599114656448364,-0.011239856481552124
-0.00664849579334259,0.0237836092710495,0.014668196439743042,-0.011182814836502075
-0.00649087131023407,0.02373392879962921,0.014760732650756836,-0.011064916849136353
-0.006478935480117798,0.02371084690093994,0.014785006642341614,-0.010985225439071655
-0.006115660071372986,0.0238846093416214,0.014439716935157776,-0.011410564184188843
-0.006088078022003174,0.023902982473373413,0.014287188649177551,-0.011476248502731323
-0.005525738000869751,0.023939281702041626,0.01373608410358429,-0.012742847204208374
-0.005517646670341492,0.02396678924560547,0.013442620635032654,-0.013070344924926758
-0.005223914980888367,0.02419707179069519,0.013189256191253662,-0.013528019189834595
-0.0052223801612854,0.024231716990470886,0.012995019555091858,-0.01364678144454956
-0.004655212163925171,0.02448788285255432,0.013244420289993286,-0.014121770858764648
-0.004334047436714172,0.024671733379364014,0.012999683618545532,-0.014824271202087402
-0.004339471459388733,0.024714037775993347,0.012837827205657959,-0.015039712190628052
-0.004041761159896851,0.024885892868041992,0.013518854975700378,-0.015459805727005005
-0.0040464699268341064,0.024955391883850098,0.013785392045974731,-0.015675097703933716
-0.003683745861053467,0.02489033341407776,0.014446571469306946,-0.015971481800079346
-0.0036844611167907715,0.02490583062171936,0.014668568968772888,-0.016122043132781982
-0.0032842904329299927,0.024455726146697998,0.015263155102729797,-0.016753047704696655
-0.003320753574371338,0.02443675696849823,0.015306100249290466,-0.017001450061798096
-0.0037130117416381836,0.024164363741874695,0.015355557203292847,-0.017417609691619873
-0.003772422671318054,0.024140894412994385,0.015250012278556824,-0.017560958862304688
-0.003658309578895569,0.024248197674751282,0.015052512288093567,-0.01825004816055298
-0.0036908239126205444,0.024303331971168518,0.014921709895133972,-0.018476933240890503
-0.0033119767904281616,0.024372369050979614,0.014227643609046936,-0.018470823764801025
-0.0033438503742218018,0.024365350604057312,0.01386946439743042,-0.0184495747089386
-0.0028244853019714355,0.02478255331516266,0.013410136103630066,-0.018061041831970215
-0.002816617488861084,0.02482849359512329,0.013163268566131592,-0.017912089824676514
-0.0029885470867156982,0.0252850204706192,0.012327328324317932,-0.017181187868118286
-0.0029707998037338257,0.025314301252365112,0.01214127242565155,-0.01691165566444397
-0.0031854063272476196,0.025912195444107056,0.011664748191833496,-0.01650819182395935
-0.003146231174468994,0.025988519191741943,0.011669129133224487,-0.01635393500328064
-0.003165006637573242,0.02630351483821869,0.011973902583122253,-0.015784889459609985
-0.0028465688228607178,0.026861771941184998,0.012816205620765686,-0.01562979817390442
-0.002773687243461609,0.02699171006679535,0.013191893696784973,-0.01559591293334961
-0.0027616173028945923,0.02701622247695923,0.01329486072063446,-0.015595167875289917
-0.002652674913406372,0.027504131197929382,0.013149738311767578,-0.015459626913070679
-0.0026611685752868652,0.02792583405971527,0.012885212898254395,-0.014864444732666016
-0.0026865005493164062,0.027994543313980103,0.012754306197166443,-0.014658033847808838
-0.0026946961879730225,0.02799779176712036,0.012721240520477295,-0.014621913433074951
-0.002909943461418152,0.028367578983306885,0.013257414102554321,-0.014214932918548584
-0.0029240697622299194,0.028425559401512146,0.013447701930999756,-0.014029830694198608
-0.002829939126968384,0.028642356395721436,0.01356460154056549,-0.014363199472427368
-0.0028519779443740845,0.02868068218231201,0.013530343770980835,-0.014481544494628906
-0.0029390305280685425,0.028813853859901428,0.014119938015937805,-0.015053391456604004
-0.0029331743717193604,0.028885945677757263,0.01421472430229187,-0.015223205089569092
-0.002762630581855774,0.029074862599372864,0.014147236943244934,-0.015514343976974487
-0.0027877986431121826,0.029161497950553894,0.014033809304237366,-0.015609264373779297
-0.0023432523012161255,0.029423698782920837,0.013086602091789246,-0.01614108681678772
-0.0023166686296463013,0.02950151264667511,0.012807607650756836,-0.016309380531311035
-0.0023652315139770508,0.030266761779785156,0.012859418988227844,-0.016591817140579224
-0.002331376075744629,0.03039194643497467,0.012991279363632202,-0.01668161153793335
-0.0022514015436172485,0.031161531805992126,0.014723822474479675,-0.017769157886505127
-0.0021099746227264404,0.03167097270488739,0.0158768892288208,-0.01877063512802124
-0.002069324254989624,0.03179001808166504,0.01629006862640381,-0.019055724143981934
-0.0016045570373535156,0.03191682696342468,0.016499757766723633,-0.019293993711471558
-0.0015655606985092163,0.03196030855178833,0.016515269875526428,-0.019338339567184448
-0.0012731552124023438,0.0316929817199707,0.016763970255851746,-0.019001901149749756
-0.0012535154819488525,0.03164300322532654,0.016943752765655518,-0.018941551446914673
-0.0013464689254760742,0.03164413571357727,0.0172116756439209,-0.019189447164535522
-0.001362144947052002,0.031659454107284546,0.0173044353723526,-0.019269078969955444
-0.0005881339311599731,0.03133644163608551,0.01767095923423767,-0.01953837275505066
-0.0005871355533599854,0.03132690489292145,0.017767399549484253,-0.01965540647506714
-0.0005780458450317383,0.03136332333087921,0.017588064074516296,-0.019564568996429443
-0.0005879402160644531,0.03138364851474762,0.017521485686302185,-0.01954314112663269
-0.0009060949087142944,0.03145040571689606,0.017159268260002136,-0.019211232662200928
-0.0009305626153945923,0.03146719932556152,0.017000392079353333,-0.019113242626190186
-0.0009517818689346313,0.03164152801036835,0.016880854964256287,-0.01890590786933899
-0.0009570270776748657,0.03168000280857086,0.01679125428199768,-0.018839508295059204
-0.0010209530591964722,0.03177054226398468,0.017066866159439087,-0.01888144016265869
-0.0011960864067077637,0.03198128938674927,0.0171840637922287,-0.018974661827087402
-0.001201033592224121,0.03201763331890106,0.017198875546455383,-0.019001632928848267
-0.0013915300369262695,0.032068416476249695,0.016994312405586243,-0.019481629133224487
-0.0014000087976455688,0.03207749128341675,0.01702187955379486,-0.019660264253616333
-0.0014496147632598877,0.03213949501514435,0.016967862844467163,-0.02009028196334839
-0.0014504194259643555,0.03212442994117737,0.017022892832756042,-0.02026289701461792
-0.0011852830648422241,0.03222118318080902,0.017257437109947205,-0.02102559804916382
-0.0011456310749053955,0.0322403758764267,0.017477214336395264,-0.021293461322784424
-0.00178489089012146,0.031091898679733276,0.016261234879493713,-0.01997116208076477
-0.0020749419927597046,0.030432969331741333,0.015231028199195862,-0.019284605979919434
-0.0021075010299682617,0.030348598957061768,0.014818921685218811,-0.019092798233032227
-0.0016147345304489136,0.030849918723106384,0.014763355255126953,-0.018914639949798584
-0.001559913158416748,0.030970439314842224,0.014756917953491211,-0.018785715103149414
-0.0015849918127059937,0.031018882989883423,0.014093518257141113,-0.01741504669189453
-0.0015311092138290405,0.03098832070827484,0.01402147114276886,-0.016822755336761475
-0.0015961527824401855,0.032768040895462036,0.015268579125404358,-0.015143394470214844
-0.001559436321258545,0.03307804465293884,0.015763670206069946,-0.014486819505691528
-0.0015614479780197144,0.03486289083957672,0.017088696360588074,-0.013344615697860718
-0.0015475600957870483,0.035226792097091675,0.017297163605690002,-0.012919604778289795
-0.0008978545665740967,0.03537152707576752,0.017713502049446106,-0.014222562313079834
-0.0009069144725799561,0.03541615605354309,0.01774720847606659,-0.01465865969657898
-0.0007817596197128296,0.03497295081615448,0.017039790749549866,-0.015752047300338745
-0.0008303821086883545,0.03495745360851288,0.016686081886291504,-0.016102254390716553
-0.0008213818073272705,0.034886687994003296,0.016073912382125854,-0.016781479120254517
-0.0008727163076400757,0.034922271966934204,0.015809908509254456,-0.01701521873474121
-0.0008589774370193481,0.034920960664749146,0.015778452157974243,-0.01724344491958618
-0.0008851885795593262,0.03492368757724762,0.015723630785942078,-0.017330408096313477
-0.0009151250123977661,0.034852057695388794,0.01567484438419342,-0.017419517040252686
-0.0009327679872512817,0.034844741225242615,0.015631258487701416,-0.01745772361755371
-0.0008845478296279907,0.03479425609111786,0.015539228916168213,-0.01751449704170227
-0.0008364319801330566,0.03475479781627655,0.015466034412384033,-0.017551422119140625
-0.0008350461721420288,0.03475160896778107,0.015446364879608154,-0.017562121152877808
-0.0008356869220733643,0.03475278615951538,0.015442311763763428,-0.017565220594406128
-0.0008091628551483154,0.03474229574203491,0.015421167016029358,-0.017591893672943115
-0.0008257925510406494,0.0347743034362793,0.015395238995552063,-0.017583757638931274
-0.0008265972137451172,0.03478135168552399,0.015382945537567139,-0.01757851243019104
-0.0008272230625152588,0.034786537289619446,0.015378504991531372,-0.01757955551147461
-0.0008265823125839233,0.03478735685348511,0.015378758311271667,-0.017580360174179077
-0.0008274763822555542,0.034788668155670166,0.015376374125480652,-0.01757851243019104
-0.0008273124694824219,0.03478871285915375,0.015375494956970215,-0.017578303813934326
-0.0008250325918197632,0.03478798270225525,0.015375882387161255,-0.01757332682609558
-0.0008258819580078125,0.03478741645812988,0.015375807881355286,-0.017572134733200073
-0.0008246302604675293,0.03478787839412689,0.015377745032310486,-0.017570167779922485
-0.0008241236209869385,0.03478790819644928,0.015378177165985107,-0.01757022738456726
-0.0008222609758377075,0.03478601574897766,0.015379056334495544,-0.017565816640853882
-0.0008226931095123291,0.03478527069091797,0.015379548072814941,-0.017564624547958374
-0.0008223652839660645,0.03478159010410309,0.015377745032310486,-0.017564475536346436
-0.000822022557258606,0.0347805917263031,0.015377968549728394,-0.01756507158279419
-0.0008220821619033813,0.03478042781352997,0.015377521514892578,-0.01756492257118225
-0.0008227825164794922,0.03478042781352997,0.015377670526504517,-0.01756492257118225
-0.0008085370063781738,0.03486362099647522,0.01524747908115387,-0.01762029528617859
-0.0008112937211990356,0.03486800193786621,0.015206664800643921,-0.01764059066772461
-0.0008122920989990234,0.03486610949039459,0.015194162726402283,-0.017643660306930542
-0.0006777346134185791,0.035089075565338135,0.014754146337509155,-0.01785847544670105
-0.0006830543279647827,0.0351252406835556,0.014572754502296448,-0.017923355102539062
-0.0007643997669219971,0.03514963388442993,0.01466996967792511,-0.018076598644256592
-0.0004963129758834839,0.0351870059967041,0.01470424234867096,-0.018184542655944824
-0.00045706331729888916,0.03519338369369507,0.014756321907043457,-0.018191546201705933
-0.00036638975143432617,0.035164132714271545,0.015398725867271423,-0.017666906118392944
-0.00032654404640197754,0.03517460823059082,0.015651926398277283,-0.017472952604293823
-0.00011119246482849121,0.03492991626262665,0.015892639756202698,-0.01695004105567932
-0.00011356174945831299,0.034858182072639465,0.015945926308631897,-0.016798049211502075
-0.00011710822582244873,0.034835949540138245,0.01595573127269745,-0.016758590936660767
6.636977195739746e-05,0.03462366759777069,0.015924125909805298,-0.016323059797286987
6.29425048828125e-05,0.034541428089141846,0.015917837619781494,-0.01620328426361084
0.0002355724573135376,0.034344181418418884,0.015959903597831726,-0.01577422022819519
0.00035972893238067627,0.034389182925224304,0.016024887561798096,-0.01614236831665039
0.00036363303661346436,0.034385666251182556,0.016054749488830566,-0.016283810138702393
0.0003644675016403198,0.034383341670036316,0.01606711745262146,-0.016306966543197632
0.0005100667476654053,0.0341988205909729,0.015713870525360107,-0.016540735960006714
0.00033417344093322754,0.033734142780303955,0.015837833285331726,-0.015926450490951538
0.0003435462713241577,0.03362993896007538,0.01589292287826538,-0.015735268592834473
0.0002630949020385742,0.03349895775318146,0.016007348895072937,-0.015941232442855835
0.00025506317615509033,0.033468395471572876,0.01599450409412384,-0.016011863946914673
0.00032411515712738037,0.033498138189315796,0.0159444659948349,-0.016365110874176025
0.00027993321418762207,0.03364972770214081,0.01572062075138092,-0.01611223816871643
0.00026729702949523926,0.033684879541397095,0.015723004937171936,-0.016027778387069702
0.0005224049091339111,0.03382250666618347,0.01528012752532959,-0.016737014055252075
0.0005421638488769531,0.0338730663061142,0.015153422951698303,-0.016934692859649658
0.001056477427482605,0.03466831147670746,0.014864921569824219,-0.017175793647766113
0.0011460185050964355,0.034852832555770874,0.014831021428108215,-0.01721125841140747
0.0016975700855255127,0.034700825810432434,0.015233829617500305,-0.017861872911453247
0.0017178654670715332,0.03468351066112518,0.015385031700134277,-0.018087297677993774
0.0016735196113586426,0.03454822301864624,0.015351817011833191,-0.01789802312850952
0.0016664564609527588,0.03450550138950348,0.01534445583820343,-0.01783013343811035
0.0013283640146255493,0.03459241986274719,0.01544700562953949,-0.01793384552001953
0.0013220161199569702,0.034547969698905945,0.015525102615356445,-0.017964810132980347
0.0013245344161987305,0.03452816605567932,0.015546321868896484,-0.017969489097595215
0.0012165755033493042,0.03463973104953766,0.015643060207366943,-0.01816698908805847
0.001223042607307434,0.034660547971725464,0.015667229890823364,-0.018211454153060913
0.0014048218727111816,0.03424680233001709,0.016162946820259094,-0.01809552311897278
0.0014265179634094238,0.03416275978088379,0.01633279025554657,-0.01804715394973755
0.0015078037977218628,0.0342162549495697,0.016464829444885254,-0.018096834421157837
0.0016389787197113037,0.03443486988544464,0.016682296991348267,-0.018277853727340698
0.001642480492591858,0.03448992967605591,0.0167759507894516,-0.01833188533782959
0.0016417652368545532,0.03450299799442291,0.016808897256851196,-0.01834326982498169
0.0016418695449829102,0.03450760245323181,0.016821295022964478,-0.01834776997566223
0.0016418099403381348,0.03450958430767059,0.016826361417770386,-0.018349885940551758
0.0016418099403381348,0.03451049327850342,0.016828224062919617,-0.018351078033447266
0.0016413480043411255,0.03451089560985565,0.016829535365104675,-0.018351376056671143
0.0016413480043411255,0.03451113402843475,0.016829922795295715,-0.018351852893829346
0.0016413480043411255,0.034511178731918335,0.016829922795295715,-0.018352031707763672
0.0016413480043411255,0.03451123833656311,0.016829922795295715,-0.018352031707763672
0.0016205310821533203,0.03448380529880524,0.016799718141555786,-0.01834931969642639
0.0016185343265533447,0.03447769582271576,0.016782835125923157,-0.018347591161727905
0.0015888512134552002,0.03443518280982971,0.016734331846237183,-0.018313556909561157
0.0015869438648223877,0.03442518413066864,0.016712814569473267,-0.01830238103866577
0.0016933679580688477,0.034492433071136475,0.0167110413312912,-0.018260687589645386
0.0017035752534866333,0.034494295716285706,0.01672285795211792,-0.018248438835144043
0.0015392303466796875,0.03456254303455353,0.015670359134674072,-0.017512798309326172
0.0015474259853363037,0.034548357129096985,0.015385031700134277,-0.017325401306152344
0.0008756071329116821,0.033644258975982666,0.015199601650238037,-0.01703125238418579
0.0008992701768875122,0.033445343375205994,0.01526021957397461,-0.01695987582206726
0.0009511113166809082,0.033403679728507996,0.014851212501525879,-0.01594752073287964
0.0009396225214004517,0.03336210548877716,0.014665067195892334,-0.015605807304382324
0.0014802217483520508,0.035527944564819336,0.0162961483001709,-0.016850024461746216
0.0015593171119689941,0.035978764295578,0.016960889101028442,-0.017140090465545654
0.0016306042671203613,0.0361848920583725,0.016900256276130676,-0.01790335774421692
0.001616448163986206,0.03646115958690643,0.016513407230377197,-0.01799449324607849
0.0015969276428222656,0.0365355908870697,0.01631675660610199,-0.018112927675247192
0.0015886127948760986,0.03656083345413208,0.016254588961601257,-0.01815962791442871
0.0015870481729507446,0.03657156229019165,0.016243204474449158,-0.018175959587097168
0.0015871226787567139,0.036576300859451294,0.016242504119873047,-0.018182873725891113
0.001795247197151184,0.03658124804496765,0.016430214047431946,-0.017919301986694336
0.0018180310726165771,0.03658100962638855,0.016521722078323364,-0.017824888229370117
0.0018207728862762451,0.036577388644218445,0.016542881727218628,-0.017804384231567383
0.0018218457698822021,0.036574751138687134,0.016546666622161865,-0.017797082662582397
0.0016335397958755493,0.036582306027412415,0.01636335253715515,-0.018037647008895874
0.0016121119260787964,0.03658841550350189,0.01627257466316223,-0.018123000860214233
0.0015948861837387085,0.03658534586429596,0.016254857182502747,-0.01816558837890625
0.001593083143234253,0.036583855748176575,0.01625150442123413,-0.01818108558654785
0.0016130656003952026,0.03654682636260986,0.01624871790409088,-0.018538296222686768
0.001607060432434082,0.036520183086395264,0.016236796975135803,-0.018648535013198853
0.0018706023693084717,0.036614805459976196,0.016467824578285217,-0.01871541142463684
0.0018534064292907715,0.036618515849113464,0.01661592721939087,-0.018648743629455566
0.0018465220928192139,0.03663727641105652,0.016620740294456482,-0.018637031316757202
0.0018450766801834106,0.036643534898757935,0.01662212610244751,-0.018634766340255737
0.001872226595878601,0.03673265874385834,0.016563162207603455,-0.018506109714508057
0.0018700659275054932,0.03677590191364288,0.01652112603187561,-0.01846897602081299
0.0019103437662124634,0.036750972270965576,0.016508951783180237,-0.018493175506591797
0.0019103288650512695,0.0367598831653595,0.016490474343299866,-0.01851227879524231
0.0019126981496810913,0.03675943613052368,0.016455665230751038,-0.01847672462463379
0.0019145756959915161,0.03677357733249664,0.016457781195640564,-0.018484115600585938
0.0019670873880386353,0.036723360419273376,0.016605615615844727,-0.01841890811920166
0.0019741058349609375,0.03671745955944061,0.0166664719581604,-0.018399357795715332
0.0022545456886291504,0.03671659529209137,0.016615331172943115,-0.018159180879592896
0.0022864490747451782,0.03674180805683136,0.01656152307987213,-0.018056631088256836
0.0021298974752426147,0.03683343529701233,0.01656205952167511,-0.018090814352035522
0.002129197120666504,0.03680470585823059,0.016621991991996765,-0.01806303858757019
0.0019993335008621216,0.03721410036087036,0.016365334391593933,-0.01750621199607849
0.002002134919166565,0.037181466817855835,0.016322806477546692,-0.01730981469154358
0.0021126270294189453,0.03740529716014862,0.016468405723571777,-0.01693028211593628
0.001973167061805725,0.0372241735458374,0.016481176018714905,-0.016478240489959717
0.0019679367542266846,0.03717508912086487,0.01644270122051239,-0.016364336013793945
0.0011475980281829834,0.037220269441604614,0.015590324997901917,-0.01656976342201233
0.0010308921337127686,0.037198781967163086,0.015236273407936096,-0.01676774024963379
0.0006190389394760132,0.03718161582946777,0.014815092086791992,-0.016181260347366333
0.000529170036315918,0.03715336322784424,0.01451091468334198,-0.01604136824607849
0.0005133301019668579,0.03714005649089813,0.014419898390769958,-0.016015082597732544
0.000509798526763916,0.037133753299713135,0.014392271637916565,-0.016005635261535645
0.0005135089159011841,0.037136346101760864,0.01439310610294342,-0.015986084938049316
0.0005143433809280396,0.03713551163673401,0.014392554759979248,-0.015979081392288208
0.001927018165588379,0.0371474027633667,0.015774473547935486,-0.016223222017288208
0.0021430104970932007,0.03716692328453064,0.01648867130279541,-0.016122817993164062
0.00219668447971344,0.037177592515945435,0.016667306423187256,-0.016409695148468018
0.002201944589614868,0.03719682991504669,0.016694560647010803,-0.016487449407577515
0.002150982618331909,0.03715646266937256,0.016532674431800842,-0.016902655363082886
0.002135857939720154,0.03721842169761658,0.01646798849105835,-0.017026573419570923
0.0021343231201171875,0.03724910318851471,0.016460075974464417,-0.017053604125976562
0.0021352767944335938,0.03666850924491882,0.016602307558059692,-0.01769503951072693
0.0020370781421661377,0.03656989336013794,0.0164068341255188,-0.018451571464538574
0.0020143091678619385,0.03660668432712555,0.016346514225006104,-0.01871827244758606
0.0017790049314498901,0.03665502369403839,0.01649312674999237,-0.01797279715538025
0.0018019527196884155,0.03666922450065613,0.01665283739566803,-0.01770806312561035
0.0017927289009094238,0.03678598999977112,0.016587451100349426,-0.017498165369033813
0.0018024295568466187,0.03680281341075897,0.01657964289188385,-0.017429202795028687
0.0018579661846160889,0.03695996105670929,0.01597467064857483,-0.016849905252456665
0.0018673688173294067,0.03697271645069122,0.015801504254341125,-0.016697853803634644
0.0017265081405639648,0.036966294050216675,0.015747100114822388,-0.016752392053604126
0.0017217248678207397,0.036926522850990295,0.015758052468299866,-0.01678675413131714
0.0016032904386520386,0.036868542432785034,0.01590988039970398,-0.017237693071365356
0.001575767993927002,0.03682833909988403,0.01592537760734558,-0.0173780620098114
0.0016892850399017334,0.036785662174224854,0.01596112549304962,-0.01751399040222168
0.0016836673021316528,0.03680403530597687,0.015945792198181152,-0.017540305852890015
0.0017065256834030151,0.03656171262264252,0.01620122790336609,-0.017332911491394043
0.0017021894454956055,0.036519572138786316,0.01624642312526703,-0.017289161682128906
0.0017214715480804443,0.03635372221469879,0.016523078083992004,-0.017250150442123413
0.0015561282634735107,0.03622861206531525,0.01650989055633545,-0.017060071229934692
0.0015325695276260376,0.03616407513618469,0.01648038625717163,-0.016963481903076172
0.0016291439533233643,0.03520992398262024,0.017004847526550293,-0.017352551221847534
0.0015864372253417969,0.034950822591781616,0.017061442136764526,-0.01752111315727234
0.0015727728605270386,0.03490942716598511,0.01708805561065674,-0.01755663752555847
0.0014598220586776733,0.03536878526210785,0.017235219478607178,-0.01849186420440674
0.0012269169092178345,0.03578941524028778,0.017385661602020264,-0.019551396369934082
0.0012053102254867554,0.035913825035095215,0.017540618777275085,-0.019933998584747314
0.001455157995223999,0.03532709181308746,0.01751124858856201,-0.019689232110977173
0.0014345943927764893,0.0351535826921463,0.017601922154426575,-0.019658446311950684
0.0016958117485046387,0.0352705717086792,0.017601877450942993,-0.018633216619491577
0.001734212040901184,0.035220369696617126,0.017605826258659363,-0.01835349202156067
0.0016465485095977783,0.03463470935821533,0.01700696349143982,-0.018332451581954956
0.0016406327486038208,0.03452892601490021,0.01688721776008606,-0.018355458974838257
0.0016411393880844116,0.03451623022556305,0.016849249601364136,-0.018355607986450195
0.0016416609287261963,0.03451324999332428,0.016837045550346375,-0.01835399866104126
0.0016417354345321655,0.03451217710971832,0.01683226227760315,-0.018353044986724854
0.001641795039176941,0.03451170027256012,0.016830891370773315,-0.018352597951889038
0.001641303300857544,0.03451147675514221,0.016830548644065857,-0.01835229992866516
0.001641303300857544,0.03451138734817505,0.016829922795295715,-0.018352240324020386
0.0014185458421707153,0.035064905881881714,0.017924785614013672,-0.018239527940750122
0.001421809196472168,0.03516429662704468,0.018192842602729797,-0.01815497875213623
0.0013795942068099976,0.03548957407474518,0.018213078379631042,-0.018720507621765137
0.001375928521156311,0.03563641011714935,0.018260344862937927,-0.018874675035476685
0.0010927021503448486,0.03511771559715271,0.016709595918655396,-0.01672077178955078
0.0011351555585861206,0.0350114107131958,0.0161258727312088,-0.01602804660797119
0.001520782709121704,0.0362747460603714,0.015676632523536682,-0.01688694953918457
0.0015560835599899292,0.03656570613384247,0.015596598386764526,-0.017086267471313477
0.0018331259489059448,0.03656725585460663,0.0162801593542099,-0.017421215772628784
0.0018685460090637207,0.036628469824790955,0.01648862659931183,-0.017465531826019287
0.0018697381019592285,0.03665459156036377,0.01654665172100067,-0.017479121685028076
0.0018698573112487793,0.03666529059410095,0.01656840741634369,-0.01748722791671753
0.0018696635961532593,0.0366697758436203,0.0165775865316391,-0.017491579055786133
0.0018688589334487915,0.036671772599220276,0.01658111810684204,-0.017493993043899536
0.0018688291311264038,0.03667263686656952,0.01658274233341217,-0.017495155334472656
0.0018688291311264038,0.03667305409908295,0.016583800315856934,-0.017495691776275635
0.0018688440322875977,0.03667324781417847,0.016584187746047974,-0.01749590039253235
0.0018688440322875977,0.03667330741882324,0.016584008932113647,-0.017496109008789062
0.0018688440322875977,0.03667333722114563,0.01658424735069275,-0.017496109008789062
0.0018688440322875977,0.036673396825790405,0.01658424735069275,-0.017496109008789062
0.0018688440322875977,0.03667338192462921,0.016584187746047974,-0.017496109008789062
0.0018688440322875977,0.03667338192462921,0.016584187746047974,-0.017496109008789062
0.0018688440322875977,0.03667338192462921,0.016584187746047974,-0.017496109008789062
0.0018688440322875977,0.03667338192462921,0.016584187746047974,-0.017496109008789062
0.0018688440322875977,0.03667338192462921,0.016584187746047974,-0.017496109008789062
0.0018688440322875977,0.03667338192462921,0.016584187746047974,-0.017496109008789062
0.0018688440322875977,0.03667338192462921,0.016584187746047974,-0.017496109008789062
0.0018688440322875977,0.03667338192462921,0.016584187746047974,-0.017496109008789062
0.0018688440322875977,0.03667338192462921,0.016584187746047974,-0.017496109008789062
0.0018688440322875977,0.03667338192462921,0.016584187746047974,-0.017496109008789062
0.0018688440322875977,0.03667338192462921,0.016584187746047974,-0.017496109008789062
0.0018688440322875977,0.03667338192462921,0.016584187746047974,-0.017496109008789062
0.0018688440322875977,0.03667338192462921,0.016584187746047974,-0.017496109008789062
0.0018688440322875977,0.03667338192462921,0.016584187746047974,-0.017496109008789062
0.0018688440322875977,0.03667338192462921,0.016584187746047974,-0.017496109008789062
0.0018688440322875977,0.03667338192462921,0.016584187746047974,-0.017496109008789062
0.0018688440322875977,0.03667338192462921,0.016584187746047974,-0.017496109008789062
0.0018688440322875977,0.03667338192462921,0.016584187746047974,-0.017496109008789062
0.0018688440322875977,0.03667338192462921,0.016584187746047974,-0.017496109008789062
0.0018688440322875977,0.03667338192462921,0.016584187746047974,-0.017496109008789062
0.0018688440322875977,0.03667338192462921,0.016584187746047974,-0.017496109008789062
0.0018688440322875977,0.03667338192462921,0.016584187746047974,-0.017496109008789062
0.0018688440322875977,0.03667338192462921,0.016584187746047974,-0.017496109008789062
0.0018688440322875977,0.03667338192462921,0.016584187746047974,-0.017496109008789062
0.0018688440322875977,0.03667338192462921,0.016584187746047974,-0.017496109008789062
0.0018688440322875977,0.03667338192462921,0.016584187746047974,-0.017496109008789062
0.0018688440322875977,0.03667338192462921,0.016584187746047974,-0.017496109008789062
0.0018688440322875977,0.03667338192462921,0.016584187746047974,-0.017496109008789062
0.0018688440322875977,0.03667338192462921,0.016584187746047974,-0.017496109008789062
0.0018688440322875977,0.03667338192462921,0.016584187746047974,-0.017496109008789062
0.0018688440322875977,0.03667338192462921,0.016584187746047974,-0.017496109008789062
0.0018688440322875977,0.03667338192462921,0.016584187746047974,-0.017496109008789062
0.0018688440322875977,0.03667338192462921,0.016584187746047974,-0.017496109008789062
0.0018688440322875977,0.03667338192462921,0.016584187746047974,-0.017496109008789062
0.0018688440322875977,0.03667338192462921,0.016584187746047974,-0.017496109008789062
0.0018688440322875977,0.03667338192462921,0.016584187746047974,-0.017496109008789062
0.0018688440322875977,0.03667338192462921,0.016584187746047974,-0.017496109008789062
0.0018688440322875977,0.03667338192462921,0.016584187746047974,-0.017496109008789062
0.0018688440322875977,0.03667338192462921,0.016584187746047974,-0.017496109008789062
0.0018688440322875977,0.03667338192462921,0.016584187746047974,-0.017496109008789062
0.0018688440322875977,0.03667338192462921,0.016584187746047974,-0.017496109008789062
0.0018688440322875977,0.03667338192462921,0.016584187746047974,-0.017496109008789062
0.0018688440322875977,0.03667338192462921,0.016584187746047974,-0.017496109008789062
0.0018688440322875977,0.03667338192462921,0.016584187746047974,-0.017496109008789062
0.0018688440322875977,0.03667338192462921,0.016584187746047974,-0.017496109008789062
0.0018688440322875977,0.03667338192462921,0.016584187746047974,-0.017496109008789062
0.0018688440322875977,0.03667338192462921,0.016584187746047974,-0.017496109008789062
0.0018688440322875977,0.03667338192462921,0.016584187746047974,-0.017496109008789062
0.0018688440322875977,0.03667338192462921,0.016584187746047974,-0.017496109008789062
0.0018688440322875977,0.03667338192462921,0.016584187746047974,-0.017496109008789062
0.0018688440322875977,0.03667338192462921,0.016584187746047974,-0.017496109008789062
0.0018688440322875977,0.03667338192462921,0.016584187746047974,-0.017496109008789062
0.0018688440322875977,0.03667338192462921,0.016584187746047974,-0.017496109008789062
0.0018688440322875977,0.03667338192462921,0.016584187746047974,-0.017496109008789062
0.0018688440322875977,0.03667338192462921,0.016584187746047974,-0.017496109008789062
0.0018688440322875977,0.03667338192462921,0.016584187746047974,-0.017496109008789062
0.0018688440322875977,0.03667338192462921,0.016584187746047974,-0.017496109008789062
0.0018688440322875977,0.03667338192462921,0.016584187746047974,-0.017496109008789062
0.0018688440322875977,0.03667338192462921,0.016584187746047974,-0.017496109008789062
0.0018688440322875977,0.03667338192462921,0.016584187746047974,-0.017496109008789062
0.0018688440322875977,0.03667338192462921,0.016584187746047974,-0.017496109008789062
0.0018688440322875977,0.03667338192462921,0.016584187746047974,-0.017496109008789062
0.0018688440322875977,0.03667338192462921,0.016584187746047974,-0.017496109008789062
0.0018688440322875977,0.03667338192462921,0.016584187746047974,-0.017496109008789062
0.0018688440322875977,0.03667338192462921,0.016584187746047974,-0.017496109008789062
0.0018688440322875977,0.03667338192462921,0.016584187746047974,-0.017496109008789062
0.0018688440322875977,0.03667338192462921,0.016584187746047974,-0.017496109008789062
0.0018688440322875977,0.03667338192462921,0.016584187746047974,-0.017496109008789062
0.0018688440322875977,0.03667338192462921,0.016584187746047974,-0.017496109008789062
0.0018688440322875977,0.03667338192462921,0.016584187746047974,-0.017496109008789062
0.0018688440322875977,0.03667338192462921,0.016584187746047974,-0.017496109008789062
0.0018688440322875977,0.03667338192462921,0.016584187746047974,-0.017496109008789062
0.0018688440322875977,0.03667338192462921,0.016584187746047974,-0.017496109008789062
0.0018688440322875977,0.03667338192462921,0.016584187746047974,-0.017496109008789062
0.0018688440322875977,0.03667338192462921,0.016584187746047974,-0.017496109008789062
0.0018688440322875977,0.03667338192462921,0.016584187746047974,-0.017496109008789062
0.0018688440322875977,0.03667338192462921,0.016584187746047974,-0.017496109008789062
0.0018688440322875977,0.03667338192462921,0.016584187746047974,-0.017496109008789062
0.0018688440322875977,0.03667338192462921,0.016584187746047974,-0.017496109008789062
0.0018688440322875977,0.03667338192462921,0.016584187746047974,-0.017496109008789062
0.0018688440322875977,0.03667338192462921,0.016584187746047974,-0.017496109008789062
0.0018688440322875977,0.03667338192462921,0.016584187746047974,-0.017496109008789062
0.0018688440322875977,0.03667338192462921,0.016584187746047974,-0.017496109008789062
0.0018688440322875977,0.03667338192462921,0.016584187746047974,-0.017496109008789062
0.0018688440322875977,0.03667338192462921,0.016584187746047974,-0.017496109008789062
0.0018688440322875977,0.03667338192462921,0.016584187746047974,-0.017496109008789062
0.0018688440322875977,0.03667338192462921,0.016584187746047974,-0.017496109008789062
0.0018688440322875977,0.03667338192462921,0.016584187746047974,-0.017496109008789062
0.0018688440322875977,0.03667338192462921,0.016584187746047974,-0.017496109008789062
0.0018688440322875977,0.03667338192462921,0.016584187746047974,-0.017496109008789062
0.0018688440322875977,0.03667338192462921,0.016584187746047974,-0.017496109008789062
0.0018688440322875977,0.03667338192462921,0.016584187746047974,-0.017496109008789062
0.0018688440322875977,0.03667338192462921,0.016584187746047974,-0.017496109008789062
0.0018688440322875977,0.03667338192462921,0.016584187746047974,-0.017496109008789062
0.0018688440322875977,0.03667338192462921,0.016584187746047974,-0.017496109008789062
0.0018688440322875977,0.03667338192462921,0.016584187746047974,-0.017496109008789062
0.0018688440322875977,0.03667338192462921,0.016584187746047974,-0.017496109008789062
0.0018688440322875977,0.03667338192462921,0.016584187746047974,-0.017496109008789062
0.0018688440322875977,0.03667338192462921,0.016584187746047974,-0.017496109008789062
0.0018688440322875977,0.03667338192462921,0.016584187746047974,-0.017496109008789062
0.0018688440322875977,0.03667338192462921,0.016584187746047974,-0.017496109008789062
0.0018688440322875977,0.03667338192462921,0.016584187746047974,-0.017496109008789062
0.0018688440322875977,0.03667338192462921,0.016584187746047974,-0.017496109008789062
0.0018688440322875977,0.03667338192462921,0.016584187746047974,-0.017496109008789062
0.0018688440322875977,0.03667338192462921,0.016584187746047974,-0.017496109008789062
0.0018688440322875977,0.03667338192462921,0.016584187746047974,-0.017496109008789062
0.0018688440322875977,0.03667338192462921,0.016584187746047974,-0.017496109008789062
0.0018688440322875977,0.03667338192462921,0.016584187746047974,-0.017496109008789062
0.0018688440322875977,0.03667338192462921,0.016584187746047974,-0.017496109008789062
0.0018688440322875977,0.03667338192462921,0.016584187746047974,-0.017496109008789062
0.0018688440322875977,0.03667338192462921,0.016584187746047974,-0.017496109008789062
0.0018688440322875977,0.03667338192462921,0.016584187746047974,-0.017496109008789062
0.0018688440322875977,0.03667338192462921,0.016584187746047974,-0.017496109008789062
0.0018688440322875977,0.03667338192462921,0.016584187746047974,-0.017496109008789062
0.0018688440322875977,0.03667338192462921,0.016584187746047974,-0.017496109008789062
0.0018688440322875977,0.03667338192462921,0.016584187746047974,-0.017496109008789062
0.0018688440322875977,0.03667338192462921,0.016584187746047974,-0.017496109008789062
0.0018688440322875977,0.03667338192462921,0.016584187746047974,-0.017496109008789062
0.0018688440322875977,0.03667338192462921,0.016584187746047974,-0.017496109008789062
0.0018688440322875977,0.03667338192462921,0.016584187746047974,-0.017496109008789062
0.0018688440322875977,0.03667338192462921,0.016584187746047974,-0.017496109008789062
0.0018688440322875977,0.03667338192462921,0.016584187746047974,-0.017496109008789062
0.0018688440322875977,0.03667338192462921,0.016584187746047974,-0.017496109008789062
0.0018688440322875977,0.03667338192462921,0.016584187746047974,-0.017496109008789062
0.0018688440322875977,0.03667338192462921,0.016584187746047974,-0.017496109008789062
0.0018688440322875977,0.03667338192462921,0.016584187746047974,-0.017496109008789062
0.0018688440322875977,0.03667338192462921,0.016584187746047974,-0.017496109008789062
0.0018688440322875977,0.03667338192462921,0.016584187746047974,-0.017496109008789062
0.0018688440322875977,0.03667338192462921,0.016584187746047974,-0.017496109008789062
0.0018688440322875977,0.03667338192462921,0.016584187746047974,-0.017496109008789062
0.0018688440322875977,0.03667338192462921,0.016584187746047974,-0.017496109008789062
0.0018688440322875977,0.03667338192462921,0.016584187746047974,-0.017496109008789062
0.0018688440322875977,0.03667338192462921,0.016584187746047974,-0.017496109008789062
0.0018688440322875977,0.03667338192462921,0.016584187746047974,-0.017496109008789062
0.0018688440322875977,0.03667338192462921,0.016584187746047974,-0.017496109008789062
0.0018688440322875977,0.03667338192462921,0.016584187746047974,-0.017496109008789062
0.0018688440322875977,0.03667338192462921,0.016584187746047974,-0.017496109008789062
0.0018688440322875977,0.03667338192462921,0.016584187746047974,-0.017496109008789062
0.0018688440322875977,0.03667338192462921,0.016584187746047974,-0.017496109008789062
0.0018688440322875977,0.03667338192462921,0.016584187746047974,-0.017496109008789062
0.0018688440322875977,0.03667338192462921,0.016584187746047974,-0.017496109008789062
0.0018688440322875977,0.03667338192462921,0.016584187746047974,-0.017496109008789062
0.0018688440322875977,0.03667338192462921,0.016584187746047974,-0.017496109008789062
0.0018688440322875977,0.03667338192462921,0.016584187746047974,-0.017496109008789062
0.0018688440322875977,0.03667338192462921,0.016584187746047974,-0.017496109008789062
0.0018688440322875977,0.03667338192462921,0.016584187746047974,-0.017496109008789062
0.0018688440322875977,0.03667338192462921,0.016584187746047974,-0.017496109008789062
0.0018688440322875977,0.03667338192462921,0.016584187746047974,-0.017496109008789062
0.0018688440322875977,0.03667338192462921,0.016584187746047974,-0.017496109008789062
0.0018688440322875977,0.03667338192462921,0.016584187746047974,-0.017496109008789062
0.0018688440322875977,0.03667338192462921,0.016584187746047974,-0.017496109008789062
0.0018688440322875977,0.03667338192462921,0.016584187746047974,-0.017496109008789062
0.0018688440322875977,0.03667338192462921,0.016584187746047974,-0.017496109008789062
0.0018688440322875977,0.03667338192462921,0.016584187746047974,-0.017496109008789062
0.0018688440322875977,0.03667338192462921,0.016584187746047974,-0.017496109008789062
0.0018688440322875977,0.03667338192462921,0.016584187746047974,-0.017496109008789062
0.0018688440322875977,0.03667338192462921,0.016584187746047974,-0.017496109008789062
0.0018688440322875977,0.03667338192462921,0.016584187746047974,-0.017496109008789062
0.0018688440322875977,0.03667338192462921,0.016584187746047974,-0.017496109008789062
0.0018688440322875977,0.03667338192462921,0.016584187746047974,-0.017496109008789062
0.0018688440322875977,0.03667338192462921,0.016584187746047974,-0.017496109008789062
0.0018688440322875977,0.03667338192462921,0.016584187746047974,-0.017496109008789062
0.0018688440322875977,0.03667338192462921,0.016584187746047974,-0.017496109008789062
0.0018688440322875977,0.03667338192462921,0.016584187746047974,-0.017496109008789062
0.0018688440322875977,0.03667338192462921,0.016584187746047974,-0.017496109008789062
0.0018688440322875977,0.03667338192462921,0.016584187746047974,-0.017496109008789062
0.0018688440322875977,0.03667338192462921,0.016584187746047974,-0.017496109008789062
0.0018688440322875977,0.03667338192462921,0.016584187746047974,-0.017496109008789062
0.0018688440322875977,0.03667338192462921,0.016584187746047974,-0.017496109008789062
0.0018688440322875977,0.03667338192462921,0.016584187746047974,-0.017496109008789062
0.0018688440322875977,0.03667338192462921,0.016584187746047974,-0.017496109008789062
0.0018688440322875977,0.03667338192462921,0.016584187746047974,-0.017496109008789062
0.0018688440322875977,0.03667338192462921,0.016584187746047974,-0.017496109008789062
0.0018688440322875977,0.03667338192462921,0.016584187746047974,-0.017496109008789062
0.0018688440322875977,0.03667338192462921,0.016584187746047974,-0.017496109008789062
0.0018688440322875977,0.03667338192462921,0.016584187746047974,-0.017496109008789062
0.0018688440322875977,0.03667338192462921,0.016584187746047974,-0.017496109008789062
0.0018688440322875977,0.03667338192462921,0.016584187746047974,-0.017496109008789062
0.0018688440322875977,0.03667338192462921,0.016584187746047974,-0.017496109008789062
0.0018688440322875977,0.03667338192462921,0.016584187746047974,-0.017496109008789062
0.0018688440322875977,0.03667338192462921,0.016584187746047974,-0.017496109008789062
0.0018688440322875977,0.03667338192462921,0.016584187746047974,-0.017496109008789062
0.0018688440322875977,0.03667338192462921,0.016584187746047974,-0.017496109008789062
0.0018688440322875977,0.03667338192462921,0.016584187746047974,-0.017496109008789062
0.0018688440322875977,0.03667338192462921,0.016584187746047974,-0.017496109008789062
0.0018688440322875977,0.03667338192462921,0.016584187746047974,-0.017496109008789062
0.0018688440322875977,0.03667338192462921,0.016584187746047974,-0.017496109008789062
0.0018688440322875977,0.03667338192462921,0.016584187746047974,-0.017496109008789062
0.0018688440322875977,0.03667338192462921,0.016584187746047974,-0.017496109008789062
0.0018688440322875977,0.03667338192462921,0.016584187746047974,-0.017496109008789062
0.0018688440322875977,0.03667338192462921,0.016584187746047974,-0.017496109008789062
0.0018688440322875977,0.03667338192462921,0.016584187746047974,-0.017496109008789062
0.0018688440322875977,0.03667338192462921,0.016584187746047974,-0.017496109008789062
0.0018688440322875977,0.03667338192462921,0.016584187746047974,-0.017496109008789062
0.0018688440322875977,0.03667338192462921,0.016584187746047974,-0.017496109008789062
0.0018688440322875977,0.03667338192462921,0.016584187746047974,-0.017496109008789062
0.0018688440322875977,0.03667338192462921,0.016584187746047974,-0.017496109008789062
0.0018688440322875977,0.03667338192462921,0.016584187746047974,-0.017496109008789062
0.0018688440322875977,0.03667338192462921,0.016584187746047974,-0.017496109008789062
0.0018688440322875977,0.03667338192462921,0.016584187746047974,-0.017496109008789062
0.0018688440322875977,0.03667338192462921,0.016584187746047974,-0.017496109008789062
0.0018688440322875977,0.03667338192462921,0.016584187746047974,-0.017496109008789062
0.0018688440322875977,0.03667338192462921,0.016584187746047974,-0.017496109008789062
0.0018688440322875977,0.03667338192462921,0.016584187746047974,-0.017496109008789062
0.0018688440322875977,0.03667338192462921,0.016584187746047974,-0.017496109008789062
0.0018688440322875977,0.03667338192462921,0.016584187746047974,-0.017496109008789062
0.0018688440322875977,0.03667338192462921,0.016584187746047974,-0.017496109008789062
0.0018688440322875977,0.03667338192462921,0.016584187746047974,-0.017496109008789062
0.0018688440322875977,0.03667338192462921,0.016584187746047974,-0.017496109008789062
0.0018688440322875977,0.03667338192462921,0.016584187746047974,-0.017496109008789062
0.0018688440322875977,0.03667338192462921,0.016584187746047974,-0.017496109008789062
0.0018688440322875977,0.03667338192462921,0.016584187746047974,-0.017496109008789062
0.0018688440322875977,0.03667338192462921,0.016584187746047974,-0.017496109008789062
0.0018688440322875977,0.03667338192462921,0.016584187746047974,-0.017496109008789062
0.0018688440322875977,0.03667338192462921,0.016584187746047974,-0.017496109008789062
0.0018688440322875977,0.03667338192462921,0.016584187746047974,-0.017496109008789062
0.0018688440322875977,0.03667338192462921,0.016584187746047974,-0.017496109008789062
0.0018688440322875977,0.03667338192462921,0.016584187746047974,-0.017496109008789062
0.0018688440322875977,0.03667338192462921,0.016584187746047974,-0.017496109008789062
0.0018688440322875977,0.03667338192462921,0.016584187746047974,-0.017496109008789062
0.0018688440322875977,0.03667338192462921,0.016584187746047974,-0.017496109008789062
0.0018688440322875977,0.03667338192462921,0.016584187746047974,-0.017496109008789062
0.0018688440322875977,0.03667338192462921,0.016584187746047974,-0.017496109008789062
0.0018688440322875977,0.03667338192462921,0.016584187746047974,-0.017496109008789062
0.0018688440322875977,0.03667338192462921,0.016584187746047974,-0.017496109008789062
0.0018688440322875977,0.03667338192462921,0.016584187746047974,-0.017496109008789062
0.0018688440322875977,0.03667338192462921,0.016584187746047974,-0.017496109008789062
0.0018688440322875977,0.03667338192462921,0.016584187746047974,-0.017496109008789062
0.0018688440322875977,0.03667338192462921,0.016584187746047974,-0.017496109008789062
0.0018688440322875977,0.03667338192462921,0.016584187746047974,-0.017496109008789062
0.0018688440322875977,0.03667338192462921,0.016584187746047974,-0.017496109008789062
0.0018688440322875977,0.03667338192462921,0.016584187746047974,-0.017496109008789062
0.0018688440322875977,0.03667338192462921,0.016584187746047974,-0.017496109008789062
0.0018688440322875977,0.03667338192462921,0.016584187746047974,-0.017496109008789062
0.0018688440322875977,0.03667338192462921,0.016584187746047974,-0.017496109008789062
0.0018688440322875977,0.03667338192462921,0.016584187746047974,-0.017496109008789062
0.0018688440322875977,0.03667338192462921,0.016584187746047974,-0.017496109008789062
0.0018688440322875977,0.03667338192462921,0.016584187746047974,-0.017496109008789062
0.0018688440322875977,0.03667338192462921,0.016584187746047974,-0.017496109008789062
0.0018688440322875977,0.03667338192462921,0.016584187746047974,-0.017496109008789062
0.0018688440322875977,0.03667338192462921,0.016584187746047974,-0.017496109008789062
0.0018688440322875977,0.03667338192462921,0.016584187746047974,-0.017496109008789062
0.0018688440322875977,0.03667338192462921,0.016584187746047974,-0.017496109008789062
0.0018688440322875977,0.03667338192462921,0.016584187746047974,-0.017496109008789062
0.0018688440322875977,0.03667338192462921,0.016584187746047974,-0.017496109008789062
0.0018688440322875977,0.03667338192462921,0.016584187746047974,-0.017496109008789062
0.0018688440322875977,0.03667338192462921,0.016584187746047974,-0.017496109008789062
0.0018688440322875977,0.03667338192462921,0.016584187746047974,-0.017496109008789062
0.0018688440322875977,0.03667338192462921,0.016584187746047974,-0.017496109008789062
0.0018688440322875977,0.03667338192462921,0.016584187746047974,-0.017496109008789062
0.0018688440322875977,0.03667338192462921,0.016584187746047974,-0.017496109008789062
0.0018688440322875977,0.03667338192462921,0.016584187746047974,-0.017496109008789062
0.0018688440322875977,0.03667338192462921,0.016584187746047974,-0.017496109008789062
0.0018688440322875977,0.03667338192462921,0.016584187746047974,-0.017496109008789062
0.0018688440322875977,0.03667338192462921,0.016584187746047974,-0.017496109008789062
0.0018688440322875977,0.03667338192462921,0.016584187746047974,-0.017496109008789062
0.0018688440322875977,0.03667338192462921,0.016584187746047974,-0.017496109008789062
0.0018688440322875977,0.03667338192462921,0.016584187746047974,-0.017496109008789062
0.0018688440322875977,0.03667338192462921,0.016584187746047974,-0.017496109008789062
0.0018688440322875977,0.03667338192462921,0.016584187746047974,-0.017496109008789062
0.0018688440322875977,0.03667338192462921,0.016584187746047974,-0.017496109008789062
0.0018688440322875977,0.03667338192462921,0.016584187746047974,-0.017496109008789062
0.0018688440322875977,0.03667338192462921,0.016584187746047974,-0.017496109008789062
0.0018688440322875977,0.03667338192462921,0.016584187746047974,-0.017496109008789062
0.0018688440322875977,0.03667338192462921,0.016584187746047974,-0.017496109008789062
0.0018688440322875977,0.03667338192462921,0.016584187746047974,-0.017496109008789062
0.0018688440322875977,0.03667338192462921,0.016584187746047974,-0.017496109008789062
0.0018688440322875977,0.03667338192462921,0.016584187746047974,-0.017496109008789062
0.0018688440322875977,0.03667338192462921,0.016584187746047974,-0.017496109008789062
0.0018688440322875977,0.03667338192462921,0.016584187746047974,-0.017496109008789062
0.0018688440322875977,0.03667338192462921,0.016584187746047974,-0.017496109008789062
0.0018688440322875977,0.03667338192462921,0.016584187746047974,-0.017496109008789062
0.0018688440322875977,0.03667338192462921,0.016584187746047974,-0.017496109008789062
0.0018688440322875977,0.03667338192462921,0.016584187746047974,-0.017496109008789062
0.0018688440322875977,0.03667338192462921,0.016584187746047974,-0.017496109008789062
0.0018688440322875977,0.03667338192462921,0.016584187746047974,-0.017496109008789062
0.0018688440322875977,0.03667338192462921,0.016584187746047974,-0.017496109008789062
0.0018688440322875977,0.03667338192462921,0.016584187746047974,-0.017496109008789062
0.0018688440322875977,0.03667338192462921,0.016584187746047974,-0.017496109008789062
0.0018688440322875977,0.03667338192462921,0.016584187746047974,-0.017496109008789062
0.0018688440322875977,0.03667338192462921,0.016584187746047974,-0.017496109008789062
0.0018688440322875977,0.03667338192462921,0.016584187746047974,-0.017496109008789062
0.0018688440322875977,0.03667338192462921,0.016584187746047974,-0.017496109008789062
0.0018688440322875977,0.03667338192462921,0.016584187746047974,-0.017496109008789062
0.0018688440322875977,0.03667338192462921,0.016584187746047974,-0.017496109008789062
0.0018688440322875977,0.03667338192462921,0.016584187746047974,-0.017496109008789062
0.0018688440322875977,0.03667338192462921,0.016584187746047974,-0.017496109008789062
0.0018688440322875977,0.03667338192462921,0.016584187746047974,-0.017496109008789062
0.0018688440322875977,0.03667338192462921,0.016584187746047974,-0.017496109008789062
0.0018688440322875977,0.03667338192462921,0.016584187746047974,-0.017496109008789062
0.0018688440322875977,0.03667338192462921,0.016584187746047974,-0.017496109008789062
0.0018688440322875977,0.03667338192462921,0.016584187746047974,-0.017496109008789062
0.0018688440322875977,0.03667338192462921,0.016584187746047974,-0.017496109008789062
0.0018688440322875977,0.03667338192462921,0.016584187746047974,-0.017496109008789062
0.0018688440322875977,0.03667338192462921,0.016584187746047974,-0.017496109008789062
0.0018688440322875977,0.03667338192462921,0.016584187746047974,-0.017496109008789062
0.0018688440322875977,0.03667338192462921,0.016584187746047974,-0.017496109008789062
0.0018688440322875977,0.03667338192462921,0.016584187746047974,-0.017496109008789062
0.0018688440322875977,0.03667338192462921,0.016584187746047974,-0.017496109008789062
0.0018688440322875977,0.03667338192462921,0.016584187746047974,-0.017496109008789062
0.0018688440322875977,0.03667338192462921,0.016584187746047974,-0.017496109008789062
0.0018688440322875977,0.03667338192462921,0.016584187746047974,-0.017496109008789062
0.0018688440322875977,0.03667338192462921,0.016584187746047974,-0.017496109008789062
0.0018688440322875977,0.03667338192462921,0.016584187746047974,-0.017496109008789062
0.0018688440322875977,0.03667338192462921,0.016584187746047974,-0.017496109008789062
0.0018688440322875977,0.03667338192462921,0.016584187746047974,-0.017496109008789062
0.0018688440322875977,0.03667338192462921,0.016584187746047974,-0.017496109008789062
0.0018688440322875977,0.03667338192462921,0.016584187746047974,-0.017496109008789062
0.0018688440322875977,0.03667338192462921,0.016584187746047974,-0.017496109008789062
0.0018688440322875977,0.03667338192462921,0.016584187746047974,-0.017496109008789062
0.0018688440322875977,0.03667338192462921,0.016584187746047974,-0.017496109008789062
0.0018688440322875977,0.03667338192462921,0.016584187746047974,-0.017496109008789062
0.0018688440322875977,0.03667338192462921,0.016584187746047974,-0.017496109008789062
0.0018688440322875977,0.03667338192462921,0.016584187746047974,-0.017496109008789062
0.0018688440322875977,0.03667338192462921,0.016584187746047974,-0.017496109008789062
0.0018688440322875977,0.03667338192462921,0.016584187746047974,-0.017496109008789062
0.0018688440322875977,0.03667338192462921,0.016584187746047974,-0.017496109008789062
0.0018688440322875977,0.03667338192462921,0.016584187746047974,-0.017496109008789062
0.0018688440322875977,0.03667338192462921,0.016584187746047974,-0.017496109008789062
0.0018688440322875977,0.03667338192462921,0.016584187746047974,-0.017496109008789062
0.0018688440322875977,0.03667338192462921,0.016584187746047974,-0.017496109008789062
0.0018688440322875977,0.03667338192462921,0.016584187746047974,-0.017496109008789062
0.0018688440322875977,0.03667338192462921,0.016584187746047974,-0.017496109008789062
0.0018688440322875977,0.03667338192462921,0.016584187746047974,-0.017496109008789062
0.0018688440322875977,0.03667338192462921,0.016584187746047974,-0.017496109008789062
0.0018688440322875977,0.03667338192462921,0.016584187746047974,-0.017496109008789062
0.0018688440322875977,0.03667338192462921,0.016584187746047974,-0.017496109008789062
0.0018688440322875977,0.03667338192462921,0.016584187746047974,-0.017496109008789062
0.0018688440322875977,0.03667338192462921,0.016584187746047974,-0.017496109008789062
0.0018688440322875977,0.03667338192462921,0.016584187746047974,-0.017496109008789062
0.0018688440322875977,0.03667338192462921,0.016584187746047974,-0.017496109008789062
0.0018688440322875977,0.03667338192462921,0.016584187746047974,-0.017496109008789062
0.0018688440322875977,0.03667338192462921,0.016584187746047974,-0.017496109008789062
0.0018688440322875977,0.03667338192462921,0.016584187746047974,-0.017496109008789062
0.0018688440322875977,0.03667338192462921,0.016584187746047974,-0.017496109008789062
0.0018688440322875977,0.03667338192462921,0.016584187746047974,-0.017496109008789062
0.0018688440322875977,0.03667338192462921,0.016584187746047974,-0.017496109008789062
0.0018688440322875977,0.03667338192462921,0.016584187746047974,-0.017496109008789062
0.0018688440322875977,0.03667338192462921,0.016584187746047974,-0.017496109008789062
0.0018688440322875977,0.03667338192462921,0.016584187746047974,-0.017496109008789062
0.0018688440322875977,0.03667338192462921,0.016584187746047974,-0.017496109008789062
0.0018688440322875977,0.03667338192462921,0.016584187746047974,-0.017496109008789062
0.0018688440322875977,0.03667338192462921,0.016584187746047974,-0.017496109008789062
0.0018688440322875977,0.03667338192462921,0.016584187746047974,-0.017496109008789062
0.0018688440322875977,0.03667338192462921,0.016584187746047974,-0.017496109008789062
0.0018688440322875977,0.03667338192462921,0.016584187746047974,-0.017496109008789062
0.0018688440322875977,0.03667338192462921,0.016584187746047974,-0.017496109008789062
0.0018688440322875977,0.03667338192462921,0.016584187746047974,-0.017496109008789062
0.0018688440322875977,0.03667338192462921,0.016584187746047974,-0.017496109008789062
0.0018688440322875977,0.03667338192462921,0.016584187746047974,-0.017496109008789062
0.0018688440322875977,0.03667338192462921,0.016584187746047974,-0.017496109008789062
0.0018688440322875977,0.03667338192462921,0.016584187746047974,-0.017496109008789062
0.0018688440322875977,0.03667338192462921,0.016584187746047974,-0.017496109008789062
0.0018688440322875977,0.03667338192462921,0.016584187746047974,-0.017496109008789062
0.0018688440322875977,0.03667338192462921,0.016584187746047974,-0.017496109008789062
0.0018688440322875977,0.03667338192462921,0.016584187746047974,-0.017496109008789062
0.0018688440322875977,0.03667338192462921,0.016584187746047974,-0.017496109008789062
0.0018688440322875977,0.03667338192462921,0.016584187746047974,-0.017496109008789062
0.0018688440322875977,0.03667338192462921,0.016584187746047974,-0.017496109008789062
0.0018688440322875977,0.03667338192462921,0.016584187746047974,-0.017496109008789062
0.0018688440322875977,0.03667338192462921,0.016584187746047974,-0.017496109008789062
0.0018688440322875977,0.03667338192462921,0.016584187746047974,-0.017496109008789062
0.0018688440322875977,0.03667338192462921,0.016584187746047974,-0.017496109008789062
0.0018688440322875977,0.03667338192462921,0.016584187746047974,-0.017496109008789062
0.0018688440322875977,0.03667338192462921,0.016584187746047974,-0.017496109008789062
0.0018688440322875977,0.03667338192462921,0.016584187746047974,-0.017496109008789062
0.0018688440322875977,0.03667338192462921,0.016584187746047974,-0.017496109008789062
0.0018688440322875977,0.03667338192462921,0.016584187746047974,-0.017496109008789062
0.0018688440322875977,0.03667338192462921,0.016584187746047974,-0.017496109008789062
0.0018688440322875977,0.03667338192462921,0.016584187746047974,-0.017496109008789062
0.0018688440322875977,0.03667338192462921,0.016584187746047974,-0.017496109008789062
0.0018688440322875977,0.03667338192462921,0.016584187746047974,-0.017496109008789062
0.0018688440322875977,0.03667338192462921,0.016584187746047974,-0.017496109008789062
0.0018688440322875977,0.03667338192462921,0.016584187746047974,-0.017496109008789062
0.0018688440322875977,0.03667338192462921,0.016584187746047974,-0.017496109008789062
0.0018688440322875977,0.03667338192462921,0.016584187746047974,-0.017496109008789062
0.0018688440322875977,0.03667338192462921,0.016584187746047974,-0.017496109008789062
0.0018688440322875977,0.03667338192462921,0.016584187746047974,-0.017496109008789062
0.0018688440322875977,0.03667338192462921,0.016584187746047974,-0.017496109008789062
0.0018688440322875977,0.03667338192462921,0.016584187746047974,-0.017496109008789062
0.0018688440322875977,0.03667338192462921,0.016584187746047974,-0.017496109008789062
0.0018688440322875977,0.03667338192462921,0.016584187746047974,-0.017496109008789062
0.0018688440322875977,0.03667338192462921,0.016584187746047974,-0.017496109008789062
0.0018688440322875977,0.03667338192462921,0.016584187746047974,-0.017496109008789062
0.0018688440322875977,0.03667338192462921,0.016584187746047974,-0.017496109008789062
0.0018688440322875977,0.03667338192462921,0.016584187746047974,-0.017496109008789062
0.0018688440322875977,0.03667338192462921,0.016584187746047974,-0.017496109008789062
0.0018688440322875977,0.03667338192462921,0.016584187746047974,-0.017496109008789062
0.0018688440322875977,0.03667338192462921,0.016584187746047974,-0.017496109008789062
0.0018688440322875977,0.03667338192462921,0.016584187746047974,-0.017496109008789062
0.0018688440322875977,0.03667338192462921,0.016584187746047974,-0.017496109008789062
0.0018688440322875977,0.03667338192462921,0.016584187746047974,-0.017496109008789062
0.0018688440322875977,0.03667338192462921,0.016584187746047974,-0.017496109008789062
0.0018688440322875977,0.03667338192462921,0.016584187746047974,-0.017496109008789062
0.0018688440322875977,0.03667338192462921,0.016584187746047974,-0.017496109008789062
0.0018688440322875977,0.03667338192462921,0.016584187746047974,-0.017496109008789062
0.0018688440322875977,0.03667338192462921,0.016584187746047974,-0.017496109008789062
0.0018688440322875977,0.03667338192462921,0.016584187746047974,-0.017496109008789062
0.0018688440322875977,0.03667338192462921,0.016584187746047974,-0.017496109008789062
0.0018688440322875977,0.03667338192462921,0.016584187746047974,-0.017496109008789062
0.0018688440322875977,0.03667338192462921,0.016584187746047974,-0.017496109008789062
0.0018688440322875977,0.03667338192462921,0.016584187746047974,-0.017496109008789062
0.0018688440322875977,0.03667338192462921,0.016584187746047974,-0.017496109008789062
0.0018688440322875977,0.03667338192462921,0.016584187746047974,-0.017496109008789062
0.0018688440322875977,0.03667338192462921,0.016584187746047974,-0.017496109008789062
0.0018688440322875977,0.03667338192462921,0.016584187746047974,-0.017496109008789062
0.0018688440322875977,0.03667338192462921,0.016584187746047974,-0.017496109008789062
0.0018688440322875977,0.03667338192462921,0.016584187746047974,-0.017496109008789062
0.0018688440322875977,0.03667338192462921,0.016584187746047974,-0.017496109008789062
0.0018688440322875977,0.03667338192462921,0.016584187746047974,-0.017496109008789062
0.0018688440322875977,0.03667338192462921,0.016584187746047974,-0.017496109008789062
0.0018688440322875977,0.03667338192462921,0.016584187746047974,-0.017496109008789062
0.0018688440322875977,0.03667338192462921,0.016584187746047974,-0.017496109008789062
0.0018688440322875977,0.03667338192462921,0.016584187746047974,-0.017496109008789062
0.0018688440322875977,0.03667338192462921,0.016584187746047974,-0.017496109008789062
0.0018688440322875977,0.03667338192462921,0.016584187746047974,-0.017496109008789062
0.0018688440322875977,0.03667338192462921,0.016584187746047974,-0.017496109008789062
0.0018688440322875977,0.03667338192462921,0.016584187746047974,-0.017496109008789062
0.0018688440322875977,0.03667338192462921,0.016584187746047974,-0.017496109008789062
0.0018688440322875977,0.03667338192462921,0.016584187746047974,-0.017496109008789062
0.0018688440322875977,0.03667338192462921,0.016584187746047974,-0.017496109008789062
0.0018688440322875977,0.03667338192462921,0.016584187746047974,-0.017496109008789062
0.0018688440322875977,0.03667338192462921,0.016584187746047974,-0.017496109008789062
0.0018688440322875977,0.03667338192462921,0.016584187746047974,-0.017496109008789062
0.0018688440322875977,0.03667338192462921,0.016584187746047974,-0.017496109008789062
0.0018688440322875977,0.03667338192462921,0.016584187746047974,-0.017496109008789062
0.0018688440322875977,0.03667338192462921,0.016584187746047974,-0.017496109008789062
0.0018688440322875977,0.03667338192462921,0.016584187746047974,-0.017496109008789062
0.0018688440322875977,0.03667338192462921,0.016584187746047974,-0.017496109008789062
0.0018688440322875977,0.03667338192462921,0.016584187746047974,-0.017496109008789062
0.0018688440322875977,0.03667338192462921,0.016584187746047974,-0.017496109008789062
0.0018688440322875977,0.03667338192462921,0.016584187746047974,-0.017496109008789062
0.0018688440322875977,0.03667338192462921,0.016584187746047974,-0.017496109008789062
0.0018688440322875977,0.03667338192462921,0.016584187746047974,-0.017496109008789062
0.0018688440322875977,0.03667338192462921,0.016584187746047974,-0.017496109008789062
0.0018688440322875977,0.03667338192462921,0.016584187746047974,-0.017496109008789062
0.0018688440322875977,0.03667338192462921,0.016584187746047974,-0.017496109008789062
0.0018688440322875977,0.03667338192462921,0.016584187746047974,-0.017496109008789062
0.0018688440322875977,0.03667338192462921,0.016584187746047974,-0.017496109008789062
0.0018688440322875977,0.03667338192462921,0.016584187746047974,-0.017496109008789062
0.0018688440322875977,0.03667338192462921,0.016584187746047974,-0.017496109008789062
0.0018688440322875977,0.03667338192462921,0.016584187746047974,-0.017496109008789062
0.0018688440322875977,0.03667338192462921,0.016584187746047974,-0.017496109008789062
0.0018688440322875977,0.03667338192462921,0.016584187746047974,-0.017496109008789062
0.0018688440322875977,0.03667338192462921,0.016584187746047974,-0.017496109008789062
0.0018688440322875977,0.03667338192462921,0.016584187746047974,-0.017496109008789062
0.0018688440322875977,0.03667338192462921,0.016584187746047974,-0.017496109008789062
0.0018688440322875977,0.03667338192462921,0.016584187746047974,-0.017496109008789062
0.0018688440322875977,0.03667338192462921,0.016584187746047974,-0.017496109008789062
0.0018688440322875977,0.03667338192462921,0.016584187746047974,-0.017496109008789062
0.0018688440322875977,0.03667338192462921,0.016584187746047974,-0.017496109008789062
0.0018688440322875977,0.03667338192462921,0.016584187746047974,-0.017496109008789062
0.0018688440322875977,0.03667338192462921,0.016584187746047974,-0.017496109008789062
0.0018688440322875977,0.03667338192462921,0.016584187746047974,-0.017496109008789062
0.0018688440322875977,0.03667338192462921,0.016584187746047974,-0.017496109008789062
0.0018688440322875977,0.03667338192462921,0.016584187746047974,-0.017496109008789062
0.0018688440322875977,0.03667338192462921,0.016584187746047974,-0.017496109008789062
0.0018688440322875977,0.03667338192462921,0.016584187746047974,-0.017496109008789062
0.0018688440322875977,0.03667338192462921,0.016584187746047974,-0.017496109008789062
0.0018688440322875977,0.03667338192462921,0.016584187746047974,-0.017496109008789062
0.0018688440322875977,0.03667338192462921,0.016584187746047974,-0.017496109008789062
0.0018688440322875977,0.03667338192462921,0.016584187746047974,-0.017496109008789062
0.0018688440322875977,0.03667338192462921,0.016584187746047974,-0.017496109008789062
0.0018688440322875977,0.03667338192462921,0.016584187746047974,-0.017496109008789062
0.0018688440322875977,0.03667338192462921,0.016584187746047974,-0.017496109008789062
0.0018688440322875977,0.03667338192462921,0.016584187746047974,-0.017496109008789062
0.0018688440322875977,0.03667338192462921,0.016584187746047974,-0.017496109008789062
0.0018688440322875977,0.03667338192462921,0.016584187746047974,-0.017496109008789062
0.0018688440322875977,0.03667338192462921,0.016584187746047974,-0.017496109008789062
0.0018688440322875977,0.03667338192462921,0.016584187746047974,-0.017496109008789062
0.0018688440322875977,0.03667338192462921,0.016584187746047974,-0.017496109008789062
0.0018688440322875977,0.03667338192462921,0.016584187746047974,-0.017496109008789062
0.0018688440322875977,0.03667338192462921,0.016584187746047974,-0.017496109008789062
0.0018688440322875977,0.03667338192462921,0.016584187746047974,-0.017496109008789062
0.0018688440322875977,0.03667338192462921,0.016584187746047974,-0.017496109008789062
0.0018688440322875977,0.03667338192462921,0.016584187746047974,-0.017496109008789062
0.0018688440322875977,0.03667338192462921,0.016584187746047974,-0.017496109008789062
0.0018688440322875977,0.03667338192462921,0.016584187746047974,-0.017496109008789062
0.0018688440322875977,0.03667338192462921,0.016584187746047974,-0.017496109008789062
0.0018688440322875977,0.03667338192462921,0.016584187746047974,-0.017496109008789062
0.0018688440322875977,0.03667338192462921,0.016584187746047974,-0.017496109008789062
0.0018688440322875977,0.03667338192462921,0.016584187746047974,-0.017496109008789062
0.0018688440322875977,0.03667338192462921,0.016584187746047974,-0.017496109008789062
0.0018688440322875977,0.03667338192462921,0.016584187746047974,-0.017496109008789062
0.0018688440322875977,0.03667338192462921,0.016584187746047974,-0.017496109008789062
0.0018688440322875977,0.03667338192462921,0.016584187746047974,-0.017496109008789062
0.0018688440322875977,0.03667338192462921,0.016584187746047974,-0.017496109008789062
0.0018688440322875977,0.03667338192462921,0.016584187746047974,-0.017496109008789062
0.0018688440322875977,0.03667338192462921,0.016584187746047974,-0.017496109008789062
0.0018688440322875977,0.03667338192462921,0.016584187746047974,-0.017496109008789062
0.0018688440322875977,0.03667338192462921,0.016584187746047974,-0.017496109008789062
0.0018688440322875977,0.03667338192462921,0.016584187746047974,-0.017496109008789062
0.0018688440322875977,0.03667338192462921,0.016584187746047974,-0.017496109008789062
0.0018688440322875977,0.03667338192462921,0.016584187746047974,-0.017496109008789062
0.0018688440322875977,0.03667338192462921,0.016584187746047974,-0.017496109008789062
0.0018688440322875977,0.03667338192462921,0.016584187746047974,-0.017496109008789062
0.0018688440322875977,0.03667338192462921,0.016584187746047974,-0.017496109008789062
0.0018688440322875977,0.03667338192462921,0.016584187746047974,-0.017496109008789062
0.0018688440322875977,0.03667338192462921,0.016584187746047974,-0.017496109008789062
0.0018688440322875977,0.03667338192462921,0.016584187746047974,-0.017496109008789062
0.0018688440322875977,0.03667338192462921,0.016584187746047974,-0.017496109008789062
0.0018688440322875977,0.03667338192462921,0.016584187746047974,-0.017496109008789062
0.0018688440322875977,0.03667338192462921,0.016584187746047974,-0.017496109008789062
0.0018688440322875977,0.03667338192462921,0.016584187746047974,-0.017496109008789062
0.0018688440322875977,0.03667338192462921,0.016584187746047974,-0.017496109008789062
0.0018688440322875977,0.03667338192462921,0.016584187746047974,-0.017496109008789062
0.0018688440322875977,0.03667338192462921,0.016584187746047974,-0.017496109008789062
0.0018688440322875977,0.03667338192462921,0.016584187746047974,-0.017496109008789062
0.0018688440322875977,0.03667338192462921,0.016584187746047974,-0.017496109008789062
0.0018688440322875977,0.03667338192462921,0.016584187746047974,-0.017496109008789062
0.0018688440322875977,0.03667338192462921,0.016584187746047974,-0.017496109008789062
0.0018688440322875977,0.03667338192462921,0.016584187746047974,-0.017496109008789062
0.0018688440322875977,0.03667338192462921,0.016584187746047974,-0.017496109008789062
0.0018688440322875977,0.03667338192462921,0.016584187746047974,-0.017496109008789062
0.0018688440322875977,0.03667338192462921,0.016584187746047974,-0.017496109008789062
0.0018688440322875977,0.03667338192462921,0.016584187746047974,-0.017496109008789062
0.0018688440322875977,0.03667338192462921,0.016584187746047974,-0.017496109008789062
0.0018688440322875977,0.03667338192462921,0.016584187746047974,-0.017496109008789062
0.0018688440322875977,0.03667338192462921,0.016584187746047974,-0.017496109008789062
0.0018688440322875977,0.03667338192462921,0.016584187746047974,-0.017496109008789062
0.0018688440322875977,0.03667338192462921,0.016584187746047974,-0.017496109008789062
0.0018688440322875977,0.03667338192462921,0.016584187746047974,-0.017496109008789062
0.0018688440322875977,0.03667338192462921,0.016584187746047974,-0.017496109008789062
0.0018688440322875977,0.03667338192462921,0.016584187746047974,-0.017496109008789062
0.0018688440322875977,0.03667338192462921,0.016584187746047974,-0.017496109008789062
0.0018688440322875977,0.03667338192462921,0.016584187746047974,-0.017496109008789062
0.0018688440322875977,0.03667338192462921,0.016584187746047974,-0.017496109008789062
0.0018688440322875977,0.03667338192462921,0.016584187746047974,-0.017496109008789062
0.0018688440322875977,0.03667338192462921,0.016584187746047974,-0.017496109008789062
0.0018688440322875977,0.03667338192462921,0.016584187746047974,-0.017496109008789062
0.0018688440322875977,0.03667338192462921,0.016584187746047974,-0.017496109008789062
0.0018688440322875977,0.03667338192462921,0.016584187746047974,-0.017496109008789062
0.0018688440322875977,0.03667338192462921,0.016584187746047974,-0.017496109008789062
0.0018688440322875977,0.03667338192462921,0.016584187746047974,-0.017496109008789062
0.0018688440322875977,0.03667338192462921,0.016584187746047974,-0.017496109008789062
0.0018688440322875977,0.03667338192462921,0.016584187746047974,-0.017496109008789062
0.0018688440322875977,0.03667338192462921,0.016584187746047974,-0.017496109008789062
0.0018688440322875977,0.03667338192462921,0.016584187746047974,-0.017496109008789062
0.0018688440322875977,0.03667338192462921,0.016584187746047974,-0.017496109008789062
0.0018688440322875977,0.03667338192462921,0.016584187746047974,-0.017496109008789062
0.0018688440322875977,0.03667338192462921,0.016584187746047974,-0.017496109008789062
0.0018688440322875977,0.03667338192462921,0.016584187746047974,-0.017496109008789062
0.0018688440322875977,0.03667338192462921,0.016584187746047974,-0.017496109008789062
0.0018688440322875977,0.03667338192462921,0.016584187746047974,-0.017496109008789062
0.0018688440322875977,0.03667338192462921,0.016584187746047974,-0.017496109008789062
0.0018688440322875977,0.03667338192462921,0.016584187746047974,-0.017496109008789062
0.0018688440322875977,0.03667338192462921,0.016584187746047974,-0.017496109008789062
0.0018688440322875977,0.03667338192462921,0.016584187746047974,-0.017496109008789062
0.0018688440322875977,0.03667338192462921,0.016584187746047974,-0.017496109008789062
0.0018688440322875977,0.03667338192462921,0.016584187746047974,-0.017496109008789062
0.0018688440322875977,0.03667338192462921,0.016584187746047974,-0.017496109008789062
0.0018688440322875977,0.03667338192462921,0.016584187746047974,-0.017496109008789062
0.0018688440322875977,0.03667338192462921,0.016584187746047974,-0.017496109008789062
0.0018688440322875977,0.03667338192462921,0.016584187746047974,-0.017496109008789062
0.0018688440322875977,0.03667338192462921,0.016584187746047974,-0.017496109008789062
0.0018688440322875977,0.03667338192462921,0.016584187746047974,-0.017496109008789062
0.0018688440322875977,0.03667338192462921,0.016584187746047974,-0.017496109008789062
0.0018688440322875977,0.03667338192462921,0.016584187746047974,-0.017496109008789062
0.0018688440322875977,0.03667338192462921,0.016584187746047974,-0.017496109008789062
