vx,vy,vz,omega_z
-0.5788753628730774,-0.1524648815393448,-0.25911641120910645,0.6199896335601807
-0.5889876484870911,-0.2028401494026184,-0.38531285524368286,1.1357250213623047
-0.5460482239723206,-0.21179325878620148,-0.43044042587280273,1.1665215492248535
-0.5247706770896912,-0.21355022490024567,-0.44718265533447266,1.1691148281097412
-0.4936251640319824,-0.20113882422447205,-0.3963412344455719,1.1882206201553345
-0.5003230571746826,-0.19732323288917542,-0.37974995374679565,1.1951160430908203
-0.6448637247085571,-0.23603293299674988,-0.2946034073829651,1.1024341583251953
-0.6327736377716064,-0.24861159920692444,-0.23033639788627625,1.1162785291671753
-0.6356024146080017,-0.25034546852111816,-0.21380513906478882,1.1368350982666016
-0.6473968029022217,-0.23754508793354034,-0.1980077177286148,1.143729329109192
-0.6467941403388977,-0.2347082495689392,-0.19150815904140472,1.1454389095306396
-0.6354371905326843,-0.212897390127182,-0.1981445550918579,1.129641056060791
-0.6323096752166748,-0.20792308449745178,-0.20129254460334778,1.1231521368026733
-0.628754198551178,-0.17566333711147308,-0.22215035557746887,1.1053833961486816
-0.6251733899116516,-0.16787610948085785,-0.23100483417510986,1.0986982583999634
-0.6189184784889221,-0.14419539272785187,-0.23535862565040588,1.0908012390136719
-0.6139489412307739,-0.12957675755023956,-0.23255419731140137,1.081010341644287
-0.6122971177101135,-0.12657412886619568,-0.2329590767621994,1.077846646308899
-0.5775502324104309,-0.09916914254426956,-0.22366835176944733,1.0943752527236938
-0.5714988708496094,-0.04133736342191696,-0.22998936474323273,1.0305488109588623
-0.5701842904090881,-0.025408469140529633,-0.22832700610160828,1.0096831321716309
-0.5711857080459595,-0.006384238600730896,-0.2330312281847,0.9918166399002075
-0.5731449723243713,-0.0012151747941970825,-0.230974942445755,0.9854397177696228
-0.5474645495414734,0.016913682222366333,-0.22666119039058685,0.9616674184799194
-0.5000549554824829,0.031108975410461426,-0.2322380691766739,0.9471220374107361
-0.49655234813690186,0.03437034785747528,-0.23545846343040466,0.9443957209587097
-0.5032051205635071,0.06320998072624207,-0.2753746807575226,0.9190160632133484
-0.4946420192718506,0.07076407968997955,-0.2931942939758301,0.9094738960266113
-0.48546838760375977,0.11099636554718018,-0.3024381399154663,0.8722184896469116
-0.48404908180236816,0.12218102812767029,-0.3022453784942627,0.8602461218833923
-0.46239060163497925,0.15105392038822174,-0.29006609320640564,0.8140745759010315
-0.46167677640914917,0.1587793380022049,-0.2811066508293152,0.7985655069351196
-0.4499306082725525,0.16351597011089325,-0.24971364438533783,0.8059934377670288
-0.4399338960647583,0.15845473110675812,-0.2374790906906128,0.8377684354782104
-0.4405477046966553,0.15719006955623627,-0.2298016995191574,0.8465155363082886
-0.4410315752029419,0.15698866546154022,-0.22681482136249542,0.8471451997756958
-0.42178040742874146,0.1495942622423172,-0.24546022713184357,0.8429498672485352
-0.4108925461769104,0.16533474624156952,-0.25522810220718384,0.8542768955230713
-0.3981900215148926,0.174097940325737,-0.2466975450515747,0.8625251054763794
-0.3958072066307068,0.17657475173473358,-0.24351519346237183,0.8633605241775513
-0.37600600719451904,0.1755194216966629,-0.21979548037052155,0.861361026763916
-0.37503504753112793,0.1756216138601303,-0.2095813751220703,0.86090487241745
-0.35474932193756104,0.1748173087835312,-0.1932234913110733,0.8376519680023193
-0.3533018231391907,0.17451660335063934,-0.18999722599983215,0.8331438899040222
-0.3549525737762451,0.17953123152256012,-0.18776075541973114,0.8023296594619751
-0.3542075753211975,0.18030263483524323,-0.1900523602962494,0.7961061000823975
-0.30682337284088135,0.19298769533634186,-0.19363997876644135,0.7599320411682129
-0.3040374517440796,0.19599716365337372,-0.19297164678573608,0.7511976957321167
-0.28534823656082153,0.2073410302400589,-0.1852787733078003,0.7430986166000366
-0.2842625379562378,0.2105177789926529,-0.18228714168071747,0.7412909865379333
-0.28495359420776367,0.21443559229373932,-0.18584492802619934,0.734528124332428
-0.28568023443222046,0.21269060671329498,-0.1901884526014328,0.734695315361023
-0.28548312187194824,0.21175338327884674,-0.19186457991600037,0.7338555455207825
-0.27333903312683105,0.2128048688173294,-0.18188273906707764,0.7263321876525879
-0.27246981859207153,0.212942436337471,-0.1784815788269043,0.7235040664672852
-0.25987595319747925,0.22189967334270477,-0.1775324046611786,0.7205015420913696
-0.24521712958812714,0.22082285583019257,-0.17809511721134186,0.665861964225769
-0.24423132836818695,0.21970559656620026,-0.17882075905799866,0.6497714519500732
-0.2443230003118515,0.20947326719760895,-0.17827996611595154,0.6287134885787964
-0.24428002536296844,0.20667265355587006,-0.17864838242530823,0.621845543384552
-0.22961042821407318,0.20788444578647614,-0.1657789945602417,0.5984840989112854
-0.22838227450847626,0.20840923488140106,-0.16026219725608826,0.591585099697113
-0.2250448614358902,0.1968207210302353,-0.14657065272331238,0.5966969728469849
-0.2251422256231308,0.1940871626138687,-0.14226320385932922,0.5984634757041931
-0.19871626794338226,0.18236814439296722,-0.1378900408744812,0.5862650871276855
-0.18458087742328644,0.18135090172290802,-0.12248318642377853,0.6054644584655762
-0.18412084877490997,0.18200264871120453,-0.11679502576589584,0.6123635172843933
-0.1921696811914444,0.19046978652477264,-0.12703558802604675,0.6079380512237549
-0.1845005601644516,0.19757051765918732,-0.1291208267211914,0.6146214008331299
-0.18408571183681488,0.19938625395298004,-0.12996795773506165,0.6167314648628235
-0.1683308333158493,0.19066651165485382,-0.12383845448493958,0.5866256952285767
-0.16762320697307587,0.18852539360523224,-0.12174052745103836,0.5768086910247803
-0.14533372223377228,0.1756965070962906,-0.11069003492593765,0.5383076071739197
-0.14398886263370514,0.17193762958049774,-0.1079578772187233,0.5284117460250854
-0.1397659331560135,0.16736550629138947,-0.11104559898376465,0.5200037360191345
-0.13048125803470612,0.1659388691186905,-0.11251068860292435,0.5248327255249023
-0.12987659871578217,0.16577039659023285,-0.11233790963888168,0.527147650718689
-0.12034870684146881,0.16267995536327362,-0.1088448315858841,0.5210186839103699
-0.11998747289180756,0.16198299825191498,-0.10753267258405685,0.5188553929328918
-0.11224313080310822,0.15241028368473053,-0.10415303707122803,0.4984816014766693
-0.10883508622646332,0.1458655744791031,-0.10137071460485458,0.49234792590141296
-0.10883085429668427,0.14447863399982452,-0.10002049803733826,0.492514431476593
-0.10741959512233734,0.14263902604579926,-0.0957610160112381,0.4816218614578247
-0.107283815741539,0.14213192462921143,-0.09437152743339539,0.4785038232803345
-0.10029835999011993,0.13092352449893951,-0.08822816610336304,0.47944268584251404
-0.09996692836284637,0.12862348556518555,-0.08670514822006226,0.4797351062297821
-0.08726264536380768,0.11832733452320099,-0.0793769359588623,0.4718821346759796
-0.08670864999294281,0.11634227633476257,-0.07734058797359467,0.4697130024433136
-0.08013613522052765,0.11136217415332794,-0.07550925016403198,0.45650357007980347
-0.07549206912517548,0.10098153352737427,-0.07640902698040009,0.4289567470550537
-0.07517607510089874,0.09865722060203552,-0.07697895169258118,0.42248237133026123
-0.07573296129703522,0.10596856474876404,-0.08467362821102142,0.41329050064086914
-0.07551734149456024,0.10697126388549805,-0.08666302263736725,0.4111466407775879
-0.07413314282894135,0.10403561592102051,-0.08581438660621643,0.4008618891239166
-0.06924791634082794,0.0998523086309433,-0.0825040340423584,0.3979033827781677
-0.06902588903903961,0.0989629477262497,-0.08085604012012482,0.3981018662452698
-0.0665915459394455,0.09963235259056091,-0.08452819287776947,0.39332419633865356
-0.06639672815799713,0.09962494671344757,-0.08585149049758911,0.3921452462673187
-0.062387242913246155,0.09620651602745056,-0.08598315715789795,0.3849051296710968
-0.0565270334482193,0.08952786028385162,-0.07832248508930206,0.350291907787323
-0.05607755482196808,0.08827413618564606,-0.07707656919956207,0.34075185656547546
-0.05366156995296478,0.08779214322566986,-0.07243785262107849,0.3327048122882843
-0.053459152579307556,0.0874272882938385,-0.07059219479560852,0.33079618215560913
-0.0524621456861496,0.0886693149805069,-0.0766417384147644,0.33687007427215576
-0.052375808358192444,0.08843018114566803,-0.07761526107788086,0.33887481689453125
-0.04771287739276886,0.0865062028169632,-0.07420222461223602,0.3330073356628418
-0.04598008096218109,0.08047066628932953,-0.07212823629379272,0.3273235857486725
-0.045928046107292175,0.07911069691181183,-0.07131867110729218,0.32605627179145813
-0.04504339396953583,0.07797609269618988,-0.06892852485179901,0.32154425978660583
-0.04499392211437225,0.07733362913131714,-0.06782157719135284,0.32050055265426636
-0.04361787438392639,0.0752473920583725,-0.06904712319374084,0.3157169818878174
-0.04359006881713867,0.07456500828266144,-0.0691603273153305,0.31454524397850037
-0.04205377399921417,0.07219889760017395,-0.06878520548343658,0.31000953912734985
-0.03950466215610504,0.07132914662361145,-0.06878906488418579,0.30560940504074097
-0.039434462785720825,0.07127527892589569,-0.06837612390518188,0.30475887656211853
-0.03697587549686432,0.06834907829761505,-0.06783878803253174,0.3006405532360077
-0.03692193329334259,0.06781524419784546,-0.0674641877412796,0.2995063364505768
-0.03448694944381714,0.06100107729434967,-0.06380699574947357,0.2894059419631958
-0.03444148600101471,0.05968862771987915,-0.06314682960510254,0.28643059730529785
-0.0319257527589798,0.05319114029407501,-0.056483134627342224,0.27328020334243774
-0.028849169611930847,0.051328226923942566,-0.04809841513633728,0.2626039981842041
-0.028766915202140808,0.05121795833110809,-0.04588955640792847,0.2601836323738098
-0.027770236134529114,0.050332337617874146,-0.04341250658035278,0.2510237991809845
-0.027795210480690002,0.0501227080821991,-0.04310202598571777,0.248447448015213
-0.02843952178955078,0.04988826811313629,-0.044475436210632324,0.24949565529823303
-0.02845558524131775,0.049746111035346985,-0.044711366295814514,0.24981924891471863
-0.029584169387817383,0.04786001145839691,-0.048075735569000244,0.25132477283477783
-0.028238624334335327,0.04688182473182678,-0.048684701323509216,0.2463064193725586
-0.02821771800518036,0.046512678265571594,-0.048783496022224426,0.24493125081062317
-0.027504324913024902,0.04499006271362305,-0.048442766070365906,0.24271148443222046
-0.027495309710502625,0.044576629996299744,-0.04816699028015137,0.24214108288288116
-0.026861101388931274,0.043557822704315186,-0.048367589712142944,0.23936866223812103
-0.026316359639167786,0.04136316478252411,-0.048639342188835144,0.2357466220855713
-0.026336580514907837,0.040894150733947754,-0.04883265495300293,0.2347952425479889
-0.02513056993484497,0.04091086983680725,-0.047172799706459045,0.23076052963733673
-0.025132745504379272,0.04091070592403412,-0.04664996266365051,0.22957170009613037
-0.023730188608169556,0.03997701406478882,-0.044502705335617065,0.22286207973957062
-0.022172659635543823,0.03910447657108307,-0.04189200699329376,0.21451473236083984
-0.02218802273273468,0.0388612300157547,-0.041462525725364685,0.21233955025672913
-0.020536065101623535,0.0390646755695343,-0.03850725293159485,0.20572465658187866
-0.020540624856948853,0.03909504413604736,-0.0378836989402771,0.20382048189640045
-0.019045084714889526,0.03719092905521393,-0.03542433679103851,0.19781090319156647
-0.017533302307128906,0.035561591386795044,-0.03179715573787689,0.190746009349823
-0.01753172278404236,0.03551054000854492,-0.030792832374572754,0.1889427751302719
-0.016118675470352173,0.0347396582365036,-0.028893157839775085,0.18316030502319336
-0.016112372279167175,0.0347195565700531,-0.028375402092933655,0.18153956532478333
-0.015239611268043518,0.034363433718681335,-0.02804143726825714,0.17995616793632507
-0.015219688415527344,0.034429147839546204,-0.027844175696372986,0.17954210937023163
-0.014355838298797607,0.03505367040634155,-0.02700735628604889,0.17632491886615753
-0.013205662369728088,0.03697292506694794,-0.02587991952896118,0.17049266397953033
-0.013184607028961182,0.037453874945640564,-0.025584176182746887,0.1690896451473236
-0.012747183442115784,0.03732393682003021,-0.024798914790153503,0.16431768238544464
-0.012757450342178345,0.037427037954330444,-0.024718135595321655,0.16307170689105988
-0.01318138837814331,0.03647330403327942,-0.024453788995742798,0.1615380048751831
-0.013182103633880615,0.03643369674682617,-0.024386733770370483,0.16115085780620575
-0.013480320572853088,0.03484232723712921,-0.023838669061660767,0.15421272814273834
-0.014542117714881897,0.03371380269527435,-0.024718359112739563,0.14713925123214722
-0.014561906456947327,0.033608585596084595,-0.02508629858493805,0.14557957649230957
-0.013679847121238708,0.03255939483642578,-0.023952841758728027,0.13853606581687927
-0.01364775002002716,0.03249610960483551,-0.02350609004497528,0.13686126470565796
-0.013270646333694458,0.03193220496177673,-0.023563608527183533,0.13474354147911072
-0.013258978724479675,0.03196074068546295,-0.023631379008293152,0.13427302241325378
-0.013234183192253113,0.03136846423149109,-0.022656172513961792,0.1311638355255127
-0.0129631906747818,0.031035125255584717,-0.022516414523124695,0.1275041699409485
-0.012957975268363953,0.031097620725631714,-0.02250032126903534,0.1267547607421875
-0.012871548533439636,0.03034566342830658,-0.021477505564689636,0.12461936473846436
-0.012673944234848022,0.030044391751289368,-0.020668968558311462,0.1213320791721344
-0.01267656683921814,0.030088037252426147,-0.02037528157234192,0.1206464171409607
-0.01267765462398529,0.03012852370738983,-0.02027203142642975,0.12053778767585754
-0.012445628643035889,0.029939860105514526,-0.018484890460968018,0.1148531436920166
-0.012101158499717712,0.030151933431625366,-0.01772075891494751,0.11115694046020508
-0.012087032198905945,0.030340075492858887,-0.01745276153087616,0.11041796207427979
-0.011929020285606384,0.03007577359676361,-0.016991376876831055,0.10771849751472473
-0.011979848146438599,0.029443994164466858,-0.016592636704444885,0.10577234625816345
-0.01197931170463562,0.029481589794158936,-0.016336515545845032,0.10544714331626892
-0.010967865586280823,0.029502704739570618,-0.01612730324268341,0.1040067970752716
-0.010905936360359192,0.029628068208694458,-0.016039177775382996,0.1036919355392456
-0.01003459095954895,0.029583081603050232,-0.016917601227760315,0.09964776039123535
-0.009978726506233215,0.0297689288854599,-0.01719394326210022,0.09872424602508545
-0.009240642189979553,0.02943854033946991,-0.017328277230262756,0.09664490818977356
-0.00787624716758728,0.03008824586868286,-0.018496885895729065,0.09497019648551941
-0.007818415760993958,0.030309155583381653,-0.018887922167778015,0.09462350606918335
-0.007333964109420776,0.02965182065963745,-0.01903359591960907,0.09065365791320801
-0.007294207811355591,0.029654383659362793,-0.018965482711791992,0.08969148993492126
-0.0062620192766189575,0.029781565070152283,-0.019999191164970398,0.09056755900382996
-0.005280658602714539,0.029429465532302856,-0.021218299865722656,0.08522137999534607
-0.005273863673210144,0.029561832547187805,-0.021635010838508606,0.08385124802589417
-0.004431620240211487,0.0293511301279068,-0.02185460925102234,0.08244165778160095
-0.004390403628349304,0.02944067120552063,-0.021938279271125793,0.0821458101272583
-0.003965988755226135,0.02960231900215149,-0.0218517929315567,0.07984316349029541
-0.003930285573005676,0.029766619205474854,-0.02171534299850464,0.07934090495109558
-0.0032137036323547363,0.02968376874923706,-0.02113354206085205,0.07647708058357239
-0.003245025873184204,0.029552727937698364,-0.019801601767539978,0.07626241445541382
-0.003221854567527771,0.02957470715045929,-0.019314900040626526,0.07625880837440491
-0.0029537230730056763,0.029629305005073547,-0.017477408051490784,0.07414671778678894
-0.002939373254776001,0.02973894774913788,-0.01672545075416565,0.07364720106124878
-0.002823188900947571,0.030182093381881714,-0.015088528394699097,0.07331618666648865
-0.0027962923049926758,0.03031010925769806,-0.01435774564743042,0.07328727841377258
-0.002733275294303894,0.03067140281200409,-0.012992173433303833,0.06972479820251465
-0.00270979106426239,0.03090527653694153,-0.012414515018463135,0.06880888342857361
-0.003093227744102478,0.03098815679550171,-0.010475903749465942,0.06696364283561707
-0.0026784539222717285,0.032003819942474365,-0.009695768356323242,0.06464928388595581
-0.0026633739471435547,0.03228878974914551,-0.009316682815551758,0.06412175297737122
-0.0022275596857070923,0.03273078799247742,-0.008030697703361511,0.06311887502670288
-0.002211824059486389,0.03291478753089905,-0.007572382688522339,0.06285044550895691
-0.0022014379501342773,0.03272116184234619,-0.006666123867034912,0.06030544638633728
-0.0017510056495666504,0.032255709171295166,-0.005711212754249573,0.05546504259109497
-0.0017297416925430298,0.032395169138908386,-0.005287185311317444,0.054221004247665405
-0.0012326091527938843,0.03237459063529968,-0.004763677716255188,0.05229654908180237
-0.0012213438749313354,0.03250335156917572,-0.004554718732833862,0.051789045333862305
-0.0008185207843780518,0.0325888991355896,-0.0038736164569854736,0.049217820167541504
-0.000796094536781311,0.032780006527900696,-0.0035564452409744263,0.0484900176525116
-0.00042629241943359375,0.03325985372066498,-0.003619760274887085,0.04567718505859375
0.00014419853687286377,0.033096879720687866,-0.002941623330116272,0.04284238815307617
0.000166282057762146,0.033254146575927734,-0.002626284956932068,0.04209396243095398
0.0005509406328201294,0.032730087637901306,-0.0023651123046875,0.038868218660354614
0.0005595535039901733,0.03282397985458374,-0.0022265613079071045,0.03787940740585327
0.0010589063167572021,0.03289423882961273,-0.001707717776298523,0.03637954592704773
0.001090407371520996,0.033085018396377563,-0.0015510767698287964,0.03593370318412781
0.001209557056427002,0.03199121356010437,-0.0015294849872589111,0.03380623459815979
0.001241832971572876,0.0314868688583374,-0.0020671337842941284,0.03298613429069519
0.0012583136558532715,0.03151951730251312,-0.002250954508781433,0.03275683522224426
0.0013396590948104858,0.030565381050109863,-0.0023090392351150513,0.03167209029197693
0.001334354281425476,0.030436992645263672,-0.002339988946914673,0.03128811717033386
0.0011111199855804443,0.029885947704315186,-0.002616584300994873,0.03074595332145691
0.0011045336723327637,0.029858574271202087,-0.0026700347661972046,0.030537962913513184
0.0009872466325759888,0.029777973890304565,-0.0029496103525161743,0.03045666217803955
0.0008845627307891846,0.02982403337955475,-0.003692522644996643,0.030081480741500854
0.000874638557434082,0.0298738032579422,-0.003935366868972778,0.029930979013442993
0.0008776932954788208,0.029748648405075073,-0.0039701759815216064,0.02970758080482483
0.0008829236030578613,0.029750823974609375,-0.003991752862930298,0.029616445302963257
0.0006118416786193848,0.028843581676483154,-0.003812730312347412,0.02843150496482849
0.0006111115217208862,0.028615325689315796,-0.0035098642110824585,0.027395784854888916
0.0006014853715896606,0.02864396572113037,-0.0033461004495620728,0.02707982063293457
0.00047832727432250977,0.028961658477783203,-0.002502351999282837,0.02594923973083496
0.0004631727933883667,0.029070809483528137,-0.0021182894706726074,0.025568604469299316
0.00039158761501312256,0.02940031886100769,-0.0021618306636810303,0.0255107581615448
0.0004153698682785034,0.02962489426136017,-0.0024768710136413574,0.025421082973480225
0.0003876984119415283,0.029670938849449158,-0.0025895684957504272,0.02536982297897339
0.0002618134021759033,0.029565870761871338,-0.0022548288106918335,0.024200230836868286
0.0002513080835342407,0.029598072171211243,-0.002102300524711609,0.023806214332580566
8.760392665863037e-05,0.02975277602672577,-0.0015622228384017944,0.023316413164138794
2.1338462829589844e-05,0.029489561915397644,-0.0011430084705352783,0.022144675254821777
3.2901763916015625e-05,0.029495418071746826,-0.0008951127529144287,0.02177754044532776
-6.511807441711426e-05,0.029858633875846863,-0.0008961409330368042,0.0217440128326416
-7.814168930053711e-05,0.029932618141174316,-0.0009299963712692261,0.021737366914749146
-8.782744407653809e-05,0.03018803894519806,-0.001347661018371582,0.021369338035583496
1.2755393981933594e-05,0.030705302953720093,-0.0016364604234695435,0.020448744297027588
-5.751848220825195e-06,0.030831336975097656,-0.001711323857307434,0.020175814628601074
-4.583597183227539e-05,0.030749499797821045,-0.0015684515237808228,0.01907595992088318
-3.297626972198486e-05,0.03076404333114624,-0.0014397799968719482,0.018726050853729248
5.498528480529785e-06,0.030589014291763306,-0.001078680157661438,0.017848581075668335
9.328126907348633e-06,0.03060068190097809,-0.0009462684392929077,0.017546147108078003
-8.243322372436523e-05,0.02964167296886444,-0.0003235936164855957,0.016319364309310913
-9.417533874511719e-05,0.029512614011764526,-8.976459503173828e-05,0.01590237021446228
-0.0003779381513595581,0.028755351901054382,0.0001644343137741089,0.014618664979934692
-0.0003361701965332031,0.02886246144771576,0.0003113299608230591,0.014203369617462158
-0.0003215372562408447,0.0289345383644104,0.00039793550968170166,0.014105260372161865
-0.00037613511085510254,0.028382256627082825,0.0008189529180526733,0.013929247856140137
-0.00035844743251800537,0.0283031165599823,0.001036420464515686,0.01386106014251709
-0.0003768652677536011,0.028510183095932007,0.0010234564542770386,0.013931810855865479
-0.00036866962909698486,0.028525367379188538,0.0011462569236755371,0.01307728886604309
-0.00037553906440734863,0.02855280041694641,0.0011770427227020264,0.012802302837371826
-0.0003139078617095947,0.028342336416244507,0.0014637112617492676,0.012849777936935425
-0.0003036409616470337,0.02832046151161194,0.0015932321548461914,0.012865185737609863
-0.00031276047229766846,0.028216511011123657,0.0018028169870376587,0.012335121631622314
-0.00031819939613342285,0.028227001428604126,0.001855418086051941,0.012149214744567871
-0.00021605193614959717,0.028507724404335022,0.0015673339366912842,0.011496216058731079
-0.00022448599338531494,0.02846929430961609,0.0015267133712768555,0.010585874319076538
-0.00021445751190185547,0.028503194451332092,0.0015695542097091675,0.01030072569847107
-0.000424802303314209,0.02801559865474701,0.0015544742345809937,0.009981513023376465
-0.00043363869190216064,0.027949556708335876,0.001551106572151184,0.00986403226852417
-0.0005731880664825439,0.027947843074798584,0.001645207405090332,0.009638845920562744
-0.0005781650543212891,0.02795712649822235,0.001712799072265625,0.00955885648727417
-0.0006239712238311768,0.027456507086753845,0.001791924238204956,0.009197801351547241
-0.0006786137819290161,0.026857644319534302,0.002019360661506653,0.00857919454574585
-0.000662878155708313,0.02679242193698883,0.0021583139896392822,0.00838056206703186
-0.0007560551166534424,0.02629387378692627,0.0023398548364639282,0.007825762033462524
-0.0007473528385162354,0.02622753381729126,0.0024450868368148804,0.007637828588485718
-0.0006235092878341675,0.02599121630191803,0.0026798099279403687,0.007016241550445557
-0.0007712095975875854,0.025911927223205566,0.002824053168296814,0.006661027669906616
-0.0007601380348205566,0.025926873087882996,0.0029350966215133667,0.006564110517501831
-0.0009053349494934082,0.02543199062347412,0.0031916648149490356,0.0060704052448272705
-0.0009624361991882324,0.0255214124917984,0.0030224472284317017,0.005885481834411621
-0.0009623467922210693,0.025575056672096252,0.002974405884742737,0.0058363378047943115
-0.000901535153388977,0.02554468810558319,0.0027946382761001587,0.0058030784130096436
-0.0009063035249710083,0.02556823194026947,0.0027067214250564575,0.005777269601821899
-0.0010160505771636963,0.026131927967071533,0.0022783279418945312,0.005859941244125366
-0.0010413378477096558,0.026251167058944702,0.0020687878131866455,0.005883544683456421
-0.0011116117238998413,0.026264101266860962,0.001895219087600708,0.005675017833709717
-0.0011120736598968506,0.026272833347320557,0.001866862177848816,0.005608737468719482
-0.001261487603187561,0.026081964373588562,0.001668483018875122,0.005183398723602295
-0.0012816637754440308,0.026066824793815613,0.0015171021223068237,0.005047857761383057
-0.001502305269241333,0.025809571146965027,0.001310005784034729,0.0048580169677734375
-0.0015190690755844116,0.025768831372261047,0.0012302249670028687,0.004791617393493652
-0.0015135854482650757,0.025647059082984924,0.0012644976377487183,0.004452824592590332
-0.001561477780342102,0.025570929050445557,0.0011572092771530151,0.004131525754928589
-0.0015437901020050049,0.0255783349275589,0.0011723190546035767,0.004034668207168579
-0.0014765411615371704,0.025329798460006714,0.002056226134300232,0.003461301326751709
-0.0014580339193344116,0.025323450565338135,0.0023958534002304077,0.0032730400562286377
-0.001363307237625122,0.02556385099887848,0.0029537826776504517,0.003402888774871826
-0.0013398975133895874,0.025626495480537415,0.003178626298904419,0.003447204828262329
-0.001209750771522522,0.026118621230125427,0.003671690821647644,0.0029304027557373047
-0.0011781901121139526,0.026231050491333008,0.003933563828468323,0.0027549564838409424
-0.001170426607131958,0.026257559657096863,0.004021003842353821,0.0027162134647369385
-0.001016572117805481,0.026749983429908752,0.003967717289924622,0.0025141537189483643
-0.0008472651243209839,0.026840820908546448,0.003993019461631775,0.0019413530826568604
-0.0008135735988616943,0.026903435587882996,0.004087820649147034,0.0017485618591308594
-0.0007580816745758057,0.026947200298309326,0.004051923751831055,0.0012281537055969238
-0.0007096230983734131,0.0273587703704834,0.00439240038394928,0.0003718137741088867
-0.0006964802742004395,0.027484342455863953,0.0045295655727386475,0.00012117624282836914
-0.0007964223623275757,0.027336403727531433,0.0045098066329956055,-0.00048595666885375977
-0.0007988512516021729,0.0273447185754776,0.00456082820892334,-0.0006880462169647217
-0.0009142458438873291,0.02726764976978302,0.004738718271255493,-0.001094728708267212
-0.0010357052087783813,0.0269346684217453,0.004658356308937073,-0.0018174946308135986
-0.0010505467653274536,0.026911139488220215,0.00466039776802063,-0.00203859806060791
-0.0011807084083557129,0.026653870940208435,0.004915013909339905,-0.0025331079959869385
-0.0011950284242630005,0.026631250977516174,0.004992783069610596,-0.002688288688659668
-0.0011052042245864868,0.026550382375717163,0.0049811601638793945,-0.0033842623233795166
-0.0011238455772399902,0.026566356420516968,0.004881769418716431,-0.0035949349403381348
-0.0010782629251480103,0.026530340313911438,0.004607051610946655,-0.004293203353881836
-0.0011138468980789185,0.02643848955631256,0.004486352205276489,-0.004798173904418945
-0.001118481159210205,0.026464179158210754,0.0043919384479522705,-0.004932373762130737
-0.0012166649103164673,0.026353254914283752,0.0043904781341552734,-0.0053910911083221436
-0.0012217462062835693,0.026367753744125366,0.004377886652946472,-0.005534946918487549
-0.001314699649810791,0.026539117097854614,0.004777595400810242,-0.006157249212265015
-0.0014391690492630005,0.026481255888938904,0.00539378821849823,-0.0069883763790130615
-0.001436963677406311,0.02652658522129059,0.005618199706077576,-0.00724521279335022
-0.0016408711671829224,0.026808738708496094,0.0059020668268203735,-0.007693231105804443
-0.0016399174928665161,0.02689652144908905,0.006045252084732056,-0.007836014032363892
-0.0015026479959487915,0.02738654613494873,0.006246641278266907,-0.008227527141571045
-0.0014807134866714478,0.027512654662132263,0.0063386112451553345,-0.008355557918548584
-0.0014591813087463379,0.02784039080142975,0.006571099162101746,-0.008697837591171265
-0.0014452040195465088,0.02793218195438385,0.006673693656921387,-0.008795052766799927
-0.0013416111469268799,0.028029367327690125,0.006683662533760071,-0.008962064981460571
-0.001335233449935913,0.028054535388946533,0.006649836897850037,-0.009010553359985352
-0.001323401927947998,0.028106138110160828,0.006927594542503357,-0.00913211703300476
-0.0012865811586380005,0.028315469622612,0.007418245077133179,-0.009149312973022461
-0.0012772083282470703,0.02837531268596649,0.007552817463874817,-0.009127169847488403
-0.0013088136911392212,0.02838417887687683,0.007832258939743042,-0.00926324725151062
-0.0013094842433929443,0.028406530618667603,0.007899999618530273,-0.009302914142608643
-0.0012435764074325562,0.028582334518432617,0.007997512817382812,-0.009607076644897461
-0.0012273937463760376,0.02863796055316925,0.008095473051071167,-0.009700208902359009
-0.0010955780744552612,0.02876169979572296,0.008334815502166748,-0.010327845811843872
-0.0009354203939437866,0.02883376181125641,0.00872601568698883,-0.01066860556602478
-0.0009308308362960815,0.028887733817100525,0.008888602256774902,-0.010765135288238525
-0.0008296966552734375,0.029050752520561218,0.008913770318031311,-0.010965615510940552
-0.0008118599653244019,0.02911260724067688,0.008979380130767822,-0.011020690202713013
-0.0009485036134719849,0.029186785221099854,0.009187266230583191,-0.010983765125274658
-0.0010276585817337036,0.02918696403503418,0.009280338883399963,-0.010775536298751831
-0.0010357499122619629,0.029211729764938354,0.009310901165008545,-0.010707110166549683
-0.0010457783937454224,0.028957515954971313,0.009318485856056213,-0.010536253452301025
-0.001052364706993103,0.028942078351974487,0.009275943040847778,-0.01047012209892273
-0.0010803639888763428,0.02912534773349762,0.00894443690776825,-0.009968549013137817
-0.0011810064315795898,0.02914869785308838,0.008489727973937988,-0.009501546621322632
-0.001198098063468933,0.02914990484714508,0.008238166570663452,-0.009358137845993042
-0.0011690407991409302,0.029021576046943665,0.008005738258361816,-0.009378820657730103
-0.0011683255434036255,0.0290098637342453,0.007899150252342224,-0.009368360042572021
-0.0010686814785003662,0.02895742654800415,0.007729426026344299,-0.009909510612487793
-0.0010722726583480835,0.028971463441848755,0.007623165845870972,-0.01005929708480835
-0.0009280592203140259,0.029208451509475708,0.007585883140563965,-0.010383427143096924
-0.000805780291557312,0.029652029275894165,0.007421210408210754,-0.010569065809249878
-0.0007985681295394897,0.029762238264083862,0.007386982440948486,-0.01062270998954773
-0.0008331537246704102,0.029789745807647705,0.007455721497535706,-0.01116865873336792
-0.0008412450551986694,0.029824957251548767,0.007501542568206787,-0.011342853307723999
-0.0007790923118591309,0.029649674892425537,0.00728626549243927,-0.011805206537246704
-0.0007822960615158081,0.029633238911628723,0.007198840379714966,-0.011959254741668701
-0.0009097903966903687,0.029430851340293884,0.007058560848236084,-0.012470722198486328
-0.0009296834468841553,0.02925659716129303,0.006995096802711487,-0.012995332479476929
-0.0009283274412155151,0.029239147901535034,0.006995275616645813,-0.013148069381713867
-0.0011249035596847534,0.029158279299736023,0.007456749677658081,-0.013677537441253662
-0.0011666715145111084,0.0290834903717041,0.008052811026573181,-0.013860225677490234
-0.0011458247900009155,0.029089361429214478,0.008325010538101196,-0.013897597789764404
-0.0011399835348129272,0.029099538922309875,0.008410751819610596,-0.013911694288253784
-0.0010338425636291504,0.029139280319213867,0.008535712957382202,-0.01363423466682434
-0.0008963495492935181,0.029320046305656433,0.008910372853279114,-0.01347583532333374
-0.0008921325206756592,0.029351159930229187,0.009058505296707153,-0.013408690690994263
-0.0007665753364562988,0.029767125844955444,0.009683594107627869,-0.013206511735916138
-0.0007554441690444946,0.029863879084587097,0.009929463267326355,-0.013119786977767944
-0.0007061213254928589,0.029867708683013916,0.009916245937347412,-0.013068288564682007
-0.0006522536277770996,0.030000701546669006,0.009958028793334961,-0.01286536455154419
-0.0006431341171264648,0.030063658952713013,0.009983211755752563,-0.012782514095306396
-0.0006303191184997559,0.030001342296600342,0.01015964150428772,-0.012623697519302368
-0.000538364052772522,0.030068382620811462,0.010164529085159302,-0.012292236089706421
-0.0005283951759338379,0.030123457312583923,0.010143861174583435,-0.01217237114906311
-0.0004672408103942871,0.030158191919326782,0.010671943426132202,-0.012166827917098999
-0.0004512965679168701,0.0301973819732666,0.010863766074180603,-0.012138128280639648
-0.0004858672618865967,0.03032924234867096,0.01136934757232666,-0.011911779642105103
-0.0004743635654449463,0.03043535351753235,0.011540412902832031,-0.011951625347137451
-0.00047320127487182617,0.030437365174293518,0.011593058705329895,-0.011973172426223755
-0.00042735040187835693,0.030741557478904724,0.011526525020599365,-0.012196868658065796
-0.0004289001226425171,0.030792653560638428,0.01148068904876709,-0.012258559465408325
-0.00043272972106933594,0.03099481761455536,0.011423870921134949,-0.012323558330535889
-0.0004266798496246338,0.031152382493019104,0.011511817574501038,-0.012362271547317505
-0.0004251748323440552,0.031163856387138367,0.011564508080482483,-0.012359589338302612
-0.00029772520065307617,0.031085684895515442,0.011161178350448608,-0.01272246241569519
-0.0003029853105545044,0.03103455901145935,0.011022821068763733,-0.012836426496505737
-0.0002666264772415161,0.030874177813529968,0.010517969727516174,-0.012874424457550049
-0.00028398633003234863,0.03059491515159607,0.01046532392501831,-0.012981504201889038
-0.00030159950256347656,0.030524402856826782,0.010448768734931946,-0.013008147478103638
-0.0004365593194961548,0.030215784907341003,0.010781422257423401,-0.01264682412147522
-0.00044399499893188477,0.030144140124320984,0.010901853442192078,-0.012508094310760498
-0.0006103068590164185,0.0302056223154068,0.011515393853187561,-0.011797040700912476
-0.00047500431537628174,0.03037874400615692,0.012097194790840149,-0.01080322265625
-0.0004592090845108032,0.030398786067962646,0.01229424774646759,-0.010483354330062866
-4.623830318450928e-05,0.0305788516998291,0.012150779366493225,-0.010104387998580933
0.00014019012451171875,0.03114694356918335,0.012212887406349182,-0.009645253419876099
0.00014428794384002686,0.031236067414283752,0.012252405285835266,-0.00948360562324524
0.000241011381149292,0.03164951503276825,0.012667164206504822,-0.009070605039596558
0.0002588331699371338,0.03174203634262085,0.012801304459571838,-0.008911043405532837
0.000136643648147583,0.032346874475479126,0.01359643042087555,-0.008376508951187134
0.00015592575073242188,0.03247500956058502,0.013884931802749634,-0.008174389600753784
-1.4200806617736816e-05,0.03325037658214569,0.014553695917129517,-0.008650332689285278
-7.739663124084473e-05,0.034529924392700195,0.015828877687454224,-0.009959042072296143
-6.829202175140381e-05,0.03476203978061676,0.016227275133132935,-0.010333657264709473
8.73953104019165e-05,0.03581376373767853,0.016466274857521057,-0.011493772268295288
9.566545486450195e-05,0.03600747883319855,0.01657131314277649,-0.011857151985168457
0.000315055251121521,0.03605705499649048,0.015891149640083313,-0.012313604354858398
0.00031682848930358887,0.03607846796512604,0.015618756413459778,-0.012460917234420776
0.0003528594970703125,0.03613363206386566,0.01568169891834259,-0.012965619564056396
0.0003535747528076172,0.03614632785320282,0.01568514108657837,-0.013134568929672241
0.0007437765598297119,0.03577965497970581,0.014891013503074646,-0.014091551303863525
0.000861048698425293,0.03540089726448059,0.01450154185295105,-0.014554113149642944
0.0008440613746643066,0.03534792363643646,0.014354705810546875,-0.014681816101074219
0.000897824764251709,0.03531521558761597,0.01443319022655487,-0.015000969171524048
0.0008925497531890869,0.03533045947551727,0.014453411102294922,-0.015112757682800293
0.0009102374315261841,0.0353267639875412,0.014796316623687744,-0.015495270490646362
0.0009052902460098267,0.03533068299293518,0.014917120337486267,-0.015633076429367065
0.0008165091276168823,0.03537026047706604,0.0149945467710495,-0.01584109663963318
0.0007272660732269287,0.03531864285469055,0.014814063906669617,-0.01615723967552185
0.0007219910621643066,0.03531928360462189,0.014751538634300232,-0.016256242990493774
0.0007230788469314575,0.03532731533050537,0.014741316437721252,-0.016281604766845703
0.0007094442844390869,0.03545562922954559,0.014712527394294739,-0.016346663236618042
0.0007243156433105469,0.03566025197505951,0.014571726322174072,-0.016543269157409668
0.0007272213697433472,0.03569585084915161,0.014536112546920776,-0.016600698232650757
0.000755012035369873,0.03581365942955017,0.014439314603805542,-0.01667553186416626
0.0008009821176528931,0.035889819264411926,0.014245465397834778,-0.01676499843597412
0.0008008182048797607,0.03590118885040283,0.014184385538101196,-0.016787588596343994
0.0008937418460845947,0.03600554168224335,0.014061778783798218,-0.017089486122131348
0.0009232163429260254,0.03606773912906647,0.013964399695396423,-0.01726388931274414
0.0009226351976394653,0.03607766330242157,0.013951346278190613,-0.01729777455329895
0.000897333025932312,0.036072760820388794,0.01386849582195282,-0.017299890518188477
0.0008947402238845825,0.03606824576854706,0.013833671808242798,-0.017297476530075073
0.0008686035871505737,0.03603297472000122,0.01378767192363739,-0.017284244298934937
0.0008725374937057495,0.036019712686538696,0.013792484998703003,-0.017282545566558838
0.0008804202079772949,0.035964369773864746,0.013749882578849792,-0.017305046319961548
0.0008846968412399292,0.035954952239990234,0.013743177056312561,-0.017311900854110718
0.000883147120475769,0.035894304513931274,0.013647660613059998,-0.017311573028564453
0.000979498028755188,0.035833537578582764,0.013585060834884644,-0.017084568738937378
0.0009891539812088013,0.03583526611328125,0.013567283749580383,-0.017007023096084595
0.001049727201461792,0.03582662343978882,0.013561338186264038,-0.016790270805358887
0.0010613054037094116,0.03582976758480072,0.013552948832511902,-0.016721248626708984
0.0008706897497177124,0.035598933696746826,0.013865754008293152,-0.016827136278152466
0.0008019953966140747,0.03530636429786682,0.013982653617858887,-0.01686561107635498
0.0008042752742767334,0.03522258996963501,0.014015674591064453,-0.016909688711166382
0.0008044540882110596,0.035095080733299255,0.013848736882209778,-0.016982436180114746
0.000796198844909668,0.035059139132499695,0.013758465647697449,-0.017016947269439697
0.0007392168045043945,0.034962162375450134,0.013878211379051208,-0.016978532075881958
0.0007103532552719116,0.03483930230140686,0.013879731297492981,-0.01682281494140625
0.000715598464012146,0.03480660915374756,0.013912975788116455,-0.01676851511001587
0.000699266791343689,0.034867092967033386,0.014290496706962585,-0.016697585582733154
0.0007081776857376099,0.034879013895988464,0.014455318450927734,-0.016670048236846924
0.0006926059722900391,0.03501930832862854,0.014580011367797852,-0.016555696725845337
0.0006884634494781494,0.03505423665046692,0.014582008123397827,-0.016521364450454712
0.0006248056888580322,0.03499428927898407,0.014696329832077026,-0.016435354948043823
0.0005970001220703125,0.0349176824092865,0.014622390270233154,-0.016348302364349365
0.0005886852741241455,0.03489542007446289,0.014575347304344177,-0.016328155994415283
0.0005776286125183105,0.03475002944469452,0.01461327075958252,-0.016553521156311035
0.000784069299697876,0.03481242060661316,0.014738589525222778,-0.016714274883270264
0.0007945746183395386,0.034815773367881775,0.0147581547498703,-0.01674845814704895
0.0009693801403045654,0.03497709333896637,0.014611810445785522,-0.016927331686019897
0.0009765326976776123,0.03499707579612732,0.014558136463165283,-0.016968131065368652
0.0010313093662261963,0.03507421910762787,0.0147189199924469,-0.016836166381835938
0.0010383129119873047,0.035086631774902344,0.014777779579162598,-0.0167941153049469
0.001025170087814331,0.03510509431362152,0.01491519808769226,-0.01662266254425049
0.0010341852903366089,0.0353613942861557,0.015496045351028442,-0.016639798879623413
0.0010477006435394287,0.03541342914104462,0.015741407871246338,-0.01664140820503235
0.0011035948991775513,0.035569027066230774,0.015909448266029358,-0.01679137349128723
0.0011088252067565918,0.03560696542263031,0.015983477234840393,-0.016839534044265747
0.0011720210313796997,0.03561250865459442,0.015898913145065308,-0.01683586835861206
0.0012258291244506836,0.035634011030197144,0.015834659337997437,-0.01711052656173706
0.0012274086475372314,0.03565433621406555,0.01581600308418274,-0.017191588878631592
0.0011778920888900757,0.03557126224040985,0.01575988531112671,-0.01709038019180298
0.0011742264032363892,0.035565122961997986,0.015755459666252136,-0.017063528299331665
0.001080244779586792,0.03549565374851227,0.01598842442035675,-0.017105132341384888
0.0010524988174438477,0.03539229929447174,0.015988245606422424,-0.016954809427261353
0.0010487139225006104,0.03538614511489868,0.015980929136276245,-0.01690918207168579
0.0009797215461730957,0.03519099950790405,0.015947580337524414,-0.016681641340255737
0.0009763091802597046,0.03514987230300903,0.015940845012664795,-0.016615748405456543
0.0008901655673980713,0.03492423892021179,0.01602683961391449,-0.01650717854499817
0.00099143385887146,0.03492198884487152,0.016580134630203247,-0.016909152269363403
0.00101548433303833,0.034904271364212036,0.016789108514785767,-0.01703551411628723
0.0010930001735687256,0.03491365909576416,0.0169382244348526,-0.01718670129776001
0.0011022686958312988,0.03490704298019409,0.017024293541908264,-0.01723518967628479
0.0010793805122375488,0.03482763469219208,0.017007142305374146,-0.017041712999343872
0.0010734349489212036,0.03480425477027893,0.016998380422592163,-0.0169999897480011
0.0010682940483093262,0.03484770655632019,0.016922220587730408,-0.016719311475753784
0.0010668933391571045,0.03486739099025726,0.016866669058799744,-0.016631901264190674
0.0007931441068649292,0.03478306531906128,0.016692057251930237,-0.01638379693031311
0.0007811635732650757,0.034722283482551575,0.016187340021133423,-0.016355186700820923
0.0007745176553726196,0.03469263017177582,0.015975981950759888,-0.016348928213119507
0.0008034855127334595,0.034557804465293884,0.015585660934448242,-0.01643192768096924
0.000800207257270813,0.03454361855983734,0.015470132231712341,-0.01645168662071228
0.0008894056081771851,0.0348363071680069,0.015371620655059814,-0.016649246215820312
0.0009389966726303101,0.03516930341720581,0.015468716621398926,-0.016689181327819824
0.0009486228227615356,0.03525824844837189,0.015514358878135681,-0.0166684091091156
0.0010567009449005127,0.03533473610877991,0.015489786863327026,-0.016657620668411255
0.0011373162269592285,0.035313740372657776,0.01517169177532196,-0.016387373208999634
0.0011377185583114624,0.03532983362674713,0.015031546354293823,-0.016292691230773926
0.0012046396732330322,0.03523300588130951,0.014712229371070862,-0.016066700220108032
0.0012031197547912598,0.035217031836509705,0.014573708176612854,-0.01598966121673584
0.0012540072202682495,0.035243138670921326,0.01448182761669159,-0.015711545944213867
0.0012580305337905884,0.0352473258972168,0.014437362551689148,-0.015612244606018066
0.0012731552124023438,0.03560309112071991,0.014456599950790405,-0.01519659161567688
0.0012158453464508057,0.03598827123641968,0.014783680438995361,-0.015000581741333008
0.001220017671585083,0.03605291247367859,0.014887973666191101,-0.0149458646774292
0.0011484771966934204,0.03624908626079559,0.015214338898658752,-0.014974027872085571
0.0011528432369232178,0.03629899024963379,0.015314474701881409,-0.014978259801864624
0.0011371076107025146,0.036385491490364075,0.015692397952079773,-0.015017807483673096
0.001144126057624817,0.03642527759075165,0.015813931822776794,-0.015028297901153564
0.001169651746749878,0.03636147081851959,0.016046568751335144,-0.015083461999893188
0.001170232892036438,0.03636141121387482,0.016114220023155212,-0.015101104974746704
0.0012034177780151367,0.036386266350746155,0.016208723187446594,-0.015070438385009766
0.0012059211730957031,0.03639735281467438,0.016233712434768677,-0.015048831701278687
0.0012165158987045288,0.03631308674812317,0.016276240348815918,-0.015139549970626831
0.0012647062540054321,0.03635945916175842,0.016442835330963135,-0.015421390533447266
0.0012664198875427246,0.03636755049228668,0.0164870023727417,-0.015492051839828491
0.0012519210577011108,0.03630825877189636,0.016494542360305786,-0.015525341033935547
0.0012500137090682983,0.03629900515079498,0.016499489545822144,-0.015539616346359253
0.001325353980064392,0.03641402721405029,0.01665276288986206,-0.01585400104522705
0.001331046223640442,0.036429911851882935,0.01666952669620514,-0.01592189073562622
0.0013304650783538818,0.036433711647987366,0.016679033637046814,-0.015936672687530518
0.001422002911567688,0.03644450008869171,0.016830384731292725,-0.016081243753433228
0.0014201104640960693,0.03643412888050079,0.016865119338035583,-0.016094177961349487
0.001418963074684143,0.03643538057804108,0.016874298453330994,-0.016094475984573364
0.001445859670639038,0.03640089929103851,0.016901716589927673,-0.016144663095474243
0.001446738839149475,0.036392003297805786,0.016917765140533447,-0.01616188883781433
0.0014640837907791138,0.03635847568511963,0.01694709062576294,-0.016104519367218018
0.0014634877443313599,0.0363498330116272,0.016954004764556885,-0.016082555055618286
0.0014875978231430054,0.03634898364543915,0.016978934407234192,-0.01614069938659668
0.0014887601137161255,0.03634601831436157,0.01699388027191162,-0.016158610582351685
0.0014888197183609009,0.0363454669713974,0.016998767852783203,-0.016162097454071045
0.0015019923448562622,0.03635680675506592,0.016990914940834045,-0.016139090061187744
0.001501709222793579,0.036362022161483765,0.016983434557914734,-0.01612982153892517
0.0015018880367279053,0.0363631397485733,0.016981571912765503,-0.01612800359725952
0.0015013068914413452,0.036363229155540466,0.016980990767478943,-0.01612764596939087
0.0015214085578918457,0.03646242618560791,0.016978755593299866,-0.01622706651687622
0.0015202760696411133,0.036459654569625854,0.016976848244667053,-0.016197770833969116
0.0015192478895187378,0.03645734488964081,0.016975179314613342,-0.016184836626052856
0.001519903540611267,0.03646214306354523,0.0169762521982193,-0.01618856191635132
0.0015251338481903076,0.03654313087463379,0.017039746046066284,-0.016298353672027588
0.0015268772840499878,0.036562010645866394,0.017067134380340576,-0.016329407691955566
0.0015481114387512207,0.03655724227428436,0.017088502645492554,-0.01634305715560913
0.0015486180782318115,0.036555394530296326,0.017089203000068665,-0.01634243130683899
0.001551508903503418,0.03662469983100891,0.017168089747428894,-0.0164526104927063
0.0015534162521362305,0.036641448736190796,0.017198488116264343,-0.01648348569869995
0.001563236117362976,0.0366416871547699,0.01722538471221924,-0.016484826803207397
0.0015651732683181763,0.036644935607910156,0.017243579030036926,-0.016487985849380493
0.0016242265701293945,0.03668622672557831,0.017334282398223877,-0.016613394021987915
0.0016273856163024902,0.03669615089893341,0.017359569668769836,-0.016641765832901
0.001626536250114441,0.036698609590530396,0.017368152737617493,-0.016647636890411377
0.0016509443521499634,0.036699846386909485,0.017375916242599487,-0.016652047634124756
0.001700177788734436,0.03676460683345795,0.017464861273765564,-0.016841262578964233
0.0017022937536239624,0.036778420209884644,0.017491713166236877,-0.01688811182975769
0.0017023980617523193,0.03678208589553833,0.017501339316368103,-0.016898512840270996
0.0017203092575073242,0.03677754104137421,0.01750965416431427,-0.01692137122154236
0.0017215609550476074,0.036778807640075684,0.01751852035522461,-0.016929924488067627
0.0017219781875610352,0.03678005933761597,0.017521932721138,-0.016932189464569092
0.0017777979373931885,0.03681287169456482,0.01759198307991028,-0.01712360978126526
0.0017786622047424316,0.03681442141532898,0.017608642578125,-0.0171700119972229
0.0017774254083633423,0.036814913153648376,0.01761545240879059,-0.017179399728775024
0.001776367425918579,0.03681573271751404,0.017618834972381592,-0.017182201147079468
0.001779124140739441,0.03683598339557648,0.01764543354511261,-0.017231076955795288
0.001813650131225586,0.03680157661437988,0.01762162148952484,-0.017220735549926758
0.0018117725849151611,0.03679415583610535,0.017601877450942993,-0.017215639352798462
0.001810610294342041,0.03679272532463074,0.01759585738182068,-0.017214179039001465
0.0018125921487808228,0.036780938506126404,0.017589658498764038,-0.017205804586410522
0.001812949776649475,0.03677847981452942,0.017588943243026733,-0.017204612493515015
0.001812562346458435,0.03677806258201599,0.01758900284767151,-0.0172041654586792
0.0018191933631896973,0.03676539659500122,0.017562896013259888,-0.017180055379867554
0.0018178671598434448,0.03676435351371765,0.017543703317642212,-0.01717168092727661
0.0018173456192016602,0.03676411509513855,0.017537608742713928,-0.017170071601867676
0.0018169283866882324,0.03676389157772064,0.01753591001033783,-0.017169475555419922
0.0018168836832046509,0.036763787269592285,0.017535030841827393,-0.017169415950775146
0.001817077398300171,0.036763668060302734,0.017535030841827393,-0.01716923713684082
0.0018184185028076172,0.036771342158317566,0.01751658320426941,-0.017170369625091553
0.0018181949853897095,0.03677758574485779,0.01749780774116516,-0.017168909311294556
0.0018175691366195679,0.03677940368652344,0.017492234706878662,-0.017168879508972168
0.0018157362937927246,0.03676499426364899,0.017492517828941345,-0.01716706156730652
0.0018160641193389893,0.03676201403141022,0.017493292689323425,-0.01716691255569458
0.001832336187362671,0.03680551052093506,0.017483696341514587,-0.017230063676834106
0.0018329024314880371,0.03682057559490204,0.017463237047195435,-0.017245441675186157
0.0018327981233596802,0.03682465851306915,0.01745833456516266,-0.017248719930648804
0.0018634647130966187,0.036828458309173584,0.017417773604393005,-0.01732534170150757
0.0018624365329742432,0.036836057901382446,0.017380908131599426,-0.017346441745758057
0.0018613189458847046,0.03683951497077942,0.01737169921398163,-0.017351895570755005
0.0018824338912963867,0.03684408962726593,0.017293423414230347,-0.017428427934646606
0.0018792152404785156,0.03685079514980316,0.017242521047592163,-0.01745140552520752
0.0018773376941680908,0.036854058504104614,0.01722930371761322,-0.017457008361816406
0.0018771737813949585,0.03685542941093445,0.017226576805114746,-0.01745915412902832
0.0018923133611679077,0.03681458532810211,0.017155855894088745,-0.017483919858932495
0.0018891394138336182,0.03681011497974396,0.0171070396900177,-0.01748928427696228
0.001887485384941101,0.03681077063083649,0.017093151807785034,-0.017491251230239868
0.001887783408164978,0.03681112825870514,0.017089396715164185,-0.01749199628829956
0.0018874406814575195,0.036811187863349915,0.01708836853504181,-0.0174921452999115
0.0018872618675231934,0.03675425052642822,0.01704341173171997,-0.017465323209762573
0.0018846690654754639,0.036742791533470154,0.017009541392326355,-0.017454564571380615
0.0018837153911590576,0.03674076497554779,0.01699863374233246,-0.017452597618103027
0.0018835067749023438,0.03674006462097168,0.016995146870613098,-0.017451554536819458
0.0018888115882873535,0.03666834533214569,0.016957372426986694,-0.017415106296539307
0.0018862038850784302,0.03665417432785034,0.016930878162384033,-0.01740357279777527
0.0018855780363082886,0.03665177524089813,0.01692156493663788,-0.01740097999572754
0.0018898993730545044,0.0366327166557312,0.01687014102935791,-0.017407625913619995
0.0018879622220993042,0.03663058578968048,0.016840115189552307,-0.017408937215805054
0.0018871873617172241,0.03663082420825958,0.01683129370212555,-0.017409443855285645
0.0018896013498306274,0.03664194047451019,0.016734018921852112,-0.017464280128479004
0.0018866807222366333,0.03664736449718475,0.016677722334861755,-0.01748180389404297
0.0018853992223739624,0.03664940595626831,0.016662493348121643,-0.0174863338470459
0.00188446044921875,0.03665021061897278,0.016658440232276917,-0.017488181591033936
0.0018795132637023926,0.036661297082901,0.016611486673355103,-0.017501860857009888
0.0018787384033203125,0.03666357696056366,0.016591504216194153,-0.017508387565612793
0.0018781572580337524,0.03666400909423828,0.01658688485622406,-0.01751023530960083
0.001878499984741211,0.03666424751281738,0.016585350036621094,-0.01751062273979187
0.0018784105777740479,0.03666435182094574,0.016584724187850952,-0.017511188983917236
0.0018745660781860352,0.03666834533214569,0.01656964421272278,-0.017502903938293457
0.0018742084503173828,0.036670103669166565,0.016565844416618347,-0.01750132441520691
0.0018742233514785767,0.0366705060005188,0.016564786434173584,-0.01750132441520691
0.0018678754568099976,0.03667612373828888,0.016575202345848083,-0.017497867345809937
0.0018683820962905884,0.036676883697509766,0.016581997275352478,-0.017497897148132324
0.0018686354160308838,0.03667691349983215,0.01658409833908081,-0.017498046159744263
0.001868024468421936,0.03667692840099335,0.01658467948436737,-0.017497897148132324
0.0018682479858398438,0.036676958203315735,0.016585081815719604,-0.017498016357421875
0.0018688291311264038,0.036674752831459045,0.01658494770526886,-0.017495542764663696
0.0018680542707443237,0.03667446970939636,0.01658502221107483,-0.01749458909034729
0.0018681138753890991,0.036674484610557556,0.01658502221107483,-0.017494648694992065
0.00186881422996521,0.03667445480823517,0.016585111618041992,-0.01749470829963684
0.0018688440322875977,0.03667442500591278,0.016585111618041992,-0.017494648694992065
0.0018687695264816284,0.036673322319984436,0.016584321856498718,-0.017495304346084595
0.001869112253189087,0.03667345643043518,0.016584381461143494,-0.01749551296234131
0.0018694549798965454,0.03667348623275757,0.016584008932113647,-0.01749551296234131
0.0018685311079025269,0.03667353093624115,0.016584008932113647,-0.01749551296234131
0.0018684566020965576,0.03667353093624115,0.016583934426307678,-0.017495661973953247
0.0018690377473831177,0.036673322319984436,0.016584455966949463,-0.017496198415756226
0.0018695294857025146,0.03667338192462921,0.01658424735069275,-0.01749613881111145
0.0018696039915084839,0.036673396825790405,0.016584187746047974,-0.017496198415756226
0.0018688440322875977,0.03667338192462921,0.016584187746047974,-0.017496109008789062
0.0018688440322875977,0.03667338192462921,0.016584187746047974,-0.017496109008789062
0.0018688440322875977,0.03667338192462921,0.016584187746047974,-0.017496109008789062
0.0018688440322875977,0.03667338192462921,0.016584187746047974,-0.017496109008789062
0.0018688440322875977,0.03667338192462921,0.016584187746047974,-0.017496109008789062
0.0018688440322875977,0.03667338192462921,0.016584187746047974,-0.017496109008789062
0.0018688440322875977,0.03667338192462921,0.016584187746047974,-0.017496109008789062
0.0018688440322875977,0.03667338192462921,0.016584187746047974,-0.017496109008789062
0.0018688440322875977,0.03667338192462921,0.016584187746047974,-0.017496109008789062
0.0018688440322875977,0.03667338192462921,0.016584187746047974,-0.017496109008789062
0.0018688440322875977,0.03667338192462921,0.016584187746047974,-0.017496109008789062
0.0018688440322875977,0.03667338192462921,0.016584187746047974,-0.017496109008789062
0.0018688440322875977,0.03667338192462921,0.016584187746047974,-0.017496109008789062
0.0018688440322875977,0.03667338192462921,0.016584187746047974,-0.017496109008789062
0.0018688440322875977,0.03667338192462921,0.016584187746047974,-0.017496109008789062
0.0018688440322875977,0.03667338192462921,0.016584187746047974,-0.017496109008789062
0.0018688440322875977,0.03667338192462921,0.016584187746047974,-0.017496109008789062
0.0018688440322875977,0.03667338192462921,0.016584187746047974,-0.017496109008789062
0.0018688440322875977,0.03667338192462921,0.016584187746047974,-0.017496109008789062
0.0018688440322875977,0.03667338192462921,0.016584187746047974,-0.017496109008789062
0.0018688440322875977,0.03667338192462921,0.016584187746047974,-0.017496109008789062
0.0018688440322875977,0.03667338192462921,0.016584187746047974,-0.017496109008789062
0.0018688440322875977,0.03667338192462921,0.016584187746047974,-0.017496109008789062
0.0018688440322875977,0.03667338192462921,0.016584187746047974,-0.017496109008789062
0.0018688440322875977,0.03667338192462921,0.016584187746047974,-0.017496109008789062
0.0018688440322875977,0.03667338192462921,0.016584187746047974,-0.017496109008789062
0.0018688440322875977,0.03667338192462921,0.016584187746047974,-0.017496109008789062
0.0018688440322875977,0.03667338192462921,0.016584187746047974,-0.017496109008789062
0.0018688440322875977,0.03667338192462921,0.016584187746047974,-0.017496109008789062
0.0018688440322875977,0.03667338192462921,0.016584187746047974,-0.017496109008789062
0.0018688440322875977,0.03667338192462921,0.016584187746047974,-0.017496109008789062
0.0018688440322875977,0.03667338192462921,0.016584187746047974,-0.017496109008789062
0.0018688440322875977,0.03667338192462921,0.016584187746047974,-0.017496109008789062
0.0018688440322875977,0.03667338192462921,0.016584187746047974,-0.017496109008789062
0.0018688440322875977,0.03667338192462921,0.016584187746047974,-0.017496109008789062
0.0018688440322875977,0.03667338192462921,0.016584187746047974,-0.017496109008789062
0.0018688440322875977,0.03667338192462921,0.016584187746047974,-0.017496109008789062
0.0018688440322875977,0.03667338192462921,0.016584187746047974,-0.017496109008789062
0.0018688440322875977,0.03667338192462921,0.016584187746047974,-0.017496109008789062
0.0018688440322875977,0.03667338192462921,0.016584187746047974,-0.017496109008789062
0.0018688440322875977,0.03667338192462921,0.016584187746047974,-0.017496109008789062
0.0018688440322875977,0.03667338192462921,0.016584187746047974,-0.017496109008789062
0.0018688440322875977,0.03667338192462921,0.016584187746047974,-0.017496109008789062
0.0018688440322875977,0.03667338192462921,0.016584187746047974,-0.017496109008789062
0.0018688440322875977,0.03667338192462921,0.016584187746047974,-0.017496109008789062
0.0018688440322875977,0.03667338192462921,0.016584187746047974,-0.017496109008789062
0.0018688440322875977,0.03667338192462921,0.016584187746047974,-0.017496109008789062
0.0018688440322875977,0.03667338192462921,0.016584187746047974,-0.017496109008789062
0.0018688440322875977,0.03667338192462921,0.016584187746047974,-0.017496109008789062
0.0018688440322875977,0.03667338192462921,0.016584187746047974,-0.017496109008789062
0.0018688440322875977,0.03667338192462921,0.016584187746047974,-0.017496109008789062
0.0018688440322875977,0.03667338192462921,0.016584187746047974,-0.017496109008789062
0.0018688440322875977,0.03667338192462921,0.016584187746047974,-0.017496109008789062
0.0018688440322875977,0.03667338192462921,0.016584187746047974,-0.017496109008789062
0.0018688440322875977,0.03667338192462921,0.016584187746047974,-0.017496109008789062
0.0018688440322875977,0.03667338192462921,0.016584187746047974,-0.017496109008789062
0.0018688440322875977,0.03667338192462921,0.016584187746047974,-0.017496109008789062
0.0018688440322875977,0.03667338192462921,0.016584187746047974,-0.017496109008789062
0.0018688440322875977,0.03667338192462921,0.016584187746047974,-0.017496109008789062
0.0018688440322875977,0.03667338192462921,0.016584187746047974,-0.017496109008789062
0.0018688440322875977,0.03667338192462921,0.016584187746047974,-0.017496109008789062
0.0018688440322875977,0.03667338192462921,0.016584187746047974,-0.017496109008789062
0.0018688440322875977,0.03667338192462921,0.016584187746047974,-0.017496109008789062
0.0018688440322875977,0.03667338192462921,0.016584187746047974,-0.017496109008789062
0.0018688440322875977,0.03667338192462921,0.016584187746047974,-0.017496109008789062
0.0018688440322875977,0.03667338192462921,0.016584187746047974,-0.017496109008789062
0.0018688440322875977,0.03667338192462921,0.016584187746047974,-0.017496109008789062
0.0018688440322875977,0.03667338192462921,0.016584187746047974,-0.017496109008789062
0.0018688440322875977,0.03667338192462921,0.016584187746047974,-0.017496109008789062
0.0018688440322875977,0.03667338192462921,0.016584187746047974,-0.017496109008789062
0.0018688440322875977,0.03667338192462921,0.016584187746047974,-0.017496109008789062
0.0018688440322875977,0.03667338192462921,0.016584187746047974,-0.017496109008789062
0.0018688440322875977,0.03667338192462921,0.016584187746047974,-0.017496109008789062
0.0018688440322875977,0.03667338192462921,0.016584187746047974,-0.017496109008789062
0.0018688440322875977,0.03667338192462921,0.016584187746047974,-0.017496109008789062
0.0018688440322875977,0.03667338192462921,0.016584187746047974,-0.017496109008789062
0.0018688440322875977,0.03667338192462921,0.016584187746047974,-0.017496109008789062
0.0018688440322875977,0.03667338192462921,0.016584187746047974,-0.017496109008789062
0.0018688440322875977,0.03667338192462921,0.016584187746047974,-0.017496109008789062
0.0018688440322875977,0.03667338192462921,0.016584187746047974,-0.017496109008789062
0.0018688440322875977,0.03667338192462921,0.016584187746047974,-0.017496109008789062
0.0018688440322875977,0.03667338192462921,0.016584187746047974,-0.017496109008789062
0.0018688440322875977,0.03667338192462921,0.016584187746047974,-0.017496109008789062
0.0018688440322875977,0.03667338192462921,0.016584187746047974,-0.017496109008789062
0.0018688440322875977,0.03667338192462921,0.016584187746047974,-0.017496109008789062
0.0018688440322875977,0.03667338192462921,0.016584187746047974,-0.017496109008789062
0.0018688440322875977,0.03667338192462921,0.016584187746047974,-0.017496109008789062
0.0018688440322875977,0.03667338192462921,0.016584187746047974,-0.017496109008789062
0.0018688440322875977,0.03667338192462921,0.016584187746047974,-0.017496109008789062
0.0018688440322875977,0.03667338192462921,0.016584187746047974,-0.017496109008789062
0.0018688440322875977,0.03667338192462921,0.016584187746047974,-0.017496109008789062
0.0018688440322875977,0.03667338192462921,0.016584187746047974,-0.017496109008789062
0.0018688440322875977,0.03667338192462921,0.016584187746047974,-0.017496109008789062
0.0018688440322875977,0.03667338192462921,0.016584187746047974,-0.017496109008789062
0.0018688440322875977,0.03667338192462921,0.016584187746047974,-0.017496109008789062
0.0018688440322875977,0.03667338192462921,0.016584187746047974,-0.017496109008789062
0.0018688440322875977,0.03667338192462921,0.016584187746047974,-0.017496109008789062
0.0018688440322875977,0.03667338192462921,0.016584187746047974,-0.017496109008789062
0.0018688440322875977,0.03667338192462921,0.016584187746047974,-0.017496109008789062
0.0018688440322875977,0.03667338192462921,0.016584187746047974,-0.017496109008789062
0.0018688440322875977,0.03667338192462921,0.016584187746047974,-0.017496109008789062
0.0018688440322875977,0.03667338192462921,0.016584187746047974,-0.017496109008789062
0.0018688440322875977,0.03667338192462921,0.016584187746047974,-0.017496109008789062
0.0018688440322875977,0.03667338192462921,0.016584187746047974,-0.017496109008789062
0.0018688440322875977,0.03667338192462921,0.016584187746047974,-0.017496109008789062
0.0018688440322875977,0.03667338192462921,0.016584187746047974,-0.017496109008789062
0.0018688440322875977,0.03667338192462921,0.016584187746047974,-0.017496109008789062
0.0018688440322875977,0.03667338192462921,0.016584187746047974,-0.017496109008789062
0.0018688440322875977,0.03667338192462921,0.016584187746047974,-0.017496109008789062
0.0018688440322875977,0.03667338192462921,0.016584187746047974,-0.017496109008789062
0.0018688440322875977,0.03667338192462921,0.016584187746047974,-0.017496109008789062
0.0018688440322875977,0.03667338192462921,0.016584187746047974,-0.017496109008789062
0.0018688440322875977,0.03667338192462921,0.016584187746047974,-0.017496109008789062
0.0018688440322875977,0.03667338192462921,0.016584187746047974,-0.017496109008789062
0.0018688440322875977,0.03667338192462921,0.016584187746047974,-0.017496109008789062
0.0018688440322875977,0.03667338192462921,0.016584187746047974,-0.017496109008789062
0.0018688440322875977,0.03667338192462921,0.016584187746047974,-0.017496109008789062
0.0018688440322875977,0.03667338192462921,0.016584187746047974,-0.017496109008789062
0.0018688440322875977,0.03667338192462921,0.016584187746047974,-0.017496109008789062
0.0018688440322875977,0.03667338192462921,0.016584187746047974,-0.017496109008789062
0.0018688440322875977,0.03667338192462921,0.016584187746047974,-0.017496109008789062
0.0018688440322875977,0.03667338192462921,0.016584187746047974,-0.017496109008789062
0.0018688440322875977,0.03667338192462921,0.016584187746047974,-0.017496109008789062
0.0018688440322875977,0.03667338192462921,0.016584187746047974,-0.017496109008789062
0.0018688440322875977,0.03667338192462921,0.016584187746047974,-0.017496109008789062
0.0018688440322875977,0.03667338192462921,0.016584187746047974,-0.017496109008789062
0.0018688440322875977,0.03667338192462921,0.016584187746047974,-0.017496109008789062
0.0018688440322875977,0.03667338192462921,0.016584187746047974,-0.017496109008789062
0.0018688440322875977,0.03667338192462921,0.016584187746047974,-0.017496109008789062
0.0018688440322875977,0.03667338192462921,0.016584187746047974,-0.017496109008789062
0.0018688440322875977,0.03667338192462921,0.016584187746047974,-0.017496109008789062
0.0018688440322875977,0.03667338192462921,0.016584187746047974,-0.017496109008789062
0.0018688440322875977,0.03667338192462921,0.016584187746047974,-0.017496109008789062
0.0018688440322875977,0.03667338192462921,0.016584187746047974,-0.017496109008789062
0.0018688440322875977,0.03667338192462921,0.016584187746047974,-0.017496109008789062
0.0018688440322875977,0.03667338192462921,0.016584187746047974,-0.017496109008789062
0.0018688440322875977,0.03667338192462921,0.016584187746047974,-0.017496109008789062
0.0018688440322875977,0.03667338192462921,0.016584187746047974,-0.017496109008789062
0.0018688440322875977,0.03667338192462921,0.016584187746047974,-0.017496109008789062
0.0018688440322875977,0.03667338192462921,0.016584187746047974,-0.017496109008789062
0.0018688440322875977,0.03667338192462921,0.016584187746047974,-0.017496109008789062
0.0018688440322875977,0.03667338192462921,0.016584187746047974,-0.017496109008789062
0.0018688440322875977,0.03667338192462921,0.016584187746047974,-0.017496109008789062
0.0018688440322875977,0.03667338192462921,0.016584187746047974,-0.017496109008789062
0.0018688440322875977,0.03667338192462921,0.016584187746047974,-0.017496109008789062
0.0018688440322875977,0.03667338192462921,0.016584187746047974,-0.017496109008789062
0.0018688440322875977,0.03667338192462921,0.016584187746047974,-0.017496109008789062
0.0018688440322875977,0.03667338192462921,0.016584187746047974,-0.017496109008789062
0.0018688440322875977,0.03667338192462921,0.016584187746047974,-0.017496109008789062
0.0018688440322875977,0.03667338192462921,0.016584187746047974,-0.017496109008789062
0.0018688440322875977,0.03667338192462921,0.016584187746047974,-0.017496109008789062
0.0018688440322875977,0.03667338192462921,0.016584187746047974,-0.017496109008789062
0.0018688440322875977,0.03667338192462921,0.016584187746047974,-0.017496109008789062
0.0018688440322875977,0.03667338192462921,0.016584187746047974,-0.017496109008789062
0.0018688440322875977,0.03667338192462921,0.016584187746047974,-0.017496109008789062
0.0018688440322875977,0.03667338192462921,0.016584187746047974,-0.017496109008789062
0.0018688440322875977,0.03667338192462921,0.016584187746047974,-0.017496109008789062
0.0018688440322875977,0.03667338192462921,0.016584187746047974,-0.017496109008789062
0.0018688440322875977,0.03667338192462921,0.016584187746047974,-0.017496109008789062
0.0018688440322875977,0.03667338192462921,0.016584187746047974,-0.017496109008789062
0.0018688440322875977,0.03667338192462921,0.016584187746047974,-0.017496109008789062
0.0018688440322875977,0.03667338192462921,0.016584187746047974,-0.017496109008789062
0.0018688440322875977,0.03667338192462921,0.016584187746047974,-0.017496109008789062
0.0018688440322875977,0.03667338192462921,0.016584187746047974,-0.017496109008789062
0.0018688440322875977,0.03667338192462921,0.016584187746047974,-0.017496109008789062
0.0018688440322875977,0.03667338192462921,0.016584187746047974,-0.017496109008789062
0.0018688440322875977,0.03667338192462921,0.016584187746047974,-0.017496109008789062
0.0018688440322875977,0.03667338192462921,0.016584187746047974,-0.017496109008789062
0.0018688440322875977,0.03667338192462921,0.016584187746047974,-0.017496109008789062
0.0018688440322875977,0.03667338192462921,0.016584187746047974,-0.017496109008789062
0.0018688440322875977,0.03667338192462921,0.016584187746047974,-0.017496109008789062
0.0018688440322875977,0.03667338192462921,0.016584187746047974,-0.017496109008789062
0.0018688440322875977,0.03667338192462921,0.016584187746047974,-0.017496109008789062
0.0018688440322875977,0.03667338192462921,0.016584187746047974,-0.017496109008789062
0.0018688440322875977,0.03667338192462921,0.016584187746047974,-0.017496109008789062
0.0018688440322875977,0.03667338192462921,0.016584187746047974,-0.017496109008789062
0.0018688440322875977,0.03667338192462921,0.016584187746047974,-0.017496109008789062
0.0018688440322875977,0.03667338192462921,0.016584187746047974,-0.017496109008789062
0.0018688440322875977,0.03667338192462921,0.016584187746047974,-0.017496109008789062
0.0018688440322875977,0.03667338192462921,0.016584187746047974,-0.017496109008789062
0.0018688440322875977,0.03667338192462921,0.016584187746047974,-0.017496109008789062
0.0018688440322875977,0.03667338192462921,0.016584187746047974,-0.017496109008789062
0.0018688440322875977,0.03667338192462921,0.016584187746047974,-0.017496109008789062
0.0018688440322875977,0.03667338192462921,0.016584187746047974,-0.017496109008789062
0.0018688440322875977,0.03667338192462921,0.016584187746047974,-0.017496109008789062
0.0018688440322875977,0.03667338192462921,0.016584187746047974,-0.017496109008789062
0.0018688440322875977,0.03667338192462921,0.016584187746047974,-0.017496109008789062
0.0018688440322875977,0.03667338192462921,0.016584187746047974,-0.017496109008789062
0.0018688440322875977,0.03667338192462921,0.016584187746047974,-0.017496109008789062
0.0018688440322875977,0.03667338192462921,0.016584187746047974,-0.017496109008789062
0.0018688440322875977,0.03667338192462921,0.016584187746047974,-0.017496109008789062
0.0018688440322875977,0.03667338192462921,0.016584187746047974,-0.017496109008789062
0.0018688440322875977,0.03667338192462921,0.016584187746047974,-0.017496109008789062
0.0018688440322875977,0.03667338192462921,0.016584187746047974,-0.017496109008789062
0.0018688440322875977,0.03667338192462921,0.016584187746047974,-0.017496109008789062
0.0018688440322875977,0.03667338192462921,0.016584187746047974,-0.017496109008789062
0.0018688440322875977,0.03667338192462921,0.016584187746047974,-0.017496109008789062
0.0018688440322875977,0.03667338192462921,0.016584187746047974,-0.017496109008789062
0.0018688440322875977,0.03667338192462921,0.016584187746047974,-0.017496109008789062
0.0018688440322875977,0.03667338192462921,0.016584187746047974,-0.017496109008789062
0.0018688440322875977,0.03667338192462921,0.016584187746047974,-0.017496109008789062
0.0018688440322875977,0.03667338192462921,0.016584187746047974,-0.017496109008789062
0.0018688440322875977,0.03667338192462921,0.016584187746047974,-0.017496109008789062
0.0018688440322875977,0.03667338192462921,0.016584187746047974,-0.017496109008789062
0.0018688440322875977,0.03667338192462921,0.016584187746047974,-0.017496109008789062
0.0018688440322875977,0.03667338192462921,0.016584187746047974,-0.017496109008789062
0.0018688440322875977,0.03667338192462921,0.016584187746047974,-0.017496109008789062
0.0018688440322875977,0.03667338192462921,0.016584187746047974,-0.017496109008789062
0.0018688440322875977,0.03667338192462921,0.016584187746047974,-0.017496109008789062
0.0018688440322875977,0.03667338192462921,0.016584187746047974,-0.017496109008789062
0.0018688440322875977,0.03667338192462921,0.016584187746047974,-0.017496109008789062
0.0018688440322875977,0.03667338192462921,0.016584187746047974,-0.017496109008789062
0.0018688440322875977,0.03667338192462921,0.016584187746047974,-0.017496109008789062
0.0018688440322875977,0.03667338192462921,0.016584187746047974,-0.017496109008789062
0.0018688440322875977,0.03667338192462921,0.016584187746047974,-0.017496109008789062
0.0018688440322875977,0.03667338192462921,0.016584187746047974,-0.017496109008789062
0.0018688440322875977,0.03667338192462921,0.016584187746047974,-0.017496109008789062
0.0018688440322875977,0.03667338192462921,0.016584187746047974,-0.017496109008789062
0.0018688440322875977,0.03667338192462921,0.016584187746047974,-0.017496109008789062
0.0018688440322875977,0.03667338192462921,0.016584187746047974,-0.017496109008789062
0.0018688440322875977,0.03667338192462921,0.016584187746047974,-0.017496109008789062
0.0018688440322875977,0.03667338192462921,0.016584187746047974,-0.017496109008789062
0.0018688440322875977,0.03667338192462921,0.016584187746047974,-0.017496109008789062
0.0018688440322875977,0.03667338192462921,0.016584187746047974,-0.017496109008789062
0.0018688440322875977,0.03667338192462921,0.016584187746047974,-0.017496109008789062
0.0018688440322875977,0.03667338192462921,0.016584187746047974,-0.017496109008789062
0.0018688440322875977,0.03667338192462921,0.016584187746047974,-0.017496109008789062
0.0018688440322875977,0.03667338192462921,0.016584187746047974,-0.017496109008789062
0.0018688440322875977,0.03667338192462921,0.016584187746047974,-0.017496109008789062
0.0018688440322875977,0.03667338192462921,0.016584187746047974,-0.017496109008789062
0.0018688440322875977,0.03667338192462921,0.016584187746047974,-0.017496109008789062
0.0018688440322875977,0.03667338192462921,0.016584187746047974,-0.017496109008789062
0.0018688440322875977,0.03667338192462921,0.016584187746047974,-0.017496109008789062
0.0018688440322875977,0.03667338192462921,0.016584187746047974,-0.017496109008789062
0.0018688440322875977,0.03667338192462921,0.016584187746047974,-0.017496109008789062
0.0018688440322875977,0.03667338192462921,0.016584187746047974,-0.017496109008789062
0.0018688440322875977,0.03667338192462921,0.016584187746047974,-0.017496109008789062
0.0018688440322875977,0.03667338192462921,0.016584187746047974,-0.017496109008789062
0.0018688440322875977,0.03667338192462921,0.016584187746047974,-0.017496109008789062
0.0018688440322875977,0.03667338192462921,0.016584187746047974,-0.017496109008789062
0.0018688440322875977,0.03667338192462921,0.016584187746047974,-0.017496109008789062
0.0018688440322875977,0.03667338192462921,0.016584187746047974,-0.017496109008789062
0.0018688440322875977,0.03667338192462921,0.016584187746047974,-0.017496109008789062
0.0018688440322875977,0.03667338192462921,0.016584187746047974,-0.017496109008789062
0.0018688440322875977,0.03667338192462921,0.016584187746047974,-0.017496109008789062
0.0018688440322875977,0.03667338192462921,0.016584187746047974,-0.017496109008789062
0.0018688440322875977,0.03667338192462921,0.016584187746047974,-0.017496109008789062
0.0018688440322875977,0.03667338192462921,0.016584187746047974,-0.017496109008789062
0.0018688440322875977,0.03667338192462921,0.016584187746047974,-0.017496109008789062
0.0018688440322875977,0.03667338192462921,0.016584187746047974,-0.017496109008789062
0.0018688440322875977,0.03667338192462921,0.016584187746047974,-0.017496109008789062
0.0018688440322875977,0.03667338192462921,0.016584187746047974,-0.017496109008789062
0.0018688440322875977,0.03667338192462921,0.016584187746047974,-0.017496109008789062
0.0018688440322875977,0.03667338192462921,0.016584187746047974,-0.017496109008789062
0.0018688440322875977,0.03667338192462921,0.016584187746047974,-0.017496109008789062
0.0018688440322875977,0.03667338192462921,0.016584187746047974,-0.017496109008789062
0.0018688440322875977,0.03667338192462921,0.016584187746047974,-0.017496109008789062
0.0018688440322875977,0.03667338192462921,0.016584187746047974,-0.017496109008789062
0.0018688440322875977,0.03667338192462921,0.016584187746047974,-0.017496109008789062
0.0018688440322875977,0.03667338192462921,0.016584187746047974,-0.017496109008789062
0.0018688440322875977,0.03667338192462921,0.016584187746047974,-0.017496109008789062
0.0018688440322875977,0.03667338192462921,0.016584187746047974,-0.017496109008789062
0.0018688440322875977,0.03667338192462921,0.016584187746047974,-0.017496109008789062
0.0018688440322875977,0.03667338192462921,0.016584187746047974,-0.017496109008789062
0.0018688440322875977,0.03667338192462921,0.016584187746047974,-0.017496109008789062
0.0018688440322875977,0.03667338192462921,0.016584187746047974,-0.017496109008789062
0.0018688440322875977,0.03667338192462921,0.016584187746047974,-0.017496109008789062
0.0018688440322875977,0.03667338192462921,0.016584187746047974,-0.017496109008789062
0.0018688440322875977,0.03667338192462921,0.016584187746047974,-0.017496109008789062
0.0018688440322875977,0.03667338192462921,0.016584187746047974,-0.017496109008789062
0.0018688440322875977,0.03667338192462921,0.016584187746047974,-0.017496109008789062
0.0018688440322875977,0.03667338192462921,0.016584187746047974,-0.017496109008789062
0.0018688440322875977,0.03667338192462921,0.016584187746047974,-0.017496109008789062
0.0018688440322875977,0.03667338192462921,0.016584187746047974,-0.017496109008789062
0.0018688440322875977,0.03667338192462921,0.016584187746047974,-0.017496109008789062
0.0018688440322875977,0.03667338192462921,0.016584187746047974,-0.017496109008789062
0.0018688440322875977,0.03667338192462921,0.016584187746047974,-0.017496109008789062
0.0018688440322875977,0.03667338192462921,0.016584187746047974,-0.017496109008789062
0.0018688440322875977,0.03667338192462921,0.016584187746047974,-0.017496109008789062
0.0018688440322875977,0.03667338192462921,0.016584187746047974,-0.017496109008789062
0.0018688440322875977,0.03667338192462921,0.016584187746047974,-0.017496109008789062
0.0018688440322875977,0.03667338192462921,0.016584187746047974,-0.017496109008789062
0.0018688440322875977,0.03667338192462921,0.016584187746047974,-0.017496109008789062
0.0018688440322875977,0.03667338192462921,0.016584187746047974,-0.017496109008789062
0.0018688440322875977,0.03667338192462921,0.016584187746047974,-0.017496109008789062
0.0018688440322875977,0.03667338192462921,0.016584187746047974,-0.017496109008789062
0.0018688440322875977,0.03667338192462921,0.016584187746047974,-0.017496109008789062
0.0018688440322875977,0.03667338192462921,0.016584187746047974,-0.017496109008789062
0.0018688440322875977,0.03667338192462921,0.016584187746047974,-0.017496109008789062
0.0018688440322875977,0.03667338192462921,0.016584187746047974,-0.017496109008789062
0.0018688440322875977,0.03667338192462921,0.016584187746047974,-0.017496109008789062
0.0018688440322875977,0.03667338192462921,0.016584187746047974,-0.017496109008789062
0.0018688440322875977,0.03667338192462921,0.016584187746047974,-0.017496109008789062
0.0018688440322875977,0.03667338192462921,0.016584187746047974,-0.017496109008789062
0.0018688440322875977,0.03667338192462921,0.016584187746047974,-0.017496109008789062
0.0018688440322875977,0.03667338192462921,0.016584187746047974,-0.017496109008789062
0.0018688440322875977,0.03667338192462921,0.016584187746047974,-0.017496109008789062
0.0018688440322875977,0.03667338192462921,0.016584187746047974,-0.017496109008789062
0.0018688440322875977,0.03667338192462921,0.016584187746047974,-0.017496109008789062
0.0018688440322875977,0.03667338192462921,0.016584187746047974,-0.017496109008789062
0.0018688440322875977,0.03667338192462921,0.016584187746047974,-0.017496109008789062
0.0018688440322875977,0.03667338192462921,0.016584187746047974,-0.017496109008789062
0.0018688440322875977,0.03667338192462921,0.016584187746047974,-0.017496109008789062
0.0018688440322875977,0.03667338192462921,0.016584187746047974,-0.017496109008789062
0.0018688440322875977,0.03667338192462921,0.016584187746047974,-0.017496109008789062
0.0018688440322875977,0.03667338192462921,0.016584187746047974,-0.017496109008789062
0.0018688440322875977,0.03667338192462921,0.016584187746047974,-0.017496109008789062
0.0018688440322875977,0.03667338192462921,0.016584187746047974,-0.017496109008789062
0.0018688440322875977,0.03667338192462921,0.016584187746047974,-0.017496109008789062
0.0018688440322875977,0.03667338192462921,0.016584187746047974,-0.017496109008789062
0.0018688440322875977,0.03667338192462921,0.016584187746047974,-0.017496109008789062
0.0018688440322875977,0.03667338192462921,0.016584187746047974,-0.017496109008789062
0.0018688440322875977,0.03667338192462921,0.016584187746047974,-0.017496109008789062
0.0018688440322875977,0.03667338192462921,0.016584187746047974,-0.017496109008789062
0.0018688440322875977,0.03667338192462921,0.016584187746047974,-0.017496109008789062
0.0018688440322875977,0.03667338192462921,0.016584187746047974,-0.017496109008789062
0.0018688440322875977,0.03667338192462921,0.016584187746047974,-0.017496109008789062
0.0018688440322875977,0.03667338192462921,0.016584187746047974,-0.017496109008789062
0.0018688440322875977,0.03667338192462921,0.016584187746047974,-0.017496109008789062
0.0018688440322875977,0.03667338192462921,0.016584187746047974,-0.017496109008789062
0.0018688440322875977,0.03667338192462921,0.016584187746047974,-0.017496109008789062
0.0018688440322875977,0.03667338192462921,0.016584187746047974,-0.017496109008789062
0.0018688440322875977,0.03667338192462921,0.016584187746047974,-0.017496109008789062
0.0018688440322875977,0.03667338192462921,0.016584187746047974,-0.017496109008789062
0.0018688440322875977,0.03667338192462921,0.016584187746047974,-0.017496109008789062
0.0018688440322875977,0.03667338192462921,0.016584187746047974,-0.017496109008789062
0.0018688440322875977,0.03667338192462921,0.016584187746047974,-0.017496109008789062
0.0018688440322875977,0.03667338192462921,0.016584187746047974,-0.017496109008789062
0.0018688440322875977,0.03667338192462921,0.016584187746047974,-0.017496109008789062
0.0018688440322875977,0.03667338192462921,0.016584187746047974,-0.017496109008789062
0.0018688440322875977,0.03667338192462921,0.016584187746047974,-0.017496109008789062
0.0018688440322875977,0.03667338192462921,0.016584187746047974,-0.017496109008789062
0.0018688440322875977,0.03667338192462921,0.016584187746047974,-0.017496109008789062
0.0018688440322875977,0.03667338192462921,0.016584187746047974,-0.017496109008789062
0.0018688440322875977,0.03667338192462921,0.016584187746047974,-0.017496109008789062
0.0018688440322875977,0.03667338192462921,0.016584187746047974,-0.017496109008789062
0.0018688440322875977,0.03667338192462921,0.016584187746047974,-0.017496109008789062
0.0018688440322875977,0.03667338192462921,0.016584187746047974,-0.017496109008789062
0.0018688440322875977,0.03667338192462921,0.016584187746047974,-0.017496109008789062
0.0018688440322875977,0.03667338192462921,0.016584187746047974,-0.017496109008789062
0.0018688440322875977,0.03667338192462921,0.016584187746047974,-0.017496109008789062
0.0018688440322875977,0.03667338192462921,0.016584187746047974,-0.017496109008789062
0.0018688440322875977,0.03667338192462921,0.016584187746047974,-0.017496109008789062
0.0018688440322875977,0.03667338192462921,0.016584187746047974,-0.017496109008789062
0.0018688440322875977,0.03667338192462921,0.016584187746047974,-0.017496109008789062
0.0018688440322875977,0.03667338192462921,0.016584187746047974,-0.017496109008789062
0.0018688440322875977,0.03667338192462921,0.016584187746047974,-0.017496109008789062
0.0018688440322875977,0.03667338192462921,0.016584187746047974,-0.017496109008789062
0.0018688440322875977,0.03667338192462921,0.016584187746047974,-0.017496109008789062
0.0018688440322875977,0.03667338192462921,0.016584187746047974,-0.017496109008789062
0.0018688440322875977,0.03667338192462921,0.016584187746047974,-0.017496109008789062
0.0018688440322875977,0.03667338192462921,0.016584187746047974,-0.017496109008789062
0.0018688440322875977,0.03667338192462921,0.016584187746047974,-0.017496109008789062
0.0018688440322875977,0.03667338192462921,0.016584187746047974,-0.017496109008789062
0.0018688440322875977,0.03667338192462921,0.016584187746047974,-0.017496109008789062
0.0018688440322875977,0.03667338192462921,0.016584187746047974,-0.017496109008789062
0.0018688440322875977,0.03667338192462921,0.016584187746047974,-0.017496109008789062
0.0018688440322875977,0.03667338192462921,0.016584187746047974,-0.017496109008789062
0.0018688440322875977,0.03667338192462921,0.016584187746047974,-0.017496109008789062
0.0018688440322875977,0.03667338192462921,0.016584187746047974,-0.017496109008789062
0.0018688440322875977,0.03667338192462921,0.016584187746047974,-0.017496109008789062
0.0018688440322875977,0.03667338192462921,0.016584187746047974,-0.017496109008789062
0.0018688440322875977,0.03667338192462921,0.016584187746047974,-0.017496109008789062
0.0018688440322875977,0.03667338192462921,0.016584187746047974,-0.017496109008789062
0.0018688440322875977,0.03667338192462921,0.016584187746047974,-0.017496109008789062
0.0018688440322875977,0.03667338192462921,0.016584187746047974,-0.017496109008789062
0.0018688440322875977,0.03667338192462921,0.016584187746047974,-0.017496109008789062
0.0018688440322875977,0.03667338192462921,0.016584187746047974,-0.017496109008789062
0.0018688440322875977,0.03667338192462921,0.016584187746047974,-0.017496109008789062
0.0018688440322875977,0.03667338192462921,0.016584187746047974,-0.017496109008789062
0.0018688440322875977,0.03667338192462921,0.016584187746047974,-0.017496109008789062
0.0018688440322875977,0.03667338192462921,0.016584187746047974,-0.017496109008789062
0.0018688440322875977,0.03667338192462921,0.016584187746047974,-0.017496109008789062
0.0018688440322875977,0.03667338192462921,0.016584187746047974,-0.017496109008789062
0.0018688440322875977,0.03667338192462921,0.016584187746047974,-0.017496109008789062
0.0018688440322875977,0.03667338192462921,0.016584187746047974,-0.017496109008789062
0.0018688440322875977,0.03667338192462921,0.016584187746047974,-0.017496109008789062
0.0018688440322875977,0.03667338192462921,0.016584187746047974,-0.017496109008789062
0.0018688440322875977,0.03667338192462921,0.016584187746047974,-0.017496109008789062
0.0018688440322875977,0.03667338192462921,0.016584187746047974,-0.017496109008789062
0.0018688440322875977,0.03667338192462921,0.016584187746047974,-0.017496109008789062
0.0018688440322875977,0.03667338192462921,0.016584187746047974,-0.017496109008789062
0.0018688440322875977,0.03667338192462921,0.016584187746047974,-0.017496109008789062
0.0018688440322875977,0.03667338192462921,0.016584187746047974,-0.017496109008789062
0.0018688440322875977,0.03667338192462921,0.016584187746047974,-0.017496109008789062
0.0018688440322875977,0.03667338192462921,0.016584187746047974,-0.017496109008789062
0.0018688440322875977,0.03667338192462921,0.016584187746047974,-0.017496109008789062
0.0018688440322875977,0.03667338192462921,0.016584187746047974,-0.017496109008789062
0.0018688440322875977,0.03667338192462921,0.016584187746047974,-0.017496109008789062
0.0018688440322875977,0.03667338192462921,0.016584187746047974,-0.017496109008789062
0.0018688440322875977,0.03667338192462921,0.016584187746047974,-0.017496109008789062
0.0018688440322875977,0.03667338192462921,0.016584187746047974,-0.017496109008789062
0.0018688440322875977,0.03667338192462921,0.016584187746047974,-0.017496109008789062
0.0018688440322875977,0.03667338192462921,0.016584187746047974,-0.017496109008789062
0.0018688440322875977,0.03667338192462921,0.016584187746047974,-0.017496109008789062
0.0018688440322875977,0.03667338192462921,0.016584187746047974,-0.017496109008789062
0.0018688440322875977,0.03667338192462921,0.016584187746047974,-0.017496109008789062
0.0018688440322875977,0.03667338192462921,0.016584187746047974,-0.017496109008789062
0.0018688440322875977,0.03667338192462921,0.016584187746047974,-0.017496109008789062
0.0018688440322875977,0.03667338192462921,0.016584187746047974,-0.017496109008789062
0.0018688440322875977,0.03667338192462921,0.016584187746047974,-0.017496109008789062
0.0018688440322875977,0.03667338192462921,0.016584187746047974,-0.017496109008789062
0.0018688440322875977,0.03667338192462921,0.016584187746047974,-0.017496109008789062
0.0018688440322875977,0.03667338192462921,0.016584187746047974,-0.017496109008789062
0.0018688440322875977,0.03667338192462921,0.016584187746047974,-0.017496109008789062
0.0018688440322875977,0.03667338192462921,0.016584187746047974,-0.017496109008789062
0.0018688440322875977,0.03667338192462921,0.016584187746047974,-0.017496109008789062
0.0018688440322875977,0.03667338192462921,0.016584187746047974,-0.017496109008789062
0.0018688440322875977,0.03667338192462921,0.016584187746047974,-0.017496109008789062
0.0018688440322875977,0.03667338192462921,0.016584187746047974,-0.017496109008789062
0.0018688440322875977,0.03667338192462921,0.016584187746047974,-0.017496109008789062
0.0018688440322875977,0.03667338192462921,0.016584187746047974,-0.017496109008789062
0.0018688440322875977,0.03667338192462921,0.016584187746047974,-0.017496109008789062
0.0018688440322875977,0.03667338192462921,0.016584187746047974,-0.017496109008789062
0.0018688440322875977,0.03667338192462921,0.016584187746047974,-0.017496109008789062
0.0018688440322875977,0.03667338192462921,0.016584187746047974,-0.017496109008789062
0.0018688440322875977,0.03667338192462921,0.016584187746047974,-0.017496109008789062
0.0018688440322875977,0.03667338192462921,0.016584187746047974,-0.017496109008789062
0.0018688440322875977,0.03667338192462921,0.016584187746047974,-0.017496109008789062
0.0018688440322875977,0.03667338192462921,0.016584187746047974,-0.017496109008789062
0.0018688440322875977,0.03667338192462921,0.016584187746047974,-0.017496109008789062
0.0018688440322875977,0.03667338192462921,0.016584187746047974,-0.017496109008789062
0.0018688440322875977,0.03667338192462921,0.016584187746047974,-0.017496109008789062
0.0018688440322875977,0.03667338192462921,0.016584187746047974,-0.017496109008789062
0.0018688440322875977,0.03667338192462921,0.016584187746047974,-0.017496109008789062
0.0018688440322875977,0.03667338192462921,0.016584187746047974,-0.017496109008789062
0.0018688440322875977,0.03667338192462921,0.016584187746047974,-0.017496109008789062
0.0018688440322875977,0.03667338192462921,0.016584187746047974,-0.017496109008789062
0.0018688440322875977,0.03667338192462921,0.016584187746047974,-0.017496109008789062
0.0018688440322875977,0.03667338192462921,0.016584187746047974,-0.017496109008789062
0.0018688440322875977,0.03667338192462921,0.016584187746047974,-0.017496109008789062
0.0018688440322875977,0.03667338192462921,0.016584187746047974,-0.017496109008789062
0.0018688440322875977,0.03667338192462921,0.016584187746047974,-0.017496109008789062
0.0018688440322875977,0.03667338192462921,0.016584187746047974,-0.017496109008789062
0.0018688440322875977,0.03667338192462921,0.016584187746047974,-0.017496109008789062
0.0018688440322875977,0.03667338192462921,0.016584187746047974,-0.017496109008789062
0.0018688440322875977,0.03667338192462921,0.016584187746047974,-0.017496109008789062
0.0018688440322875977,0.03667338192462921,0.016584187746047974,-0.017496109008789062
0.0018688440322875977,0.03667338192462921,0.016584187746047974,-0.017496109008789062
0.0018688440322875977,0.03667338192462921,0.016584187746047974,-0.017496109008789062
0.0018688440322875977,0.03667338192462921,0.016584187746047974,-0.017496109008789062
0.0018688440322875977,0.03667338192462921,0.016584187746047974,-0.017496109008789062
0.0018688440322875977,0.03667338192462921,0.016584187746047974,-0.017496109008789062
0.0018688440322875977,0.03667338192462921,0.016584187746047974,-0.017496109008789062
0.0018688440322875977,0.03667338192462921,0.016584187746047974,-0.017496109008789062
0.0018688440322875977,0.03667338192462921,0.016584187746047974,-0.017496109008789062
0.0018688440322875977,0.03667338192462921,0.016584187746047974,-0.017496109008789062
0.0018688440322875977,0.03667338192462921,0.016584187746047974,-0.017496109008789062
0.0018688440322875977,0.03667338192462921,0.016584187746047974,-0.017496109008789062
0.0018688440322875977,0.03667338192462921,0.016584187746047974,-0.017496109008789062
0.0018688440322875977,0.03667338192462921,0.016584187746047974,-0.017496109008789062
0.0018688440322875977,0.03667338192462921,0.016584187746047974,-0.017496109008789062
0.0018688440322875977,0.03667338192462921,0.016584187746047974,-0.017496109008789062
0.0018688440322875977,0.03667338192462921,0.016584187746047974,-0.017496109008789062
0.0018688440322875977,0.03667338192462921,0.016584187746047974,-0.017496109008789062
0.0018688440322875977,0.03667338192462921,0.016584187746047974,-0.017496109008789062
0.0018688440322875977,0.03667338192462921,0.016584187746047974,-0.017496109008789062
0.0018688440322875977,0.03667338192462921,0.016584187746047974,-0.017496109008789062
0.0018688440322875977,0.03667338192462921,0.016584187746047974,-0.017496109008789062
0.0018688440322875977,0.03667338192462921,0.016584187746047974,-0.017496109008789062
0.0018688440322875977,0.03667338192462921,0.016584187746047974,-0.017496109008789062
0.0018688440322875977,0.03667338192462921,0.016584187746047974,-0.017496109008789062
0.0018688440322875977,0.03667338192462921,0.016584187746047974,-0.017496109008789062
0.0018688440322875977,0.03667338192462921,0.016584187746047974,-0.017496109008789062
0.0018688440322875977,0.03667338192462921,0.016584187746047974,-0.017496109008789062
0.0018688440322875977,0.03667338192462921,0.016584187746047974,-0.017496109008789062
0.0018688440322875977,0.03667338192462921,0.016584187746047974,-0.017496109008789062
0.0018688440322875977,0.03667338192462921,0.016584187746047974,-0.017496109008789062
0.0018688440322875977,0.03667338192462921,0.016584187746047974,-0.017496109008789062
0.0018688440322875977,0.03667338192462921,0.016584187746047974,-0.017496109008789062
0.0018688440322875977,0.03667338192462921,0.016584187746047974,-0.017496109008789062
0.0018688440322875977,0.03667338192462921,0.016584187746047974,-0.017496109008789062
0.0018688440322875977,0.03667338192462921,0.016584187746047974,-0.017496109008789062
0.0018688440322875977,0.03667338192462921,0.016584187746047974,-0.017496109008789062
0.0018688440322875977,0.03667338192462921,0.016584187746047974,-0.017496109008789062
0.0018688440322875977,0.03667338192462921,0.016584187746047974,-0.017496109008789062
0.0018688440322875977,0.03667338192462921,0.016584187746047974,-0.017496109008789062
0.0018688440322875977,0.03667338192462921,0.016584187746047974,-0.017496109008789062
0.0018688440322875977,0.03667338192462921,0.016584187746047974,-0.017496109008789062
0.0018688440322875977,0.03667338192462921,0.016584187746047974,-0.017496109008789062
0.0018688440322875977,0.03667338192462921,0.016584187746047974,-0.017496109008789062
0.0018688440322875977,0.03667338192462921,0.016584187746047974,-0.017496109008789062
0.0018688440322875977,0.03667338192462921,0.016584187746047974,-0.017496109008789062
0.0018688440322875977,0.03667338192462921,0.016584187746047974,-0.017496109008789062
0.0018688440322875977,0.03667338192462921,0.016584187746047974,-0.017496109008789062
0.0018688440322875977,0.03667338192462921,0.016584187746047974,-0.017496109008789062
0.0018688440322875977,0.03667338192462921,0.016584187746047974,-0.017496109008789062
0.0018688440322875977,0.03667338192462921,0.016584187746047974,-0.017496109008789062
0.0018688440322875977,0.03667338192462921,0.016584187746047974,-0.017496109008789062
0.0018688440322875977,0.03667338192462921,0.016584187746047974,-0.017496109008789062
0.0018688440322875977,0.03667338192462921,0.016584187746047974,-0.017496109008789062
0.0018688440322875977,0.03667338192462921,0.016584187746047974,-0.017496109008789062
0.0018688440322875977,0.03667338192462921,0.016584187746047974,-0.017496109008789062
0.0018688440322875977,0.03667338192462921,0.016584187746047974,-0.017496109008789062
0.0018688440322875977,0.03667338192462921,0.016584187746047974,-0.017496109008789062
0.0018688440322875977,0.03667338192462921,0.016584187746047974,-0.017496109008789062
0.0018688440322875977,0.03667338192462921,0.016584187746047974,-0.017496109008789062
0.0018688440322875977,0.03667338192462921,0.016584187746047974,-0.017496109008789062
0.0018688440322875977,0.03667338192462921,0.016584187746047974,-0.017496109008789062
0.0018688440322875977,0.03667338192462921,0.016584187746047974,-0.017496109008789062
0.0018688440322875977,0.03667338192462921,0.016584187746047974,-0.017496109008789062
0.0018688440322875977,0.03667338192462921,0.016584187746047974,-0.017496109008789062
0.0018688440322875977,0.03667338192462921,0.016584187746047974,-0.017496109008789062
0.0018688440322875977,0.03667338192462921,0.016584187746047974,-0.017496109008789062
0.0018688440322875977,0.03667338192462921,0.016584187746047974,-0.017496109008789062
0.0018688440322875977,0.03667338192462921,0.016584187746047974,-0.017496109008789062
0.0018688440322875977,0.03667338192462921,0.016584187746047974,-0.017496109008789062
0.0018688440322875977,0.03667338192462921,0.016584187746047974,-0.017496109008789062
0.0018688440322875977,0.03667338192462921,0.016584187746047974,-0.017496109008789062
0.0018688440322875977,0.03667338192462921,0.016584187746047974,-0.017496109008789062
0.0018688440322875977,0.03667338192462921,0.016584187746047974,-0.017496109008789062
0.0018688440322875977,0.03667338192462921,0.016584187746047974,-0.017496109008789062
0.0018688440322875977,0.03667338192462921,0.016584187746047974,-0.017496109008789062
0.0018688440322875977,0.03667338192462921,0.016584187746047974,-0.017496109008789062
0.0018688440322875977,0.03667338192462921,0.016584187746047974,-0.017496109008789062
0.0018688440322875977,0.03667338192462921,0.016584187746047974,-0.017496109008789062
0.0018688440322875977,0.03667338192462921,0.016584187746047974,-0.017496109008789062
0.0018688440322875977,0.03667338192462921,0.016584187746047974,-0.017496109008789062
0.0018688440322875977,0.03667338192462921,0.016584187746047974,-0.017496109008789062
0.0018688440322875977,0.03667338192462921,0.016584187746047974,-0.017496109008789062
0.0018688440322875977,0.03667338192462921,0.016584187746047974,-0.017496109008789062
0.0018688440322875977,0.03667338192462921,0.016584187746047974,-0.017496109008789062
0.0018688440322875977,0.03667338192462921,0.016584187746047974,-0.017496109008789062
0.0018688440322875977,0.03667338192462921,0.016584187746047974,-0.017496109008789062
0.0018688440322875977,0.03667338192462921,0.016584187746047974,-0.017496109008789062
0.0018688440322875977,0.03667338192462921,0.016584187746047974,-0.017496109008789062
0.0018688440322875977,0.03667338192462921,0.016584187746047974,-0.017496109008789062
0.0018688440322875977,0.03667338192462921,0.016584187746047974,-0.017496109008789062
0.0018688440322875977,0.03667338192462921,0.016584187746047974,-0.017496109008789062
0.0018688440322875977,0.03667338192462921,0.016584187746047974,-0.017496109008789062
0.0018688440322875977,0.03667338192462921,0.016584187746047974,-0.017496109008789062
0.0018688440322875977,0.03667338192462921,0.016584187746047974,-0.017496109008789062
0.0018688440322875977,0.03667338192462921,0.016584187746047974,-0.017496109008789062
0.0018688440322875977,0.03667338192462921,0.016584187746047974,-0.017496109008789062
0.0018688440322875977,0.03667338192462921,0.016584187746047974,-0.017496109008789062
0.0018688440322875977,0.03667338192462921,0.016584187746047974,-0.017496109008789062
0.0018688440322875977,0.03667338192462921,0.016584187746047974,-0.017496109008789062
0.0018688440322875977,0.03667338192462921,0.016584187746047974,-0.017496109008789062
0.0018688440322875977,0.03667338192462921,0.016584187746047974,-0.017496109008789062
0.0018688440322875977,0.03667338192462921,0.016584187746047974,-0.017496109008789062
0.0018688440322875977,0.03667338192462921,0.016584187746047974,-0.017496109008789062
0.0018688440322875977,0.03667338192462921,0.016584187746047974,-0.017496109008789062
0.0018688440322875977,0.03667338192462921,0.016584187746047974,-0.017496109008789062
0.0018688440322875977,0.03667338192462921,0.016584187746047974,-0.017496109008789062
0.0018688440322875977,0.03667338192462921,0.016584187746047974,-0.017496109008789062
0.0018688440322875977,0.03667338192462921,0.016584187746047974,-0.017496109008789062
0.0018688440322875977,0.03667338192462921,0.016584187746047974,-0.017496109008789062
0.0018688440322875977,0.03667338192462921,0.016584187746047974,-0.017496109008789062
0.0018688440322875977,0.03667338192462921,0.016584187746047974,-0.017496109008789062
0.0018688440322875977,0.03667338192462921,0.016584187746047974,-0.017496109008789062
0.0018688440322875977,0.03667338192462921,0.016584187746047974,-0.017496109008789062
0.0018688440322875977,0.03667338192462921,0.016584187746047974,-0.017496109008789062
0.0018688440322875977,0.03667338192462921,0.016584187746047974,-0.017496109008789062
0.0018688440322875977,0.03667338192462921,0.016584187746047974,-0.017496109008789062
0.0018688440322875977,0.03667338192462921,0.016584187746047974,-0.017496109008789062
0.0018688440322875977,0.03667338192462921,0.016584187746047974,-0.017496109008789062
0.0018688440322875977,0.03667338192462921,0.016584187746047974,-0.017496109008789062
0.0018688440322875977,0.03667338192462921,0.016584187746047974,-0.017496109008789062
0.0018688440322875977,0.03667338192462921,0.016584187746047974,-0.017496109008789062
0.0018688440322875977,0.03667338192462921,0.016584187746047974,-0.017496109008789062
0.0018688440322875977,0.03667338192462921,0.016584187746047974,-0.017496109008789062
0.0018688440322875977,0.03667338192462921,0.016584187746047974,-0.017496109008789062
0.0018688440322875977,0.03667338192462921,0.016584187746047974,-0.017496109008789062
0.0018688440322875977,0.03667338192462921,0.016584187746047974,-0.017496109008789062
0.0018688440322875977,0.03667338192462921,0.016584187746047974,-0.017496109008789062
0.0018688440322875977,0.03667338192462921,0.016584187746047974,-0.017496109008789062
0.0018688440322875977,0.03667338192462921,0.016584187746047974,-0.017496109008789062
0.0018688440322875977,0.03667338192462921,0.016584187746047974,-0.017496109008789062
0.0018688440322875977,0.03667338192462921,0.016584187746047974,-0.017496109008789062
0.0018688440322875977,0.03667338192462921,0.016584187746047974,-0.017496109008789062
0.0018688440322875977,0.03667338192462921,0.016584187746047974,-0.017496109008789062
0.0018688440322875977,0.03667338192462921,0.016584187746047974,-0.017496109008789062
0.0018688440322875977,0.03667338192462921,0.016584187746047974,-0.017496109008789062
0.0018688440322875977,0.03667338192462921,0.016584187746047974,-0.017496109008789062
0.0018688440322875977,0.03667338192462921,0.016584187746047974,-0.017496109008789062
0.0018688440322875977,0.03667338192462921,0.016584187746047974,-0.017496109008789062
0.0018688440322875977,0.03667338192462921,0.016584187746047974,-0.017496109008789062
0.0018688440322875977,0.03667338192462921,0.016584187746047974,-0.017496109008789062
0.0018688440322875977,0.03667338192462921,0.016584187746047974,-0.017496109008789062
0.0018688440322875977,0.03667338192462921,0.016584187746047974,-0.017496109008789062
0.0018688440322875977,0.03667338192462921,0.016584187746047974,-0.017496109008789062
0.0018688440322875977,0.03667338192462921,0.016584187746047974,-0.017496109008789062
0.0018688440322875977,0.03667338192462921,0.016584187746047974,-0.017496109008789062
0.0018688440322875977,0.03667338192462921,0.016584187746047974,-0.017496109008789062
0.0018688440322875977,0.03667338192462921,0.016584187746047974,-0.017496109008789062
0.0018688440322875977,0.03667338192462921,0.016584187746047974,-0.017496109008789062
0.0018688440322875977,0.03667338192462921,0.016584187746047974,-0.017496109008789062
0.0018688440322875977,0.03667338192462921,0.016584187746047974,-0.017496109008789062
0.0018688440322875977,0.03667338192462921,0.016584187746047974,-0.017496109008789062
0.0018688440322875977,0.03667338192462921,0.016584187746047974,-0.017496109008789062
0.0018688440322875977,0.03667338192462921,0.016584187746047974,-0.017496109008789062
0.0018688440322875977,0.03667338192462921,0.016584187746047974,-0.017496109008789062
0.0018688440322875977,0.03667338192462921,0.016584187746047974,-0.017496109008789062
0.0018688440322875977,0.03667338192462921,0.016584187746047974,-0.017496109008789062
0.0018688440322875977,0.03667338192462921,0.016584187746047974,-0.017496109008789062
0.0018688440322875977,0.03667338192462921,0.016584187746047974,-0.017496109008789062
0.0018688440322875977,0.03667338192462921,0.016584187746047974,-0.017496109008789062
0.0018688440322875977,0.03667338192462921,0.016584187746047974,-0.017496109008789062
0.0018688440322875977,0.03667338192462921,0.016584187746047974,-0.017496109008789062
0.0018688440322875977,0.03667338192462921,0.016584187746047974,-0.017496109008789062
0.0018688440322875977,0.03667338192462921,0.016584187746047974,-0.017496109008789062
0.0018688440322875977,0.03667338192462921,0.016584187746047974,-0.017496109008789062
0.0018688440322875977,0.03667338192462921,0.016584187746047974,-0.017496109008789062
0.0018688440322875977,0.03667338192462921,0.016584187746047974,-0.017496109008789062
0.0018688440322875977,0.03667338192462921,0.016584187746047974,-0.017496109008789062
0.0018688440322875977,0.03667338192462921,0.016584187746047974,-0.017496109008789062
0.0018688440322875977,0.03667338192462921,0.016584187746047974,-0.017496109008789062
0.0018688440322875977,0.03667338192462921,0.016584187746047974,-0.017496109008789062
0.0018688440322875977,0.03667338192462921,0.016584187746047974,-0.017496109008789062
0.0018688440322875977,0.03667338192462921,0.016584187746047974,-0.017496109008789062
0.0018688440322875977,0.03667338192462921,0.016584187746047974,-0.017496109008789062
0.0018688440322875977,0.03667338192462921,0.016584187746047974,-0.017496109008789062
0.0018688440322875977,0.03667338192462921,0.016584187746047974,-0.017496109008789062
0.0018688440322875977,0.03667338192462921,0.016584187746047974,-0.017496109008789062
0.0018688440322875977,0.03667338192462921,0.016584187746047974,-0.017496109008789062
0.0018688440322875977,0.03667338192462921,0.016584187746047974,-0.017496109008789062
0.0018688440322875977,0.03667338192462921,0.016584187746047974,-0.017496109008789062
0.0018688440322875977,0.03667338192462921,0.016584187746047974,-0.017496109008789062
0.0018688440322875977,0.03667338192462921,0.016584187746047974,-0.017496109008789062
0.0018688440322875977,0.03667338192462921,0.016584187746047974,-0.017496109008789062
0.0018688440322875977,0.03667338192462921,0.016584187746047974,-0.017496109008789062
0.0018688440322875977,0.03667338192462921,0.016584187746047974,-0.017496109008789062
0.0018688440322875977,0.03667338192462921,0.016584187746047974,-0.017496109008789062
0.0018688440322875977,0.03667338192462921,0.016584187746047974,-0.017496109008789062
0.0018688440322875977,0.03667338192462921,0.016584187746047974,-0.017496109008789062
0.0018688440322875977,0.03667338192462921,0.016584187746047974,-0.017496109008789062
0.0018688440322875977,0.03667338192462921,0.016584187746047974,-0.017496109008789062
0.0018688440322875977,0.03667338192462921,0.016584187746047974,-0.017496109008789062
0.0018688440322875977,0.03667338192462921,0.016584187746047974,-0.017496109008789062
0.0018688440322875977,0.03667338192462921,0.016584187746047974,-0.017496109008789062
0.0018688440322875977,0.03667338192462921,0.016584187746047974,-0.017496109008789062
0.0018688440322875977,0.03667338192462921,0.016584187746047974,-0.017496109008789062
0.0018688440322875977,0.03667338192462921,0.016584187746047974,-0.017496109008789062
0.0018688440322875977,0.03667338192462921,0.016584187746047974,-0.017496109008789062
0.0018688440322875977,0.03667338192462921,0.016584187746047974,-0.017496109008789062
0.0018688440322875977,0.03667338192462921,0.016584187746047974,-0.017496109008789062
0.0018688440322875977,0.03667338192462921,0.016584187746047974,-0.017496109008789062
0.0018688440322875977,0.03667338192462921,0.016584187746047974,-0.017496109008789062
0.0018688440322875977,0.03667338192462921,0.016584187746047974,-0.017496109008789062
0.0018688440322875977,0.03667338192462921,0.016584187746047974,-0.017496109008789062
0.0018688440322875977,0.03667338192462921,0.016584187746047974,-0.017496109008789062
0.0018688440322875977,0.03667338192462921,0.016584187746047974,-0.017496109008789062
0.0018688440322875977,0.03667338192462921,0.016584187746047974,-0.017496109008789062
0.0018688440322875977,0.03667338192462921,0.016584187746047974,-0.017496109008789062
0.0018688440322875977,0.03667338192462921,0.016584187746047974,-0.017496109008789062
0.0018688440322875977,0.03667338192462921,0.016584187746047974,-0.017496109008789062
0.0018688440322875977,0.03667338192462921,0.016584187746047974,-0.017496109008789062
0.0018688440322875977,0.03667338192462921,0.016584187746047974,-0.017496109008789062
0.0018688440322875977,0.03667338192462921,0.016584187746047974,-0.017496109008789062
0.0018688440322875977,0.03667338192462921,0.016584187746047974,-0.017496109008789062
0.0018688440322875977,0.03667338192462921,0.016584187746047974,-0.017496109008789062
0.0018688440322875977,0.03667338192462921,0.016584187746047974,-0.017496109008789062
0.0018688440322875977,0.03667338192462921,0.016584187746047974,-0.017496109008789062
0.0018688440322875977,0.03667338192462921,0.016584187746047974,-0.017496109008789062
0.0018688440322875977,0.03667338192462921,0.016584187746047974,-0.017496109008789062
0.0018688440322875977,0.03667338192462921,0.016584187746047974,-0.017496109008789062
0.0018688440322875977,0.03667338192462921,0.016584187746047974,-0.017496109008789062
0.0018688440322875977,0.03667338192462921,0.016584187746047974,-0.017496109008789062
0.0018688440322875977,0.03667338192462921,0.016584187746047974,-0.017496109008789062
0.0018688440322875977,0.03667338192462921,0.016584187746047974,-0.017496109008789062
0.0018688440322875977,0.03667338192462921,0.016584187746047974,-0.017496109008789062
0.0018688440322875977,0.03667338192462921,0.016584187746047974,-0.017496109008789062
0.0018688440322875977,0.03667338192462921,0.016584187746047974,-0.017496109008789062
0.0018688440322875977,0.03667338192462921,0.016584187746047974,-0.017496109008789062
0.0018688440322875977,0.03667338192462921,0.016584187746047974,-0.017496109008789062
0.0018688440322875977,0.03667338192462921,0.016584187746047974,-0.017496109008789062
0.0018688440322875977,0.03667338192462921,0.016584187746047974,-0.017496109008789062
0.0018688440322875977,0.03667338192462921,0.016584187746047974,-0.017496109008789062
0.0018688440322875977,0.03667338192462921,0.016584187746047974,-0.017496109008789062
0.0018688440322875977,0.03667338192462921,0.016584187746047974,-0.017496109008789062
0.0018688440322875977,0.03667338192462921,0.016584187746047974,-0.017496109008789062
0.0018688440322875977,0.03667338192462921,0.016584187746047974,-0.017496109008789062
0.0018688440322875977,0.03667338192462921,0.016584187746047974,-0.017496109008789062
0.0018688440322875977,0.03667338192462921,0.016584187746047974,-0.017496109008789062
0.0018688440322875977,0.03667338192462921,0.016584187746047974,-0.017496109008789062
0.0018688440322875977,0.03667338192462921,0.016584187746047974,-0.017496109008789062
0.0018688440322875977,0.03667338192462921,0.016584187746047974,-0.017496109008789062
0.0018688440322875977,0.03667338192462921,0.016584187746047974,-0.017496109008789062
0.0018688440322875977,0.03667338192462921,0.016584187746047974,-0.017496109008789062
0.0018688440322875977,0.03667338192462921,0.016584187746047974,-0.017496109008789062
0.0018688440322875977,0.03667338192462921,0.016584187746047974,-0.017496109008789062
0.0018688440322875977,0.03667338192462921,0.016584187746047974,-0.017496109008789062
0.0018688440322875977,0.03667338192462921,0.016584187746047974,-0.017496109008789062
0.0018688440322875977,0.03667338192462921,0.016584187746047974,-0.017496109008789062
0.0018688440322875977,0.03667338192462921,0.016584187746047974,-0.017496109008789062
0.0018688440322875977,0.03667338192462921,0.016584187746047974,-0.017496109008789062
0.0018688440322875977,0.03667338192462921,0.016584187746047974,-0.017496109008789062
0.0018688440322875977,0.03667338192462921,0.016584187746047974,-0.017496109008789062
0.0018688440322875977,0.03667338192462921,0.016584187746047974,-0.017496109008789062
0.0018688440322875977,0.03667338192462921,0.016584187746047974,-0.017496109008789062
0.0018688440322875977,0.03667338192462921,0.016584187746047974,-0.017496109008789062
0.0018688440322875977,0.03667338192462921,0.016584187746047974,-0.017496109008789062
0.0018688440322875977,0.03667338192462921,0.016584187746047974,-0.017496109008789062
0.0018688440322875977,0.03667338192462921,0.016584187746047974,-0.017496109008789062
0.0018688440322875977,0.03667338192462921,0.016584187746047974,-0.017496109008789062
0.0018688440322875977,0.03667338192462921,0.016584187746047974,-0.017496109008789062
0.0018688440322875977,0.03667338192462921,0.016584187746047974,-0.017496109008789062
0.0018688440322875977,0.03667338192462921,0.016584187746047974,-0.017496109008789062
0.0018688440322875977,0.03667338192462921,0.016584187746047974,-0.017496109008789062
0.0018688440322875977,0.03667338192462921,0.016584187746047974,-0.017496109008789062
0.0018688440322875977,0.03667338192462921,0.016584187746047974,-0.017496109008789062
0.0018688440322875977,0.03667338192462921,0.016584187746047974,-0.017496109008789062
0.0018688440322875977,0.03667338192462921,0.016584187746047974,-0.017496109008789062
0.0018688440322875977,0.03667338192462921,0.016584187746047974,-0.017496109008789062
0.0018688440322875977,0.03667338192462921,0.016584187746047974,-0.017496109008789062
0.0018688440322875977,0.03667338192462921,0.016584187746047974,-0.017496109008789062
0.0018688440322875977,0.03667338192462921,0.016584187746047974,-0.017496109008789062
0.0018688440322875977,0.03667338192462921,0.016584187746047974,-0.017496109008789062
0.0018688440322875977,0.03667338192462921,0.016584187746047974,-0.017496109008789062
0.0018688440322875977,0.03667338192462921,0.016584187746047974,-0.017496109008789062
0.0018688440322875977,0.03667338192462921,0.016584187746047974,-0.017496109008789062
0.0018688440322875977,0.03667338192462921,0.016584187746047974,-0.017496109008789062
0.0018688440322875977,0.03667338192462921,0.016584187746047974,-0.017496109008789062
0.0018688440322875977,0.03667338192462921,0.016584187746047974,-0.017496109008789062
0.0018688440322875977,0.03667338192462921,0.016584187746047974,-0.017496109008789062
0.0018688440322875977,0.03667338192462921,0.016584187746047974,-0.017496109008789062
0.0018688440322875977,0.03667338192462921,0.016584187746047974,-0.017496109008789062
0.0018688440322875977,0.03667338192462921,0.016584187746047974,-0.017496109008789062
0.0018688440322875977,0.03667338192462921,0.016584187746047974,-0.017496109008789062
0.0018688440322875977,0.03667338192462921,0.016584187746047974,-0.017496109008789062
0.0018688440322875977,0.03667338192462921,0.016584187746047974,-0.017496109008789062
0.0018688440322875977,0.03667338192462921,0.016584187746047974,-0.017496109008789062
0.0018688440322875977,0.03667338192462921,0.016584187746047974,-0.017496109008789062
0.0018688440322875977,0.03667338192462921,0.016584187746047974,-0.017496109008789062
0.0018688440322875977,0.03667338192462921,0.016584187746047974,-0.017496109008789062
0.0018688440322875977,0.03667338192462921,0.016584187746047974,-0.017496109008789062
0.0018688440322875977,0.03667338192462921,0.016584187746047974,-0.017496109008789062
0.0018688440322875977,0.03667338192462921,0.016584187746047974,-0.017496109008789062
0.0018688440322875977,0.03667338192462921,0.016584187746047974,-0.017496109008789062
0.0018688440322875977,0.03667338192462921,0.016584187746047974,-0.017496109008789062
0.0018688440322875977,0.03667338192462921,0.016584187746047974,-0.017496109008789062
0.0018688440322875977,0.03667338192462921,0.016584187746047974,-0.017496109008789062
0.0018688440322875977,0.03667338192462921,0.016584187746047974,-0.017496109008789062
0.0018688440322875977,0.03667338192462921,0.016584187746047974,-0.017496109008789062
0.0018688440322875977,0.03667338192462921,0.016584187746047974,-0.017496109008789062
0.0018688440322875977,0.03667338192462921,0.016584187746047974,-0.017496109008789062
0.0018688440322875977,0.03667338192462921,0.016584187746047974,-0.017496109008789062
0.0018688440322875977,0.03667338192462921,0.016584187746047974,-0.017496109008789062
0.0018688440322875977,0.03667338192462921,0.016584187746047974,-0.017496109008789062
0.0018688440322875977,0.03667338192462921,0.016584187746047974,-0.017496109008789062
0.0018688440322875977,0.03667338192462921,0.016584187746047974,-0.017496109008789062
0.0018688440322875977,0.03667338192462921,0.016584187746047974,-0.017496109008789062
0.0018688440322875977,0.03667338192462921,0.016584187746047974,-0.017496109008789062
0.0018688440322875977,0.03667338192462921,0.016584187746047974,-0.017496109008789062
0.0018688440322875977,0.03667338192462921,0.016584187746047974,-0.017496109008789062
0.0018688440322875977,0.03667338192462921,0.016584187746047974,-0.017496109008789062
0.0018688440322875977,0.03667338192462921,0.016584187746047974,-0.017496109008789062
0.0018688440322875977,0.03667338192462921,0.016584187746047974,-0.017496109008789062
0.0018688440322875977,0.03667338192462921,0.016584187746047974,-0.017496109008789062
0.0018688440322875977,0.03667338192462921,0.016584187746047974,-0.017496109008789062
0.0018688440322875977,0.03667338192462921,0.016584187746047974,-0.017496109008789062
0.0018688440322875977,0.03667338192462921,0.016584187746047974,-0.017496109008789062
0.0018688440322875977,0.03667338192462921,0.016584187746047974,-0.017496109008789062
0.0018688440322875977,0.03667338192462921,0.016584187746047974,-0.017496109008789062
0.0018688440322875977,0.03667338192462921,0.016584187746047974,-0.017496109008789062
0.0018688440322875977,0.03667338192462921,0.016584187746047974,-0.017496109008789062
0.0018688440322875977,0.03667338192462921,0.016584187746047974,-0.017496109008789062
0.0018688440322875977,0.03667338192462921,0.016584187746047974,-0.017496109008789062
0.0018688440322875977,0.03667338192462921,0.016584187746047974,-0.017496109008789062
0.0018688440322875977,0.03667338192462921,0.016584187746047974,-0.017496109008789062
0.0018688440322875977,0.03667338192462921,0.016584187746047974,-0.017496109008789062
0.0018688440322875977,0.03667338192462921,0.016584187746047974,-0.017496109008789062
0.0018688440322875977,0.03667338192462921,0.016584187746047974,-0.017496109008789062
0.0018688440322875977,0.03667338192462921,0.016584187746047974,-0.017496109008789062
0.0018688440322875977,0.03667338192462921,0.016584187746047974,-0.017496109008789062
0.0018688440322875977,0.03667338192462921,0.016584187746047974,-0.017496109008789062
0.0018688440322875977,0.03667338192462921,0.016584187746047974,-0.017496109008789062
0.0018688440322875977,0.03667338192462921,0.016584187746047974,-0.017496109008789062
0.0018688440322875977,0.03667338192462921,0.016584187746047974,-0.017496109008789062
0.0018688440322875977,0.03667338192462921,0.016584187746047974,-0.017496109008789062
0.0018688440322875977,0.03667338192462921,0.016584187746047974,-0.017496109008789062
0.0018688440322875977,0.03667338192462921,0.016584187746047974,-0.017496109008789062
0.0018688440322875977,0.03667338192462921,0.016584187746047974,-0.017496109008789062
0.0018688440322875977,0.03667338192462921,0.016584187746047974,-0.017496109008789062
0.0018688440322875977,0.03667338192462921,0.016584187746047974,-0.017496109008789062
0.0018688440322875977,0.03667338192462921,0.016584187746047974,-0.017496109008789062
0.0018688440322875977,0.03667338192462921,0.016584187746047974,-0.017496109008789062
0.0018688440322875977,0.03667338192462921,0.016584187746047974,-0.017496109008789062
0.0018688440322875977,0.03667338192462921,0.016584187746047974,-0.017496109008789062
0.0018688440322875977,0.03667338192462921,0.016584187746047974,-0.017496109008789062
0.0018688440322875977,0.03667338192462921,0.016584187746047974,-0.017496109008789062
0.0018688440322875977,0.03667338192462921,0.016584187746047974,-0.017496109008789062
0.0018688440322875977,0.03667338192462921,0.016584187746047974,-0.017496109008789062
0.0018688440322875977,0.03667338192462921,0.016584187746047974,-0.017496109008789062
0.0018688440322875977,0.03667338192462921,0.016584187746047974,-0.017496109008789062
0.0018688440322875977,0.03667338192462921,0.016584187746047974,-0.017496109008789062
0.0018688440322875977,0.03667338192462921,0.016584187746047974,-0.017496109008789062
0.0018688440322875977,0.03667338192462921,0.016584187746047974,-0.017496109008789062
0.0018688440322875977,0.03667338192462921,0.016584187746047974,-0.017496109008789062
0.0018688440322875977,0.03667338192462921,0.016584187746047974,-0.017496109008789062
0.0018688440322875977,0.03667338192462921,0.016584187746047974,-0.017496109008789062
0.0018688440322875977,0.03667338192462921,0.016584187746047974,-0.017496109008789062
0.0018688440322875977,0.03667338192462921,0.016584187746047974,-0.017496109008789062
0.0018688440322875977,0.03667338192462921,0.016584187746047974,-0.017496109008789062
0.0018688440322875977,0.03667338192462921,0.016584187746047974,-0.017496109008789062
0.0018688440322875977,0.03667338192462921,0.016584187746047974,-0.017496109008789062
0.0018688440322875977,0.03667338192462921,0.016584187746047974,-0.017496109008789062
0.0018688440322875977,0.03667338192462921,0.016584187746047974,-0.017496109008789062
0.0018688440322875977,0.03667338192462921,0.016584187746047974,-0.017496109008789062
0.0018688440322875977,0.03667338192462921,0.016584187746047974,-0.017496109008789062
0.0018688440322875977,0.03667338192462921,0.016584187746047974,-0.017496109008789062
0.0018688440322875977,0.03667338192462921,0.016584187746047974,-0.017496109008789062
0.0018688440322875977,0.03667338192462921,0.016584187746047974,-0.017496109008789062
0.0018688440322875977,0.03667338192462921,0.016584187746047974,-0.017496109008789062
0.0018688440322875977,0.03667338192462921,0.016584187746047974,-0.017496109008789062
0.0018688440322875977,0.03667338192462921,0.016584187746047974,-0.017496109008789062
0.0018688440322875977,0.03667338192462921,0.016584187746047974,-0.017496109008789062
0.0018688440322875977,0.03667338192462921,0.016584187746047974,-0.017496109008789062
0.0018688440322875977,0.03667338192462921,0.016584187746047974,-0.017496109008789062
0.0018688440322875977,0.03667338192462921,0.016584187746047974,-0.017496109008789062
0.0018688440322875977,0.03667338192462921,0.016584187746047974,-0.017496109008789062
0.0018688440322875977,0.03667338192462921,0.016584187746047974,-0.017496109008789062
0.0018688440322875977,0.03667338192462921,0.016584187746047974,-0.017496109008789062
0.0018688440322875977,0.03667338192462921,0.016584187746047974,-0.017496109008789062
0.0018688440322875977,0.03667338192462921,0.016584187746047974,-0.017496109008789062
0.0018688440322875977,0.03667338192462921,0.016584187746047974,-0.017496109008789062
0.0018688440322875977,0.03667338192462921,0.016584187746047974,-0.017496109008789062
0.0018688440322875977,0.03667338192462921,0.016584187746047974,-0.017496109008789062
0.0018688440322875977,0.03667338192462921,0.016584187746047974,-0.017496109008789062
0.0018688440322875977,0.03667338192462921,0.016584187746047974,-0.017496109008789062
0.0018688440322875977,0.03667338192462921,0.016584187746047974,-0.017496109008789062
0.0018688440322875977,0.03667338192462921,0.016584187746047974,-0.017496109008789062
0.0018688440322875977,0.03667338192462921,0.016584187746047974,-0.017496109008789062
0.0018688440322875977,0.03667338192462921,0.016584187746047974,-0.017496109008789062
0.0018688440322875977,0.03667338192462921,0.016584187746047974,-0.017496109008789062
0.0018688440322875977,0.03667338192462921,0.016584187746047974,-0.017496109008789062
0.0018688440322875977,0.03667338192462921,0.016584187746047974,-0.017496109008789062
0.0018688440322875977,0.03667338192462921,0.016584187746047974,-0.017496109008789062
0.0018688440322875977,0.03667338192462921,0.016584187746047974,-0.017496109008789062
0.0018688440322875977,0.03667338192462921,0.016584187746047974,-0.017496109008789062
0.0018688440322875977,0.03667338192462921,0.016584187746047974,-0.017496109008789062
0.0018688440322875977,0.03667338192462921,0.016584187746047974,-0.017496109008789062
0.0018688440322875977,0.03667338192462921,0.016584187746047974,-0.017496109008789062
0.0018688440322875977,0.03667338192462921,0.016584187746047974,-0.017496109008789062
0.0018688440322875977,0.03667338192462921,0.016584187746047974,-0.017496109008789062
0.0018688440322875977,0.03667338192462921,0.016584187746047974,-0.017496109008789062
0.0018688440322875977,0.03667338192462921,0.016584187746047974,-0.017496109008789062
0.0018688440322875977,0.03667338192462921,0.016584187746047974,-0.017496109008789062
0.0018688440322875977,0.03667338192462921,0.016584187746047974,-0.017496109008789062
0.0018688440322875977,0.03667338192462921,0.016584187746047974,-0.017496109008789062
0.0018688440322875977,0.03667338192462921,0.016584187746047974,-0.017496109008789062
0.0018688440322875977,0.03667338192462921,0.016584187746047974,-0.017496109008789062
0.0018688440322875977,0.03667338192462921,0.016584187746047974,-0.017496109008789062
0.0018688440322875977,0.03667338192462921,0.016584187746047974,-0.017496109008789062
0.0018688440322875977,0.03667338192462921,0.016584187746047974,-0.017496109008789062
0.0018688440322875977,0.03667338192462921,0.016584187746047974,-0.017496109008789062
0.0018688440322875977,0.03667338192462921,0.016584187746047974,-0.017496109008789062
0.0018688440322875977,0.03667338192462921,0.016584187746047974,-0.017496109008789062
0.0018688440322875977,0.03667338192462921,0.016584187746047974,-0.017496109008789062
0.0018688440322875977,0.03667338192462921,0.016584187746047974,-0.017496109008789062
0.0018688440322875977,0.03667338192462921,0.016584187746047974,-0.017496109008789062
0.0018688440322875977,0.03667338192462921,0.016584187746047974,-0.017496109008789062
0.0018688440322875977,0.03667338192462921,0.016584187746047974,-0.017496109008789062
0.0018688440322875977,0.03667338192462921,0.016584187746047974,-0.017496109008789062
0.0018688440322875977,0.03667338192462921,0.016584187746047974,-0.017496109008789062
0.0018688440322875977,0.03667338192462921,0.016584187746047974,-0.017496109008789062
0.0018688440322875977,0.03667338192462921,0.016584187746047974,-0.017496109008789062
0.0018688440322875977,0.03667338192462921,0.016584187746047974,-0.017496109008789062
0.0018688440322875977,0.03667338192462921,0.016584187746047974,-0.017496109008789062
0.0018688440322875977,0.03667338192462921,0.016584187746047974,-0.017496109008789062
0.0018688440322875977,0.03667338192462921,0.016584187746047974,-0.017496109008789062
0.0018688440322875977,0.03667338192462921,0.016584187746047974,-0.017496109008789062
0.0018688440322875977,0.03667338192462921,0.016584187746047974,-0.017496109008789062
0.0018688440322875977,0.03667338192462921,0.016584187746047974,-0.017496109008789062
0.0018688440322875977,0.03667338192462921,0.016584187746047974,-0.017496109008789062
0.0018688440322875977,0.03667338192462921,0.016584187746047974,-0.017496109008789062
0.0018688440322875977,0.03667338192462921,0.016584187746047974,-0.017496109008789062
0.0018688440322875977,0.03667338192462921,0.016584187746047974,-0.017496109008789062
0.0018688440322875977,0.03667338192462921,0.016584187746047974,-0.017496109008789062
0.0018688440322875977,0.03667338192462921,0.016584187746047974,-0.017496109008789062
0.0018688440322875977,0.03667338192462921,0.016584187746047974,-0.017496109008789062
0.0018688440322875977,0.03667338192462921,0.016584187746047974,-0.017496109008789062
0.0018688440322875977,0.03667338192462921,0.016584187746047974,-0.017496109008789062
0.0018688440322875977,0.03667338192462921,0.016584187746047974,-0.017496109008789062
0.0018688440322875977,0.03667338192462921,0.016584187746047974,-0.017496109008789062
0.0018688440322875977,0.03667338192462921,0.016584187746047974,-0.017496109008789062
0.0018688440322875977,0.03667338192462921,0.016584187746047974,-0.017496109008789062
0.0018688440322875977,0.03667338192462921,0.016584187746047974,-0.017496109008789062
0.0018688440322875977,0.03667338192462921,0.016584187746047974,-0.017496109008789062
0.0018688440322875977,0.03667338192462921,0.016584187746047974,-0.017496109008789062
0.0018688440322875977,0.03667338192462921,0.016584187746047974,-0.017496109008789062
0.0018688440322875977,0.03667338192462921,0.016584187746047974,-0.017496109008789062
0.0018688440322875977,0.03667338192462921,0.016584187746047974,-0.017496109008789062
0.0018688440322875977,0.03667338192462921,0.016584187746047974,-0.017496109008789062
0.0018688440322875977,0.03667338192462921,0.016584187746047974,-0.017496109008789062
0.0018688440322875977,0.03667338192462921,0.016584187746047974,-0.017496109008789062
0.0018688440322875977,0.03667338192462921,0.016584187746047974,-0.017496109008789062
0.0018688440322875977,0.03667338192462921,0.016584187746047974,-0.017496109008789062
0.0018688440322875977,0.03667338192462921,0.016584187746047974,-0.017496109008789062
0.0018688440322875977,0.03667338192462921,0.016584187746047974,-0.017496109008789062
0.0018688440322875977,0.03667338192462921,0.016584187746047974,-0.017496109008789062
0.0018688440322875977,0.03667338192462921,0.016584187746047974,-0.017496109008789062
0.0018688440322875977,0.03667338192462921,0.016584187746047974,-0.017496109008789062
0.0018688440322875977,0.03667338192462921,0.016584187746047974,-0.017496109008789062
0.0018688440322875977,0.03667338192462921,0.016584187746047974,-0.017496109008789062
0.0018688440322875977,0.03667338192462921,0.016584187746047974,-0.017496109008789062
0.0018688440322875977,0.03667338192462921,0.016584187746047974,-0.017496109008789062
0.0018688440322875977,0.03667338192462921,0.016584187746047974,-0.017496109008789062
0.0018688440322875977,0.03667338192462921,0.016584187746047974,-0.017496109008789062
0.0018688440322875977,0.03667338192462921,0.016584187746047974,-0.017496109008789062
0.0018688440322875977,0.03667338192462921,0.016584187746047974,-0.017496109008789062
0.0018688440322875977,0.03667338192462921,0.016584187746047974,-0.017496109008789062
0.0018688440322875977,0.03667338192462921,0.016584187746047974,-0.017496109008789062
0.0018688440322875977,0.03667338192462921,0.016584187746047974,-0.017496109008789062
0.0018688440322875977,0.03667338192462921,0.016584187746047974,-0.017496109008789062
0.0018688440322875977,0.03667338192462921,0.016584187746047974,-0.017496109008789062
0.0018688440322875977,0.03667338192462921,0.016584187746047974,-0.017496109008789062
0.0018688440322875977,0.03667338192462921,0.016584187746047974,-0.017496109008789062
0.0018688440322875977,0.03667338192462921,0.016584187746047974,-0.017496109008789062
0.0018688440322875977,0.03667338192462921,0.016584187746047974,-0.017496109008789062
0.0018688440322875977,0.03667338192462921,0.016584187746047974,-0.017496109008789062
0.0018688440322875977,0.03667338192462921,0.016584187746047974,-0.017496109008789062
0.0018688440322875977,0.03667338192462921,0.016584187746047974,-0.017496109008789062
0.0018688440322875977,0.03667338192462921,0.016584187746047974,-0.017496109008789062
0.0018688440322875977,0.03667338192462921,0.016584187746047974,-0.017496109008789062
0.0018688440322875977,0.03667338192462921,0.016584187746047974,-0.017496109008789062
0.0018688440322875977,0.03667338192462921,0.016584187746047974,-0.017496109008789062
0.0018688440322875977,0.03667338192462921,0.016584187746047974,-0.017496109008789062
0.0018688440322875977,0.03667338192462921,0.016584187746047974,-0.017496109008789062
0.0018688440322875977,0.03667338192462921,0.016584187746047974,-0.017496109008789062
0.0018688440322875977,0.03667338192462921,0.016584187746047974,-0.017496109008789062
0.0018688440322875977,0.03667338192462921,0.016584187746047974,-0.017496109008789062
0.0018688440322875977,0.03667338192462921,0.016584187746047974,-0.017496109008789062
0.0018688440322875977,0.03667338192462921,0.016584187746047974,-0.017496109008789062
0.0018688440322875977,0.03667338192462921,0.016584187746047974,-0.017496109008789062
0.0018688440322875977,0.03667338192462921,0.016584187746047974,-0.017496109008789062
0.0018688440322875977,0.03667338192462921,0.016584187746047974,-0.017496109008789062
0.0018688440322875977,0.03667338192462921,0.016584187746047974,-0.017496109008789062
0.0018688440322875977,0.03667338192462921,0.016584187746047974,-0.017496109008789062
0.0018688440322875977,0.03667338192462921,0.016584187746047974,-0.017496109008789062
0.0018688440322875977,0.03667338192462921,0.016584187746047974,-0.017496109008789062
0.0018688440322875977,0.03667338192462921,0.016584187746047974,-0.017496109008789062
0.0018688440322875977,0.03667338192462921,0.016584187746047974,-0.017496109008789062
0.0018688440322875977,0.03667338192462921,0.016584187746047974,-0.017496109008789062
0.0018688440322875977,0.03667338192462921,0.016584187746047974,-0.017496109008789062
0.0018688440322875977,0.03667338192462921,0.016584187746047974,-0.017496109008789062
0.0018688440322875977,0.03667338192462921,0.016584187746047974,-0.017496109008789062
0.0018688440322875977,0.03667338192462921,0.016584187746047974,-0.017496109008789062
0.0018688440322875977,0.03667338192462921,0.016584187746047974,-0.017496109008789062
0.0018688440322875977,0.03667338192462921,0.016584187746047974,-0.017496109008789062
0.0018688440322875977,0.03667338192462921,0.016584187746047974,-0.017496109008789062
0.0018688440322875977,0.03667338192462921,0.016584187746047974,-0.017496109008789062
0.0018688440322875977,0.03667338192462921,0.016584187746047974,-0.017496109008789062
0.0018688440322875977,0.03667338192462921,0.016584187746047974,-0.017496109008789062
0.0018688440322875977,0.03667338192462921,0.016584187746047974,-0.017496109008789062
0.0018688440322875977,0.03667338192462921,0.016584187746047974,-0.017496109008789062
0.0018688440322875977,0.03667338192462921,0.016584187746047974,-0.017496109008789062
0.0018688440322875977,0.03667338192462921,0.016584187746047974,-0.017496109008789062
0.0018688440322875977,0.03667338192462921,0.016584187746047974,-0.017496109008789062
0.0018688440322875977,0.03667338192462921,0.016584187746047974,-0.017496109008789062
0.0018688440322875977,0.03667338192462921,0.016584187746047974,-0.017496109008789062
0.0018688440322875977,0.03667338192462921,0.016584187746047974,-0.017496109008789062
0.0018688440322875977,0.03667338192462921,0.016584187746047974,-0.017496109008789062
0.0018688440322875977,0.03667338192462921,0.016584187746047974,-0.017496109008789062
0.0018688440322875977,0.03667338192462921,0.016584187746047974,-0.017496109008789062
0.0018688440322875977,0.03667338192462921,0.016584187746047974,-0.017496109008789062
0.0018688440322875977,0.03667338192462921,0.016584187746047974,-0.017496109008789062
0.0018688440322875977,0.03667338192462921,0.016584187746047974,-0.017496109008789062
0.0018688440322875977,0.03667338192462921,0.016584187746047974,-0.017496109008789062
0.0018688440322875977,0.03667338192462921,0.016584187746047974,-0.017496109008789062
0.0018688440322875977,0.03667338192462921,0.016584187746047974,-0.017496109008789062
0.0018688440322875977,0.03667338192462921,0.016584187746047974,-0.017496109008789062
0.0018688440322875977,0.03667338192462921,0.016584187746047974,-0.017496109008789062
0.0018688440322875977,0.03667338192462921,0.016584187746047974,-0.017496109008789062
0.0018688440322875977,0.03667338192462921,0.016584187746047974,-0.017496109008789062
0.0018688440322875977,0.03667338192462921,0.016584187746047974,-0.017496109008789062
0.0018688440322875977,0.03667338192462921,0.016584187746047974,-0.017496109008789062
0.0018688440322875977,0.03667338192462921,0.016584187746047974,-0.017496109008789062
0.0018688440322875977,0.03667338192462921,0.016584187746047974,-0.017496109008789062
0.0018688440322875977,0.03667338192462921,0.016584187746047974,-0.017496109008789062
0.0018688440322875977,0.03667338192462921,0.016584187746047974,-0.017496109008789062
0.0018688440322875977,0.03667338192462921,0.016584187746047974,-0.017496109008789062
0.0018688440322875977,0.03667338192462921,0.016584187746047974,-0.017496109008789062
0.0018688440322875977,0.03667338192462921,0.016584187746047974,-0.017496109008789062
0.0018688440322875977,0.03667338192462921,0.016584187746047974,-0.017496109008789062
0.0018688440322875977,0.03667338192462921,0.016584187746047974,-0.017496109008789062
0.0018688440322875977,0.03667338192462921,0.016584187746047974,-0.017496109008789062
0.0018688440322875977,0.03667338192462921,0.016584187746047974,-0.017496109008789062
0.0018688440322875977,0.03667338192462921,0.016584187746047974,-0.017496109008789062
0.0018688440322875977,0.03667338192462921,0.016584187746047974,-0.017496109008789062
0.0018688440322875977,0.03667338192462921,0.016584187746047974,-0.017496109008789062
0.0018688440322875977,0.03667338192462921,0.016584187746047974,-0.017496109008789062
0.0018688440322875977,0.03667338192462921,0.016584187746047974,-0.017496109008789062
0.0018688440322875977,0.03667338192462921,0.016584187746047974,-0.017496109008789062
0.0018688440322875977,0.03667338192462921,0.016584187746047974,-0.017496109008789062
0.0018688440322875977,0.03667338192462921,0.016584187746047974,-0.017496109008789062
0.0018688440322875977,0.03667338192462921,0.016584187746047974,-0.017496109008789062
0.0018688440322875977,0.03667338192462921,0.016584187746047974,-0.017496109008789062
0.0018688440322875977,0.03667338192462921,0.016584187746047974,-0.017496109008789062
0.0018688440322875977,0.03667338192462921,0.016584187746047974,-0.017496109008789062
0.0018688440322875977,0.03667338192462921,0.016584187746047974,-0.017496109008789062
0.0018688440322875977,0.03667338192462921,0.016584187746047974,-0.017496109008789062
0.0018688440322875977,0.03667338192462921,0.016584187746047974,-0.017496109008789062
0.0018688440322875977,0.03667338192462921,0.016584187746047974,-0.017496109008789062
0.0018688440322875977,0.03667338192462921,0.016584187746047974,-0.017496109008789062
0.0018688440322875977,0.03667338192462921,0.016584187746047974,-0.017496109008789062
0.0018688440322875977,0.03667338192462921,0.016584187746047974,-0.017496109008789062
0.0018688440322875977,0.03667338192462921,0.016584187746047974,-0.017496109008789062
0.0018688440322875977,0.03667338192462921,0.016584187746047974,-0.017496109008789062
0.0018688440322875977,0.03667338192462921,0.016584187746047974,-0.017496109008789062
0.0018688440322875977,0.03667338192462921,0.016584187746047974,-0.017496109008789062
0.0018688440322875977,0.03667338192462921,0.016584187746047974,-0.017496109008789062
0.0018688440322875977,0.03667338192462921,0.016584187746047974,-0.017496109008789062
0.0018688440322875977,0.03667338192462921,0.016584187746047974,-0.017496109008789062
0.0018688440322875977,0.03667338192462921,0.016584187746047974,-0.017496109008789062
0.0018688440322875977,0.03667338192462921,0.016584187746047974,-0.017496109008789062
0.0018688440322875977,0.03667338192462921,0.016584187746047974,-0.017496109008789062
0.0018688440322875977,0.03667338192462921,0.016584187746047974,-0.017496109008789062
0.0018688440322875977,0.03667338192462921,0.016584187746047974,-0.017496109008789062
0.0018688440322875977,0.03667338192462921,0.016584187746047974,-0.017496109008789062
0.0018688440322875977,0.03667338192462921,0.016584187746047974,-0.017496109008789062
0.0018688440322875977,0.03667338192462921,0.016584187746047974,-0.017496109008789062
0.0018688440322875977,0.03667338192462921,0.016584187746047974,-0.017496109008789062
0.0018688440322875977,0.03667338192462921,0.016584187746047974,-0.017496109008789062
0.0018688440322875977,0.03667338192462921,0.016584187746047974,-0.017496109008789062
0.0018688440322875977,0.03667338192462921,0.016584187746047974,-0.017496109008789062
0.0018688440322875977,0.03667338192462921,0.016584187746047974,-0.017496109008789062
0.0018688440322875977,0.03667338192462921,0.016584187746047974,-0.017496109008789062
0.0018688440322875977,0.03667338192462921,0.016584187746047974,-0.017496109008789062
