vx,vy,vz,omega_z
-0.08437971770763397,0.038777872920036316,-0.2145695835351944,0.5419427156448364
-0.08506138622760773,0.039295703172683716,-0.29625409841537476,0.9335126876831055
-0.08214162290096283,0.039912596344947815,-0.32419782876968384,0.9562667012214661
-0.08050750195980072,0.04014506936073303,-0.3345652222633362,0.9575541615486145
-0.07973416149616241,0.04021735489368439,-0.33859580755233765,0.9576238393783569
-0.0793919712305069,0.040238454937934875,-0.3401999771595001,0.9576223492622375
-0.07924692332744598,0.04024443030357361,-0.34084534645080566,0.9576193690299988
-0.07918523252010345,0.040246084332466125,-0.34110701084136963,0.9576177000999451
-0.07915975153446198,0.04024657607078552,-0.341213196516037,0.9576171636581421
-0.0791497677564621,0.04024665057659149,-0.3412567675113678,0.957616925239563
-0.07914532721042633,0.04024669528007507,-0.3412744998931885,0.9576168060302734
-0.07914318144321442,0.04024671018123627,-0.3412817716598511,0.9576168060302734
-0.07914204895496368,0.04024671018123627,-0.3412848711013794,0.9576168060302734
-0.07914339005947113,0.04024671018123627,-0.34128621220588684,0.9576168060302734
-0.0791420191526413,0.04024671018123627,-0.341286838054657,0.9576168060302734
-0.07914246618747711,0.04024671018123627,-0.3412870764732361,0.9576168060302734
-0.07914198935031891,0.04024671018123627,-0.34128719568252563,0.9576168060302734
-0.07914198935031891,0.04024671018123627,-0.34128719568252563,0.9576168060302734
-0.07914198935031891,0.04024671018123627,-0.34128719568252563,0.9576168060302734
-0.07914198935031891,0.04024671018123627,-0.34128719568252563,0.9576168060302734
-0.07914198935031891,0.04024671018123627,-0.34128719568252563,0.9576168060302734
-0.07914198935031891,0.04024671018123627,-0.34128719568252563,0.9576168060302734
-0.07914198935031891,0.04024671018123627,-0.34128719568252563,0.9576168060302734
-0.07914198935031891,0.04024671018123627,-0.34128719568252563,0.9576168060302734
-0.07914198935031891,0.04024671018123627,-0.34128719568252563,0.9576168060302734
-0.07914198935031891,0.04024671018123627,-0.34128719568252563,0.9576168060302734
-0.07914198935031891,0.04024671018123627,-0.34128719568252563,0.9576168060302734
-0.07914198935031891,0.04024671018123627,-0.34128719568252563,0.9576168060302734
-0.07914198935031891,0.04024671018123627,-0.34128719568252563,0.9576168060302734
-0.07914198935031891,0.04024671018123627,-0.34128719568252563,0.9576168060302734
-0.07914198935031891,0.04024671018123627,-0.34128719568252563,0.9576168060302734
-0.07914198935031891,0.04024671018123627,-0.34128719568252563,0.9576168060302734
-0.07914198935031891,0.04024671018123627,-0.34128719568252563,0.9576168060302734
-0.07914198935031891,0.04024671018123627,-0.34128719568252563,0.9576168060302734
-0.07914198935031891,0.04024671018123627,-0.34128719568252563,0.9576168060302734
-0.07914198935031891,0.04024671018123627,-0.34128719568252563,0.9576168060302734
-0.07914198935031891,0.04024671018123627,-0.34128719568252563,0.9576168060302734
-0.07378889620304108,0.03717966377735138,-0.33533501625061035,0.9739522337913513
-0.0732957273721695,0.036495327949523926,-0.33346325159072876,0.9796231389045715
-0.08033503592014313,0.03156498074531555,-0.3090236783027649,0.9454097151756287
-0.08173041045665741,0.02977178990840912,-0.3016507029533386,0.9358691573143005
-0.08300615847110748,0.030530482530593872,-0.3077855408191681,0.9429985880851746
-0.08297945559024811,0.030810609459877014,-0.30952903628349304,0.9449498653411865
-0.08293874561786652,0.03086748719215393,-0.3100895881652832,0.94503253698349
-0.08362649381160736,0.029954344034194946,-0.30435478687286377,0.9355008602142334
-0.08313329517841339,0.027371898293495178,-0.29574212431907654,0.9157661199569702
-0.08316664397716522,0.026566192507743835,-0.29369056224823,0.9107460379600525
-0.08225126564502716,0.022911936044692993,-0.28155219554901123,0.8904438018798828
-0.0826263278722763,0.02186480164527893,-0.277309775352478,0.8845981359481812
-0.08303110301494598,0.019171759486198425,-0.2711755037307739,0.8742680549621582
-0.0832613855600357,0.018394790589809418,-0.2689279615879059,0.8715053796768188
-0.08038575947284698,0.01972159743309021,-0.2632180452346802,0.8480170965194702
-0.08062030375003815,0.020097635686397552,-0.26063108444213867,0.8409525156021118
-0.07827471196651459,0.0238988995552063,-0.25613659620285034,0.8237335681915283
-0.07846628129482269,0.025024011731147766,-0.25507351756095886,0.8179596662521362
-0.07436303794384003,0.028210729360580444,-0.2449992597103119,0.8069574236869812
-0.0746002346277237,0.02920079231262207,-0.24088871479034424,0.8034026622772217
-0.07137741148471832,0.027430832386016846,-0.22510015964508057,0.7755879163742065
-0.0717921108007431,0.02712295949459076,-0.21963681280612946,0.7666994333267212
-0.07042743265628815,0.02576787769794464,-0.21520286798477173,0.7497750520706177
-0.07045482099056244,0.02545773983001709,-0.21357882022857666,0.7454009056091309
-0.07060165703296661,0.020325705409049988,-0.20853625237941742,0.7180511951446533
-0.07074333727359772,0.018953651189804077,-0.20755746960639954,0.7106858491897583
-0.070432648062706,0.016596980392932892,-0.20667500793933868,0.7039012908935547
-0.07039375603199005,0.016004130244255066,-0.2065746784210205,0.7035421133041382
-0.07604150474071503,0.015570215880870819,-0.20684097707271576,0.7304325103759766
-0.07601623237133026,0.01547183096408844,-0.20719429850578308,0.7398414611816406
-0.07492886483669281,0.010947756469249725,-0.1984327733516693,0.7276567220687866
-0.07489834725856781,0.009835436940193176,-0.1958969235420227,0.7249324321746826
-0.0690610259771347,0.003464639186859131,-0.1818726509809494,0.7009061574935913
-0.06918291747570038,0.0020619630813598633,-0.17714227735996246,0.691871166229248
-0.06365804374217987,0.005516350269317627,-0.16936933994293213,0.6615011692047119
-0.06166227161884308,0.01103723794221878,-0.17024730145931244,0.618506908416748
-0.06111912429332733,0.012052685022354126,-0.17078158259391785,0.610909104347229
-0.0610894113779068,0.01217295229434967,-0.1707705557346344,0.6107770800590515
-0.055308982729911804,0.011588945984840393,-0.17055445909500122,0.5973001718521118
-0.05500631034374237,0.011538691818714142,-0.1697847843170166,0.5939764976501465
-0.04974083602428436,0.012814231216907501,-0.16128113865852356,0.5720131397247314
-0.049392566084861755,0.01316281408071518,-0.15774953365325928,0.5677233934402466
-0.050851598381996155,0.013202540576457977,-0.1541157066822052,0.5715595483779907
-0.05914495885372162,0.013316765427589417,-0.14911672472953796,0.5790404081344604
-0.05967320501804352,0.013243153691291809,-0.1474827527999878,0.5806997418403625
-0.06706742942333221,0.008790038526058197,-0.14221927523612976,0.5650879740715027
-0.0680660754442215,0.005599848926067352,-0.13828477263450623,0.5473047494888306
-0.06811811029911041,0.004864431917667389,-0.1370912790298462,0.5432652235031128
-0.06807760894298553,0.0035264715552330017,-0.13787150382995605,0.5399125814437866
-0.0680386871099472,0.0032169073820114136,-0.13806845247745514,0.5391440391540527
-0.06833852827548981,0.005967006087303162,-0.13840866088867188,0.5368380546569824
-0.0683041661977768,0.006678737699985504,-0.13818363845348358,0.5364392995834351
-0.06998284161090851,0.008997656404972076,-0.1319454312324524,0.5252259969711304
-0.06999196112155914,0.009580723941326141,-0.12973369657993317,0.5225424766540527
-0.06637080013751984,0.010455317795276642,-0.12134288251399994,0.5115531086921692
-0.06616218388080597,0.01072874665260315,-0.11869534105062485,0.5086464881896973
-0.06194974482059479,0.009501174092292786,-0.11107474565505981,0.49557292461395264
-0.06169907748699188,0.009190194308757782,-0.10880099982023239,0.4924154281616211
-0.05858965218067169,0.005079716444015503,-0.10577800869941711,0.4832056164741516
-0.05840142071247101,0.004063203930854797,-0.10497648268938065,0.480746865272522
-0.05810381472110748,0.0004184991121292114,-0.1055065393447876,0.47044262290000916
-0.05799110233783722,-0.0006051436066627502,-0.1056625247001648,0.4676668047904968
-0.05899690091609955,-0.0037974491715431213,-0.10853701084852219,0.45473724603652954
-0.05782832205295563,-0.004660271108150482,-0.10896856337785721,0.4426378607749939
-0.05767713487148285,-0.004933305084705353,-0.10884977132081985,0.440331369638443
-0.05741013586521149,-0.004556208848953247,-0.1092471182346344,0.43455827236175537
-0.057333722710609436,-0.004537932574748993,-0.10937494784593582,0.43318068981170654
-0.056999459862709045,-0.005292855203151703,-0.10730796307325363,0.4282706677913666
-0.05695714056491852,-0.005558110773563385,-0.10664267092943192,0.4270690083503723
-0.05677236616611481,-0.007628977298736572,-0.10473324358463287,0.41698122024536133
-0.0567043274641037,-0.008197762072086334,-0.10432028770446777,0.4143313765525818
-0.05644635856151581,-0.007633581757545471,-0.10005412995815277,0.402863472700119
-0.05639593303203583,-0.007512778043746948,-0.09888646006584167,0.39978906512260437
-0.055399999022483826,-0.00912032276391983,-0.09337879717350006,0.384918749332428
-0.05530126392841339,-0.009432174265384674,-0.09196785092353821,0.380533367395401
-0.054509237408638,-0.010702840983867645,-0.08660060167312622,0.37013107538223267
-0.05443789064884186,-0.010993100702762604,-0.0850537121295929,0.36694902181625366
-0.05334858596324921,-0.011451348662376404,-0.07856644690036774,0.353049099445343
-0.05326975882053375,-0.011493019759654999,-0.07686823606491089,0.34885138273239136
-0.05230449140071869,-0.013891860842704773,-0.07246680557727814,0.33831262588500977
-0.051689162850379944,-0.01564512401819229,-0.06901253759860992,0.32849034667015076
-0.05162753164768219,-0.01588813215494156,-0.06861279904842377,0.32625600695610046
-0.05141504108905792,-0.015310481190681458,-0.06805005669593811,0.32814908027648926
-0.05144743621349335,-0.015163548290729523,-0.06798617541790009,0.32872533798217773
-0.05158112943172455,-0.014350242912769318,-0.06951114535331726,0.3306312561035156
-0.05161328613758087,-0.01418381929397583,-0.07008929550647736,0.33113589882850647
-0.050462767481803894,-0.014236494898796082,-0.0721433162689209,0.3263428211212158
-0.05041603744029999,-0.014172345399856567,-0.07335945963859558,0.3248618543148041
-0.0494927316904068,-0.013324916362762451,-0.07460802793502808,0.32156920433044434
-0.049485668540000916,-0.013151317834854126,-0.07518425583839417,0.3205285668373108
-0.04680173099040985,-0.014321520924568176,-0.07258535921573639,0.3057188093662262
-0.046705976128578186,-0.014371916651725769,-0.07254700362682343,0.3011704087257385
-0.044859036803245544,-0.013085447251796722,-0.07025989890098572,0.295943021774292
-0.04481559991836548,-0.01278192549943924,-0.06962016224861145,0.2942601442337036
-0.04441656172275543,-0.014777712523937225,-0.0694761872291565,0.2887493968009949
-0.04424871504306793,-0.015947289764881134,-0.06795348227024078,0.282844215631485
-0.044302329421043396,-0.01614844799041748,-0.06717929244041443,0.2812559902667999
-0.04290257394313812,-0.015153348445892334,-0.06764471530914307,0.2784084677696228
-0.04287649691104889,-0.014871858060359955,-0.06798538565635681,0.27753686904907227
-0.04404851794242859,-0.016915790736675262,-0.06565849483013153,0.2760084867477417
-0.04415172338485718,-0.017301760613918304,-0.06442107260227203,0.27545166015625
-0.04494936764240265,-0.018924154341220856,-0.059884846210479736,0.26515480875968933
-0.045000746846199036,-0.019161775708198547,-0.05847848951816559,0.26208916306495667
-0.045137181878089905,-0.020972847938537598,-0.05490116775035858,0.25458192825317383
-0.04514320194721222,-0.02120979130268097,-0.05362507700920105,0.2525627613067627
-0.043008774518966675,-0.023969188332557678,-0.05087408423423767,0.24108175933361053
-0.04296424984931946,-0.024388395249843597,-0.049653708934783936,0.23794351518154144
-0.040800049901008606,-0.025375574827194214,-0.04699541628360748,0.2321869134902954
-0.04074661433696747,-0.025571435689926147,-0.045593857765197754,0.2306911200284958
-0.038724496960639954,-0.026052355766296387,-0.04364989697933197,0.22299104928970337
-0.03864239156246185,-0.026152320206165314,-0.04301153123378754,0.2209109514951706
-0.03648361563682556,-0.02567407488822937,-0.041253507137298584,0.21633173525333405
-0.036385998129844666,-0.02556375414133072,-0.040504246950149536,0.2151041477918625
-0.03541955351829529,-0.024103939533233643,-0.03809674084186554,0.21328911185264587
-0.03538252413272858,-0.023790135979652405,-0.037151649594306946,0.21288485825061798
-0.03329336643218994,-0.022031709551811218,-0.03365369141101837,0.21084411442279816
-0.033227890729904175,-0.021575927734375,-0.03248204290866852,0.2103191763162613
-0.03349184989929199,-0.020605601370334625,-0.030809640884399414,0.20818519592285156
-0.032986581325531006,-0.020305119454860687,-0.028204545378684998,0.20375755429267883
-0.03299394249916077,-0.02027418464422226,-0.02742902934551239,0.20276114344596863
-0.03279796242713928,-0.019671276211738586,-0.026151031255722046,0.19961625337600708
-0.0328110009431839,-0.019519098103046417,-0.02570238709449768,0.19891630113124847
-0.031637609004974365,-0.018250949680805206,-0.022723272442817688,0.19428524374961853
-0.03181733191013336,-0.017210379242897034,-0.019853338599205017,0.18873581290245056
-0.03185616433620453,-0.016836926341056824,-0.01885657012462616,0.18748070299625397
-0.03132234513759613,-0.016661733388900757,-0.01785166561603546,0.18428273499011993
-0.03131626546382904,-0.01641087234020233,-0.017546579241752625,0.18352212011814117
-0.03131456673145294,-0.016327790915966034,-0.017466634511947632,0.1833842545747757
-0.030951112508773804,-0.016770198941230774,-0.016576677560806274,0.1788465976715088
-0.03111398220062256,-0.01758461445569992,-0.014469876885414124,0.17275077104568481
-0.031114786863327026,-0.017670854926109314,-0.013707786798477173,0.17132525146007538
-0.03219522535800934,-0.01826850324869156,-0.013175725936889648,0.16432927548885345
-0.03221139311790466,-0.018387869000434875,-0.013108476996421814,0.162656769156456
-0.03220422565937042,-0.018360555171966553,-0.013103276491165161,0.16241371631622314
-0.03188169002532959,-0.018030397593975067,-0.013028353452682495,0.15494057536125183
-0.03183700144290924,-0.016015104949474335,-0.01227983832359314,0.14695525169372559
-0.03181305527687073,-0.015559174120426178,-0.012053728103637695,0.145217627286911
-0.03135928511619568,-0.014399990439414978,-0.01255093514919281,0.14058268070220947
-0.031324759125709534,-0.01415533572435379,-0.012769386172294617,0.1394331157207489
-0.03068302571773529,-0.012622460722923279,-0.013477206230163574,0.13592538237571716
-0.03064030408859253,-0.01233220100402832,-0.013814359903335571,0.13501766324043274
-0.029371708631515503,-0.011134400963783264,-0.014417290687561035,0.1320643126964569
-0.02933049201965332,-0.010883264243602753,-0.01481977105140686,0.13133108615875244
-0.028341636061668396,-0.009633712470531464,-0.015138640999794006,0.128454327583313
-0.028307750821113586,-0.009400486946105957,-0.015394479036331177,0.12769731879234314
-0.027333706617355347,-0.00886969268321991,-0.01472485065460205,0.12357032299041748
-0.027302399277687073,-0.00866575539112091,-0.014573201537132263,0.12253174185752869
-0.02610085904598236,-0.006691768765449524,-0.013787895441055298,0.11799132823944092
-0.026062697172164917,-0.006262816488742828,-0.013561949133872986,0.1168597936630249
-0.02561183273792267,-0.0057368651032447815,-0.012682437896728516,0.11419340968132019
-0.0256071537733078,-0.005610615015029907,-0.012367784976959229,0.11348843574523926
-0.024719566106796265,-0.004761993885040283,-0.011231884360313416,0.11105921864509583
-0.023979008197784424,-0.004294000566005707,-0.010044306516647339,0.10764002799987793
-0.023950010538101196,-0.004113622009754181,-0.009730115532875061,0.10681265592575073
-0.023529842495918274,-0.0040162429213523865,-0.00900973379611969,0.10442566871643066
-0.023514539003372192,-0.0038969069719314575,-0.008858442306518555,0.10382205247879028
-0.022799238562583923,-0.00298231840133667,-0.008589819073677063,0.10039138793945312
-0.022772178053855896,-0.002705514430999756,-0.008624836802482605,0.09951740503311157
-0.022216930985450745,-0.0026101022958755493,-0.008620202541351318,0.09791886806488037
-0.021641582250595093,-0.00251220166683197,-0.008589595556259155,0.09639149904251099
-0.0216170996427536,-0.002383217215538025,-0.008603408932685852,0.09606504440307617
-0.02161504328250885,-0.0023353323340415955,-0.0086030513048172,0.09599560499191284
-0.021164879202842712,-0.0029487237334251404,-0.008255943655967712,0.09391626715660095
-0.0211561918258667,-0.0029423609375953674,-0.008168056607246399,0.09341174364089966
-0.02006050944328308,-0.002713516354560852,-0.00741887092590332,0.09118932485580444
-0.020019352436065674,-0.0025274083018302917,-0.007102593779563904,0.09069967269897461
-0.019646242260932922,-0.002415485680103302,-0.006303444504737854,0.08703044056892395
-0.019632354378700256,-0.00222807377576828,-0.006002664566040039,0.08612564206123352
-0.019167929887771606,-0.001923970878124237,-0.005066275596618652,0.08413833379745483
-0.019148796796798706,-0.0017766058444976807,-0.004648298025131226,0.0836603045463562
-0.018820852041244507,-0.0010135248303413391,-0.0038395673036575317,0.08153995871543884
-0.017956554889678955,-5.8278441429138184e-05,-0.0024720430374145508,0.07724744081497192
-0.01793321967124939,0.0002597048878669739,-0.0020322054624557495,0.07621127367019653
-0.017409726977348328,0.0010019168257713318,-0.0008647739887237549,0.07354012131690979
-0.017402514815330505,0.0012363865971565247,-0.0003724098205566406,0.07289779186248779
-0.016830220818519592,0.0017845407128334045,0.00036670267581939697,0.06821337342262268
-0.016832783818244934,0.0020364969968795776,0.0007350444793701172,0.06706276535987854
-0.016013741493225098,0.002548687160015106,0.0017061084508895874,0.06514811515808105
-0.01599135994911194,0.002715282142162323,0.0021511465311050415,0.06476771831512451
-0.015825003385543823,0.0030341818928718567,0.002119988203048706,0.06324970722198486
-0.015812143683433533,0.0031661763787269592,0.0022333115339279175,0.06297218799591064
-0.015634670853614807,0.003191329538822174,0.0025572627782821655,0.061558812856674194
-0.015635550022125244,0.003217458724975586,0.002716243267059326,0.06125682592391968
-0.015717849135398865,0.0036195144057273865,0.0024226009845733643,0.059902966022491455
-0.015728935599327087,0.003696925938129425,0.0023936033248901367,0.05961430072784424
-0.016151532530784607,0.0035944879055023193,0.002667367458343506,0.05666735768318176
-0.01618237793445587,0.0036521926522254944,0.00295257568359375,0.05593493580818176
-0.016523778438568115,0.003921911120414734,0.00321999192237854,0.05457291007041931
-0.016541853547096252,0.003984175622463226,0.0034263581037521362,0.054273635149002075
-0.016858980059623718,0.004297100007534027,0.0030002444982528687,0.05261179804801941
-0.016879498958587646,0.004381090402603149,0.0029042214155197144,0.05214604735374451
-0.01701684296131134,0.0046850889921188354,0.0026696324348449707,0.05090305209159851
-0.017023935914039612,0.004778549075126648,0.002699747681617737,0.05054023861885071
-0.01703830063343048,0.004868902266025543,0.0021483302116394043,0.04934859275817871
-0.017041608691215515,0.004956603050231934,0.0020630210638046265,0.0490419864654541
-0.01706896722316742,0.004950143396854401,0.0020383745431900024,0.0476517379283905
-0.017148911952972412,0.004629120230674744,0.0021050870418548584,0.04621174931526184
-0.017161250114440918,0.004659757018089294,0.0021995753049850464,0.04583728313446045
-0.01695224642753601,0.004968628287315369,0.0020175427198410034,0.04485905170440674
-0.016934767365455627,0.005069166421890259,0.002088099718093872,0.04458245635032654
-0.0169316828250885,0.005103006958961487,0.002123236656188965,0.0445212721824646
-0.01668095588684082,0.00579562783241272,0.0019314438104629517,0.04282030463218689
-0.016415640711784363,0.006533712148666382,0.002210557460784912,0.03988891839981079
-0.016417652368545532,0.006751395761966705,0.0025727003812789917,0.03914019465446472
-0.016201987862586975,0.00757221132516861,0.003140553832054138,0.03715997934341431
-0.016188576817512512,0.007798485457897186,0.003583952784538269,0.036622196435928345
-0.01575067639350891,0.00819234549999237,0.00419771671295166,0.034405291080474854
-0.01572665572166443,0.008385919034481049,0.004699334502220154,0.033807337284088135
-0.015468001365661621,0.009050600230693817,0.0051658302545547485,0.03219825029373169
-0.01545780897140503,0.009250946342945099,0.005475237965583801,0.031757205724716187
-0.015204697847366333,0.009607851505279541,0.005381524562835693,0.030200690031051636
-0.015186905860900879,0.009766452014446259,0.005513325333595276,0.029707610607147217
-0.014766126871109009,0.010360553860664368,0.005882486701011658,0.02848529815673828
-0.014739394187927246,0.010553255677223206,0.006210595369338989,0.02813553810119629
-0.014206469058990479,0.011241130530834198,0.006819695234298706,0.026859164237976074
-0.014178529381752014,0.011425532400608063,0.007145106792449951,0.026516616344451904
-0.013859212398529053,0.011725351214408875,0.00774797797203064,0.025212377309799194
-0.013502225279808044,0.012006454169750214,0.008127734065055847,0.0238095223903656
-0.013490080833435059,0.012157745659351349,0.008348822593688965,0.02340543270111084
-0.013417363166809082,0.012429140508174896,0.008062154054641724,0.023166000843048096
-0.013422861695289612,0.012501552700996399,0.007921934127807617,0.023080259561538696
-0.013308107852935791,0.012772276997566223,0.007951587438583374,0.023058444261550903
-0.013307169079780579,0.012837380170822144,0.007978305220603943,0.023017704486846924
-0.012967094779014587,0.013089947402477264,0.007986858487129211,0.021700352430343628
-0.012953996658325195,0.013221941888332367,0.00804862380027771,0.02128911018371582
-0.01284848153591156,0.013387404382228851,0.008476346731185913,0.02008378505706787
-0.012474000453948975,0.013553738594055176,0.008413702249526978,0.01774698495864868
-0.012461602687835693,0.013738147914409637,0.008451610803604126,0.01705595850944519
-0.012460052967071533,0.013827033340930939,0.00850670039653778,0.016890406608581543
-0.012463033199310303,0.01378544420003891,0.00825481116771698,0.016165614128112793
-0.01223018765449524,0.013805866241455078,0.008426085114479065,0.014967739582061768
-0.012222126126289368,0.013890683650970459,0.008448809385299683,0.014629215002059937
-0.012021467089653015,0.014186635613441467,0.00888766348361969,0.013830810785293579
-0.012013286352157593,0.014309205114841461,0.009029790759086609,0.01356971263885498
-0.01195669174194336,0.014803387224674225,0.00933617353439331,0.01344221830368042
-0.011955499649047852,0.01492292433977127,0.009518072009086609,0.013376414775848389
-0.01166677474975586,0.014899469912052155,0.009901687502861023,0.01264876127243042
-0.011656433343887329,0.014961697161197662,0.010088294744491577,0.012401431798934937
-0.01152348518371582,0.014893993735313416,0.010525062680244446,0.011465877294540405
-0.011516422033309937,0.01495862752199173,0.010808780789375305,0.011147290468215942
-0.011518210172653198,0.014965593814849854,0.011149272322654724,0.010204225778579712
-0.011513441801071167,0.015049770474433899,0.011355787515640259,0.009861677885055542
-0.011079758405685425,0.014827027916908264,0.01162797212600708,0.008912503719329834
-0.011017292737960815,0.014649488031864166,0.01236414909362793,0.008001238107681274
-0.011013269424438477,0.014715895056724548,0.012744680047035217,0.0077187418937683105
-0.011012330651283264,0.01476401835680008,0.012883901596069336,0.007643848657608032
-0.011015132069587708,0.014786623418331146,0.013180658221244812,0.0072296857833862305
-0.010720118880271912,0.014655277132987976,0.013238102197647095,0.0063461363315582275
-0.010708078742027283,0.014710396528244019,0.01332731544971466,0.0060482025146484375
-0.010706990957260132,0.014751993119716644,0.01337762176990509,0.005970686674118042
-0.010709509253501892,0.01460268348455429,0.013365283608436584,0.00522950291633606
-0.010445967316627502,0.014700151979923248,0.013431474566459656,0.004313081502914429
-0.010439902544021606,0.014786534011363983,0.013468384742736816,0.004023104906082153
-0.010145515203475952,0.014760136604309082,0.013724654912948608,0.0036946535110473633
-0.010143324732780457,0.014790616929531097,0.013768315315246582,0.0035846829414367676
-0.010147839784622192,0.015029102563858032,0.013904392719268799,0.0032576918601989746
-0.0101613849401474,0.015083640813827515,0.013880982995033264,0.0031534135341644287
-0.00981651246547699,0.015219956636428833,0.014119520783424377,0.002354860305786133
-0.009806305170059204,0.01529054343700409,0.014238804578781128,0.002091139554977417
-0.009691789746284485,0.015627823770046234,0.014512866735458374,0.0014127492904663086
-0.009390324354171753,0.016204938292503357,0.014750540256500244,0.0005139410495758057
-0.00937354564666748,0.016367293894290924,0.014864027500152588,0.0002219080924987793
-0.009096205234527588,0.016736790537834167,0.014809265732765198,-0.00070914626121521
-0.00908590853214264,0.016850076615810394,0.014771133661270142,-0.0010177195072174072
-0.008842021226882935,0.017410963773727417,0.014809787273406982,-0.0016095638275146484
-0.008836477994918823,0.017527565360069275,0.014774173498153687,-0.0017994344234466553
-0.008909076452255249,0.017901599407196045,0.015041902661323547,-0.0016386806964874268
-0.008926063776016235,0.018191292881965637,0.015290379524230957,-0.002175956964492798
-0.008919328451156616,0.018267415463924408,0.01538841426372528,-0.002361506223678589
-0.008879289031028748,0.01842620223760605,0.015287920832633972,-0.002698451280593872
-0.008882701396942139,0.01846861094236374,0.01520422101020813,-0.0028018951416015625
-0.008883312344551086,0.018480882048606873,0.015185922384262085,-0.0028258860111236572
-0.008781373500823975,0.018789947032928467,0.0147562175989151,-0.003640979528427124
-0.008685871958732605,0.019333437085151672,0.014232710003852844,-0.00433725118637085
-0.008688122034072876,0.019449181854724884,0.0140199214220047,-0.00453534722328186
-0.008688539266586304,0.019477710127830505,0.01396992802619934,-0.004588454961776733
-0.008582144975662231,0.01981024444103241,0.013497665524482727,-0.004999011754989624
-0.008152246475219727,0.020107954740524292,0.012575149536132812,-0.00450405478477478
-0.008140400052070618,0.02010592818260193,0.012186869978904724,-0.004310131072998047
-0.008009344339370728,0.020215481519699097,0.011838540434837341,-0.004241436719894409
-0.008007854223251343,0.020221948623657227,0.011682659387588501,-0.004215747117996216
-0.00798138976097107,0.020596101880073547,0.011653229594230652,-0.003917038440704346
-0.007980749011039734,0.020638197660446167,0.011602222919464111,-0.003813624382019043
-0.007998257875442505,0.02060629427433014,0.011540398001670837,-0.003367096185684204
-0.007995367050170898,0.020575866103172302,0.011471912264823914,-0.003224611282348633
-0.008018389344215393,0.0206480473279953,0.011081680655479431,-0.003139704465866089
-0.007913097739219666,0.021116822957992554,0.010635226964950562,-0.0036802589893341064
-0.007926642894744873,0.02120901644229889,0.010404899716377258,-0.003856450319290161
-0.00804629921913147,0.02106793224811554,0.010279983282089233,-0.004292786121368408
-0.008069232106208801,0.021068692207336426,0.010195404291152954,-0.004429519176483154
-0.00800083577632904,0.021014243364334106,0.0100899338722229,-0.004205137491226196
-0.008001089096069336,0.021004274487495422,0.010020002722740173,-0.004121720790863037
-0.007921397686004639,0.021104156970977783,0.010090544819831848,-0.0037506818771362305
-0.007913663983345032,0.02110987901687622,0.01009400188922882,-0.0036186277866363525
-0.00800904631614685,0.02128848433494568,0.009607762098312378,-0.003508329391479492
-0.008011028170585632,0.02130463719367981,0.009423553943634033,-0.0034798383712768555
-0.007996216416358948,0.021485477685928345,0.009266659617424011,-0.0034867525100708008
-0.007987722754478455,0.021510973572731018,0.009221777319908142,-0.0034996867179870605
-0.007773414254188538,0.0217018723487854,0.009468138217926025,-0.0031487643718719482
-0.007756054401397705,0.021720245480537415,0.009527131915092468,-0.003025352954864502
-0.007477849721908569,0.02172119915485382,0.00969037413597107,-0.0035673677921295166
-0.007470190525054932,0.02175748348236084,0.009707331657409668,-0.0037430524826049805
-0.0073664188385009766,0.021656885743141174,0.009714365005493164,-0.003568202257156372
-0.0073618292808532715,0.02164842188358307,0.00974467396736145,-0.0035241246223449707
-0.007222861051559448,0.021405577659606934,0.009826689958572388,-0.003499329090118408
-0.0071443915367126465,0.021563231945037842,0.009843438863754272,-0.0037306547164916992
-0.007148221135139465,0.021614685654640198,0.009874299168586731,-0.0038119256496429443
-0.007149890065193176,0.02171771228313446,0.010058417916297913,-0.004170447587966919
-0.007173016667366028,0.021752581000328064,0.010082006454467773,-0.004292339086532593
-0.0069749802350997925,0.022019878029823303,0.010533079504966736,-0.005360990762710571
-0.006976619362831116,0.022130697965621948,0.01071140170097351,-0.005721032619476318
-0.006634876132011414,0.02267138659954071,0.011007681488990784,-0.0063231587409973145
-0.00661112368106842,0.0228041410446167,0.011129692196846008,-0.006519526243209839
-0.006356596946716309,0.023065432906150818,0.011567264795303345,-0.0064865052700042725
-0.006332382559776306,0.02312341332435608,0.01174946129322052,-0.006471395492553711
-0.006048679351806641,0.023410245776176453,0.012053444981575012,-0.006542712450027466
-0.005618557333946228,0.02381215989589691,0.012355417013168335,-0.006661117076873779
-0.005611449480056763,0.02388770878314972,0.012401506304740906,-0.0066915154457092285
-0.0052648186683654785,0.024166569113731384,0.013032540678977966,-0.006966829299926758
-0.00525394082069397,0.02423679828643799,0.01318611204624176,-0.007061094045639038
-0.005161359906196594,0.024324044585227966,0.01333494484424591,-0.006655484437942505
-0.005148857831954956,0.024316519498825073,0.0133725106716156,-0.006517976522445679
-0.004984691739082336,0.024271160364151,0.013466998934745789,-0.006362229585647583
-0.004972219467163086,0.02425670623779297,0.013509437441825867,-0.006320208311080933
-0.004818066954612732,0.02447544038295746,0.013305053114891052,-0.006118565797805786
-0.004815712571144104,0.02450580894947052,0.013213112950325012,-0.006058782339096069
-0.0046499669551849365,0.024724334478378296,0.013410001993179321,-0.005844295024871826
-0.004635274410247803,0.024767771363258362,0.013492673635482788,-0.005779534578323364
-0.0045077502727508545,0.02497105300426483,0.013414353132247925,-0.005449116230010986
-0.004505053162574768,0.024998947978019714,0.013386264443397522,-0.005340546369552612
-0.004174768924713135,0.02528698742389679,0.013678520917892456,-0.005523085594177246
-0.004150420427322388,0.025717005133628845,0.013699755072593689,-0.005681812763214111
-0.004174709320068359,0.025792986154556274,0.013598889112472534,-0.0057125091552734375
-0.004147276282310486,0.0260658860206604,0.01375606656074524,-0.0062416791915893555
-0.004143208265304565,0.026123464107513428,0.013829618692398071,-0.00639420747756958
-0.004141852259635925,0.026138827204704285,0.01386222243309021,-0.006426811218261719
-0.00395376980304718,0.025833353400230408,0.013641834259033203,-0.007450073957443237
-0.003951475024223328,0.025381892919540405,0.013521432876586914,-0.0081196129322052
-0.003975406289100647,0.025362148880958557,0.013485804200172424,-0.008307427167892456
-0.0039995163679122925,0.025179564952850342,0.013615131378173828,-0.00896880030632019
-0.003854036331176758,0.02529531717300415,0.013703972101211548,-0.009668022394180298
-0.0038720816373825073,0.02535901963710785,0.01372586190700531,-0.009870290756225586
-0.0036838650703430176,0.02540948987007141,0.013796493411064148,-0.010701894760131836
-0.0036856085062026978,0.025469094514846802,0.013842225074768066,-0.010973304510116577
-0.003590226173400879,0.025357574224472046,0.01357579231262207,-0.011378169059753418
-0.0035959184169769287,0.025367647409439087,0.01343575119972229,-0.011513173580169678
-0.0034079253673553467,0.02516081929206848,0.012680575251579285,-0.011881500482559204
-0.0034222453832626343,0.025143757462501526,0.012349605560302734,-0.012000083923339844
-0.0035104453563690186,0.02531382441520691,0.011514425277709961,-0.012644082307815552
-0.0035408735275268555,0.025356382131576538,0.01117357611656189,-0.012833744287490845
-0.003452584147453308,0.02550375461578369,0.011034980416297913,-0.013139516115188599
-0.0034531354904174805,0.025550901889801025,0.010981932282447815,-0.013225287199020386
-0.003391057252883911,0.025453850626945496,0.010821372270584106,-0.013626933097839355
-0.003445163369178772,0.025590553879737854,0.009933263063430786,-0.013869524002075195
-0.003443285822868347,0.025623828172683716,0.009649693965911865,-0.01393023133277893
-0.0035840272903442383,0.02573108673095703,0.00919961929321289,-0.014346569776535034
-0.003566563129425049,0.025767505168914795,0.009161785244941711,-0.01450464129447937
-0.003690585494041443,0.02595438063144684,0.00901651382446289,-0.01460978388786316
-0.0036618858575820923,0.02599431574344635,0.009062021970748901,-0.014663457870483398
-0.0035293251276016235,0.026156634092330933,0.00909721851348877,-0.014641553163528442
-0.003504827618598938,0.026188895106315613,0.009111329913139343,-0.014641642570495605
-0.0030497461557388306,0.0264691561460495,0.009601414203643799,-0.01467105746269226
-0.0029816776514053345,0.026539579033851624,0.009795591235160828,-0.014659702777862549
-0.0028024613857269287,0.027400478720664978,0.01065903902053833,-0.014495104551315308
-0.002763912081718445,0.027556777000427246,0.010946959257125854,-0.014414936304092407
-0.0022926777601242065,0.028477832674980164,0.011213511228561401,-0.014292031526565552
-0.002273246645927429,0.028646498918533325,0.011160656809806824,-0.014196425676345825
-0.0024858862161636353,0.028895705938339233,0.012407392263412476,-0.013891816139221191
-0.0024468451738357544,0.028969690203666687,0.01281130313873291,-0.01371106505393982
-0.00294610857963562,0.029339134693145752,0.014724001288414001,-0.014070898294448853
-0.0029050707817077637,0.02948036789894104,0.015483006834983826,-0.014122188091278076
-0.002840369939804077,0.029704198241233826,0.01584051549434662,-0.01450243592262268
-0.002731427550315857,0.030480429530143738,0.016442954540252686,-0.015423506498336792
-0.0027009546756744385,0.03066171705722809,0.0166885107755661,-0.01567775011062622
-0.0025472939014434814,0.0313272625207901,0.017045482993125916,-0.016265869140625
-0.0025321096181869507,0.03145582973957062,0.017181098461151123,-0.0164622962474823
-0.0023628026247024536,0.03193067014217377,0.017123356461524963,-0.01708933711051941
-0.0023522675037384033,0.03203326463699341,0.01706261932849884,-0.01727849245071411
-0.002189129590988159,0.032239362597465515,0.01652306318283081,-0.017560064792633057
-0.002194046974182129,0.032295942306518555,0.016309916973114014,-0.017660588026046753
-0.002154603600502014,0.032201990485191345,0.015722885727882385,-0.01762506365776062
-0.002171739935874939,0.032175153493881226,0.015486583113670349,-0.017611384391784668
-0.002200096845626831,0.032018616795539856,0.015318647027015686,-0.01759609580039978
-0.0022112280130386353,0.03197912871837616,0.015289545059204102,-0.017602145671844482
-0.0023121237754821777,0.03172352910041809,0.015168026089668274,-0.01745164394378662
-0.002221226692199707,0.031683191657066345,0.015241935849189758,-0.01734393835067749
-0.0022215843200683594,0.03166817128658295,0.015316635370254517,-0.017348498106002808
-0.0022202283143997192,0.03166058659553528,0.015333548188209534,-0.017342686653137207
-0.0021981894969940186,0.03163465857505798,0.015033930540084839,-0.017413556575775146
-0.0019134432077407837,0.03141416609287262,0.01519756019115448,-0.018016129732131958
-0.0019196271896362305,0.031379520893096924,0.01525096595287323,-0.018193960189819336
-0.0017280131578445435,0.03118361532688141,0.015001997351646423,-0.01866975426673889
-0.001730591058731079,0.031159937381744385,0.014911934733390808,-0.018836230039596558
-0.0017657727003097534,0.030871987342834473,0.0146932452917099,-0.01884487271308899
-0.0017805397510528564,0.030828416347503662,0.014612242579460144,-0.018852323293685913
-0.0021330714225769043,0.030149921774864197,0.014773428440093994,-0.018478453159332275
-0.0021610260009765625,0.030026167631149292,0.01488669216632843,-0.018375039100646973
-0.002534016966819763,0.029614686965942383,0.014835372567176819,-0.01862776279449463
-0.002564534544944763,0.02955128252506256,0.014816418290138245,-0.018700718879699707
-0.002444833517074585,0.029218345880508423,0.014606460928916931,-0.01873108744621277
-0.002440914511680603,0.029167696833610535,0.014549270272254944,-0.018712610006332397
-0.0022579729557037354,0.0290052592754364,0.014219418168067932,-0.018823206424713135
-0.0018366873264312744,0.028740644454956055,0.013344019651412964,-0.018290996551513672
-0.001825779676437378,0.028677478432655334,0.012950658798217773,-0.018091410398483276
-0.0016954243183135986,0.02853800356388092,0.012321501970291138,-0.017774373292922974
-0.0016951411962509155,0.02851228415966034,0.01203097403049469,-0.01765263080596924
-0.0016324669122695923,0.02857227623462677,0.011651024222373962,-0.017947375774383545
-0.00161762535572052,0.028593868017196655,0.0115174800157547,-0.01801455020904541
-0.0015030205249786377,0.02873171865940094,0.01164679229259491,-0.017768293619155884
-0.0014682263135910034,0.02875298261642456,0.011805981397628784,-0.017666548490524292
-0.0014872997999191284,0.028652027249336243,0.01242499053478241,-0.01724579930305481
-0.0013434141874313354,0.028649553656578064,0.01280224323272705,-0.01634800434112549
-0.0013131499290466309,0.028690308332443237,0.012871280312538147,-0.016048789024353027
-0.0013751685619354248,0.02985362708568573,0.013230755925178528,-0.014933913946151733
-0.0013371706008911133,0.030088260769844055,0.013295218348503113,-0.014504015445709229
-0.001329958438873291,0.030106037855148315,0.01329009234905243,-0.014416366815567017
-0.0012440234422683716,0.03142847120761871,0.014086782932281494,-0.014527291059494019
-0.0010705292224884033,0.032658472657203674,0.014855295419692993,-0.013991087675094604
-0.0010372400283813477,0.03289830684661865,0.015150606632232666,-0.013787150382995605
-0.0009201616048812866,0.03361901640892029,0.015848234295845032,-0.013294726610183716
-0.0009177327156066895,0.03377699851989746,0.016005799174308777,-0.01308894157409668
-0.0006694644689559937,0.03464259207248688,0.01662507653236389,-0.012926489114761353
-0.0006644278764724731,0.03482769429683685,0.016792505979537964,-0.012852996587753296
-0.0006222426891326904,0.03514362871646881,0.017504647374153137,-0.01267978549003601
-0.00040924549102783203,0.035376206040382385,0.01803271472454071,-0.01284557580947876
-0.0004025697708129883,0.03539575636386871,0.0181722491979599,-0.012917131185531616
-0.0001628100872039795,0.035148605704307556,0.01808135211467743,-0.013797074556350708
-0.00017014145851135254,0.03511287271976471,0.018052339553833008,-0.014101266860961914
-2.35140323638916e-05,0.0347747802734375,0.0179150253534317,-0.01463991403579712
-3.9517879486083984e-05,0.0347348153591156,0.017844483256340027,-0.014827489852905273
-4.649162292480469e-06,0.034534573554992676,0.017535105347633362,-0.015137284994125366
-3.342330455780029e-05,0.034516289830207825,0.017379969358444214,-0.015245825052261353
0.00013937056064605713,0.0342993438243866,0.0170133113861084,-0.01580187678337097
0.00012895464897155762,0.03429113328456879,0.01685541868209839,-0.015981674194335938
0.00025500357151031494,0.03436027467250824,0.01655764877796173,-0.016230076551437378
0.00028637051582336426,0.034407153725624084,0.01629355549812317,-0.01627349853515625
0.00026263296604156494,0.03441232442855835,0.016195669770240784,-0.01628527045249939
0.00032025575637817383,0.034556224942207336,0.016120493412017822,-0.016506075859069824
0.00030826032161712646,0.03458459675312042,0.01607075333595276,-0.016589701175689697
0.0003054887056350708,0.03459163010120392,0.016062557697296143,-0.016608446836471558
0.00041538476943969727,0.03431926667690277,0.016158312559127808,-0.01647886633872986
0.0006139129400253296,0.034251272678375244,0.016380131244659424,-0.016239583492279053
0.0006315112113952637,0.03422802686691284,0.01644781231880188,-0.016176968812942505
0.00044167041778564453,0.03410826623439789,0.01651117205619812,-0.015998244285583496
0.0004480332136154175,0.034073472023010254,0.016537949442863464,-0.015939146280288696
0.0004296153783798218,0.033897995948791504,0.016788005828857422,-0.016020923852920532
0.0004496276378631592,0.033862337470054626,0.016925618052482605,-0.016054391860961914
0.00046865642070770264,0.03362005949020386,0.016953811049461365,-0.01596394181251526
0.00048251450061798096,0.03356581926345825,0.01699022948741913,-0.015935540199279785
0.0004976540803909302,0.0335216224193573,0.01715579628944397,-0.015522181987762451
0.0005016475915908813,0.03346735239028931,0.016948118805885315,-0.01562562584877014
0.0004861503839492798,0.03345176577568054,0.01685255765914917,-0.01567476987838745
0.0005467534065246582,0.033533573150634766,0.01688946783542633,-0.016181528568267822
0.0005327165126800537,0.033575743436813354,0.01685960590839386,-0.016329139471054077
0.0005281120538711548,0.03359529376029968,0.016866520047187805,-0.016363710165023804
0.00045680999755859375,0.0335594117641449,0.016844481229782104,-0.016678214073181152
0.0009405314922332764,0.033627793192863464,0.01671859622001648,-0.01673680543899536
0.0009653866291046143,0.03367653489112854,0.016652226448059082,-0.016720503568649292
0.0012077242136001587,0.033755332231521606,0.015806734561920166,-0.016786545515060425
0.0012236088514328003,0.03380154073238373,0.015528589487075806,-0.016784846782684326
0.0014809221029281616,0.03436662256717682,0.015910059213638306,-0.01728355884552002
0.0015355795621871948,0.03449834883213043,0.016126886010169983,-0.017427533864974976
0.0012916773557662964,0.03447984158992767,0.01610305905342102,-0.01773330569267273
0.0012834221124649048,0.03445813059806824,0.016063988208770752,-0.017839670181274414
0.0013907402753829956,0.03437788784503937,0.016229569911956787,-0.018003195524215698
0.0012377500534057617,0.034452810883522034,0.015868082642555237,-0.01763322949409485
0.0012423843145370483,0.03443041443824768,0.015783250331878662,-0.017499297857284546
0.0010741055011749268,0.034481629729270935,0.015691757202148438,-0.017672479152679443
0.0010725557804107666,0.034467801451683044,0.015690341591835022,-0.017710566520690918
0.0011196881532669067,0.03423669934272766,0.01572781801223755,-0.017795801162719727
0.001124560832977295,0.034195706248283386,0.015742227435112,-0.017818868160247803
0.0016085803508758545,0.034391850233078,0.016444846987724304,-0.01818785071372986
0.0016338527202606201,0.03446006774902344,0.016683131456375122,-0.0182916522026062
0.0016446709632873535,0.034491509199142456,0.01678188145160675,-0.018339723348617554
0.0016442686319351196,0.03450311720371246,0.01681920886039734,-0.01835811138153076
0.0016964823007583618,0.03467513620853424,0.01676282286643982,-0.01850113272666931
0.0017007440328598022,0.034701868891716,0.01675271987915039,-0.018554270267486572
0.0017144978046417236,0.03471784293651581,0.016754671931266785,-0.01855367422103882
0.0016959011554718018,0.03470692038536072,0.016750603914260864,-0.018570423126220703
0.0016956329345703125,0.034703463315963745,0.016751915216445923,-0.018575221300125122
0.0016747862100601196,0.0346544086933136,0.016773447394371033,-0.01857110857963562
0.0016722828149795532,0.034646064043045044,0.016779541969299316,-0.0185682475566864
0.0016444921493530273,0.03457178175449371,0.016816675662994385,-0.0185086727142334
0.0016430765390396118,0.03456118702888489,0.016822010278701782,-0.01848664879798889
0.0016427934169769287,0.0345231294631958,0.016833201050758362,-0.018399715423583984
0.001643449068069458,0.03451932966709137,0.016837909817695618,-0.01836979389190674
0.0016437768936157227,0.03451874852180481,0.01683729887008667,-0.01836290955543518
0.0016445666551589966,0.034516945481300354,0.016836807131767273,-0.018360555171966553
0.0016442984342575073,0.03451618552207947,0.016836583614349365,-0.018359899520874023
0.0016250759363174438,0.03455103933811188,0.016810014843940735,-0.018358319997787476
0.0015968531370162964,0.034634098410606384,0.01671677827835083,-0.018314212560653687
0.0015993118286132812,0.03464815020561218,0.01670365035533905,-0.018304675817489624
0.0016067922115325928,0.03476095199584961,0.016743317246437073,-0.018411993980407715
0.0016069412231445312,0.034781455993652344,0.016752824187278748,-0.0184478759765625
0.0016875863075256348,0.034840479493141174,0.016793295741081238,-0.018433839082717896
0.00168667733669281,0.03485466539859772,0.016792848706245422,-0.018429875373840332
0.0017633438110351562,0.03495645523071289,0.01682586967945099,-0.01843053102493286
0.0017615854740142822,0.034981802105903625,0.01681751012802124,-0.018430262804031372
0.001711726188659668,0.03483991324901581,0.01670345664024353,-0.01848304271697998
0.0016044974327087402,0.034601807594299316,0.01622939109802246,-0.018384605646133423
0.0015934556722640991,0.034556254744529724,0.016080766916275024,-0.018353193998336792
0.0017773956060409546,0.034569695591926575,0.015695616602897644,-0.018189698457717896
0.0017836838960647583,0.034584179520606995,0.01558917760848999,-0.01814255118370056
0.0019883960485458374,0.034642890095710754,0.015609592199325562,-0.01814088225364685
0.0019973814487457275,0.034673064947128296,0.015599727630615234,-0.018140077590942383
0.0019957125186920166,0.03472866117954254,0.01581883430480957,-0.018309831619262695
0.002006635069847107,0.03475181758403778,0.0158376544713974,-0.01836201548576355
0.0020166337490081787,0.03494533896446228,0.015707924962043762,-0.017260879278182983
0.0020364224910736084,0.034975990653038025,0.0156552791595459,-0.016916930675506592
0.002008885145187378,0.03450584411621094,0.015114232897758484,-0.017142772674560547
0.0011660903692245483,0.033980593085289,0.015569120645523071,-0.01769283413887024
0.0012098699808120728,0.03387802839279175,0.01600658893585205,-0.017875105142593384
0.0012300312519073486,0.03387172520160675,0.01613539457321167,-0.017918318510055542
0.0013633966445922852,0.03391873836517334,0.016973212361335754,-0.017217427492141724
0.0018621385097503662,0.03430250287055969,0.016199320554733276,-0.016584157943725586
0.0018732845783233643,0.03432697057723999,0.01592230796813965,-0.01639804244041443
0.0021485835313796997,0.03532502055168152,0.01713573932647705,-0.016374200582504272
0.0022138655185699463,0.035476893186569214,0.01770623028278351,-0.016305625438690186
0.0016203969717025757,0.03623364865779877,0.01733805239200592,-0.016197234392166138
0.0015654563903808594,0.0365186482667923,0.01707279682159424,-0.016133040189743042
0.0010311007499694824,0.03670163452625275,0.015695720911026,-0.015823453664779663
0.000917583703994751,0.03672309219837189,0.014806583523750305,-0.015743136405944824
0.002255365252494812,0.03670525550842285,0.01619020104408264,-0.017075538635253906
0.0025656670331954956,0.03694717586040497,0.017220348119735718,-0.01748025417327881
0.0026151537895202637,0.037019625306129456,0.017565622925758362,-0.017570078372955322
0.0026864856481552124,0.037000760436058044,0.01768079400062561,-0.017765700817108154
0.0026901066303253174,0.037010759115219116,0.017716631293296814,-0.017828434705734253
0.0021429210901260376,0.03650146722793579,0.016853392124176025,-0.017912358045578003
0.0020413100719451904,0.036558836698532104,0.01639983057975769,-0.018032938241958618
0.001838773488998413,0.03665485978126526,0.01623283326625824,-0.018223196268081665
0.0018267333507537842,0.03667941689491272,0.01623094081878662,-0.0182858407497406
0.001842692494392395,0.0367080420255661,0.016336455941200256,-0.018303513526916504
0.0018571913242340088,0.03670622408390045,0.016414254903793335,-0.01829671859741211
0.001815706491470337,0.03663043677806854,0.01650543510913849,-0.017948389053344727
0.0018199682235717773,0.036596521735191345,0.01654525101184845,-0.017834067344665527
0.0018210411071777344,0.03658299148082733,0.01654963195323944,-0.017809957265853882
0.001820594072341919,0.03657715022563934,0.01654788851737976,-0.017801135778427124
0.0018202811479568481,0.03657457232475281,0.016546085476875305,-0.017797231674194336
0.0018203705549240112,0.036573439836502075,0.01654466986656189,-0.017795562744140625
0.0018203705549240112,0.03657282888889313,0.016543984413146973,-0.017794817686080933
0.0018203705549240112,0.03657257556915283,0.01654374599456787,-0.017794370651245117
0.0018203705549240112,0.03657244145870209,0.016543447971343994,-0.01779422163963318
0.0018203705549240112,0.036572426557540894,0.0165431946516037,-0.017794102430343628
0.0018203705549240112,0.03657233715057373,0.01654335856437683,-0.017794013023376465
0.0018203705549240112,0.03657233715057373,0.01654335856437683,-0.017794013023376465
0.0018203705549240112,0.03657233715057373,0.0165431946516037,-0.017794102430343628
0.0018203705549240112,0.03657233715057373,0.0165431946516037,-0.017794102430343628
0.0018203705549240112,0.03657233715057373,0.0165431946516037,-0.017794102430343628
0.0018203705549240112,0.03657233715057373,0.0165431946516037,-0.017794102430343628
0.0018203705549240112,0.03657233715057373,0.0165431946516037,-0.017794102430343628
0.0018203705549240112,0.03657233715057373,0.0165431946516037,-0.017794102430343628
0.0018203705549240112,0.03657233715057373,0.0165431946516037,-0.017794102430343628
0.0018203705549240112,0.03657233715057373,0.0165431946516037,-0.017794102430343628
0.0018203705549240112,0.03657233715057373,0.0165431946516037,-0.017794102430343628
0.0018203705549240112,0.03657233715057373,0.0165431946516037,-0.017794102430343628
0.0018203705549240112,0.03657233715057373,0.0165431946516037,-0.017794102430343628
0.0018203705549240112,0.03657233715057373,0.0165431946516037,-0.017794102430343628
0.0018203705549240112,0.03657233715057373,0.0165431946516037,-0.017794102430343628
0.0018203705549240112,0.03657233715057373,0.0165431946516037,-0.017794102430343628
0.0018203705549240112,0.03657233715057373,0.0165431946516037,-0.017794102430343628
0.0018203705549240112,0.03657233715057373,0.0165431946516037,-0.017794102430343628
0.0018203705549240112,0.03657233715057373,0.0165431946516037,-0.017794102430343628
0.0018203705549240112,0.03657233715057373,0.0165431946516037,-0.017794102430343628
0.0018203705549240112,0.03657233715057373,0.0165431946516037,-0.017794102430343628
0.0018203705549240112,0.03657233715057373,0.0165431946516037,-0.017794102430343628
0.0018203705549240112,0.03657233715057373,0.0165431946516037,-0.017794102430343628
0.0018203705549240112,0.03657233715057373,0.0165431946516037,-0.017794102430343628
0.001822143793106079,0.036572039127349854,0.016544416546821594,-0.017793118953704834
0.0018223375082015991,0.036572009325027466,0.016545549035072327,-0.017792463302612305
0.001821860671043396,0.036571964621543884,0.016545549035072327,-0.01779225468635559
0.0018220841884613037,0.036571964621543884,0.016545772552490234,-0.017792344093322754
0.0018152743577957153,0.036573514342308044,0.016557738184928894,-0.01784178614616394
0.0018146783113479614,0.036572009325027466,0.016567647457122803,-0.01785820722579956
0.0018166303634643555,0.03657206892967224,0.016569942235946655,-0.017854243516921997
0.001816779375076294,0.03657256066799164,0.016570359468460083,-0.017853111028671265
0.0017583668231964111,0.036630779504776,0.016525283455848694,-0.01773202419281006
0.0017613768577575684,0.036637723445892334,0.01652105152606964,-0.0176888108253479
0.0017388314008712769,0.03666730225086212,0.0164758563041687,-0.017667412757873535
0.0017396807670593262,0.03667856752872467,0.016463547945022583,-0.01766255497932434
0.0018038004636764526,0.036673590540885925,0.015724897384643555,-0.017243504524230957
0.001827731728553772,0.036886170506477356,0.015491962432861328,-0.017229855060577393
0.0018394142389297485,0.03690546751022339,0.015475913882255554,-0.01725897192955017
0.0017268508672714233,0.03682635724544525,0.015491724014282227,-0.017270773649215698
0.00171700119972229,0.03678762912750244,0.015509158372879028,-0.017288893461227417
0.001605600118637085,0.036788880825042725,0.01534995436668396,-0.01784306764602661
0.0015683174133300781,0.036773040890693665,0.015258654952049255,-0.01800912618637085
0.0015824884176254272,0.036691948771476746,0.015166670083999634,-0.018009066581726074
0.0015840530395507812,0.0366813987493515,0.015153080224990845,-0.018019884824752808
0.001607939600944519,0.036672383546829224,0.015146464109420776,-0.018044501543045044
0.0016082078218460083,0.036670491099357605,0.015130996704101562,-0.018051087856292725
0.0016049444675445557,0.0366818904876709,0.015119686722755432,-0.017879962921142578
0.001601383090019226,0.03666563332080841,0.015109524130821228,-0.017834961414337158
0.001599133014678955,0.0368245393037796,0.01522509753704071,-0.01782393455505371
0.0016582906246185303,0.03678286075592041,0.01559990644454956,-0.017759114503860474
0.001670241355895996,0.036759763956069946,0.01570563018321991,-0.017740875482559204
0.0013227909803390503,0.0366150438785553,0.01594027876853943,-0.017010748386383057
0.001326635479927063,0.03657062351703644,0.016044318675994873,-0.01682901382446289
0.0010291486978530884,0.036105409264564514,0.015634238719940186,-0.016525298357009888
0.0009960979223251343,0.03593657910823822,0.01555284857749939,-0.016476333141326904
0.000990748405456543,0.03589673340320587,0.015524327754974365,-0.016466528177261353
0.0011384636163711548,0.03512457013130188,0.015328586101531982,-0.016181588172912598
0.0011264681816101074,0.03497667610645294,0.015340626239776611,-0.016128331422805786
0.0014804452657699585,0.034927353262901306,0.016823306679725647,-0.017999261617660522
0.0012452006340026855,0.035248786211013794,0.018221765756607056,-0.01810029149055481
0.0012119561433792114,0.035311564803123474,0.018557265400886536,-0.018107563257217407
0.0013051629066467285,0.035067588090896606,0.018386632204055786,-0.018197357654571533
0.0012917816638946533,0.03500518202781677,0.018331632018089294,-0.018259257078170776
0.0013980120420455933,0.034585535526275635,0.01678381860256195,-0.018079102039337158
0.0014036297798156738,0.034493207931518555,0.016371682286262512,-0.01802605390548706
0.001403018832206726,0.034475669264793396,0.016245901584625244,-0.018014580011367798
0.0014027208089828491,0.03446848690509796,0.01620413362979889,-0.018008679151535034
0.0014033019542694092,0.03446522355079651,0.01618930697441101,-0.0180056095123291
0.0014028847217559814,0.03446362912654877,0.016184106469154358,-0.018003612756729126
0.0014032721519470215,0.034462884068489075,0.01618213951587677,-0.018002957105636597
0.0014155060052871704,0.034939348697662354,0.017959922552108765,-0.018105804920196533
0.001423850655555725,0.035043150186538696,0.018432527780532837,-0.018136978149414062
0.0010461807250976562,0.0359676331281662,0.016963094472885132,-0.017297685146331787
0.0010786354541778564,0.036137714982032776,0.016849026083946228,-0.01706463098526001
0.0014469623565673828,0.03624330461025238,0.015819787979125977,-0.01795443892478943
0.0015887916088104248,0.03668069839477539,0.015506818890571594,-0.01809602975845337
0.0016012638807296753,0.036784395575523376,0.01544874906539917,-0.018122494220733643
0.001806497573852539,0.036533430218696594,0.016249462962150574,-0.017951279878616333
0.001825779676437378,0.03655010461807251,0.01646915078163147,-0.017827749252319336
0.0018233656883239746,0.036564961075782776,0.01652069389820099,-0.01780039072036743
0.0018222033977508545,0.03657005727291107,0.01653735339641571,-0.017793923616409302
0.0018218010663986206,0.03657133877277374,0.01654292643070221,-0.01779267191886902
0.0018214434385299683,0.03657174110412598,0.016544759273529053,-0.017792314291000366
0.0018221139907836914,0.03657180070877075,0.016545474529266357,-0.01779225468635559
0.0018220841884613037,0.036571964621543884,0.016545549035072327,-0.017792165279388428
0.0018220841884613037,0.036571964621543884,0.01654551923274994,-0.01779225468635559
0.0018220841884613037,0.036571964621543884,0.01654551923274994,-0.017792165279388428
0.0018220841884613037,0.036571964621543884,0.016545772552490234,-0.01779225468635559
0.0018220841884613037,0.036571964621543884,0.016545772552490234,-0.01779225468635559
0.0018220841884613037,0.036571964621543884,0.016545772552490234,-0.01779225468635559
0.0018220841884613037,0.036571964621543884,0.016545772552490234,-0.01779225468635559
0.0018220841884613037,0.036571964621543884,0.016545772552490234,-0.01779225468635559
0.0018220841884613037,0.036571964621543884,0.016545772552490234,-0.01779225468635559
0.0018220841884613037,0.036571964621543884,0.016545772552490234,-0.01779225468635559
0.0018220841884613037,0.036571964621543884,0.016545772552490234,-0.01779225468635559
0.0018220841884613037,0.036571964621543884,0.016545772552490234,-0.01779225468635559
0.0018220841884613037,0.036571964621543884,0.016545772552490234,-0.01779225468635559
0.0018220841884613037,0.036571964621543884,0.016545772552490234,-0.01779225468635559
0.0018220841884613037,0.036571964621543884,0.016545772552490234,-0.01779225468635559
0.0018220841884613037,0.036571964621543884,0.016545772552490234,-0.01779225468635559
0.0018220841884613037,0.036571964621543884,0.016545772552490234,-0.01779225468635559
0.0018220841884613037,0.036571964621543884,0.016545772552490234,-0.01779225468635559
0.0018220841884613037,0.036571964621543884,0.016545772552490234,-0.01779225468635559
0.0018220841884613037,0.036571964621543884,0.016545772552490234,-0.01779225468635559
0.0018220841884613037,0.036571964621543884,0.016545772552490234,-0.01779225468635559
0.0018220841884613037,0.036571964621543884,0.016545772552490234,-0.01779225468635559
0.0018220841884613037,0.036571964621543884,0.016545772552490234,-0.01779225468635559
0.0018220841884613037,0.036571964621543884,0.016545772552490234,-0.01779225468635559
0.0018220841884613037,0.036571964621543884,0.016545772552490234,-0.01779225468635559
0.0018220841884613037,0.036571964621543884,0.016545772552490234,-0.01779225468635559
0.0018220841884613037,0.036571964621543884,0.016545772552490234,-0.01779225468635559
0.0018220841884613037,0.036571964621543884,0.016545772552490234,-0.01779225468635559
0.0018220841884613037,0.036571964621543884,0.016545772552490234,-0.01779225468635559
0.0018220841884613037,0.036571964621543884,0.016545772552490234,-0.01779225468635559
0.0018220841884613037,0.036571964621543884,0.016545772552490234,-0.01779225468635559
0.0018220841884613037,0.036571964621543884,0.016545772552490234,-0.01779225468635559
0.0018220841884613037,0.036571964621543884,0.016545772552490234,-0.01779225468635559
0.0018220841884613037,0.036571964621543884,0.016545772552490234,-0.01779225468635559
0.0018220841884613037,0.036571964621543884,0.016545772552490234,-0.01779225468635559
0.0018220841884613037,0.036571964621543884,0.016545772552490234,-0.01779225468635559
0.0018220841884613037,0.036571964621543884,0.016545772552490234,-0.01779225468635559
0.001823142170906067,0.03657117486000061,0.016548946499824524,-0.017787903547286987
0.0018234848976135254,0.03657114505767822,0.01655063033103943,-0.01778644323348999
0.001823320984840393,0.036571115255355835,0.01655060052871704,-0.017786353826522827
0.001823320984840393,0.036571115255355835,0.016551285982131958,-0.017786145210266113
0.0018232911825180054,0.036571115255355835,0.01655101776123047,-0.017786234617233276
0.0018232911825180054,0.03657108545303345,0.01655101776123047,-0.017786234617233276
0.0018232911825180054,0.03657108545303345,0.01655101776123047,-0.017786234617233276
0.0018232911825180054,0.03657108545303345,0.01655101776123047,-0.017786234617233276
0.0018232911825180054,0.03657108545303345,0.01655101776123047,-0.017786234617233276
0.0018232911825180054,0.03657108545303345,0.01655101776123047,-0.017786234617233276
0.0018232911825180054,0.03657108545303345,0.01655101776123047,-0.017786234617233276
0.0018232911825180054,0.03657108545303345,0.01655101776123047,-0.017786234617233276
0.0018232911825180054,0.03657108545303345,0.01655101776123047,-0.017786234617233276
0.0018232911825180054,0.03657108545303345,0.01655101776123047,-0.017786234617233276
0.0018232911825180054,0.03657108545303345,0.01655101776123047,-0.017786234617233276
0.0018232911825180054,0.03657108545303345,0.01655101776123047,-0.017786234617233276
0.0018232911825180054,0.03657108545303345,0.01655101776123047,-0.017786234617233276
0.0018232911825180054,0.03657108545303345,0.01655101776123047,-0.017786234617233276
0.0018232911825180054,0.03657108545303345,0.01655101776123047,-0.017786234617233276
0.0018232911825180054,0.03657108545303345,0.01655101776123047,-0.017786234617233276
0.0018232911825180054,0.03657108545303345,0.01655101776123047,-0.017786234617233276
0.0018232911825180054,0.03657108545303345,0.01655101776123047,-0.017786234617233276
0.0018232911825180054,0.03657108545303345,0.01655101776123047,-0.017786234617233276
0.0018232911825180054,0.03657108545303345,0.01655101776123047,-0.017786234617233276
0.0018232911825180054,0.03657108545303345,0.01655101776123047,-0.017786234617233276
0.0018232911825180054,0.03657108545303345,0.01655101776123047,-0.017786234617233276
0.0018232911825180054,0.03657108545303345,0.01655101776123047,-0.017786234617233276
0.0018232911825180054,0.03657108545303345,0.01655101776123047,-0.017786234617233276
0.0018232911825180054,0.03657108545303345,0.01655101776123047,-0.017786234617233276
0.0018232911825180054,0.03657108545303345,0.01655101776123047,-0.017786234617233276
0.0018232911825180054,0.03657108545303345,0.01655101776123047,-0.017786234617233276
0.0018232911825180054,0.03657108545303345,0.01655101776123047,-0.017786234617233276
0.0018232911825180054,0.03657108545303345,0.01655101776123047,-0.017786234617233276
0.0018232911825180054,0.03657108545303345,0.01655101776123047,-0.017786234617233276
0.0018232911825180054,0.03657108545303345,0.01655101776123047,-0.017786234617233276
0.0018232911825180054,0.03657108545303345,0.01655101776123047,-0.017786234617233276
0.0018232911825180054,0.03657108545303345,0.01655101776123047,-0.017786234617233276
0.0018232911825180054,0.03657108545303345,0.01655101776123047,-0.017786234617233276
0.0018232911825180054,0.03657108545303345,0.01655101776123047,-0.017786234617233276
0.0018232911825180054,0.03657108545303345,0.01655101776123047,-0.017786234617233276
0.0018232911825180054,0.03657108545303345,0.01655101776123047,-0.017786234617233276
0.0018232911825180054,0.03657108545303345,0.01655101776123047,-0.017786234617233276
0.0018231868743896484,0.03657133877277374,0.01655179262161255,-0.017787396907806396
0.0018239468336105347,0.03657133877277374,0.016552045941352844,-0.01778760552406311
0.00182323157787323,0.03657133877277374,0.016552090644836426,-0.01778775453567505
0.00182323157787323,0.03657136857509613,0.016552090644836426,-0.017787694931030273
0.00182323157787323,0.03657136857509613,0.016552090644836426,-0.017787694931030273
0.00182323157787323,0.03657136857509613,0.016552090644836426,-0.017787694931030273
0.00182323157787323,0.03657136857509613,0.016552090644836426,-0.017787694931030273
0.00182323157787323,0.03657136857509613,0.016552090644836426,-0.017787694931030273
0.00182323157787323,0.03657136857509613,0.016552090644836426,-0.017787694931030273
0.00182323157787323,0.03657136857509613,0.016552090644836426,-0.017787694931030273
0.00182323157787323,0.03657136857509613,0.016552090644836426,-0.017787694931030273
0.00182323157787323,0.03657136857509613,0.016552090644836426,-0.017787694931030273
0.00182323157787323,0.03657136857509613,0.016552090644836426,-0.017787694931030273
0.00182323157787323,0.03657136857509613,0.016552090644836426,-0.017787694931030273
0.00182323157787323,0.03657136857509613,0.016552090644836426,-0.017787694931030273
0.00182323157787323,0.03657136857509613,0.016552090644836426,-0.017787694931030273
0.00182323157787323,0.03657136857509613,0.016552090644836426,-0.017787694931030273
0.00182323157787323,0.03657136857509613,0.016552090644836426,-0.017787694931030273
0.00182323157787323,0.03657136857509613,0.016552090644836426,-0.017787694931030273
0.0018233507871627808,0.036571204662323,0.016552209854125977,-0.017787247896194458
0.0018234103918075562,0.036571204662323,0.016552522778511047,-0.01778697967529297
0.0018233507871627808,0.03657124936580658,0.016552478075027466,-0.01778694987297058
0.0018233656883239746,0.03657124936580658,0.016552478075027466,-0.01778694987297058
0.0018233656883239746,0.03657124936580658,0.016552478075027466,-0.01778694987297058
0.0018233656883239746,0.03657124936580658,0.016552478075027466,-0.01778694987297058
0.0018322020769119263,0.03656966984272003,0.016565680503845215,-0.017766296863555908
0.0018320679664611816,0.03656792640686035,0.016570255160331726,-0.017758876085281372
0.0018323659896850586,0.03656703233718872,0.016571044921875,-0.017757385969161987
0.0018323510885238647,0.03656667470932007,0.016571104526519775,-0.017756760120391846
0.0018320977687835693,0.03656645119190216,0.016571223735809326,-0.01775646209716797
0.0018320530652999878,0.036566391587257385,0.016571059823036194,-0.01775631308555603
0.0018320530652999878,0.036566361784935,0.01657092571258545,-0.017756283283233643
0.0018320530652999878,0.036566361784935,0.01657092571258545,-0.017756283283233643
0.0018320530652999878,0.03656633198261261,0.016571179032325745,-0.017756283283233643
0.0018320530652999878,0.03656630218029022,0.016571179032325745,-0.017756283283233643
0.0018320530652999878,0.03656630218029022,0.016571179032325745,-0.017756283283233643
0.0018320530652999878,0.03656630218029022,0.016571179032325745,-0.017756283283233643
0.0018320530652999878,0.03656630218029022,0.016571179032325745,-0.017756283283233643
0.0018320530652999878,0.03656630218029022,0.016571179032325745,-0.017756283283233643
0.0018320530652999878,0.03656630218029022,0.016571179032325745,-0.017756283283233643
0.0018320530652999878,0.03656630218029022,0.016571179032325745,-0.017756283283233643
0.0018320530652999878,0.03656630218029022,0.016571179032325745,-0.017756283283233643
0.0018320530652999878,0.03656630218029022,0.016571179032325745,-0.017756283283233643
0.0018320530652999878,0.03656630218029022,0.016571179032325745,-0.017756283283233643
0.0018320530652999878,0.03656630218029022,0.016571179032325745,-0.017756283283233643
0.0018320530652999878,0.03656630218029022,0.016571179032325745,-0.017756283283233643
0.0018320530652999878,0.03656630218029022,0.016571179032325745,-0.017756283283233643
0.0018320530652999878,0.03656630218029022,0.016571179032325745,-0.017756283283233643
0.0018320530652999878,0.03656630218029022,0.016571179032325745,-0.017756283283233643
0.0018320530652999878,0.03656630218029022,0.016571179032325745,-0.017756283283233643
0.0018320530652999878,0.03656630218029022,0.016571179032325745,-0.017756283283233643
0.0018320530652999878,0.03656630218029022,0.016571179032325745,-0.017756283283233643
0.0018320530652999878,0.03656630218029022,0.016571179032325745,-0.017756283283233643
0.0018320530652999878,0.03656630218029022,0.016571179032325745,-0.017756283283233643
0.001845434308052063,0.036576300859451294,0.01658700406551361,-0.017733663320541382
0.0018462687730789185,0.03657779097557068,0.016593024134635925,-0.01772606372833252
0.0018461793661117554,0.03657768666744232,0.016594335436820984,-0.01772448420524597
0.0018461346626281738,0.03657752275466919,0.016594499349594116,-0.017723947763442993
0.0018461346626281738,0.03657741844654083,0.016594424843788147,-0.017723649740219116
0.0018463581800460815,0.03657734394073486,0.016594678163528442,-0.017723679542541504
0.0018463581800460815,0.03657728433609009,0.016594544053077698,-0.017723649740219116
0.0018606185913085938,0.03661520779132843,0.016580834984779358,-0.01761007308959961
0.0018630772829055786,0.03662759065628052,0.016566738486289978,-0.01756998896598816
0.0018632113933563232,0.03662879765033722,0.01656094193458557,-0.017561107873916626
0.0018629282712936401,0.03662823140621185,0.01655825972557068,-0.017558038234710693
0.0018631815910339355,0.03662772476673126,0.016556859016418457,-0.01755690574645996
0.0018631815910339355,0.03662741184234619,0.01655632257461548,-0.01755639910697937
0.0018629580736160278,0.03662721812725067,0.01655593514442444,-0.017556101083755493
0.0018629580736160278,0.03662712872028351,0.01655583083629608,-0.017556041479110718
0.0018629580736160278,0.03662712872028351,0.016556069254875183,-0.017555981874465942
0.0018629580736160278,0.03662708401679993,0.01655593514442444,-0.017555952072143555
0.0018629580736160278,0.03662708401679993,0.01655593514442444,-0.017555952072143555
0.0018629580736160278,0.03662708401679993,0.01655593514442444,-0.017555952072143555
0.0018629580736160278,0.03662708401679993,0.01655593514442444,-0.017555952072143555
0.0018629580736160278,0.03662708401679993,0.01655593514442444,-0.017555952072143555
0.0018629580736160278,0.03662708401679993,0.01655593514442444,-0.017555952072143555
0.0018629580736160278,0.03662708401679993,0.01655593514442444,-0.017555952072143555
0.0018629580736160278,0.03662708401679993,0.01655593514442444,-0.017555952072143555
0.0018629580736160278,0.03662708401679993,0.01655593514442444,-0.017555952072143555
0.0018629580736160278,0.03662708401679993,0.01655593514442444,-0.017555952072143555
0.0018629580736160278,0.03662708401679993,0.01655593514442444,-0.017555952072143555
0.0018629580736160278,0.03662708401679993,0.01655593514442444,-0.017555952072143555
0.0018629580736160278,0.03662708401679993,0.01655593514442444,-0.017555952072143555
0.0018629580736160278,0.03662708401679993,0.01655593514442444,-0.017555952072143555
0.0018629580736160278,0.03662708401679993,0.01655593514442444,-0.017555952072143555
0.0018629580736160278,0.03662708401679993,0.01655593514442444,-0.017555952072143555
0.0018629580736160278,0.03662708401679993,0.01655593514442444,-0.017555952072143555
0.0018629580736160278,0.03662708401679993,0.01655593514442444,-0.017555952072143555
0.0018629580736160278,0.03662708401679993,0.01655593514442444,-0.017555952072143555
0.0018629580736160278,0.03662708401679993,0.01655593514442444,-0.017555952072143555
0.0018629580736160278,0.03662708401679993,0.01655593514442444,-0.017555952072143555
0.0018629580736160278,0.03662708401679993,0.01655593514442444,-0.017555952072143555
0.0018629580736160278,0.03662708401679993,0.01655593514442444,-0.017555952072143555
0.0018629580736160278,0.03662708401679993,0.01655593514442444,-0.017555952072143555
0.0018629580736160278,0.03662708401679993,0.01655593514442444,-0.017555952072143555
0.0018629580736160278,0.03662708401679993,0.01655593514442444,-0.017555952072143555
0.0018629580736160278,0.03662708401679993,0.01655593514442444,-0.017555952072143555
0.0018629580736160278,0.03662708401679993,0.01655593514442444,-0.017555952072143555
0.0018629580736160278,0.03662708401679993,0.01655593514442444,-0.017555952072143555
0.0018629580736160278,0.03662708401679993,0.01655593514442444,-0.017555952072143555
0.0018629580736160278,0.03662708401679993,0.01655593514442444,-0.017555952072143555
0.0018671751022338867,0.036661937832832336,0.01657220721244812,-0.017515182495117188
0.0018684715032577515,0.0366719514131546,0.01658204197883606,-0.017500758171081543
0.0018690526485443115,0.036673545837402344,0.016584113240242004,-0.017497599124908447
0.0018696784973144531,0.03667360544204712,0.01658429205417633,-0.017496705055236816
0.0018695294857025146,0.03667356073856354,0.01658448576927185,-0.01749640703201294
0.0018688738346099854,0.036673471331596375,0.01658424735069275,-0.017496258020401
0.0018688440322875977,0.03667342662811279,0.01658444106578827,-0.017496258020401
0.0018688440322875977,0.036673396825790405,0.016584187746047974,-0.017496258020401
0.0018688440322875977,0.036673396825790405,0.016584187746047974,-0.017496258020401
0.0018688440322875977,0.036673396825790405,0.016584187746047974,-0.017496258020401
0.0018688440322875977,0.036673396825790405,0.016584187746047974,-0.017496109008789062
0.0018688440322875977,0.036673396825790405,0.016584187746047974,-0.017496109008789062
0.0018688440322875977,0.03667338192462921,0.016584187746047974,-0.017496109008789062
0.0018688440322875977,0.03667338192462921,0.016584187746047974,-0.017496109008789062
0.0018688440322875977,0.03667338192462921,0.016584187746047974,-0.017496109008789062
0.0018688440322875977,0.03667338192462921,0.016584187746047974,-0.017496109008789062
0.0018688440322875977,0.03667338192462921,0.016584187746047974,-0.017496109008789062
0.0018688440322875977,0.03667338192462921,0.016584187746047974,-0.017496109008789062
0.0018688440322875977,0.03667338192462921,0.016584187746047974,-0.017496109008789062
0.0018688440322875977,0.03667338192462921,0.016584187746047974,-0.017496109008789062
0.0018688440322875977,0.03667338192462921,0.016584187746047974,-0.017496109008789062
0.0018688440322875977,0.03667338192462921,0.016584187746047974,-0.017496109008789062
0.0018688440322875977,0.03667338192462921,0.016584187746047974,-0.017496109008789062
0.0018688440322875977,0.03667338192462921,0.016584187746047974,-0.017496109008789062
0.0018688440322875977,0.03667338192462921,0.016584187746047974,-0.017496109008789062
0.0018688440322875977,0.03667338192462921,0.016584187746047974,-0.017496109008789062
0.0018688440322875977,0.03667338192462921,0.016584187746047974,-0.017496109008789062
0.0018688440322875977,0.03667338192462921,0.016584187746047974,-0.017496109008789062
0.0018688440322875977,0.03667338192462921,0.016584187746047974,-0.017496109008789062
0.0018688440322875977,0.03667338192462921,0.016584187746047974,-0.017496109008789062
0.0018688440322875977,0.03667338192462921,0.016584187746047974,-0.017496109008789062
0.0018688440322875977,0.03667338192462921,0.016584187746047974,-0.017496109008789062
0.0018688440322875977,0.03667338192462921,0.016584187746047974,-0.017496109008789062
0.0018688440322875977,0.03667338192462921,0.016584187746047974,-0.017496109008789062
0.0018688440322875977,0.03667338192462921,0.016584187746047974,-0.017496109008789062
0.0018688440322875977,0.03667338192462921,0.016584187746047974,-0.017496109008789062
0.0018688440322875977,0.03667338192462921,0.016584187746047974,-0.017496109008789062
0.0018688440322875977,0.03667338192462921,0.016584187746047974,-0.017496109008789062
0.0018688440322875977,0.03667338192462921,0.016584187746047974,-0.017496109008789062
0.0018688440322875977,0.03667338192462921,0.016584187746047974,-0.017496109008789062
0.0018688440322875977,0.03667338192462921,0.016584187746047974,-0.017496109008789062
0.0018688440322875977,0.03667338192462921,0.016584187746047974,-0.017496109008789062
0.0018688440322875977,0.03667338192462921,0.016584187746047974,-0.017496109008789062
0.0018688440322875977,0.03667338192462921,0.016584187746047974,-0.017496109008789062
0.0018688440322875977,0.03667338192462921,0.016584187746047974,-0.017496109008789062
0.0018688440322875977,0.03667338192462921,0.016584187746047974,-0.017496109008789062
0.0018688440322875977,0.03667338192462921,0.016584187746047974,-0.017496109008789062
0.0018688440322875977,0.03667338192462921,0.016584187746047974,-0.017496109008789062
0.0018688440322875977,0.03667338192462921,0.016584187746047974,-0.017496109008789062
0.0018688440322875977,0.03667338192462921,0.016584187746047974,-0.017496109008789062
0.0018688440322875977,0.03667338192462921,0.016584187746047974,-0.017496109008789062
0.0018688440322875977,0.03667338192462921,0.016584187746047974,-0.017496109008789062
0.0018688440322875977,0.03667338192462921,0.016584187746047974,-0.017496109008789062
0.0018688440322875977,0.03667338192462921,0.016584187746047974,-0.017496109008789062
0.0018688440322875977,0.03667338192462921,0.016584187746047974,-0.017496109008789062
0.0018688440322875977,0.03667338192462921,0.016584187746047974,-0.017496109008789062
0.0018688440322875977,0.03667338192462921,0.016584187746047974,-0.017496109008789062
0.0018688440322875977,0.03667338192462921,0.016584187746047974,-0.017496109008789062
0.0018688440322875977,0.03667338192462921,0.016584187746047974,-0.017496109008789062
0.0018688440322875977,0.03667338192462921,0.016584187746047974,-0.017496109008789062
0.0018688440322875977,0.03667338192462921,0.016584187746047974,-0.017496109008789062
0.0018688440322875977,0.03667338192462921,0.016584187746047974,-0.017496109008789062
0.0018688440322875977,0.03667338192462921,0.016584187746047974,-0.017496109008789062
0.0018688440322875977,0.03667338192462921,0.016584187746047974,-0.017496109008789062
0.0018688440322875977,0.03667338192462921,0.016584187746047974,-0.017496109008789062
0.0018688440322875977,0.03667338192462921,0.016584187746047974,-0.017496109008789062
0.0018688440322875977,0.03667338192462921,0.016584187746047974,-0.017496109008789062
0.0018688440322875977,0.03667338192462921,0.016584187746047974,-0.017496109008789062
0.0018688440322875977,0.03667338192462921,0.016584187746047974,-0.017496109008789062
0.0018688440322875977,0.03667338192462921,0.016584187746047974,-0.017496109008789062
0.0018688440322875977,0.03667338192462921,0.016584187746047974,-0.017496109008789062
0.0018688440322875977,0.03667338192462921,0.016584187746047974,-0.017496109008789062
0.0018688440322875977,0.03667338192462921,0.016584187746047974,-0.017496109008789062
0.0018688440322875977,0.03667338192462921,0.016584187746047974,-0.017496109008789062
0.0018688440322875977,0.03667338192462921,0.016584187746047974,-0.017496109008789062
0.0018688440322875977,0.03667338192462921,0.016584187746047974,-0.017496109008789062
0.0018688440322875977,0.03667338192462921,0.016584187746047974,-0.017496109008789062
0.0018688440322875977,0.03667338192462921,0.016584187746047974,-0.017496109008789062
0.0018688440322875977,0.03667338192462921,0.016584187746047974,-0.017496109008789062
0.0018688440322875977,0.03667338192462921,0.016584187746047974,-0.017496109008789062
0.0018688440322875977,0.03667338192462921,0.016584187746047974,-0.017496109008789062
0.0018688440322875977,0.03667338192462921,0.016584187746047974,-0.017496109008789062
0.0018688440322875977,0.03667338192462921,0.016584187746047974,-0.017496109008789062
0.0018688440322875977,0.03667338192462921,0.016584187746047974,-0.017496109008789062
0.0018688440322875977,0.03667338192462921,0.016584187746047974,-0.017496109008789062
0.0018688440322875977,0.03667338192462921,0.016584187746047974,-0.017496109008789062
0.0018688440322875977,0.03667338192462921,0.016584187746047974,-0.017496109008789062
0.0018688440322875977,0.03667338192462921,0.016584187746047974,-0.017496109008789062
0.0018688440322875977,0.03667338192462921,0.016584187746047974,-0.017496109008789062
0.0018688440322875977,0.03667338192462921,0.016584187746047974,-0.017496109008789062
0.0018688440322875977,0.03667338192462921,0.016584187746047974,-0.017496109008789062
0.0018688440322875977,0.03667338192462921,0.016584187746047974,-0.017496109008789062
0.0018688440322875977,0.03667338192462921,0.016584187746047974,-0.017496109008789062
0.0018688440322875977,0.03667338192462921,0.016584187746047974,-0.017496109008789062
0.0018688440322875977,0.03667338192462921,0.016584187746047974,-0.017496109008789062
0.0018688440322875977,0.03667338192462921,0.016584187746047974,-0.017496109008789062
0.0018688440322875977,0.03667338192462921,0.016584187746047974,-0.017496109008789062
0.0018688440322875977,0.03667338192462921,0.016584187746047974,-0.017496109008789062
0.0018688440322875977,0.03667338192462921,0.016584187746047974,-0.017496109008789062
0.0018688440322875977,0.03667338192462921,0.016584187746047974,-0.017496109008789062
0.0018688440322875977,0.03667338192462921,0.016584187746047974,-0.017496109008789062
0.0018688440322875977,0.03667338192462921,0.016584187746047974,-0.017496109008789062
0.0018688440322875977,0.03667338192462921,0.016584187746047974,-0.017496109008789062
0.0018688440322875977,0.03667338192462921,0.016584187746047974,-0.017496109008789062
0.0018688440322875977,0.03667338192462921,0.016584187746047974,-0.017496109008789062
0.0018688440322875977,0.03667338192462921,0.016584187746047974,-0.017496109008789062
0.0018688440322875977,0.03667338192462921,0.016584187746047974,-0.017496109008789062
0.0018688440322875977,0.03667338192462921,0.016584187746047974,-0.017496109008789062
0.0018688440322875977,0.03667338192462921,0.016584187746047974,-0.017496109008789062
0.0018688440322875977,0.03667338192462921,0.016584187746047974,-0.017496109008789062
0.0018688440322875977,0.03667338192462921,0.016584187746047974,-0.017496109008789062
0.0018688440322875977,0.03667338192462921,0.016584187746047974,-0.017496109008789062
0.0018688440322875977,0.03667338192462921,0.016584187746047974,-0.017496109008789062
0.0018688440322875977,0.03667338192462921,0.016584187746047974,-0.017496109008789062
0.0018688440322875977,0.03667338192462921,0.016584187746047974,-0.017496109008789062
0.0018688440322875977,0.03667338192462921,0.016584187746047974,-0.017496109008789062
0.0018688440322875977,0.03667338192462921,0.016584187746047974,-0.017496109008789062
0.0018688440322875977,0.03667338192462921,0.016584187746047974,-0.017496109008789062
0.0018688440322875977,0.03667338192462921,0.016584187746047974,-0.017496109008789062
0.0018688440322875977,0.03667338192462921,0.016584187746047974,-0.017496109008789062
0.0018688440322875977,0.03667338192462921,0.016584187746047974,-0.017496109008789062
0.0018688440322875977,0.03667338192462921,0.016584187746047974,-0.017496109008789062
0.0018688440322875977,0.03667338192462921,0.016584187746047974,-0.017496109008789062
0.0018688440322875977,0.03667338192462921,0.016584187746047974,-0.017496109008789062
0.0018688440322875977,0.03667338192462921,0.016584187746047974,-0.017496109008789062
0.0018688440322875977,0.03667338192462921,0.016584187746047974,-0.017496109008789062
0.0018688440322875977,0.03667338192462921,0.016584187746047974,-0.017496109008789062
0.0018688440322875977,0.03667338192462921,0.016584187746047974,-0.017496109008789062
0.0018688440322875977,0.03667338192462921,0.016584187746047974,-0.017496109008789062
0.0018688440322875977,0.03667338192462921,0.016584187746047974,-0.017496109008789062
0.0018688440322875977,0.03667338192462921,0.016584187746047974,-0.017496109008789062
0.0018688440322875977,0.03667338192462921,0.016584187746047974,-0.017496109008789062
0.0018688440322875977,0.03667338192462921,0.016584187746047974,-0.017496109008789062
0.0018688440322875977,0.03667338192462921,0.016584187746047974,-0.017496109008789062
0.0018688440322875977,0.03667338192462921,0.016584187746047974,-0.017496109008789062
0.0018688440322875977,0.03667338192462921,0.016584187746047974,-0.017496109008789062
0.0018688440322875977,0.03667338192462921,0.016584187746047974,-0.017496109008789062
0.0018688440322875977,0.03667338192462921,0.016584187746047974,-0.017496109008789062
0.0018688440322875977,0.03667338192462921,0.016584187746047974,-0.017496109008789062
0.0018688440322875977,0.03667338192462921,0.016584187746047974,-0.017496109008789062
0.0018688440322875977,0.03667338192462921,0.016584187746047974,-0.017496109008789062
0.0018688440322875977,0.03667338192462921,0.016584187746047974,-0.017496109008789062
0.0018688440322875977,0.03667338192462921,0.016584187746047974,-0.017496109008789062
0.0018688440322875977,0.03667338192462921,0.016584187746047974,-0.017496109008789062
0.0018688440322875977,0.03667338192462921,0.016584187746047974,-0.017496109008789062
0.0018688440322875977,0.03667338192462921,0.016584187746047974,-0.017496109008789062
0.0018688440322875977,0.03667338192462921,0.016584187746047974,-0.017496109008789062
0.0018688440322875977,0.03667338192462921,0.016584187746047974,-0.017496109008789062
0.0018688440322875977,0.03667338192462921,0.016584187746047974,-0.017496109008789062
0.0018688440322875977,0.03667338192462921,0.016584187746047974,-0.017496109008789062
0.0018688440322875977,0.03667338192462921,0.016584187746047974,-0.017496109008789062
0.0018688440322875977,0.03667338192462921,0.016584187746047974,-0.017496109008789062
0.0018688440322875977,0.03667338192462921,0.016584187746047974,-0.017496109008789062
0.0018688440322875977,0.03667338192462921,0.016584187746047974,-0.017496109008789062
0.0018688440322875977,0.03667338192462921,0.016584187746047974,-0.017496109008789062
0.0018688440322875977,0.03667338192462921,0.016584187746047974,-0.017496109008789062
0.0018688440322875977,0.03667338192462921,0.016584187746047974,-0.017496109008789062
0.0018688440322875977,0.03667338192462921,0.016584187746047974,-0.017496109008789062
0.0018688440322875977,0.03667338192462921,0.016584187746047974,-0.017496109008789062
0.0018688440322875977,0.03667338192462921,0.016584187746047974,-0.017496109008789062
0.0018688440322875977,0.03667338192462921,0.016584187746047974,-0.017496109008789062
0.0018688440322875977,0.03667338192462921,0.016584187746047974,-0.017496109008789062
0.0018688440322875977,0.03667338192462921,0.016584187746047974,-0.017496109008789062
0.0018688440322875977,0.03667338192462921,0.016584187746047974,-0.017496109008789062
0.0018688440322875977,0.03667338192462921,0.016584187746047974,-0.017496109008789062
0.0018688440322875977,0.03667338192462921,0.016584187746047974,-0.017496109008789062
0.0018688440322875977,0.03667338192462921,0.016584187746047974,-0.017496109008789062
0.0018688440322875977,0.03667338192462921,0.016584187746047974,-0.017496109008789062
0.0018688440322875977,0.03667338192462921,0.016584187746047974,-0.017496109008789062
0.0018688440322875977,0.03667338192462921,0.016584187746047974,-0.017496109008789062
0.0018688440322875977,0.03667338192462921,0.016584187746047974,-0.017496109008789062
0.0018688440322875977,0.03667338192462921,0.016584187746047974,-0.017496109008789062
0.0018688440322875977,0.03667338192462921,0.016584187746047974,-0.017496109008789062
0.0018688440322875977,0.03667338192462921,0.016584187746047974,-0.017496109008789062
0.0018688440322875977,0.03667338192462921,0.016584187746047974,-0.017496109008789062
0.0018688440322875977,0.03667338192462921,0.016584187746047974,-0.017496109008789062
0.0018688440322875977,0.03667338192462921,0.016584187746047974,-0.017496109008789062
0.0018688440322875977,0.03667338192462921,0.016584187746047974,-0.017496109008789062
0.0018688440322875977,0.03667338192462921,0.016584187746047974,-0.017496109008789062
0.0018688440322875977,0.03667338192462921,0.016584187746047974,-0.017496109008789062
0.0018688440322875977,0.03667338192462921,0.016584187746047974,-0.017496109008789062
0.0018688440322875977,0.03667338192462921,0.016584187746047974,-0.017496109008789062
0.0018688440322875977,0.03667338192462921,0.016584187746047974,-0.017496109008789062
0.0018688440322875977,0.03667338192462921,0.016584187746047974,-0.017496109008789062
0.0018688440322875977,0.03667338192462921,0.016584187746047974,-0.017496109008789062
0.0018688440322875977,0.03667338192462921,0.016584187746047974,-0.017496109008789062
0.0018688440322875977,0.03667338192462921,0.016584187746047974,-0.017496109008789062
0.0018688440322875977,0.03667338192462921,0.016584187746047974,-0.017496109008789062
0.0018688440322875977,0.03667338192462921,0.016584187746047974,-0.017496109008789062
0.0018688440322875977,0.03667338192462921,0.016584187746047974,-0.017496109008789062
0.0018688440322875977,0.03667338192462921,0.016584187746047974,-0.017496109008789062
0.0018688440322875977,0.03667338192462921,0.016584187746047974,-0.017496109008789062
0.0018688440322875977,0.03667338192462921,0.016584187746047974,-0.017496109008789062
0.0018688440322875977,0.03667338192462921,0.016584187746047974,-0.017496109008789062
0.0018688440322875977,0.03667338192462921,0.016584187746047974,-0.017496109008789062
0.0018688440322875977,0.03667338192462921,0.016584187746047974,-0.017496109008789062
0.0018688440322875977,0.03667338192462921,0.016584187746047974,-0.017496109008789062
0.0018688440322875977,0.03667338192462921,0.016584187746047974,-0.017496109008789062
0.0018688440322875977,0.03667338192462921,0.016584187746047974,-0.017496109008789062
0.0018688440322875977,0.03667338192462921,0.016584187746047974,-0.017496109008789062
0.0018688440322875977,0.03667338192462921,0.016584187746047974,-0.017496109008789062
0.0018688440322875977,0.03667338192462921,0.016584187746047974,-0.017496109008789062
0.0018688440322875977,0.03667338192462921,0.016584187746047974,-0.017496109008789062
0.0018688440322875977,0.03667338192462921,0.016584187746047974,-0.017496109008789062
0.0018688440322875977,0.03667338192462921,0.016584187746047974,-0.017496109008789062
0.0018688440322875977,0.03667338192462921,0.016584187746047974,-0.017496109008789062
0.0018688440322875977,0.03667338192462921,0.016584187746047974,-0.017496109008789062
0.0018688440322875977,0.03667338192462921,0.016584187746047974,-0.017496109008789062
0.0018688440322875977,0.03667338192462921,0.016584187746047974,-0.017496109008789062
0.0018688440322875977,0.03667338192462921,0.016584187746047974,-0.017496109008789062
0.0018688440322875977,0.03667338192462921,0.016584187746047974,-0.017496109008789062
0.0018688440322875977,0.03667338192462921,0.016584187746047974,-0.017496109008789062
0.0018688440322875977,0.03667338192462921,0.016584187746047974,-0.017496109008789062
0.0018688440322875977,0.03667338192462921,0.016584187746047974,-0.017496109008789062
0.0018688440322875977,0.03667338192462921,0.016584187746047974,-0.017496109008789062
0.0018688440322875977,0.03667338192462921,0.016584187746047974,-0.017496109008789062
0.0018688440322875977,0.03667338192462921,0.016584187746047974,-0.017496109008789062
0.0018688440322875977,0.03667338192462921,0.016584187746047974,-0.017496109008789062
0.0018688440322875977,0.03667338192462921,0.016584187746047974,-0.017496109008789062
0.0018688440322875977,0.03667338192462921,0.016584187746047974,-0.017496109008789062
0.0018688440322875977,0.03667338192462921,0.016584187746047974,-0.017496109008789062
0.0018688440322875977,0.03667338192462921,0.016584187746047974,-0.017496109008789062
0.0018688440322875977,0.03667338192462921,0.016584187746047974,-0.017496109008789062
0.0018688440322875977,0.03667338192462921,0.016584187746047974,-0.017496109008789062
0.0018688440322875977,0.03667338192462921,0.016584187746047974,-0.017496109008789062
0.0018688440322875977,0.03667338192462921,0.016584187746047974,-0.017496109008789062
0.0018688440322875977,0.03667338192462921,0.016584187746047974,-0.017496109008789062
0.0018688440322875977,0.03667338192462921,0.016584187746047974,-0.017496109008789062
0.0018688440322875977,0.03667338192462921,0.016584187746047974,-0.017496109008789062
0.0018688440322875977,0.03667338192462921,0.016584187746047974,-0.017496109008789062
0.0018688440322875977,0.03667338192462921,0.016584187746047974,-0.017496109008789062
0.0018688440322875977,0.03667338192462921,0.016584187746047974,-0.017496109008789062
0.0018688440322875977,0.03667338192462921,0.016584187746047974,-0.017496109008789062
0.0018688440322875977,0.03667338192462921,0.016584187746047974,-0.017496109008789062
0.0018688440322875977,0.03667338192462921,0.016584187746047974,-0.017496109008789062
0.0018688440322875977,0.03667338192462921,0.016584187746047974,-0.017496109008789062
0.0018688440322875977,0.03667338192462921,0.016584187746047974,-0.017496109008789062
0.0018688440322875977,0.03667338192462921,0.016584187746047974,-0.017496109008789062
0.0018688440322875977,0.03667338192462921,0.016584187746047974,-0.017496109008789062
0.0018688440322875977,0.03667338192462921,0.016584187746047974,-0.017496109008789062
0.0018688440322875977,0.03667338192462921,0.016584187746047974,-0.017496109008789062
0.0018688440322875977,0.03667338192462921,0.016584187746047974,-0.017496109008789062
0.0018688440322875977,0.03667338192462921,0.016584187746047974,-0.017496109008789062
0.0018688440322875977,0.03667338192462921,0.016584187746047974,-0.017496109008789062
0.0018688440322875977,0.03667338192462921,0.016584187746047974,-0.017496109008789062
0.0018688440322875977,0.03667338192462921,0.016584187746047974,-0.017496109008789062
0.0018688440322875977,0.03667338192462921,0.016584187746047974,-0.017496109008789062
0.0018688440322875977,0.03667338192462921,0.016584187746047974,-0.017496109008789062
0.0018688440322875977,0.03667338192462921,0.016584187746047974,-0.017496109008789062
0.0018688440322875977,0.03667338192462921,0.016584187746047974,-0.017496109008789062
0.0018688440322875977,0.03667338192462921,0.016584187746047974,-0.017496109008789062
0.0018688440322875977,0.03667338192462921,0.016584187746047974,-0.017496109008789062
0.0018688440322875977,0.03667338192462921,0.016584187746047974,-0.017496109008789062
0.0018688440322875977,0.03667338192462921,0.016584187746047974,-0.017496109008789062
0.0018688440322875977,0.03667338192462921,0.016584187746047974,-0.017496109008789062
0.0018688440322875977,0.03667338192462921,0.016584187746047974,-0.017496109008789062
0.0018688440322875977,0.03667338192462921,0.016584187746047974,-0.017496109008789062
0.0018688440322875977,0.03667338192462921,0.016584187746047974,-0.017496109008789062
0.0018688440322875977,0.03667338192462921,0.016584187746047974,-0.017496109008789062
0.0018688440322875977,0.03667338192462921,0.016584187746047974,-0.017496109008789062
0.0018688440322875977,0.03667338192462921,0.016584187746047974,-0.017496109008789062
0.0018688440322875977,0.03667338192462921,0.016584187746047974,-0.017496109008789062
0.0018688440322875977,0.03667338192462921,0.016584187746047974,-0.017496109008789062
0.0018688440322875977,0.03667338192462921,0.016584187746047974,-0.017496109008789062
0.0018688440322875977,0.03667338192462921,0.016584187746047974,-0.017496109008789062
0.0018688440322875977,0.03667338192462921,0.016584187746047974,-0.017496109008789062
0.0018688440322875977,0.03667338192462921,0.016584187746047974,-0.017496109008789062
0.0018688440322875977,0.03667338192462921,0.016584187746047974,-0.017496109008789062
0.0018688440322875977,0.03667338192462921,0.016584187746047974,-0.017496109008789062
0.0018688440322875977,0.03667338192462921,0.016584187746047974,-0.017496109008789062
0.0018688440322875977,0.03667338192462921,0.016584187746047974,-0.017496109008789062
0.0018688440322875977,0.03667338192462921,0.016584187746047974,-0.017496109008789062
0.0018688440322875977,0.03667338192462921,0.016584187746047974,-0.017496109008789062
0.0018688440322875977,0.03667338192462921,0.016584187746047974,-0.017496109008789062
0.0018688440322875977,0.03667338192462921,0.016584187746047974,-0.017496109008789062
0.0018688440322875977,0.03667338192462921,0.016584187746047974,-0.017496109008789062
0.0018688440322875977,0.03667338192462921,0.016584187746047974,-0.017496109008789062
0.0018688440322875977,0.03667338192462921,0.016584187746047974,-0.017496109008789062
0.0018688440322875977,0.03667338192462921,0.016584187746047974,-0.017496109008789062
0.0018688440322875977,0.03667338192462921,0.016584187746047974,-0.017496109008789062
0.0018688440322875977,0.03667338192462921,0.016584187746047974,-0.017496109008789062
0.0018688440322875977,0.03667338192462921,0.016584187746047974,-0.017496109008789062
0.0018688440322875977,0.03667338192462921,0.016584187746047974,-0.017496109008789062
0.0018688440322875977,0.03667338192462921,0.016584187746047974,-0.017496109008789062
0.0018688440322875977,0.03667338192462921,0.016584187746047974,-0.017496109008789062
0.0018688440322875977,0.03667338192462921,0.016584187746047974,-0.017496109008789062
0.0018688440322875977,0.03667338192462921,0.016584187746047974,-0.017496109008789062
0.0018688440322875977,0.03667338192462921,0.016584187746047974,-0.017496109008789062
0.0018688440322875977,0.03667338192462921,0.016584187746047974,-0.017496109008789062
0.0018688440322875977,0.03667338192462921,0.016584187746047974,-0.017496109008789062
0.0018688440322875977,0.03667338192462921,0.016584187746047974,-0.017496109008789062
0.0018688440322875977,0.03667338192462921,0.016584187746047974,-0.017496109008789062
0.0018688440322875977,0.03667338192462921,0.016584187746047974,-0.017496109008789062
0.0018688440322875977,0.03667338192462921,0.016584187746047974,-0.017496109008789062
0.0018688440322875977,0.03667338192462921,0.016584187746047974,-0.017496109008789062
0.0018688440322875977,0.03667338192462921,0.016584187746047974,-0.017496109008789062
0.0018688440322875977,0.03667338192462921,0.016584187746047974,-0.017496109008789062
0.0018688440322875977,0.03667338192462921,0.016584187746047974,-0.017496109008789062
0.0018688440322875977,0.03667338192462921,0.016584187746047974,-0.017496109008789062
0.0018688440322875977,0.03667338192462921,0.016584187746047974,-0.017496109008789062
0.0018688440322875977,0.03667338192462921,0.016584187746047974,-0.017496109008789062
0.0018688440322875977,0.03667338192462921,0.016584187746047974,-0.017496109008789062
0.0018688440322875977,0.03667338192462921,0.016584187746047974,-0.017496109008789062
0.0018688440322875977,0.03667338192462921,0.016584187746047974,-0.017496109008789062
0.0018688440322875977,0.03667338192462921,0.016584187746047974,-0.017496109008789062
0.0018688440322875977,0.03667338192462921,0.016584187746047974,-0.017496109008789062
0.0018688440322875977,0.03667338192462921,0.016584187746047974,-0.017496109008789062
0.0018688440322875977,0.03667338192462921,0.016584187746047974,-0.017496109008789062
0.0018688440322875977,0.03667338192462921,0.016584187746047974,-0.017496109008789062
0.0018688440322875977,0.03667338192462921,0.016584187746047974,-0.017496109008789062
0.0018688440322875977,0.03667338192462921,0.016584187746047974,-0.017496109008789062
0.0018688440322875977,0.03667338192462921,0.016584187746047974,-0.017496109008789062
0.0018688440322875977,0.03667338192462921,0.016584187746047974,-0.017496109008789062
0.0018688440322875977,0.03667338192462921,0.016584187746047974,-0.017496109008789062
0.0018688440322875977,0.03667338192462921,0.016584187746047974,-0.017496109008789062
0.0018688440322875977,0.03667338192462921,0.016584187746047974,-0.017496109008789062
0.0018688440322875977,0.03667338192462921,0.016584187746047974,-0.017496109008789062
0.0018688440322875977,0.03667338192462921,0.016584187746047974,-0.017496109008789062
0.0018688440322875977,0.03667338192462921,0.016584187746047974,-0.017496109008789062
0.0018688440322875977,0.03667338192462921,0.016584187746047974,-0.017496109008789062
0.0018688440322875977,0.03667338192462921,0.016584187746047974,-0.017496109008789062
0.0018688440322875977,0.03667338192462921,0.016584187746047974,-0.017496109008789062
0.0018688440322875977,0.03667338192462921,0.016584187746047974,-0.017496109008789062
0.0018688440322875977,0.03667338192462921,0.016584187746047974,-0.017496109008789062
0.0018688440322875977,0.03667338192462921,0.016584187746047974,-0.017496109008789062
0.0018688440322875977,0.03667338192462921,0.016584187746047974,-0.017496109008789062
0.0018688440322875977,0.03667338192462921,0.016584187746047974,-0.017496109008789062
0.0018688440322875977,0.03667338192462921,0.016584187746047974,-0.017496109008789062
0.0018688440322875977,0.03667338192462921,0.016584187746047974,-0.017496109008789062
0.0018688440322875977,0.03667338192462921,0.016584187746047974,-0.017496109008789062
0.0018688440322875977,0.03667338192462921,0.016584187746047974,-0.017496109008789062
0.0018688440322875977,0.03667338192462921,0.016584187746047974,-0.017496109008789062
0.0018688440322875977,0.03667338192462921,0.016584187746047974,-0.017496109008789062
0.0018688440322875977,0.03667338192462921,0.016584187746047974,-0.017496109008789062
0.0018688440322875977,0.03667338192462921,0.016584187746047974,-0.017496109008789062
0.0018688440322875977,0.03667338192462921,0.016584187746047974,-0.017496109008789062
0.0018688440322875977,0.03667338192462921,0.016584187746047974,-0.017496109008789062
0.0018688440322875977,0.03667338192462921,0.016584187746047974,-0.017496109008789062
0.0018688440322875977,0.03667338192462921,0.016584187746047974,-0.017496109008789062
0.0018688440322875977,0.03667338192462921,0.016584187746047974,-0.017496109008789062
0.0018688440322875977,0.03667338192462921,0.016584187746047974,-0.017496109008789062
0.0018688440322875977,0.03667338192462921,0.016584187746047974,-0.017496109008789062
0.0018688440322875977,0.03667338192462921,0.016584187746047974,-0.017496109008789062
0.0018688440322875977,0.03667338192462921,0.016584187746047974,-0.017496109008789062
0.0018688440322875977,0.03667338192462921,0.016584187746047974,-0.017496109008789062
0.0018688440322875977,0.03667338192462921,0.016584187746047974,-0.017496109008789062
0.0018688440322875977,0.03667338192462921,0.016584187746047974,-0.017496109008789062
0.0018688440322875977,0.03667338192462921,0.016584187746047974,-0.017496109008789062
0.0018688440322875977,0.03667338192462921,0.016584187746047974,-0.017496109008789062
0.0018688440322875977,0.03667338192462921,0.016584187746047974,-0.017496109008789062
0.0018688440322875977,0.03667338192462921,0.016584187746047974,-0.017496109008789062
0.0018688440322875977,0.03667338192462921,0.016584187746047974,-0.017496109008789062
0.0018688440322875977,0.03667338192462921,0.016584187746047974,-0.017496109008789062
0.0018688440322875977,0.03667338192462921,0.016584187746047974,-0.017496109008789062
0.0018688440322875977,0.03667338192462921,0.016584187746047974,-0.017496109008789062
0.0018688440322875977,0.03667338192462921,0.016584187746047974,-0.017496109008789062
0.0018688440322875977,0.03667338192462921,0.016584187746047974,-0.017496109008789062
0.0018688440322875977,0.03667338192462921,0.016584187746047974,-0.017496109008789062
0.0018688440322875977,0.03667338192462921,0.016584187746047974,-0.017496109008789062
0.0018688440322875977,0.03667338192462921,0.016584187746047974,-0.017496109008789062
0.0018688440322875977,0.03667338192462921,0.016584187746047974,-0.017496109008789062
0.0018688440322875977,0.03667338192462921,0.016584187746047974,-0.017496109008789062
0.0018688440322875977,0.03667338192462921,0.016584187746047974,-0.017496109008789062
0.0018688440322875977,0.03667338192462921,0.016584187746047974,-0.017496109008789062
0.0018688440322875977,0.03667338192462921,0.016584187746047974,-0.017496109008789062
0.0018688440322875977,0.03667338192462921,0.016584187746047974,-0.017496109008789062
0.0018688440322875977,0.03667338192462921,0.016584187746047974,-0.017496109008789062
0.0018688440322875977,0.03667338192462921,0.016584187746047974,-0.017496109008789062
0.0018688440322875977,0.03667338192462921,0.016584187746047974,-0.017496109008789062
0.0018688440322875977,0.03667338192462921,0.016584187746047974,-0.017496109008789062
0.0018688440322875977,0.03667338192462921,0.016584187746047974,-0.017496109008789062
