vx,vy,vz,omega_z
-0.1497219353914261,0.1300887167453766,0.017467767000198364,0.516705334186554
-0.15445230901241302,0.1520409733057022,0.005774453282356262,0.8524476289749146
-0.1517266184091568,0.15371040999889374,0.008174911141395569,0.8670012950897217
-0.1517627090215683,0.1537531465291977,0.010796651244163513,0.8674822449684143
-0.1482306867837906,0.1597823053598404,0.01614116132259369,0.8421511650085449
-0.14785702526569366,0.16153334081172943,0.017485976219177246,0.8361376523971558
-0.14222373068332672,0.16304273903369904,0.02084176242351532,0.8102782964706421
-0.12572236359119415,0.15994404256343842,0.035724103450775146,0.7972556352615356
-0.12359406054019928,0.15467511117458344,0.04365608096122742,0.7970755696296692
-0.1238042563199997,0.1533912867307663,0.04679331183433533,0.7968758940696716
-0.12161926925182343,0.15556614100933075,0.044766753911972046,0.8037415742874146
-0.1209547370672226,0.1610831469297409,0.038477569818496704,0.773693323135376
-0.1208437830209732,0.16236494481563568,0.036830902099609375,0.7650529742240906
-0.10212759673595428,0.15990541875362396,0.03943219780921936,0.7360665798187256
-0.10170947015285492,0.1639060229063034,0.03503885865211487,0.7392998933792114
-0.1015138179063797,0.1648121327161789,0.034767717123031616,0.7422218322753906
-0.10030879080295563,0.16513292491436005,0.029340118169784546,0.7121989727020264
-0.09115873277187347,0.16303355991840363,0.026099354028701782,0.7039368152618408
-0.09084780514240265,0.1623937040567398,0.025464266538619995,0.7035139799118042
-0.08377186954021454,0.15359576046466827,0.03203362226486206,0.6978530883789062
-0.08047060668468475,0.15298517048358917,0.038477301597595215,0.6882127523422241
-0.08037443459033966,0.1530555933713913,0.04138532280921936,0.6857591271400452
-0.07517166435718536,0.15179131925106049,0.04361516237258911,0.6324796080589294
-0.07795818150043488,0.13909916579723358,0.0399872362613678,0.5992345809936523
-0.0780874639749527,0.135498508810997,0.037171125411987305,0.5932580232620239
-0.07507364451885223,0.1310083121061325,0.03463590145111084,0.5860569477081299
-0.07199819386005402,0.12238039076328278,0.039854735136032104,0.5871517658233643
-0.07203911244869232,0.11995910108089447,0.04150110483169556,0.5873275995254517
-0.06371618807315826,0.11459439992904663,0.043981462717056274,0.5824453234672546
-0.05438189208507538,0.10941709578037262,0.04533347487449646,0.578086793422699
-0.053947702050209045,0.10848847031593323,0.04548609256744385,0.5775146484375
-0.050808921456336975,0.10284297168254852,0.044058144092559814,0.5771077871322632
-0.04915221035480499,0.09872980415821075,0.045969218015670776,0.5816065669059753
-0.049061521887779236,0.09764352440834045,0.047052621841430664,0.5830621719360352
-0.04714880883693695,0.09420497715473175,0.04474613070487976,0.5808831453323364
-0.05059079825878143,0.08719997107982635,0.03278106451034546,0.5814089775085449
-0.05056758224964142,0.08433814346790314,0.02997744083404541,0.5826799869537354
-0.04920525848865509,0.08332501351833344,0.025654971599578857,0.5654907822608948
-0.0464625209569931,0.08288788795471191,0.026929855346679688,0.5481107831001282
-0.04636935889720917,0.0828782320022583,0.027250945568084717,0.5447752475738525
-0.04572953283786774,0.08243215084075928,0.03538709878921509,0.5382786393165588
-0.04563964903354645,0.0781944990158081,0.04044133424758911,0.5364415645599365
-0.0457472950220108,0.07693271338939667,0.04249906539916992,0.5365872383117676
-0.04350997507572174,0.0717301070690155,0.0362224280834198,0.5272973775863647
-0.03923259675502777,0.06433381140232086,0.03147292137145996,0.5041103959083557
-0.03900311887264252,0.062274932861328125,0.029975146055221558,0.49923044443130493
-0.03812462091445923,0.05906219780445099,0.029361337423324585,0.4908022880554199
-0.038106873631477356,0.05646277964115143,0.031794458627700806,0.4787219762802124
-0.03807187080383301,0.055740758776664734,0.03294914960861206,0.4761703312397003
-0.03679750859737396,0.05363532900810242,0.034952640533447266,0.4690137207508087
-0.03677050769329071,0.05159464478492737,0.0322759747505188,0.4625077545642853
-0.036652252078056335,0.051105648279190063,0.031116515398025513,0.4608575403690338
-0.034038469195365906,0.04909738898277283,0.02862522006034851,0.4543381929397583
-0.0334300696849823,0.05019661784172058,0.026506096124649048,0.4419769048690796
-0.03333750367164612,0.050403058528900146,0.025518566370010376,0.4388400912284851
-0.033007338643074036,0.04908503592014313,0.028691917657852173,0.4238090217113495
-0.032539039850234985,0.04718707501888275,0.030245184898376465,0.41051921248435974
-0.032481953501701355,0.046707138419151306,0.03059685230255127,0.40755152702331543
-0.03053133189678192,0.0449642539024353,0.03432151675224304,0.39876192808151245
-0.029229149222373962,0.04219116270542145,0.03783831000328064,0.38530802726745605
-0.029179826378822327,0.04158985614776611,0.039030522108078,0.38167303800582886
-0.029632166028022766,0.0397709459066391,0.03689783811569214,0.3761259913444519
-0.029468804597854614,0.039107441902160645,0.03328028321266174,0.3680655062198639
-0.029426440596580505,0.03874598443508148,0.03206348419189453,0.3662821650505066
-0.02984517812728882,0.0368344783782959,0.02916458249092102,0.3618863821029663
-0.02983042597770691,0.03396338224411011,0.028209835290908813,0.3563297390937805
-0.029853954911231995,0.032941028475761414,0.028091847896575928,0.3553081452846527
-0.0292339026927948,0.031084656715393066,0.02894294261932373,0.35092592239379883
-0.02926543354988098,0.0300665944814682,0.026871830224990845,0.35093042254447937
-0.029291436076164246,0.02955162525177002,0.026340723037719727,0.3515007495880127
-0.02855999767780304,0.027551010251045227,0.027009040117263794,0.3447874188423157
-0.028554528951644897,0.026913926005363464,0.0271662175655365,0.34298059344291687
-0.029086008667945862,0.025195971131324768,0.02648809552192688,0.3419128954410553
-0.02941972017288208,0.023614004254341125,0.025323957204818726,0.3369104266166687
-0.028877168893814087,0.021704763174057007,0.02400703728199005,0.32778581976890564
-0.028872251510620117,0.021132737398147583,0.023497045040130615,0.32565101981163025
-0.028022930026054382,0.018426761031150818,0.023199409246444702,0.3169945478439331
-0.027548253536224365,0.015195868909358978,0.022484764456748962,0.3063565790653229
-0.02754180133342743,0.014426633715629578,0.02199554443359375,0.3038516342639923
-0.027628198266029358,0.012807480990886688,0.020161285996437073,0.3000943958759308
-0.02807554602622986,0.011720314621925354,0.020165786147117615,0.29556408524513245
-0.02810332179069519,0.011477626860141754,0.01997987926006317,0.29435300827026367
-0.02728237211704254,0.009887851774692535,0.020782634615898132,0.2878792881965637
-0.025913894176483154,0.009176202118396759,0.02294166386127472,0.27935248613357544
-0.025895580649375916,0.00930102914571762,0.023278504610061646,0.27702102065086365
-0.02580602467060089,0.007410235702991486,0.023240044713020325,0.2750413417816162
-0.02498413622379303,0.005792699754238129,0.025926977396011353,0.2675188183784485
-0.025021865963935852,0.00566430389881134,0.026453614234924316,0.26535844802856445
-0.023688793182373047,0.005162440240383148,0.028771132230758667,0.25975221395492554
-0.02365921437740326,0.005317553877830505,0.02906489372253418,0.25803929567337036
-0.022439196705818176,0.004095070064067841,0.030128508806228638,0.2549263834953308
-0.021228373050689697,0.004162892699241638,0.02994367480278015,0.2518141567707062
-0.020923689007759094,0.005220547318458557,0.02936452627182007,0.2500722408294678
-0.02090209722518921,0.005515187978744507,0.029130607843399048,0.24965056777000427
-0.020226269960403442,0.005067095160484314,0.028337329626083374,0.24705176055431366
-0.020028963685035706,0.0033769458532333374,0.028029799461364746,0.2416328340768814
-0.02002488076686859,0.003228425979614258,0.027597278356552124,0.24011686444282532
-0.018578648567199707,0.0011580362915992737,0.027152657508850098,0.23313085734844208
-0.018050074577331543,-0.00020237267017364502,0.02646198868751526,0.22563813626766205
-0.018049955368041992,-0.0003612115979194641,0.026044011116027832,0.2238246649503708
-0.01780262589454651,-0.0011450573801994324,0.024861693382263184,0.21966435015201569
-0.01723596453666687,-0.0020240023732185364,0.0240899920463562,0.2138233780860901
-0.017222434282302856,-0.00204593688249588,0.023815765976905823,0.21237888932228088
-0.016611352562904358,-0.001799650490283966,0.023794546723365784,0.21065111458301544
-0.016394123435020447,-0.002401575446128845,0.023580268025398254,0.20682545006275177
-0.01639626920223236,-0.002450786530971527,0.023639395833015442,0.205857515335083
-0.016362816095352173,-0.002546854317188263,0.023943498730659485,0.20459654927253723
-0.016584619879722595,-0.002638690173625946,0.024390310049057007,0.20295877754688263
-0.01660989224910736,-0.0026766881346702576,0.024668723344802856,0.2025812566280365
-0.01617884635925293,-0.002989470958709717,0.025657564401626587,0.19889630377292633
-0.016213223338127136,-0.0031510666012763977,0.02679288387298584,0.19507665932178497
-0.0162365585565567,-0.003099389374256134,0.027272075414657593,0.19420526921749115
-0.016744673252105713,-0.0034933537244796753,0.028152555227279663,0.19013993442058563
-0.01686304807662964,-0.003694877028465271,0.02867954969406128,0.18437537550926208
-0.01688218116760254,-0.003588162362575531,0.028843611478805542,0.1830042600631714
-0.017086371779441833,-0.0037750452756881714,0.02858594059944153,0.1771434098482132
-0.01699584722518921,-0.0041005611419677734,0.02858486771583557,0.17090372741222382
-0.01699693500995636,-0.0039593130350112915,0.028550565242767334,0.1694522649049759
-0.01655098795890808,-0.004279382526874542,0.02799743413925171,0.16434922814369202
-0.016350090503692627,-0.004011765122413635,0.027382582426071167,0.1599176675081253
-0.016347736120224,-0.0039752572774887085,0.027224570512771606,0.15888914465904236
-0.015382915735244751,-0.0030901581048965454,0.02707010507583618,0.1566449999809265
-0.015289977192878723,-0.003138810396194458,0.027027755975723267,0.15397612750530243
-0.015293434262275696,-0.0031785890460014343,0.027056634426116943,0.15333569049835205
-0.013570398092269897,-0.0023529380559921265,0.026505738496780396,0.1506638526916504
-0.013561531901359558,-0.00189276784658432,0.02514740824699402,0.14719775319099426
-0.013568595051765442,-0.00182245671749115,0.024686843156814575,0.14629706740379333
-0.013308539986610413,-0.0026938319206237793,0.02489537000656128,0.14176017045974731
-0.013481304049491882,-0.0028668269515037537,0.024901390075683594,0.13774791359901428
-0.013501793146133423,-0.0028579607605934143,0.024838298559188843,0.13677731156349182
-0.01306675374507904,-0.0027524828910827637,0.024754494428634644,0.13321489095687866
-0.013022303581237793,-0.002760551869869232,0.02481594681739807,0.12960436940193176
-0.013021141290664673,-0.002657860517501831,0.02479332685470581,0.1287499964237213
-0.012456685304641724,-0.0018756240606307983,0.025100111961364746,0.12494012713432312
-0.012119650840759277,-0.0016448721289634705,0.02409622073173523,0.1206592321395874
-0.012100636959075928,-0.0014654472470283508,0.023627907037734985,0.11968380212783813
-0.011784091591835022,-0.000437319278717041,0.023553520441055298,0.11772903800010681
-0.011032387614250183,-1.8537044525146484e-05,0.022869005799293518,0.11506393551826477
-0.010997891426086426,0.00014272332191467285,0.02253340184688568,0.11451035737991333
-0.011214077472686768,0.0002760067582130432,0.022640421986579895,0.11225941777229309
-0.011126890778541565,-0.0002942308783531189,0.022792324423789978,0.10874423384666443
-0.011121094226837158,-0.0002735927700996399,0.02276916801929474,0.10790741443634033
-0.011393725872039795,0.0006034597754478455,0.0234481543302536,0.1075364351272583
-0.011611327528953552,0.00024046748876571655,0.02324928343296051,0.10587868094444275
-0.011614382266998291,0.0002452656626701355,0.023085996508598328,0.10550713539123535
-0.01160651445388794,-0.0002672448754310608,0.023569315671920776,0.10404789447784424
-0.011953473091125488,-0.00041031837463378906,0.02335171401500702,0.10036012530326843
-0.011961832642555237,-0.0003073886036872864,0.023197278380393982,0.09942346811294556
-0.011838734149932861,0.00011615455150604248,0.022939607501029968,0.09733787178993225
-0.011851698160171509,0.0006453171372413635,0.02326519787311554,0.09383431077003479
-0.01185375452041626,0.0008295774459838867,0.023305684328079224,0.09301772713661194
-0.012383177876472473,0.0004879012703895569,0.023489415645599365,0.09009367227554321
-0.012019947171211243,0.0006623193621635437,0.02371416985988617,0.08672964572906494
-0.012003347277641296,0.000799134373664856,0.023828282952308655,0.08598852157592773
-0.01179097592830658,0.0012133270502090454,0.023105621337890625,0.08381655812263489
-0.011508196592330933,0.0018592923879623413,0.022464454174041748,0.08170753717422485
-0.011490046977996826,0.002031475305557251,0.02225634455680847,0.0812872052192688
-0.011567816138267517,0.0014190897345542908,0.02235439419746399,0.07843068242073059
-0.011288613080978394,0.0015497878193855286,0.02217988669872284,0.07567602396011353
-0.011264592409133911,0.0017299056053161621,0.02225722372531891,0.0750996470451355
-0.011350825428962708,0.0019127056002616882,0.022149905562400818,0.07315099239349365
-0.011019468307495117,0.001904994249343872,0.022542864084243774,0.07096141576766968
-0.011007189750671387,0.001986265182495117,0.02278055250644684,0.07043930888175964
-0.01094067096710205,0.0020331069827079773,0.02283036708831787,0.06802666187286377
-0.010712623596191406,0.0021457448601722717,0.02285712957382202,0.06601467728614807
-0.01069071888923645,0.002314135432243347,0.023030638694763184,0.06558054685592651
-0.010377123951911926,0.002461828291416168,0.02296110987663269,0.06348806619644165
-0.010193899273872375,0.002952888607978821,0.022806331515312195,0.06258517503738403
-0.01016494631767273,0.003205344080924988,0.022846773266792297,0.06242316961288452
-0.01040947437286377,0.0037859827280044556,0.023294031620025635,0.06209385395050049
-0.010415315628051758,0.0039244964718818665,0.0234672874212265,0.062040507793426514
-0.01021525263786316,0.004205383360385895,0.023402094841003418,0.06115591526031494
-0.010138124227523804,0.004591710865497589,0.023723170161247253,0.05915728211402893
-0.010023489594459534,0.004845574498176575,0.02397194504737854,0.05720752477645874
-0.010008633136749268,0.005034200847148895,0.024193286895751953,0.05682596564292908
-0.010059699416160583,0.005112655460834503,0.024031609296798706,0.055264294147491455
-0.009887412190437317,0.005261510610580444,0.024416297674179077,0.052989691495895386
-0.009887322783470154,0.0053493306040763855,0.02474769949913025,0.05244597792625427
-0.009838074445724487,0.005316197872161865,0.025036603212356567,0.05073615908622742
-0.009721130132675171,0.005794361233711243,0.025273174047470093,0.04885733127593994
-0.009715288877487183,0.005968846380710602,0.02542710304260254,0.04835134744644165
-0.009735792875289917,0.006276831030845642,0.02556547522544861,0.04777979850769043
-0.009502530097961426,0.006710313260555267,0.025447726249694824,0.04620039463043213
-0.009497985243797302,0.0068023353815078735,0.025503307580947876,0.04575350880622864
-0.009487956762313843,0.0070350319147109985,0.0254649817943573,0.04436519742012024
-0.009677514433860779,0.007360920310020447,0.02542269229888916,0.043372899293899536
-0.009688526391983032,0.007429346442222595,0.0255182683467865,0.043107807636260986
-0.009810075163841248,0.008004389703273773,0.025022834539413452,0.04316115379333496
-0.009819447994232178,0.008061885833740234,0.024959057569503784,0.04315266013145447
-0.009717106819152832,0.008364960551261902,0.024702370166778564,0.04257705807685852
-0.009666278958320618,0.008983366191387177,0.02464345097541809,0.04224914312362671
-0.009379848837852478,0.009840637445449829,0.02461060881614685,0.04141351580619812
-0.009366437792778015,0.010007090866565704,0.024656862020492554,0.04118892550468445
-0.009085595607757568,0.01050422340631485,0.024723470211029053,0.039978355169296265
-0.008760645985603333,0.011339075863361359,0.024560779333114624,0.03951910138130188
-0.00874321162700653,0.011513188481330872,0.024608761072158813,0.03942003846168518
-0.00848756730556488,0.01202024519443512,0.024388551712036133,0.03824859857559204
-0.008139818906784058,0.012666568160057068,0.023993998765945435,0.036212772130966187
-0.008123829960823059,0.012878485023975372,0.02394963800907135,0.035608112812042236
-0.007987424731254578,0.013343274593353271,0.0237494558095932,0.035260796546936035
-0.007993504405021667,0.01340804249048233,0.023703575134277344,0.03516852855682373
-0.007924973964691162,0.013384819030761719,0.023531407117843628,0.03398194909095764
-0.007717683911323547,0.013514325022697449,0.023559629917144775,0.032696813344955444
-0.0078073590993881226,0.013471528887748718,0.02301172912120819,0.03196236491203308
-0.007814481854438782,0.013490289449691772,0.022876664996147156,0.03177362680435181
-0.0077207982540130615,0.01355455070734024,0.022516101598739624,0.03085431456565857
-0.007390737533569336,0.013716273009777069,0.02201901376247406,0.029830992221832275
-0.007375314831733704,0.013806216418743134,0.021864697337150574,0.02953970432281494
-0.007164314389228821,0.013882443308830261,0.021625056862831116,0.02883589267730713
-0.0071554034948349,0.013885095715522766,0.022025182843208313,0.027483224868774414
-0.007158592343330383,0.013963453471660614,0.02211850881576538,0.027108699083328247
-0.007024779915809631,0.014141730964183807,0.022233903408050537,0.02571767568588257
-0.007026389241218567,0.014253348112106323,0.02225835621356964,0.025274187326431274
-0.006895437836647034,0.014502555131912231,0.022347956895828247,0.024344444274902344
-0.0066566020250320435,0.014710910618305206,0.022222205996513367,0.022903025150299072
-0.006264343857765198,0.01497957855463028,0.02246469259262085,0.02212408185005188
-0.006249323487281799,0.015095949172973633,0.022539526224136353,0.021900206804275513
-0.006025642156600952,0.01544959843158722,0.02263203263282776,0.0207788348197937
-0.005843654274940491,0.015617482364177704,0.022881656885147095,0.02044123411178589
-0.005834057927131653,0.015696749091148376,0.022945642471313477,0.020356714725494385
-0.00557999312877655,0.01565425843000412,0.02301637828350067,0.01964828372001648
-0.005448862910270691,0.015771828591823578,0.022824600338935852,0.01840081810951233
-0.005441799759864807,0.015873000025749207,0.02273552119731903,0.018023580312728882
-0.005176961421966553,0.015774793922901154,0.022312790155410767,0.01754462718963623
-0.005164444446563721,0.015799611806869507,0.022160604596138,0.017377376556396484
-0.00503501296043396,0.015913575887680054,0.02179008722305298,0.01653119921684265
-0.004906386137008667,0.01593426614999771,0.021342143416404724,0.015259981155395508
-0.004539400339126587,0.016115985810756683,0.021001040935516357,0.014528155326843262
-0.004527300596237183,0.016211725771427155,0.02092011272907257,0.014313310384750366
-0.0044536590576171875,0.016353599727153778,0.020822793245315552,0.0131588876247406
-0.004342749714851379,0.0163281187415123,0.02049337327480316,0.01184237003326416
-0.004335179924964905,0.01640324294567108,0.020439207553863525,0.01144421100616455
-0.004253283143043518,0.016444742679595947,0.02079564332962036,0.010230571031570435
-0.004185408353805542,0.01679246872663498,0.021105989813804626,0.009404242038726807
-0.004184544086456299,0.016910895705223083,0.02118302881717682,0.009172439575195312
-0.004186764359474182,0.017197251319885254,0.021220147609710693,0.008962094783782959
-0.0041892677545547485,0.017262451350688934,0.021221905946731567,0.008891701698303223
-0.004072830080986023,0.017389804124832153,0.02135150134563446,0.008111238479614258
-0.004072561860084534,0.017486847937107086,0.021439656615257263,0.007624119520187378
-0.004214674234390259,0.017792657017707825,0.021532118320465088,0.0071946680545806885
-0.004228904843330383,0.017875775694847107,0.021566107869148254,0.007057845592498779
-0.0041182637214660645,0.018096446990966797,0.02196134626865387,0.0068992674350738525
-0.004379019141197205,0.01848708838224411,0.021941721439361572,0.006455451250076294
-0.004391267895698547,0.01855490356683731,0.021917417645454407,0.006323128938674927
-0.004202336072921753,0.018923066556453705,0.022169217467308044,0.005603909492492676
-0.004305094480514526,0.019042693078517914,0.022212952375411987,0.005103617906570435
-0.004307657480239868,0.019078977406024933,0.02218887209892273,0.004978358745574951
-0.004220485687255859,0.01939418911933899,0.022023633122444153,0.004971325397491455
-0.00422118604183197,0.0194426029920578,0.021894842386245728,0.0049759745597839355
-0.004362449049949646,0.01917526125907898,0.021689623594284058,0.004348665475845337
-0.0045847296714782715,0.019163332879543304,0.021615251898765564,0.0037057697772979736
-0.0044669508934021,0.019269362092018127,0.022031590342521667,0.0031601786613464355
-0.004461362957954407,0.019326582551002502,0.02218446135520935,0.0030063092708587646
-0.004538193345069885,0.019187912344932556,0.022563427686691284,0.002959012985229492
-0.004497021436691284,0.019158191978931427,0.02252301573753357,0.0027151405811309814
-0.004496678709983826,0.019163988530635834,0.022524625062942505,0.0026192963123321533
-0.0044265687465667725,0.019373297691345215,0.02237318456172943,0.002170950174331665
-0.004374220967292786,0.019315846264362335,0.021979540586471558,0.001735687255859375
-0.004383683204650879,0.01932217925786972,0.021795466542243958,0.0016048550605773926
-0.004277169704437256,0.019449807703495026,0.021230682730674744,0.0013314783573150635
-0.004269987344741821,0.019610092043876648,0.020625650882720947,0.0011104941368103027
-0.004274964332580566,0.019645892083644867,0.020375102758407593,0.0010514557361602783
-0.0043102651834487915,0.01973126083612442,0.0202149897813797,0.0004794597625732422
-0.004221737384796143,0.019833743572235107,0.02018497884273529,-0.0003075897693634033
-0.0042285919189453125,0.019897349178791046,0.02018415927886963,-0.0005559027194976807
-0.003962814807891846,0.019960731267929077,0.020280063152313232,-0.0007906556129455566
-0.0039006024599075317,0.019966550171375275,0.02023164927959442,-0.001112431287765503
-0.0039115846157073975,0.01998186856508255,0.020182058215141296,-0.0012101233005523682
-0.0040269047021865845,0.02013830840587616,0.020299777388572693,-0.0009364485740661621
-0.003921285271644592,0.019981689751148224,0.020023927092552185,-0.0009471476078033447
-0.00390663743019104,0.019952967762947083,0.019914448261260986,-0.0009687244892120361
-0.003939002752304077,0.02004396915435791,0.019777819514274597,-0.0016142427921295166
-0.00393792986869812,0.020084597170352936,0.019694268703460693,-0.0018230080604553223
-0.003749847412109375,0.019988924264907837,0.01960436999797821,-0.0021104514598846436
-0.003608390688896179,0.020081132650375366,0.019302278757095337,-0.00223347544670105
-0.003437638282775879,0.019931674003601074,0.01871389150619507,-0.002698183059692383
-0.0034367740154266357,0.01991996169090271,0.018518969416618347,-0.0028411149978637695
-0.003254428505897522,0.020074747502803802,0.01803906261920929,-0.0030510127544403076
-0.0031279772520065308,0.020099714398384094,0.01766069233417511,-0.0033659040927886963
-0.003138899803161621,0.02010657638311386,0.01750786602497101,-0.0034528374671936035
-0.0033585578203201294,0.019962087273597717,0.017257794737815857,-0.003769010305404663
-0.003355652093887329,0.019957013428211212,0.01724955439567566,-0.003891170024871826
-0.0034932494163513184,0.01991959661245346,0.01709689199924469,-0.004194468259811401
-0.003534853458404541,0.02003275603055954,0.017018184065818787,-0.004662036895751953
-0.003542289137840271,0.020079128444194794,0.017003804445266724,-0.004824191331863403
-0.003620341420173645,0.020300820469856262,0.01713038980960846,-0.0045622289180755615
-0.003443121910095215,0.020422115921974182,0.0173865407705307,-0.00435444712638855
-0.003213837742805481,0.02065366506576538,0.01743564009666443,-0.004207104444503784
-0.0031981468200683594,0.02068650722503662,0.017420992255210876,-0.004175812005996704
-0.0030618011951446533,0.020903408527374268,0.017429351806640625,-0.004215419292449951
-0.002867773175239563,0.021104097366333008,0.017572134733200073,-0.004431396722793579
-0.002865508198738098,0.02114829421043396,0.017589956521987915,-0.004498094320297241
-0.0027903467416763306,0.021352365612983704,0.01749366521835327,-0.004870623350143433
-0.002663746476173401,0.021697357296943665,0.017387419939041138,-0.005381405353546143
-0.002660229802131653,0.021793827414512634,0.017347216606140137,-0.005546689033508301
-0.002666756510734558,0.022070318460464478,0.017447173595428467,-0.005228817462921143
-0.0026603490114212036,0.022108078002929688,0.017513886094093323,-0.005127698183059692
-0.002636954188346863,0.022328004240989685,0.01757510006427765,-0.005053788423538208
-0.002656981348991394,0.022356301546096802,0.017488941550254822,-0.005080312490463257
-0.0025982707738876343,0.022348865866661072,0.01768036186695099,-0.005155712366104126
-0.0025895237922668457,0.022352606058120728,0.017760902643203735,-0.005177736282348633
-0.0025773346424102783,0.022450387477874756,0.017956554889678955,-0.005177199840545654
-0.0024368315935134888,0.022498637437820435,0.018311768770217896,-0.005067497491836548
-0.0024268925189971924,0.022500231862068176,0.018426284193992615,-0.005033314228057861
-0.002476707100868225,0.022573620080947876,0.01886385679244995,-0.004885315895080566
-0.002194836735725403,0.022856906056404114,0.01947993040084839,-0.004930347204208374
-0.0021715015172958374,0.022918060421943665,0.019650787115097046,-0.0049415528774261475
-0.0018298029899597168,0.023315951228141785,0.020230740308761597,-0.004968225955963135
-0.0018194764852523804,0.02338443696498871,0.020370513200759888,-0.004958808422088623
-0.001957505941390991,0.02367149293422699,0.02054901421070099,-0.005032926797866821
-0.0018859058618545532,0.023941591382026672,0.020487532019615173,-0.005300670862197876
-0.0017142891883850098,0.024294063448905945,0.020327478647232056,-0.0059233009815216064
-0.0017024576663970947,0.024379029870033264,0.020256608724594116,-0.006113111972808838
-0.0016083568334579468,0.02446255087852478,0.02020364999771118,-0.0063256025314331055
-0.0014613419771194458,0.024721115827560425,0.02015039324760437,-0.006352752447128296
-0.001449882984161377,0.024775266647338867,0.02013424038887024,-0.006355166435241699
-0.0012999475002288818,0.025070279836654663,0.019984588027000427,-0.006217628717422485
-0.0012869834899902344,0.025118723511695862,0.019918575882911682,-0.006169497966766357
-0.0011932551860809326,0.025299236178398132,0.01966288685798645,-0.006241202354431152
-0.0011794716119766235,0.0254366397857666,0.019430220127105713,-0.006386995315551758
-0.0009537190198898315,0.02559782564640045,0.019335657358169556,-0.0066429078578948975
-0.0009500235319137573,0.02564355731010437,0.01932118833065033,-0.006731271743774414
-0.0008579045534133911,0.025938406586647034,0.019169270992279053,-0.006936848163604736
-0.0007137954235076904,0.026192963123321533,0.018988758325576782,-0.007035017013549805
-0.000708654522895813,0.02623908221721649,0.01894010603427887,-0.007062643766403198
-0.000647813081741333,0.026164382696151733,0.018876969814300537,-0.0071389079093933105
-0.00036947429180145264,0.02598559856414795,0.018657684326171875,-0.0074277520179748535
-0.0003616809844970703,0.02597774565219879,0.018589213490486145,-0.0075300633907318115
-5.491077899932861e-05,0.025969967246055603,0.01817391812801361,-0.0078829824924469
0.00023126602172851562,0.026006802916526794,0.01814436912536621,-0.007998049259185791
0.0002390742301940918,0.026021748781204224,0.01812104880809784,-0.0080241858959198
0.0001445561647415161,0.026147902011871338,0.018361195921897888,-0.008523225784301758
0.00010310113430023193,0.026237234473228455,0.018306240439414978,-0.009061813354492188
8.891522884368896e-05,0.02627710998058319,0.018242448568344116,-0.009209156036376953
-1.315772533416748e-05,0.026423394680023193,0.018263518810272217,-0.009526073932647705
-6.723403930664062e-05,0.026390016078948975,0.01808580756187439,-0.010153710842132568
-7.803738117218018e-05,0.02641524374485016,0.01805107295513153,-0.010365039110183716
-3.905594348907471e-05,0.02641645073890686,0.017878353595733643,-0.010926157236099243
-8.785724639892578e-05,0.026495501399040222,0.017781779170036316,-0.011218726634979248
-9.247660636901855e-05,0.026536136865615845,0.017774313688278198,-0.011302322149276733
-0.00021760165691375732,0.026493743062019348,0.01755499839782715,-0.011303544044494629
-0.00022001564502716064,0.02648189663887024,0.017525941133499146,-0.011305540800094604
-0.00027933716773986816,0.026592940092086792,0.017363086342811584,-0.011127561330795288
-0.00020457804203033447,0.026638805866241455,0.01715649664402008,-0.011009782552719116
-0.00019237399101257324,0.026786357164382935,0.017055824398994446,-0.011058270931243896
-0.00017762184143066406,0.02681794762611389,0.017028450965881348,-0.011077344417572021
-0.00026313960552215576,0.02684512734413147,0.01718088984489441,-0.011400550603866577
-0.0005375891923904419,0.026918679475784302,0.01744741201400757,-0.011635065078735352
-0.000546768307685852,0.026944607496261597,0.017555072903633118,-0.011704415082931519
-0.0007736831903457642,0.02689342200756073,0.01757398247718811,-0.011818230152130127
-0.0007880479097366333,0.026894256472587585,0.017578229308128357,-0.011860460042953491
-0.0008270144462585449,0.026886969804763794,0.017548292875289917,-0.01206880807876587
-0.0008548349142074585,0.027048736810684204,0.017456740140914917,-0.01221582293510437
-0.0008548349142074585,0.02708396315574646,0.017441123723983765,-0.012255162000656128
-0.0008359551429748535,0.027414336800575256,0.017428383231163025,-0.012252748012542725
-0.0006504207849502563,0.02781704068183899,0.01727542281150818,-0.012257009744644165
-0.0006428807973861694,0.02789349853992462,0.017178326845169067,-0.012248784303665161
-0.0005651861429214478,0.02816951274871826,0.01707559823989868,-0.012321621179580688
-0.0003735572099685669,0.028363600373268127,0.016934409737586975,-0.012401759624481201
-0.0003230571746826172,0.02840915322303772,0.016471251845359802,-0.012615680694580078
-0.00034333765506744385,0.028421685099601746,0.016271233558654785,-0.012650668621063232
-0.0004193037748336792,0.028445333242416382,0.016030386090278625,-0.013087481260299683
-0.0004307478666305542,0.02846170961856842,0.015969842672348022,-0.013198614120483398
-0.00038811564445495605,0.02851635217666626,0.015726238489151,-0.013338238000869751
-9.253621101379395e-05,0.028916090726852417,0.01539340615272522,-0.013634920120239258
-6.48796558380127e-05,0.029032334685325623,0.01527644693851471,-0.013718962669372559
-0.00022374093532562256,0.02914305031299591,0.015655681490898132,-0.013925403356552124
5.888938903808594e-05,0.029543310403823853,0.01620204746723175,-0.01428791880607605
0.0002582073211669922,0.029952824115753174,0.01705588400363922,-0.014885514974594116
0.0002768784761428833,0.03008502721786499,0.017406225204467773,-0.015067636966705322
0.0006702691316604614,0.030234292149543762,0.018326222896575928,-0.01585260033607483
0.001035243272781372,0.030449971556663513,0.018773287534713745,-0.016277819871902466
0.0010555386543273926,0.030564546585083008,0.018922194838523865,-0.0163915753364563
0.0011564791202545166,0.030549824237823486,0.018974021077156067,-0.016472280025482178
0.0011547356843948364,0.03055635094642639,0.01897093653678894,-0.01650175452232361
0.0011791884899139404,0.030559346079826355,0.018993213772773743,-0.01654389500617981
0.0011117160320281982,0.030608534812927246,0.018783658742904663,-0.016583114862442017
0.001097366213798523,0.030608326196670532,0.01869216561317444,-0.016592681407928467
0.001103922724723816,0.030709534883499146,0.018614277243614197,-0.016756892204284668
0.000924423336982727,0.030761346220970154,0.018266215920448303,-0.016663014888763428
0.0009298771619796753,0.030752435326576233,0.018461182713508606,-0.01658615469932556
0.0009307265281677246,0.030737504363059998,0.018497973680496216,-0.016555488109588623
0.0006341487169265747,0.030840352177619934,0.01857292652130127,-0.015705019235610962
0.0005337446928024292,0.03088715672492981,0.01868841052055359,-0.014857590198516846
0.0005402415990829468,0.030863523483276367,0.018695369362831116,-0.014609545469284058
0.0005960464477539062,0.030777707695961,0.01857823133468628,-0.014340013265609741
0.0006099045276641846,0.030746549367904663,0.018567204475402832,-0.014253824949264526
0.0007263273000717163,0.0307910293340683,0.018340975046157837,-0.014185070991516113
0.0006592720746994019,0.030848130583763123,0.01810804009437561,-0.014529883861541748
0.0006654560565948486,0.030841529369354248,0.018063247203826904,-0.014645129442214966
0.0003437995910644531,0.03073321282863617,0.018016040325164795,-0.014994800090789795
0.0002442598342895508,0.030522629618644714,0.017793625593185425,-0.01563754677772522
0.00020240247249603271,0.03016713261604309,0.01740366220474243,-0.015801161527633667
0.0001922696828842163,0.030102670192718506,0.017252400517463684,-0.015843242406845093
7.241964340209961e-06,0.029834270477294922,0.016898974776268005,-0.01565113663673401
-0.0002431720495223999,0.029674917459487915,0.016294345259666443,-0.015193432569503784
-0.0002693086862564087,0.029640167951583862,0.016052499413490295,-0.015035063028335571
-0.0002476125955581665,0.029672428965568542,0.015798896551132202,-0.015223890542984009
-0.000233575701713562,0.02986656129360199,0.01576848328113556,-0.015461266040802002
-0.00023984909057617188,0.029901757836341858,0.01573382318019867,-0.015515118837356567
-0.00032167136669158936,0.02996067702770233,0.01577708125114441,-0.015834152698516846
-0.00033289194107055664,0.029991671442985535,0.015804067254066467,-0.015915513038635254
-0.0002011805772781372,0.030132189393043518,0.015668511390686035,-0.015987545251846313
-0.000294610857963562,0.029956340789794922,0.015321403741836548,-0.015656888484954834
-0.0006002634763717651,0.029677852988243103,0.015315741300582886,-0.015758901834487915
-0.0006368160247802734,0.029636293649673462,0.015237182378768921,-0.01576194167137146
-0.0008391588926315308,0.03018723428249359,0.015595346689224243,-0.01618066430091858
-0.0012264251708984375,0.031090721487998962,0.016091465950012207,-0.01664164662361145
-0.001172482967376709,0.03124953806400299,0.01640257239341736,-0.01670965552330017
-0.0010296553373336792,0.03139565885066986,0.016475096344947815,-0.01675128936767578
-0.0009935349225997925,0.03142392635345459,0.016478046774864197,-0.016737908124923706
-0.0006238669157028198,0.03204551339149475,0.01579946279525757,-0.017096996307373047
-0.00033718347549438477,0.03215576708316803,0.015256121754646301,-0.015499681234359741
-0.0002904534339904785,0.03216063976287842,0.015116438269615173,-0.014943629503250122
0.0005774646997451782,0.032815203070640564,0.014892086386680603,-0.017128288745880127
0.0012032538652420044,0.03429444134235382,0.015702858567237854,-0.018339961767196655
0.001186862587928772,0.033844515681266785,0.01662294566631317,-0.017930448055267334
0.0011238157749176025,0.03374701738357544,0.017000898718833923,-0.017876863479614258
0.0016239136457443237,0.0342387855052948,0.01706928014755249,-0.018219828605651855
0.0016695410013198853,0.03458726406097412,0.017206117510795593,-0.01845794916152954
0.0016788244247436523,0.034675225615501404,0.017279118299484253,-0.018510878086090088
0.0016855448484420776,0.03468804061412811,0.01727147400379181,-0.018497049808502197
0.001685500144958496,0.03469365835189819,0.017269298434257507,-0.018494516611099243
0.0016999989748001099,0.03472679853439331,0.017261013388633728,-0.01849067211151123
0.0017159134149551392,0.034729763865470886,0.017237409949302673,-0.018516331911087036
0.0017237812280654907,0.03469941020011902,0.017185434699058533,-0.018526554107666016
0.0017217844724655151,0.034695178270339966,0.017164558172225952,-0.01853036880493164
0.0017364472150802612,0.03470465540885925,0.017092198133468628,-0.018532633781433105
0.0017344951629638672,0.03471606969833374,0.017025500535964966,-0.018498748540878296
0.0017334520816802979,0.034717947244644165,0.01700398325920105,-0.01848706603050232
0.0017323046922683716,0.034684762358665466,0.01696668565273285,-0.018498986959457397
0.0017179399728775024,0.034673407673835754,0.0169638991355896,-0.018514364957809448
0.0017174631357192993,0.03467327356338501,0.016966596245765686,-0.018518149852752686
0.0017113834619522095,0.0346701443195343,0.016972050070762634,-0.018499940633773804
0.0017138123512268066,0.03466083109378815,0.016971305012702942,-0.018501639366149902
0.0017142444849014282,0.034658268094062805,0.016969218850135803,-0.01850295066833496
0.0017220377922058105,0.03465676307678223,0.016962528228759766,-0.018495142459869385
0.0017214715480804443,0.034655675292015076,0.01695917546749115,-0.018492817878723145
0.0017222017049789429,0.03465329110622406,0.016962438821792603,-0.01849427819252014
0.001719444990158081,0.03464259207248688,0.016958341002464294,-0.01849156618118286
0.0017174631357192993,0.034622758626937866,0.016942590475082397,-0.01847723126411438
0.0017169862985610962,0.034616902470588684,0.016934573650360107,-0.01847231388092041
0.0017061829566955566,0.03460502624511719,0.01691851019859314,-0.01845008134841919
0.001657724380493164,0.03457218408584595,0.016869783401489258,-0.018432140350341797
0.0016551017761230469,0.03456096351146698,0.016851410269737244,-0.01842692494392395
0.0016212016344070435,0.03454871475696564,0.016817107796669006,-0.018412232398986816
0.0016186684370040894,0.03454405069351196,0.016801834106445312,-0.018408626317977905
0.0016126036643981934,0.034533679485321045,0.016797170042991638,-0.01838412880897522
0.001622423529624939,0.03453919291496277,0.01686367392539978,-0.0183962881565094
0.001653909683227539,0.03448536992073059,0.016873329877853394,-0.01836267113685608
0.0016513913869857788,0.03446929156780243,0.016863271594047546,-0.018357843160629272
0.0016731619834899902,0.034439995884895325,0.016897961497306824,-0.01833200454711914
0.001736760139465332,0.034422606229782104,0.016814321279525757,-0.018287986516952515
0.0017337948083877563,0.03441128134727478,0.016776040196418762,-0.018276512622833252
0.0017669200897216797,0.03435744345188141,0.016626030206680298,-0.018243074417114258
0.0017640143632888794,0.03431315720081329,0.016567200422286987,-0.01821407675743103
0.0017608404159545898,0.03431187570095062,0.01655474305152893,-0.018203377723693848
0.0017847120761871338,0.03427840769290924,0.016605541110038757,-0.018098831176757812
0.0017243921756744385,0.03412929177284241,0.016692981123924255,-0.017948031425476074
0.0017117410898208618,0.03409722447395325,0.01669187843799591,-0.017906367778778076
0.0017002224922180176,0.034092918038368225,0.016696974635124207,-0.01788187026977539
0.0016952306032180786,0.03408965468406677,0.016702070832252502,-0.017872601747512817
0.0016951709985733032,0.03408874571323395,0.016703680157661438,-0.017869293689727783
0.00165635347366333,0.03410452604293823,0.0167386531829834,-0.017840981483459473
0.0015654116868972778,0.0339176207780838,0.016670972108840942,-0.0177842378616333
0.001559033989906311,0.03386884927749634,0.016625910997390747,-0.01776808500289917
0.0015140026807785034,0.03383296728134155,0.01658441126346588,-0.017834067344665527
0.0013682246208190918,0.033798545598983765,0.0166216641664505,-0.017940819263458252
0.0013675838708877563,0.03379598259925842,0.016664132475852966,-0.017971694469451904
0.0011352002620697021,0.033633098006248474,0.016604527831077576,-0.017741382122039795
0.0009905993938446045,0.033759698271751404,0.01713070273399353,-0.01714155077934265
0.0010029077529907227,0.0337907075881958,0.017316997051239014,-0.01694774627685547
0.0009570121765136719,0.03413964807987213,0.017553240060806274,-0.016562968492507935
0.0009716600179672241,0.034211695194244385,0.017629384994506836,-0.01643270254135132
0.0008866190910339355,0.034365713596343994,0.01777106523513794,-0.01645869016647339
0.0012867748737335205,0.03473302721977234,0.01799604296684265,-0.016442567110061646
0.0014034360647201538,0.03486165404319763,0.018235325813293457,-0.016237527132034302
0.0014005005359649658,0.034880608320236206,0.018294349312782288,-0.016184478998184204
0.0012937188148498535,0.034864187240600586,0.018061503767967224,-0.015010714530944824
0.0007862448692321777,0.03447405993938446,0.018671929836273193,-0.014841586351394653
0.0007659047842025757,0.034359097480773926,0.018939495086669922,-0.014855176210403442
0.0007049441337585449,0.033887192606925964,0.019172221422195435,-0.015418946743011475
0.0006816834211349487,0.03379689157009125,0.01924891769886017,-0.01564541459083557
0.0004219859838485718,0.03383086621761322,0.019011884927749634,-0.015943944454193115
5.842745304107666e-05,0.034395769238471985,0.017666608095169067,-0.016061455011367798
4.604458808898926e-06,0.03447061777114868,0.017134621739387512,-0.016118407249450684
-1.2516975402832031e-05,0.03447552025318146,0.016921475529670715,-0.016274720430374146
-1.9535422325134277e-05,0.03446535766124725,0.016869783401489258,-0.016343295574188232
1.4901161193847656e-06,0.03447598218917847,0.01691855490207672,-0.016173124313354492
5.766749382019043e-06,0.03447882831096649,0.01692420244216919,-0.016115128993988037
0.00018773972988128662,0.03448107838630676,0.017033249139785767,-0.016437441110610962
0.00040090084075927734,0.03405296802520752,0.018449604511260986,-0.016392558813095093
0.00044758617877960205,0.034055158495903015,0.018954753875732422,-0.016319334506988525
0.00047169625759124756,0.03400430083274841,0.018872126936912537,-0.015917181968688965
0.0004853755235671997,0.0339290052652359,0.018848538398742676,-0.015795737504959106
0.0009578019380569458,0.03526882827281952,0.018820390105247498,-0.015721529722213745
0.0014575868844985962,0.03510308265686035,0.018494606018066406,-0.017252057790756226
0.0014789551496505737,0.035071998834609985,0.018437460064888,-0.017769545316696167
0.0017367154359817505,0.03449252247810364,0.01725134253501892,-0.018408775329589844
0.001634851098060608,0.03437012434005737,0.016763493418693542,-0.018599867820739746
0.001637876033782959,0.03436867892742157,0.016624897718429565,-0.018661081790924072
0.0016363859176635742,0.03437057137489319,0.016581058502197266,-0.018683016300201416
0.0016356557607650757,0.03436906635761261,0.01656980812549591,-0.018693506717681885
0.001500159502029419,0.03427015244960785,0.016389280557632446,-0.01840311288833618
0.0014874786138534546,0.03423434495925903,0.01632562279701233,-0.018319517374038696
0.0014380216598510742,0.03451353311538696,0.01627226173877716,-0.018563657999038696
0.001400962471961975,0.034590944647789,0.016117483377456665,-0.018417686223983765
0.001399502158164978,0.03461197018623352,0.016070738434791565,-0.018362611532211304
0.0013871490955352783,0.034595996141433716,0.01603388786315918,-0.018363505601882935
0.001125246286392212,0.03517809510231018,0.01725795865058899,-0.01793360710144043
0.001135602593421936,0.035311952233314514,0.017541855573654175,-0.017705440521240234
0.0012125074863433838,0.035316914319992065,0.017827630043029785,-0.017491251230239868
0.0004344135522842407,0.03611020743846893,0.015526697039604187,-0.016492068767547607
0.000507846474647522,0.03637485206127167,0.014900639653205872,-0.016063034534454346
0.0015582442283630371,0.0365239679813385,0.015412837266921997,-0.017044782638549805
0.0018602758646011353,0.036534711718559265,0.016239598393440247,-0.017453789710998535
0.0018751025199890137,0.03661826252937317,0.016471847891807556,-0.01747596263885498
0.0018712729215621948,0.036651745438575745,0.016539782285690308,-0.01748177409172058
0.001869484782218933,0.036664485931396484,0.016565755009651184,-0.017487794160842896
0.0018699616193771362,0.03666958212852478,0.016576558351516724,-0.017491787672042847
0.0018691867589950562,0.036671653389930725,0.016581058502197266,-0.017493903636932373
0.00186939537525177,0.03667260706424713,0.016582384705543518,-0.017495006322860718
0.0018695294857025146,0.036673009395599365,0.016583219170570374,-0.017495661973953247
0.0018688440322875977,0.03667321801185608,0.016584187746047974,-0.01749590039253235
0.0018688440322875977,0.03667330741882324,0.016584008932113647,-0.017496109008789062
0.0018688440322875977,0.03667333722114563,0.01658424735069275,-0.017496109008789062
0.0018688440322875977,0.036673396825790405,0.01658424735069275,-0.017496109008789062
0.0018688440322875977,0.03667338192462921,0.016584187746047974,-0.017496109008789062
0.0018688440322875977,0.03667338192462921,0.016584187746047974,-0.017496109008789062
0.0018688440322875977,0.03667338192462921,0.016584187746047974,-0.017496109008789062
0.0018688440322875977,0.03667338192462921,0.016584187746047974,-0.017496109008789062
0.0018688440322875977,0.03667338192462921,0.016584187746047974,-0.017496109008789062
0.0018688440322875977,0.03667338192462921,0.016584187746047974,-0.017496109008789062
0.0018688440322875977,0.03667338192462921,0.016584187746047974,-0.017496109008789062
0.0018688440322875977,0.03667338192462921,0.016584187746047974,-0.017496109008789062
0.0018688440322875977,0.03667338192462921,0.016584187746047974,-0.017496109008789062
0.0018688440322875977,0.03667338192462921,0.016584187746047974,-0.017496109008789062
0.0018688440322875977,0.03667338192462921,0.016584187746047974,-0.017496109008789062
0.0018688440322875977,0.03667338192462921,0.016584187746047974,-0.017496109008789062
0.0018688440322875977,0.03667338192462921,0.016584187746047974,-0.017496109008789062
0.0018688440322875977,0.03667338192462921,0.016584187746047974,-0.017496109008789062
0.0018688440322875977,0.03667338192462921,0.016584187746047974,-0.017496109008789062
0.0018688440322875977,0.03667338192462921,0.016584187746047974,-0.017496109008789062
0.0018688440322875977,0.03667338192462921,0.016584187746047974,-0.017496109008789062
0.0018688440322875977,0.03667338192462921,0.016584187746047974,-0.017496109008789062
0.0018688440322875977,0.03667338192462921,0.016584187746047974,-0.017496109008789062
0.0018688440322875977,0.03667338192462921,0.016584187746047974,-0.017496109008789062
0.0018688440322875977,0.03667338192462921,0.016584187746047974,-0.017496109008789062
0.0018688440322875977,0.03667338192462921,0.016584187746047974,-0.017496109008789062
0.0018688440322875977,0.03667338192462921,0.016584187746047974,-0.017496109008789062
0.0018688440322875977,0.03667338192462921,0.016584187746047974,-0.017496109008789062
0.0018688440322875977,0.03667338192462921,0.016584187746047974,-0.017496109008789062
0.0018688440322875977,0.03667338192462921,0.016584187746047974,-0.017496109008789062
0.0018688440322875977,0.03667338192462921,0.016584187746047974,-0.017496109008789062
0.0018688440322875977,0.03667338192462921,0.016584187746047974,-0.017496109008789062
0.0018688440322875977,0.03667338192462921,0.016584187746047974,-0.017496109008789062
0.0018688440322875977,0.03667338192462921,0.016584187746047974,-0.017496109008789062
0.0018688440322875977,0.03667338192462921,0.016584187746047974,-0.017496109008789062
0.0018688440322875977,0.03667338192462921,0.016584187746047974,-0.017496109008789062
0.0018688440322875977,0.03667338192462921,0.016584187746047974,-0.017496109008789062
0.0018688440322875977,0.03667338192462921,0.016584187746047974,-0.017496109008789062
0.0018688440322875977,0.03667338192462921,0.016584187746047974,-0.017496109008789062
0.0018688440322875977,0.03667338192462921,0.016584187746047974,-0.017496109008789062
0.0018688440322875977,0.03667338192462921,0.016584187746047974,-0.017496109008789062
0.0018688440322875977,0.03667338192462921,0.016584187746047974,-0.017496109008789062
0.0018688440322875977,0.03667338192462921,0.016584187746047974,-0.017496109008789062
0.0018688440322875977,0.03667338192462921,0.016584187746047974,-0.017496109008789062
0.0018688440322875977,0.03667338192462921,0.016584187746047974,-0.017496109008789062
0.0018688440322875977,0.03667338192462921,0.016584187746047974,-0.017496109008789062
0.0018688440322875977,0.03667338192462921,0.016584187746047974,-0.017496109008789062
0.0018688440322875977,0.03667338192462921,0.016584187746047974,-0.017496109008789062
0.0018688440322875977,0.03667338192462921,0.016584187746047974,-0.017496109008789062
0.0018688440322875977,0.03667338192462921,0.016584187746047974,-0.017496109008789062
0.0018688440322875977,0.03667338192462921,0.016584187746047974,-0.017496109008789062
0.0018688440322875977,0.03667338192462921,0.016584187746047974,-0.017496109008789062
0.0018688440322875977,0.03667338192462921,0.016584187746047974,-0.017496109008789062
0.0018688440322875977,0.03667338192462921,0.016584187746047974,-0.017496109008789062
0.0018688440322875977,0.03667338192462921,0.016584187746047974,-0.017496109008789062
0.0018688440322875977,0.03667338192462921,0.016584187746047974,-0.017496109008789062
0.0018688440322875977,0.03667338192462921,0.016584187746047974,-0.017496109008789062
0.0018688440322875977,0.03667338192462921,0.016584187746047974,-0.017496109008789062
0.0018688440322875977,0.03667338192462921,0.016584187746047974,-0.017496109008789062
0.0018688440322875977,0.03667338192462921,0.016584187746047974,-0.017496109008789062
0.0018688440322875977,0.03667338192462921,0.016584187746047974,-0.017496109008789062
0.0018688440322875977,0.03667338192462921,0.016584187746047974,-0.017496109008789062
0.0018688440322875977,0.03667338192462921,0.016584187746047974,-0.017496109008789062
0.0018688440322875977,0.03667338192462921,0.016584187746047974,-0.017496109008789062
0.0018688440322875977,0.03667338192462921,0.016584187746047974,-0.017496109008789062
0.0018688440322875977,0.03667338192462921,0.016584187746047974,-0.017496109008789062
0.0018688440322875977,0.03667338192462921,0.016584187746047974,-0.017496109008789062
0.0018688440322875977,0.03667338192462921,0.016584187746047974,-0.017496109008789062
0.0018688440322875977,0.03667338192462921,0.016584187746047974,-0.017496109008789062
0.0018688440322875977,0.03667338192462921,0.016584187746047974,-0.017496109008789062
0.0018688440322875977,0.03667338192462921,0.016584187746047974,-0.017496109008789062
0.0018688440322875977,0.03667338192462921,0.016584187746047974,-0.017496109008789062
0.0018688440322875977,0.03667338192462921,0.016584187746047974,-0.017496109008789062
0.0018688440322875977,0.03667338192462921,0.016584187746047974,-0.017496109008789062
0.0018688440322875977,0.03667338192462921,0.016584187746047974,-0.017496109008789062
0.0018688440322875977,0.03667338192462921,0.016584187746047974,-0.017496109008789062
0.0018688440322875977,0.03667338192462921,0.016584187746047974,-0.017496109008789062
0.0018688440322875977,0.03667338192462921,0.016584187746047974,-0.017496109008789062
0.0018688440322875977,0.03667338192462921,0.016584187746047974,-0.017496109008789062
0.0018688440322875977,0.03667338192462921,0.016584187746047974,-0.017496109008789062
0.0018688440322875977,0.03667338192462921,0.016584187746047974,-0.017496109008789062
0.0018688440322875977,0.03667338192462921,0.016584187746047974,-0.017496109008789062
0.0018688440322875977,0.03667338192462921,0.016584187746047974,-0.017496109008789062
0.0018688440322875977,0.03667338192462921,0.016584187746047974,-0.017496109008789062
0.0018688440322875977,0.03667338192462921,0.016584187746047974,-0.017496109008789062
0.0018520206212997437,0.03692734241485596,0.015951022505760193,-0.016866475343704224
0.0018643587827682495,0.03696569800376892,0.01579408347606659,-0.016699522733688354
0.0016588866710662842,0.036958739161491394,0.015721693634986877,-0.017278224229812622
0.0016136467456817627,0.03685492277145386,0.0155954509973526,-0.01735532283782959
0.001605108380317688,0.036823391914367676,0.015560030937194824,-0.01735880970954895
0.001603543758392334,0.036815568804740906,0.015549898147583008,-0.017361193895339966
0.001603350043296814,0.036813586950302124,0.01554657518863678,-0.01736152172088623
0.0016035288572311401,0.036812976002693176,0.01554521918296814,-0.017361491918563843
0.0016033947467803955,0.03681287169456482,0.015545010566711426,-0.017361342906951904
0.0016033947467803955,0.036812782287597656,0.015544727444648743,-0.017361223697662354
0.001602962613105774,0.036812737584114075,0.015544787049293518,-0.01736101508140564
0.00160294771194458,0.036812737584114075,0.015544548630714417,-0.017361193895339966
0.0015995800495147705,0.036795660853385925,0.015764668583869934,-0.01743510365486145
0.0016002804040908813,0.036795422434806824,0.015828624367713928,-0.017455965280532837
0.0015998929738998413,0.03679734468460083,0.01584877073764801,-0.017461180686950684
0.0016001909971237183,0.03679873049259186,0.015856057405471802,-0.017463326454162598
0.0016000866889953613,0.03679944574832916,0.01585865020751953,-0.017464280128479004
0.0016314536333084106,0.03677088022232056,0.015817761421203613,-0.01736554503440857
0.001636415719985962,0.03676846623420715,0.01581062376499176,-0.017336130142211914
0.0016381442546844482,0.03676770627498627,0.015806645154953003,-0.017329752445220947
0.0016379207372665405,0.03676706552505493,0.015804365277290344,-0.017327696084976196
0.001638650894165039,0.0367666631937027,0.015803620219230652,-0.017326951026916504
0.0016383975744247437,0.036766380071640015,0.015803039073944092,-0.01732650399208069
0.0016383975744247437,0.03676624596118927,0.015802696347236633,-0.017326384782791138
0.0016383975744247437,0.036766186356544495,0.015802785754203796,-0.0173262357711792
0.0016383975744247437,0.036766186356544495,0.015802651643753052,-0.0173262357711792
0.0016383975744247437,0.03676615655422211,0.015802651643753052,-0.0173262357711792
0.0016026198863983154,0.0366109162569046,0.01564517617225647,-0.01709839701652527
0.0015942007303237915,0.03659021854400635,0.015571355819702148,-0.017032086849212646
0.0015845894813537598,0.036542415618896484,0.015543684363365173,-0.017065465450286865
0.0015820562839508057,0.036531880497932434,0.015528514981269836,-0.017070293426513672
0.0016096383333206177,0.0363248735666275,0.015419870615005493,-0.017103463411331177
0.001621052622795105,0.036281660199165344,0.015400245785713196,-0.017135679721832275
0.0016323477029800415,0.03632985055446625,0.015418976545333862,-0.017274916172027588
0.0016418099403381348,0.03634124994277954,0.015435680747032166,-0.017302602529525757
0.0016431361436843872,0.036344319581985474,0.015441343188285828,-0.01730939745903015
0.001643836498260498,0.03634563088417053,0.015443414449691772,-0.017311811447143555
0.0016433894634246826,0.03634624183177948,0.01544409990310669,-0.0173129141330719
0.0016440600156784058,0.03634655475616455,0.015444949269294739,-0.01731342077255249
0.0016440600156784058,0.03634670376777649,0.015444949269294739,-0.017313480377197266
0.0016438215970993042,0.036346763372421265,0.015444949269294739,-0.017313778400421143
0.0016438215970993042,0.03634679317474365,0.015445113182067871,-0.017313778400421143
0.0016438215970993042,0.03634682297706604,0.015444949269294739,-0.017313867807388306
0.0016438215970993042,0.03634682297706604,0.015444949269294739,-0.017313867807388306
0.0016438215970993042,0.03634682297706604,0.015444949269294739,-0.017313867807388306
0.0016438215970993042,0.03634682297706604,0.015444949269294739,-0.017313867807388306
0.0016438215970993042,0.03634682297706604,0.015444949269294739,-0.017313867807388306
0.0016438215970993042,0.03634682297706604,0.015444949269294739,-0.017313867807388306
0.0016438215970993042,0.03634682297706604,0.015444949269294739,-0.017313867807388306
0.0016438215970993042,0.03634682297706604,0.015444949269294739,-0.017313867807388306
0.0008843392133712769,0.03620155155658722,0.015342652797698975,-0.015917092561721802
0.000614464282989502,0.03592666983604431,0.014628082513809204,-0.01494830846786499
0.0005622208118438721,0.03583511710166931,0.01423373818397522,-0.014724373817443848
0.0005535632371902466,0.035803377628326416,0.014103800058364868,-0.01466745138168335
0.0005515068769454956,0.03578829765319824,0.014057278633117676,-0.014644652605056763
0.0005514770746231079,0.03578080236911774,0.014039203524589539,-0.01463407278060913
0.0005512982606887817,0.035777315497398376,0.01403181254863739,-0.014629185199737549
0.0005172938108444214,0.035795167088508606,0.013900324702262878,-0.014828801155090332
0.0005144625902175903,0.035802170634269714,0.013840839266777039,-0.014888525009155273
0.0005145668983459473,0.035805657505989075,0.013824760913848877,-0.014901041984558105
0.0004939436912536621,0.03580859303474426,0.013838157057762146,-0.014934837818145752
0.0004939436912536621,0.035812631249427795,0.013842269778251648,-0.014945060014724731
0.00046230852603912354,0.03578639030456543,0.013891071081161499,-0.01495024561882019
0.00046312808990478516,0.03578534722328186,0.01391233503818512,-0.014951884746551514
0.000463828444480896,0.035786718130111694,0.013918757438659668,-0.014952510595321655
0.0004638582468032837,0.03578752279281616,0.013921156525611877,-0.014953196048736572
0.000463828444480896,0.03578783571720123,0.013921812176704407,-0.014953672885894775
0.00046387314796447754,0.03578798472881317,0.013922303915023804,-0.014953792095184326
0.00046387314796447754,0.03578805923461914,0.013922378420829773,-0.014953941106796265
0.00046387314796447754,0.035788118839263916,0.013922646641731262,-0.014953941106796265
0.00046387314796447754,0.035788118839263916,0.013922527432441711,-0.014953941106796265
0.00046387314796447754,0.035788118839263916,0.013922646641731262,-0.014954030513763428
0.00046387314796447754,0.035788118839263916,0.013922646641731262,-0.014954030513763428
0.00046387314796447754,0.035788118839263916,0.013922646641731262,-0.014954030513763428
0.00046387314796447754,0.035788118839263916,0.013922646641731262,-0.014954030513763428
0.00046387314796447754,0.035788118839263916,0.013922646641731262,-0.014954030513763428
0.00046387314796447754,0.035788118839263916,0.013922646641731262,-0.014954030513763428
0.00046387314796447754,0.035788118839263916,0.013922646641731262,-0.014954030513763428
0.00046387314796447754,0.035788118839263916,0.013922646641731262,-0.014954030513763428
0.00046387314796447754,0.035788118839263916,0.013922646641731262,-0.014954030513763428
0.00046387314796447754,0.035788118839263916,0.013922646641731262,-0.014954030513763428
0.00046387314796447754,0.035788118839263916,0.013922646641731262,-0.014954030513763428
0.00046387314796447754,0.035788118839263916,0.013922646641731262,-0.014954030513763428
0.00046387314796447754,0.035788118839263916,0.013922646641731262,-0.014954030513763428
0.00046387314796447754,0.035788118839263916,0.013922646641731262,-0.014954030513763428
0.00046387314796447754,0.035788118839263916,0.013922646641731262,-0.014954030513763428
0.0004622042179107666,0.035757631063461304,0.013905838131904602,-0.014944076538085938
0.0004588216543197632,0.03574162721633911,0.013905629515647888,-0.014943808317184448
0.0004571676254272461,0.03573702275753021,0.013905659317970276,-0.0149441659450531
0.0014662295579910278,0.035281017422676086,0.015598446130752563,-0.01676991581916809
0.0014192759990692139,0.03505620360374451,0.016136616468429565,-0.017459601163864136
0.0013906508684158325,0.03503049910068512,0.016354858875274658,-0.017609834671020508
0.0015994459390640259,0.03444276750087738,0.016340121626853943,-0.018293917179107666
0.0016934573650360107,0.034382954239845276,0.01656174659729004,-0.018603742122650146
0.0017073750495910645,0.03439497947692871,0.016652360558509827,-0.018680423498153687
0.0017004162073135376,0.03441351652145386,0.016673162579536438,-0.01870065927505493
0.0016533136367797852,0.03436243534088135,0.016602084040641785,-0.01866254210472107
0.001649901270866394,0.03434930741786957,0.01656825840473175,-0.018651455640792847
0.0016508996486663818,0.03434678912162781,0.016559064388275146,-0.01865026354789734
0.0013812333345413208,0.034595176577568054,0.016281381249427795,-0.018630117177963257
0.001371815800666809,0.03465978801250458,0.01621587574481964,-0.018637478351593018
0.0013728886842727661,0.034673526883125305,0.01620084047317505,-0.01864081621170044
0.0013811886310577393,0.03459668159484863,0.016098931431770325,-0.018449127674102783
0.0013755559921264648,0.034585028886795044,0.01605778932571411,-0.018381953239440918
0.0012276768684387207,0.03497441112995148,0.017536044120788574,-0.018354743719100952
0.0014042109251022339,0.03507082164287567,0.01681162416934967,-0.017902672290802002
0.0013895779848098755,0.03508041799068451,0.016607508063316345,-0.017751753330230713
0.0003416091203689575,0.03556203842163086,0.014893844723701477,-0.01588943600654602
0.0015321820974349976,0.03656132519245148,0.015398919582366943,-0.016910165548324585
0.0016242116689682007,0.03673176467418671,0.015672430396080017,-0.017258793115615845
0.0018478035926818848,0.03659145534038544,0.016336068511009216,-0.01747339963912964
0.0018715858459472656,0.0366334468126297,0.016509398818016052,-0.017480462789535522
0.0018698573112487793,0.0366569459438324,0.01655423641204834,-0.017484664916992188
0.0018693357706069946,0.036666542291641235,0.01657167077064514,-0.01748967170715332
0.0018690526485443115,0.03667044639587402,0.016578778624534607,-0.017492592334747314
0.0018696486949920654,0.03667207062244415,0.016581818461418152,-0.017494499683380127
0.001869291067123413,0.03667275607585907,0.016582921147346497,-0.01749524474143982
0.0018688291311264038,0.03667311370372772,0.016583800315856934,-0.01749590039253235
0.0018688440322875977,0.03667324781417847,0.016583874821662903,-0.01749590039253235
0.0018688440322875977,0.03667333722114563,0.016583874821662903,-0.01749598979949951
0.0018688440322875977,0.03667338192462921,0.01658424735069275,-0.017496109008789062
0.0018688440322875977,0.036673396825790405,0.01658424735069275,-0.017496109008789062
0.0018688440322875977,0.03667338192462921,0.016584187746047974,-0.017496109008789062
0.0018688440322875977,0.03667338192462921,0.016584187746047974,-0.017496109008789062
0.0018688440322875977,0.03667338192462921,0.016584187746047974,-0.017496109008789062
0.0018688440322875977,0.03667338192462921,0.016584187746047974,-0.017496109008789062
0.0018688440322875977,0.03667338192462921,0.016584187746047974,-0.017496109008789062
0.0018688440322875977,0.03667338192462921,0.016584187746047974,-0.017496109008789062
0.0018688440322875977,0.03667338192462921,0.016584187746047974,-0.017496109008789062
0.0018688440322875977,0.03667338192462921,0.016584187746047974,-0.017496109008789062
0.0018688440322875977,0.03667338192462921,0.016584187746047974,-0.017496109008789062
0.0018688440322875977,0.03667338192462921,0.016584187746047974,-0.017496109008789062
0.0018688440322875977,0.03667338192462921,0.016584187746047974,-0.017496109008789062
0.0018688440322875977,0.03667338192462921,0.016584187746047974,-0.017496109008789062
0.0018688440322875977,0.03667338192462921,0.016584187746047974,-0.017496109008789062
0.0018688440322875977,0.03667338192462921,0.016584187746047974,-0.017496109008789062
0.0018688440322875977,0.03667338192462921,0.016584187746047974,-0.017496109008789062
0.0018688440322875977,0.03667338192462921,0.016584187746047974,-0.017496109008789062
0.0018688440322875977,0.03667338192462921,0.016584187746047974,-0.017496109008789062
0.0018688440322875977,0.03667338192462921,0.016584187746047974,-0.017496109008789062
0.0018688440322875977,0.03667338192462921,0.016584187746047974,-0.017496109008789062
0.0018688440322875977,0.03667338192462921,0.016584187746047974,-0.017496109008789062
0.0018688440322875977,0.03667338192462921,0.016584187746047974,-0.017496109008789062
0.0018688440322875977,0.03667338192462921,0.016584187746047974,-0.017496109008789062
0.0018688440322875977,0.03667338192462921,0.016584187746047974,-0.017496109008789062
0.0018688440322875977,0.03667338192462921,0.016584187746047974,-0.017496109008789062
0.0018688440322875977,0.03667338192462921,0.016584187746047974,-0.017496109008789062
0.0018688440322875977,0.03667338192462921,0.016584187746047974,-0.017496109008789062
0.0018688440322875977,0.03667338192462921,0.016584187746047974,-0.017496109008789062
0.0018688440322875977,0.03667338192462921,0.016584187746047974,-0.017496109008789062
0.0018688440322875977,0.03667338192462921,0.016584187746047974,-0.017496109008789062
0.0018688440322875977,0.03667338192462921,0.016584187746047974,-0.017496109008789062
0.0018688440322875977,0.03667338192462921,0.016584187746047974,-0.017496109008789062
0.0018688440322875977,0.03667338192462921,0.016584187746047974,-0.017496109008789062
0.0018688440322875977,0.03667338192462921,0.016584187746047974,-0.017496109008789062
0.0018688440322875977,0.03667338192462921,0.016584187746047974,-0.017496109008789062
0.0018688440322875977,0.03667338192462921,0.016584187746047974,-0.017496109008789062
0.0018688440322875977,0.03667338192462921,0.016584187746047974,-0.017496109008789062
0.0018688440322875977,0.03667338192462921,0.016584187746047974,-0.017496109008789062
0.0018688440322875977,0.03667338192462921,0.016584187746047974,-0.017496109008789062
0.0018688440322875977,0.03667338192462921,0.016584187746047974,-0.017496109008789062
0.0018688440322875977,0.03667338192462921,0.016584187746047974,-0.017496109008789062
0.0018688440322875977,0.03667338192462921,0.016584187746047974,-0.017496109008789062
0.0018688440322875977,0.03667338192462921,0.016584187746047974,-0.017496109008789062
0.0018688440322875977,0.03667338192462921,0.016584187746047974,-0.017496109008789062
0.0018688440322875977,0.03667338192462921,0.016584187746047974,-0.017496109008789062
0.0018688440322875977,0.03667338192462921,0.016584187746047974,-0.017496109008789062
0.0018688440322875977,0.03667338192462921,0.016584187746047974,-0.017496109008789062
0.0018688440322875977,0.03667338192462921,0.016584187746047974,-0.017496109008789062
0.0018688440322875977,0.03667338192462921,0.016584187746047974,-0.017496109008789062
0.0018688440322875977,0.03667338192462921,0.016584187746047974,-0.017496109008789062
0.0018688440322875977,0.03667338192462921,0.016584187746047974,-0.017496109008789062
0.0018688440322875977,0.03667338192462921,0.016584187746047974,-0.017496109008789062
0.0018688440322875977,0.03667338192462921,0.016584187746047974,-0.017496109008789062
0.0018688440322875977,0.03667338192462921,0.016584187746047974,-0.017496109008789062
0.0018688440322875977,0.03667338192462921,0.016584187746047974,-0.017496109008789062
0.0018688440322875977,0.03667338192462921,0.016584187746047974,-0.017496109008789062
0.0018688440322875977,0.03667338192462921,0.016584187746047974,-0.017496109008789062
0.0018688440322875977,0.03667338192462921,0.016584187746047974,-0.017496109008789062
0.0018688440322875977,0.03667338192462921,0.016584187746047974,-0.017496109008789062
0.0018688440322875977,0.03667338192462921,0.016584187746047974,-0.017496109008789062
0.0018688440322875977,0.03667338192462921,0.016584187746047974,-0.017496109008789062
0.0018688440322875977,0.03667338192462921,0.016584187746047974,-0.017496109008789062
0.0018688440322875977,0.03667338192462921,0.016584187746047974,-0.017496109008789062
0.0018688440322875977,0.03667338192462921,0.016584187746047974,-0.017496109008789062
0.0018688440322875977,0.03667338192462921,0.016584187746047974,-0.017496109008789062
0.0018688440322875977,0.03667338192462921,0.016584187746047974,-0.017496109008789062
0.0018688440322875977,0.03667338192462921,0.016584187746047974,-0.017496109008789062
0.0018688440322875977,0.03667338192462921,0.016584187746047974,-0.017496109008789062
0.0018688440322875977,0.03667338192462921,0.016584187746047974,-0.017496109008789062
0.0018688440322875977,0.03667338192462921,0.016584187746047974,-0.017496109008789062
0.0018688440322875977,0.03667338192462921,0.016584187746047974,-0.017496109008789062
0.0018688440322875977,0.03667338192462921,0.016584187746047974,-0.017496109008789062
0.0018688440322875977,0.03667338192462921,0.016584187746047974,-0.017496109008789062
0.0018688440322875977,0.03667338192462921,0.016584187746047974,-0.017496109008789062
0.0018688440322875977,0.03667338192462921,0.016584187746047974,-0.017496109008789062
0.0018688440322875977,0.03667338192462921,0.016584187746047974,-0.017496109008789062
0.0018688440322875977,0.03667338192462921,0.016584187746047974,-0.017496109008789062
0.0018688440322875977,0.03667338192462921,0.016584187746047974,-0.017496109008789062
0.0018688440322875977,0.03667338192462921,0.016584187746047974,-0.017496109008789062
0.0018688440322875977,0.03667338192462921,0.016584187746047974,-0.017496109008789062
0.0018688440322875977,0.03667338192462921,0.016584187746047974,-0.017496109008789062
0.0018688440322875977,0.03667338192462921,0.016584187746047974,-0.017496109008789062
0.0018688440322875977,0.03667338192462921,0.016584187746047974,-0.017496109008789062
0.0018688440322875977,0.03667338192462921,0.016584187746047974,-0.017496109008789062
0.0018688440322875977,0.03667338192462921,0.016584187746047974,-0.017496109008789062
0.0018688440322875977,0.03667338192462921,0.016584187746047974,-0.017496109008789062
0.0018688440322875977,0.03667338192462921,0.016584187746047974,-0.017496109008789062
0.0018688440322875977,0.03667338192462921,0.016584187746047974,-0.017496109008789062
0.0018688440322875977,0.03667338192462921,0.016584187746047974,-0.017496109008789062
0.0018688440322875977,0.03667338192462921,0.016584187746047974,-0.017496109008789062
0.0018688440322875977,0.03667338192462921,0.016584187746047974,-0.017496109008789062
0.0018688440322875977,0.03667338192462921,0.016584187746047974,-0.017496109008789062
0.0018688440322875977,0.03667338192462921,0.016584187746047974,-0.017496109008789062
0.0018688440322875977,0.03667338192462921,0.016584187746047974,-0.017496109008789062
0.0018688440322875977,0.03667338192462921,0.016584187746047974,-0.017496109008789062
0.0018688440322875977,0.03667338192462921,0.016584187746047974,-0.017496109008789062
0.0018688440322875977,0.03667338192462921,0.016584187746047974,-0.017496109008789062
0.0018688440322875977,0.03667338192462921,0.016584187746047974,-0.017496109008789062
0.0018688440322875977,0.03667338192462921,0.016584187746047974,-0.017496109008789062
0.0018688440322875977,0.03667338192462921,0.016584187746047974,-0.017496109008789062
0.0018688440322875977,0.03667338192462921,0.016584187746047974,-0.017496109008789062
0.0018688440322875977,0.03667338192462921,0.016584187746047974,-0.017496109008789062
0.0018688440322875977,0.03667338192462921,0.016584187746047974,-0.017496109008789062
0.0018688440322875977,0.03667338192462921,0.016584187746047974,-0.017496109008789062
0.0018688440322875977,0.03667338192462921,0.016584187746047974,-0.017496109008789062
0.0018688440322875977,0.03667338192462921,0.016584187746047974,-0.017496109008789062
0.0018688440322875977,0.03667338192462921,0.016584187746047974,-0.017496109008789062
0.0018688440322875977,0.03667338192462921,0.016584187746047974,-0.017496109008789062
0.0018688440322875977,0.03667338192462921,0.016584187746047974,-0.017496109008789062
0.0018688440322875977,0.03667338192462921,0.016584187746047974,-0.017496109008789062
0.0018688440322875977,0.03667338192462921,0.016584187746047974,-0.017496109008789062
0.0018688440322875977,0.03667338192462921,0.016584187746047974,-0.017496109008789062
0.0018688440322875977,0.03667338192462921,0.016584187746047974,-0.017496109008789062
0.0018688440322875977,0.03667338192462921,0.016584187746047974,-0.017496109008789062
0.0018688440322875977,0.03667338192462921,0.016584187746047974,-0.017496109008789062
0.0018688440322875977,0.03667338192462921,0.016584187746047974,-0.017496109008789062
0.0018688440322875977,0.03667338192462921,0.016584187746047974,-0.017496109008789062
0.0018688440322875977,0.03667338192462921,0.016584187746047974,-0.017496109008789062
0.0018688440322875977,0.03667338192462921,0.016584187746047974,-0.017496109008789062
0.0018688440322875977,0.03667338192462921,0.016584187746047974,-0.017496109008789062
0.0018688440322875977,0.03667338192462921,0.016584187746047974,-0.017496109008789062
0.0018688440322875977,0.03667338192462921,0.016584187746047974,-0.017496109008789062
0.0018688440322875977,0.03667338192462921,0.016584187746047974,-0.017496109008789062
0.0018688440322875977,0.03667338192462921,0.016584187746047974,-0.017496109008789062
0.0018688440322875977,0.03667338192462921,0.016584187746047974,-0.017496109008789062
0.0018688440322875977,0.03667338192462921,0.016584187746047974,-0.017496109008789062
0.0018688440322875977,0.03667338192462921,0.016584187746047974,-0.017496109008789062
0.0018688440322875977,0.03667338192462921,0.016584187746047974,-0.017496109008789062
0.0018688440322875977,0.03667338192462921,0.016584187746047974,-0.017496109008789062
0.0018688440322875977,0.03667338192462921,0.016584187746047974,-0.017496109008789062
0.0018688440322875977,0.03667338192462921,0.016584187746047974,-0.017496109008789062
0.0018688440322875977,0.03667338192462921,0.016584187746047974,-0.017496109008789062
0.0018688440322875977,0.03667338192462921,0.016584187746047974,-0.017496109008789062
0.0018688440322875977,0.03667338192462921,0.016584187746047974,-0.017496109008789062
0.0018688440322875977,0.03667338192462921,0.016584187746047974,-0.017496109008789062
0.0018688440322875977,0.03667338192462921,0.016584187746047974,-0.017496109008789062
0.0018688440322875977,0.03667338192462921,0.016584187746047974,-0.017496109008789062
0.0018688440322875977,0.03667338192462921,0.016584187746047974,-0.017496109008789062
0.0018688440322875977,0.03667338192462921,0.016584187746047974,-0.017496109008789062
0.0018688440322875977,0.03667338192462921,0.016584187746047974,-0.017496109008789062
0.0018688440322875977,0.03667338192462921,0.016584187746047974,-0.017496109008789062
0.0018688440322875977,0.03667338192462921,0.016584187746047974,-0.017496109008789062
0.0018688440322875977,0.03667338192462921,0.016584187746047974,-0.017496109008789062
0.0018688440322875977,0.03667338192462921,0.016584187746047974,-0.017496109008789062
0.0018688440322875977,0.03667338192462921,0.016584187746047974,-0.017496109008789062
0.0018688440322875977,0.03667338192462921,0.016584187746047974,-0.017496109008789062
0.0018688440322875977,0.03667338192462921,0.016584187746047974,-0.017496109008789062
0.0018688440322875977,0.03667338192462921,0.016584187746047974,-0.017496109008789062
0.0018688440322875977,0.03667338192462921,0.016584187746047974,-0.017496109008789062
0.0018688440322875977,0.03667338192462921,0.016584187746047974,-0.017496109008789062
0.0018688440322875977,0.03667338192462921,0.016584187746047974,-0.017496109008789062
0.0018688440322875977,0.03667338192462921,0.016584187746047974,-0.017496109008789062
0.0018688440322875977,0.03667338192462921,0.016584187746047974,-0.017496109008789062
0.0018688440322875977,0.03667338192462921,0.016584187746047974,-0.017496109008789062
0.0018688440322875977,0.03667338192462921,0.016584187746047974,-0.017496109008789062
0.0018688440322875977,0.03667338192462921,0.016584187746047974,-0.017496109008789062
0.0018688440322875977,0.03667338192462921,0.016584187746047974,-0.017496109008789062
0.0018688440322875977,0.03667338192462921,0.016584187746047974,-0.017496109008789062
0.0018688440322875977,0.03667338192462921,0.016584187746047974,-0.017496109008789062
0.0018688440322875977,0.03667338192462921,0.016584187746047974,-0.017496109008789062
0.0018688440322875977,0.03667338192462921,0.016584187746047974,-0.017496109008789062
0.0018688440322875977,0.03667338192462921,0.016584187746047974,-0.017496109008789062
0.0018688440322875977,0.03667338192462921,0.016584187746047974,-0.017496109008789062
0.0018688440322875977,0.03667338192462921,0.016584187746047974,-0.017496109008789062
0.0018688440322875977,0.03667338192462921,0.016584187746047974,-0.017496109008789062
0.0018688440322875977,0.03667338192462921,0.016584187746047974,-0.017496109008789062
0.0018688440322875977,0.03667338192462921,0.016584187746047974,-0.017496109008789062
0.0018688440322875977,0.03667338192462921,0.016584187746047974,-0.017496109008789062
0.0018688440322875977,0.03667338192462921,0.016584187746047974,-0.017496109008789062
0.0018688440322875977,0.03667338192462921,0.016584187746047974,-0.017496109008789062
0.0018688440322875977,0.03667338192462921,0.016584187746047974,-0.017496109008789062
0.0018688440322875977,0.03667338192462921,0.016584187746047974,-0.017496109008789062
0.0018688440322875977,0.03667338192462921,0.016584187746047974,-0.017496109008789062
0.0018688440322875977,0.03667338192462921,0.016584187746047974,-0.017496109008789062
0.0018688440322875977,0.03667338192462921,0.016584187746047974,-0.017496109008789062
0.0018688440322875977,0.03667338192462921,0.016584187746047974,-0.017496109008789062
0.0018688440322875977,0.03667338192462921,0.016584187746047974,-0.017496109008789062
0.0018688440322875977,0.03667338192462921,0.016584187746047974,-0.017496109008789062
0.0018688440322875977,0.03667338192462921,0.016584187746047974,-0.017496109008789062
0.0018688440322875977,0.03667338192462921,0.016584187746047974,-0.017496109008789062
0.0018688440322875977,0.03667338192462921,0.016584187746047974,-0.017496109008789062
0.0018688440322875977,0.03667338192462921,0.016584187746047974,-0.017496109008789062
0.0018688440322875977,0.03667338192462921,0.016584187746047974,-0.017496109008789062
0.0018688440322875977,0.03667338192462921,0.016584187746047974,-0.017496109008789062
0.0018688440322875977,0.03667338192462921,0.016584187746047974,-0.017496109008789062
0.0018688440322875977,0.03667338192462921,0.016584187746047974,-0.017496109008789062
0.0018688440322875977,0.03667338192462921,0.016584187746047974,-0.017496109008789062
0.0018688440322875977,0.03667338192462921,0.016584187746047974,-0.017496109008789062
0.0018688440322875977,0.03667338192462921,0.016584187746047974,-0.017496109008789062
0.0018688440322875977,0.03667338192462921,0.016584187746047974,-0.017496109008789062
0.0018688440322875977,0.03667338192462921,0.016584187746047974,-0.017496109008789062
0.0018688440322875977,0.03667338192462921,0.016584187746047974,-0.017496109008789062
0.0018688440322875977,0.03667338192462921,0.016584187746047974,-0.017496109008789062
0.0018688440322875977,0.03667338192462921,0.016584187746047974,-0.017496109008789062
0.0018688440322875977,0.03667338192462921,0.016584187746047974,-0.017496109008789062
0.0018688440322875977,0.03667338192462921,0.016584187746047974,-0.017496109008789062
0.0018688440322875977,0.03667338192462921,0.016584187746047974,-0.017496109008789062
0.0018688440322875977,0.03667338192462921,0.016584187746047974,-0.017496109008789062
0.0018688440322875977,0.03667338192462921,0.016584187746047974,-0.017496109008789062
0.0018688440322875977,0.03667338192462921,0.016584187746047974,-0.017496109008789062
0.0018688440322875977,0.03667338192462921,0.016584187746047974,-0.017496109008789062
0.0018688440322875977,0.03667338192462921,0.016584187746047974,-0.017496109008789062
0.0018688440322875977,0.03667338192462921,0.016584187746047974,-0.017496109008789062
0.0018688440322875977,0.03667338192462921,0.016584187746047974,-0.017496109008789062
0.0018688440322875977,0.03667338192462921,0.016584187746047974,-0.017496109008789062
0.0018688440322875977,0.03667338192462921,0.016584187746047974,-0.017496109008789062
0.0018688440322875977,0.03667338192462921,0.016584187746047974,-0.017496109008789062
0.0018688440322875977,0.03667338192462921,0.016584187746047974,-0.017496109008789062
0.0018688440322875977,0.03667338192462921,0.016584187746047974,-0.017496109008789062
0.0018688440322875977,0.03667338192462921,0.016584187746047974,-0.017496109008789062
0.0018688440322875977,0.03667338192462921,0.016584187746047974,-0.017496109008789062
0.0018688440322875977,0.03667338192462921,0.016584187746047974,-0.017496109008789062
0.0018688440322875977,0.03667338192462921,0.016584187746047974,-0.017496109008789062
0.0018688440322875977,0.03667338192462921,0.016584187746047974,-0.017496109008789062
0.0018688440322875977,0.03667338192462921,0.016584187746047974,-0.017496109008789062
0.0018688440322875977,0.03667338192462921,0.016584187746047974,-0.017496109008789062
0.0018688440322875977,0.03667338192462921,0.016584187746047974,-0.017496109008789062
0.0018688440322875977,0.03667338192462921,0.016584187746047974,-0.017496109008789062
0.0018688440322875977,0.03667338192462921,0.016584187746047974,-0.017496109008789062
0.0018688440322875977,0.03667338192462921,0.016584187746047974,-0.017496109008789062
0.0018688440322875977,0.03667338192462921,0.016584187746047974,-0.017496109008789062
0.0018688440322875977,0.03667338192462921,0.016584187746047974,-0.017496109008789062
0.0018688440322875977,0.03667338192462921,0.016584187746047974,-0.017496109008789062
0.0018688440322875977,0.03667338192462921,0.016584187746047974,-0.017496109008789062
0.0018688440322875977,0.03667338192462921,0.016584187746047974,-0.017496109008789062
0.0018688440322875977,0.03667338192462921,0.016584187746047974,-0.017496109008789062
0.0018688440322875977,0.03667338192462921,0.016584187746047974,-0.017496109008789062
0.0018688440322875977,0.03667338192462921,0.016584187746047974,-0.017496109008789062
0.0018688440322875977,0.03667338192462921,0.016584187746047974,-0.017496109008789062
0.0018688440322875977,0.03667338192462921,0.016584187746047974,-0.017496109008789062
0.0018688440322875977,0.03667338192462921,0.016584187746047974,-0.017496109008789062
0.0018688440322875977,0.03667338192462921,0.016584187746047974,-0.017496109008789062
0.0018688440322875977,0.03667338192462921,0.016584187746047974,-0.017496109008789062
0.0018688440322875977,0.03667338192462921,0.016584187746047974,-0.017496109008789062
0.0018688440322875977,0.03667338192462921,0.016584187746047974,-0.017496109008789062
0.0018688440322875977,0.03667338192462921,0.016584187746047974,-0.017496109008789062
0.0018688440322875977,0.03667338192462921,0.016584187746047974,-0.017496109008789062
0.0018688440322875977,0.03667338192462921,0.016584187746047974,-0.017496109008789062
0.0018688440322875977,0.03667338192462921,0.016584187746047974,-0.017496109008789062
0.0018688440322875977,0.03667338192462921,0.016584187746047974,-0.017496109008789062
0.0018688440322875977,0.03667338192462921,0.016584187746047974,-0.017496109008789062
0.0018688440322875977,0.03667338192462921,0.016584187746047974,-0.017496109008789062
0.0018688440322875977,0.03667338192462921,0.016584187746047974,-0.017496109008789062
0.0018688440322875977,0.03667338192462921,0.016584187746047974,-0.017496109008789062
0.0018688440322875977,0.03667338192462921,0.016584187746047974,-0.017496109008789062
0.0018688440322875977,0.03667338192462921,0.016584187746047974,-0.017496109008789062
0.0018688440322875977,0.03667338192462921,0.016584187746047974,-0.017496109008789062
0.0018688440322875977,0.03667338192462921,0.016584187746047974,-0.017496109008789062
0.0018688440322875977,0.03667338192462921,0.016584187746047974,-0.017496109008789062
0.0018688440322875977,0.03667338192462921,0.016584187746047974,-0.017496109008789062
0.0018688440322875977,0.03667338192462921,0.016584187746047974,-0.017496109008789062
0.0018688440322875977,0.03667338192462921,0.016584187746047974,-0.017496109008789062
0.0018688440322875977,0.03667338192462921,0.016584187746047974,-0.017496109008789062
0.0018688440322875977,0.03667338192462921,0.016584187746047974,-0.017496109008789062
0.0018688440322875977,0.03667338192462921,0.016584187746047974,-0.017496109008789062
0.0018688440322875977,0.03667338192462921,0.016584187746047974,-0.017496109008789062
0.0018688440322875977,0.03667338192462921,0.016584187746047974,-0.017496109008789062
0.0018688440322875977,0.03667338192462921,0.016584187746047974,-0.017496109008789062
0.0018688440322875977,0.03667338192462921,0.016584187746047974,-0.017496109008789062
0.0018688440322875977,0.03667338192462921,0.016584187746047974,-0.017496109008789062
0.0018688440322875977,0.03667338192462921,0.016584187746047974,-0.017496109008789062
0.0018688440322875977,0.03667338192462921,0.016584187746047974,-0.017496109008789062
0.0018688440322875977,0.03667338192462921,0.016584187746047974,-0.017496109008789062
0.0018688440322875977,0.03667338192462921,0.016584187746047974,-0.017496109008789062
0.0018688440322875977,0.03667338192462921,0.016584187746047974,-0.017496109008789062
0.0018688440322875977,0.03667338192462921,0.016584187746047974,-0.017496109008789062
0.0018688440322875977,0.03667338192462921,0.016584187746047974,-0.017496109008789062
0.0018688440322875977,0.03667338192462921,0.016584187746047974,-0.017496109008789062
0.0018688440322875977,0.03667338192462921,0.016584187746047974,-0.017496109008789062
0.0018688440322875977,0.03667338192462921,0.016584187746047974,-0.017496109008789062
0.0018688440322875977,0.03667338192462921,0.016584187746047974,-0.017496109008789062
0.0018688440322875977,0.03667338192462921,0.016584187746047974,-0.017496109008789062
0.0018688440322875977,0.03667338192462921,0.016584187746047974,-0.017496109008789062
0.0018688440322875977,0.03667338192462921,0.016584187746047974,-0.017496109008789062
0.0018688440322875977,0.03667338192462921,0.016584187746047974,-0.017496109008789062
0.0018688440322875977,0.03667338192462921,0.016584187746047974,-0.017496109008789062
0.0018688440322875977,0.03667338192462921,0.016584187746047974,-0.017496109008789062
0.0018688440322875977,0.03667338192462921,0.016584187746047974,-0.017496109008789062
0.0018688440322875977,0.03667338192462921,0.016584187746047974,-0.017496109008789062
0.0018688440322875977,0.03667338192462921,0.016584187746047974,-0.017496109008789062
0.0018688440322875977,0.03667338192462921,0.016584187746047974,-0.017496109008789062
0.0018688440322875977,0.03667338192462921,0.016584187746047974,-0.017496109008789062
0.0018688440322875977,0.03667338192462921,0.016584187746047974,-0.017496109008789062
0.0018688440322875977,0.03667338192462921,0.016584187746047974,-0.017496109008789062
0.0018688440322875977,0.03667338192462921,0.016584187746047974,-0.017496109008789062
0.0018688440322875977,0.03667338192462921,0.016584187746047974,-0.017496109008789062
0.0018688440322875977,0.03667338192462921,0.016584187746047974,-0.017496109008789062
0.0018688440322875977,0.03667338192462921,0.016584187746047974,-0.017496109008789062
0.0018688440322875977,0.03667338192462921,0.016584187746047974,-0.017496109008789062
0.0018688440322875977,0.03667338192462921,0.016584187746047974,-0.017496109008789062
0.0018688440322875977,0.03667338192462921,0.016584187746047974,-0.017496109008789062
0.0018688440322875977,0.03667338192462921,0.016584187746047974,-0.017496109008789062
0.0018688440322875977,0.03667338192462921,0.016584187746047974,-0.017496109008789062
0.0018688440322875977,0.03667338192462921,0.016584187746047974,-0.017496109008789062
0.0018688440322875977,0.03667338192462921,0.016584187746047974,-0.017496109008789062
0.0018688440322875977,0.03667338192462921,0.016584187746047974,-0.017496109008789062
0.0018688440322875977,0.03667338192462921,0.016584187746047974,-0.017496109008789062
0.0018688440322875977,0.03667338192462921,0.016584187746047974,-0.017496109008789062
0.0018688440322875977,0.03667338192462921,0.016584187746047974,-0.017496109008789062
0.0018688440322875977,0.03667338192462921,0.016584187746047974,-0.017496109008789062
0.0018688440322875977,0.03667338192462921,0.016584187746047974,-0.017496109008789062
0.0018688440322875977,0.03667338192462921,0.016584187746047974,-0.017496109008789062
0.0018688440322875977,0.03667338192462921,0.016584187746047974,-0.017496109008789062
0.0018688440322875977,0.03667338192462921,0.016584187746047974,-0.017496109008789062
0.0018688440322875977,0.03667338192462921,0.016584187746047974,-0.017496109008789062
0.0018688440322875977,0.03667338192462921,0.016584187746047974,-0.017496109008789062
0.0018688440322875977,0.03667338192462921,0.016584187746047974,-0.017496109008789062
0.0018688440322875977,0.03667338192462921,0.016584187746047974,-0.017496109008789062
0.0018688440322875977,0.03667338192462921,0.016584187746047974,-0.017496109008789062
0.0018688440322875977,0.03667338192462921,0.016584187746047974,-0.017496109008789062
0.0018688440322875977,0.03667338192462921,0.016584187746047974,-0.017496109008789062
0.0018688440322875977,0.03667338192462921,0.016584187746047974,-0.017496109008789062
0.0018688440322875977,0.03667338192462921,0.016584187746047974,-0.017496109008789062
0.0018688440322875977,0.03667338192462921,0.016584187746047974,-0.017496109008789062
0.0018688440322875977,0.03667338192462921,0.016584187746047974,-0.017496109008789062
0.0018688440322875977,0.03667338192462921,0.016584187746047974,-0.017496109008789062
0.0018688440322875977,0.03667338192462921,0.016584187746047974,-0.017496109008789062
0.0018688440322875977,0.03667338192462921,0.016584187746047974,-0.017496109008789062
0.0018688440322875977,0.03667338192462921,0.016584187746047974,-0.017496109008789062
0.0018688440322875977,0.03667338192462921,0.016584187746047974,-0.017496109008789062
0.0018688440322875977,0.03667338192462921,0.016584187746047974,-0.017496109008789062
0.0018688440322875977,0.03667338192462921,0.016584187746047974,-0.017496109008789062
0.0018688440322875977,0.03667338192462921,0.016584187746047974,-0.017496109008789062
0.0018688440322875977,0.03667338192462921,0.016584187746047974,-0.017496109008789062
0.0018688440322875977,0.03667338192462921,0.016584187746047974,-0.017496109008789062
0.0018688440322875977,0.03667338192462921,0.016584187746047974,-0.017496109008789062
0.0018688440322875977,0.03667338192462921,0.016584187746047974,-0.017496109008789062
0.0018688440322875977,0.03667338192462921,0.016584187746047974,-0.017496109008789062
0.0018688440322875977,0.03667338192462921,0.016584187746047974,-0.017496109008789062
0.0018688440322875977,0.03667338192462921,0.016584187746047974,-0.017496109008789062
0.0018688440322875977,0.03667338192462921,0.016584187746047974,-0.017496109008789062
0.0018688440322875977,0.03667338192462921,0.016584187746047974,-0.017496109008789062
0.0018688440322875977,0.03667338192462921,0.016584187746047974,-0.017496109008789062
0.0018688440322875977,0.03667338192462921,0.016584187746047974,-0.017496109008789062
0.0018688440322875977,0.03667338192462921,0.016584187746047974,-0.017496109008789062
0.0018688440322875977,0.03667338192462921,0.016584187746047974,-0.017496109008789062
0.0018688440322875977,0.03667338192462921,0.016584187746047974,-0.017496109008789062
0.0018688440322875977,0.03667338192462921,0.016584187746047974,-0.017496109008789062
0.0018688440322875977,0.03667338192462921,0.016584187746047974,-0.017496109008789062
0.0018688440322875977,0.03667338192462921,0.016584187746047974,-0.017496109008789062
0.0018688440322875977,0.03667338192462921,0.016584187746047974,-0.017496109008789062
0.0018688440322875977,0.03667338192462921,0.016584187746047974,-0.017496109008789062
0.0018688440322875977,0.03667338192462921,0.016584187746047974,-0.017496109008789062
0.0018688440322875977,0.03667338192462921,0.016584187746047974,-0.017496109008789062
0.0018688440322875977,0.03667338192462921,0.016584187746047974,-0.017496109008789062
0.0018688440322875977,0.03667338192462921,0.016584187746047974,-0.017496109008789062
0.0018688440322875977,0.03667338192462921,0.016584187746047974,-0.017496109008789062
0.0018688440322875977,0.03667338192462921,0.016584187746047974,-0.017496109008789062
0.0018688440322875977,0.03667338192462921,0.016584187746047974,-0.017496109008789062
0.0018688440322875977,0.03667338192462921,0.016584187746047974,-0.017496109008789062
0.0018688440322875977,0.03667338192462921,0.016584187746047974,-0.017496109008789062
0.0018688440322875977,0.03667338192462921,0.016584187746047974,-0.017496109008789062
0.0018688440322875977,0.03667338192462921,0.016584187746047974,-0.017496109008789062
0.0018688440322875977,0.03667338192462921,0.016584187746047974,-0.017496109008789062
0.0018688440322875977,0.03667338192462921,0.016584187746047974,-0.017496109008789062
0.0018688440322875977,0.03667338192462921,0.016584187746047974,-0.017496109008789062
0.0018688440322875977,0.03667338192462921,0.016584187746047974,-0.017496109008789062
0.0018688440322875977,0.03667338192462921,0.016584187746047974,-0.017496109008789062
0.0018688440322875977,0.03667338192462921,0.016584187746047974,-0.017496109008789062
0.0018688440322875977,0.03667338192462921,0.016584187746047974,-0.017496109008789062
0.0018688440322875977,0.03667338192462921,0.016584187746047974,-0.017496109008789062
0.0018688440322875977,0.03667338192462921,0.016584187746047974,-0.017496109008789062
0.0018688440322875977,0.03667338192462921,0.016584187746047974,-0.017496109008789062
0.0018688440322875977,0.03667338192462921,0.016584187746047974,-0.017496109008789062
0.0018688440322875977,0.03667338192462921,0.016584187746047974,-0.017496109008789062
0.0018688440322875977,0.03667338192462921,0.016584187746047974,-0.017496109008789062
0.0018688440322875977,0.03667338192462921,0.016584187746047974,-0.017496109008789062
0.0018688440322875977,0.03667338192462921,0.016584187746047974,-0.017496109008789062
0.0018688440322875977,0.03667338192462921,0.016584187746047974,-0.017496109008789062
0.0018688440322875977,0.03667338192462921,0.016584187746047974,-0.017496109008789062
0.0018688440322875977,0.03667338192462921,0.016584187746047974,-0.017496109008789062
0.0018688440322875977,0.03667338192462921,0.016584187746047974,-0.017496109008789062
0.0018688440322875977,0.03667338192462921,0.016584187746047974,-0.017496109008789062
0.0018688440322875977,0.03667338192462921,0.016584187746047974,-0.017496109008789062
0.0018688440322875977,0.03667338192462921,0.016584187746047974,-0.017496109008789062
0.0018688440322875977,0.03667338192462921,0.016584187746047974,-0.017496109008789062
0.0018688440322875977,0.03667338192462921,0.016584187746047974,-0.017496109008789062
0.0018688440322875977,0.03667338192462921,0.016584187746047974,-0.017496109008789062
0.0018688440322875977,0.03667338192462921,0.016584187746047974,-0.017496109008789062
0.0018688440322875977,0.03667338192462921,0.016584187746047974,-0.017496109008789062
0.0018688440322875977,0.03667338192462921,0.016584187746047974,-0.017496109008789062
0.0018688440322875977,0.03667338192462921,0.016584187746047974,-0.017496109008789062
0.0018688440322875977,0.03667338192462921,0.016584187746047974,-0.017496109008789062
0.0018688440322875977,0.03667338192462921,0.016584187746047974,-0.017496109008789062
0.0018688440322875977,0.03667338192462921,0.016584187746047974,-0.017496109008789062
0.0018688440322875977,0.03667338192462921,0.016584187746047974,-0.017496109008789062
0.0018688440322875977,0.03667338192462921,0.016584187746047974,-0.017496109008789062
0.0018688440322875977,0.03667338192462921,0.016584187746047974,-0.017496109008789062
0.0018688440322875977,0.03667338192462921,0.016584187746047974,-0.017496109008789062
0.0018688440322875977,0.03667338192462921,0.016584187746047974,-0.017496109008789062
0.0018688440322875977,0.03667338192462921,0.016584187746047974,-0.017496109008789062
0.0018688440322875977,0.03667338192462921,0.016584187746047974,-0.017496109008789062
0.0018688440322875977,0.03667338192462921,0.016584187746047974,-0.017496109008789062
0.0018688440322875977,0.03667338192462921,0.016584187746047974,-0.017496109008789062
0.0018688440322875977,0.03667338192462921,0.016584187746047974,-0.017496109008789062
0.0018688440322875977,0.03667338192462921,0.016584187746047974,-0.017496109008789062
0.0018688440322875977,0.03667338192462921,0.016584187746047974,-0.017496109008789062
0.0018688440322875977,0.03667338192462921,0.016584187746047974,-0.017496109008789062
0.0018688440322875977,0.03667338192462921,0.016584187746047974,-0.017496109008789062
0.0018688440322875977,0.03667338192462921,0.016584187746047974,-0.017496109008789062
0.0018688440322875977,0.03667338192462921,0.016584187746047974,-0.017496109008789062
0.0018688440322875977,0.03667338192462921,0.016584187746047974,-0.017496109008789062
0.0018688440322875977,0.03667338192462921,0.016584187746047974,-0.017496109008789062
0.0018688440322875977,0.03667338192462921,0.016584187746047974,-0.017496109008789062
0.0018688440322875977,0.03667338192462921,0.016584187746047974,-0.017496109008789062
0.0018688440322875977,0.03667338192462921,0.016584187746047974,-0.017496109008789062
0.0018688440322875977,0.03667338192462921,0.016584187746047974,-0.017496109008789062
0.0018688440322875977,0.03667338192462921,0.016584187746047974,-0.017496109008789062
0.0018688440322875977,0.03667338192462921,0.016584187746047974,-0.017496109008789062
0.0018688440322875977,0.03667338192462921,0.016584187746047974,-0.017496109008789062
0.0018688440322875977,0.03667338192462921,0.016584187746047974,-0.017496109008789062
0.0018688440322875977,0.03667338192462921,0.016584187746047974,-0.017496109008789062
0.0018688440322875977,0.03667338192462921,0.016584187746047974,-0.017496109008789062
0.0018688440322875977,0.03667338192462921,0.016584187746047974,-0.017496109008789062
0.0018688440322875977,0.03667338192462921,0.016584187746047974,-0.017496109008789062
0.0018688440322875977,0.03667338192462921,0.016584187746047974,-0.017496109008789062
0.0018688440322875977,0.03667338192462921,0.016584187746047974,-0.017496109008789062
0.0018688440322875977,0.03667338192462921,0.016584187746047974,-0.017496109008789062
0.0018688440322875977,0.03667338192462921,0.016584187746047974,-0.017496109008789062
0.0018688440322875977,0.03667338192462921,0.016584187746047974,-0.017496109008789062
0.0018688440322875977,0.03667338192462921,0.016584187746047974,-0.017496109008789062
0.0018688440322875977,0.03667338192462921,0.016584187746047974,-0.017496109008789062
0.0018688440322875977,0.03667338192462921,0.016584187746047974,-0.017496109008789062
0.0018688440322875977,0.03667338192462921,0.016584187746047974,-0.017496109008789062
0.0018688440322875977,0.03667338192462921,0.016584187746047974,-0.017496109008789062
0.0018688440322875977,0.03667338192462921,0.016584187746047974,-0.017496109008789062
0.0018688440322875977,0.03667338192462921,0.016584187746047974,-0.017496109008789062
0.0018688440322875977,0.03667338192462921,0.016584187746047974,-0.017496109008789062
0.0018688440322875977,0.03667338192462921,0.016584187746047974,-0.017496109008789062
0.0018688440322875977,0.03667338192462921,0.016584187746047974,-0.017496109008789062
0.0018688440322875977,0.03667338192462921,0.016584187746047974,-0.017496109008789062
0.0018688440322875977,0.03667338192462921,0.016584187746047974,-0.017496109008789062
0.0018688440322875977,0.03667338192462921,0.016584187746047974,-0.017496109008789062
0.0018688440322875977,0.03667338192462921,0.016584187746047974,-0.017496109008789062
0.0018688440322875977,0.03667338192462921,0.016584187746047974,-0.017496109008789062
0.0018688440322875977,0.03667338192462921,0.016584187746047974,-0.017496109008789062
0.0018688440322875977,0.03667338192462921,0.016584187746047974,-0.017496109008789062
0.0018688440322875977,0.03667338192462921,0.016584187746047974,-0.017496109008789062
0.0018688440322875977,0.03667338192462921,0.016584187746047974,-0.017496109008789062
0.0018688440322875977,0.03667338192462921,0.016584187746047974,-0.017496109008789062
0.0018688440322875977,0.03667338192462921,0.016584187746047974,-0.017496109008789062
0.0018688440322875977,0.03667338192462921,0.016584187746047974,-0.017496109008789062
0.0018688440322875977,0.03667338192462921,0.016584187746047974,-0.017496109008789062
0.0018688440322875977,0.03667338192462921,0.016584187746047974,-0.017496109008789062
0.0018688440322875977,0.03667338192462921,0.016584187746047974,-0.017496109008789062
0.0018688440322875977,0.03667338192462921,0.016584187746047974,-0.017496109008789062
0.0018688440322875977,0.03667338192462921,0.016584187746047974,-0.017496109008789062
0.0018688440322875977,0.03667338192462921,0.016584187746047974,-0.017496109008789062
0.0018688440322875977,0.03667338192462921,0.016584187746047974,-0.017496109008789062
0.0018688440322875977,0.03667338192462921,0.016584187746047974,-0.017496109008789062
0.0018688440322875977,0.03667338192462921,0.016584187746047974,-0.017496109008789062
0.0018688440322875977,0.03667338192462921,0.016584187746047974,-0.017496109008789062
0.0018688440322875977,0.03667338192462921,0.016584187746047974,-0.017496109008789062
0.0018688440322875977,0.03667338192462921,0.016584187746047974,-0.017496109008789062
0.0018688440322875977,0.03667338192462921,0.016584187746047974,-0.017496109008789062
0.0018688440322875977,0.03667338192462921,0.016584187746047974,-0.017496109008789062
0.0018688440322875977,0.03667338192462921,0.016584187746047974,-0.017496109008789062
0.0018688440322875977,0.03667338192462921,0.016584187746047974,-0.017496109008789062
0.0018688440322875977,0.03667338192462921,0.016584187746047974,-0.017496109008789062
0.0018688440322875977,0.03667338192462921,0.016584187746047974,-0.017496109008789062
0.0018688440322875977,0.03667338192462921,0.016584187746047974,-0.017496109008789062
0.0018688440322875977,0.03667338192462921,0.016584187746047974,-0.017496109008789062
0.0018688440322875977,0.03667338192462921,0.016584187746047974,-0.017496109008789062
0.0018688440322875977,0.03667338192462921,0.016584187746047974,-0.017496109008789062
0.0018688440322875977,0.03667338192462921,0.016584187746047974,-0.017496109008789062
0.0018688440322875977,0.03667338192462921,0.016584187746047974,-0.017496109008789062
0.0018688440322875977,0.03667338192462921,0.016584187746047974,-0.017496109008789062
0.0018688440322875977,0.03667338192462921,0.016584187746047974,-0.017496109008789062
0.0018688440322875977,0.03667338192462921,0.016584187746047974,-0.017496109008789062
0.0018688440322875977,0.03667338192462921,0.016584187746047974,-0.017496109008789062
0.0018688440322875977,0.03667338192462921,0.016584187746047974,-0.017496109008789062
0.0018688440322875977,0.03667338192462921,0.016584187746047974,-0.017496109008789062
0.0018688440322875977,0.03667338192462921,0.016584187746047974,-0.017496109008789062
0.0018688440322875977,0.03667338192462921,0.016584187746047974,-0.017496109008789062
0.0018688440322875977,0.03667338192462921,0.016584187746047974,-0.017496109008789062
0.0018688440322875977,0.03667338192462921,0.016584187746047974,-0.017496109008789062
0.0018688440322875977,0.03667338192462921,0.016584187746047974,-0.017496109008789062
0.0018688440322875977,0.03667338192462921,0.016584187746047974,-0.017496109008789062
0.0018688440322875977,0.03667338192462921,0.016584187746047974,-0.017496109008789062
0.0018688440322875977,0.03667338192462921,0.016584187746047974,-0.017496109008789062
0.0018688440322875977,0.03667338192462921,0.016584187746047974,-0.017496109008789062
0.0018688440322875977,0.03667338192462921,0.016584187746047974,-0.017496109008789062
0.0018688440322875977,0.03667338192462921,0.016584187746047974,-0.017496109008789062
0.0018688440322875977,0.03667338192462921,0.016584187746047974,-0.017496109008789062
0.0018688440322875977,0.03667338192462921,0.016584187746047974,-0.017496109008789062
0.0018688440322875977,0.03667338192462921,0.016584187746047974,-0.017496109008789062
0.0018688440322875977,0.03667338192462921,0.016584187746047974,-0.017496109008789062
0.0018688440322875977,0.03667338192462921,0.016584187746047974,-0.017496109008789062
0.0018688440322875977,0.03667338192462921,0.016584187746047974,-0.017496109008789062
0.0018688440322875977,0.03667338192462921,0.016584187746047974,-0.017496109008789062
0.0018688440322875977,0.03667338192462921,0.016584187746047974,-0.017496109008789062
0.0018688440322875977,0.03667338192462921,0.016584187746047974,-0.017496109008789062
0.0018688440322875977,0.03667338192462921,0.016584187746047974,-0.017496109008789062
0.0018688440322875977,0.03667338192462921,0.016584187746047974,-0.017496109008789062
0.0018688440322875977,0.03667338192462921,0.016584187746047974,-0.017496109008789062
0.0018688440322875977,0.03667338192462921,0.016584187746047974,-0.017496109008789062
0.0018688440322875977,0.03667338192462921,0.016584187746047974,-0.017496109008789062
0.0018688440322875977,0.03667338192462921,0.016584187746047974,-0.017496109008789062
0.0018688440322875977,0.03667338192462921,0.016584187746047974,-0.017496109008789062
0.0018688440322875977,0.03667338192462921,0.016584187746047974,-0.017496109008789062
0.0018688440322875977,0.03667338192462921,0.016584187746047974,-0.017496109008789062
0.0018688440322875977,0.03667338192462921,0.016584187746047974,-0.017496109008789062
0.0018688440322875977,0.03667338192462921,0.016584187746047974,-0.017496109008789062
0.0018688440322875977,0.03667338192462921,0.016584187746047974,-0.017496109008789062
0.0018688440322875977,0.03667338192462921,0.016584187746047974,-0.017496109008789062
0.0018688440322875977,0.03667338192462921,0.016584187746047974,-0.017496109008789062
0.0018688440322875977,0.03667338192462921,0.016584187746047974,-0.017496109008789062
0.0018688440322875977,0.03667338192462921,0.016584187746047974,-0.017496109008789062
0.0018688440322875977,0.03667338192462921,0.016584187746047974,-0.017496109008789062
0.0018688440322875977,0.03667338192462921,0.016584187746047974,-0.017496109008789062
0.0018688440322875977,0.03667338192462921,0.016584187746047974,-0.017496109008789062
0.0018688440322875977,0.03667338192462921,0.016584187746047974,-0.017496109008789062
0.0018688440322875977,0.03667338192462921,0.016584187746047974,-0.017496109008789062
0.0018688440322875977,0.03667338192462921,0.016584187746047974,-0.017496109008789062
0.0018688440322875977,0.03667338192462921,0.016584187746047974,-0.017496109008789062
0.0018688440322875977,0.03667338192462921,0.016584187746047974,-0.017496109008789062
0.0018688440322875977,0.03667338192462921,0.016584187746047974,-0.017496109008789062
0.0018688440322875977,0.03667338192462921,0.016584187746047974,-0.017496109008789062
0.0018688440322875977,0.03667338192462921,0.016584187746047974,-0.017496109008789062
0.0018688440322875977,0.03667338192462921,0.016584187746047974,-0.017496109008789062
0.0018688440322875977,0.03667338192462921,0.016584187746047974,-0.017496109008789062
0.0018688440322875977,0.03667338192462921,0.016584187746047974,-0.017496109008789062
0.0018688440322875977,0.03667338192462921,0.016584187746047974,-0.017496109008789062
0.0018688440322875977,0.03667338192462921,0.016584187746047974,-0.017496109008789062
0.0018688440322875977,0.03667338192462921,0.016584187746047974,-0.017496109008789062
0.0018688440322875977,0.03667338192462921,0.016584187746047974,-0.017496109008789062
0.0018688440322875977,0.03667338192462921,0.016584187746047974,-0.017496109008789062
0.0018688440322875977,0.03667338192462921,0.016584187746047974,-0.017496109008789062
0.0018688440322875977,0.03667338192462921,0.016584187746047974,-0.017496109008789062
0.0018688440322875977,0.03667338192462921,0.016584187746047974,-0.017496109008789062
0.0018688440322875977,0.03667338192462921,0.016584187746047974,-0.017496109008789062
0.0018688440322875977,0.03667338192462921,0.016584187746047974,-0.017496109008789062
0.0018688440322875977,0.03667338192462921,0.016584187746047974,-0.017496109008789062
0.0018688440322875977,0.03667338192462921,0.016584187746047974,-0.017496109008789062
0.0018688440322875977,0.03667338192462921,0.016584187746047974,-0.017496109008789062
0.0018688440322875977,0.03667338192462921,0.016584187746047974,-0.017496109008789062
0.0018688440322875977,0.03667338192462921,0.016584187746047974,-0.017496109008789062
0.0018688440322875977,0.03667338192462921,0.016584187746047974,-0.017496109008789062
0.0018688440322875977,0.03667338192462921,0.016584187746047974,-0.017496109008789062
0.0018688440322875977,0.03667338192462921,0.016584187746047974,-0.017496109008789062
0.0018688440322875977,0.03667338192462921,0.016584187746047974,-0.017496109008789062
0.0018688440322875977,0.03667338192462921,0.016584187746047974,-0.017496109008789062
0.0018688440322875977,0.03667338192462921,0.016584187746047974,-0.017496109008789062
0.0018688440322875977,0.03667338192462921,0.016584187746047974,-0.017496109008789062
0.0018688440322875977,0.03667338192462921,0.016584187746047974,-0.017496109008789062
0.0018688440322875977,0.03667338192462921,0.016584187746047974,-0.017496109008789062
0.0018688440322875977,0.03667338192462921,0.016584187746047974,-0.017496109008789062
0.0018688440322875977,0.03667338192462921,0.016584187746047974,-0.017496109008789062
0.0018688440322875977,0.03667338192462921,0.016584187746047974,-0.017496109008789062
0.0018688440322875977,0.03667338192462921,0.016584187746047974,-0.017496109008789062
0.0018688440322875977,0.03667338192462921,0.016584187746047974,-0.017496109008789062
0.0018688440322875977,0.03667338192462921,0.016584187746047974,-0.017496109008789062
0.0018688440322875977,0.03667338192462921,0.016584187746047974,-0.017496109008789062
0.0018688440322875977,0.03667338192462921,0.016584187746047974,-0.017496109008789062
0.0018688440322875977,0.03667338192462921,0.016584187746047974,-0.017496109008789062
0.0018688440322875977,0.03667338192462921,0.016584187746047974,-0.017496109008789062
0.0018688440322875977,0.03667338192462921,0.016584187746047974,-0.017496109008789062
0.0018688440322875977,0.03667338192462921,0.016584187746047974,-0.017496109008789062
0.0018688440322875977,0.03667338192462921,0.016584187746047974,-0.017496109008789062
0.0018688440322875977,0.03667338192462921,0.016584187746047974,-0.017496109008789062
0.0018688440322875977,0.03667338192462921,0.016584187746047974,-0.017496109008789062
0.0018688440322875977,0.03667338192462921,0.016584187746047974,-0.017496109008789062
0.0018688440322875977,0.03667338192462921,0.016584187746047974,-0.017496109008789062
0.0018688440322875977,0.03667338192462921,0.016584187746047974,-0.017496109008789062
0.0018688440322875977,0.03667338192462921,0.016584187746047974,-0.017496109008789062
0.0018688440322875977,0.03667338192462921,0.016584187746047974,-0.017496109008789062
0.0018688440322875977,0.03667338192462921,0.016584187746047974,-0.017496109008789062
0.0018688440322875977,0.03667338192462921,0.016584187746047974,-0.017496109008789062
0.0018688440322875977,0.03667338192462921,0.016584187746047974,-0.017496109008789062
0.0018688440322875977,0.03667338192462921,0.016584187746047974,-0.017496109008789062
0.0018688440322875977,0.03667338192462921,0.016584187746047974,-0.017496109008789062
0.0018688440322875977,0.03667338192462921,0.016584187746047974,-0.017496109008789062
0.0018688440322875977,0.03667338192462921,0.016584187746047974,-0.017496109008789062
0.0018688440322875977,0.03667338192462921,0.016584187746047974,-0.017496109008789062
0.0018688440322875977,0.03667338192462921,0.016584187746047974,-0.017496109008789062
0.0018688440322875977,0.03667338192462921,0.016584187746047974,-0.017496109008789062
0.0018688440322875977,0.03667338192462921,0.016584187746047974,-0.017496109008789062
0.0018688440322875977,0.03667338192462921,0.016584187746047974,-0.017496109008789062
0.0018688440322875977,0.03667338192462921,0.016584187746047974,-0.017496109008789062
0.0018688440322875977,0.03667338192462921,0.016584187746047974,-0.017496109008789062
0.0018688440322875977,0.03667338192462921,0.016584187746047974,-0.017496109008789062
0.0018688440322875977,0.03667338192462921,0.016584187746047974,-0.017496109008789062
0.0018688440322875977,0.03667338192462921,0.016584187746047974,-0.017496109008789062
0.0018688440322875977,0.03667338192462921,0.016584187746047974,-0.017496109008789062
0.0018688440322875977,0.03667338192462921,0.016584187746047974,-0.017496109008789062
0.0018688440322875977,0.03667338192462921,0.016584187746047974,-0.017496109008789062
0.0018688440322875977,0.03667338192462921,0.016584187746047974,-0.017496109008789062
0.0018688440322875977,0.03667338192462921,0.016584187746047974,-0.017496109008789062
0.0018688440322875977,0.03667338192462921,0.016584187746047974,-0.017496109008789062
0.0018688440322875977,0.03667338192462921,0.016584187746047974,-0.017496109008789062
0.0018688440322875977,0.03667338192462921,0.016584187746047974,-0.017496109008789062
0.0018688440322875977,0.03667338192462921,0.016584187746047974,-0.017496109008789062
0.0018688440322875977,0.03667338192462921,0.016584187746047974,-0.017496109008789062
0.0018688440322875977,0.03667338192462921,0.016584187746047974,-0.017496109008789062
0.0018688440322875977,0.03667338192462921,0.016584187746047974,-0.017496109008789062
0.0018688440322875977,0.03667338192462921,0.016584187746047974,-0.017496109008789062
0.0018688440322875977,0.03667338192462921,0.016584187746047974,-0.017496109008789062
0.0018688440322875977,0.03667338192462921,0.016584187746047974,-0.017496109008789062
0.0018688440322875977,0.03667338192462921,0.016584187746047974,-0.017496109008789062
0.0018688440322875977,0.03667338192462921,0.016584187746047974,-0.017496109008789062
0.0018688440322875977,0.03667338192462921,0.016584187746047974,-0.017496109008789062
0.0018688440322875977,0.03667338192462921,0.016584187746047974,-0.017496109008789062
0.0018688440322875977,0.03667338192462921,0.016584187746047974,-0.017496109008789062
0.0018688440322875977,0.03667338192462921,0.016584187746047974,-0.017496109008789062
0.0018688440322875977,0.03667338192462921,0.016584187746047974,-0.017496109008789062
0.0018688440322875977,0.03667338192462921,0.016584187746047974,-0.017496109008789062
0.0018688440322875977,0.03667338192462921,0.016584187746047974,-0.017496109008789062
0.0018688440322875977,0.03667338192462921,0.016584187746047974,-0.017496109008789062
0.0018688440322875977,0.03667338192462921,0.016584187746047974,-0.017496109008789062
0.0018688440322875977,0.03667338192462921,0.016584187746047974,-0.017496109008789062
0.0018688440322875977,0.03667338192462921,0.016584187746047974,-0.017496109008789062
0.0018688440322875977,0.03667338192462921,0.016584187746047974,-0.017496109008789062
0.0018688440322875977,0.03667338192462921,0.016584187746047974,-0.017496109008789062
0.0018688440322875977,0.03667338192462921,0.016584187746047974,-0.017496109008789062
0.0018688440322875977,0.03667338192462921,0.016584187746047974,-0.017496109008789062
