vx,vy,vz,omega_z
0.08640074729919434,-0.299510657787323,-0.47205859422683716,0.7858726978302002
0.1333669126033783,-0.4462064504623413,-0.5770448446273804,0.9974462985992432
0.14445538818836212,-0.4680067002773285,-0.592520534992218,1.0037084817886353
0.13148804008960724,-0.4318174123764038,-0.5393057465553284,0.8815796375274658
0.09973567724227905,-0.3860544264316559,-0.5235636830329895,0.9329855442047119
0.09416127949953079,-0.3807912766933441,-0.518657922744751,0.9493439197540283
0.10012800991535187,-0.38878387212753296,-0.4298422336578369,1.019623041152954
0.094485342502594,-0.39166733622550964,-0.412373811006546,1.034423828125
0.040546804666519165,-0.3973325192928314,-0.4488053321838379,1.0108182430267334
0.03863799571990967,-0.4054521918296814,-0.48978009819984436,1.0004569292068481
0.03970515727996826,-0.4120457172393799,-0.5096759796142578,0.9996330738067627
-0.0190211683511734,-0.4042256772518158,-0.40233561396598816,0.9602745771408081
-0.02741602063179016,-0.4015160799026489,-0.3613791763782501,0.9571969509124756
-0.036649882793426514,-0.3800072968006134,-0.3671414852142334,1.0323470830917358
-0.03657051920890808,-0.3654341995716095,-0.3667786419391632,1.0512120723724365
-0.0678684264421463,-0.3478294610977173,-0.45723459124565125,1.0743919610977173
-0.10248111188411713,-0.32826313376426697,-0.44755569100379944,1.0749821662902832
-0.10579140484333038,-0.32737863063812256,-0.449333518743515,1.0747389793395996
-0.124336376786232,-0.3206619620323181,-0.49289724230766296,1.0193958282470703
-0.12787504494190216,-0.31845104694366455,-0.5034682750701904,1.0066559314727783
-0.12999917566776276,-0.30342692136764526,-0.43056461215019226,1.0033913850784302
-0.1330423504114151,-0.2977755069732666,-0.41786494851112366,0.976804256439209
-0.1344798058271408,-0.2967677712440491,-0.4110231101512909,0.9709625244140625
-0.13721872866153717,-0.31358277797698975,-0.45826220512390137,0.9468784332275391
-0.13786686956882477,-0.31583553552627563,-0.46039608120918274,0.9400312900543213
-0.14042769372463226,-0.31636959314346313,-0.45982640981674194,0.9237514734268188
-0.14141549170017242,-0.30619072914123535,-0.4117116332054138,0.9090290069580078
-0.14090470969676971,-0.3046916723251343,-0.40789827704429626,0.9063451290130615
-0.19752328097820282,-0.29208067059516907,-0.36661678552627563,0.8751335144042969
-0.20371590554714203,-0.29306045174598694,-0.36385107040405273,0.8732558488845825
-0.20405645668506622,-0.2931171655654907,-0.3644530773162842,0.8673864603042603
-0.2041071206331253,-0.29312950372695923,-0.36478909850120544,0.8671931028366089
-0.21188510954380035,-0.2956954836845398,-0.37124741077423096,0.8476607799530029
-0.23487834632396698,-0.2828989624977112,-0.42080241441726685,0.8854624032974243
-0.23150403797626495,-0.2774626314640045,-0.42564284801483154,0.8895868062973022
-0.24271418154239655,-0.27552613615989685,-0.4400078058242798,0.8730810284614563
-0.24408666789531708,-0.27510687708854675,-0.4416791498661041,0.8701961040496826
-0.24144621193408966,-0.2690986394882202,-0.42992475628852844,0.7910754680633545
-0.24418143928050995,-0.2683205306529999,-0.4261767566204071,0.7770252227783203
-0.2286432534456253,-0.21289610862731934,-0.36035510897636414,0.75220787525177
-0.2301061898469925,-0.19808092713356018,-0.353834867477417,0.7465018630027771
-0.23010621964931488,-0.19676512479782104,-0.3524686396121979,0.7450399398803711
-0.22521527111530304,-0.18969927728176117,-0.30706652998924255,0.7286827564239502
-0.22641901671886444,-0.1860956847667694,-0.3008578419685364,0.7253716588020325
-0.2272084504365921,-0.18552818894386292,-0.299899160861969,0.7248274087905884
-0.22735057771205902,-0.18547573685646057,-0.29972779750823975,0.7247422933578491
-0.2277684360742569,-0.18217957019805908,-0.30011048913002014,0.7249065041542053
-0.2263443022966385,-0.15366727113723755,-0.2845841646194458,0.7331797480583191
-0.22645385563373566,-0.1490737795829773,-0.2785950303077698,0.7380962371826172
-0.22655875980854034,-0.14867687225341797,-0.2780987620353699,0.7397242784500122
-0.226577028632164,-0.14864620566368103,-0.27803879976272583,0.7403742074966431
-0.22333215177059174,-0.14779281616210938,-0.27359244227409363,0.6661545038223267
-0.2223873883485794,-0.14756765961647034,-0.27281439304351807,0.6532787084579468
-0.22260592877864838,-0.14682288467884064,-0.27364394068717957,0.6512737274169922
-0.22258953750133514,-0.14676682651042938,-0.27377891540527344,0.6511602401733398
-0.22242321074008942,-0.1459646075963974,-0.2725740671157837,0.6499547362327576
-0.22246764600276947,-0.1458098292350769,-0.2723986506462097,0.6497980952262878
-0.22473286092281342,-0.14713840186595917,-0.2722846269607544,0.6522986888885498
-0.21838824450969696,-0.09589268267154694,-0.2373126745223999,0.6457611322402954
-0.21848244965076447,-0.08919215947389603,-0.2315661758184433,0.645348072052002
-0.21329115331172943,-0.058976516127586365,-0.21795088052749634,0.6416751742362976
-0.21405546367168427,-0.05456671863794327,-0.21686942875385284,0.6410304307937622
-0.21828092634677887,-0.05384060740470886,-0.21508337557315826,0.6414155960083008
-0.21896712481975555,-0.05360136181116104,-0.21492034196853638,0.6414159536361694
-0.21800614893436432,-0.05340723693370819,-0.21495941281318665,0.6414992213249207
-0.2227315455675125,-0.05127878487110138,-0.21373353898525238,0.5833667516708374
-0.22288300096988678,-0.05088526010513306,-0.21402576565742493,0.5714695453643799
-0.21945427358150482,-0.047403424978256226,-0.21302977204322815,0.5626397132873535
-0.2153519243001938,-0.04696749150753021,-0.212340846657753,0.5610579252243042
-0.21487237513065338,-0.0468992218375206,-0.2121376097202301,0.5610707998275757
-0.2149961143732071,-0.04660791903734207,-0.21197307109832764,0.5610879063606262
-0.21504808962345123,-0.04654090106487274,-0.2119351029396057,0.5611163973808289
-0.22034703195095062,-0.04572624713182449,-0.2116180956363678,0.5223206281661987
-0.2210809737443924,-0.04533063620328903,-0.2115340679883957,0.5129600167274475
-0.22124724090099335,-0.0447329580783844,-0.2111688107252121,0.5122735500335693
-0.2213784009218216,-0.0439087450504303,-0.210579514503479,0.5122005939483643
-0.2215050607919693,-0.04263966530561447,-0.2096613347530365,0.512190580368042
-0.22160272300243378,-0.04244134575128555,-0.2094069868326187,0.5122507810592651
-0.22158725559711456,-0.041594453155994415,-0.2088201940059662,0.5122354030609131
-0.22163735330104828,-0.041467249393463135,-0.20867203176021576,0.5122727155685425
-0.20964036881923676,-0.03980264067649841,-0.20615175366401672,0.5119725465774536
-0.20751740038394928,-0.03929939121007919,-0.20756125450134277,0.5118427276611328
-0.1991218775510788,-0.03664999455213547,-0.2014802247285843,0.5115334987640381
-0.19782252609729767,-0.03618883341550827,-0.20071014761924744,0.5114869475364685
-0.1614997535943985,-0.034547701478004456,-0.16087135672569275,0.5111698508262634
-0.1500273197889328,-0.03156109154224396,-0.1515260934829712,0.48312002420425415
-0.14895005524158478,-0.03109046071767807,-0.15063929557800293,0.4821206033229828
-0.13859246671199799,-0.01800660789012909,-0.1490005999803543,0.4560052752494812
-0.12835682928562164,-0.013178393244743347,-0.14636245369911194,0.3884877562522888
-0.1261405497789383,-0.013005465269088745,-0.14625495672225952,0.37534692883491516
-0.12490461766719818,-0.010623373091220856,-0.1454804241657257,0.372164249420166
-0.12477640807628632,-0.010374017059803009,-0.1454475224018097,0.37155309319496155
-0.12405718863010406,-0.0078011006116867065,-0.14473257958889008,0.37139201164245605
-0.12337197363376617,-0.006549902260303497,-0.14456453919410706,0.3714350461959839
-0.12330411374568939,-0.006461255252361298,-0.14461751282215118,0.3714803457260132
-0.12246264517307281,-0.005542263388633728,-0.14568182826042175,0.37153613567352295
-0.12235645949840546,-0.0054731592535972595,-0.14622622728347778,0.3715781271457672
-0.12139783799648285,-0.004732444882392883,-0.14812636375427246,0.37165868282318115
-0.12061883509159088,-0.006133757531642914,-0.14955875277519226,0.37199777364730835
-0.1204587072134018,-0.006355360150337219,-0.1499139666557312,0.3720587193965912
-0.12359665334224701,-0.02829723060131073,-0.1602674424648285,0.3761230707168579
-0.12249486148357391,-0.03235909342765808,-0.16100342571735382,0.3768917918205261
-0.12452055513858795,-0.027230940759181976,-0.15098077058792114,0.36195874214172363
-0.12473700940608978,-0.025878310203552246,-0.14969369769096375,0.3607202470302582
-0.12118051946163177,-0.024134568870067596,-0.13762712478637695,0.3287612795829773
-0.1203620582818985,-0.023867398500442505,-0.13665609061717987,0.3206828236579895
-0.12039045989513397,-0.023787111043930054,-0.13718777894973755,0.3202170133590698
-0.12046085298061371,-0.02515755593776703,-0.14068977534770966,0.3203173279762268
-0.12040804326534271,-0.02531237155199051,-0.14202390611171722,0.3203144073486328
-0.11995400488376617,-0.02521859109401703,-0.13675746321678162,0.32072871923446655
-0.12001852691173553,-0.025147035717964172,-0.1351088583469391,0.32090556621551514
-0.11968918144702911,-0.02465604990720749,-0.1373586356639862,0.3209068775177002
-0.11963216960430145,-0.024590633809566498,-0.13836130499839783,0.32077038288116455
-0.11004658043384552,-0.011331602931022644,-0.06787187606096268,0.2629270851612091
-0.1070973128080368,-0.0013854801654815674,-0.05296006053686142,0.24370525777339935
-0.10659889876842499,0.0009054839611053467,-0.05106305330991745,0.24031031131744385
-0.1059570461511612,0.0035357028245925903,-0.05176876112818718,0.23968009650707245
-0.10521088540554047,0.006428524851799011,-0.0540752112865448,0.2394600361585617
-0.10512091219425201,0.006766751408576965,-0.05526869371533394,0.2394242286682129
-0.10408292710781097,0.00916491448879242,-0.05902929604053497,0.23895668983459473
-0.10390974581241608,0.009583830833435059,-0.06114890053868294,0.23879030346870422
-0.10331667959690094,0.011571377515792847,-0.06555168330669403,0.23837512731552124
-0.10273216664791107,0.013213828206062317,-0.06784828007221222,0.23797748982906342
-0.10270814597606659,0.013425156474113464,-0.06890012323856354,0.2378636598587036
-0.10155142843723297,0.014172792434692383,-0.0679602324962616,0.23771697282791138
-0.10134325921535492,0.014396145939826965,-0.0678698867559433,0.2376708686351776
-0.10028339922428131,0.015445500612258911,-0.06738708913326263,0.23592674732208252
-0.10009653866291046,0.015617787837982178,-0.06740424036979675,0.23540523648262024
-0.09314499795436859,0.016377225518226624,-0.06641358137130737,0.1951679140329361
-0.08810453116893768,0.023445218801498413,-0.06263305246829987,0.18326601386070251
-0.08747528493404388,0.024450406432151794,-0.062457554042339325,0.18191850185394287
-0.09857936203479767,0.01634874939918518,-0.06473980844020844,0.18090838193893433
-0.1006530374288559,0.015309959650039673,-0.06614479422569275,0.18074354529380798
-0.092246875166893,0.030764371156692505,-0.06053744629025459,0.173628568649292
-0.0730549544095993,0.03062497079372406,-0.06170576810836792,0.17496933043003082
-0.0699087530374527,0.029574096202850342,-0.06258322298526764,0.17492778599262238
-0.06974072754383087,0.029427871108055115,-0.06303584575653076,0.17490531504154205
-0.06719611585140228,0.03001926839351654,-0.062440261244773865,0.17085151374340057
-0.06632427871227264,0.02973325550556183,-0.062640480697155,0.1686120629310608
-0.06666304171085358,0.029929012060165405,-0.062414754182100296,0.1680828332901001
-0.06716318428516388,0.030359208583831787,-0.06196649372577667,0.16784082353115082
-0.0672817975282669,0.030448049306869507,-0.06184295192360878,0.1677888184785843
-0.06812913715839386,0.030596047639846802,-0.061181288212537766,0.16777189075946808
-0.06828750669956207,0.03065331280231476,-0.06086528301239014,0.16778120398521423
-0.06850801408290863,0.03251555562019348,-0.053794749081134796,0.17175738513469696
-0.06030808389186859,0.03128492832183838,-0.04545696824789047,0.14502063393592834
-0.05778278410434723,0.029185131192207336,-0.04336932301521301,0.14039838314056396
-0.05730077624320984,0.02918073534965515,-0.04105253145098686,0.13809311389923096
-0.0572076290845871,0.029158815741539,-0.04015060514211655,0.1376153528690338
-0.05951063334941864,0.0266525000333786,-0.041380271315574646,0.1402580738067627
-0.05979651212692261,0.026509344577789307,-0.04135533794760704,0.1408063769340515
-0.05983614921569824,0.026515185832977295,-0.04140625149011612,0.14080572128295898
-0.05989944934844971,0.02658255398273468,-0.04133785143494606,0.14076775312423706
-0.059916600584983826,0.02659505605697632,-0.04131809622049332,0.1407567262649536
-0.05988037586212158,0.02659696340560913,-0.04144857078790665,0.14072003960609436
-0.060003310441970825,0.026494354009628296,-0.041645146906375885,0.14064070582389832
-0.06001091003417969,0.02648402750492096,-0.041713498532772064,0.14061462879180908
-0.059462279081344604,0.027040988206863403,-0.03938639163970947,0.1363143026828766
-0.0594550222158432,0.027374446392059326,-0.038821302354335785,0.1350412368774414
-0.054546236991882324,0.029478520154953003,-0.02477678842842579,0.10289198160171509
-0.05384695529937744,0.030967429280281067,-0.021060744300484657,0.09235501289367676
-0.052139461040496826,0.03142698109149933,-0.016829537227749825,0.07992222905158997
-0.05167508125305176,0.03164707124233246,-0.015590067952871323,0.0760282576084137
-0.05161169171333313,0.03177963197231293,-0.01527315005660057,0.0752323567867279
-0.051741838455200195,0.03179332613945007,-0.015187319368124008,0.07501360774040222
-0.05175875127315521,0.03180907666683197,-0.015154995024204254,0.07495784759521484
-0.05169118940830231,0.03160226345062256,-0.015434883534908295,0.07497236132621765
-0.0512271374464035,0.03087364137172699,-0.0173189640045166,0.07489591836929321
-0.051146700978279114,0.030734822154045105,-0.01808394491672516,0.0748479962348938
-0.0514073520898819,0.03108656406402588,-0.017247779294848442,0.07490786910057068
-0.05144934356212616,0.031157955527305603,-0.0168823953717947,0.0749397873878479
-0.05103883147239685,0.030518576502799988,-0.018050886690616608,0.07496947050094604
-0.050938501954078674,0.03038947284221649,-0.018482953310012817,0.07496681809425354
-0.050684452056884766,0.030180469155311584,-0.018860934302210808,0.07505470514297485
-0.05078747868537903,0.030097827315330505,-0.018701650202274323,0.07515251636505127
-0.050801366567611694,0.030087560415267944,-0.01859736256301403,0.0751839280128479
-0.05016833543777466,0.02963508665561676,-0.01936219073832035,0.07541844248771667
-0.050021395087242126,0.02952738106250763,-0.019621597602963448,0.07549488544464111
-0.0496329665184021,0.02912670373916626,-0.020182471722364426,0.07574138045310974
-0.04920375347137451,0.028730645775794983,-0.020707380026578903,0.0760338306427002
-0.04911065101623535,0.028646066784858704,-0.020853307098150253,0.07612276077270508
-0.04886002838611603,0.02837558090686798,-0.021151015534996986,0.07631513476371765
-0.04984784126281738,0.033872708678245544,-0.02400537207722664,0.07857292890548706
-0.04991120100021362,0.03414420783519745,-0.02429656684398651,0.07929471135139465
-0.04567572474479675,0.034588709473609924,-0.025718262419104576,0.07984405755996704
-0.045196205377578735,0.0346350371837616,-0.025453820824623108,0.07980933785438538
-0.04449380934238434,0.0358317494392395,-0.0226470734924078,0.0703129768371582
-0.04156593978404999,0.044916510581970215,-0.016216404736042023,0.05922296643257141
-0.042059555649757385,0.04719318449497223,-0.015502449125051498,0.05576235055923462
-0.041970670223236084,0.04743519425392151,-0.015518981963396072,0.05515912175178528
-0.04193675518035889,0.0474635511636734,-0.015525966882705688,0.05505102872848511
-0.041787758469581604,0.047003358602523804,-0.01597265899181366,0.05523437261581421
-0.041681960225105286,0.046565279364585876,-0.01634850725531578,0.05540895462036133
-0.041628286242485046,0.046479225158691406,-0.016422834247350693,0.055458128452301025
-0.041302233934402466,0.045912399888038635,-0.01699911616742611,0.05568563938140869
-0.04118752479553223,0.04577931761741638,-0.01713409274816513,0.055763304233551025
-0.040804311633110046,0.045656561851501465,-0.016607969999313354,0.05214652419090271
-0.03896696865558624,0.04482012987136841,-0.0055861882865428925,0.014433413743972778
-0.038701534271240234,0.045380204916000366,-0.0007761456072330475,0.0018413662910461426
-0.03858292102813721,0.044898390769958496,0.00033489614725112915,-0.0009608864784240723
-0.03851522505283356,0.04481911659240723,0.0008077062666416168,-0.0015789270401000977
-0.03845043480396271,0.04410673677921295,0.0003849826753139496,-0.0014728009700775146
-0.03835992515087128,0.04395608603954315,0.0003329366445541382,-0.0014195442199707031
-0.03822550177574158,0.04317536950111389,-0.00029310956597328186,-0.0011500120162963867
-0.03789879381656647,0.04276178777217865,-0.0006492845714092255,-0.0008857250213623047
-0.03782448172569275,0.04266659915447235,-0.0007480941712856293,-0.0008019208908081055
-0.03634949028491974,0.042251065373420715,-0.000715300440788269,-0.0004808008670806885
-0.0218065083026886,0.04156075417995453,0.003881644457578659,0.00022178888320922852
-0.018891915678977966,0.041813984513282776,0.004288569092750549,0.00010514259338378906
-0.017997100949287415,0.04138985276222229,0.004109837114810944,0.00024887919425964355
-0.017812401056289673,0.041304707527160645,0.004068166017532349,0.00030517578125
-0.01748432219028473,0.04105232656002045,0.003809317946434021,0.0004877448081970215
-0.017069905996322632,0.04081936180591583,0.003547273576259613,0.0007458627223968506
-0.01699337363243103,0.040739789605140686,0.0034597404301166534,0.000835716724395752
-0.01680925488471985,0.040568843483924866,0.003268331289291382,0.0009444952011108398
-0.016762778162956238,0.04051405191421509,0.003205765038728714,0.0009826123714447021
-0.016503676772117615,0.04042471945285797,0.003103882074356079,0.0011433959007263184
-0.01645459234714508,0.04038083553314209,0.0030696019530296326,0.0012055039405822754
-0.01603884994983673,0.04025645554065704,0.0028945058584213257,0.0014231204986572266
-0.015961885452270508,0.040191650390625,0.002824995666742325,0.0015071332454681396
-0.015843942761421204,0.040057435631752014,0.0027373917400836945,0.0015673339366912842
-0.015810683369636536,0.040015190839767456,0.0027189962565898895,0.0015887916088104248
-0.015411749482154846,0.039864614605903625,0.002487633377313614,0.0017642080783843994
-0.01501116156578064,0.039682537317276,0.002244330942630768,0.001963198184967041
-0.014941349625587463,0.039613887667655945,0.0021611452102661133,0.0020310580730438232
-0.01469150185585022,0.03954596817493439,0.0020538903772830963,0.0021992921829223633
-0.0146474689245224,0.03951138257980347,0.0020148679614067078,0.0022630393505096436
-0.013999149203300476,0.039409711956977844,0.0017605796456336975,0.0025217831134796143
-0.013888999819755554,0.03933538496494293,0.0016418173909187317,0.002621948719024658
-0.01357431709766388,0.03923161327838898,0.0014652684330940247,0.0026616454124450684
-0.013516336679458618,0.03918370604515076,0.001390945166349411,0.0026749372482299805
-0.01328401267528534,0.03914393484592438,0.0013007484376430511,0.002822399139404297
-0.012959793210029602,0.039147064089775085,0.001304827630519867,0.0029509365558624268
-0.012911990284919739,0.03911606967449188,0.0012956373393535614,0.0029960274696350098
-0.01261875033378601,0.03905463218688965,0.0012121647596359253,0.003027796745300293
-0.012568667531013489,0.03902067244052887,0.0011757947504520416,0.0030412673950195312
-0.012080878019332886,0.038984641432762146,0.0010066330432891846,0.0029526948928833008
-0.012096241116523743,0.03907701373100281,0.0011818073689937592,0.0029878318309783936
-0.012110486626625061,0.039085790514945984,0.001250624656677246,0.003009974956512451
-0.01188763976097107,0.039254963397979736,0.001520991325378418,0.0031890869140625
-0.011857300996780396,0.03925992548465729,0.0016037076711654663,0.0032588541507720947
-0.011552304029464722,0.03907136619091034,0.0013385973870754242,0.003068864345550537
-0.011116370558738708,0.03876990079879761,0.0007878951728343964,0.00268515944480896
-0.011031776666641235,0.03870855271816254,0.0005893968045711517,0.002554088830947876
-0.011066123843193054,0.03859516978263855,0.0005132593214511871,0.0021217167377471924
-0.011058390140533447,0.038585081696510315,0.0005070902407169342,0.0019665956497192383
-0.010598719120025635,0.03860391676425934,0.0004646517336368561,0.0016801953315734863
-0.010191753506660461,0.038605913519859314,0.0006429143249988556,0.0003676116466522217
-0.010121658444404602,0.038620054721832275,0.0006664395332336426,-9.784102439880371e-05
-0.009571760892868042,0.03870074450969696,0.000973820686340332,-0.0020773708820343018
-0.009475335478782654,0.038734108209609985,0.001016031950712204,-0.0027940571308135986
-0.004765689373016357,0.03893430531024933,0.005265384912490845,-0.0032033920288085938
-0.002709627151489258,0.03922124207019806,0.007918834686279297,-0.0034477710723876953
-0.0025429576635360718,0.03951871395111084,0.008428741246461868,-0.003978818655014038
-0.0022224485874176025,0.03978973627090454,0.009402509778738022,-0.007278650999069214
-0.0021747052669525146,0.039939239621162415,0.009733211249113083,-0.008556365966796875
-0.001682877540588379,0.04043194651603699,0.010244183242321014,-0.012475430965423584
-0.0015837401151657104,0.040529653429985046,0.010401677340269089,-0.013878703117370605
-0.0011745989322662354,0.0413849800825119,0.01088026911020279,-0.017998844385147095
-0.0010768324136734009,0.04149910807609558,0.011025398969650269,-0.019446879625320435
-0.0008431077003479004,0.04268433153629303,0.011433329433202744,-0.023067176342010498
-0.000598415732383728,0.043036431074142456,0.011590849608182907,-0.02476745843887329
-0.0005556941032409668,0.043073371052742004,0.011625155806541443,-0.025165140628814697
-0.0004833042621612549,0.04381763935089111,0.011833295226097107,-0.026889026165008545
-0.0004377812147140503,0.043870389461517334,0.011898897588253021,-0.02744552493095398
2.8312206268310547e-07,0.04491019248962402,0.012106083333492279,-0.0295218825340271
0.0004684627056121826,0.04569694399833679,0.012323897331953049,-0.031499236822128296
0.0005516707897186279,0.04573650658130646,0.012317948043346405,-0.03200146555900574
0.0010107755661010742,0.04655754566192627,0.012692529708147049,-0.03363072872161865
0.0010883212089538574,0.046597883105278015,0.012691669166088104,-0.03409665822982788
0.001175209879875183,0.04684723913669586,0.012869853526353836,-0.034733206033706665
0.0011934340000152588,0.04686214029788971,0.012892041355371475,-0.03491008281707764
0.001423850655555725,0.047056302428245544,0.013004884123802185,-0.03538006544113159
0.0016287416219711304,0.04715168476104736,0.013100013136863708,-0.03589773178100586
0.001668587327003479,0.04713857173919678,0.01311514526605606,-0.036010921001434326
0.0017800331115722656,0.04722990095615387,0.01317526400089264,-0.03642275929450989
0.0018036216497421265,0.047226786613464355,0.013165347278118134,-0.03653314709663391
0.0020461976528167725,0.04725983738899231,0.01312195137143135,-0.036655962467193604
0.0020827800035476685,0.04724544286727905,0.013078618794679642,-0.03668227791786194
0.002187177538871765,0.047292888164520264,0.013062495738267899,-0.036824166774749756
0.002313673496246338,0.04734799265861511,0.013021379709243774,-0.03698047995567322
0.002329126000404358,0.047347187995910645,0.012980829924345016,-0.03701820969581604
0.0023316293954849243,0.0473460853099823,0.012967869639396667,-0.03702324628829956
0.0025986582040786743,0.04734429717063904,0.012931175529956818,-0.03707548975944519
0.0028121769428253174,0.04732173681259155,0.012877967208623886,-0.03701844811439514
0.0028392821550369263,0.04730740189552307,0.01285860687494278,-0.03698718547821045
0.0028786957263946533,0.04729701578617096,0.012846719473600388,-0.036994338035583496
0.00303475558757782,0.04728206992149353,0.01281769946217537,-0.036946624517440796
0.003056928515434265,0.047271355986595154,0.012806553393602371,-0.03692355751991272
0.003145188093185425,0.04724179208278656,0.012793436646461487,-0.0369030237197876
0.0031939446926116943,0.047196611762046814,0.012785039842128754,-0.03689566254615784
0.003203555941581726,0.047184333205223083,0.012789666652679443,-0.03688725829124451
0.003333643078804016,0.04718752205371857,0.012764085084199905,-0.03687310218811035
0.0034949928522109985,0.04718996584415436,0.012717381119728088,-0.0368446409702301
0.0035157352685928345,0.04717963933944702,0.012690290808677673,-0.036832571029663086
0.0037033557891845703,0.047184064984321594,0.01263745129108429,-0.036787569522857666
0.003728717565536499,0.04717370867729187,0.012604638934135437,-0.03677096962928772
0.0037740319967269897,0.04714769124984741,0.012585680931806564,-0.036737263202667236
0.003781929612159729,0.04714056849479675,0.01258467510342598,-0.036723703145980835
0.004034280776977539,0.047141000628471375,0.012522879987955093,-0.03664684295654297
0.00430692732334137,0.04717075824737549,0.012449439615011215,-0.03657126426696777
0.004336878657341003,0.047162801027297974,0.012403801083564758,-0.036548763513565063
0.004499062895774841,0.047188982367515564,0.012370705604553223,-0.03651022911071777
0.004517748951911926,0.047185808420181274,0.012345444411039352,-0.03649815917015076
0.004398077726364136,0.04719795286655426,0.012347515672445297,-0.036574751138687134
0.004379600286483765,0.047199249267578125,0.012344077229499817,-0.03659668564796448
0.004378259181976318,0.04720202088356018,0.012344248592853546,-0.036600589752197266
0.004309147596359253,0.04720962047576904,0.012362856417894363,-0.03663027286529541
0.004299670457839966,0.04721449315547943,0.01237126812338829,-0.03664153814315796
0.004313573241233826,0.047233253717422485,0.012368127703666687,-0.036663949489593506
0.0043138861656188965,0.04723450541496277,0.012358207255601883,-0.03667265176773071
0.004206836223602295,0.04723842442035675,0.012376360595226288,-0.03673267364501953
0.004193857312202454,0.04724116623401642,0.012382615357637405,-0.03675466775894165
0.004199519753456116,0.047261133790016174,0.012372974306344986,-0.036791324615478516
0.00431649386882782,0.04728025197982788,0.012331582605838776,-0.03678593039512634
0.004332691431045532,0.047274187207221985,0.012301679700613022,-0.036783427000045776
0.004366427659988403,0.047246336936950684,0.012246143072843552,-0.03679606318473816
0.004390835762023926,0.047256872057914734,0.012224152684211731,-0.03679734468460083
0.004393279552459717,0.04725879430770874,0.012212075293064117,-0.036797940731048584
0.004447191953659058,0.04724124073982239,0.0121568962931633,-0.03679245710372925
0.0044553279876708984,0.04723607003688812,0.012131426483392715,-0.036791443824768066
0.004490450024604797,0.04724511504173279,0.012122802436351776,-0.03678026795387268
0.004471242427825928,0.047236502170562744,0.01210741326212883,-0.036787062883377075
0.004469051957130432,0.04723568260669708,0.012102775275707245,-0.036790311336517334
0.004469320178031921,0.0472358763217926,0.012101314961910248,-0.03679153323173523
0.004386574029922485,0.04732847213745117,0.012241728603839874,-0.03678515553474426
0.004248753190040588,0.04752495884895325,0.012580234557390213,-0.03673639893531799
0.004212379455566406,0.04755765199661255,0.012699905782938004,-0.036716580390930176
0.004094183444976807,0.047625377774238586,0.012842655181884766,-0.03672698140144348
0.00416228175163269,0.04749190807342529,0.012678064405918121,-0.0367603600025177
0.004182100296020508,0.04746413230895996,0.012611627578735352,-0.036773860454559326
0.004496663808822632,0.04728768765926361,0.01229577511548996,-0.0367492139339447
0.004373818635940552,0.04744440317153931,0.012509308755397797,-0.03670981526374817
0.004341140389442444,0.047473832964897156,0.012600548565387726,-0.03669479489326477
0.004399821162223816,0.04756028950214386,0.012726958841085434,-0.03663569688796997
0.00440216064453125,0.047569721937179565,0.012766771018505096,-0.03661423921585083
0.004505261778831482,0.047542303800582886,0.012725688517093658,-0.03658038377761841
0.004311218857765198,0.0481087863445282,0.013502661138772964,-0.03649434447288513
0.004276633262634277,0.04821757972240448,0.013803128153085709,-0.03645697236061096
0.0041596293449401855,0.048645392060279846,0.014526233077049255,-0.0363803505897522
0.004143849015235901,0.04872651398181915,0.014814488589763641,-0.03634634613990784
0.0041784197092056274,0.0488053560256958,0.015006773173809052,-0.03633081912994385
0.004180461168289185,0.04881981015205383,0.015069924294948578,-0.036324501037597656
0.004314333200454712,0.048942506313323975,0.015215925872325897,-0.03637570142745972
0.00496983528137207,0.049732789397239685,0.01601727306842804,-0.037383317947387695
0.005018442869186401,0.04984602332115173,0.0161137655377388,-0.03772607445716858
0.006927043199539185,0.05217951536178589,0.01995069533586502,-0.044379234313964844
0.008246123790740967,0.05373100936412811,0.024278923869132996,-0.05183050036430359
0.008357599377632141,0.05385841429233551,0.025470130145549774,-0.0537848174571991
0.008676394820213318,0.05413089692592621,0.027064181864261627,-0.05574670433998108
0.00870339572429657,0.05414190888404846,0.027576372027397156,-0.05628201365470886
0.008905023336410522,0.054150909185409546,0.027755357325077057,-0.05636429786682129
0.008929207921028137,0.054142653942108154,0.027805320918560028,-0.05637499690055847
0.009112656116485596,0.054134249687194824,0.027805976569652557,-0.056324928998947144
0.009353786706924438,0.054104700684547424,0.02775491029024124,-0.05624204874038696
0.009385332465171814,0.05408494174480438,0.027728773653507233,-0.056215524673461914
0.009674131870269775,0.05406153202056885,0.02766520529985428,-0.05611604452133179
0.009714096784591675,0.05404159426689148,0.027632571756839752,-0.05608299374580383
0.009873434901237488,0.05402861535549164,0.027581840753555298,-0.0560278594493866
0.010099902749061584,0.054012835025787354,0.02751588076353073,-0.05594632029533386
0.010127708315849304,0.05400046706199646,0.027486123144626617,-0.05592122673988342
0.010332956910133362,0.05400259792804718,0.027463115751743317,-0.05584868788719177
0.010358080267906189,0.053996115922927856,0.02745073288679123,-0.05582469701766968
0.010593757033348083,0.0539981871843338,0.027428127825260162,-0.05574354529380798
0.0106220543384552,0.053990840911865234,0.02741488814353943,-0.05571737885475159
0.010752946138381958,0.053994014859199524,0.027412302792072296,-0.05566728115081787
0.010768219828605652,0.05399119853973389,0.02741069346666336,-0.0556509792804718
0.010731995105743408,0.05398508906364441,0.027416914701461792,-0.055656224489212036
0.010727927088737488,0.05398382246494293,0.027421481907367706,-0.0556582510471344
0.010851666331291199,0.053978338837623596,0.02738843858242035,-0.055624961853027344
0.010867610573768616,0.05397222936153412,0.02737024426460266,-0.055613547563552856
0.01101827621459961,0.053981900215148926,0.027346856892108917,-0.05556976795196533
0.01103450357913971,0.05398128926753998,0.027333296835422516,-0.05555567145347595
0.011125028133392334,0.053984060883522034,0.027313806116580963,-0.05552929639816284
0.011362329125404358,0.05398337543010712,0.027278855443000793,-0.05545392632484436
0.011390969157218933,0.05397568643093109,0.02726159244775772,-0.05543068051338196
0.011551737785339355,0.0539754182100296,0.027242645621299744,-0.055379658937454224
0.011792629957199097,0.05396023392677307,0.027190297842025757,-0.055302709341049194
0.01182226836681366,0.053947702050209045,0.02716490626335144,-0.05528062582015991
0.012037798762321472,0.05393107235431671,0.02710837870836258,-0.05522003769874573
0.012066587805747986,0.05391867458820343,0.027080170810222626,-0.05520176887512207
0.012235984206199646,0.05389617383480072,0.027026981115341187,-0.055153995752334595
0.012259170413017273,0.053882792592048645,0.027001909911632538,-0.05514031648635864
0.012412205338478088,0.053859129548072815,0.026949487626552582,-0.05509829521179199
0.012489676475524902,0.05383351445198059,0.026904307305812836,-0.05507203936576843
0.012499824166297913,0.053824350237846375,0.02688749134540558,-0.0550650954246521
0.012647062540054321,0.053805768489837646,0.026848725974559784,-0.05502563714981079
0.012667268514633179,0.05379451811313629,0.026829659938812256,-0.055013835430145264
0.012787550687789917,0.053771719336509705,0.026786379516124725,-0.05498099327087402
0.01280561089515686,0.05375953018665314,0.026766091585159302,-0.054971516132354736
0.012886390089988708,0.05374765396118164,0.02674143761396408,-0.05494946241378784
0.012991100549697876,0.05373495817184448,0.026713624596595764,-0.054918885231018066
0.013004183769226074,0.05372864007949829,0.026702024042606354,-0.054910510778427124
0.013014107942581177,0.05372744798660278,0.02669674903154373,-0.05490690469741821
0.013015225529670715,0.05372701585292816,0.026695020496845245,-0.05490615963935852
0.013015180826187134,0.053726524114608765,0.026694416999816895,-0.0549052357673645
0.012997269630432129,0.05372790992259979,0.02669578790664673,-0.05491027235984802
0.012995287775993347,0.05372899770736694,0.026696346700191498,-0.05491200089454651
0.01289890706539154,0.05373010039329529,0.026709578931331635,-0.05493643879890442
0.01288674771785736,0.05373288691043854,0.026717036962509155,-0.05494403839111328
0.012895360589027405,0.05373522639274597,0.026718325912952423,-0.054943352937698364
0.012861832976341248,0.05373874306678772,0.0267224982380867,-0.05495297908782959
0.012857243418693542,0.0537409633398056,0.026724524796009064,-0.05495584011077881
0.012901797890663147,0.05374090373516083,0.026718057692050934,-0.0549452006816864
0.012906685471534729,0.05373968183994293,0.02671424299478531,-0.05494225025177002
0.01296311616897583,0.05374470353126526,0.026712611317634583,-0.05492708086967468
0.012968495488166809,0.05374559760093689,0.026711173355579376,-0.05492284893989563
0.013082429766654968,0.05375303328037262,0.02670598030090332,-0.054893672466278076
0.01309475302696228,0.05375319719314575,0.026701800525188446,-0.05488446354866028
0.013158813118934631,0.05376221239566803,0.026704072952270508,-0.054867565631866455
0.01326972246170044,0.053767234086990356,0.02669571340084076,-0.05483603477478027
0.013281464576721191,0.05376574397087097,0.026690766215324402,-0.054827332496643066
0.013403281569480896,0.05376240611076355,0.0266745463013649,-0.05479562282562256
0.013418301939964294,0.05375811457633972,0.02666628360748291,-0.054785728454589844
0.013435974717140198,0.053752049803733826,0.026655055582523346,-0.05478009581565857
0.01349736750125885,0.05374769866466522,0.026642069220542908,-0.054764360189437866
0.013504907488822937,0.05374513566493988,0.02663634717464447,-0.05475965142250061
0.013589635491371155,0.053750425577163696,0.026630334556102753,-0.054739415645599365
0.013599231839179993,0.05375063419342041,0.026626884937286377,-0.05473339557647705
0.013625845313072205,0.05375087261199951,0.026624195277690887,-0.054725080728530884
0.013629317283630371,0.05375029146671295,0.02662300318479538,-0.054722994565963745
0.013719692826271057,0.05374087393283844,0.026609376072883606,-0.05469924211502075
0.01373155415058136,0.05373486876487732,0.026602819561958313,-0.05469214916229248
0.013810396194458008,0.053726062178611755,0.026589035987854004,-0.05467149615287781
0.013854652643203735,0.053715333342552185,0.026572197675704956,-0.05465751886367798
0.013859719038009644,0.05371123552322388,0.026565439999103546,-0.05465441942214966
0.01387450098991394,0.053707391023635864,0.02655716985464096,-0.054650694131851196
0.013969004154205322,0.05370427668094635,0.026543445885181427,-0.05462753772735596
0.013980299234390259,0.053701430559158325,0.02653662860393524,-0.054620981216430664
0.014145880937576294,0.0536993145942688,0.026521943509578705,-0.05458030104637146
0.01416616141796112,0.053694918751716614,0.026513807475566864,-0.054568737745285034
0.014304593205451965,0.05368463695049286,0.0264928936958313,-0.05453366041183472
0.014322653412818909,0.05367746949195862,0.02648257464170456,-0.05452409386634827
0.014460921287536621,0.053668707609176636,0.026464082300662994,-0.0544888973236084
0.014481917023658752,0.05366411805152893,0.026456862688064575,-0.05447891354560852
0.014482185244560242,0.05366332828998566,0.026455514132976532,-0.05447688698768616
0.01445038616657257,0.05365896224975586,0.026454024016857147,-0.05448359251022339
0.014477163553237915,0.05365471541881561,0.02644866704940796,-0.05447804927825928
0.014480561017990112,0.05365288257598877,0.026445753872394562,-0.054476797580718994
0.014423340559005737,0.05365563929080963,0.026452340185642242,-0.05448991060256958
0.01441638171672821,0.053658097982406616,0.02645616978406906,-0.05449327826499939
0.014288187026977539,0.053661495447158813,0.026470288634300232,-0.05452367663383484
0.01427266001701355,0.0536653995513916,0.026477843523025513,-0.05453231930732727
0.014107748866081238,0.05367228388786316,0.026498958468437195,-0.05457240343093872
0.013962164521217346,0.05368223786354065,0.026524953544139862,-0.05461400747299194
0.013945773243904114,0.05368804931640625,0.026535943150520325,-0.05462402105331421
0.0139198899269104,0.05369114875793457,0.026544474065303802,-0.054632335901260376
0.01394014060497284,0.05369681119918823,0.026547588407993317,-0.05463004112243652
0.013942092657089233,0.05369836091995239,0.02654765546321869,-0.05462926626205444
0.013997480273246765,0.05370204150676727,0.026545658707618713,-0.05461588501930237
0.014003589749336243,0.05370225012302399,0.026544220745563507,-0.05461251735687256
0.014078736305236816,0.05370716750621796,0.026542440056800842,-0.05459412932395935
0.014189526438713074,0.053709596395492554,0.026536308228969574,-0.05456462502479553
0.014202266931533813,0.053707778453826904,0.026532933115959167,-0.05455636978149414
0.014213427901268005,0.05370450019836426,0.02652629464864731,-0.054552286863327026
0.014215856790542603,0.053702905774116516,0.026523061096668243,-0.05455148220062256
0.014314010739326477,0.053704097867012024,0.026514455676078796,-0.054528653621673584
0.014415815472602844,0.053696468472480774,0.026497282087802887,-0.05450138449668884
0.01442822813987732,0.05369143187999725,0.026489801704883575,-0.05449378490447998
0.014501437544822693,0.053686708211898804,0.026476100087165833,-0.054475873708724976
0.014756619930267334,0.053685739636421204,0.026452481746673584,-0.05441644787788391
0.014785721898078918,0.0536811500787735,0.026440545916557312,-0.05440077185630798
0.0148983895778656,0.05367833375930786,0.026425473392009735,-0.05437272787094116
0.014911577105522156,0.05367521941661835,0.026418007910251617,-0.054365694522857666
0.014957085251808167,0.05368310213088989,0.026416108012199402,-0.054356157779693604
0.014925941824913025,0.05368742346763611,0.026417233049869537,-0.05436205863952637
0.01492154598236084,0.053689032793045044,0.026418142020702362,-0.05436345934867859
0.01492716372013092,0.05369378626346588,0.026419930160045624,-0.05436345934867859
0.014926955103874207,0.053695499897003174,0.026420556008815765,-0.054363638162612915
0.014947235584259033,0.053700923919677734,0.026422366499900818,-0.05435973405838013
0.014951616525650024,0.05369970202445984,0.026420921087265015,-0.05435773730278015
0.014952108263969421,0.05369855463504791,0.02642018347978592,-0.05435734987258911
0.015060484409332275,0.053702279925346375,0.02641468495130539,-0.05433407425880432
0.01507297158241272,0.05370184779167175,0.026411280035972595,-0.054328203201293945
0.015106454491615295,0.05371648073196411,0.02642001211643219,-0.05432170629501343
0.015114054083824158,0.05372054874897003,0.026421889662742615,-0.05431827902793884
0.015114471316337585,0.05372057855129242,0.02642221748828888,-0.054317623376846313
0.015064999461174011,0.05371733009815216,0.02642342448234558,-0.054327964782714844
0.015059113502502441,0.053717032074928284,0.026424452662467957,-0.0543304979801178
0.015058964490890503,0.05371512472629547,0.02642328292131424,-0.054330646991729736
0.015059337019920349,0.05371430516242981,0.026422806084156036,-0.05433082580566406
0.01500876247882843,0.05372421443462372,0.026438191533088684,-0.05434232950210571
0.015000313520431519,0.05372945964336395,0.026447422802448273,-0.054345160722732544
0.01500009000301361,0.05373048782348633,0.02645060420036316,-0.05434563755989075
0.014991134405136108,0.05373701453208923,0.026455342769622803,-0.054349035024642944
0.015002265572547913,0.05373525619506836,0.02644941955804825,-0.054347068071365356
0.015004485845565796,0.05373354256153107,0.026446200907230377,-0.05434650182723999
0.014980599284172058,0.053732603788375854,0.026446573436260223,-0.05435138940811157
0.014978140592575073,0.05373269319534302,0.026447221636772156,-0.05435284972190857
0.014977604150772095,0.053733259439468384,0.026448048651218414,-0.054352641105651855
0.014978483319282532,0.05373300611972809,0.026447542011737823,-0.054352909326553345
0.014979079365730286,0.05373278260231018,0.026447273790836334,-0.05435261130332947
0.014987215399742126,0.05373537540435791,0.026448175311088562,-0.05435141921043396
0.014987841248512268,0.053736284375190735,0.026448622345924377,-0.05435106158256531
0.01499071717262268,0.053738072514534,0.026449747383594513,-0.05435052514076233
0.014990970492362976,0.053738683462142944,0.026450350880622864,-0.05435061454772949
0.014992818236351013,0.05374063551425934,0.02645154297351837,-0.05435016751289368
0.014992356300354004,0.0537416934967041,0.026452265679836273,-0.054350465536117554
0.014992594718933105,0.0537419468164444,0.026452548801898956,-0.054350465536117554
0.01500953733921051,0.05374157428741455,0.026451170444488525,-0.054346442222595215
0.015011012554168701,0.053741008043289185,0.026450365781784058,-0.054345518350601196
0.015090346336364746,0.05373963713645935,0.026444241404533386,-0.054327964782714844
0.01509980857372284,0.0537375807762146,0.026441022753715515,-0.05432331562042236
0.015195712447166443,0.053730934858322144,0.02643045037984848,-0.054300665855407715
0.015208020806312561,0.05372631549835205,0.026425421237945557,-0.054294854402542114
0.015259429812431335,0.05372519791126251,0.026421763002872467,-0.05428224802017212
0.015324816107749939,0.0537237823009491,0.02641773223876953,-0.054266005754470825
0.015331804752349854,0.0537223219871521,0.026415817439556122,-0.054261624813079834
0.015374094247817993,0.053720176219940186,0.02641117572784424,-0.05425199866294861
0.015416651964187622,0.05371472239494324,0.026403523981571198,-0.054240882396698
0.015422061085700989,0.05371193587779999,0.026399940252304077,-0.054238349199295044
0.015471652150154114,0.05371314287185669,0.026395663619041443,-0.054228007793426514
0.015477359294891357,0.053712859749794006,0.026393428444862366,-0.05422517657279968
0.015571385622024536,0.05369699001312256,0.026372812688350677,-0.054203182458877563
0.015607491135597229,0.05370734632015228,0.02637680619955063,-0.05419531464576721
0.015607953071594238,0.05371326208114624,0.026379406452178955,-0.05419427156448364
0.01557430624961853,0.05370284616947174,0.026373475790023804,-0.05419909954071045
0.015571936964988708,0.053698763251304626,0.026371367275714874,-0.05419996380805969
0.015528514981269836,0.05368909239768982,0.0263664647936821,-0.054207950830459595
0.015524893999099731,0.053686052560806274,0.026364870369434357,-0.05421003699302673
0.015447214245796204,0.05370017886161804,0.026376202702522278,-0.05422970652580261
0.015435978770256042,0.05370764434337616,0.026381030678749084,-0.05423477292060852
0.015400975942611694,0.053715869784355164,0.02638726681470871,-0.05424502491950989
0.015457779169082642,0.05371682345867157,0.026385709643363953,-0.05423352122306824
0.015465110540390015,0.053715139627456665,0.02638395130634308,-0.054230451583862305
0.015549957752227783,0.05369855463504791,0.026366859674453735,-0.05420944094657898
0.015621170401573181,0.05370260775089264,0.026364125311374664,-0.054193735122680664
0.015627533197402954,0.053705230355262756,0.026363082230091095,-0.054190605878829956
0.01572422683238983,0.053719520568847656,0.026368536055088043,-0.05417150259017944
0.015733271837234497,0.053723663091659546,0.02636946737766266,-0.05416691303253174
0.015863865613937378,0.05372147262096405,0.02636723965406418,-0.054137587547302246
0.01591154932975769,0.053721994161605835,0.02637729048728943,-0.05412206053733826
0.01591506600379944,0.05372215807437897,0.0263829305768013,-0.05411809682846069
0.015932336449623108,0.05373544991016388,0.02639617770910263,-0.05411502718925476
0.015931755304336548,0.05374068021774292,0.02640126645565033,-0.05411466956138611
0.0159665048122406,0.05381019413471222,0.026458539068698883,-0.05411809682846069
0.015959084033966064,0.05383782088756561,0.02648027241230011,-0.05412012338638306
0.01595693826675415,0.053841859102249146,0.026487275958061218,-0.05412018299102783
0.015956804156303406,0.05384226143360138,0.02648939937353134,-0.05411997437477112
0.015956729650497437,0.05384223163127899,0.026490114629268646,-0.05411991477012634
0.01595747470855713,0.05384215712547302,0.02649030089378357,-0.054119616746902466
0.015957489609718323,0.05384215712547302,0.026490353047847748,-0.05411946773529053
0.015957489609718323,0.05384215712547302,0.026490353047847748,-0.05411934852600098
0.015957489609718323,0.05384215712547302,0.026490353047847748,-0.05411934852600098
0.015957489609718323,0.05384215712547302,0.026490353047847748,-0.05411934852600098
0.015957489609718323,0.05384215712547302,0.026490353047847748,-0.05411934852600098
0.015957489609718323,0.05384215712547302,0.026490353047847748,-0.05411934852600098
0.015957489609718323,0.05384215712547302,0.026490353047847748,-0.05411934852600098
0.015957489609718323,0.05384215712547302,0.026490353047847748,-0.05411934852600098
0.015957489609718323,0.05384215712547302,0.026490353047847748,-0.05411934852600098
0.015957489609718323,0.05384215712547302,0.026490353047847748,-0.05411934852600098
0.01601971685886383,0.05383957922458649,0.026487186551094055,-0.05410647392272949
0.016032695770263672,0.05380260944366455,0.0264412984251976,-0.054099202156066895
0.01603923738002777,0.05378803610801697,0.026421837508678436,-0.05409756302833557
0.016004890203475952,0.05378006398677826,0.02641211450099945,-0.05410352349281311
0.016002416610717773,0.053777918219566345,0.0264093279838562,-0.0541052520275116
0.01613233983516693,0.05373455584049225,0.02637098729610443,-0.05407175421714783
0.016154110431671143,0.053714752197265625,0.02635522186756134,-0.0540633499622345
0.01615627110004425,0.053711533546447754,0.02635052800178528,-0.05406153202056885
0.01614949107170105,0.05371074378490448,0.026349112391471863,-0.05406254529953003
0.016148671507835388,0.0537106990814209,0.026348769664764404,-0.05406269431114197
0.016182899475097656,0.053691565990448,0.026375696063041687,-0.05404457449913025
0.016189858317375183,0.053682565689086914,0.026392415165901184,-0.054038673639297485
0.01619039475917816,0.0536808967590332,0.02639772742986679,-0.0540371835231781
0.01619023084640503,0.053680598735809326,0.02639952301979065,-0.05403676629066467
0.01609162986278534,0.053676143288612366,0.026404865086078644,-0.05405545234680176
0.015769779682159424,0.05369536578655243,0.026410937309265137,-0.05413198471069336
0.015729740262031555,0.05370928347110748,0.02641221135854721,-0.05415081977844238
0.015678152441978455,0.05370333790779114,0.02640260010957718,-0.05416533350944519
0.015673965215682983,0.053701192140579224,0.026398487389087677,-0.05416920781135559
0.01576937735080719,0.05370587110519409,0.026398606598377228,-0.054150789976119995
0.015779688954353333,0.05370624363422394,0.026398196816444397,-0.054145991802215576
0.01582293212413788,0.05374471843242645,0.026423968374729156,-0.05414268374443054
0.015635564923286438,0.053814709186553955,0.026515744626522064,-0.05418407917022705
0.015604183077812195,0.05384199321269989,0.026556603610515594,-0.05419379472732544
0.01573343575000763,0.05388419330120087,0.026592083275318146,-0.05417430400848389
0.01574288308620453,0.0538976788520813,0.026602543890476227,-0.05417001247406006
0.01576933264732361,0.05391250550746918,0.02661474049091339,-0.05416509509086609
0.015753507614135742,0.05392666161060333,0.026629872620105743,-0.05416899919509888
0.015750020742416382,0.053931206464767456,0.026636049151420593,-0.05417001247406006
0.015727922320365906,0.05392046272754669,0.02663090080022812,-0.05417215824127197
0.015727534890174866,0.05391637980937958,0.026629775762557983,-0.05417215824127197
0.015761390328407288,0.05390775203704834,0.026614129543304443,-0.054166167974472046
0.01576438546180725,0.05389760434627533,0.026599906384944916,-0.0541633665561676
0.015765264630317688,0.05389459431171417,0.026594989001750946,-0.054163187742233276
0.015781983733177185,0.05388708412647247,0.026584714651107788,-0.054159581661224365
0.015785351395606995,0.05388393998146057,0.02658063918352127,-0.05415812134742737
0.015787899494171143,0.05387614667415619,0.026571236550807953,-0.054156482219696045
0.0157899409532547,0.053873151540756226,0.02656731754541397,-0.05415612459182739
0.01579463481903076,0.05386728048324585,0.026559650897979736,-0.05415499210357666
0.015802785754203796,0.0538603812456131,0.02654992789030075,-0.05415275692939758
0.01580442488193512,0.05385813117027283,0.026546098291873932,-0.05415201187133789
0.015782803297042847,0.05385345220565796,0.026539385318756104,-0.05415627360343933
0.015780970454216003,0.05385202169418335,0.026536591351032257,-0.05415734648704529
0.015860646963119507,0.05385191738605499,0.02652907371520996,-0.05414274334907532
0.015924319624900818,0.05385975539684296,0.026528380811214447,-0.05412939190864563
0.015929415822029114,0.05386216938495636,0.026527665555477142,-0.05412653088569641
0.01598493754863739,0.05385775864124298,0.026515215635299683,-0.05411478877067566
0.015925884246826172,0.05389025807380676,0.026539534330368042,-0.054131925106048584
0.015912815928459167,0.05390484631061554,0.02654934674501419,-0.054136812686920166
0.015848711133003235,0.05389155447483063,0.026538603007793427,-0.054148733615875244
0.015843898057937622,0.0538867712020874,0.026534490287303925,-0.054151326417922974
0.0157252699136734,0.05391088128089905,0.026562996208667755,-0.05417978763580322
0.015647441148757935,0.05387145280838013,0.026532992720603943,-0.054191410541534424
0.015647128224372864,0.053854212164878845,0.0265209898352623,-0.05419304966926575
0.015438973903656006,0.0538451224565506,0.026516102254390717,-0.054238200187683105
0.01541602611541748,0.05384589731693268,0.026515819132328033,-0.054249852895736694
0.015372082591056824,0.05383658409118652,0.02650228887796402,-0.05426132678985596
0.015368372201919556,0.0538337379693985,0.02649671584367752,-0.054263800382614136
0.015283763408660889,0.05383627116680145,0.026506848633289337,-0.05428245663642883
0.015268877148628235,0.05382852256298065,0.026500225067138672,-0.05428662896156311
0.015269696712493896,0.05382513999938965,0.02649640291929245,-0.054287880659103394
0.015269771218299866,0.05382464826107025,0.026495322585105896,-0.05428808927536011
0.01526990532875061,0.05382460355758667,0.0264948308467865,-0.05428880453109741
0.01527048647403717,0.05382451415061951,0.026494793593883514,-0.05428874492645264
0.015269815921783447,0.053824543952941895,0.02649446576833725,-0.05428844690322876
0.015270113945007324,0.05382451415061951,0.026494517922401428,-0.05428844690322876
0.015269860625267029,0.05382469296455383,0.02649473398923874,-0.05428880453109741
0.015269771218299866,0.05382469296455383,0.02649473398923874,-0.0542883574962616
0.0152549147605896,0.05382412672042847,0.026495277881622314,-0.05429169535636902
0.015249013900756836,0.05383718013763428,0.026505403220653534,-0.054295361042022705
0.015246525406837463,0.05384264886379242,0.026509135961532593,-0.05429649353027344
0.015379548072814941,0.05379103124141693,0.026471659541130066,-0.05425819754600525
0.015403956174850464,0.05376721918582916,0.026457488536834717,-0.05424746870994568
0.015378430485725403,0.05376388132572174,0.026445351541042328,-0.05425363779067993
0.015517890453338623,0.05386890470981598,0.026517748832702637,-0.05424150824546814
0.015518203377723694,0.053908899426460266,0.026543669402599335,-0.05423983931541443
0.015896201133728027,0.05393339693546295,0.026589669287204742,-0.05415612459182739
0.015937596559524536,0.05393441021442413,0.02660827338695526,-0.054133981466293335
0.01593703031539917,0.05393345654010773,0.026615560054779053,-0.05412948131561279
0.01592971384525299,0.053933680057525635,0.02661949396133423,-0.05412954092025757
0.015928953886032104,0.05393390357494354,0.026621177792549133,-0.05412954092025757
0.015928655862808228,0.05393390357494354,0.026621751487255096,-0.054129451513290405
0.01592862606048584,0.05393390357494354,0.026621825993061066,-0.054129451513290405
0.01592862606048584,0.05393390357494354,0.026621825993061066,-0.054129332304000854
0.01592862606048584,0.05393390357494354,0.026621825993061066,-0.054129332304000854
0.015933945775032043,0.05393350124359131,0.026621349155902863,-0.05412837862968445
0.015936970710754395,0.05393292009830475,0.026620298624038696,-0.05412760376930237
0.0159376859664917,0.05393272638320923,0.026619702577590942,-0.05412781238555908
0.01593714952468872,0.05393268167972565,0.026619568467140198,-0.05412787199020386
0.01593714952468872,0.05393268167972565,0.02661951631307602,-0.05412787199020386
0.01593714952468872,0.05393268167972565,0.02661951631307602,-0.05412787199020386
0.01593714952468872,0.05393268167972565,0.02661951631307602,-0.05412787199020386
0.01593714952468872,0.05393268167972565,0.02661951631307602,-0.05412787199020386
0.01593714952468872,0.05393268167972565,0.02661951631307602,-0.05412787199020386
0.01593714952468872,0.05393268167972565,0.02661951631307602,-0.05412787199020386
0.01593714952468872,0.05393268167972565,0.02661951631307602,-0.05412787199020386
0.01593714952468872,0.05393268167972565,0.02661951631307602,-0.05412787199020386
0.01593714952468872,0.05393268167972565,0.02661951631307602,-0.05412787199020386
0.01593714952468872,0.05393268167972565,0.02661951631307602,-0.05412787199020386
0.01593714952468872,0.05393268167972565,0.02661951631307602,-0.05412787199020386
0.01593714952468872,0.05393268167972565,0.02661951631307602,-0.05412787199020386
0.01593714952468872,0.05393268167972565,0.02661951631307602,-0.05412787199020386
0.01593714952468872,0.05393268167972565,0.02661951631307602,-0.05412787199020386
0.01593714952468872,0.05393268167972565,0.02661951631307602,-0.05412787199020386
0.01593714952468872,0.05393268167972565,0.02661951631307602,-0.05412787199020386
0.01593714952468872,0.05393268167972565,0.02661951631307602,-0.05412787199020386
0.01593714952468872,0.05393268167972565,0.02661951631307602,-0.05412787199020386
0.01593714952468872,0.05393268167972565,0.02661951631307602,-0.05412787199020386
0.01593714952468872,0.05393268167972565,0.02661951631307602,-0.05412787199020386
0.01593714952468872,0.05393268167972565,0.02661951631307602,-0.05412787199020386
0.01593714952468872,0.05393268167972565,0.02661951631307602,-0.05412787199020386
0.01593714952468872,0.05393268167972565,0.02661951631307602,-0.05412787199020386
0.01593714952468872,0.05393268167972565,0.02661951631307602,-0.05412787199020386
0.01593714952468872,0.05393268167972565,0.02661951631307602,-0.05412787199020386
0.01593714952468872,0.05393268167972565,0.02661951631307602,-0.05412787199020386
0.01593714952468872,0.05393268167972565,0.02661951631307602,-0.05412787199020386
0.01593714952468872,0.05393268167972565,0.02661951631307602,-0.05412787199020386
0.01593714952468872,0.05393268167972565,0.02661951631307602,-0.05412787199020386
0.01593714952468872,0.05393268167972565,0.02661951631307602,-0.05412787199020386
0.01593714952468872,0.05393268167972565,0.02661951631307602,-0.05412787199020386
0.01593714952468872,0.05393268167972565,0.02661951631307602,-0.05412787199020386
0.01593714952468872,0.05393268167972565,0.02661951631307602,-0.05412787199020386
0.01593714952468872,0.05393268167972565,0.02661951631307602,-0.05412787199020386
0.01593714952468872,0.05393268167972565,0.02661951631307602,-0.05412787199020386
0.01593714952468872,0.05393268167972565,0.02661951631307602,-0.05412787199020386
0.01593714952468872,0.05393268167972565,0.02661951631307602,-0.05412787199020386
0.01593714952468872,0.05393268167972565,0.02661951631307602,-0.05412787199020386
0.01593714952468872,0.05393268167972565,0.02661951631307602,-0.05412787199020386
0.01593714952468872,0.05393268167972565,0.02661951631307602,-0.05412787199020386
0.01593714952468872,0.05393268167972565,0.02661951631307602,-0.05412787199020386
0.01593714952468872,0.05393268167972565,0.02661951631307602,-0.05412787199020386
0.01593714952468872,0.05393268167972565,0.02661951631307602,-0.05412787199020386
0.01593714952468872,0.05393268167972565,0.02661951631307602,-0.05412787199020386
0.01593714952468872,0.05393268167972565,0.02661951631307602,-0.05412787199020386
0.01593714952468872,0.05393268167972565,0.02661951631307602,-0.05412787199020386
0.01593714952468872,0.05393268167972565,0.02661951631307602,-0.05412787199020386
0.01593714952468872,0.05393268167972565,0.02661951631307602,-0.05412787199020386
0.01593714952468872,0.05393268167972565,0.02661951631307602,-0.05412787199020386
0.01593714952468872,0.05393268167972565,0.02661951631307602,-0.05412787199020386
0.01593714952468872,0.05393268167972565,0.02661951631307602,-0.05412787199020386
0.01593714952468872,0.05393268167972565,0.02661951631307602,-0.05412787199020386
0.01593714952468872,0.05393268167972565,0.02661951631307602,-0.05412787199020386
0.01593714952468872,0.05393268167972565,0.02661951631307602,-0.05412787199020386
0.01593714952468872,0.05393268167972565,0.02661951631307602,-0.05412787199020386
0.01593714952468872,0.05393268167972565,0.02661951631307602,-0.05412787199020386
0.01593714952468872,0.05393268167972565,0.02661951631307602,-0.05412787199020386
0.01593714952468872,0.05393268167972565,0.02661951631307602,-0.05412787199020386
0.01593714952468872,0.05393268167972565,0.02661951631307602,-0.05412787199020386
0.01593714952468872,0.05393268167972565,0.02661951631307602,-0.05412787199020386
0.01593714952468872,0.05393268167972565,0.02661951631307602,-0.05412787199020386
0.01593714952468872,0.05393268167972565,0.02661951631307602,-0.05412787199020386
0.01593714952468872,0.05393268167972565,0.02661951631307602,-0.05412787199020386
0.01593714952468872,0.05393268167972565,0.02661951631307602,-0.05412787199020386
0.01593714952468872,0.05393268167972565,0.02661951631307602,-0.05412787199020386
0.01593714952468872,0.05393268167972565,0.02661951631307602,-0.05412787199020386
0.01593714952468872,0.05393268167972565,0.02661951631307602,-0.05412787199020386
0.01593714952468872,0.05393268167972565,0.02661951631307602,-0.05412787199020386
0.01593714952468872,0.05393268167972565,0.02661951631307602,-0.05412787199020386
0.01593714952468872,0.05393268167972565,0.02661951631307602,-0.05412787199020386
0.01593714952468872,0.05393268167972565,0.02661951631307602,-0.05412787199020386
0.01593714952468872,0.05393268167972565,0.02661951631307602,-0.05412787199020386
0.01593714952468872,0.05393268167972565,0.02661951631307602,-0.05412787199020386
0.01593714952468872,0.05393268167972565,0.02661951631307602,-0.05412787199020386
0.01593714952468872,0.05393268167972565,0.02661951631307602,-0.05412787199020386
0.01593714952468872,0.05393268167972565,0.02661951631307602,-0.05412787199020386
0.01593714952468872,0.05393268167972565,0.02661951631307602,-0.05412787199020386
0.01593714952468872,0.05393268167972565,0.02661951631307602,-0.05412787199020386
0.01593714952468872,0.05393268167972565,0.02661951631307602,-0.05412787199020386
0.01593714952468872,0.05393268167972565,0.02661951631307602,-0.05412787199020386
0.01593714952468872,0.05393268167972565,0.02661951631307602,-0.05412787199020386
0.01593714952468872,0.05393268167972565,0.02661951631307602,-0.05412787199020386
0.01593714952468872,0.05393268167972565,0.02661951631307602,-0.05412787199020386
0.01593714952468872,0.05393268167972565,0.02661951631307602,-0.05412787199020386
0.01593714952468872,0.05393268167972565,0.02661951631307602,-0.05412787199020386
0.01593714952468872,0.05393268167972565,0.02661951631307602,-0.05412787199020386
0.01593714952468872,0.05393268167972565,0.02661951631307602,-0.05412787199020386
0.01593714952468872,0.05393268167972565,0.02661951631307602,-0.05412787199020386
0.01593714952468872,0.05393268167972565,0.02661951631307602,-0.05412787199020386
0.01593714952468872,0.05393268167972565,0.02661951631307602,-0.05412787199020386
0.01593714952468872,0.05393268167972565,0.02661951631307602,-0.05412787199020386
0.01593714952468872,0.05393268167972565,0.02661951631307602,-0.05412787199020386
0.01593714952468872,0.05393268167972565,0.02661951631307602,-0.05412787199020386
0.01593714952468872,0.05393268167972565,0.02661951631307602,-0.05412787199020386
0.01593714952468872,0.05393268167972565,0.02661951631307602,-0.05412787199020386
0.01593714952468872,0.05393268167972565,0.02661951631307602,-0.05412787199020386
0.01593714952468872,0.05393268167972565,0.02661951631307602,-0.05412787199020386
0.01593714952468872,0.05393268167972565,0.02661951631307602,-0.05412787199020386
0.01593714952468872,0.05393268167972565,0.02661951631307602,-0.05412787199020386
0.01593714952468872,0.05393268167972565,0.02661951631307602,-0.05412787199020386
0.01593714952468872,0.05393268167972565,0.02661951631307602,-0.05412787199020386
0.01593714952468872,0.05393268167972565,0.02661951631307602,-0.05412787199020386
0.01593714952468872,0.05393268167972565,0.02661951631307602,-0.05412787199020386
0.01593714952468872,0.05393268167972565,0.02661951631307602,-0.05412787199020386
0.01593714952468872,0.05393268167972565,0.02661951631307602,-0.05412787199020386
0.01593714952468872,0.05393268167972565,0.02661951631307602,-0.05412787199020386
0.015910878777503967,0.05392947793006897,0.02660983055830002,-0.05413404107093811
0.015907898545265198,0.053928762674331665,0.026605255901813507,-0.05413520336151123
0.015908285975456238,0.05392879247665405,0.026603803038597107,-0.054135918617248535
0.01590821146965027,0.05392885208129883,0.02660335600376129,-0.05413615703582764
0.015908196568489075,0.05392885208129883,0.02660307288169861,-0.05413615703582764
0.015908196568489075,0.05392885208129883,0.02660287916660309,-0.05413615703582764
0.01590821146965027,0.05392885208129883,0.02660287916660309,-0.05413627624511719
0.01590821146965027,0.05392885208129883,0.02660287916660309,-0.05413627624511719
0.01590821146965027,0.05392885208129883,0.02660287916660309,-0.05413627624511719
0.01590821146965027,0.05392885208129883,0.02660287916660309,-0.05413627624511719
0.01590821146965027,0.05392885208129883,0.02660287916660309,-0.05413627624511719
0.01590821146965027,0.05392885208129883,0.02660287916660309,-0.05413627624511719
0.01590821146965027,0.05392885208129883,0.02660287916660309,-0.05413627624511719
0.01590821146965027,0.05392885208129883,0.02660287916660309,-0.05413627624511719
0.01590821146965027,0.05392885208129883,0.02660287916660309,-0.05413627624511719
0.01591019332408905,0.053928643465042114,0.026601620018482208,-0.0541360080242157
0.015910208225250244,0.053928568959236145,0.0266009122133255,-0.05413594841957092
0.01591019332408905,0.053928524255752563,0.026600584387779236,-0.054136067628860474
0.01591019332408905,0.053928524255752563,0.02660062164068222,-0.0541360080242157
0.01591019332408905,0.053928524255752563,0.026600562036037445,-0.0541360080242157
0.01591019332408905,0.053928524255752563,0.02660062164068222,-0.0541360080242157
0.015925511717796326,0.053921639919281006,0.02658916264772415,-0.0541328489780426
0.01592855155467987,0.05391879379749298,0.026584304869174957,-0.05413168668746948
0.015928104519844055,0.05391833186149597,0.026582621037960052,-0.05413183569908142
0.01592808961868286,0.05391824245452881,0.02658209204673767,-0.054132044315338135
0.01592808961868286,0.05391824245452881,0.0265817791223526,-0.054132044315338135
0.01592808961868286,0.05391824245452881,0.0265817791223526,-0.054132044315338135
0.015927836298942566,0.05391812324523926,0.026581674814224243,-0.0541321337223053
0.015927806496620178,0.05391812324523926,0.026581794023513794,-0.054132044315338135
0.01592785120010376,0.05391816794872284,0.026581794023513794,-0.05413210391998291
0.01592785120010376,0.05391816794872284,0.026581794023513794,-0.05413210391998291
0.01592785120010376,0.05391816794872284,0.026581600308418274,-0.05413210391998291
0.01592785120010376,0.05391816794872284,0.026581600308418274,-0.05413210391998291
0.01592785120010376,0.05391816794872284,0.026581600308418274,-0.05413210391998291
0.01592785120010376,0.05391816794872284,0.026581600308418274,-0.05413210391998291
0.01592785120010376,0.05391816794872284,0.026581600308418274,-0.05413210391998291
0.01592785120010376,0.05391816794872284,0.026581600308418274,-0.05413210391998291
0.01592785120010376,0.05391816794872284,0.026581600308418274,-0.05413210391998291
0.01592785120010376,0.05391816794872284,0.026581600308418274,-0.05413210391998291
0.01592785120010376,0.05391816794872284,0.026581600308418274,-0.05413210391998291
0.015931904315948486,0.05391588807106018,0.026578404009342194,-0.054131120443344116
0.01593269407749176,0.05391496419906616,0.026576943695545197,-0.05413123965263367
0.015932470560073853,0.05391488969326019,0.02657654881477356,-0.05413118004798889
0.01593281328678131,0.05391484498977661,0.02657654881477356,-0.0541309118270874
0.01593281328678131,0.05391484498977661,0.026576392352581024,-0.05413097143173218
0.01593281328678131,0.05391484498977661,0.026576392352581024,-0.05413097143173218
0.01593281328678131,0.05391484498977661,0.026576392352581024,-0.05413097143173218
0.01593281328678131,0.05391484498977661,0.026576392352581024,-0.05413097143173218
0.015932470560073853,0.05391231179237366,0.02657204121351242,-0.05413118004798889
0.015932604670524597,0.05391143262386322,0.02657008171081543,-0.0541306734085083
0.01593261957168579,0.053911253809928894,0.026569463312625885,-0.0541309118270874
0.01593261957168579,0.053911253809928894,0.026569299399852753,-0.054130882024765015
0.01593261957168579,0.053911253809928894,0.026569217443466187,-0.0541309118270874
0.01593261957168579,0.053911253809928894,0.026569217443466187,-0.0541309118270874
0.01593261957168579,0.053911253809928894,0.026569217443466187,-0.0541309118270874
0.01593261957168579,0.053911253809928894,0.026569217443466187,-0.0541309118270874
0.01593261957168579,0.053911253809928894,0.026569217443466187,-0.0541309118270874
0.01593261957168579,0.053911253809928894,0.026569217443466187,-0.0541309118270874
0.01593261957168579,0.053911253809928894,0.026569217443466187,-0.0541309118270874
0.01593261957168579,0.053911253809928894,0.026569217443466187,-0.0541309118270874
0.01593261957168579,0.053911253809928894,0.026569217443466187,-0.0541309118270874
0.01593261957168579,0.053911253809928894,0.026569217443466187,-0.0541309118270874
0.01593261957168579,0.053911253809928894,0.026569217443466187,-0.0541309118270874
0.01593261957168579,0.053911253809928894,0.026569217443466187,-0.0541309118270874
0.01593261957168579,0.053911253809928894,0.026569217443466187,-0.0541309118270874
0.01593261957168579,0.053911253809928894,0.026569217443466187,-0.0541309118270874
0.01593261957168579,0.053911253809928894,0.026569217443466187,-0.0541309118270874
0.01593261957168579,0.053911253809928894,0.026569217443466187,-0.0541309118270874
0.01593261957168579,0.053911253809928894,0.026569217443466187,-0.0541309118270874
0.01593261957168579,0.053911253809928894,0.026569217443466187,-0.0541309118270874
0.01593261957168579,0.053911253809928894,0.026569217443466187,-0.0541309118270874
0.015934720635414124,0.05390919744968414,0.026566989719867706,-0.05413046479225159
0.01593513786792755,0.05390830338001251,0.026565730571746826,-0.0541301965713501
0.015935018658638,0.05390822887420654,0.02656550705432892,-0.054130107164382935
0.015935003757476807,0.05390822887420654,0.02656533569097519,-0.0541301965713501
0.01593497395515442,0.05390822887420654,0.026565246284008026,-0.0541301965713501
0.01593497395515442,0.05390822887420654,0.026565246284008026,-0.0541301965713501
0.01593497395515442,0.05390822887420654,0.026565194129943848,-0.0541301965713501
0.01593497395515442,0.05390822887420654,0.026565194129943848,-0.0541301965713501
0.01593497395515442,0.05390822887420654,0.026565194129943848,-0.0541301965713501
0.01593497395515442,0.05390822887420654,0.026565194129943848,-0.0541301965713501
0.01593497395515442,0.05390822887420654,0.026565194129943848,-0.0541301965713501
0.01593497395515442,0.05390822887420654,0.026565194129943848,-0.0541301965713501
0.015934154391288757,0.05390486121177673,0.026561737060546875,-0.05413004755973816
0.015934213995933533,0.053903594613075256,0.02656036615371704,-0.05413001775741577
0.015934571623802185,0.05390337109565735,0.026560023427009583,-0.05413001775741577
0.015934541821479797,0.05390334129333496,0.026559725403785706,-0.05413016676902771
0.015934541821479797,0.05390337109565735,0.026559725403785706,-0.0541301965713501
0.015934541821479797,0.05390337109565735,0.026559725403785706,-0.0541301965713501
0.015934541821479797,0.05390337109565735,0.026559725403785706,-0.0541301965713501
0.015934541821479797,0.05390337109565735,0.026559725403785706,-0.0541301965713501
0.015934541821479797,0.05390337109565735,0.026559725403785706,-0.0541301965713501
0.015934541821479797,0.05390337109565735,0.026559725403785706,-0.0541301965713501
0.015934541821479797,0.05390337109565735,0.026559725403785706,-0.0541301965713501
0.015934541821479797,0.05390337109565735,0.026559725403785706,-0.0541301965713501
0.015934541821479797,0.05390337109565735,0.026559725403785706,-0.0541301965713501
0.015934541821479797,0.05390337109565735,0.026559725403785706,-0.0541301965713501
0.015934541821479797,0.05390337109565735,0.026559725403785706,-0.0541301965713501
0.015934541821479797,0.05390337109565735,0.026559725403785706,-0.0541301965713501
0.015934541821479797,0.05390337109565735,0.026559725403785706,-0.0541301965713501
0.015934541821479797,0.05390337109565735,0.026559725403785706,-0.0541301965713501
0.015934541821479797,0.05390337109565735,0.026559725403785706,-0.0541301965713501
0.015934541821479797,0.05390337109565735,0.026559725403785706,-0.0541301965713501
0.015934541821479797,0.05390337109565735,0.026559725403785706,-0.0541301965713501
0.015934541821479797,0.05390337109565735,0.026559725403785706,-0.0541301965713501
0.015934541821479797,0.05390337109565735,0.026559725403785706,-0.0541301965713501
0.015934541821479797,0.05390337109565735,0.026559725403785706,-0.0541301965713501
0.015934541821479797,0.05390337109565735,0.026559725403785706,-0.0541301965713501
0.015934541821479797,0.05390337109565735,0.026559725403785706,-0.0541301965713501
0.015934541821479797,0.05390337109565735,0.026559725403785706,-0.0541301965713501
0.015934541821479797,0.05390337109565735,0.026559725403785706,-0.0541301965713501
0.015934541821479797,0.05390337109565735,0.026559725403785706,-0.0541301965713501
0.015934541821479797,0.05390337109565735,0.026559725403785706,-0.0541301965713501
0.015934541821479797,0.05390337109565735,0.026559725403785706,-0.0541301965713501
0.015934541821479797,0.05390337109565735,0.026559725403785706,-0.0541301965713501
0.015934541821479797,0.05390337109565735,0.026559725403785706,-0.0541301965713501
0.01593145728111267,0.053901031613349915,0.026557661592960358,-0.054130375385284424
0.01593160629272461,0.05390024185180664,0.026557020843029022,-0.05413055419921875
0.015931636095046997,0.05390007793903351,0.026556596159934998,-0.05413046479225159
0.015931636095046997,0.0539000928401947,0.026556499302387238,-0.05413046479225159
0.015931636095046997,0.05390004813671112,0.026556439697742462,-0.05413046479225159
0.015931636095046997,0.05390004813671112,0.026556439697742462,-0.05413046479225159
0.015931636095046997,0.05390004813671112,0.026556439697742462,-0.05413046479225159
0.015931636095046997,0.05390004813671112,0.026556439697742462,-0.05413046479225159
0.015931636095046997,0.05390004813671112,0.026556439697742462,-0.05413046479225159
0.015931636095046997,0.05390004813671112,0.026556439697742462,-0.05413046479225159
0.015931636095046997,0.05390004813671112,0.026556439697742462,-0.05413046479225159
0.015931636095046997,0.05390004813671112,0.026556439697742462,-0.05413046479225159
0.015931636095046997,0.05390004813671112,0.026556439697742462,-0.05413046479225159
0.015931636095046997,0.05390004813671112,0.026556439697742462,-0.05413046479225159
0.015931636095046997,0.05390004813671112,0.026556439697742462,-0.05413046479225159
0.015931636095046997,0.05390004813671112,0.026556439697742462,-0.05413046479225159
0.015931636095046997,0.05390004813671112,0.026556439697742462,-0.05413046479225159
0.01592990756034851,0.053897351026535034,0.02655366063117981,-0.05413031578063965
0.0159292072057724,0.05389644205570221,0.026552319526672363,-0.05413052439689636
0.015929624438285828,0.05389626324176788,0.02655217796564102,-0.05413052439689636
0.015929609537124634,0.05389626324176788,0.02655201405286789,-0.05413052439689636
0.01592963933944702,0.05389626324176788,0.026551879942417145,-0.05413052439689636
0.01592963933944702,0.05389626324176788,0.026551879942417145,-0.05413052439689636
0.01592963933944702,0.05389626324176788,0.026551879942417145,-0.05413052439689636
0.01592963933944702,0.05389626324176788,0.026551879942417145,-0.05413052439689636
0.01592963933944702,0.05389626324176788,0.026551879942417145,-0.05413052439689636
0.01592963933944702,0.05389626324176788,0.026551879942417145,-0.05413052439689636
0.01592963933944702,0.05389626324176788,0.026551879942417145,-0.05413052439689636
0.01592963933944702,0.05389626324176788,0.026551879942417145,-0.05413052439689636
0.01592963933944702,0.05389626324176788,0.026551879942417145,-0.05413052439689636
0.01592963933944702,0.05389626324176788,0.026551879942417145,-0.05413052439689636
0.01592963933944702,0.05389626324176788,0.026551879942417145,-0.05413052439689636
0.01592963933944702,0.05389626324176788,0.026551879942417145,-0.05413052439689636
0.01592963933944702,0.05389626324176788,0.026551879942417145,-0.05413052439689636
0.01592963933944702,0.05389626324176788,0.026551879942417145,-0.05413052439689636
0.01592963933944702,0.05389626324176788,0.026551879942417145,-0.05413052439689636
0.01592963933944702,0.05389626324176788,0.026551879942417145,-0.05413052439689636
0.01592963933944702,0.05389626324176788,0.026551879942417145,-0.05413052439689636
0.01592963933944702,0.05389626324176788,0.026551879942417145,-0.05413052439689636
0.01592963933944702,0.05389626324176788,0.026551879942417145,-0.05413052439689636
0.01592963933944702,0.05389626324176788,0.026551879942417145,-0.05413052439689636
0.01592963933944702,0.05389626324176788,0.026551879942417145,-0.05413052439689636
0.01592963933944702,0.05389626324176788,0.026551879942417145,-0.05413052439689636
0.01592963933944702,0.05389626324176788,0.026551879942417145,-0.05413052439689636
0.01592963933944702,0.05389626324176788,0.026551879942417145,-0.05413052439689636
0.01592963933944702,0.05389626324176788,0.026551879942417145,-0.05413052439689636
0.01592963933944702,0.05389626324176788,0.026551879942417145,-0.05413052439689636
0.01592963933944702,0.05389626324176788,0.026551879942417145,-0.05413052439689636
0.01592963933944702,0.05389626324176788,0.026551879942417145,-0.05413052439689636
0.01592963933944702,0.05389626324176788,0.026551879942417145,-0.05413052439689636
0.01592963933944702,0.05389626324176788,0.026551879942417145,-0.05413052439689636
0.01592963933944702,0.05389626324176788,0.026551879942417145,-0.05413052439689636
0.01592963933944702,0.05389626324176788,0.026551879942417145,-0.05413052439689636
0.01592963933944702,0.05389626324176788,0.026551879942417145,-0.05413052439689636
0.01592963933944702,0.05389626324176788,0.026551879942417145,-0.05413052439689636
0.01592963933944702,0.05389626324176788,0.026551879942417145,-0.05413052439689636
0.01592963933944702,0.05389626324176788,0.026551879942417145,-0.05413052439689636
0.01592963933944702,0.05389626324176788,0.026551879942417145,-0.05413052439689636
0.01592963933944702,0.05389626324176788,0.026551879942417145,-0.05413052439689636
0.01592963933944702,0.05389626324176788,0.026551879942417145,-0.05413052439689636
0.01592963933944702,0.05389626324176788,0.026551879942417145,-0.05413052439689636
0.01592963933944702,0.05389626324176788,0.026551879942417145,-0.05413052439689636
0.01592963933944702,0.05389626324176788,0.026551879942417145,-0.05413052439689636
0.01592963933944702,0.05389626324176788,0.026551879942417145,-0.05413052439689636
0.01593571901321411,0.05388621985912323,0.026540115475654602,-0.05412808060646057
0.015938013792037964,0.0538821667432785,0.026535317301750183,-0.05412745475769043
0.015938282012939453,0.053881511092185974,0.026533953845500946,-0.05412757396697998
0.015938088297843933,0.05388146638870239,0.026533514261245728,-0.054127663373947144
0.015938103199005127,0.05388146638870239,0.026533417403697968,-0.05412760376930237
0.015938103199005127,0.05388146638870239,0.026533417403697968,-0.05412760376930237
0.015938103199005127,0.05388146638870239,0.026533357799053192,-0.05412757396697998
0.015938103199005127,0.05388146638870239,0.026533357799053192,-0.05412757396697998
0.015938103199005127,0.05388146638870239,0.026533357799053192,-0.05412757396697998
0.015938103199005127,0.05388146638870239,0.026533357799053192,-0.05412757396697998
0.015938103199005127,0.05388146638870239,0.026533357799053192,-0.05412757396697998
0.015938103199005127,0.05388146638870239,0.026533357799053192,-0.05412757396697998
0.015938103199005127,0.05388146638870239,0.026533357799053192,-0.05412757396697998
0.015938103199005127,0.05388146638870239,0.026533357799053192,-0.05412757396697998
0.015938103199005127,0.05388146638870239,0.026533357799053192,-0.05412757396697998
0.015938103199005127,0.05388146638870239,0.026533357799053192,-0.05412757396697998
0.015938103199005127,0.05388146638870239,0.026533357799053192,-0.05412757396697998
0.015938103199005127,0.05388146638870239,0.026533357799053192,-0.05412757396697998
0.015938103199005127,0.05388146638870239,0.026533357799053192,-0.05412757396697998
0.015938103199005127,0.05388146638870239,0.026533357799053192,-0.05412757396697998
0.015938103199005127,0.05388146638870239,0.026533357799053192,-0.05412757396697998
0.015938103199005127,0.05388146638870239,0.026533357799053192,-0.05412757396697998
0.015938103199005127,0.05388146638870239,0.026533357799053192,-0.05412757396697998
0.015938103199005127,0.05388146638870239,0.026533357799053192,-0.05412757396697998
0.015938103199005127,0.05388146638870239,0.026533357799053192,-0.05412757396697998
0.015938103199005127,0.05388146638870239,0.026533357799053192,-0.05412757396697998
0.015938103199005127,0.05388146638870239,0.026533357799053192,-0.05412757396697998
0.015938103199005127,0.05388146638870239,0.026533357799053192,-0.05412757396697998
0.015941128134727478,0.053878962993621826,0.02652965486049652,-0.054126590490341187
0.01594199240207672,0.05387800931930542,0.02652806043624878,-0.05412650108337402
0.015942007303237915,0.053877875208854675,0.026527464389801025,-0.05412653088569641
0.01594214141368866,0.05387778580188751,0.026527278125286102,-0.05412644147872925
0.01594214141368866,0.05387778580188751,0.026527218520641327,-0.05412653088569641
0.01594214141368866,0.05387778580188751,0.026527218520641327,-0.05412653088569641
0.01594214141368866,0.05387778580188751,0.026527218520641327,-0.05412653088569641
0.01594214141368866,0.05387778580188751,0.026527218520641327,-0.05412653088569641
0.01594214141368866,0.05387778580188751,0.026527218520641327,-0.05412653088569641
0.01594214141368866,0.05387778580188751,0.026527218520641327,-0.05412653088569641
0.01594214141368866,0.05387778580188751,0.026527218520641327,-0.05412653088569641
0.01594214141368866,0.05387778580188751,0.026527218520641327,-0.05412653088569641
0.01594214141368866,0.05387778580188751,0.026527218520641327,-0.05412653088569641
0.01594214141368866,0.05387778580188751,0.026527218520641327,-0.05412653088569641
0.01594214141368866,0.05387778580188751,0.026527218520641327,-0.05412653088569641
0.01594214141368866,0.05387778580188751,0.026527218520641327,-0.05412653088569641
0.01594214141368866,0.05387778580188751,0.026527218520641327,-0.05412653088569641
0.01594214141368866,0.05387778580188751,0.026527218520641327,-0.05412653088569641
0.01594214141368866,0.05387778580188751,0.026527218520641327,-0.05412653088569641
0.01594214141368866,0.05387778580188751,0.026527218520641327,-0.05412653088569641
0.01594214141368866,0.05387778580188751,0.026527218520641327,-0.05412653088569641
0.01594214141368866,0.05387778580188751,0.026527218520641327,-0.05412653088569641
0.01594214141368866,0.05387778580188751,0.026527218520641327,-0.05412653088569641
0.01594214141368866,0.05387778580188751,0.026527218520641327,-0.05412653088569641
0.01594214141368866,0.05387778580188751,0.026527218520641327,-0.05412653088569641
0.01594214141368866,0.05387778580188751,0.026527218520641327,-0.05412653088569641
0.01594214141368866,0.05387778580188751,0.026527218520641327,-0.05412653088569641
0.01594214141368866,0.05387778580188751,0.026527218520641327,-0.05412653088569641
0.01594214141368866,0.05387778580188751,0.026527218520641327,-0.05412653088569641
0.01594214141368866,0.05387778580188751,0.026527218520641327,-0.05412653088569641
0.01594214141368866,0.05387778580188751,0.026527218520641327,-0.05412653088569641
0.01594214141368866,0.05387778580188751,0.026527218520641327,-0.05412653088569641
0.01594214141368866,0.05387778580188751,0.026527218520641327,-0.05412653088569641
0.01594214141368866,0.05387778580188751,0.026527218520641327,-0.05412653088569641
0.01594214141368866,0.05387778580188751,0.026527218520641327,-0.05412653088569641
0.01594214141368866,0.05387778580188751,0.026527218520641327,-0.05412653088569641
0.01594214141368866,0.05387778580188751,0.026527218520641327,-0.05412653088569641
0.01594214141368866,0.05387778580188751,0.026527218520641327,-0.05412653088569641
0.01594214141368866,0.05387778580188751,0.026527218520641327,-0.05412653088569641
0.01594214141368866,0.05387778580188751,0.026527218520641327,-0.05412653088569641
0.01594214141368866,0.05387778580188751,0.026527218520641327,-0.05412653088569641
0.01594214141368866,0.05387778580188751,0.026527218520641327,-0.05412653088569641
0.01594214141368866,0.05387778580188751,0.026527218520641327,-0.05412653088569641
0.01594214141368866,0.05387778580188751,0.026527218520641327,-0.05412653088569641
0.01594214141368866,0.05387778580188751,0.026527218520641327,-0.05412653088569641
0.01594214141368866,0.05387778580188751,0.026527218520641327,-0.05412653088569641
0.01594214141368866,0.05387778580188751,0.026527218520641327,-0.05412653088569641
0.01594214141368866,0.05387778580188751,0.026527218520641327,-0.05412653088569641
0.01594214141368866,0.05387778580188751,0.026527218520641327,-0.05412653088569641
0.01594214141368866,0.05387778580188751,0.026527218520641327,-0.05412653088569641
0.01594214141368866,0.05387778580188751,0.026527218520641327,-0.05412653088569641
0.01594214141368866,0.05387778580188751,0.026527218520641327,-0.05412653088569641
0.01594214141368866,0.05387778580188751,0.026527218520641327,-0.05412653088569641
0.01594214141368866,0.05387778580188751,0.026527218520641327,-0.05412653088569641
0.01594214141368866,0.05387778580188751,0.026527218520641327,-0.05412653088569641
0.01594214141368866,0.05387778580188751,0.026527218520641327,-0.05412653088569641
0.01594214141368866,0.05387778580188751,0.026527218520641327,-0.05412653088569641
0.01594214141368866,0.05387778580188751,0.026527218520641327,-0.05412653088569641
0.01594214141368866,0.05387778580188751,0.026527218520641327,-0.05412653088569641
0.01594214141368866,0.05387778580188751,0.026527218520641327,-0.05412653088569641
0.01594214141368866,0.05387778580188751,0.026527218520641327,-0.05412653088569641
0.01594214141368866,0.05387778580188751,0.026527218520641327,-0.05412653088569641
0.01594214141368866,0.05387778580188751,0.026527218520641327,-0.05412653088569641
0.01594214141368866,0.05387778580188751,0.026527218520641327,-0.05412653088569641
0.01594214141368866,0.05387778580188751,0.026527218520641327,-0.05412653088569641
0.01594214141368866,0.05387778580188751,0.026527218520641327,-0.05412653088569641
0.01594214141368866,0.05387778580188751,0.026527218520641327,-0.05412653088569641
0.01594214141368866,0.05387778580188751,0.026527218520641327,-0.05412653088569641
0.01594214141368866,0.05387778580188751,0.026527218520641327,-0.05412653088569641
0.01594214141368866,0.05387778580188751,0.026527218520641327,-0.05412653088569641
0.01594214141368866,0.05387778580188751,0.026527218520641327,-0.05412653088569641
0.01594214141368866,0.05387778580188751,0.026527218520641327,-0.05412653088569641
0.01594214141368866,0.05387778580188751,0.026527218520641327,-0.05412653088569641
0.01594214141368866,0.05387778580188751,0.026527218520641327,-0.05412653088569641
0.01594214141368866,0.05387778580188751,0.026527218520641327,-0.05412653088569641
0.01594214141368866,0.05387778580188751,0.026527218520641327,-0.05412653088569641
0.01594214141368866,0.05387778580188751,0.026527218520641327,-0.05412653088569641
0.01594214141368866,0.05387778580188751,0.026527218520641327,-0.05412653088569641
0.01594214141368866,0.05387778580188751,0.026527218520641327,-0.05412653088569641
0.01594214141368866,0.05387778580188751,0.026527218520641327,-0.05412653088569641
0.01594214141368866,0.05387778580188751,0.026527218520641327,-0.05412653088569641
0.01594214141368866,0.05387778580188751,0.026527218520641327,-0.05412653088569641
0.01594214141368866,0.05387778580188751,0.026527218520641327,-0.05412653088569641
0.01594214141368866,0.05387778580188751,0.026527218520641327,-0.05412653088569641
0.01594214141368866,0.05387778580188751,0.026527218520641327,-0.05412653088569641
0.01594214141368866,0.05387778580188751,0.026527218520641327,-0.05412653088569641
0.01594214141368866,0.05387778580188751,0.026527218520641327,-0.05412653088569641
0.01594214141368866,0.05387778580188751,0.026527218520641327,-0.05412653088569641
0.01594214141368866,0.05387778580188751,0.026527218520641327,-0.05412653088569641
0.01594214141368866,0.05387778580188751,0.026527218520641327,-0.05412653088569641
0.01594214141368866,0.05387778580188751,0.026527218520641327,-0.05412653088569641
0.01594214141368866,0.05387778580188751,0.026527218520641327,-0.05412653088569641
0.01594214141368866,0.05387778580188751,0.026527218520641327,-0.05412653088569641
0.01594214141368866,0.05387778580188751,0.026527218520641327,-0.05412653088569641
0.01594214141368866,0.05387778580188751,0.026527218520641327,-0.05412653088569641
0.01594214141368866,0.05387778580188751,0.026527218520641327,-0.05412653088569641
0.01594214141368866,0.05387778580188751,0.026527218520641327,-0.05412653088569641
0.015940696001052856,0.053876668214797974,0.02652585506439209,-0.054127037525177
0.015940696001052856,0.05387631058692932,0.026525430381298065,-0.05412694811820984
0.015940740704536438,0.05387629568576813,0.026525065302848816,-0.054127007722854614
0.015940696001052856,0.05387629568576813,0.02652490884065628,-0.054127007722854614
0.015940696001052856,0.05387629568576813,0.02652490884065628,-0.054127007722854614
0.015940696001052856,0.05387629568576813,0.02652490884065628,-0.054127007722854614
0.015940696001052856,0.05387629568576813,0.02652490884065628,-0.054127007722854614
0.015940696001052856,0.05387629568576813,0.02652490884065628,-0.054127007722854614
0.015940696001052856,0.05387629568576813,0.02652490884065628,-0.054127007722854614
0.015940696001052856,0.05387629568576813,0.02652490884065628,-0.054127007722854614
0.015940696001052856,0.05387629568576813,0.02652490884065628,-0.054127007722854614
0.015940696001052856,0.05387629568576813,0.02652490884065628,-0.054127007722854614
0.015940696001052856,0.05387629568576813,0.02652490884065628,-0.054127007722854614
0.015940696001052856,0.05387629568576813,0.02652490884065628,-0.054127007722854614
0.015940696001052856,0.05387629568576813,0.02652490884065628,-0.054127007722854614
0.015940696001052856,0.05387629568576813,0.02652490884065628,-0.054127007722854614
0.015940696001052856,0.05387629568576813,0.02652490884065628,-0.054127007722854614
0.015940696001052856,0.05387629568576813,0.02652490884065628,-0.054127007722854614
0.015940696001052856,0.05387629568576813,0.02652490884065628,-0.054127007722854614
0.015940696001052856,0.05387629568576813,0.02652490884065628,-0.054127007722854614
0.015940696001052856,0.05387629568576813,0.02652490884065628,-0.054127007722854614
0.015940696001052856,0.05387629568576813,0.02652490884065628,-0.054127007722854614
0.015940696001052856,0.05387629568576813,0.02652490884065628,-0.054127007722854614
0.015940696001052856,0.05387629568576813,0.02652490884065628,-0.054127007722854614
0.015940696001052856,0.05387629568576813,0.02652490884065628,-0.054127007722854614
0.015940696001052856,0.05387629568576813,0.02652490884065628,-0.054127007722854614
0.015940696001052856,0.05387629568576813,0.02652490884065628,-0.054127007722854614
0.015940696001052856,0.05387629568576813,0.02652490884065628,-0.054127007722854614
0.015940696001052856,0.05387629568576813,0.02652490884065628,-0.054127007722854614
0.015940696001052856,0.05387629568576813,0.02652490884065628,-0.054127007722854614
0.015940696001052856,0.05387629568576813,0.02652490884065628,-0.054127007722854614
0.015940696001052856,0.05387629568576813,0.02652490884065628,-0.054127007722854614
0.015940696001052856,0.05387629568576813,0.02652490884065628,-0.054127007722854614
0.015940696001052856,0.05387629568576813,0.02652490884065628,-0.054127007722854614
0.015940696001052856,0.05387629568576813,0.02652490884065628,-0.054127007722854614
0.015940696001052856,0.05387629568576813,0.02652490884065628,-0.054127007722854614
0.015940696001052856,0.05387629568576813,0.02652490884065628,-0.054127007722854614
0.015940696001052856,0.05387629568576813,0.02652490884065628,-0.054127007722854614
0.015940696001052856,0.05387629568576813,0.02652490884065628,-0.054127007722854614
0.015940696001052856,0.05387629568576813,0.02652490884065628,-0.054127007722854614
0.015940696001052856,0.05387629568576813,0.02652490884065628,-0.054127007722854614
0.015940696001052856,0.05387629568576813,0.02652490884065628,-0.054127007722854614
0.015940696001052856,0.05387629568576813,0.02652490884065628,-0.054127007722854614
0.015940696001052856,0.05387629568576813,0.02652490884065628,-0.054127007722854614
0.015940696001052856,0.05387629568576813,0.02652490884065628,-0.054127007722854614
0.015940696001052856,0.05387629568576813,0.02652490884065628,-0.054127007722854614
0.015940696001052856,0.05387629568576813,0.02652490884065628,-0.054127007722854614
0.015940696001052856,0.05387629568576813,0.02652490884065628,-0.054127007722854614
0.015940696001052856,0.05387629568576813,0.02652490884065628,-0.054127007722854614
0.015940696001052856,0.05387629568576813,0.02652490884065628,-0.054127007722854614
0.015940696001052856,0.05387629568576813,0.02652490884065628,-0.054127007722854614
0.015940696001052856,0.05387629568576813,0.02652490884065628,-0.054127007722854614
0.015940696001052856,0.05387629568576813,0.02652490884065628,-0.054127007722854614
0.015940696001052856,0.05387629568576813,0.02652490884065628,-0.054127007722854614
0.015940696001052856,0.05387629568576813,0.02652490884065628,-0.054127007722854614
0.015940696001052856,0.05387629568576813,0.02652490884065628,-0.054127007722854614
0.015940696001052856,0.05387629568576813,0.02652490884065628,-0.054127007722854614
0.015940696001052856,0.05387629568576813,0.02652490884065628,-0.054127007722854614
0.015940696001052856,0.05387629568576813,0.02652490884065628,-0.054127007722854614
0.015940696001052856,0.05387629568576813,0.02652490884065628,-0.054127007722854614
0.015940696001052856,0.05387629568576813,0.02652490884065628,-0.054127007722854614
0.015940696001052856,0.05387629568576813,0.02652490884065628,-0.054127007722854614
0.015940696001052856,0.05387629568576813,0.02652490884065628,-0.054127007722854614
0.015940696001052856,0.05387629568576813,0.02652490884065628,-0.054127007722854614
0.015940696001052856,0.05387629568576813,0.02652490884065628,-0.054127007722854614
0.015940696001052856,0.05387629568576813,0.02652490884065628,-0.054127007722854614
0.015940696001052856,0.05387629568576813,0.02652490884065628,-0.054127007722854614
0.015940696001052856,0.05387629568576813,0.02652490884065628,-0.054127007722854614
0.015940696001052856,0.05387629568576813,0.02652490884065628,-0.054127007722854614
0.015940696001052856,0.05387629568576813,0.02652490884065628,-0.054127007722854614
0.015940696001052856,0.05387629568576813,0.02652490884065628,-0.054127007722854614
0.015940696001052856,0.05387629568576813,0.02652490884065628,-0.054127007722854614
0.015940696001052856,0.05387629568576813,0.02652490884065628,-0.054127007722854614
0.015940696001052856,0.05387629568576813,0.02652490884065628,-0.054127007722854614
0.015940696001052856,0.05387629568576813,0.02652490884065628,-0.054127007722854614
0.015940696001052856,0.05387629568576813,0.02652490884065628,-0.054127007722854614
0.015940696001052856,0.05387629568576813,0.02652490884065628,-0.054127007722854614
0.015942394733428955,0.05387398600578308,0.02652265876531601,-0.054126352071762085
0.015942320227622986,0.05387306213378906,0.02652183175086975,-0.054126352071762085
0.015942394733428955,0.05387294292449951,0.026521481573581696,-0.05412644147872925
0.015942469239234924,0.05387294292449951,0.02652149647474289,-0.05412644147872925
0.01594245433807373,0.05387294292449951,0.02652149647474289,-0.05412650108337402
0.01594245433807373,0.05387294292449951,0.026521392166614532,-0.05412650108337402
0.01594245433807373,0.05387294292449951,0.026521392166614532,-0.05412650108337402
0.01594245433807373,0.05387294292449951,0.026521392166614532,-0.05412650108337402
0.01594245433807373,0.05387294292449951,0.026521392166614532,-0.05412650108337402
0.01594245433807373,0.05387294292449951,0.026521392166614532,-0.05412650108337402
0.01594245433807373,0.05387294292449951,0.026521392166614532,-0.05412650108337402
0.01594245433807373,0.05387294292449951,0.026521392166614532,-0.05412650108337402
0.01594245433807373,0.05387294292449951,0.026521392166614532,-0.05412650108337402
0.01594245433807373,0.05387294292449951,0.026521392166614532,-0.05412650108337402
0.01594245433807373,0.05387294292449951,0.026521392166614532,-0.05412650108337402
0.01594245433807373,0.05387294292449951,0.026521392166614532,-0.05412650108337402
0.01594245433807373,0.05387294292449951,0.026521392166614532,-0.05412650108337402
0.01594245433807373,0.05387294292449951,0.026521392166614532,-0.05412650108337402
0.01594245433807373,0.05387294292449951,0.026521392166614532,-0.05412650108337402
0.01594245433807373,0.05387294292449951,0.026521392166614532,-0.05412650108337402
0.01594245433807373,0.05387294292449951,0.026521392166614532,-0.05412650108337402
0.01594245433807373,0.05387294292449951,0.026521392166614532,-0.05412650108337402
0.01594245433807373,0.05387294292449951,0.026521392166614532,-0.05412650108337402
0.01594245433807373,0.05387294292449951,0.026521392166614532,-0.05412650108337402
0.01594245433807373,0.05387294292449951,0.026521392166614532,-0.05412650108337402
0.01594245433807373,0.05387294292449951,0.026521392166614532,-0.05412650108337402
0.01594245433807373,0.05387294292449951,0.026521392166614532,-0.05412650108337402
0.01594245433807373,0.05387294292449951,0.026521392166614532,-0.05412650108337402
0.01594245433807373,0.05387294292449951,0.026521392166614532,-0.05412650108337402
0.01594245433807373,0.05387294292449951,0.026521392166614532,-0.05412650108337402
0.01594245433807373,0.05387294292449951,0.026521392166614532,-0.05412650108337402
0.01594245433807373,0.05387294292449951,0.026521392166614532,-0.05412650108337402
0.01594245433807373,0.05387294292449951,0.026521392166614532,-0.05412650108337402
0.01594245433807373,0.05387294292449951,0.026521392166614532,-0.05412650108337402
0.01594245433807373,0.05387294292449951,0.026521392166614532,-0.05412650108337402
0.01594245433807373,0.05387294292449951,0.026521392166614532,-0.05412650108337402
0.01594245433807373,0.05387294292449951,0.026521392166614532,-0.05412650108337402
0.01594245433807373,0.05387294292449951,0.026521392166614532,-0.05412650108337402
0.01594245433807373,0.05387294292449951,0.026521392166614532,-0.05412650108337402
0.01594245433807373,0.05387294292449951,0.026521392166614532,-0.05412650108337402
0.01594245433807373,0.05387294292449951,0.026521392166614532,-0.05412650108337402
0.01594245433807373,0.05387294292449951,0.026521392166614532,-0.05412650108337402
0.01594245433807373,0.05387294292449951,0.026521392166614532,-0.05412650108337402
0.01594245433807373,0.05387294292449951,0.026521392166614532,-0.05412650108337402
0.01594245433807373,0.05387294292449951,0.026521392166614532,-0.05412650108337402
0.01594245433807373,0.05387294292449951,0.026521392166614532,-0.05412650108337402
0.01594245433807373,0.05387294292449951,0.026521392166614532,-0.05412650108337402
0.01594245433807373,0.05387294292449951,0.026521392166614532,-0.05412650108337402
0.01594245433807373,0.05387294292449951,0.026521392166614532,-0.05412650108337402
0.01594245433807373,0.05387294292449951,0.026521392166614532,-0.05412650108337402
0.01594245433807373,0.05387294292449951,0.026521392166614532,-0.05412650108337402
0.01594245433807373,0.05387294292449951,0.026521392166614532,-0.05412650108337402
0.01594245433807373,0.05387294292449951,0.026521392166614532,-0.05412650108337402
0.01594245433807373,0.05387294292449951,0.026521392166614532,-0.05412650108337402
0.01594245433807373,0.05387294292449951,0.026521392166614532,-0.05412650108337402
0.01594245433807373,0.05387294292449951,0.026521392166614532,-0.05412650108337402
0.01594245433807373,0.05387294292449951,0.026521392166614532,-0.05412650108337402
0.01594245433807373,0.05387294292449951,0.026521392166614532,-0.05412650108337402
0.01594245433807373,0.05387294292449951,0.026521392166614532,-0.05412650108337402
0.01594245433807373,0.05387294292449951,0.026521392166614532,-0.05412650108337402
0.01594245433807373,0.05387294292449951,0.026521392166614532,-0.05412650108337402
0.01594245433807373,0.05387294292449951,0.026521392166614532,-0.05412650108337402
0.01594245433807373,0.05387294292449951,0.026521392166614532,-0.05412650108337402
0.01594245433807373,0.05387294292449951,0.026521392166614532,-0.05412650108337402
0.01594245433807373,0.05387294292449951,0.026521392166614532,-0.05412650108337402
0.01594245433807373,0.05387294292449951,0.026521392166614532,-0.05412650108337402
0.01594245433807373,0.05387294292449951,0.026521392166614532,-0.05412650108337402
0.01594245433807373,0.05387294292449951,0.026521392166614532,-0.05412650108337402
0.01594245433807373,0.05387294292449951,0.026521392166614532,-0.05412650108337402
0.01594245433807373,0.05387294292449951,0.026521392166614532,-0.05412650108337402
0.01594245433807373,0.05387294292449951,0.026521392166614532,-0.05412650108337402
0.01594245433807373,0.05387294292449951,0.026521392166614532,-0.05412650108337402
0.01594245433807373,0.05387294292449951,0.026521392166614532,-0.05412650108337402
0.01594245433807373,0.05387294292449951,0.026521392166614532,-0.05412650108337402
0.01594245433807373,0.05387294292449951,0.026521392166614532,-0.05412650108337402
0.01594245433807373,0.05387294292449951,0.026521392166614532,-0.05412650108337402
0.01594245433807373,0.05387294292449951,0.026521392166614532,-0.05412650108337402
0.01594245433807373,0.05387294292449951,0.026521392166614532,-0.05412650108337402
0.01594245433807373,0.05387294292449951,0.026521392166614532,-0.05412650108337402
0.01594245433807373,0.05387294292449951,0.026521392166614532,-0.05412650108337402
0.01594245433807373,0.05387294292449951,0.026521392166614532,-0.05412650108337402
0.01594245433807373,0.05387294292449951,0.026521392166614532,-0.05412650108337402
0.01594245433807373,0.05387294292449951,0.026521392166614532,-0.05412650108337402
0.01594245433807373,0.05387294292449951,0.026521392166614532,-0.05412650108337402
0.01594245433807373,0.05387294292449951,0.026521392166614532,-0.05412650108337402
0.01594245433807373,0.05387294292449951,0.026521392166614532,-0.05412650108337402
0.01594245433807373,0.05387294292449951,0.026521392166614532,-0.05412650108337402
0.01594245433807373,0.05387294292449951,0.026521392166614532,-0.05412650108337402
0.01594245433807373,0.05387294292449951,0.026521392166614532,-0.05412650108337402
0.01594245433807373,0.05387294292449951,0.026521392166614532,-0.05412650108337402
0.01594245433807373,0.05387294292449951,0.026521392166614532,-0.05412650108337402
0.01594245433807373,0.05387294292449951,0.026521392166614532,-0.05412650108337402
0.01594245433807373,0.05387294292449951,0.026521392166614532,-0.05412650108337402
0.01594245433807373,0.05387294292449951,0.026521392166614532,-0.05412650108337402
0.01594245433807373,0.05387294292449951,0.026521392166614532,-0.05412650108337402
0.01594245433807373,0.05387294292449951,0.026521392166614532,-0.05412650108337402
0.01594245433807373,0.05387294292449951,0.026521392166614532,-0.05412650108337402
0.01594245433807373,0.05387294292449951,0.026521392166614532,-0.05412650108337402
0.01594245433807373,0.05387294292449951,0.026521392166614532,-0.05412650108337402
0.01594245433807373,0.05387294292449951,0.026521392166614532,-0.05412650108337402
0.01594245433807373,0.05387294292449951,0.026521392166614532,-0.05412650108337402
0.01594245433807373,0.05387294292449951,0.026521392166614532,-0.05412650108337402
0.01594245433807373,0.05387294292449951,0.026521392166614532,-0.05412650108337402
0.01594245433807373,0.05387294292449951,0.026521392166614532,-0.05412650108337402
0.01594245433807373,0.05387294292449951,0.026521392166614532,-0.05412650108337402
0.01594245433807373,0.05387294292449951,0.026521392166614532,-0.05412650108337402
0.01594245433807373,0.05387294292449951,0.026521392166614532,-0.05412650108337402
0.01594245433807373,0.05387294292449951,0.026521392166614532,-0.05412650108337402
0.01594245433807373,0.05387294292449951,0.026521392166614532,-0.05412650108337402
0.01594245433807373,0.05387294292449951,0.026521392166614532,-0.05412650108337402
0.01594245433807373,0.05387294292449951,0.026521392166614532,-0.05412650108337402
0.01594245433807373,0.05387294292449951,0.026521392166614532,-0.05412650108337402
0.01594245433807373,0.05387294292449951,0.026521392166614532,-0.05412650108337402
0.01594245433807373,0.05387294292449951,0.026521392166614532,-0.05412650108337402
0.01594245433807373,0.05387294292449951,0.026521392166614532,-0.05412650108337402
0.01594245433807373,0.05387294292449951,0.026521392166614532,-0.05412650108337402
0.01594245433807373,0.05387294292449951,0.026521392166614532,-0.05412650108337402
0.01594245433807373,0.05387294292449951,0.026521392166614532,-0.05412650108337402
0.01594245433807373,0.05387294292449951,0.026521392166614532,-0.05412650108337402
0.01594245433807373,0.05387294292449951,0.026521392166614532,-0.05412650108337402
0.01594245433807373,0.05387294292449951,0.026521392166614532,-0.05412650108337402
0.01594245433807373,0.05387294292449951,0.026521392166614532,-0.05412650108337402
0.01594245433807373,0.05387294292449951,0.026521392166614532,-0.05412650108337402
0.01594245433807373,0.05387294292449951,0.026521392166614532,-0.05412650108337402
0.01594245433807373,0.05387294292449951,0.026521392166614532,-0.05412650108337402
0.01594245433807373,0.05387294292449951,0.026521392166614532,-0.05412650108337402
0.01594245433807373,0.05387294292449951,0.026521392166614532,-0.05412650108337402
0.01594245433807373,0.05387294292449951,0.026521392166614532,-0.05412650108337402
0.01594245433807373,0.05387294292449951,0.026521392166614532,-0.05412650108337402
0.01594245433807373,0.05387294292449951,0.026521392166614532,-0.05412650108337402
0.01594245433807373,0.05387294292449951,0.026521392166614532,-0.05412650108337402
0.01594245433807373,0.05387294292449951,0.026521392166614532,-0.05412650108337402
0.01594245433807373,0.05387294292449951,0.026521392166614532,-0.05412650108337402
0.01594245433807373,0.05387294292449951,0.026521392166614532,-0.05412650108337402
0.01594245433807373,0.05387294292449951,0.026521392166614532,-0.05412650108337402
0.01594245433807373,0.05387294292449951,0.026521392166614532,-0.05412650108337402
0.01594245433807373,0.05387294292449951,0.026521392166614532,-0.05412650108337402
0.01594245433807373,0.05387294292449951,0.026521392166614532,-0.05412650108337402
0.01594245433807373,0.05387294292449951,0.026521392166614532,-0.05412650108337402
0.01594245433807373,0.05387294292449951,0.026521392166614532,-0.05412650108337402
0.01594245433807373,0.05387294292449951,0.026521392166614532,-0.05412650108337402
0.01594245433807373,0.05387294292449951,0.026521392166614532,-0.05412650108337402
0.01594245433807373,0.05387294292449951,0.026521392166614532,-0.05412650108337402
0.01594245433807373,0.05387294292449951,0.026521392166614532,-0.05412650108337402
0.01594245433807373,0.05387294292449951,0.026521392166614532,-0.05412650108337402
0.01594245433807373,0.05387294292449951,0.026521392166614532,-0.05412650108337402
0.01594245433807373,0.05387294292449951,0.026521392166614532,-0.05412650108337402
0.01594245433807373,0.05387294292449951,0.026521392166614532,-0.05412650108337402
0.01594245433807373,0.05387294292449951,0.026521392166614532,-0.05412650108337402
0.01594245433807373,0.05387294292449951,0.026521392166614532,-0.05412650108337402
0.01594245433807373,0.05387294292449951,0.026521392166614532,-0.05412650108337402
0.01594245433807373,0.05387294292449951,0.026521392166614532,-0.05412650108337402
0.01594245433807373,0.05387294292449951,0.026521392166614532,-0.05412650108337402
0.01594245433807373,0.05387294292449951,0.026521392166614532,-0.05412650108337402
0.01594245433807373,0.05387294292449951,0.026521392166614532,-0.05412650108337402
0.01594245433807373,0.05387294292449951,0.026521392166614532,-0.05412650108337402
0.01594245433807373,0.05387294292449951,0.026521392166614532,-0.05412650108337402
0.01594245433807373,0.05387294292449951,0.026521392166614532,-0.05412650108337402
0.01594245433807373,0.05387294292449951,0.026521392166614532,-0.05412650108337402
0.01594245433807373,0.05387294292449951,0.026521392166614532,-0.05412650108337402
0.01594245433807373,0.05387294292449951,0.026521392166614532,-0.05412650108337402
0.01594245433807373,0.05387294292449951,0.026521392166614532,-0.05412650108337402
0.01594245433807373,0.05387294292449951,0.026521392166614532,-0.05412650108337402
0.01594245433807373,0.05387294292449951,0.026521392166614532,-0.05412650108337402
0.01594245433807373,0.05387294292449951,0.026521392166614532,-0.05412650108337402
0.01594245433807373,0.05387294292449951,0.026521392166614532,-0.05412650108337402
0.01594245433807373,0.05387294292449951,0.026521392166614532,-0.05412650108337402
0.01594245433807373,0.05387294292449951,0.026521392166614532,-0.05412650108337402
0.01594245433807373,0.05387294292449951,0.026521392166614532,-0.05412650108337402
0.01594245433807373,0.05387294292449951,0.026521392166614532,-0.05412650108337402
0.01594245433807373,0.05387294292449951,0.026521392166614532,-0.05412650108337402
0.01594245433807373,0.05387294292449951,0.026521392166614532,-0.05412650108337402
0.01594245433807373,0.05387294292449951,0.026521392166614532,-0.05412650108337402
0.01594245433807373,0.05387294292449951,0.026521392166614532,-0.05412650108337402
