vx,vy,vz,omega_z
0.1653689593076706,-0.4170249104499817,-0.5786479115486145,0.9847068786621094
0.1766064465045929,-0.4250951409339905,-0.5781230330467224,1.0314898490905762
0.18026861548423767,-0.4243168234825134,-0.5762171149253845,1.0298576354980469
0.16527554392814636,-0.42060452699661255,-0.5523054599761963,1.0152595043182373
0.09999093413352966,-0.4130193591117859,-0.5416142344474792,1.045853853225708
0.07786967605352402,-0.41108351945877075,-0.5386353731155396,1.0500869750976562
0.05517486855387688,-0.4079630374908447,-0.5390337705612183,1.0552330017089844
0.04881582409143448,-0.4061405658721924,-0.5390833020210266,1.0558578968048096
0.026617087423801422,-0.42181557416915894,-0.547519326210022,1.0442488193511963
0.0008068457245826721,-0.4247397780418396,-0.5278202295303345,1.0501692295074463
-0.009228065609931946,-0.4245784878730774,-0.5241969227790833,1.052451729774475
-0.023632429540157318,-0.40663617849349976,-0.49408185482025146,1.0465662479400635
-0.031242437660694122,-0.40350472927093506,-0.4898926317691803,1.0484099388122559
-0.05174819380044937,-0.3667767643928528,-0.4767474830150604,1.0350501537322998
-0.05865778774023056,-0.3614122271537781,-0.4770467281341553,1.0328937768936157
-0.09704854339361191,-0.36153632402420044,-0.4838945269584656,0.9757913947105408
-0.1037922278046608,-0.3717137575149536,-0.4739416241645813,0.9493743777275085
-0.10470976680517197,-0.3726887106895447,-0.47254568338394165,0.9474006295204163
-0.11016689985990524,-0.37367647886276245,-0.4737710654735565,0.9361696839332581
-0.11122217029333115,-0.37275242805480957,-0.4749617278575897,0.93466717004776
-0.1391640603542328,-0.3546719551086426,-0.44673043489456177,0.9326862692832947
-0.1628657877445221,-0.31244659423828125,-0.4108201563358307,0.9295744299888611
-0.17023703455924988,-0.3089236617088318,-0.4076925814151764,0.9267829656600952
-0.18481361865997314,-0.31065940856933594,-0.3987959027290344,0.8873360753059387
-0.18865826725959778,-0.3096422553062439,-0.399019718170166,0.8787280917167664
-0.20149654150009155,-0.2877654433250427,-0.38926640152931213,0.8692656755447388
-0.21009385585784912,-0.2843059301376343,-0.3685866594314575,0.8869498372077942
-0.21331974864006042,-0.28269344568252563,-0.3634927272796631,0.8939051628112793
-0.21942833065986633,-0.2611440420150757,-0.3626812696456909,0.8628348112106323
-0.22009044885635376,-0.25746411085128784,-0.3661150634288788,0.8543546199798584
-0.22765958309173584,-0.2667580246925354,-0.3702094256877899,0.821140706539154
-0.228379487991333,-0.26578110456466675,-0.37068992853164673,0.8155409693717957
-0.2136019468307495,-0.2591376304626465,-0.3672177791595459,0.8089959621429443
-0.21351858973503113,-0.24779441952705383,-0.3445510268211365,0.7872307300567627
-0.21459144353866577,-0.24810275435447693,-0.3434872329235077,0.7832514047622681
-0.2067975401878357,-0.24407437443733215,-0.3444804847240448,0.7985193133354187
-0.2030450999736786,-0.2441015988588333,-0.34509947896003723,0.8015247583389282
-0.1972561776638031,-0.2379315048456192,-0.3382631242275238,0.8104410767555237
-0.19732582569122314,-0.23825934529304504,-0.33734551072120667,0.8136888742446899
-0.20578253269195557,-0.21947252750396729,-0.3198685348033905,0.782356321811676
-0.20357951521873474,-0.2074536681175232,-0.31956222653388977,0.7285783886909485
-0.197275310754776,-0.2083832323551178,-0.3218773603439331,0.7169166803359985
-0.2075609564781189,-0.21565034985542297,-0.31417369842529297,0.7042655348777771
-0.20986419916152954,-0.21816986799240112,-0.3142022490501404,0.7026391625404358
-0.21715840697288513,-0.2096773087978363,-0.3221128284931183,0.7070242762565613
-0.21795514225959778,-0.20935851335525513,-0.32319530844688416,0.7069779634475708
-0.20487713813781738,-0.1865057647228241,-0.2993569076061249,0.6725836992263794
-0.19673430919647217,-0.18314656615257263,-0.30028781294822693,0.6529055833816528
-0.1942121982574463,-0.18335720896720886,-0.30090880393981934,0.6496167182922363
-0.1912502944469452,-0.1752745807170868,-0.29914385080337524,0.6470069885253906
-0.19022542238235474,-0.17474335432052612,-0.299936980009079,0.6457959413528442
-0.18576574325561523,-0.15493831038475037,-0.30121684074401855,0.6592789888381958
-0.1862865686416626,-0.15376496315002441,-0.30198168754577637,0.6599535346031189
-0.19180229306221008,-0.15132451057434082,-0.3004849851131439,0.631710946559906
-0.19141659140586853,-0.15074026584625244,-0.300260066986084,0.6265926361083984
-0.1923218071460724,-0.14961791038513184,-0.28428205847740173,0.6037805676460266
-0.19074320793151855,-0.1491071581840515,-0.28195515275001526,0.6013429760932922
-0.19165140390396118,-0.14401938021183014,-0.2628769278526306,0.5789722800254822
-0.1852681040763855,-0.13365468382835388,-0.2650843858718872,0.5643446445465088
-0.18129193782806396,-0.13279220461845398,-0.2661519944667816,0.561862587928772
-0.18193134665489197,-0.12280765175819397,-0.2576030194759369,0.56572026014328
-0.18175232410430908,-0.12163387984037399,-0.2566917836666107,0.5665508508682251
-0.18576326966285706,-0.12115421891212463,-0.2519645094871521,0.5662053823471069
-0.1883617639541626,-0.12180043756961823,-0.25130099058151245,0.5666326284408569
-0.18157550692558289,-0.11780901253223419,-0.24581138789653778,0.5632662177085876
-0.17591676115989685,-0.1109769344329834,-0.238234743475914,0.5652320981025696
-0.1736455261707306,-0.10975487530231476,-0.23711737990379333,0.5661008358001709
-0.1722395420074463,-0.103842593729496,-0.22928190231323242,0.5631820559501648
-0.16648772358894348,-0.10011258721351624,-0.2325679063796997,0.5627894401550293
-0.16454797983169556,-0.10015860199928284,-0.23298901319503784,0.5624536275863647
-0.1692630648612976,-0.09692461788654327,-0.2269265353679657,0.5376685857772827
-0.1687329113483429,-0.09562677145004272,-0.22659018635749817,0.533826470375061
-0.16673552989959717,-0.08825206756591797,-0.21822696924209595,0.5129315853118896
-0.16528934240341187,-0.08670632541179657,-0.2178083211183548,0.5095715522766113
-0.1590714156627655,-0.0795150101184845,-0.20766261219978333,0.4969821870326996
-0.15068331360816956,-0.08412490785121918,-0.21317675709724426,0.4941413104534149
-0.1483168601989746,-0.08437439799308777,-0.21379506587982178,0.49308305978775024
-0.14810246229171753,-0.08537214994430542,-0.21342462301254272,0.4929312765598297
-0.1523667573928833,-0.0771365538239479,-0.20911023020744324,0.486551433801651
-0.15269264578819275,-0.0749177485704422,-0.20876261591911316,0.48556527495384216
-0.1497742235660553,-0.07291251420974731,-0.20449133217334747,0.4756520688533783
-0.14869630336761475,-0.07251978665590286,-0.20460933446884155,0.4740374982357025
-0.1434629261493683,-0.061904143542051315,-0.19784948229789734,0.4625692665576935
-0.14241620898246765,-0.059842340648174286,-0.1973646581172943,0.4609025716781616
-0.13200396299362183,-0.054344531148672104,-0.18713785707950592,0.4529070556163788
-0.128499835729599,-0.05450011417269707,-0.17842411994934082,0.44893118739128113
-0.12849879264831543,-0.05467784032225609,-0.1776292473077774,0.448432594537735
-0.12235898524522781,-0.05480647087097168,-0.18399010598659515,0.4409814178943634
-0.11985940486192703,-0.05108944699168205,-0.18926015496253967,0.4323103129863739
-0.11899355798959732,-0.05055627226829529,-0.19044195115566254,0.4304925799369812
-0.11640524119138718,-0.048666372895240784,-0.18123936653137207,0.42708495259284973
-0.11612231284379959,-0.04782811924815178,-0.18055570125579834,0.4265604317188263
-0.11320892721414566,-0.04640534520149231,-0.17676851153373718,0.4243296980857849
-0.10973473638296127,-0.04038359969854355,-0.17464755475521088,0.4146241843700409
-0.10891728848218918,-0.038215409964323044,-0.17570342123508453,0.4121929109096527
-0.11088346689939499,-0.03849659487605095,-0.17377027869224548,0.4044996500015259
-0.11089982837438583,-0.0379134900867939,-0.17412081360816956,0.40295782685279846
-0.1092434898018837,-0.043257854878902435,-0.17629921436309814,0.3958089351654053
-0.1014748141169548,-0.042229920625686646,-0.17509061098098755,0.3882139325141907
-0.100056491792202,-0.04234800860285759,-0.17569515109062195,0.38643577694892883
-0.09496200829744339,-0.03974563628435135,-0.16656826436519623,0.3821447193622589
-0.09472139924764633,-0.03917958214879036,-0.16531066596508026,0.38149508833885193
-0.09329106658697128,-0.04006103798747063,-0.15797783434391022,0.3772047162055969
-0.09300833195447922,-0.039726823568344116,-0.15742212533950806,0.3768050968647003
-0.08969362825155258,-0.04091666638851166,-0.15591318905353546,0.3733816146850586
-0.09083335846662521,-0.04006179794669151,-0.15412485599517822,0.3683844208717346
-0.09125689417123795,-0.03893565386533737,-0.15428853034973145,0.3671325445175171
-0.09196873754262924,-0.04352562502026558,-0.15478390455245972,0.3592908978462219
-0.09225615113973618,-0.0433683767914772,-0.1558508574962616,0.35637813806533813
-0.08888665586709976,-0.03270789235830307,-0.14934039115905762,0.3513062298297882
-0.08878215402364731,-0.029336802661418915,-0.1489666998386383,0.3498576283454895
-0.08484769612550735,-0.026066593825817108,-0.1449664980173111,0.34209197759628296
-0.08429654687643051,-0.02507251501083374,-0.14536185562610626,0.3396541476249695
-0.08319433778524399,-0.02536584436893463,-0.14296141266822815,0.3413839042186737
-0.08470455557107925,-0.027081921696662903,-0.14098115265369415,0.33857133984565735
-0.08479741960763931,-0.02735181897878647,-0.1411486119031906,0.33779144287109375
-0.08356224745512009,-0.027694039046764374,-0.1411096453666687,0.32960671186447144
-0.07770847529172897,-0.028753601014614105,-0.13804592192173004,0.3200823664665222
-0.07705787569284439,-0.029488086700439453,-0.1378886103630066,0.3176336884498596
-0.07002965360879898,-0.027233608067035675,-0.1296766847372055,0.3074985146522522
-0.06964760273694992,-0.02660403400659561,-0.12915633618831635,0.3039131462574005
-0.06378964334726334,-0.024089902639389038,-0.12669937312602997,0.29785892367362976
-0.06386343389749527,-0.028076551854610443,-0.1320408433675766,0.294620156288147
-0.06358667463064194,-0.02881009131669998,-0.13347065448760986,0.2937822937965393
-0.06532903760671616,-0.03379280865192413,-0.1311332732439041,0.29362452030181885
-0.06576318293809891,-0.034637242555618286,-0.13109570741653442,0.29351428151130676
-0.06319574266672134,-0.034315161406993866,-0.12623417377471924,0.29507261514663696
-0.06324373930692673,-0.03453516215085983,-0.12569399178028107,0.2955350875854492
-0.06228464096784592,-0.03109581023454666,-0.11606636643409729,0.2923734784126282
-0.06377922743558884,-0.026109173893928528,-0.1105259358882904,0.289254367351532
-0.06411216408014297,-0.025295473635196686,-0.11016297340393066,0.28850895166397095
-0.0604986771941185,-0.024557217955589294,-0.1075374037027359,0.28503623604774475
-0.06009838730096817,-0.024668507277965546,-0.10777990520000458,0.2838345468044281
-0.060364000499248505,-0.025041162967681885,-0.10377581417560577,0.27728432416915894
-0.05846624821424484,-0.023243993520736694,-0.10665635019540787,0.2730669677257538
-0.05805375427007675,-0.023298785090446472,-0.10701951384544373,0.2721751928329468
-0.05800227075815201,-0.02334783226251602,-0.1070454940199852,0.27210038900375366
-0.05657563358545303,-0.022651642560958862,-0.1042223572731018,0.2620575726032257
-0.05609972029924393,-0.022630475461483,-0.10494334995746613,0.258889377117157
-0.050273098051548004,-0.023596271872520447,-0.09550251066684723,0.24785450100898743
-0.0475468710064888,-0.023994863033294678,-0.09086862206459045,0.2404380738735199
-0.047334812581539154,-0.02434179186820984,-0.09027344733476639,0.23902827501296997
-0.046145565807819366,-0.024642355740070343,-0.0865815058350563,0.23633217811584473
-0.046051986515522,-0.024581044912338257,-0.08628110587596893,0.23571085929870605
-0.04788719862699509,-0.024500854313373566,-0.08682528138160706,0.23418480157852173
-0.04969169944524765,-0.022488556802272797,-0.08741779625415802,0.23258845508098602
-0.04963547736406326,-0.02173219621181488,-0.08785299956798553,0.2319335639476776
-0.052955664694309235,-0.02133810520172119,-0.09005028754472733,0.2330607771873474
-0.05312538892030716,-0.020428359508514404,-0.0907246321439743,0.23303815722465515
-0.050429172813892365,-0.016288533806800842,-0.08810638636350632,0.22980165481567383
-0.04608536511659622,-0.016032330691814423,-0.08588817715644836,0.22650501132011414
-0.045453719794750214,-0.01593133807182312,-0.0860605463385582,0.22554397583007812
-0.04322891682386398,-0.016756445169448853,-0.08385001122951508,0.22585874795913696
-0.04300510138273239,-0.016668908298015594,-0.08362559229135513,0.22593402862548828
-0.0421300008893013,-0.016281381249427795,-0.08223634958267212,0.22377780079841614
-0.041010044515132904,-0.015152350068092346,-0.07574984431266785,0.21982704102993011
-0.04091878980398178,-0.01539873331785202,-0.07524161785840988,0.21925616264343262
-0.04091193526983261,-0.013697385787963867,-0.07372988015413284,0.21373935043811798
-0.04074860364198685,-0.014006093144416809,-0.07391631603240967,0.21254320442676544
-0.03932148963212967,-0.013405419886112213,-0.07022924721240997,0.21014738082885742
-0.039256028831005096,-0.013724736869335175,-0.06963823735713959,0.20980575680732727
-0.03766130656003952,-0.01253451406955719,-0.0673227459192276,0.20528855919837952
-0.034897737205028534,-0.012136362493038177,-0.06578731536865234,0.20390638709068298
-0.03468305617570877,-0.012469574809074402,-0.06497704982757568,0.203611820936203
-0.03146085888147354,-0.013075344264507294,-0.06532533466815948,0.20018407702445984
-0.031089790165424347,-0.013669438660144806,-0.06524670869112015,0.19929902255535126
-0.027172692120075226,-0.01430046558380127,-0.06315039843320847,0.19480937719345093
-0.024372301995754242,-0.014606967568397522,-0.06032448261976242,0.1871529221534729
-0.024042882025241852,-0.015443660318851471,-0.06012226641178131,0.18561908602714539
-0.022465161979198456,-0.01490694284439087,-0.06088770553469658,0.18343058228492737
-0.022221721708774567,-0.015131674706935883,-0.060874201357364655,0.18284308910369873
-0.02152196317911148,-0.014682628214359283,-0.059922296553850174,0.1794455498456955
-0.021484889090061188,-0.01502719521522522,-0.060042694211006165,0.1788085401058197
-0.022601328790187836,-0.015096351504325867,-0.06094978749752045,0.1754917949438095
-0.022820375859737396,-0.01537252962589264,-0.058682434260845184,0.1722709685564041
-0.022877193987369537,-0.01584324985742569,-0.05843433737754822,0.171889066696167
-0.021710596978664398,-0.013459309935569763,-0.05580078810453415,0.16716499626636505
-0.021557457745075226,-0.01361873745918274,-0.05560145527124405,0.16648149490356445
-0.02091509848833084,-0.013304010033607483,-0.052559979259967804,0.16422118246555328
-0.020624898374080658,-0.01437167078256607,-0.05069877207279205,0.1618805080652237
-0.020585931837558746,-0.014797985553741455,-0.05049246549606323,0.16154570877552032
-0.01941520720720291,-0.014700919389724731,-0.05020548403263092,0.15979354083538055
-0.019414566457271576,-0.015378043055534363,-0.04971925541758537,0.15742096304893494
-0.01944611221551895,-0.01576659083366394,-0.04975699633359909,0.1571737825870514
-0.018831081688404083,-0.01652577519416809,-0.04988381266593933,0.1543189138174057
-0.018763355910778046,-0.016999468207359314,-0.05015496164560318,0.1537705957889557
-0.017161689698696136,-0.016619674861431122,-0.04941155016422272,0.14992888271808624
-0.01656559854745865,-0.015265539288520813,-0.04946162551641464,0.14934349060058594
-0.016469158232212067,-0.015300102531909943,-0.04955025762319565,0.14947395026683807
-0.015444420278072357,-0.015270508825778961,-0.048406150192022324,0.14722350239753723
-0.01533440500497818,-0.01562386006116867,-0.04818223416805267,0.1468236744403839
-0.014828525483608246,-0.015558429062366486,-0.04638113081455231,0.14558883011341095
-0.01444222778081894,-0.015375778079032898,-0.046457573771476746,0.14396819472312927
-0.014318190515041351,-0.015526838600635529,-0.04641661420464516,0.1435396522283554
-0.0135636106133461,-0.014803245663642883,-0.04316113889217377,0.1405012160539627
-0.013531707227230072,-0.014941811561584473,-0.04246194660663605,0.140141561627388
-0.01360609382390976,-0.015537761151790619,-0.043517112731933594,0.13822178542613983
-0.012945272028446198,-0.016114071011543274,-0.04282567650079727,0.13317318260669708
-0.012791238725185394,-0.01689974218606949,-0.04265761002898216,0.1323595941066742
-0.012288369238376617,-0.017817258834838867,-0.041594985872507095,0.13135527074337006
-0.012303955852985382,-0.018319547176361084,-0.04133141413331032,0.13131195306777954
-0.011345840990543365,-0.01852191984653473,-0.03904019296169281,0.12929776310920715
-0.01129884272813797,-0.019016370177268982,-0.03837385028600693,0.12902787327766418
-0.010643549263477325,-0.01853615790605545,-0.038137588649988174,0.1270332783460617
-0.009607978165149689,-0.018024824559688568,-0.036182284355163574,0.1252632439136505
-0.00955945998430252,-0.018090426921844482,-0.03587900847196579,0.12513045966625214
-0.009464763104915619,-0.017867252230644226,-0.036590658128261566,0.12460444867610931
-0.00893867015838623,-0.01772240549325943,-0.034916214644908905,0.12237467616796494
-0.008884996175765991,-0.018044210970401764,-0.034661125391721725,0.12217284739017487
-0.008211828768253326,-0.01705903559923172,-0.03486666828393936,0.11964672058820724
-0.008032731711864471,-0.01720540225505829,-0.03501957654953003,0.11910904943943024
-0.006484001874923706,-0.01517852395772934,-0.03301454707980156,0.11643891036510468
-0.006071038544178009,-0.013533823192119598,-0.03080330602824688,0.1172497421503067
-0.00609540194272995,-0.013412527740001678,-0.03040323033928871,0.11761604249477386
-0.005607582628726959,-0.013074144721031189,-0.031079422682523727,0.11653636395931244
-0.00554889440536499,-0.013152554631233215,-0.031345732510089874,0.11622074246406555
-0.00470956414937973,-0.012373887002468109,-0.03242591768503189,0.1143408715724945
-0.004552200436592102,-0.012282498180866241,-0.032902445644140244,0.11406204104423523
-0.003451615571975708,-0.012306012213230133,-0.029717788100242615,0.11104364693164825
-0.003393106162548065,-0.012608155608177185,-0.029584504663944244,0.11124372482299805
-0.0034140348434448242,-0.01350007951259613,-0.0301319882273674,0.11038936674594879
-0.0033910423517227173,-0.013704806566238403,-0.030369745567440987,0.11025215685367584
-0.0026252195239067078,-0.01323031634092331,-0.03159128874540329,0.10744732618331909
-0.0021319910883903503,-0.0129881352186203,-0.031040627509355545,0.10445505380630493
-0.0020346418023109436,-0.013229615986347198,-0.0310348030179739,0.1040666252374649
-0.0021987706422805786,-0.01365082710981369,-0.02959902584552765,0.1030782163143158
-0.002168327569961548,-0.013625890016555786,-0.029344547539949417,0.10311928391456604
-0.0008682087063789368,-0.012789227068424225,-0.02787197008728981,0.09984903037548065
-0.0006590485572814941,-0.012743480503559113,-0.027629192918539047,0.0993075966835022
2.1502375602722168e-05,-0.012070655822753906,-0.028614040464162827,0.09596454352140427
0.00022374093532562256,-0.012174636125564575,-0.02891681343317032,0.09521833062171936
0.000504225492477417,-0.012012451887130737,-0.028422389179468155,0.09481494873762131
0.0013643130660057068,-0.012151852250099182,-0.028671767562627792,0.09300009161233902
0.001534491777420044,-0.012055151164531708,-0.02877971902489662,0.09254076331853867
0.0016647130250930786,-0.012144491076469421,-0.027641143649816513,0.09284764528274536
0.001705080270767212,-0.012035243213176727,-0.027346741408109665,0.09295729547739029
0.003161512315273285,-0.011288627982139587,-0.02686402201652527,0.09046139568090439
0.004029974341392517,-0.01078440248966217,-0.025805920362472534,0.08908457309007645
0.004143565893173218,-0.010825984179973602,-0.025617212057113647,0.0888666883111
0.004532724618911743,-0.00987917184829712,-0.024513650685548782,0.08891747146844864
0.004562146961688995,-0.009921588003635406,-0.02445346862077713,0.08923251181840897
0.005885288119316101,-0.009323425590991974,-0.02397102862596512,0.08774861693382263
0.006012335419654846,-0.009822554886341095,-0.02503272518515587,0.08647068589925766
0.006050668656826019,-0.010012298822402954,-0.02532016485929489,0.08617978543043137
0.006415657699108124,-0.010239943861961365,-0.02599366009235382,0.08564702421426773
0.006462916731834412,-0.010322228074073792,-0.02613922581076622,0.085463747382164
0.00788852572441101,-0.010358855128288269,-0.023909345269203186,0.08391409367322922
0.008534327149391174,-0.01019236445426941,-0.022047854959964752,0.08338166773319244
0.008561618626117706,-0.010120384395122528,-0.02160627394914627,0.08335201442241669
0.008579835295677185,-0.010091766715049744,-0.02126508578658104,0.08302638679742813
0.008593976497650146,-0.01009746640920639,-0.021185941994190216,0.08312265574932098
0.009442716836929321,-0.009210281074047089,-0.02239678055047989,0.08247385174036026
0.010018281638622284,-0.008332140743732452,-0.022710848599672318,0.0813678503036499
0.010135039687156677,-0.00801108032464981,-0.022650565952062607,0.08100780844688416
0.01021026074886322,-0.007285669445991516,-0.023641083389520645,0.08083166182041168
0.010274045169353485,-0.007098078727722168,-0.02380537986755371,0.08063775300979614
0.01005571335554123,-0.006576560437679291,-0.02394333854317665,0.08073316514492035
0.009986087679862976,-0.006437994539737701,-0.023922104388475418,0.0806223452091217
0.009329758584499359,-0.006814159452915192,-0.02261367067694664,0.08027002215385437
0.009168431162834167,-0.00677819550037384,-0.02231394127011299,0.0803632065653801
0.008953921496868134,-0.006998330354690552,-0.021113358438014984,0.08010005950927734
0.009884558618068695,-0.00778709352016449,-0.019446443766355515,0.0781625360250473
0.010032370686531067,-0.008137747645378113,-0.019234642386436462,0.07794476300477982
0.010777689516544342,-0.007842779159545898,-0.01932816579937935,0.07681255787611008
0.010924965143203735,-0.007832884788513184,-0.01937389001250267,0.07646793872117996
0.011856921017169952,-0.00835331529378891,-0.01927153393626213,0.07463547587394714
0.01213747262954712,-0.00833497941493988,-0.01893824338912964,0.073328398168087
0.012202881276607513,-0.00834248960018158,-0.0188899002969265,0.07319935411214828
0.01229473203420639,-0.00782988965511322,-0.018251702189445496,0.07521942257881165
0.012318871915340424,-0.007466800510883331,-0.018063995987176895,0.07575174421072006
0.01288265734910965,-0.0071774497628211975,-0.01739412546157837,0.07716013491153717
0.012985482811927795,-0.007064118981361389,-0.017207231372594833,0.07744026184082031
0.013954587280750275,-0.0068698301911354065,-0.016303151845932007,0.07571282982826233
0.014544844627380371,-0.007034018635749817,-0.015825077891349792,0.07524815946817398
0.014603838324546814,-0.007015913724899292,-0.0157974511384964,0.07520736008882523
0.014896750450134277,-0.006624862551689148,-0.01548711210489273,0.0738852247595787
0.014933735132217407,-0.006525866687297821,-0.015488475561141968,0.07361641526222229
0.015544615685939789,-0.006960883736610413,-0.014019716531038284,0.0712103545665741
0.015608072280883789,-0.006999984383583069,-0.013728924095630646,0.0707208663225174
0.01617203652858734,-0.00678524374961853,-0.014134988188743591,0.06961987167596817
0.016711987555027008,-0.0065648481249809265,-0.013918299227952957,0.06773614883422852
0.016814537346363068,-0.006525225937366486,-0.01391330361366272,0.06740030646324158
0.01682639867067337,-0.00653461366891861,-0.013914626091718674,0.06737131625413895
0.017916671931743622,-0.0069178566336631775,-0.012804780155420303,0.06644406914710999
0.01889166235923767,-0.007485702633857727,-0.013198811560869217,0.06625262647867203
0.01909012347459793,-0.007393404841423035,-0.013266924768686295,0.06608746945858002
0.01974213868379593,-0.007168114185333252,-0.012859847396612167,0.06451550126075745
0.019969642162322998,-0.007033787667751312,-0.011611178517341614,0.06338268518447876
0.020001158118247986,-0.007122233510017395,-0.011411312967538834,0.06336577236652374
0.019774354994297028,-0.007224477827548981,-0.011408176273107529,0.06435249000787735
0.019622504711151123,-0.007663607597351074,-0.011797644197940826,0.06584309786558151
0.019622094929218292,-0.0077207013964653015,-0.011851068586111069,0.0660775825381279
0.01983456313610077,-0.007641039788722992,-0.01137559860944748,0.06436377763748169
0.020045556128025055,-0.007591530680656433,-0.011300507932901382,0.06369490921497345
0.020085513591766357,-0.007528960704803467,-0.011311102658510208,0.06362732499837875
0.020025603473186493,-0.0069040656089782715,-0.011742141097784042,0.06435049325227737
0.02003813534975052,-0.006714232265949249,-0.011789534240961075,0.06443502008914948
0.02042917162179947,-0.0066406577825546265,-0.011773649603128433,0.061738595366477966
0.020492620766162872,-0.006765082478523254,-0.011881127953529358,0.06121980398893356
0.020953163504600525,-0.006302051246166229,-0.011702451854944229,0.060435160994529724
0.021267853677272797,-0.006094202399253845,-0.01316804438829422,0.060141824185848236
0.021341785788536072,-0.006090208888053894,-0.013547364622354507,0.06004853546619415
0.021455764770507812,-0.0062503814697265625,-0.014495167881250381,0.05984277278184891
0.021462328732013702,-0.0063315629959106445,-0.014756113290786743,0.05978121608495712
0.022057369351387024,-0.0058419108390808105,-0.01365603506565094,0.058454036712646484
0.02268572896718979,-0.0049581751227378845,-0.012207303196191788,0.05800319463014603
0.02275753766298294,-0.004742071032524109,-0.011828470975160599,0.057945556938648224
0.022767193615436554,-0.004433736205101013,-0.012040898203849792,0.05719112604856491
0.022769995033740997,-0.00447835773229599,-0.012114092707633972,0.05699212849140167
0.023443207144737244,-0.004765987396240234,-0.010992176830768585,0.055259399116039276
0.023565180599689484,-0.004880361258983612,-0.010748479515314102,0.05489338934421539
0.024387791752815247,-0.005666390061378479,-0.010746847838163376,0.05274587869644165
0.024533450603485107,-0.005851477384567261,-0.010733090341091156,0.05210153013467789
0.024744033813476562,-0.006737925112247467,-0.010114222764968872,0.052937716245651245
0.02418334037065506,-0.007390543818473816,-0.0092955082654953,0.05510278046131134
0.024032779037952423,-0.0071989670395851135,-0.009047452360391617,0.055617786943912506
0.02395535260438919,-0.007651761174201965,-0.008456233888864517,0.055122531950473785
0.02422408014535904,-0.007637433707714081,-0.007895588874816895,0.05488729476928711
0.024232782423496246,-0.0076354146003723145,-0.007776085287332535,0.054882071912288666
0.02435339242219925,-0.007135234773159027,-0.007751014083623886,0.05419944226741791
0.024355560541152954,-0.007164083421230316,-0.007729936391115189,0.05410827696323395
0.02420666813850403,-0.0068463534116744995,-0.008372459560632706,0.054812222719192505
0.024057701230049133,-0.0066054388880729675,-0.00894145667552948,0.055350206792354584
0.02404192090034485,-0.006445296108722687,-0.009058423340320587,0.05544453114271164
0.024040713906288147,-0.006422027945518494,-0.009066123515367508,0.05545412003993988
0.024426870048046112,-0.006045497953891754,-0.008303306996822357,0.05495133250951767
0.02463049441576004,-0.005724228918552399,-0.007861770689487457,0.054938219487667084
0.024647995829582214,-0.005850590765476227,-0.0077842287719249725,0.05501624941825867
0.025016166269779205,-0.006017401814460754,-0.00714503601193428,0.05488956719636917
0.02497788518667221,-0.006399989128112793,-0.007171850651502609,0.05598825216293335
0.024960435926914215,-0.006270095705986023,-0.007196445018053055,0.05619610846042633
0.02481919527053833,-0.006205014884471893,-0.007913433015346527,0.05619591474533081
0.024618983268737793,-0.006530247628688812,-0.007704008370637894,0.05619172006845474
0.02455318719148636,-0.00673212856054306,-0.007684331387281418,0.05621986836194992
0.02427668869495392,-0.006636776030063629,-0.008005272597074509,0.05675917863845825
0.024237461388111115,-0.006599158048629761,-0.008033879101276398,0.05682370811700821
0.023904874920845032,-0.007037684321403503,-0.008188348263502121,0.05611543357372284
0.023686543107032776,-0.007327698171138763,-0.007201045751571655,0.05526372790336609
0.02364455908536911,-0.007481507956981659,-0.00703868642449379,0.05519977957010269
0.023882634937763214,-0.007747769355773926,-0.006511680781841278,0.053997255861759186
0.023953817784786224,-0.007911212742328644,-0.006496787071228027,0.05376299470663071
0.024333618581295013,-0.0076982006430625916,-0.005374811589717865,0.05289660394191742
0.024409107863903046,-0.007665716111660004,-0.0051743872463703156,0.05281956493854523
0.024819113314151764,-0.0074744075536727905,-0.005340714007616043,0.05203831195831299
0.025121815502643585,-0.007252827286720276,-0.005526851862668991,0.05164352059364319
0.02517808973789215,-0.007219657301902771,-0.005572464317083359,0.05160099267959595
0.025416672229766846,-0.00707940012216568,-0.005586698651313782,0.051512084901332855
0.02562417834997177,-0.006717279553413391,-0.006511121988296509,0.05072065442800522
0.025681592524051666,-0.006620034575462341,-0.006664492189884186,0.050453104078769684
0.026008211076259613,-0.006513409316539764,-0.006794631481170654,0.049045585095882416
0.02609211951494217,-0.0064256638288497925,-0.00680338591337204,0.04870539903640747
0.02678734064102173,-0.006494775414466858,-0.00694897398352623,0.04875499755144119
0.02693038433790207,-0.0064087435603141785,-0.006963122636079788,0.048734650015830994
0.027351446449756622,-0.0065737515687942505,-0.006074342876672745,0.048995815217494965
0.02792372554540634,-0.006794542074203491,-0.004856541752815247,0.04784000664949417
0.028015978634357452,-0.006838284432888031,-0.004692263901233673,0.04771726578474045
0.02779686450958252,-0.007455013692378998,-0.004636034369468689,0.04679640382528305
0.027769379317760468,-0.007628679275512695,-0.004705391824245453,0.046631522476673126
0.027815334498882294,-0.007449693977832794,-0.004506364464759827,0.046193480491638184
0.027836695313453674,-0.007512740790843964,-0.004438068717718124,0.046201713383197784
0.02782205492258072,-0.00764995813369751,-0.0044567883014678955,0.04621097445487976
0.027759462594985962,-0.00786253809928894,-0.0038937926292419434,0.0456899031996727
0.027745038270950317,-0.007871374487876892,-0.003807447850704193,0.04566332697868347
0.02772057056427002,-0.007763266563415527,-0.003353867679834366,0.045852020382881165
0.027711905539035797,-0.007638223469257355,-0.003226708620786667,0.04590964317321777
0.02798750251531601,-0.0071558356285095215,-0.0036177150905132294,0.04611758142709732
0.02802964299917221,-0.006977580487728119,-0.003643382340669632,0.04612233489751816
0.028498999774456024,-0.006514929234981537,-0.003329262137413025,0.04638126492500305
0.02855486422777176,-0.006262637674808502,-0.0031859129667282104,0.04642663896083832
0.028895817697048187,-0.005898326635360718,-0.0021402426064014435,0.04567647725343704
0.028960146009922028,-0.005751200020313263,-0.0019813328981399536,0.045686617493629456
0.029056012630462646,-0.005655810236930847,-0.0030358359217643738,0.04508771747350693
0.029101863503456116,-0.005574680864810944,-0.003257308155298233,0.04488828778266907
0.028992734849452972,-0.00569925457239151,-0.003328729420900345,0.04499448090791702
0.028960227966308594,-0.0060610100626945496,-0.003698933869600296,0.04472764581441879
0.0289846733212471,-0.006024859845638275,-0.003799092024564743,0.044664330780506134
0.028979361057281494,-0.006105847656726837,-0.0035669654607772827,0.044128209352493286
0.02911888062953949,-0.005937136709690094,-0.0030849911272525787,0.042170532047748566
0.029157668352127075,-0.006076723337173462,-0.0030633918941020966,0.041798435151576996
0.029593296349048615,-0.006210006773471832,-0.0036559030413627625,0.041192784905433655
0.029697753489017487,-0.006204590201377869,-0.003797754645347595,0.04104156047105789
0.029985055327415466,-0.006314761936664581,-0.003858577460050583,0.03984954208135605
0.030052945017814636,-0.0064353421330451965,-0.003948047757148743,0.03967061638832092
0.03004615753889084,-0.0064967721700668335,-0.0036736205220222473,0.040366701781749725
0.03003290295600891,-0.0064215511083602905,-0.003449205309152603,0.04116830974817276
0.030009977519512177,-0.006364837288856506,-0.00337967649102211,0.04125865548849106
0.030146658420562744,-0.0065946802496910095,-0.0036268047988414764,0.04151914268732071
0.0301726832985878,-0.00666220486164093,-0.003677118569612503,0.04150393605232239
0.030028313398361206,-0.006628826260566711,-0.0037496723234653473,0.0422758087515831
0.030019909143447876,-0.0065842121839523315,-0.0037473924458026886,0.042424000799655914
0.029985956847667694,-0.006624951958656311,-0.0036188215017318726,0.04239697754383087
0.03004755824804306,-0.0064027681946754456,-0.0038327500224113464,0.04266273230314255
0.03006017953157425,-0.006329447031021118,-0.0038672983646392822,0.04269938915967941
0.03031635284423828,-0.005976565182209015,-0.0037788115441799164,0.04230166971683502
0.03036355972290039,-0.005914650857448578,-0.0037723779678344727,0.042220234870910645
0.030727922916412354,-0.005508787930011749,-0.0032813064754009247,0.042020998895168304
0.030983082950115204,-0.004643142223358154,-0.0032643303275108337,0.0421547070145607
0.03102094680070877,-0.004442654550075531,-0.0032447390258312225,0.04219096153974533
0.03123272955417633,-0.003884941339492798,-0.002614784985780716,0.041895776987075806
0.03125440329313278,-0.003757849335670471,-0.002489529550075531,0.041886910796165466
0.03123731166124344,-0.0038307756185531616,-0.0023198984563350677,0.04139455407857895
0.031179986894130707,-0.004068896174430847,-0.0018392130732536316,0.041087448596954346
0.031162336468696594,-0.00408037006855011,-0.0017230957746505737,0.04107435792684555
0.030998870730400085,-0.004022903740406036,-0.0021322742104530334,0.04149308800697327
0.030981168150901794,-0.0040143877267837524,-0.002210669219493866,0.04158478230237961
0.03115186095237732,-0.004244118928909302,-0.002857416868209839,0.041995756328105927
0.031194597482681274,-0.004259489476680756,-0.0029666535556316376,0.04203038662672043
0.031384699046611786,-0.004469513893127441,-0.003014765679836273,0.0415128618478775
0.031427524983882904,-0.004557661712169647,-0.0030746646225452423,0.04141739010810852
0.031522274017333984,-0.004743516445159912,-0.0030361078679561615,0.04172230511903763
0.03154122084379196,-0.004617974162101746,-0.002666167914867401,0.041272059082984924
0.031541019678115845,-0.004434496164321899,-0.00255483016371727,0.04118023067712784
0.03155195713043213,-0.00424705445766449,-0.0020407885313034058,0.04093237221240997
0.03156724572181702,-0.004149541258811951,-0.0019395872950553894,0.04098079353570938
0.0316876545548439,-0.004012949764728546,-0.0017540231347084045,0.04103795439004898
0.03183729946613312,-0.004101186990737915,-0.0020064935088157654,0.041249655187129974
0.031881965696811676,-0.004170902073383331,-0.0020859837532043457,0.041286058723926544
0.032019637525081635,-0.004421204328536987,-0.0020424388349056244,0.04140610992908478
0.03204141557216644,-0.004499331116676331,-0.002049725502729416,0.04143557697534561
0.032556481659412384,-0.004398651421070099,-0.0024216361343860626,0.04235738515853882
0.03266452997922897,-0.004166096448898315,-0.0024491064250469208,0.042465366423130035
0.03273725509643555,-0.004217624664306641,-0.002519812434911728,0.0429348349571228
0.03272268921136856,-0.004177883267402649,-0.0024936124682426453,0.04298367351293564
0.03245161473751068,-0.004007667303085327,-0.002774536609649658,0.043292492628097534
0.032417841255664825,-0.0038473904132843018,-0.002920243889093399,0.04372341185808182
0.032402507960796356,-0.003856450319290161,-0.002930380403995514,0.04378557950258255
0.03229803591966629,-0.0036797747015953064,-0.0032968670129776,0.04368043690919876
0.032412633299827576,-0.003184705972671509,-0.0031356923282146454,0.04349534958600998
0.03242763876914978,-0.003065533936023712,-0.0030685588717460632,0.043431155383586884
0.03247948735952377,-0.0032499879598617554,-0.0035128407180309296,0.04353991895914078
0.03250424563884735,-0.0032584592700004578,-0.0036186911165714264,0.04353584349155426
0.032678619027137756,-0.0034542903304100037,-0.0033477097749710083,0.04307512193918228
0.03271757811307907,-0.0034982189536094666,-0.003320220857858658,0.04301624000072479
0.03264284133911133,-0.0043331533670425415,-0.0029589980840682983,0.04211629182100296
0.03254522383213043,-0.004697665572166443,-0.0026283562183380127,0.04173316806554794
0.032540224492549896,-0.0048182010650634766,-0.002569202333688736,0.04166893661022186
0.03275987505912781,-0.0050127580761909485,-0.0025671347975730896,0.04118644446134567
0.0330776572227478,-0.005130782723426819,-0.0019487738609313965,0.04035050421953201
0.033115044236183167,-0.005139932036399841,-0.0018420927226543427,0.04031126946210861
0.03309214860200882,-0.005227565765380859,-0.0020833350718021393,0.04096221178770065
0.03307091444730759,-0.005277387797832489,-0.0021163076162338257,0.04102326184511185
0.033313289284706116,-0.004747338593006134,-0.0011108294129371643,0.04108678549528122
0.03332383185625076,-0.0046136826276779175,-0.0008553639054298401,0.041195377707481384
0.03362509608268738,-0.0043614208698272705,-0.00048604607582092285,0.04031369090080261
0.03364630788564682,-0.004408642649650574,1.2896955013275146e-05,0.039354220032691956
0.033646948635578156,-0.0044816359877586365,6.102025508880615e-05,0.03926817327737808
0.03380721062421799,-0.004309624433517456,0.0002061687409877777,0.03893584758043289
0.033771269023418427,-0.00428038090467453,0.0001357831060886383,0.03887103497982025
0.03376012295484543,-0.004304289817810059,0.00011154264211654663,0.03886184096336365
0.03377719223499298,-0.004316322505474091,0.0007494688034057617,0.03929699957370758
0.03374588489532471,-0.004347838461399078,0.0008743070065975189,0.03944616764783859
0.03376980870962143,-0.004085272550582886,0.0010053068399429321,0.03953094035387039
0.03388461470603943,-0.0038219839334487915,0.0011502020061016083,0.039968766272068024
0.03391048312187195,-0.0037229806184768677,0.0011839307844638824,0.040045179426670074
0.033731378614902496,-0.003985576331615448,0.0010441727936267853,0.03944928199052811
0.033711664378643036,-0.004087261855602264,0.0009939037263393402,0.0393100306391716
0.03362972289323807,-0.0043510496616363525,0.001055985689163208,0.039300307631492615
0.034230977296829224,-0.0034537389874458313,0.00027147307991981506,0.04006238281726837
0.03440722078084946,-0.002951100468635559,0.00022030994296073914,0.040109626948833466
0.034923672676086426,-0.002534739673137665,0.0004908442497253418,0.04028398543596268
0.03531657159328461,-0.0024306103587150574,0.001023516058921814,0.040815673768520355
0.03534767031669617,-0.0024234652519226074,0.0011343546211719513,0.04091576486825943
0.03590552508831024,-0.001810126006603241,0.0009712092578411102,0.041957512497901917
0.036013394594192505,-0.0016449764370918274,0.0009602680802345276,0.04211399704217911
0.0360109806060791,-0.001458585262298584,0.000674862414598465,0.04159703850746155
0.03615732491016388,-0.0010851547122001648,0.0009661093354225159,0.041458286345005035
0.03615425527095795,-0.0009782686829566956,0.0010474324226379395,0.041470371186733246
0.0361018106341362,-0.0009099990129470825,0.0008901208639144897,0.0420038104057312
0.036072149872779846,-0.0008912533521652222,0.0008886829018592834,0.04206952452659607
0.03599833697080612,-0.0011821463704109192,0.0006054453551769257,0.0423937663435936
0.036106325685977936,-0.0012947767972946167,0.00033054128289222717,0.04263002425432205
0.03612881153821945,-0.001258261501789093,0.0003021545708179474,0.042638570070266724
0.036234863102436066,-0.0010449141263961792,0.0005148313939571381,0.041938409209251404
0.036262959241867065,-0.001035436987876892,0.0005341731011867523,0.04179981350898743
0.03640159219503403,-0.0007438510656356812,0.0007951483130455017,0.04202882945537567
0.03633670508861542,-0.0004606097936630249,0.0010209493339061737,0.040734902024269104
0.036326415836811066,-0.00043660402297973633,0.001025661826133728,0.04046007990837097
0.03654398024082184,-0.0006490647792816162,0.0014324896037578583,0.039924874901771545
0.036584965884685516,-0.0006976425647735596,0.00149579718708992,0.039886318147182465
0.03643932193517685,-0.0005406960844993591,0.0018216706812381744,0.039520323276519775
0.03640685975551605,-0.0006678551435470581,0.0018632076680660248,0.03946550190448761
0.03627845644950867,-0.0008032470941543579,0.0018373392522335052,0.03955237567424774
0.03615250438451767,-0.0007649436593055725,0.001683700829744339,0.03875222057104111
0.036133214831352234,-0.0008502379059791565,0.001592535525560379,0.03859826177358627
0.03609169274568558,-0.000950932502746582,0.0013691410422325134,0.03895862400531769
0.036062486469745636,-0.00132712721824646,0.0009208694100379944,0.03903990238904953
0.03606243431568146,-0.0015271902084350586,0.0007740817964076996,0.039017029106616974
0.035922735929489136,-0.0016531124711036682,0.0010158531367778778,0.03889327496290207
0.03589358925819397,-0.0016850456595420837,0.001073203980922699,0.03891965001821518
0.03563176095485687,-0.0016300901770591736,0.0014637075364589691,0.039056286215782166
0.03549506515264511,-0.0015311092138290405,0.0016837231814861298,0.03923260420560837
0.03546573966741562,-0.001496635377407074,0.0017250441014766693,0.03927186131477356
0.03544480353593826,-0.0014858171343803406,0.0017706044018268585,0.039353229105472565
0.035437218844890594,-0.0014767199754714966,0.0017808936536312103,0.03937939554452896
0.035433508455753326,-0.001439906656742096,0.0018218271434307098,0.03941532224416733
0.03543128818273544,-0.0014251470565795898,0.0018341653048992157,0.03942498564720154
0.03543601185083389,-0.001352265477180481,0.0018929429352283478,0.039466001093387604
0.035434409976005554,-0.0013373717665672302,0.0019148476421833038,0.03948831558227539
0.03543312847614288,-0.001334749162197113,0.0019175894558429718,0.03949426859617233
0.03543919324874878,-0.0013111233711242676,0.0019065998494625092,0.03951333463191986
0.035440556704998016,-0.0013068392872810364,0.0019039176404476166,0.039508156478405
0.03552043437957764,-0.0014442428946495056,0.0018098093569278717,0.040134504437446594
0.03552374243736267,-0.0014583319425582886,0.0018092431128025055,0.04023457318544388
0.035509705543518066,-0.0015432611107826233,0.0017513372004032135,0.04061739891767502
0.03550480306148529,-0.0015658661723136902,0.0017336346209049225,0.0406888946890831
0.03565911203622818,-0.0014805868268013,0.0013413354754447937,0.04113088548183441
0.03576861321926117,-0.0016145482659339905,0.0010346584022045135,0.04060204327106476
0.03580203652381897,-0.0017194151878356934,0.0009606368839740753,0.04047021269798279
0.03588777780532837,-0.0018316879868507385,0.0009950101375579834,0.041234515607357025
0.035987548530101776,-0.0017765462398529053,0.0009801685810089111,0.04159027338027954
0.03600583225488663,-0.0017681792378425598,0.0009696446359157562,0.04164368659257889
0.03610057383775711,-0.0016945376992225647,0.00134982168674469,0.04161156713962555
0.036111943423748016,-0.0016223490238189697,0.001448269933462143,0.0416199266910553
0.03608076274394989,-0.0018802061676979065,0.00118270143866539,0.04225461184978485
0.03621619939804077,-0.0013493821024894714,0.00033836066722869873,0.04142240434885025
0.036304280161857605,-0.0011210069060325623,0.0002030394971370697,0.04117606580257416
0.03651277720928192,-0.0010664016008377075,0.0002384483814239502,0.04084516316652298
0.03656111657619476,-0.0010122209787368774,0.00025594234466552734,0.040788330137729645
0.036727532744407654,-0.0005179792642593384,0.0003026537597179413,0.04041684418916702
0.036765724420547485,-0.0004342794418334961,0.0003297179937362671,0.04028787463903427
0.03678476810455322,-0.0006770342588424683,0.0004945360124111176,0.04010909050703049
0.036773696541786194,-0.0007069781422615051,0.000532347708940506,0.04008945822715759
0.03684985637664795,-0.0008681491017341614,0.0007279291749000549,0.04020611196756363
0.03692016005516052,-0.0009956806898117065,0.0011842027306556702,0.0397879034280777
0.036936841905117035,-0.000980570912361145,0.0012360885739326477,0.03981684893369675
0.03679604083299637,-0.0012867674231529236,0.0010067671537399292,0.03956031799316406
0.03671816736459732,-0.0013915002346038818,0.0008814483880996704,0.03957740217447281
0.03670772165060043,-0.0013708099722862244,0.0008946210145950317,0.03956448286771774
0.03664518892765045,-0.001440592110157013,0.0009673051536083221,0.039580583572387695
0.03663454204797745,-0.001424245536327362,0.0010051168501377106,0.039587005972862244
0.03676637262105942,-0.0014527589082717896,0.0015065409243106842,0.03862521052360535
0.036710821092128754,-0.001399800181388855,0.0015066824853420258,0.03865113854408264
0.03670361638069153,-0.0014372244477272034,0.0014857910573482513,0.03865090757608414
0.03670317679643631,-0.0014736354351043701,0.0014137588441371918,0.03863801807165146
0.03670799732208252,-0.0014298558235168457,0.00141226127743721,0.038640812039375305
0.03688941150903702,-0.0014785230159759521,0.001446206122636795,0.039003752171993256
0.036918461322784424,-0.0013744905591011047,0.001499328762292862,0.03910280019044876
0.036920711398124695,-0.0013632401823997498,0.0015050582587718964,0.03911204636096954
0.03692087531089783,-0.0013619661331176758,0.0015056543052196503,0.03911244869232178
0.036920882761478424,-0.001361742615699768,0.0015056394040584564,0.03911244869232178
0.036920882761478424,-0.0013617202639579773,0.0015056394040584564,0.03911242634057999
0.036920882761478424,-0.0013617202639579773,0.0015056394040584564,0.03911242634057999
0.036920882761478424,-0.0013617202639579773,0.0015056394040584564,0.03911242634057999
0.036920882761478424,-0.0013617202639579773,0.0015056394040584564,0.03911242634057999
0.036920882761478424,-0.0013617202639579773,0.0015056394040584564,0.03911242634057999
0.036920882761478424,-0.0013617202639579773,0.0015056394040584564,0.03911242634057999
0.036920882761478424,-0.0013617202639579773,0.0015056394040584564,0.03911242634057999
0.036920882761478424,-0.0013617202639579773,0.0015056394040584564,0.03911242634057999
0.036920882761478424,-0.0013617202639579773,0.0015056394040584564,0.03911242634057999
0.036920882761478424,-0.0013617202639579773,0.0015056394040584564,0.03911242634057999
0.036920882761478424,-0.0013617202639579773,0.0015056394040584564,0.03911242634057999
0.037026725709438324,-0.001382298767566681,0.0017181523144245148,0.03936057537794113
0.03708050400018692,-0.001145392656326294,0.0020602233707904816,0.03772836923599243
0.03710351884365082,-0.0013768449425697327,0.0020287595689296722,0.03744754195213318
0.03732623904943466,-0.0014596357941627502,0.002380337566137314,0.03648532181978226
0.037339553236961365,-0.0017396137118339539,0.0023831091821193695,0.036344848573207855
0.03712622821331024,-0.0022008121013641357,0.00211261585354805,0.03709340840578079
0.03709673136472702,-0.002331934869289398,0.0020534582436084747,0.037305980920791626
0.03709402680397034,-0.0023325085639953613,0.002049636095762253,0.03732462227344513
0.03709767013788223,-0.0023232176899909973,0.0020570121705532074,0.037315383553504944
0.037097714841365814,-0.002326361835002899,0.0020574666559696198,0.037314675748348236
0.0365954264998436,-0.003608420491218567,0.0018547214567661285,0.03820452839136124
0.03644176572561264,-0.004077412188053131,0.001739751547574997,0.03835616260766983
0.03642413765192032,-0.004131443798542023,0.0017311163246631622,0.0383642315864563
0.03642231971025467,-0.004141107201576233,0.001730542629957199,0.03836499899625778
0.03654159605503082,-0.004035286605358124,0.0018353499472141266,0.03861105442047119
0.03691744804382324,-0.002919599413871765,0.002093832939863205,0.037956833839416504
0.0370323583483696,-0.0026770606637001038,0.0021337829530239105,0.03784357011318207
0.037201426923274994,-0.002521306276321411,0.0024855993688106537,0.03728204965591431
0.03723517805337906,-0.0024728402495384216,0.002568211406469345,0.03724661469459534
0.03700108826160431,-0.0021742135286331177,0.002179909497499466,0.03798069804906845
0.03697940707206726,-0.0018990710377693176,0.002158571034669876,0.03799884766340256
0.03673075884580612,-0.002381838858127594,0.001914050430059433,0.038890138268470764
0.03680571913719177,-0.002055428922176361,0.0015554539859294891,0.039325863122940063
0.03683825582265854,-0.001657329499721527,0.0016163773834705353,0.03933683782815933
0.03695013374090195,-0.0015735775232315063,0.0015168674290180206,0.039386436343193054
0.03696189075708389,-0.0015359073877334595,0.0015167929232120514,0.03933817893266678
0.03694266825914383,-0.0015636533498764038,0.0015461556613445282,0.039407722651958466
0.03695650398731232,-0.001538686454296112,0.0015639401972293854,0.03938104957342148
0.036960065364837646,-0.0015345588326454163,0.0015669949352741241,0.03936938941478729
0.036928318440914154,-0.0015482380986213684,0.0015152506530284882,0.03933056443929672
0.03692341595888138,-0.0015477240085601807,0.0015015341341495514,0.03931618481874466
0.0369056761264801,-0.0016072019934654236,0.0013874731957912445,0.039302438497543335
0.036840274930000305,-0.001667894423007965,0.0012741126120090485,0.03926362842321396
0.03682836890220642,-0.0016566962003707886,0.0012554004788398743,0.03925113379955292
0.0368313193321228,-0.0016390010714530945,0.0013004690408706665,0.039316944777965546
0.036829911172389984,-0.001625359058380127,0.0013165734708309174,0.03933385759592056
0.03688623011112213,-0.0016113445162773132,0.001568961888551712,0.039730437099933624
0.03688162565231323,-0.0016098767518997192,0.0016340576112270355,0.03982684761285782
0.036835916340351105,-0.0016316473484039307,0.001533057540655136,0.03978203237056732
0.036828286945819855,-0.0017408877611160278,0.0016215182840824127,0.040065616369247437
0.036815300583839417,-0.001797892153263092,0.001628238707780838,0.04013145714998245
0.03680258244276047,-0.0017403662204742432,0.0014154799282550812,0.0399320125579834
0.03680950403213501,-0.0017581582069396973,0.0013574771583080292,0.03986230492591858
0.036821357905864716,-0.0016836300492286682,0.0012009888887405396,0.03965532034635544
0.03683096915483475,-0.0016444474458694458,0.0012393109500408173,0.03956930339336395
0.036832861602306366,-0.0016106292605400085,0.0012630783021450043,0.03957628458738327
0.03685019910335541,-0.0015879049897193909,0.0012730062007904053,0.039562419056892395
0.03683566302061081,-0.0017237290740013123,0.001411978155374527,0.03991299867630005
0.0368187353014946,-0.0017780140042304993,0.0014351867139339447,0.04000992327928543
0.036750711500644684,-0.0018305331468582153,0.0010476559400558472,0.04005744308233261
0.03674764186143875,-0.0018778294324874878,0.0009500235319137573,0.04002564400434494
0.03694414347410202,-0.0017105340957641602,0.0011324509978294373,0.04008745402097702
0.036848656833171844,-0.001648053526878357,0.001193065196275711,0.040043167769908905
0.03682154417037964,-0.0016511604189872742,0.0011886656284332275,0.04005993902683258
0.03669138252735138,-0.0015625059604644775,0.0010604076087474823,0.040437497198581696
0.03666248917579651,-0.0015626922249794006,0.0010316185653209686,0.04050138592720032
0.03629753738641739,-0.0013557150959968567,0.0008225105702877045,0.04180045425891876
0.03620990365743637,-0.001416221261024475,0.0007871650159358978,0.04195748269557953
0.03570912033319473,-0.0010828450322151184,0.0014366470277309418,0.04045838862657547
0.03572789579629898,-0.0012835264205932617,0.0015701539814472198,0.040192462503910065
0.03574223816394806,-0.001268051564693451,0.0016118548810482025,0.040174566209316254
0.035744018852710724,-0.0012674182653427124,0.0016149692237377167,0.040173307061195374
0.03574422746896744,-0.0012676864862442017,0.0016150660812854767,0.04017297923564911
0.03574506938457489,-0.0012670010328292847,0.0016168318688869476,0.04017152637243271
0.035745009779930115,-0.001266978681087494,0.0016171894967556,0.04017208516597748
0.035744808614254,-0.0012673884630203247,0.0016172192990779877,0.04017217457294464
0.03574405610561371,-0.001267857849597931,0.0016159377992153168,0.04017454385757446
0.035743892192840576,-0.0012673810124397278,0.0016157515347003937,0.040174901485443115
0.035744160413742065,-0.0012698397040367126,0.0016162879765033722,0.040171027183532715
0.03602374345064163,-0.0010821148753166199,0.001228388398885727,0.04128990322351456
0.036056675016880035,-0.0010538846254348755,0.0011152885854244232,0.041482843458652496
0.03665607422590256,-0.0017860159277915955,-1.4703720808029175e-05,0.04044221341609955
0.03683216869831085,-0.0018455013632774353,-0.00023827329277992249,0.04014888405799866
0.03690662235021591,-0.001852773129940033,0.00032963231205940247,0.03996800631284714
0.03693235665559769,-0.0016559511423110962,0.0014334507286548615,0.03956922888755798
0.0369051992893219,-0.00154876708984375,0.0016931258141994476,0.039514727890491486
0.03692422807216644,-0.001551106572151184,0.0015654079616069794,0.03926848620176315
0.03694295138120651,-0.0015424787998199463,0.0015442706644535065,0.03923655301332474
0.0369456484913826,-0.0015368014574050903,0.0015426389873027802,0.03923828899860382
0.03694504499435425,-0.0015357360243797302,0.0015307627618312836,0.03921765834093094
0.03694538772106171,-0.0015382841229438782,0.0015271790325641632,0.03921245038509369
0.03694546967744827,-0.0015387609601020813,0.0015269704163074493,0.03921196609735489
0.03694546967744827,-0.0015388280153274536,0.0015269555151462555,0.03921192139387131
0.03694546967744827,-0.0015388503670692444,0.0015269555151462555,0.03921192139387131
0.03694546967744827,-0.0015388652682304382,0.0015269555151462555,0.03921192139387131
0.03694567829370499,-0.0015399828553199768,0.0015331320464611053,0.03923238068819046
0.036946095526218414,-0.0015358254313468933,0.0015410073101520538,0.03923787921667099
0.03694606572389603,-0.001534968614578247,0.0015424303710460663,0.03923895210027695
0.036946021020412445,-0.0015348047018051147,0.0015425793826580048,0.0392390713095665
0.036946021020412445,-0.0015347972512245178,0.0015425793826580048,0.039239101111888885
0.036946021020412445,-0.0015347972512245178,0.0015425793826580048,0.039239101111888885
0.036946021020412445,-0.0015347972512245178,0.0015425793826580048,0.039239101111888885
0.036946021020412445,-0.0015347972512245178,0.0015425793826580048,0.039239101111888885
0.036946021020412445,-0.0015347972512245178,0.0015425793826580048,0.039239101111888885
0.036946021020412445,-0.0015347972512245178,0.0015425793826580048,0.039239101111888885
0.036946021020412445,-0.0015347972512245178,0.0015425793826580048,0.039239101111888885
0.036946021020412445,-0.0015347972512245178,0.0015425793826580048,0.039239101111888885
0.036946021020412445,-0.0015347972512245178,0.0015425793826580048,0.039239101111888885
0.036946021020412445,-0.0015347972512245178,0.0015425793826580048,0.039239101111888885
0.036946021020412445,-0.0015347972512245178,0.0015425793826580048,0.039239101111888885
0.036946021020412445,-0.0015347972512245178,0.0015425793826580048,0.039239101111888885
0.036946021020412445,-0.0015347972512245178,0.0015425793826580048,0.039239101111888885
0.036946021020412445,-0.0015347972512245178,0.0015425793826580048,0.039239101111888885
0.036946021020412445,-0.0015347972512245178,0.0015425793826580048,0.039239101111888885
0.036946021020412445,-0.0015347972512245178,0.0015425793826580048,0.039239101111888885
0.036946021020412445,-0.0015347972512245178,0.0015425793826580048,0.039239101111888885
0.036946021020412445,-0.0015347972512245178,0.0015425793826580048,0.039239101111888885
0.036946021020412445,-0.0015347972512245178,0.0015425793826580048,0.039239101111888885
0.036946021020412445,-0.0015347972512245178,0.0015425793826580048,0.039239101111888885
0.036946021020412445,-0.0015347972512245178,0.0015425793826580048,0.039239101111888885
0.036946021020412445,-0.0015347972512245178,0.0015425793826580048,0.039239101111888885
0.036946021020412445,-0.0015347972512245178,0.0015425793826580048,0.039239101111888885
0.036946021020412445,-0.0015347972512245178,0.0015425793826580048,0.039239101111888885
0.036946021020412445,-0.0015347972512245178,0.0015425793826580048,0.039239101111888885
0.036946021020412445,-0.0015347972512245178,0.0015425793826580048,0.039239101111888885
0.036946021020412445,-0.0015347972512245178,0.0015425793826580048,0.039239101111888885
0.036946021020412445,-0.0015347972512245178,0.0015425793826580048,0.039239101111888885
0.036946021020412445,-0.0015347972512245178,0.0015425793826580048,0.039239101111888885
0.036946021020412445,-0.0015347972512245178,0.0015425793826580048,0.039239101111888885
0.036946021020412445,-0.0015347972512245178,0.0015425793826580048,0.039239101111888885
0.036946021020412445,-0.0015347972512245178,0.0015425793826580048,0.039239101111888885
0.036946021020412445,-0.0015347972512245178,0.0015425793826580048,0.039239101111888885
0.036946021020412445,-0.0015347972512245178,0.0015425793826580048,0.039239101111888885
0.036946021020412445,-0.0015347972512245178,0.0015425793826580048,0.039239101111888885
0.036946021020412445,-0.0015347972512245178,0.0015425793826580048,0.039239101111888885
0.036946021020412445,-0.0015347972512245178,0.0015425793826580048,0.039239101111888885
0.036946021020412445,-0.0015347972512245178,0.0015425793826580048,0.039239101111888885
0.036946021020412445,-0.0015347972512245178,0.0015425793826580048,0.039239101111888885
0.036946021020412445,-0.0015347972512245178,0.0015425793826580048,0.039239101111888885
0.036946021020412445,-0.0015347972512245178,0.0015425793826580048,0.039239101111888885
0.036946021020412445,-0.0015347972512245178,0.0015425793826580048,0.039239101111888885
0.036946021020412445,-0.0015347972512245178,0.0015425793826580048,0.039239101111888885
0.036946021020412445,-0.0015347972512245178,0.0015425793826580048,0.039239101111888885
0.036946021020412445,-0.0015347972512245178,0.0015425793826580048,0.039239101111888885
0.036946021020412445,-0.0015347972512245178,0.0015425793826580048,0.039239101111888885
0.036946021020412445,-0.0015347972512245178,0.0015425793826580048,0.039239101111888885
0.036946021020412445,-0.0015347972512245178,0.0015425793826580048,0.039239101111888885
0.036946021020412445,-0.0015347972512245178,0.0015425793826580048,0.039239101111888885
0.036946021020412445,-0.0015347972512245178,0.0015425793826580048,0.039239101111888885
0.036946021020412445,-0.0015347972512245178,0.0015425793826580048,0.039239101111888885
0.036946021020412445,-0.0015347972512245178,0.0015425793826580048,0.039239101111888885
0.036946021020412445,-0.0015347972512245178,0.0015425793826580048,0.039239101111888885
0.036946021020412445,-0.0015347972512245178,0.0015425793826580048,0.039239101111888885
0.036946021020412445,-0.0015347972512245178,0.0015425793826580048,0.039239101111888885
0.036946021020412445,-0.0015347972512245178,0.0015425793826580048,0.039239101111888885
0.036946021020412445,-0.0015347972512245178,0.0015425793826580048,0.039239101111888885
0.036946021020412445,-0.0015347972512245178,0.0015425793826580048,0.039239101111888885
0.036946021020412445,-0.0015347972512245178,0.0015425793826580048,0.039239101111888885
0.036946021020412445,-0.0015347972512245178,0.0015425793826580048,0.039239101111888885
0.036946021020412445,-0.0015347972512245178,0.0015425793826580048,0.039239101111888885
0.036946021020412445,-0.0015347972512245178,0.0015425793826580048,0.039239101111888885
0.036946021020412445,-0.0015347972512245178,0.0015425793826580048,0.039239101111888885
0.036946021020412445,-0.0015347972512245178,0.0015425793826580048,0.039239101111888885
0.036946021020412445,-0.0015347972512245178,0.0015425793826580048,0.039239101111888885
0.036946021020412445,-0.0015347972512245178,0.0015425793826580048,0.039239101111888885
0.036946021020412445,-0.0015347972512245178,0.0015425793826580048,0.039239101111888885
0.036946021020412445,-0.0015347972512245178,0.0015425793826580048,0.039239101111888885
0.036946021020412445,-0.0015347972512245178,0.0015425793826580048,0.039239101111888885
0.036946021020412445,-0.0015347972512245178,0.0015425793826580048,0.039239101111888885
0.036946021020412445,-0.0015347972512245178,0.0015425793826580048,0.039239101111888885
0.036946021020412445,-0.0015347972512245178,0.0015425793826580048,0.039239101111888885
0.036946021020412445,-0.0015347972512245178,0.0015425793826580048,0.039239101111888885
0.036946021020412445,-0.0015347972512245178,0.0015425793826580048,0.039239101111888885
0.036946021020412445,-0.0015347972512245178,0.0015425793826580048,0.039239101111888885
0.036946021020412445,-0.0015347972512245178,0.0015425793826580048,0.039239101111888885
0.036946021020412445,-0.0015347972512245178,0.0015425793826580048,0.039239101111888885
0.036946021020412445,-0.0015347972512245178,0.0015425793826580048,0.039239101111888885
0.036946021020412445,-0.0015347972512245178,0.0015425793826580048,0.039239101111888885
0.036946021020412445,-0.0015347972512245178,0.0015425793826580048,0.039239101111888885
0.036946021020412445,-0.0015347972512245178,0.0015425793826580048,0.039239101111888885
0.036946021020412445,-0.0015347972512245178,0.0015425793826580048,0.039239101111888885
0.036946021020412445,-0.0015347972512245178,0.0015425793826580048,0.039239101111888885
0.036946021020412445,-0.0015347972512245178,0.0015425793826580048,0.039239101111888885
0.036946021020412445,-0.0015347972512245178,0.0015425793826580048,0.039239101111888885
0.036946021020412445,-0.0015347972512245178,0.0015425793826580048,0.039239101111888885
0.036946021020412445,-0.0015347972512245178,0.0015425793826580048,0.039239101111888885
0.036946021020412445,-0.0015347972512245178,0.0015425793826580048,0.039239101111888885
0.036946021020412445,-0.0015347972512245178,0.0015425793826580048,0.039239101111888885
0.036946021020412445,-0.0015347972512245178,0.0015425793826580048,0.039239101111888885
0.036946021020412445,-0.0015347972512245178,0.0015425793826580048,0.039239101111888885
0.036946021020412445,-0.0015347972512245178,0.0015425793826580048,0.039239101111888885
0.036946021020412445,-0.0015347972512245178,0.0015425793826580048,0.039239101111888885
0.036946021020412445,-0.0015347972512245178,0.0015425793826580048,0.039239101111888885
0.036946021020412445,-0.0015347972512245178,0.0015425793826580048,0.039239101111888885
0.036946021020412445,-0.0015347972512245178,0.0015425793826580048,0.039239101111888885
0.036946021020412445,-0.0015347972512245178,0.0015425793826580048,0.039239101111888885
0.036946021020412445,-0.0015347972512245178,0.0015425793826580048,0.039239101111888885
0.036946021020412445,-0.0015347972512245178,0.0015425793826580048,0.039239101111888885
0.036946021020412445,-0.0015347972512245178,0.0015425793826580048,0.039239101111888885
0.036946021020412445,-0.0015347972512245178,0.0015425793826580048,0.039239101111888885
0.036946021020412445,-0.0015347972512245178,0.0015425793826580048,0.039239101111888885
0.036946021020412445,-0.0015347972512245178,0.0015425793826580048,0.039239101111888885
0.036946021020412445,-0.0015347972512245178,0.0015425793826580048,0.039239101111888885
0.036946021020412445,-0.0015347972512245178,0.0015425793826580048,0.039239101111888885
0.036946021020412445,-0.0015347972512245178,0.0015425793826580048,0.039239101111888885
0.03692574054002762,-0.0015518367290496826,0.0015196539461612701,0.03930879384279251
0.03692282736301422,-0.0015505030751228333,0.001514192670583725,0.039327412843704224
0.03692249208688736,-0.0015502572059631348,0.001513894647359848,0.03932894021272659
0.03692244738340378,-0.0015502497553825378,0.0015138797461986542,0.03932904452085495
0.036922432482242584,-0.0015502572059631348,0.0015138499438762665,0.03932904452085495
0.03692244738340378,-0.0015502497553825378,0.0015138499438762665,0.03932904452085495
0.036922432482242584,-0.0015502572059631348,0.0015138499438762665,0.03932904452085495
0.03692244738340378,-0.0015502497553825378,0.0015138499438762665,0.03932904452085495
0.036922432482242584,-0.0015502572059631348,0.0015138499438762665,0.03932904452085495
0.03692244738340378,-0.0015502497553825378,0.0015138499438762665,0.03932904452085495
0.036922432482242584,-0.0015502572059631348,0.0015138499438762665,0.03932904452085495
0.03692244738340378,-0.0015502497553825378,0.0015138499438762665,0.03932904452085495
0.036922432482242584,-0.0015502572059631348,0.0015138499438762665,0.03932904452085495
0.03692244738340378,-0.0015502497553825378,0.0015138499438762665,0.03932904452085495
0.036922432482242584,-0.0015502572059631348,0.0015138499438762665,0.03932904452085495
0.036926865577697754,-0.0015456154942512512,0.0015347190201282501,0.039289578795433044
0.03692792356014252,-0.0015572533011436462,0.0015358887612819672,0.03928551822900772
0.03692808002233505,-0.0015590637922286987,0.0015358291566371918,0.039285361766815186
0.036928094923496246,-0.0015593543648719788,0.0015358291566371918,0.039285384118556976
0.036928094923496246,-0.001559421420097351,0.0015358589589595795,0.039285384118556976
0.036928094923496246,-0.001559421420097351,0.0015358589589595795,0.039285384118556976
0.03690873831510544,-0.0016384497284889221,0.0013920851051807404,0.039385534822940826
0.03690660744905472,-0.0016399472951889038,0.0013587959110736847,0.03939351439476013
0.036906540393829346,-0.0016400143504142761,0.0013567470014095306,0.039393216371536255
0.03690655529499054,-0.0016401782631874084,0.001356605440378189,0.03939312696456909
0.03690655529499054,-0.001640230417251587,0.0013565905392169952,0.03939308971166611
0.03690655529499054,-0.001640230417251587,0.0013565905392169952,0.03939308971166611
0.03690655529499054,-0.001640230417251587,0.0013565905392169952,0.03939308971166611
0.03690655529499054,-0.001640230417251587,0.0013565905392169952,0.03939308971166611
0.03690655529499054,-0.001640230417251587,0.0013565905392169952,0.03939308971166611
0.03690655529499054,-0.001640230417251587,0.0013565905392169952,0.03939308971166611
0.03690655529499054,-0.001640230417251587,0.0013565905392169952,0.03939308971166611
0.03690655529499054,-0.001640230417251587,0.0013565905392169952,0.03939308971166611
0.03690655529499054,-0.001640230417251587,0.0013565905392169952,0.03939308971166611
0.03690655529499054,-0.001640230417251587,0.0013565905392169952,0.03939308971166611
0.03690655529499054,-0.001640230417251587,0.0013565905392169952,0.03939308971166611
0.03690655529499054,-0.001640230417251587,0.0013565905392169952,0.03939308971166611
0.03690655529499054,-0.001640230417251587,0.0013565905392169952,0.03939308971166611
0.03690655529499054,-0.001640230417251587,0.0013565905392169952,0.03939308971166611
0.03690655529499054,-0.001640230417251587,0.0013565905392169952,0.03939308971166611
0.036905691027641296,-0.0016488134860992432,0.0013464726507663727,0.03941674530506134
0.03690536320209503,-0.0016454234719276428,0.001345612108707428,0.03942064940929413
0.036905303597450256,-0.0016449391841888428,0.001345563679933548,0.039420925080776215
0.036905303597450256,-0.0016449019312858582,0.0013455785810947418,0.039420925080776215
0.036905303597450256,-0.0016448870301246643,0.001345563679933548,0.039420925080776215
0.036905303597450256,-0.0016448721289634705,0.001345563679933548,0.039420925080776215
0.036905303597450256,-0.0016448721289634705,0.001345563679933548,0.039420925080776215
0.036905303597450256,-0.0016448721289634705,0.001345563679933548,0.039420925080776215
0.036912985146045685,-0.0015832111239433289,0.0014244429767131805,0.039236195385456085
0.03691631555557251,-0.0016099363565444946,0.0014298520982265472,0.039209477603435516
0.03691691905260086,-0.0016144290566444397,0.0014296360313892365,0.039207905530929565
0.03691699355840683,-0.001615084707736969,0.001429673284292221,0.03920793533325195
0.03691699355840683,-0.0016151666641235352,0.001429673284292221,0.03920796513557434
0.03691699355840683,-0.0016151964664459229,0.001429673284292221,0.03920796513557434
0.03691699355840683,-0.0016151964664459229,0.001429673284292221,0.03920796513557434
0.03691699355840683,-0.0016151964664459229,0.001429673284292221,0.03920796513557434
0.03691699355840683,-0.0016151964664459229,0.001429673284292221,0.03920796513557434
0.03691699355840683,-0.0016151964664459229,0.001429673284292221,0.03920796513557434
0.03691699355840683,-0.0016151964664459229,0.001429673284292221,0.03920796513557434
0.03691699355840683,-0.0016151964664459229,0.001429673284292221,0.03920796513557434
0.03691699355840683,-0.0016151964664459229,0.001429673284292221,0.03920796513557434
0.03691699355840683,-0.0016151964664459229,0.001429673284292221,0.03920796513557434
0.03691699355840683,-0.0016151964664459229,0.001429673284292221,0.03920796513557434
0.03691699355840683,-0.0016151964664459229,0.001429673284292221,0.03920796513557434
0.03691699355840683,-0.0016151964664459229,0.001429673284292221,0.03920796513557434
0.03691699355840683,-0.0016151964664459229,0.001429673284292221,0.03920796513557434
0.03691699355840683,-0.0016151964664459229,0.001429673284292221,0.03920796513557434
0.03691699355840683,-0.0016151964664459229,0.001429673284292221,0.03920796513557434
0.03691699355840683,-0.0016151964664459229,0.001429673284292221,0.03920796513557434
0.03691699355840683,-0.0016151964664459229,0.001429673284292221,0.03920796513557434
0.03691699355840683,-0.0016151964664459229,0.001429673284292221,0.03920796513557434
0.03691307455301285,-0.0016267672181129456,0.0014221630990505219,0.03926057368516922
0.0369119718670845,-0.001613229513168335,0.0014250539243221283,0.03927244246006012
0.036911748349666595,-0.0016113445162773132,0.0014254935085773468,0.03927338868379593
0.03691171854734421,-0.0016111135482788086,0.0014255084097385406,0.03927338868379593
0.03691171109676361,-0.001611076295375824,0.0014255084097385406,0.03927336633205414
0.03691168874502182,-0.001611068844795227,0.0014255084097385406,0.03927338868379593
0.03691168874502182,-0.0016110539436340332,0.0014255084097385406,0.03927338868379593
0.03691168874502182,-0.0016110539436340332,0.0014255084097385406,0.03927338868379593
0.03691168874502182,-0.0016110539436340332,0.0014255084097385406,0.03927338868379593
0.03691168874502182,-0.0016110539436340332,0.0014255084097385406,0.03927338868379593
0.03691168874502182,-0.0016110539436340332,0.0014255084097385406,0.03927338868379593
0.03691168874502182,-0.0016110539436340332,0.0014255084097385406,0.03927338868379593
0.036919429898262024,-0.0015775635838508606,0.0014399327337741852,0.039334893226623535
0.036920271813869476,-0.0015302374958992004,0.0014569945633411407,0.039343759417533875
0.036920055747032166,-0.001524209976196289,0.0014587529003620148,0.03934433311223984
0.03692002594470978,-0.0015232861042022705,0.0014588423073291779,0.039344243705272675
0.03692002594470978,-0.0015231072902679443,0.001458827406167984,0.03934420645236969
0.03692002594470978,-0.0015230625867843628,0.001458827406167984,0.03934420645236969
0.03692002594470978,-0.001523047685623169,0.001458827406167984,0.03934420645236969
0.03692002594470978,-0.001523047685623169,0.001458827406167984,0.03934420645236969
0.03692002594470978,-0.001523047685623169,0.001458827406167984,0.03934420645236969
0.03692002594470978,-0.001523047685623169,0.001458827406167984,0.03934420645236969
0.03692002594470978,-0.001523047685623169,0.001458827406167984,0.03934420645236969
0.03692002594470978,-0.001523047685623169,0.001458827406167984,0.03934420645236969
0.03692002594470978,-0.001523047685623169,0.001458827406167984,0.03934420645236969
0.03692002594470978,-0.001523047685623169,0.001458827406167984,0.03934420645236969
0.03692002594470978,-0.001523047685623169,0.001458827406167984,0.03934420645236969
0.03692002594470978,-0.001523047685623169,0.001458827406167984,0.03934420645236969
0.03692002594470978,-0.001523047685623169,0.001458827406167984,0.03934420645236969
0.03692002594470978,-0.001523047685623169,0.001458827406167984,0.03934420645236969
0.03692002594470978,-0.001523047685623169,0.001458827406167984,0.03934420645236969
0.03692002594470978,-0.001523047685623169,0.001458827406167984,0.03934420645236969
0.03692002594470978,-0.001523047685623169,0.001458827406167984,0.03934420645236969
0.03692002594470978,-0.001523047685623169,0.001458827406167984,0.03934420645236969
0.03692002594470978,-0.001523047685623169,0.001458827406167984,0.03934420645236969
0.03692002594470978,-0.001523047685623169,0.001458827406167984,0.03934420645236969
0.03692002594470978,-0.001523047685623169,0.001458827406167984,0.03934420645236969
0.03692002594470978,-0.001523047685623169,0.001458827406167984,0.03934420645236969
0.03692002594470978,-0.001523047685623169,0.001458827406167984,0.03934420645236969
0.03692002594470978,-0.001523047685623169,0.001458827406167984,0.03934420645236969
0.03692002594470978,-0.001523047685623169,0.001458827406167984,0.03934420645236969
0.03692002594470978,-0.001523047685623169,0.001458827406167984,0.03934420645236969
0.03692002594470978,-0.001523047685623169,0.001458827406167984,0.03934420645236969
0.03692002594470978,-0.001523047685623169,0.001458827406167984,0.03934420645236969
0.03692002594470978,-0.001523047685623169,0.001458827406167984,0.03934420645236969
0.03694434463977814,-0.0015087798237800598,0.001457761973142624,0.039357975125312805
0.03694942593574524,-0.0014891326427459717,0.001461949199438095,0.03935682028532028
0.03694993257522583,-0.0014874637126922607,0.0014623366296291351,0.039356619119644165
0.036949947476387024,-0.001487337052822113,0.0014623813331127167,0.039356522262096405
0.036949947476387024,-0.0014873221516609192,0.0014623887836933136,0.03935650736093521
0.036949947476387024,-0.0014873221516609192,0.0014623887836933136,0.03935650736093521
0.036949947476387024,-0.0014873221516609192,0.0014623887836933136,0.03935650736093521
0.036949947476387024,-0.0014873221516609192,0.0014623887836933136,0.03935650736093521
0.036949947476387024,-0.0014873221516609192,0.0014623887836933136,0.03935650736093521
0.036949947476387024,-0.0014873221516609192,0.0014623887836933136,0.03935650736093521
0.036949947476387024,-0.0014873221516609192,0.0014623887836933136,0.03935650736093521
0.036949947476387024,-0.0014873221516609192,0.0014623887836933136,0.03935650736093521
0.036949947476387024,-0.0014873221516609192,0.0014623887836933136,0.03935650736093521
0.036949947476387024,-0.0014873221516609192,0.0014623887836933136,0.03935650736093521
0.036949947476387024,-0.0014873221516609192,0.0014623887836933136,0.03935650736093521
0.036949947476387024,-0.0014873221516609192,0.0014623887836933136,0.03935650736093521
0.036949947476387024,-0.0014873221516609192,0.0014623887836933136,0.03935650736093521
0.03696030378341675,-0.0014301314949989319,0.001473989337682724,0.03925207257270813
0.03696351498365402,-0.001426398754119873,0.001474764198064804,0.03922417014837265
0.0369640588760376,-0.0014262869954109192,0.0014745481312274933,0.039221830666065216
0.036964111030101776,-0.0014261752367019653,0.0014746002852916718,0.03922165930271149
0.036964111030101776,-0.0014261454343795776,0.0014746002852916718,0.03922165930271149
0.036964111030101776,-0.0014261454343795776,0.0014746002852916718,0.03922165930271149
0.036964111030101776,-0.0014261454343795776,0.0014746002852916718,0.03922165930271149
0.036964111030101776,-0.0014261454343795776,0.0014746002852916718,0.03922165930271149
0.036964111030101776,-0.0014261454343795776,0.0014746002852916718,0.03922165930271149
0.036964111030101776,-0.0014261454343795776,0.0014746002852916718,0.03922165930271149
0.036964111030101776,-0.0014261454343795776,0.0014746002852916718,0.03922165930271149
0.036964111030101776,-0.0014261454343795776,0.0014746002852916718,0.03922165930271149
0.036964111030101776,-0.0014261454343795776,0.0014746002852916718,0.03922165930271149
0.036964111030101776,-0.0014261454343795776,0.0014746002852916718,0.03922165930271149
0.036964111030101776,-0.0014261454343795776,0.0014746002852916718,0.03922165930271149
0.036964111030101776,-0.0014261454343795776,0.0014746002852916718,0.03922165930271149
0.036964111030101776,-0.0014261454343795776,0.0014746002852916718,0.03922165930271149
0.036964111030101776,-0.0014261454343795776,0.0014746002852916718,0.03922165930271149
0.036964111030101776,-0.0014261454343795776,0.0014746002852916718,0.03922165930271149
0.036964111030101776,-0.0014261454343795776,0.0014746002852916718,0.03922165930271149
0.036964111030101776,-0.0014261454343795776,0.0014746002852916718,0.03922165930271149
0.036964111030101776,-0.0014261454343795776,0.0014746002852916718,0.03922165930271149
0.036964111030101776,-0.0014261454343795776,0.0014746002852916718,0.03922165930271149
0.036964111030101776,-0.0014261454343795776,0.0014746002852916718,0.03922165930271149
0.036964111030101776,-0.0014261454343795776,0.0014746002852916718,0.03922165930271149
0.036964111030101776,-0.0014261454343795776,0.0014746002852916718,0.03922165930271149
0.036964111030101776,-0.0014261454343795776,0.0014746002852916718,0.03922165930271149
0.036964111030101776,-0.0014261454343795776,0.0014746002852916718,0.03922165930271149
0.036964111030101776,-0.0014261454343795776,0.0014746002852916718,0.03922165930271149
0.036964111030101776,-0.0014261454343795776,0.0014746002852916718,0.03922165930271149
0.036964111030101776,-0.0014261454343795776,0.0014746002852916718,0.03922165930271149
0.036964111030101776,-0.0014261454343795776,0.0014746002852916718,0.03922165930271149
0.036964111030101776,-0.0014261454343795776,0.0014746002852916718,0.03922165930271149
0.036964111030101776,-0.0014261454343795776,0.0014746002852916718,0.03922165930271149
0.036964111030101776,-0.0014261454343795776,0.0014746002852916718,0.03922165930271149
0.036964111030101776,-0.0014261454343795776,0.0014746002852916718,0.03922165930271149
0.036964111030101776,-0.0014261454343795776,0.0014746002852916718,0.03922165930271149
0.036964111030101776,-0.0014261454343795776,0.0014746002852916718,0.03922165930271149
0.036964111030101776,-0.0014261454343795776,0.0014746002852916718,0.03922165930271149
0.036964111030101776,-0.0014261454343795776,0.0014746002852916718,0.03922165930271149
0.036964111030101776,-0.0014261454343795776,0.0014746002852916718,0.03922165930271149
0.036964111030101776,-0.0014261454343795776,0.0014746002852916718,0.03922165930271149
0.036964111030101776,-0.0014261454343795776,0.0014746002852916718,0.03922165930271149
0.036964111030101776,-0.0014261454343795776,0.0014746002852916718,0.03922165930271149
0.036964111030101776,-0.0014261454343795776,0.0014746002852916718,0.03922165930271149
0.036964111030101776,-0.0014261454343795776,0.0014746002852916718,0.03922165930271149
0.036964111030101776,-0.0014261454343795776,0.0014746002852916718,0.03922165930271149
0.03692848980426788,-0.0014346390962600708,0.0015278123319149017,0.03922773897647858
0.036921873688697815,-0.001432366669178009,0.0015364401042461395,0.03924477845430374
0.03692103177309036,-0.0014314502477645874,0.0015370510518550873,0.03924667835235596
0.0369209349155426,-0.0014312565326690674,0.001537088304758072,0.03924686461687088
0.0369209349155426,-0.0014312416315078735,0.001537088304758072,0.03924686461687088
0.0369209349155426,-0.0014312192797660828,0.001537088304758072,0.03924686461687088
0.0369209349155426,-0.0014312192797660828,0.001537088304758072,0.03924686461687088
0.0369209349155426,-0.0014312192797660828,0.001537088304758072,0.03924686461687088
0.0369209349155426,-0.0014312192797660828,0.001537088304758072,0.03924686461687088
0.0369209349155426,-0.0014312192797660828,0.001537088304758072,0.03924686461687088
0.0369209349155426,-0.0014312192797660828,0.001537088304758072,0.03924686461687088
0.0369209349155426,-0.0014312192797660828,0.001537088304758072,0.03924686461687088
0.0369209349155426,-0.0014312192797660828,0.001537088304758072,0.03924686461687088
0.0369209349155426,-0.0014312192797660828,0.001537088304758072,0.03924686461687088
0.0369209349155426,-0.0014312192797660828,0.001537088304758072,0.03924686461687088
0.0369209349155426,-0.0014312192797660828,0.001537088304758072,0.03924686461687088
0.0369209349155426,-0.0014312192797660828,0.001537088304758072,0.03924686461687088
0.0369209349155426,-0.0014312192797660828,0.001537088304758072,0.03924686461687088
0.0369209349155426,-0.0014312192797660828,0.001537088304758072,0.03924686461687088
0.0369209349155426,-0.0014312192797660828,0.001537088304758072,0.03924686461687088
0.0369209349155426,-0.0014312192797660828,0.001537088304758072,0.03924686461687088
0.0369209349155426,-0.0014312192797660828,0.001537088304758072,0.03924686461687088
0.0369209349155426,-0.0014312192797660828,0.001537088304758072,0.03924686461687088
0.0369209349155426,-0.0014312192797660828,0.001537088304758072,0.03924686461687088
0.0369209349155426,-0.0014312192797660828,0.001537088304758072,0.03924686461687088
0.0369209349155426,-0.0014312192797660828,0.001537088304758072,0.03924686461687088
0.0369209349155426,-0.0014312192797660828,0.001537088304758072,0.03924686461687088
0.0369209349155426,-0.0014312192797660828,0.001537088304758072,0.03924686461687088
0.03692011535167694,-0.0014233216643333435,0.0015348680317401886,0.039231181144714355
0.036920830607414246,-0.0014162808656692505,0.0015348680317401886,0.03922802209854126
0.03692089766263962,-0.0014155730605125427,0.0015348829329013824,0.039227768778800964
0.03692091256380081,-0.001415438950061798,0.0015348680317401886,0.03922770172357559
0.03692091256380081,-0.0014154091477394104,0.0015348680317401886,0.03922770172357559
0.03692091256380081,-0.0014154091477394104,0.0015348680317401886,0.03922770172357559
0.03692091256380081,-0.0014154091477394104,0.0015348680317401886,0.03922770172357559
0.03692091256380081,-0.0014154091477394104,0.0015348680317401886,0.03922770172357559
0.03692091256380081,-0.0014154091477394104,0.0015348680317401886,0.03922770172357559
0.03692091256380081,-0.0014154091477394104,0.0015348680317401886,0.03922770172357559
0.03692091256380081,-0.0014154091477394104,0.0015348680317401886,0.03922770172357559
0.03692091256380081,-0.0014154091477394104,0.0015348680317401886,0.03922770172357559
0.03692091256380081,-0.0014154091477394104,0.0015348680317401886,0.03922770172357559
0.03692091256380081,-0.0014154091477394104,0.0015348680317401886,0.03922770172357559
0.03692091256380081,-0.0014154091477394104,0.0015348680317401886,0.03922770172357559
0.03692091256380081,-0.0014154091477394104,0.0015348680317401886,0.03922770172357559
0.03692091256380081,-0.0014154091477394104,0.0015348680317401886,0.03922770172357559
0.03692091256380081,-0.0014154091477394104,0.0015348680317401886,0.03922770172357559
0.03692091256380081,-0.0014154091477394104,0.0015348680317401886,0.03922770172357559
0.03692091256380081,-0.0014154091477394104,0.0015348680317401886,0.03922770172357559
0.03692091256380081,-0.0014154091477394104,0.0015348680317401886,0.03922770172357559
0.03692091256380081,-0.0014154091477394104,0.0015348680317401886,0.03922770172357559
0.03692091256380081,-0.0014154091477394104,0.0015348680317401886,0.03922770172357559
0.03692091256380081,-0.0014154091477394104,0.0015348680317401886,0.03922770172357559
0.03692091256380081,-0.0014154091477394104,0.0015348680317401886,0.03922770172357559
0.03692091256380081,-0.0014154091477394104,0.0015348680317401886,0.03922770172357559
0.03692091256380081,-0.0014154091477394104,0.0015348680317401886,0.03922770172357559
0.03692091256380081,-0.0014154091477394104,0.0015348680317401886,0.03922770172357559
0.03692091256380081,-0.0014154091477394104,0.0015348680317401886,0.03922770172357559
0.03692091256380081,-0.0014154091477394104,0.0015348680317401886,0.03922770172357559
0.03692091256380081,-0.0014154091477394104,0.0015348680317401886,0.03922770172357559
0.03692091256380081,-0.0014154091477394104,0.0015348680317401886,0.03922770172357559
0.03692091256380081,-0.0014154091477394104,0.0015348680317401886,0.03922770172357559
0.03692091256380081,-0.0014154091477394104,0.0015348680317401886,0.03922770172357559
0.03692091256380081,-0.0014154091477394104,0.0015348680317401886,0.03922770172357559
0.03692091256380081,-0.0014154091477394104,0.0015348680317401886,0.03922770172357559
0.03692091256380081,-0.0014154091477394104,0.0015348680317401886,0.03922770172357559
0.03692091256380081,-0.0014154091477394104,0.0015348680317401886,0.03922770172357559
0.03692091256380081,-0.0014154091477394104,0.0015348680317401886,0.03922770172357559
0.03692091256380081,-0.0014154091477394104,0.0015348680317401886,0.03922770172357559
0.03692091256380081,-0.0014154091477394104,0.0015348680317401886,0.03922770172357559
0.03692091256380081,-0.0014154091477394104,0.0015348680317401886,0.03922770172357559
0.03692091256380081,-0.0014154091477394104,0.0015348680317401886,0.03922770172357559
0.03692091256380081,-0.0014154091477394104,0.0015348680317401886,0.03922770172357559
0.03692091256380081,-0.0014154091477394104,0.0015348680317401886,0.03922770172357559
0.03692091256380081,-0.0014154091477394104,0.0015348680317401886,0.03922770172357559
0.03692091256380081,-0.0014154091477394104,0.0015348680317401886,0.03922770172357559
0.03692091256380081,-0.0014154091477394104,0.0015348680317401886,0.03922770172357559
0.03692091256380081,-0.0014154091477394104,0.0015348680317401886,0.03922770172357559
0.03692091256380081,-0.0014154091477394104,0.0015348680317401886,0.03922770172357559
0.03692091256380081,-0.0014154091477394104,0.0015348680317401886,0.03922770172357559
0.03692091256380081,-0.0014154091477394104,0.0015348680317401886,0.03922770172357559
0.03692091256380081,-0.0014154091477394104,0.0015348680317401886,0.03922770172357559
0.03692091256380081,-0.0014154091477394104,0.0015348680317401886,0.03922770172357559
0.03692091256380081,-0.0014154091477394104,0.0015348680317401886,0.03922770172357559
0.03692091256380081,-0.0014154091477394104,0.0015348680317401886,0.03922770172357559
0.03692091256380081,-0.0014154091477394104,0.0015348680317401886,0.03922770172357559
0.03692091256380081,-0.0014154091477394104,0.0015348680317401886,0.03922770172357559
0.03692091256380081,-0.0014154091477394104,0.0015348680317401886,0.03922770172357559
0.03692091256380081,-0.0014154091477394104,0.0015348680317401886,0.03922770172357559
0.03692091256380081,-0.0014154091477394104,0.0015348680317401886,0.03922770172357559
0.03692091256380081,-0.0014154091477394104,0.0015348680317401886,0.03922770172357559
0.03692091256380081,-0.0014154091477394104,0.0015348680317401886,0.03922770172357559
0.03692091256380081,-0.0014154091477394104,0.0015348680317401886,0.03922770172357559
0.03692091256380081,-0.0014154091477394104,0.0015348680317401886,0.03922770172357559
0.03692091256380081,-0.0014154091477394104,0.0015348680317401886,0.03922770172357559
0.03692091256380081,-0.0014154091477394104,0.0015348680317401886,0.03922770172357559
0.03692091256380081,-0.0014154091477394104,0.0015348680317401886,0.03922770172357559
0.03692091256380081,-0.0014154091477394104,0.0015348680317401886,0.03922770172357559
0.03692091256380081,-0.0014154091477394104,0.0015348680317401886,0.03922770172357559
0.03692091256380081,-0.0014154091477394104,0.0015348680317401886,0.03922770172357559
0.03692091256380081,-0.0014154091477394104,0.0015348680317401886,0.03922770172357559
0.03692091256380081,-0.0014154091477394104,0.0015348680317401886,0.03922770172357559
0.03692091256380081,-0.0014154091477394104,0.0015348680317401886,0.03922770172357559
0.03692091256380081,-0.0014154091477394104,0.0015348680317401886,0.03922770172357559
0.03692091256380081,-0.0014154091477394104,0.0015348680317401886,0.03922770172357559
0.03692091256380081,-0.0014154091477394104,0.0015348680317401886,0.03922770172357559
0.03692091256380081,-0.0014154091477394104,0.0015348680317401886,0.03922770172357559
0.03692091256380081,-0.0014154091477394104,0.0015348680317401886,0.03922770172357559
0.03692091256380081,-0.0014154091477394104,0.0015348680317401886,0.03922770172357559
0.03692091256380081,-0.0014154091477394104,0.0015348680317401886,0.03922770172357559
0.03692091256380081,-0.0014154091477394104,0.0015348680317401886,0.03922770172357559
0.03692091256380081,-0.0014154091477394104,0.0015348680317401886,0.03922770172357559
0.03692091256380081,-0.0014154091477394104,0.0015348680317401886,0.03922770172357559
0.03692091256380081,-0.0014154091477394104,0.0015348680317401886,0.03922770172357559
0.03692091256380081,-0.0014154091477394104,0.0015348680317401886,0.03922770172357559
0.03692091256380081,-0.0014154091477394104,0.0015348680317401886,0.03922770172357559
0.03692091256380081,-0.0014154091477394104,0.0015348680317401886,0.03922770172357559
0.03692091256380081,-0.0014154091477394104,0.0015348680317401886,0.03922770172357559
0.03692091256380081,-0.0014154091477394104,0.0015348680317401886,0.03922770172357559
0.03692091256380081,-0.0014154091477394104,0.0015348680317401886,0.03922770172357559
0.03692091256380081,-0.0014154091477394104,0.0015348680317401886,0.03922770172357559
0.03692091256380081,-0.0014154091477394104,0.0015348680317401886,0.03922770172357559
0.03692091256380081,-0.0014154091477394104,0.0015348680317401886,0.03922770172357559
0.03692091256380081,-0.0014154091477394104,0.0015348680317401886,0.03922770172357559
0.03692091256380081,-0.0014154091477394104,0.0015348680317401886,0.03922770172357559
0.03692091256380081,-0.0014154091477394104,0.0015348680317401886,0.03922770172357559
0.036973461508750916,-0.0013984665274620056,0.0015076734125614166,0.03920646011829376
0.036985158920288086,-0.001386389136314392,0.0015046782791614532,0.039197131991386414
0.036986589431762695,-0.0013864412903785706,0.0015045218169689178,0.03919638693332672
0.03698672354221344,-0.0013866052031517029,0.0015045516192913055,0.039196304976940155
0.03698672354221344,-0.0013866499066352844,0.0015045516192913055,0.03919629007577896
0.03698672354221344,-0.0013866573572158813,0.0015045516192913055,0.03919629007577896
0.03698672354221344,-0.0013866722583770752,0.0015045516192913055,0.03919629007577896
0.03698672354221344,-0.0013866722583770752,0.0015045516192913055,0.03919629007577896
0.03698672354221344,-0.0013866722583770752,0.0015045516192913055,0.03919629007577896
0.03698672354221344,-0.0013866722583770752,0.0015045516192913055,0.03919629007577896
0.03698672354221344,-0.0013866722583770752,0.0015045516192913055,0.03919629007577896
0.03698672354221344,-0.0013866722583770752,0.0015045516192913055,0.03919629007577896
0.03698672354221344,-0.0013866722583770752,0.0015045516192913055,0.03919629007577896
0.03698672354221344,-0.0013866722583770752,0.0015045516192913055,0.03919629007577896
0.03698672354221344,-0.0013866722583770752,0.0015045516192913055,0.03919629007577896
0.03698672354221344,-0.0013866722583770752,0.0015045516192913055,0.03919629007577896
0.03698672354221344,-0.0013866722583770752,0.0015045516192913055,0.03919629007577896
0.03698672354221344,-0.0013866722583770752,0.0015045516192913055,0.03919629007577896
0.03698672354221344,-0.0013866722583770752,0.0015045516192913055,0.03919629007577896
0.03698672354221344,-0.0013866722583770752,0.0015045516192913055,0.03919629007577896
0.03698672354221344,-0.0013866722583770752,0.0015045516192913055,0.03919629007577896
0.03698672354221344,-0.0013866722583770752,0.0015045516192913055,0.03919629007577896
0.03698672354221344,-0.0013866722583770752,0.0015045516192913055,0.03919629007577896
0.03698672354221344,-0.0013866722583770752,0.0015045516192913055,0.03919629007577896
0.03698672354221344,-0.0013866722583770752,0.0015045516192913055,0.03919629007577896
0.03698672354221344,-0.0013866722583770752,0.0015045516192913055,0.03919629007577896
0.03698672354221344,-0.0013866722583770752,0.0015045516192913055,0.03919629007577896
0.03698672354221344,-0.0013866722583770752,0.0015045516192913055,0.03919629007577896
0.03698672354221344,-0.0013866722583770752,0.0015045516192913055,0.03919629007577896
0.03698672354221344,-0.0013866722583770752,0.0015045516192913055,0.03919629007577896
0.03698672354221344,-0.0013866722583770752,0.0015045516192913055,0.03919629007577896
0.03698672354221344,-0.0013866722583770752,0.0015045516192913055,0.03919629007577896
0.03698672354221344,-0.0013866722583770752,0.0015045516192913055,0.03919629007577896
0.03698672354221344,-0.0013866722583770752,0.0015045516192913055,0.03919629007577896
0.03698672354221344,-0.0013866722583770752,0.0015045516192913055,0.03919629007577896
0.03698672354221344,-0.0013866722583770752,0.0015045516192913055,0.03919629007577896
0.03698672354221344,-0.0013866722583770752,0.0015045516192913055,0.03919629007577896
0.03698672354221344,-0.0013866722583770752,0.0015045516192913055,0.03919629007577896
0.03698672354221344,-0.0013866722583770752,0.0015045516192913055,0.03919629007577896
0.03698672354221344,-0.0013866722583770752,0.0015045516192913055,0.03919629007577896
0.03698672354221344,-0.0013866722583770752,0.0015045516192913055,0.03919629007577896
0.03698672354221344,-0.0013866722583770752,0.0015045516192913055,0.03919629007577896
0.03698672354221344,-0.0013866722583770752,0.0015045516192913055,0.03919629007577896
0.03698672354221344,-0.0013866722583770752,0.0015045516192913055,0.03919629007577896
0.03698672354221344,-0.0013866722583770752,0.0015045516192913055,0.03919629007577896
0.03698672354221344,-0.0013866722583770752,0.0015045516192913055,0.03919629007577896
0.03698672354221344,-0.0013866722583770752,0.0015045516192913055,0.03919629007577896
0.03698672354221344,-0.0013866722583770752,0.0015045516192913055,0.03919629007577896
0.03698672354221344,-0.0013866722583770752,0.0015045516192913055,0.03919629007577896
0.03698672354221344,-0.0013866722583770752,0.0015045516192913055,0.03919629007577896
0.03698672354221344,-0.0013866722583770752,0.0015045516192913055,0.03919629007577896
0.03698672354221344,-0.0013866722583770752,0.0015045516192913055,0.03919629007577896
0.03698672354221344,-0.0013866722583770752,0.0015045516192913055,0.03919629007577896
0.03698672354221344,-0.0013866722583770752,0.0015045516192913055,0.03919629007577896
0.03698672354221344,-0.0013866722583770752,0.0015045516192913055,0.03919629007577896
0.03698672354221344,-0.0013866722583770752,0.0015045516192913055,0.03919629007577896
0.03698672354221344,-0.0013866722583770752,0.0015045516192913055,0.03919629007577896
0.03698672354221344,-0.0013866722583770752,0.0015045516192913055,0.03919629007577896
0.03698672354221344,-0.0013866722583770752,0.0015045516192913055,0.03919629007577896
0.03698672354221344,-0.0013866722583770752,0.0015045516192913055,0.03919629007577896
0.03698672354221344,-0.0013866722583770752,0.0015045516192913055,0.03919629007577896
0.03698672354221344,-0.0013866722583770752,0.0015045516192913055,0.03919629007577896
0.03698672354221344,-0.0013866722583770752,0.0015045516192913055,0.03919629007577896
0.03698672354221344,-0.0013866722583770752,0.0015045516192913055,0.03919629007577896
0.03698672354221344,-0.0013866722583770752,0.0015045516192913055,0.03919629007577896
0.03698672354221344,-0.0013866722583770752,0.0015045516192913055,0.03919629007577896
0.03698672354221344,-0.0013866722583770752,0.0015045516192913055,0.03919629007577896
0.03698672354221344,-0.0013866722583770752,0.0015045516192913055,0.03919629007577896
0.03698672354221344,-0.0013866722583770752,0.0015045516192913055,0.03919629007577896
0.03698672354221344,-0.0013866722583770752,0.0015045516192913055,0.03919629007577896
0.03698672354221344,-0.0013866722583770752,0.0015045516192913055,0.03919629007577896
0.03698672354221344,-0.0013866722583770752,0.0015045516192913055,0.03919629007577896
0.03698672354221344,-0.0013866722583770752,0.0015045516192913055,0.03919629007577896
0.03698672354221344,-0.0013866722583770752,0.0015045516192913055,0.03919629007577896
0.03698672354221344,-0.0013866722583770752,0.0015045516192913055,0.03919629007577896
0.03698672354221344,-0.0013866722583770752,0.0015045516192913055,0.03919629007577896
0.03698672354221344,-0.0013866722583770752,0.0015045516192913055,0.03919629007577896
0.036989904940128326,-0.0013850778341293335,0.0015041343867778778,0.03919002413749695
0.036990612745285034,-0.0013846084475517273,0.0015040598809719086,0.03918832540512085
0.036990709602832794,-0.0013846755027770996,0.0015040598809719086,0.03918817639350891
0.036990709602832794,-0.0013847053050994873,0.0015040598809719086,0.03918816149234772
0.036990709602832794,-0.0013847202062606812,0.0015040598809719086,0.03918816149234772
0.036990709602832794,-0.0013847202062606812,0.0015040598809719086,0.03918816149234772
0.036990709602832794,-0.0013847202062606812,0.0015040598809719086,0.03918816149234772
0.036990709602832794,-0.0013847202062606812,0.0015040598809719086,0.03918816149234772
0.036990709602832794,-0.0013847202062606812,0.0015040598809719086,0.03918816149234772
0.036990709602832794,-0.0013847202062606812,0.0015040598809719086,0.03918816149234772
0.036990709602832794,-0.0013847202062606812,0.0015040598809719086,0.03918816149234772
0.036990709602832794,-0.0013847202062606812,0.0015040598809719086,0.03918816149234772
0.036990709602832794,-0.0013847202062606812,0.0015040598809719086,0.03918816149234772
0.036990709602832794,-0.0013847202062606812,0.0015040598809719086,0.03918816149234772
0.036990709602832794,-0.0013847202062606812,0.0015040598809719086,0.03918816149234772
0.036990709602832794,-0.0013847202062606812,0.0015040598809719086,0.03918816149234772
0.036990709602832794,-0.0013847202062606812,0.0015040598809719086,0.03918816149234772
0.036990709602832794,-0.0013847202062606812,0.0015040598809719086,0.03918816149234772
0.036990709602832794,-0.0013847202062606812,0.0015040598809719086,0.03918816149234772
0.036990709602832794,-0.0013847202062606812,0.0015040598809719086,0.03918816149234772
0.036990709602832794,-0.0013847202062606812,0.0015040598809719086,0.03918816149234772
0.036990709602832794,-0.0013847202062606812,0.0015040598809719086,0.03918816149234772
0.036990709602832794,-0.0013847202062606812,0.0015040598809719086,0.03918816149234772
0.036990709602832794,-0.0013847202062606812,0.0015040598809719086,0.03918816149234772
0.036990709602832794,-0.0013847202062606812,0.0015040598809719086,0.03918816149234772
0.036990709602832794,-0.0013847202062606812,0.0015040598809719086,0.03918816149234772
0.036990709602832794,-0.0013847202062606812,0.0015040598809719086,0.03918816149234772
0.036990709602832794,-0.0013847202062606812,0.0015040598809719086,0.03918816149234772
0.036990709602832794,-0.0013847202062606812,0.0015040598809719086,0.03918816149234772
0.036990709602832794,-0.0013847202062606812,0.0015040598809719086,0.03918816149234772
0.036990709602832794,-0.0013847202062606812,0.0015040598809719086,0.03918816149234772
0.036990709602832794,-0.0013847202062606812,0.0015040598809719086,0.03918816149234772
0.036990709602832794,-0.0013847202062606812,0.0015040598809719086,0.03918816149234772
0.036990709602832794,-0.0013847202062606812,0.0015040598809719086,0.03918816149234772
0.036990709602832794,-0.0013847202062606812,0.0015040598809719086,0.03918816149234772
0.036990709602832794,-0.0013847202062606812,0.0015040598809719086,0.03918816149234772
0.036990709602832794,-0.0013847202062606812,0.0015040598809719086,0.03918816149234772
0.036990709602832794,-0.0013847202062606812,0.0015040598809719086,0.03918816149234772
0.036990709602832794,-0.0013847202062606812,0.0015040598809719086,0.03918816149234772
0.036990709602832794,-0.0013847202062606812,0.0015040598809719086,0.03918816149234772
0.036990709602832794,-0.0013847202062606812,0.0015040598809719086,0.03918816149234772
0.036990709602832794,-0.0013847202062606812,0.0015040598809719086,0.03918816149234772
0.036990709602832794,-0.0013847202062606812,0.0015040598809719086,0.03918816149234772
0.036990709602832794,-0.0013847202062606812,0.0015040598809719086,0.03918816149234772
0.036990709602832794,-0.0013847202062606812,0.0015040598809719086,0.03918816149234772
0.036990709602832794,-0.0013847202062606812,0.0015040598809719086,0.03918816149234772
0.036990709602832794,-0.0013847202062606812,0.0015040598809719086,0.03918816149234772
0.036990709602832794,-0.0013847202062606812,0.0015040598809719086,0.03918816149234772
0.036990709602832794,-0.0013847202062606812,0.0015040598809719086,0.03918816149234772
0.036990709602832794,-0.0013847202062606812,0.0015040598809719086,0.03918816149234772
0.036990709602832794,-0.0013847202062606812,0.0015040598809719086,0.03918816149234772
0.036990709602832794,-0.0013847202062606812,0.0015040598809719086,0.03918816149234772
0.036990709602832794,-0.0013847202062606812,0.0015040598809719086,0.03918816149234772
0.036990709602832794,-0.0013847202062606812,0.0015040598809719086,0.03918816149234772
0.036990709602832794,-0.0013847202062606812,0.0015040598809719086,0.03918816149234772
0.036990709602832794,-0.0013847202062606812,0.0015040598809719086,0.03918816149234772
0.036990709602832794,-0.0013847202062606812,0.0015040598809719086,0.03918816149234772
0.036990709602832794,-0.0013847202062606812,0.0015040598809719086,0.03918816149234772
0.036990709602832794,-0.0013847202062606812,0.0015040598809719086,0.03918816149234772
0.036990709602832794,-0.0013847202062606812,0.0015040598809719086,0.03918816149234772
0.036990709602832794,-0.0013847202062606812,0.0015040598809719086,0.03918816149234772
0.036990709602832794,-0.0013847202062606812,0.0015040598809719086,0.03918816149234772
0.036990709602832794,-0.0013847202062606812,0.0015040598809719086,0.03918816149234772
0.036990709602832794,-0.0013847202062606812,0.0015040598809719086,0.03918816149234772
0.036990709602832794,-0.0013847202062606812,0.0015040598809719086,0.03918816149234772
0.036990709602832794,-0.0013847202062606812,0.0015040598809719086,0.03918816149234772
0.036990709602832794,-0.0013847202062606812,0.0015040598809719086,0.03918816149234772
0.036990709602832794,-0.0013847202062606812,0.0015040598809719086,0.03918816149234772
0.036990709602832794,-0.0013847202062606812,0.0015040598809719086,0.03918816149234772
0.036990709602832794,-0.0013847202062606812,0.0015040598809719086,0.03918816149234772
0.036990709602832794,-0.0013847202062606812,0.0015040598809719086,0.03918816149234772
0.036990709602832794,-0.0013847202062606812,0.0015040598809719086,0.03918816149234772
0.036990709602832794,-0.0013847202062606812,0.0015040598809719086,0.03918816149234772
0.036990709602832794,-0.0013847202062606812,0.0015040598809719086,0.03918816149234772
0.036990709602832794,-0.0013847202062606812,0.0015040598809719086,0.03918816149234772
0.036990709602832794,-0.0013847202062606812,0.0015040598809719086,0.03918816149234772
0.036990709602832794,-0.0013847202062606812,0.0015040598809719086,0.03918816149234772
0.036990709602832794,-0.0013847202062606812,0.0015040598809719086,0.03918816149234772
0.036990709602832794,-0.0013847202062606812,0.0015040598809719086,0.03918816149234772
0.036990709602832794,-0.0013847202062606812,0.0015040598809719086,0.03918816149234772
0.036990709602832794,-0.0013847202062606812,0.0015040598809719086,0.03918816149234772
0.036990709602832794,-0.0013847202062606812,0.0015040598809719086,0.03918816149234772
0.036990709602832794,-0.0013847202062606812,0.0015040598809719086,0.03918816149234772
0.036990709602832794,-0.0013847202062606812,0.0015040598809719086,0.03918816149234772
0.036990709602832794,-0.0013847202062606812,0.0015040598809719086,0.03918816149234772
0.036990709602832794,-0.0013847202062606812,0.0015040598809719086,0.03918816149234772
0.036990709602832794,-0.0013847202062606812,0.0015040598809719086,0.03918816149234772
0.036990709602832794,-0.0013847202062606812,0.0015040598809719086,0.03918816149234772
0.036990709602832794,-0.0013847202062606812,0.0015040598809719086,0.03918816149234772
0.036990709602832794,-0.0013847202062606812,0.0015040598809719086,0.03918816149234772
0.036990709602832794,-0.0013847202062606812,0.0015040598809719086,0.03918816149234772
0.036990709602832794,-0.0013847202062606812,0.0015040598809719086,0.03918816149234772
0.036990709602832794,-0.0013847202062606812,0.0015040598809719086,0.03918816149234772
0.036990709602832794,-0.0013847202062606812,0.0015040598809719086,0.03918816149234772
0.036990709602832794,-0.0013847202062606812,0.0015040598809719086,0.03918816149234772
0.036990709602832794,-0.0013847202062606812,0.0015040598809719086,0.03918816149234772
0.036990709602832794,-0.0013847202062606812,0.0015040598809719086,0.03918816149234772
0.036990709602832794,-0.0013847202062606812,0.0015040598809719086,0.03918816149234772
0.036990709602832794,-0.0013847202062606812,0.0015040598809719086,0.03918816149234772
0.036990709602832794,-0.0013847202062606812,0.0015040598809719086,0.03918816149234772
0.036990709602832794,-0.0013847202062606812,0.0015040598809719086,0.03918816149234772
0.036990709602832794,-0.0013847202062606812,0.0015040598809719086,0.03918816149234772
0.036990709602832794,-0.0013847202062606812,0.0015040598809719086,0.03918816149234772
0.036990709602832794,-0.0013847202062606812,0.0015040598809719086,0.03918816149234772
0.036990709602832794,-0.0013847202062606812,0.0015040598809719086,0.03918816149234772
0.036990709602832794,-0.0013847202062606812,0.0015040598809719086,0.03918816149234772
0.036990709602832794,-0.0013847202062606812,0.0015040598809719086,0.03918816149234772
0.036990709602832794,-0.0013847202062606812,0.0015040598809719086,0.03918816149234772
0.036990709602832794,-0.0013847202062606812,0.0015040598809719086,0.03918816149234772
0.036990709602832794,-0.0013847202062606812,0.0015040598809719086,0.03918816149234772
0.036990709602832794,-0.0013847202062606812,0.0015040598809719086,0.03918816149234772
0.036990709602832794,-0.0013847202062606812,0.0015040598809719086,0.03918816149234772
0.036990709602832794,-0.0013847202062606812,0.0015040598809719086,0.03918816149234772
0.036990709602832794,-0.0013847202062606812,0.0015040598809719086,0.03918816149234772
0.036990709602832794,-0.0013847202062606812,0.0015040598809719086,0.03918816149234772
0.036990709602832794,-0.0013847202062606812,0.0015040598809719086,0.03918816149234772
0.036990709602832794,-0.0013847202062606812,0.0015040598809719086,0.03918816149234772
0.036990709602832794,-0.0013847202062606812,0.0015040598809719086,0.03918816149234772
0.036990709602832794,-0.0013847202062606812,0.0015040598809719086,0.03918816149234772
0.036990709602832794,-0.0013847202062606812,0.0015040598809719086,0.03918816149234772
0.036990709602832794,-0.0013847202062606812,0.0015040598809719086,0.03918816149234772
0.036990709602832794,-0.0013847202062606812,0.0015040598809719086,0.03918816149234772
0.036990709602832794,-0.0013847202062606812,0.0015040598809719086,0.03918816149234772
0.036990709602832794,-0.0013847202062606812,0.0015040598809719086,0.03918816149234772
0.036990709602832794,-0.0013847202062606812,0.0015040598809719086,0.03918816149234772
0.036990709602832794,-0.0013847202062606812,0.0015040598809719086,0.03918816149234772
0.036990709602832794,-0.0013847202062606812,0.0015040598809719086,0.03918816149234772
0.036990709602832794,-0.0013847202062606812,0.0015040598809719086,0.03918816149234772
0.036990709602832794,-0.0013847202062606812,0.0015040598809719086,0.03918816149234772
0.036990709602832794,-0.0013847202062606812,0.0015040598809719086,0.03918816149234772
0.036990709602832794,-0.0013847202062606812,0.0015040598809719086,0.03918816149234772
0.036990709602832794,-0.0013847202062606812,0.0015040598809719086,0.03918816149234772
0.036990709602832794,-0.0013847202062606812,0.0015040598809719086,0.03918816149234772
0.036990709602832794,-0.0013847202062606812,0.0015040598809719086,0.03918816149234772
0.036990709602832794,-0.0013847202062606812,0.0015040598809719086,0.03918816149234772
0.036990709602832794,-0.0013847202062606812,0.0015040598809719086,0.03918816149234772
0.036990709602832794,-0.0013847202062606812,0.0015040598809719086,0.03918816149234772
0.036990709602832794,-0.0013847202062606812,0.0015040598809719086,0.03918816149234772
0.036990709602832794,-0.0013847202062606812,0.0015040598809719086,0.03918816149234772
0.036990709602832794,-0.0013847202062606812,0.0015040598809719086,0.03918816149234772
0.036990709602832794,-0.0013847202062606812,0.0015040598809719086,0.03918816149234772
0.036990709602832794,-0.0013847202062606812,0.0015040598809719086,0.03918816149234772
0.036990709602832794,-0.0013847202062606812,0.0015040598809719086,0.03918816149234772
0.036990709602832794,-0.0013847202062606812,0.0015040598809719086,0.03918816149234772
0.036990709602832794,-0.0013847202062606812,0.0015040598809719086,0.03918816149234772
0.036990709602832794,-0.0013847202062606812,0.0015040598809719086,0.03918816149234772
0.036990709602832794,-0.0013847202062606812,0.0015040598809719086,0.03918816149234772
0.036990709602832794,-0.0013847202062606812,0.0015040598809719086,0.03918816149234772
0.036990709602832794,-0.0013847202062606812,0.0015040598809719086,0.03918816149234772
0.036990709602832794,-0.0013847202062606812,0.0015040598809719086,0.03918816149234772
0.036990709602832794,-0.0013847202062606812,0.0015040598809719086,0.03918816149234772
0.036990709602832794,-0.0013847202062606812,0.0015040598809719086,0.03918816149234772
0.036990709602832794,-0.0013847202062606812,0.0015040598809719086,0.03918816149234772
0.036990709602832794,-0.0013847202062606812,0.0015040598809719086,0.03918816149234772
0.036990709602832794,-0.0013847202062606812,0.0015040598809719086,0.03918816149234772
0.036990709602832794,-0.0013847202062606812,0.0015040598809719086,0.03918816149234772
0.036990709602832794,-0.0013847202062606812,0.0015040598809719086,0.03918816149234772
0.036990709602832794,-0.0013847202062606812,0.0015040598809719086,0.03918816149234772
0.036990709602832794,-0.0013847202062606812,0.0015040598809719086,0.03918816149234772
0.036990709602832794,-0.0013847202062606812,0.0015040598809719086,0.03918816149234772
0.036990709602832794,-0.0013847202062606812,0.0015040598809719086,0.03918816149234772
0.036990709602832794,-0.0013847202062606812,0.0015040598809719086,0.03918816149234772
0.036990709602832794,-0.0013847202062606812,0.0015040598809719086,0.03918816149234772
0.036990709602832794,-0.0013847202062606812,0.0015040598809719086,0.03918816149234772
0.036990709602832794,-0.0013847202062606812,0.0015040598809719086,0.03918816149234772
0.036990709602832794,-0.0013847202062606812,0.0015040598809719086,0.03918816149234772
0.036990709602832794,-0.0013847202062606812,0.0015040598809719086,0.03918816149234772
0.036990709602832794,-0.0013847202062606812,0.0015040598809719086,0.03918816149234772
0.036990709602832794,-0.0013847202062606812,0.0015040598809719086,0.03918816149234772
0.036990709602832794,-0.0013847202062606812,0.0015040598809719086,0.03918816149234772
0.036990709602832794,-0.0013847202062606812,0.0015040598809719086,0.03918816149234772
0.036990709602832794,-0.0013847202062606812,0.0015040598809719086,0.03918816149234772
0.036990709602832794,-0.0013847202062606812,0.0015040598809719086,0.03918816149234772
0.036990709602832794,-0.0013847202062606812,0.0015040598809719086,0.03918816149234772
0.036990709602832794,-0.0013847202062606812,0.0015040598809719086,0.03918816149234772
0.036990709602832794,-0.0013847202062606812,0.0015040598809719086,0.03918816149234772
0.036990709602832794,-0.0013847202062606812,0.0015040598809719086,0.03918816149234772
0.036990709602832794,-0.0013847202062606812,0.0015040598809719086,0.03918816149234772
0.036990709602832794,-0.0013847202062606812,0.0015040598809719086,0.03918816149234772
0.036990709602832794,-0.0013847202062606812,0.0015040598809719086,0.03918816149234772
0.036990709602832794,-0.0013847202062606812,0.0015040598809719086,0.03918816149234772
0.036990709602832794,-0.0013847202062606812,0.0015040598809719086,0.03918816149234772
0.036990709602832794,-0.0013847202062606812,0.0015040598809719086,0.03918816149234772
0.036990709602832794,-0.0013847202062606812,0.0015040598809719086,0.03918816149234772
0.036990709602832794,-0.0013847202062606812,0.0015040598809719086,0.03918816149234772
0.036990709602832794,-0.0013847202062606812,0.0015040598809719086,0.03918816149234772
0.036990709602832794,-0.0013847202062606812,0.0015040598809719086,0.03918816149234772
0.036990709602832794,-0.0013847202062606812,0.0015040598809719086,0.03918816149234772
0.036990709602832794,-0.0013847202062606812,0.0015040598809719086,0.03918816149234772
0.036990709602832794,-0.0013847202062606812,0.0015040598809719086,0.03918816149234772
0.036990709602832794,-0.0013847202062606812,0.0015040598809719086,0.03918816149234772
0.036990709602832794,-0.0013847202062606812,0.0015040598809719086,0.03918816149234772
0.036990709602832794,-0.0013847202062606812,0.0015040598809719086,0.03918816149234772
0.036990709602832794,-0.0013847202062606812,0.0015040598809719086,0.03918816149234772
0.036990709602832794,-0.0013847202062606812,0.0015040598809719086,0.03918816149234772
0.036990709602832794,-0.0013847202062606812,0.0015040598809719086,0.03918816149234772
0.036990709602832794,-0.0013847202062606812,0.0015040598809719086,0.03918816149234772
0.036990709602832794,-0.0013847202062606812,0.0015040598809719086,0.03918816149234772
0.036990709602832794,-0.0013847202062606812,0.0015040598809719086,0.03918816149234772
0.036990709602832794,-0.0013847202062606812,0.0015040598809719086,0.03918816149234772
0.036990709602832794,-0.0013847202062606812,0.0015040598809719086,0.03918816149234772
0.036990709602832794,-0.0013847202062606812,0.0015040598809719086,0.03918816149234772
0.036990709602832794,-0.0013847202062606812,0.0015040598809719086,0.03918816149234772
0.036990709602832794,-0.0013847202062606812,0.0015040598809719086,0.03918816149234772
0.036990709602832794,-0.0013847202062606812,0.0015040598809719086,0.03918816149234772
0.036990709602832794,-0.0013847202062606812,0.0015040598809719086,0.03918816149234772
0.036990709602832794,-0.0013847202062606812,0.0015040598809719086,0.03918816149234772
0.036990709602832794,-0.0013847202062606812,0.0015040598809719086,0.03918816149234772
0.036990709602832794,-0.0013847202062606812,0.0015040598809719086,0.03918816149234772
0.036990709602832794,-0.0013847202062606812,0.0015040598809719086,0.03918816149234772
0.036990709602832794,-0.0013847202062606812,0.0015040598809719086,0.03918816149234772
0.036990709602832794,-0.0013847202062606812,0.0015040598809719086,0.03918816149234772
0.036990709602832794,-0.0013847202062606812,0.0015040598809719086,0.03918816149234772
0.036990709602832794,-0.0013847202062606812,0.0015040598809719086,0.03918816149234772
0.036990709602832794,-0.0013847202062606812,0.0015040598809719086,0.03918816149234772
0.036990709602832794,-0.0013847202062606812,0.0015040598809719086,0.03918816149234772
0.036990709602832794,-0.0013847202062606812,0.0015040598809719086,0.03918816149234772
0.036990709602832794,-0.0013847202062606812,0.0015040598809719086,0.03918816149234772
0.036990709602832794,-0.0013847202062606812,0.0015040598809719086,0.03918816149234772
0.036990709602832794,-0.0013847202062606812,0.0015040598809719086,0.03918816149234772
0.036990709602832794,-0.0013847202062606812,0.0015040598809719086,0.03918816149234772
0.036990709602832794,-0.0013847202062606812,0.0015040598809719086,0.03918816149234772
0.036990709602832794,-0.0013847202062606812,0.0015040598809719086,0.03918816149234772
0.036990709602832794,-0.0013847202062606812,0.0015040598809719086,0.03918816149234772
0.036990709602832794,-0.0013847202062606812,0.0015040598809719086,0.03918816149234772
0.036990709602832794,-0.0013847202062606812,0.0015040598809719086,0.03918816149234772
0.036990709602832794,-0.0013847202062606812,0.0015040598809719086,0.03918816149234772
0.036990709602832794,-0.0013847202062606812,0.0015040598809719086,0.03918816149234772
0.036990709602832794,-0.0013847202062606812,0.0015040598809719086,0.03918816149234772
0.036990709602832794,-0.0013847202062606812,0.0015040598809719086,0.03918816149234772
0.036990709602832794,-0.0013847202062606812,0.0015040598809719086,0.03918816149234772
0.036990709602832794,-0.0013847202062606812,0.0015040598809719086,0.03918816149234772
0.036990709602832794,-0.0013847202062606812,0.0015040598809719086,0.03918816149234772
0.036990709602832794,-0.0013847202062606812,0.0015040598809719086,0.03918816149234772
0.036990709602832794,-0.0013847202062606812,0.0015040598809719086,0.03918816149234772
0.036990709602832794,-0.0013847202062606812,0.0015040598809719086,0.03918816149234772
0.036990709602832794,-0.0013847202062606812,0.0015040598809719086,0.03918816149234772
0.036990709602832794,-0.0013847202062606812,0.0015040598809719086,0.03918816149234772
0.036990709602832794,-0.0013847202062606812,0.0015040598809719086,0.03918816149234772
0.036990709602832794,-0.0013847202062606812,0.0015040598809719086,0.03918816149234772
0.036990709602832794,-0.0013847202062606812,0.0015040598809719086,0.03918816149234772
0.036990709602832794,-0.0013847202062606812,0.0015040598809719086,0.03918816149234772
0.036990709602832794,-0.0013847202062606812,0.0015040598809719086,0.03918816149234772
0.036990709602832794,-0.0013847202062606812,0.0015040598809719086,0.03918816149234772
0.036990709602832794,-0.0013847202062606812,0.0015040598809719086,0.03918816149234772
0.036990709602832794,-0.0013847202062606812,0.0015040598809719086,0.03918816149234772
0.036990709602832794,-0.0013847202062606812,0.0015040598809719086,0.03918816149234772
0.036990709602832794,-0.0013847202062606812,0.0015040598809719086,0.03918816149234772
0.036990709602832794,-0.0013847202062606812,0.0015040598809719086,0.03918816149234772
0.036990709602832794,-0.0013847202062606812,0.0015040598809719086,0.03918816149234772
0.036990709602832794,-0.0013847202062606812,0.0015040598809719086,0.03918816149234772
0.036990709602832794,-0.0013847202062606812,0.0015040598809719086,0.03918816149234772
0.036990709602832794,-0.0013847202062606812,0.0015040598809719086,0.03918816149234772
0.036990709602832794,-0.0013847202062606812,0.0015040598809719086,0.03918816149234772
0.036990709602832794,-0.0013847202062606812,0.0015040598809719086,0.03918816149234772
0.036990709602832794,-0.0013847202062606812,0.0015040598809719086,0.03918816149234772
0.036990709602832794,-0.0013847202062606812,0.0015040598809719086,0.03918816149234772
0.036990709602832794,-0.0013847202062606812,0.0015040598809719086,0.03918816149234772
0.036990709602832794,-0.0013847202062606812,0.0015040598809719086,0.03918816149234772
0.036990709602832794,-0.0013847202062606812,0.0015040598809719086,0.03918816149234772
0.036990709602832794,-0.0013847202062606812,0.0015040598809719086,0.03918816149234772
0.036990709602832794,-0.0013847202062606812,0.0015040598809719086,0.03918816149234772
0.036990709602832794,-0.0013847202062606812,0.0015040598809719086,0.03918816149234772
0.036990709602832794,-0.0013847202062606812,0.0015040598809719086,0.03918816149234772
0.036990709602832794,-0.0013847202062606812,0.0015040598809719086,0.03918816149234772
0.036990709602832794,-0.0013847202062606812,0.0015040598809719086,0.03918816149234772
0.036990709602832794,-0.0013847202062606812,0.0015040598809719086,0.03918816149234772
0.036990709602832794,-0.0013847202062606812,0.0015040598809719086,0.03918816149234772
0.036990709602832794,-0.0013847202062606812,0.0015040598809719086,0.03918816149234772
0.036990709602832794,-0.0013847202062606812,0.0015040598809719086,0.03918816149234772
0.036990709602832794,-0.0013847202062606812,0.0015040598809719086,0.03918816149234772
0.036990709602832794,-0.0013847202062606812,0.0015040598809719086,0.03918816149234772
0.036990709602832794,-0.0013847202062606812,0.0015040598809719086,0.03918816149234772
0.036990709602832794,-0.0013847202062606812,0.0015040598809719086,0.03918816149234772
0.036990709602832794,-0.0013847202062606812,0.0015040598809719086,0.03918816149234772
0.036990709602832794,-0.0013847202062606812,0.0015040598809719086,0.03918816149234772
0.036990709602832794,-0.0013847202062606812,0.0015040598809719086,0.03918816149234772
0.036990709602832794,-0.0013847202062606812,0.0015040598809719086,0.03918816149234772
0.036990709602832794,-0.0013847202062606812,0.0015040598809719086,0.03918816149234772
0.036990709602832794,-0.0013847202062606812,0.0015040598809719086,0.03918816149234772
0.036990709602832794,-0.0013847202062606812,0.0015040598809719086,0.03918816149234772
0.036990709602832794,-0.0013847202062606812,0.0015040598809719086,0.03918816149234772
0.036990709602832794,-0.0013847202062606812,0.0015040598809719086,0.03918816149234772
0.036990709602832794,-0.0013847202062606812,0.0015040598809719086,0.03918816149234772
0.036990709602832794,-0.0013847202062606812,0.0015040598809719086,0.03918816149234772
0.036990709602832794,-0.0013847202062606812,0.0015040598809719086,0.03918816149234772
0.036990709602832794,-0.0013847202062606812,0.0015040598809719086,0.03918816149234772
0.036990709602832794,-0.0013847202062606812,0.0015040598809719086,0.03918816149234772
0.036990709602832794,-0.0013847202062606812,0.0015040598809719086,0.03918816149234772
0.036990709602832794,-0.0013847202062606812,0.0015040598809719086,0.03918816149234772
0.036990709602832794,-0.0013847202062606812,0.0015040598809719086,0.03918816149234772
0.036990709602832794,-0.0013847202062606812,0.0015040598809719086,0.03918816149234772
0.036990709602832794,-0.0013847202062606812,0.0015040598809719086,0.03918816149234772
0.036990709602832794,-0.0013847202062606812,0.0015040598809719086,0.03918816149234772
0.036990709602832794,-0.0013847202062606812,0.0015040598809719086,0.03918816149234772
0.036990709602832794,-0.0013847202062606812,0.0015040598809719086,0.03918816149234772
0.036990709602832794,-0.0013847202062606812,0.0015040598809719086,0.03918816149234772
0.036990709602832794,-0.0013847202062606812,0.0015040598809719086,0.03918816149234772
0.036990709602832794,-0.0013847202062606812,0.0015040598809719086,0.03918816149234772
0.036990709602832794,-0.0013847202062606812,0.0015040598809719086,0.03918816149234772
0.036990709602832794,-0.0013847202062606812,0.0015040598809719086,0.03918816149234772
0.036990709602832794,-0.0013847202062606812,0.0015040598809719086,0.03918816149234772
0.036990709602832794,-0.0013847202062606812,0.0015040598809719086,0.03918816149234772
0.036990709602832794,-0.0013847202062606812,0.0015040598809719086,0.03918816149234772
0.036990709602832794,-0.0013847202062606812,0.0015040598809719086,0.03918816149234772
0.036990709602832794,-0.0013847202062606812,0.0015040598809719086,0.03918816149234772
0.036990709602832794,-0.0013847202062606812,0.0015040598809719086,0.03918816149234772
0.036990709602832794,-0.0013847202062606812,0.0015040598809719086,0.03918816149234772
0.036990709602832794,-0.0013847202062606812,0.0015040598809719086,0.03918816149234772
0.036990709602832794,-0.0013847202062606812,0.0015040598809719086,0.03918816149234772
0.036990709602832794,-0.0013847202062606812,0.0015040598809719086,0.03918816149234772
0.036990709602832794,-0.0013847202062606812,0.0015040598809719086,0.03918816149234772
0.036990709602832794,-0.0013847202062606812,0.0015040598809719086,0.03918816149234772
0.036990709602832794,-0.0013847202062606812,0.0015040598809719086,0.03918816149234772
0.036990709602832794,-0.0013847202062606812,0.0015040598809719086,0.03918816149234772
0.036990709602832794,-0.0013847202062606812,0.0015040598809719086,0.03918816149234772
0.036990709602832794,-0.0013847202062606812,0.0015040598809719086,0.03918816149234772
0.036990709602832794,-0.0013847202062606812,0.0015040598809719086,0.03918816149234772
0.036990709602832794,-0.0013847202062606812,0.0015040598809719086,0.03918816149234772
0.036990709602832794,-0.0013847202062606812,0.0015040598809719086,0.03918816149234772
0.036990709602832794,-0.0013847202062606812,0.0015040598809719086,0.03918816149234772
0.036990709602832794,-0.0013847202062606812,0.0015040598809719086,0.03918816149234772
0.036990709602832794,-0.0013847202062606812,0.0015040598809719086,0.03918816149234772
0.036990709602832794,-0.0013847202062606812,0.0015040598809719086,0.03918816149234772
0.036990709602832794,-0.0013847202062606812,0.0015040598809719086,0.03918816149234772
0.036990709602832794,-0.0013847202062606812,0.0015040598809719086,0.03918816149234772
0.036990709602832794,-0.0013847202062606812,0.0015040598809719086,0.03918816149234772
0.036990709602832794,-0.0013847202062606812,0.0015040598809719086,0.03918816149234772
0.036990709602832794,-0.0013847202062606812,0.0015040598809719086,0.03918816149234772
0.036990709602832794,-0.0013847202062606812,0.0015040598809719086,0.03918816149234772
0.036990709602832794,-0.0013847202062606812,0.0015040598809719086,0.03918816149234772
0.036990709602832794,-0.0013847202062606812,0.0015040598809719086,0.03918816149234772
0.036990709602832794,-0.0013847202062606812,0.0015040598809719086,0.03918816149234772
0.036990709602832794,-0.0013847202062606812,0.0015040598809719086,0.03918816149234772
0.036990709602832794,-0.0013847202062606812,0.0015040598809719086,0.03918816149234772
0.036990709602832794,-0.0013847202062606812,0.0015040598809719086,0.03918816149234772
0.036990709602832794,-0.0013847202062606812,0.0015040598809719086,0.03918816149234772
0.036990709602832794,-0.0013847202062606812,0.0015040598809719086,0.03918816149234772
0.036990709602832794,-0.0013847202062606812,0.0015040598809719086,0.03918816149234772
0.036990709602832794,-0.0013847202062606812,0.0015040598809719086,0.03918816149234772
0.036990709602832794,-0.0013847202062606812,0.0015040598809719086,0.03918816149234772
0.036990709602832794,-0.0013847202062606812,0.0015040598809719086,0.03918816149234772
0.036990709602832794,-0.0013847202062606812,0.0015040598809719086,0.03918816149234772
0.036990709602832794,-0.0013847202062606812,0.0015040598809719086,0.03918816149234772
0.036990709602832794,-0.0013847202062606812,0.0015040598809719086,0.03918816149234772
0.036990709602832794,-0.0013847202062606812,0.0015040598809719086,0.03918816149234772
0.036990709602832794,-0.0013847202062606812,0.0015040598809719086,0.03918816149234772
0.036990709602832794,-0.0013847202062606812,0.0015040598809719086,0.03918816149234772
0.036990709602832794,-0.0013847202062606812,0.0015040598809719086,0.03918816149234772
0.036990709602832794,-0.0013847202062606812,0.0015040598809719086,0.03918816149234772
0.036990709602832794,-0.0013847202062606812,0.0015040598809719086,0.03918816149234772
0.036990709602832794,-0.0013847202062606812,0.0015040598809719086,0.03918816149234772
0.036990709602832794,-0.0013847202062606812,0.0015040598809719086,0.03918816149234772
0.036990709602832794,-0.0013847202062606812,0.0015040598809719086,0.03918816149234772
0.036990709602832794,-0.0013847202062606812,0.0015040598809719086,0.03918816149234772
0.036990709602832794,-0.0013847202062606812,0.0015040598809719086,0.03918816149234772
0.036990709602832794,-0.0013847202062606812,0.0015040598809719086,0.03918816149234772
0.036990709602832794,-0.0013847202062606812,0.0015040598809719086,0.03918816149234772
0.036990709602832794,-0.0013847202062606812,0.0015040598809719086,0.03918816149234772
0.036990709602832794,-0.0013847202062606812,0.0015040598809719086,0.03918816149234772
0.036990709602832794,-0.0013847202062606812,0.0015040598809719086,0.03918816149234772
0.036990709602832794,-0.0013847202062606812,0.0015040598809719086,0.03918816149234772
0.036990709602832794,-0.0013847202062606812,0.0015040598809719086,0.03918816149234772
0.036990709602832794,-0.0013847202062606812,0.0015040598809719086,0.03918816149234772
0.036990709602832794,-0.0013847202062606812,0.0015040598809719086,0.03918816149234772
0.036990709602832794,-0.0013847202062606812,0.0015040598809719086,0.03918816149234772
0.036990709602832794,-0.0013847202062606812,0.0015040598809719086,0.03918816149234772
0.036990709602832794,-0.0013847202062606812,0.0015040598809719086,0.03918816149234772
0.036990709602832794,-0.0013847202062606812,0.0015040598809719086,0.03918816149234772
0.036990709602832794,-0.0013847202062606812,0.0015040598809719086,0.03918816149234772
0.036990709602832794,-0.0013847202062606812,0.0015040598809719086,0.03918816149234772
0.036990709602832794,-0.0013847202062606812,0.0015040598809719086,0.03918816149234772
0.036990709602832794,-0.0013847202062606812,0.0015040598809719086,0.03918816149234772
0.036990709602832794,-0.0013847202062606812,0.0015040598809719086,0.03918816149234772
0.036990709602832794,-0.0013847202062606812,0.0015040598809719086,0.03918816149234772
0.036990709602832794,-0.0013847202062606812,0.0015040598809719086,0.03918816149234772
0.036990709602832794,-0.0013847202062606812,0.0015040598809719086,0.03918816149234772
0.036990709602832794,-0.0013847202062606812,0.0015040598809719086,0.03918816149234772
0.036990709602832794,-0.0013847202062606812,0.0015040598809719086,0.03918816149234772
0.036990709602832794,-0.0013847202062606812,0.0015040598809719086,0.03918816149234772
0.036990709602832794,-0.0013847202062606812,0.0015040598809719086,0.03918816149234772
0.036990709602832794,-0.0013847202062606812,0.0015040598809719086,0.03918816149234772
0.036990709602832794,-0.0013847202062606812,0.0015040598809719086,0.03918816149234772
0.036990709602832794,-0.0013847202062606812,0.0015040598809719086,0.03918816149234772
0.036990709602832794,-0.0013847202062606812,0.0015040598809719086,0.03918816149234772
0.036990709602832794,-0.0013847202062606812,0.0015040598809719086,0.03918816149234772
0.036990709602832794,-0.0013847202062606812,0.0015040598809719086,0.03918816149234772
0.036990709602832794,-0.0013847202062606812,0.0015040598809719086,0.03918816149234772
0.036990709602832794,-0.0013847202062606812,0.0015040598809719086,0.03918816149234772
0.036990709602832794,-0.0013847202062606812,0.0015040598809719086,0.03918816149234772
0.036990709602832794,-0.0013847202062606812,0.0015040598809719086,0.03918816149234772
0.036990709602832794,-0.0013847202062606812,0.0015040598809719086,0.03918816149234772
0.036990709602832794,-0.0013847202062606812,0.0015040598809719086,0.03918816149234772
0.036990709602832794,-0.0013847202062606812,0.0015040598809719086,0.03918816149234772
0.036990709602832794,-0.0013847202062606812,0.0015040598809719086,0.03918816149234772
0.036990709602832794,-0.0013847202062606812,0.0015040598809719086,0.03918816149234772
0.036990709602832794,-0.0013847202062606812,0.0015040598809719086,0.03918816149234772
0.036990709602832794,-0.0013847202062606812,0.0015040598809719086,0.03918816149234772
0.036990709602832794,-0.0013847202062606812,0.0015040598809719086,0.03918816149234772
0.036990709602832794,-0.0013847202062606812,0.0015040598809719086,0.03918816149234772
0.036990709602832794,-0.0013847202062606812,0.0015040598809719086,0.03918816149234772
0.036990709602832794,-0.0013847202062606812,0.0015040598809719086,0.03918816149234772
0.036990709602832794,-0.0013847202062606812,0.0015040598809719086,0.03918816149234772
0.036990709602832794,-0.0013847202062606812,0.0015040598809719086,0.03918816149234772
0.036990709602832794,-0.0013847202062606812,0.0015040598809719086,0.03918816149234772
0.036990709602832794,-0.0013847202062606812,0.0015040598809719086,0.03918816149234772
0.036990709602832794,-0.0013847202062606812,0.0015040598809719086,0.03918816149234772
0.036990709602832794,-0.0013847202062606812,0.0015040598809719086,0.03918816149234772
0.036990709602832794,-0.0013847202062606812,0.0015040598809719086,0.03918816149234772
0.036990709602832794,-0.0013847202062606812,0.0015040598809719086,0.03918816149234772
0.036990709602832794,-0.0013847202062606812,0.0015040598809719086,0.03918816149234772
0.036990709602832794,-0.0013847202062606812,0.0015040598809719086,0.03918816149234772
0.036990709602832794,-0.0013847202062606812,0.0015040598809719086,0.03918816149234772
0.036990709602832794,-0.0013847202062606812,0.0015040598809719086,0.03918816149234772
0.036990709602832794,-0.0013847202062606812,0.0015040598809719086,0.03918816149234772
0.036990709602832794,-0.0013847202062606812,0.0015040598809719086,0.03918816149234772
0.036990709602832794,-0.0013847202062606812,0.0015040598809719086,0.03918816149234772
0.036990709602832794,-0.0013847202062606812,0.0015040598809719086,0.03918816149234772
0.036990709602832794,-0.0013847202062606812,0.0015040598809719086,0.03918816149234772
0.036990709602832794,-0.0013847202062606812,0.0015040598809719086,0.03918816149234772
0.036990709602832794,-0.0013847202062606812,0.0015040598809719086,0.03918816149234772
0.036990709602832794,-0.0013847202062606812,0.0015040598809719086,0.03918816149234772
0.036990709602832794,-0.0013847202062606812,0.0015040598809719086,0.03918816149234772
0.036990709602832794,-0.0013847202062606812,0.0015040598809719086,0.03918816149234772
0.036990709602832794,-0.0013847202062606812,0.0015040598809719086,0.03918816149234772
0.036990709602832794,-0.0013847202062606812,0.0015040598809719086,0.03918816149234772
0.036990709602832794,-0.0013847202062606812,0.0015040598809719086,0.03918816149234772
0.036990709602832794,-0.0013847202062606812,0.0015040598809719086,0.03918816149234772
0.036990709602832794,-0.0013847202062606812,0.0015040598809719086,0.03918816149234772
0.036990709602832794,-0.0013847202062606812,0.0015040598809719086,0.03918816149234772
0.036990709602832794,-0.0013847202062606812,0.0015040598809719086,0.03918816149234772
0.036990709602832794,-0.0013847202062606812,0.0015040598809719086,0.03918816149234772
0.036990709602832794,-0.0013847202062606812,0.0015040598809719086,0.03918816149234772
0.036990709602832794,-0.0013847202062606812,0.0015040598809719086,0.03918816149234772
0.036990709602832794,-0.0013847202062606812,0.0015040598809719086,0.03918816149234772
0.036990709602832794,-0.0013847202062606812,0.0015040598809719086,0.03918816149234772
0.036990709602832794,-0.0013847202062606812,0.0015040598809719086,0.03918816149234772
0.036990709602832794,-0.0013847202062606812,0.0015040598809719086,0.03918816149234772
0.036990709602832794,-0.0013847202062606812,0.0015040598809719086,0.03918816149234772
0.036990709602832794,-0.0013847202062606812,0.0015040598809719086,0.03918816149234772
0.036990709602832794,-0.0013847202062606812,0.0015040598809719086,0.03918816149234772
0.036990709602832794,-0.0013847202062606812,0.0015040598809719086,0.03918816149234772
0.036990709602832794,-0.0013847202062606812,0.0015040598809719086,0.03918816149234772
0.036990709602832794,-0.0013847202062606812,0.0015040598809719086,0.03918816149234772
0.036990709602832794,-0.0013847202062606812,0.0015040598809719086,0.03918816149234772
0.036990709602832794,-0.0013847202062606812,0.0015040598809719086,0.03918816149234772
0.036990709602832794,-0.0013847202062606812,0.0015040598809719086,0.03918816149234772
0.036990709602832794,-0.0013847202062606812,0.0015040598809719086,0.03918816149234772
0.036990709602832794,-0.0013847202062606812,0.0015040598809719086,0.03918816149234772
0.036990709602832794,-0.0013847202062606812,0.0015040598809719086,0.03918816149234772
0.036990709602832794,-0.0013847202062606812,0.0015040598809719086,0.03918816149234772
0.036990709602832794,-0.0013847202062606812,0.0015040598809719086,0.03918816149234772
0.036990709602832794,-0.0013847202062606812,0.0015040598809719086,0.03918816149234772
0.036990709602832794,-0.0013847202062606812,0.0015040598809719086,0.03918816149234772
0.036990709602832794,-0.0013847202062606812,0.0015040598809719086,0.03918816149234772
0.036990709602832794,-0.0013847202062606812,0.0015040598809719086,0.03918816149234772
0.036990709602832794,-0.0013847202062606812,0.0015040598809719086,0.03918816149234772
0.036990709602832794,-0.0013847202062606812,0.0015040598809719086,0.03918816149234772
0.036990709602832794,-0.0013847202062606812,0.0015040598809719086,0.03918816149234772
0.036990709602832794,-0.0013847202062606812,0.0015040598809719086,0.03918816149234772
0.036990709602832794,-0.0013847202062606812,0.0015040598809719086,0.03918816149234772
0.036990709602832794,-0.0013847202062606812,0.0015040598809719086,0.03918816149234772
0.036990709602832794,-0.0013847202062606812,0.0015040598809719086,0.03918816149234772
0.036990709602832794,-0.0013847202062606812,0.0015040598809719086,0.03918816149234772
0.036990709602832794,-0.0013847202062606812,0.0015040598809719086,0.03918816149234772
0.036990709602832794,-0.0013847202062606812,0.0015040598809719086,0.03918816149234772
0.036990709602832794,-0.0013847202062606812,0.0015040598809719086,0.03918816149234772
0.036990709602832794,-0.0013847202062606812,0.0015040598809719086,0.03918816149234772
0.036990709602832794,-0.0013847202062606812,0.0015040598809719086,0.03918816149234772
0.036990709602832794,-0.0013847202062606812,0.0015040598809719086,0.03918816149234772
0.036990709602832794,-0.0013847202062606812,0.0015040598809719086,0.03918816149234772
0.036990709602832794,-0.0013847202062606812,0.0015040598809719086,0.03918816149234772
0.036990709602832794,-0.0013847202062606812,0.0015040598809719086,0.03918816149234772
0.036990709602832794,-0.0013847202062606812,0.0015040598809719086,0.03918816149234772
0.036990709602832794,-0.0013847202062606812,0.0015040598809719086,0.03918816149234772
0.036990709602832794,-0.0013847202062606812,0.0015040598809719086,0.03918816149234772
0.036990709602832794,-0.0013847202062606812,0.0015040598809719086,0.03918816149234772
0.036990709602832794,-0.0013847202062606812,0.0015040598809719086,0.03918816149234772
0.036990709602832794,-0.0013847202062606812,0.0015040598809719086,0.03918816149234772
0.036990709602832794,-0.0013847202062606812,0.0015040598809719086,0.03918816149234772
0.036990709602832794,-0.0013847202062606812,0.0015040598809719086,0.03918816149234772
0.036990709602832794,-0.0013847202062606812,0.0015040598809719086,0.03918816149234772
0.036990709602832794,-0.0013847202062606812,0.0015040598809719086,0.03918816149234772
0.036990709602832794,-0.0013847202062606812,0.0015040598809719086,0.03918816149234772
0.036990709602832794,-0.0013847202062606812,0.0015040598809719086,0.03918816149234772
0.036990709602832794,-0.0013847202062606812,0.0015040598809719086,0.03918816149234772
0.036990709602832794,-0.0013847202062606812,0.0015040598809719086,0.03918816149234772
0.036990709602832794,-0.0013847202062606812,0.0015040598809719086,0.03918816149234772
0.036990709602832794,-0.0013847202062606812,0.0015040598809719086,0.03918816149234772
0.036990709602832794,-0.0013847202062606812,0.0015040598809719086,0.03918816149234772
0.036990709602832794,-0.0013847202062606812,0.0015040598809719086,0.03918816149234772
0.036990709602832794,-0.0013847202062606812,0.0015040598809719086,0.03918816149234772
0.036990709602832794,-0.0013847202062606812,0.0015040598809719086,0.03918816149234772
0.036990709602832794,-0.0013847202062606812,0.0015040598809719086,0.03918816149234772
0.036990709602832794,-0.0013847202062606812,0.0015040598809719086,0.03918816149234772
0.036990709602832794,-0.0013847202062606812,0.0015040598809719086,0.03918816149234772
0.036990709602832794,-0.0013847202062606812,0.0015040598809719086,0.03918816149234772
0.036990709602832794,-0.0013847202062606812,0.0015040598809719086,0.03918816149234772
0.036990709602832794,-0.0013847202062606812,0.0015040598809719086,0.03918816149234772
0.036990709602832794,-0.0013847202062606812,0.0015040598809719086,0.03918816149234772
0.036990709602832794,-0.0013847202062606812,0.0015040598809719086,0.03918816149234772
0.036990709602832794,-0.0013847202062606812,0.0015040598809719086,0.03918816149234772
0.036990709602832794,-0.0013847202062606812,0.0015040598809719086,0.03918816149234772
0.036990709602832794,-0.0013847202062606812,0.0015040598809719086,0.03918816149234772
0.036990709602832794,-0.0013847202062606812,0.0015040598809719086,0.03918816149234772
0.036990709602832794,-0.0013847202062606812,0.0015040598809719086,0.03918816149234772
0.036990709602832794,-0.0013847202062606812,0.0015040598809719086,0.03918816149234772
0.036990709602832794,-0.0013847202062606812,0.0015040598809719086,0.03918816149234772
0.036990709602832794,-0.0013847202062606812,0.0015040598809719086,0.03918816149234772
0.036990709602832794,-0.0013847202062606812,0.0015040598809719086,0.03918816149234772
0.036990709602832794,-0.0013847202062606812,0.0015040598809719086,0.03918816149234772
0.036990709602832794,-0.0013847202062606812,0.0015040598809719086,0.03918816149234772
0.036990709602832794,-0.0013847202062606812,0.0015040598809719086,0.03918816149234772
0.036990709602832794,-0.0013847202062606812,0.0015040598809719086,0.03918816149234772
0.036990709602832794,-0.0013847202062606812,0.0015040598809719086,0.03918816149234772
0.036990709602832794,-0.0013847202062606812,0.0015040598809719086,0.03918816149234772
0.036990709602832794,-0.0013847202062606812,0.0015040598809719086,0.03918816149234772
0.036990709602832794,-0.0013847202062606812,0.0015040598809719086,0.03918816149234772
0.036990709602832794,-0.0013847202062606812,0.0015040598809719086,0.03918816149234772
0.036990709602832794,-0.0013847202062606812,0.0015040598809719086,0.03918816149234772
0.036990709602832794,-0.0013847202062606812,0.0015040598809719086,0.03918816149234772
0.036990709602832794,-0.0013847202062606812,0.0015040598809719086,0.03918816149234772
0.036990709602832794,-0.0013847202062606812,0.0015040598809719086,0.03918816149234772
0.036990709602832794,-0.0013847202062606812,0.0015040598809719086,0.03918816149234772
0.036990709602832794,-0.0013847202062606812,0.0015040598809719086,0.03918816149234772
0.036990709602832794,-0.0013847202062606812,0.0015040598809719086,0.03918816149234772
0.036990709602832794,-0.0013847202062606812,0.0015040598809719086,0.03918816149234772
0.036990709602832794,-0.0013847202062606812,0.0015040598809719086,0.03918816149234772
0.036990709602832794,-0.0013847202062606812,0.0015040598809719086,0.03918816149234772
0.036990709602832794,-0.0013847202062606812,0.0015040598809719086,0.03918816149234772
0.036990709602832794,-0.0013847202062606812,0.0015040598809719086,0.03918816149234772
0.036990709602832794,-0.0013847202062606812,0.0015040598809719086,0.03918816149234772
0.036990709602832794,-0.0013847202062606812,0.0015040598809719086,0.03918816149234772
0.036990709602832794,-0.0013847202062606812,0.0015040598809719086,0.03918816149234772
0.036990709602832794,-0.0013847202062606812,0.0015040598809719086,0.03918816149234772
0.036990709602832794,-0.0013847202062606812,0.0015040598809719086,0.03918816149234772
0.036990709602832794,-0.0013847202062606812,0.0015040598809719086,0.03918816149234772
0.036990709602832794,-0.0013847202062606812,0.0015040598809719086,0.03918816149234772
0.036990709602832794,-0.0013847202062606812,0.0015040598809719086,0.03918816149234772
0.036990709602832794,-0.0013847202062606812,0.0015040598809719086,0.03918816149234772
0.036990709602832794,-0.0013847202062606812,0.0015040598809719086,0.03918816149234772
0.036990709602832794,-0.0013847202062606812,0.0015040598809719086,0.03918816149234772
0.036990709602832794,-0.0013847202062606812,0.0015040598809719086,0.03918816149234772
0.036990709602832794,-0.0013847202062606812,0.0015040598809719086,0.03918816149234772
0.036990709602832794,-0.0013847202062606812,0.0015040598809719086,0.03918816149234772
0.036990709602832794,-0.0013847202062606812,0.0015040598809719086,0.03918816149234772
0.036990709602832794,-0.0013847202062606812,0.0015040598809719086,0.03918816149234772
0.036990709602832794,-0.0013847202062606812,0.0015040598809719086,0.03918816149234772
0.036990709602832794,-0.0013847202062606812,0.0015040598809719086,0.03918816149234772
0.036990709602832794,-0.0013847202062606812,0.0015040598809719086,0.03918816149234772
0.036990709602832794,-0.0013847202062606812,0.0015040598809719086,0.03918816149234772
0.036990709602832794,-0.0013847202062606812,0.0015040598809719086,0.03918816149234772
0.036990709602832794,-0.0013847202062606812,0.0015040598809719086,0.03918816149234772
0.036990709602832794,-0.0013847202062606812,0.0015040598809719086,0.03918816149234772
0.036990709602832794,-0.0013847202062606812,0.0015040598809719086,0.03918816149234772
0.036990709602832794,-0.0013847202062606812,0.0015040598809719086,0.03918816149234772
0.036990709602832794,-0.0013847202062606812,0.0015040598809719086,0.03918816149234772
0.036990709602832794,-0.0013847202062606812,0.0015040598809719086,0.03918816149234772
0.036990709602832794,-0.0013847202062606812,0.0015040598809719086,0.03918816149234772
0.036990709602832794,-0.0013847202062606812,0.0015040598809719086,0.03918816149234772
0.036990709602832794,-0.0013847202062606812,0.0015040598809719086,0.03918816149234772
0.036990709602832794,-0.0013847202062606812,0.0015040598809719086,0.03918816149234772
0.036990709602832794,-0.0013847202062606812,0.0015040598809719086,0.03918816149234772
0.036990709602832794,-0.0013847202062606812,0.0015040598809719086,0.03918816149234772
0.036990709602832794,-0.0013847202062606812,0.0015040598809719086,0.03918816149234772
0.036990709602832794,-0.0013847202062606812,0.0015040598809719086,0.03918816149234772
0.036990709602832794,-0.0013847202062606812,0.0015040598809719086,0.03918816149234772
0.036990709602832794,-0.0013847202062606812,0.0015040598809719086,0.03918816149234772
0.036990709602832794,-0.0013847202062606812,0.0015040598809719086,0.03918816149234772
0.036990709602832794,-0.0013847202062606812,0.0015040598809719086,0.03918816149234772
0.036990709602832794,-0.0013847202062606812,0.0015040598809719086,0.03918816149234772
0.036990709602832794,-0.0013847202062606812,0.0015040598809719086,0.03918816149234772
0.036990709602832794,-0.0013847202062606812,0.0015040598809719086,0.03918816149234772
0.036990709602832794,-0.0013847202062606812,0.0015040598809719086,0.03918816149234772
0.036990709602832794,-0.0013847202062606812,0.0015040598809719086,0.03918816149234772
0.036990709602832794,-0.0013847202062606812,0.0015040598809719086,0.03918816149234772
0.036990709602832794,-0.0013847202062606812,0.0015040598809719086,0.03918816149234772
0.036990709602832794,-0.0013847202062606812,0.0015040598809719086,0.03918816149234772
0.036990709602832794,-0.0013847202062606812,0.0015040598809719086,0.03918816149234772
0.036990709602832794,-0.0013847202062606812,0.0015040598809719086,0.03918816149234772
0.036990709602832794,-0.0013847202062606812,0.0015040598809719086,0.03918816149234772
0.036990709602832794,-0.0013847202062606812,0.0015040598809719086,0.03918816149234772
0.036990709602832794,-0.0013847202062606812,0.0015040598809719086,0.03918816149234772
0.036990709602832794,-0.0013847202062606812,0.0015040598809719086,0.03918816149234772
0.036990709602832794,-0.0013847202062606812,0.0015040598809719086,0.03918816149234772
0.036990709602832794,-0.0013847202062606812,0.0015040598809719086,0.03918816149234772
0.036990709602832794,-0.0013847202062606812,0.0015040598809719086,0.03918816149234772
0.036990709602832794,-0.0013847202062606812,0.0015040598809719086,0.03918816149234772
0.036990709602832794,-0.0013847202062606812,0.0015040598809719086,0.03918816149234772
0.036990709602832794,-0.0013847202062606812,0.0015040598809719086,0.03918816149234772
0.036990709602832794,-0.0013847202062606812,0.0015040598809719086,0.03918816149234772
0.036990709602832794,-0.0013847202062606812,0.0015040598809719086,0.03918816149234772
0.036990709602832794,-0.0013847202062606812,0.0015040598809719086,0.03918816149234772
0.036990709602832794,-0.0013847202062606812,0.0015040598809719086,0.03918816149234772
0.036990709602832794,-0.0013847202062606812,0.0015040598809719086,0.03918816149234772
0.036990709602832794,-0.0013847202062606812,0.0015040598809719086,0.03918816149234772
0.036990709602832794,-0.0013847202062606812,0.0015040598809719086,0.03918816149234772
0.036990709602832794,-0.0013847202062606812,0.0015040598809719086,0.03918816149234772
0.036990709602832794,-0.0013847202062606812,0.0015040598809719086,0.03918816149234772
0.036990709602832794,-0.0013847202062606812,0.0015040598809719086,0.03918816149234772
