vx,vy,vz,omega_z
-0.054425083100795746,-0.005993224680423737,-0.3334593176841736,0.8210881948471069
-0.0895916298031807,-0.01339811086654663,-0.36338940262794495,0.9378485679626465
-0.0964241698384285,-0.014808498322963715,-0.36388444900512695,0.9423214197158813
-0.09755942970514297,-0.014988221228122711,-0.3638746440410614,0.9425274729728699
-0.0977422371506691,-0.015016071498394012,-0.3638725280761719,0.9425389766693115
-0.09777141362428665,-0.015020772814750671,-0.3638722598552704,0.942539632320404
-0.09777598828077316,-0.015021570026874542,-0.3638722598552704,0.9425396919250488
-0.09777674823999405,-0.015021711587905884,-0.3638722598552704,0.9425396919250488
-0.09777683764696121,-0.015021733939647675,-0.3638722598552704,0.9425396919250488
-0.0977768674492836,-0.015021763741970062,-0.3638722598552704,0.9425396919250488
-0.0977768674492836,-0.015021763741970062,-0.3638722598552704,0.9425396919250488
-0.0977768674492836,-0.015021763741970062,-0.3638722598552704,0.9425396919250488
-0.0977768674492836,-0.015021763741970062,-0.3638722598552704,0.9425396919250488
-0.0977768674492836,-0.015021763741970062,-0.3638722598552704,0.9425396919250488
-0.0977768674492836,-0.015021763741970062,-0.3638722598552704,0.9425396919250488
-0.0977768674492836,-0.015021763741970062,-0.3638722598552704,0.9425396919250488
-0.0977768674492836,-0.015021763741970062,-0.3638722598552704,0.9425396919250488
-0.0977768674492836,-0.015021763741970062,-0.3638722598552704,0.9425396919250488
-0.0977768674492836,-0.015021763741970062,-0.3638722598552704,0.9425396919250488
-0.0977768674492836,-0.015021763741970062,-0.3638722598552704,0.9425396919250488
-0.0977768674492836,-0.015021763741970062,-0.3638722598552704,0.9425396919250488
-0.0977768674492836,-0.015021763741970062,-0.3638722598552704,0.9425396919250488
-0.0977768674492836,-0.015021763741970062,-0.3638722598552704,0.9425396919250488
-0.0977768674492836,-0.015021763741970062,-0.3638722598552704,0.9425396919250488
-0.0977768674492836,-0.015021763741970062,-0.3638722598552704,0.9425396919250488
-0.0977768674492836,-0.015021763741970062,-0.3638722598552704,0.9425396919250488
-0.0977768674492836,-0.015021763741970062,-0.3638722598552704,0.9425396919250488
-0.0977768674492836,-0.015021763741970062,-0.3638722598552704,0.9425396919250488
-0.0977768674492836,-0.015021763741970062,-0.3638722598552704,0.9425396919250488
-0.0977768674492836,-0.015021763741970062,-0.3638722598552704,0.9425396919250488
-0.0977768674492836,-0.015021763741970062,-0.3638722598552704,0.9425396919250488
-0.0977768674492836,-0.015021763741970062,-0.3638722598552704,0.9425396919250488
-0.0977768674492836,-0.015021763741970062,-0.3638722598552704,0.9425396919250488
-0.0977768674492836,-0.015021763741970062,-0.3638722598552704,0.9425396919250488
-0.0977768674492836,-0.015021763741970062,-0.3638722598552704,0.9425396919250488
-0.0977768674492836,-0.015021763741970062,-0.3638722598552704,0.9425396919250488
-0.0977768674492836,-0.015021763741970062,-0.3638722598552704,0.9425396919250488
-0.08989294618368149,-0.01959272474050522,-0.33407342433929443,0.9385442733764648
-0.08757125586271286,-0.021104343235492706,-0.3293287456035614,0.9379879832267761
-0.0953545942902565,-0.008744679391384125,-0.3303915858268738,0.912466287612915
-0.09576932340860367,-0.005950123071670532,-0.32833805680274963,0.9080362319946289
-0.0870843455195427,-0.0112689808011055,-0.3244071304798126,0.9175106883049011
-0.08627591282129288,-0.01319161057472229,-0.32359778881073,0.9203365445137024
-0.08627618104219437,-0.013565793633460999,-0.32351014018058777,0.9205164313316345
-0.08465122431516647,-0.015701986849308014,-0.32481279969215393,0.9000661373138428
-0.08961736410856247,-0.016193576157093048,-0.3132319748401642,0.8685522675514221
-0.09071949869394302,-0.016939282417297363,-0.31121164560317993,0.8636003136634827
-0.09089038521051407,-0.01657586544752121,-0.3120322823524475,0.8455666899681091
-0.09017344564199448,-0.017050661146640778,-0.31267550587654114,0.8422176837921143
-0.08517395704984665,-0.02103600651025772,-0.30550137162208557,0.8410599231719971
-0.08507075160741806,-0.022321075201034546,-0.30473488569259644,0.8411407470703125
-0.08220059424638748,-0.01874401420354843,-0.29683583974838257,0.8425719141960144
-0.0838451161980629,-0.0193324014544487,-0.2954357862472534,0.84366375207901
-0.0856911912560463,-0.024112306535243988,-0.2880324423313141,0.8328961730003357
-0.08687093108892441,-0.025551646947860718,-0.28760549426078796,0.8310848474502563
-0.08729966729879379,-0.03202838450670242,-0.2779831290245056,0.8053951859474182
-0.0852932557463646,-0.03346927464008331,-0.27632802724838257,0.8004978895187378
-0.09100174158811569,-0.02900836616754532,-0.26921546459198,0.782677948474884
-0.09257634729146957,-0.02729877084493637,-0.27009913325309753,0.7774980664253235
-0.08288265019655228,-0.030074134469032288,-0.26974138617515564,0.7548784017562866
-0.07896187156438828,-0.030842572450637817,-0.27126145362854004,0.7488649487495422
-0.07123398035764694,-0.025280937552452087,-0.25856950879096985,0.7355539798736572
-0.06886828690767288,-0.024957843124866486,-0.25429704785346985,0.7343246340751648
-0.06374918669462204,-0.02339416742324829,-0.24882037937641144,0.7265494465827942
-0.06202871352434158,-0.023669816553592682,-0.24717821180820465,0.7250862717628479
-0.055438779294490814,-0.03070645034313202,-0.237403005361557,0.7237201929092407
-0.05461592227220535,-0.03294636309146881,-0.2349568009376526,0.7242237329483032
-0.05206537991762161,-0.03432341665029526,-0.2414902299642563,0.7104464769363403
-0.04899578541517258,-0.03508097678422928,-0.24162515997886658,0.7077627182006836
-0.046909771859645844,-0.028224505484104156,-0.2315024882555008,0.6814162731170654
-0.04428651183843613,-0.026981092989444733,-0.22877541184425354,0.6764981150627136
-0.053608573973178864,-0.030636511743068695,-0.21802276372909546,0.6604881882667542
-0.057446591556072235,-0.030238062143325806,-0.21295709908008575,0.6457914710044861
-0.05747637897729874,-0.02959343045949936,-0.21250298619270325,0.6437546610832214
-0.05746536701917648,-0.02947496622800827,-0.2125030755996704,0.643681526184082
-0.05456206947565079,-0.02685169130563736,-0.21039384603500366,0.6318923234939575
-0.053270913660526276,-0.02608633041381836,-0.21110832691192627,0.6296586394309998
-0.052204690873622894,-0.021361403167247772,-0.2130686342716217,0.623265266418457
-0.051844172179698944,-0.020649433135986328,-0.21223503351211548,0.6226420402526855
-0.044207580387592316,-0.027942821383476257,-0.20492485165596008,0.6059988737106323
-0.0394212082028389,-0.031200237572193146,-0.19515882432460785,0.6014226078987122
-0.03980424255132675,-0.03163299709558487,-0.19380366802215576,0.6013145446777344
-0.03426695615053177,-0.03349393606185913,-0.18598195910453796,0.5970131158828735
-0.04407043009996414,-0.04078413546085358,-0.18688920140266418,0.5805102586746216
-0.04452366381883621,-0.040831197053194046,-0.1872299760580063,0.5777734518051147
-0.04555568844079971,-0.04183235019445419,-0.1845797747373581,0.5756735801696777
-0.045837678015232086,-0.04186933860182762,-0.1839100867509842,0.575587272644043
-0.04144985228776932,-0.041532840579748154,-0.18485161662101746,0.5663028359413147
-0.040012530982494354,-0.04142032563686371,-0.1857065111398697,0.5644821524620056
-0.03098047524690628,-0.03936287388205528,-0.1747841238975525,0.545954704284668
-0.028975404798984528,-0.03844492509961128,-0.17480507493019104,0.5430794358253479
-0.03111400455236435,-0.0365322008728981,-0.16453014314174652,0.5386223793029785
-0.03169844299554825,-0.035440340638160706,-0.16315779089927673,0.5383160710334778
-0.026509903371334076,-0.032713405787944794,-0.16191238164901733,0.5289902687072754
-0.025122947990894318,-0.032022371888160706,-0.16374841332435608,0.5265307426452637
-0.02461480349302292,-0.03344395011663437,-0.16241100430488586,0.510167121887207
-0.02382131665945053,-0.03323422372341156,-0.16377688944339752,0.5065203905105591
-0.02255874127149582,-0.031018629670143127,-0.16066646575927734,0.48569297790527344
-0.02130969613790512,-0.030013710260391235,-0.16153015196323395,0.48157998919487
-0.024071864783763885,-0.03289075195789337,-0.1540430635213852,0.4784618020057678
-0.02767566591501236,-0.03608942776918411,-0.15053245425224304,0.4761558473110199
-0.027921728789806366,-0.036139436066150665,-0.15023770928382874,0.4758811295032501
-0.030436180531978607,-0.038725052028894424,-0.14989648759365082,0.47714951634407043
-0.03071843832731247,-0.03885263577103615,-0.14975786209106445,0.47735315561294556
-0.029628269374370575,-0.039848845452070236,-0.14824652671813965,0.47093236446380615
-0.029215000569820404,-0.03971482813358307,-0.14910449087619781,0.46935924887657166
-0.027245156466960907,-0.04073169454932213,-0.14470458030700684,0.45989227294921875
-0.026649706065654755,-0.04060117155313492,-0.14482250809669495,0.4582727253437042
-0.024914942681789398,-0.042802244424819946,-0.13928508758544922,0.4516862630844116
-0.024796880781650543,-0.043018292635679245,-0.1386198103427887,0.45081713795661926
-0.028838418424129486,-0.04566844925284386,-0.13906507194042206,0.44467318058013916
-0.029161356389522552,-0.046041641384363174,-0.13848412036895752,0.44422250986099243
-0.026006214320659637,-0.046277619898319244,-0.13179512321949005,0.4313676655292511
-0.02555946260690689,-0.046135853976011276,-0.13188707828521729,0.42869552969932556
-0.02164926379919052,-0.04740050807595253,-0.1355421394109726,0.4204231798648834
-0.020410455763339996,-0.04775918647646904,-0.13757285475730896,0.41779571771621704
-0.01706109195947647,-0.04651770740747452,-0.13702301681041718,0.4062044620513916
-0.015611745417118073,-0.04710090160369873,-0.13265091180801392,0.39860180020332336
-0.015424005687236786,-0.046809516847133636,-0.132759228348732,0.3971642255783081
-0.014403767883777618,-0.0463695265352726,-0.12600985169410706,0.3920458257198334
-0.014349423348903656,-0.045830123126506805,-0.12574945390224457,0.39101696014404297
-0.015913881361484528,-0.0445934496819973,-0.12414476275444031,0.38942962884902954
-0.015892155468463898,-0.04385608807206154,-0.12374372780323029,0.38964882493019104
-0.017980657517910004,-0.04290510714054108,-0.12045063078403473,0.3827919065952301
-0.01812954992055893,-0.04170653223991394,-0.1204504445195198,0.3815217614173889
-0.021381370723247528,-0.04253428801894188,-0.12018275260925293,0.3712034821510315
-0.021530650556087494,-0.04167629033327103,-0.12095817923545837,0.36865782737731934
-0.01894257217645645,-0.04256973788142204,-0.11981891095638275,0.3674509823322296
-0.018696479499340057,-0.043259747326374054,-0.11965551972389221,0.3676557242870331
-0.021823503077030182,-0.04613766819238663,-0.11849794536828995,0.36305496096611023
-0.022172294557094574,-0.04616515710949898,-0.1187993735074997,0.36197882890701294
-0.021694816648960114,-0.04412626475095749,-0.11683043837547302,0.35668718814849854
-0.02206464856863022,-0.04581943154335022,-0.10976140201091766,0.349379301071167
-0.02240336686372757,-0.04590105637907982,-0.10965228080749512,0.3473677635192871
-0.018986590206623077,-0.04650771617889404,-0.10350741446018219,0.34261345863342285
-0.018797360360622406,-0.04641132429242134,-0.10345447063446045,0.3410953879356384
-0.016023121774196625,-0.04735926538705826,-0.10084842145442963,0.33823609352111816
-0.015716470777988434,-0.04787997901439667,-0.10124391317367554,0.3366299271583557
-0.014299534261226654,-0.0472695417702198,-0.09584641456604004,0.33136987686157227
-0.014312200248241425,-0.04703802242875099,-0.09539685398340225,0.3293036222457886
-0.011110804975032806,-0.0475352481007576,-0.0893574059009552,0.3220905065536499
-0.010739825665950775,-0.046988777816295624,-0.08923371136188507,0.31955140829086304
-0.009836636483669281,-0.04978402704000473,-0.08720950782299042,0.3099786043167114
-0.009467296302318573,-0.049678679555654526,-0.08789608627557755,0.30666136741638184
-0.007451184093952179,-0.05028541386127472,-0.08439002931118011,0.30305153131484985
-0.007038407027721405,-0.050272565335035324,-0.08478401601314545,0.30181780457496643
-0.00786532461643219,-0.04925075173377991,-0.0844416543841362,0.29821741580963135
-0.007755093276500702,-0.04837103560566902,-0.08486796915531158,0.29701143503189087
-0.010016880929470062,-0.04857698082923889,-0.08722715824842453,0.293201744556427
-0.010086171329021454,-0.048542946577072144,-0.08787998557090759,0.291689395904541
-0.011422313749790192,-0.04584187641739845,-0.08750329911708832,0.28683042526245117
-0.011476047337055206,-0.04484912008047104,-0.08767219632863998,0.28496724367141724
-0.012663312256336212,-0.04249383509159088,-0.08616731315851212,0.28639093041419983
-0.01289384812116623,-0.04168868809938431,-0.0859128087759018,0.2865731120109558
-0.013224177062511444,-0.03940536454319954,-0.08162372559309006,0.28182151913642883
-0.011338286101818085,-0.036715880036354065,-0.07589194923639297,0.2726244032382965
-0.011083506047725677,-0.035985544323921204,-0.07527822256088257,0.2700851857662201
-0.008579157292842865,-0.034387558698654175,-0.07127493619918823,0.26506757736206055
-0.008216716349124908,-0.033924080431461334,-0.07092183083295822,0.2635459005832672
-0.007405072450637817,-0.03283977508544922,-0.07296787202358246,0.2613259553909302
-0.006264843046665192,-0.03165188431739807,-0.07215795665979385,0.2566603422164917
-0.006093934178352356,-0.030889064073562622,-0.072099469602108,0.2552541494369507
-0.003585822880268097,-0.029059112071990967,-0.06697814166545868,0.24971547722816467
-0.003252290189266205,-0.02855885773897171,-0.06627832353115082,0.24791935086250305
-0.0032215863466262817,-0.02835201472043991,-0.06623907387256622,0.24778017401695251
-0.002691924571990967,-0.028727836906909943,-0.06611453741788864,0.24491819739341736
-0.002652972936630249,-0.029922716319561005,-0.06450458616018295,0.2386464774608612
-0.0024918392300605774,-0.030054263770580292,-0.06487911194562912,0.23681819438934326
-0.003045983612537384,-0.03160847723484039,-0.062202729284763336,0.23405256867408752
-0.003073379397392273,-0.03158821910619736,-0.06232751905918121,0.23312756419181824
-0.00307522714138031,-0.03147299587726593,-0.06232226639986038,0.2330550253391266
-0.002788268029689789,-0.032188624143600464,-0.060877565294504166,0.2294493317604065
-0.0021744519472122192,-0.033004648983478546,-0.05677639693021774,0.22423875331878662
-0.002049781382083893,-0.03372675180435181,-0.056763458997011185,0.2231435477733612
-0.0013259276747703552,-0.03412143886089325,-0.053887929767370224,0.22039246559143066
-0.0012044757604599,-0.03457219898700714,-0.05388137325644493,0.21976497769355774
-0.0008364617824554443,-0.03450160473585129,-0.05178031325340271,0.2123851180076599
-0.0005683004856109619,-0.035338640213012695,-0.052141882479190826,0.21064835786819458
0.0004948973655700684,-0.035441070795059204,-0.04818406701087952,0.2060556411743164
0.0007020905613899231,-0.03614606708288193,-0.04790525883436203,0.20516560971736908
0.0005336776375770569,-0.03574025630950928,-0.047255635261535645,0.2026834785938263
0.0005595684051513672,-0.03608318418264389,-0.047549232840538025,0.20229095220565796
0.0016036629676818848,-0.035746462643146515,-0.050093941390514374,0.20007526874542236
0.00184563547372818,-0.03605753928422928,-0.050692155957221985,0.19962379336357117
0.0030746757984161377,-0.03566734492778778,-0.04925435781478882,0.19670377671718597
0.003230944275856018,-0.03615390509366989,-0.049041084945201874,0.19623605906963348
0.0035073086619377136,-0.035482071340084076,-0.04794076457619667,0.1925112009048462
0.0035536885261535645,-0.03591802716255188,-0.047750361263751984,0.1919407993555069
0.0033953115344047546,-0.035549916326999664,-0.04682284593582153,0.18924477696418762
0.0045116618275642395,-0.03399132937192917,-0.044992923736572266,0.18312793970108032
0.004663489758968353,-0.034669555723667145,-0.0447094663977623,0.18216662108898163
0.0053439512848854065,-0.032397374510765076,-0.04218313470482826,0.17682775855064392
0.005409233272075653,-0.032934047281742096,-0.0419079065322876,0.17614680528640747
0.006032265722751617,-0.032019779086112976,-0.042187243700027466,0.1733541488647461
0.006212882697582245,-0.032202765345573425,-0.04231896996498108,0.17287224531173706
0.00560750812292099,-0.030693739652633667,-0.04069551080465317,0.17096683382987976
0.004662632942199707,-0.03174811601638794,-0.037812910974025726,0.16897952556610107
0.004507109522819519,-0.03225000202655792,-0.03746252506971359,0.16883093118667603
0.0044867247343063354,-0.03233446180820465,-0.037429921329021454,0.16882722079753876
0.004767157137393951,-0.0331374853849411,-0.03709523379802704,0.16700711846351624
0.0048636943101882935,-0.03352918475866318,-0.036994826048612595,0.1667141169309616
0.00432596355676651,-0.03390876203775406,-0.03447435051202774,0.1669498234987259
0.004209361970424652,-0.03426920622587204,-0.03429099917411804,0.16739659011363983
0.004323020577430725,-0.03360031545162201,-0.03342623636126518,0.1629922091960907
0.00434529036283493,-0.03389335423707962,-0.033337339758872986,0.16240055859088898
0.004997551441192627,-0.03401324152946472,-0.033814892172813416,0.16027475893497467
0.005153872072696686,-0.034498706459999084,-0.03397110849618912,0.16004066169261932
0.0056718140840530396,-0.03374844789505005,-0.03383784741163254,0.1576874554157257
0.006334327161312103,-0.03250148892402649,-0.03295140713453293,0.15258640050888062
0.006419941782951355,-0.03249617666006088,-0.03260835260152817,0.15159857273101807
0.007003761827945709,-0.031527079641819,-0.030406786128878593,0.14782582223415375
0.007015317678451538,-0.03188519924879074,-0.03002755716443062,0.14726212620735168
0.00773949921131134,-0.030740834772586823,-0.028284117579460144,0.14448736608028412
0.007748693227767944,-0.030922263860702515,-0.027805984020233154,0.14409507811069489
0.0073607563972473145,-0.0312739759683609,-0.025994576513767242,0.14279407262802124
0.0072327181696891785,-0.03146101534366608,-0.02565246820449829,0.1425979733467102
0.007215328514575958,-0.03175491839647293,-0.025507833808660507,0.1408204436302185
0.0072058215737342834,-0.03195464611053467,-0.025388672947883606,0.14043404161930084
0.007699877023696899,-0.031139418482780457,-0.024269506335258484,0.1380564570426941
0.00773688405752182,-0.031266480684280396,-0.02423868328332901,0.13769060373306274
0.00711282342672348,-0.031035088002681732,-0.024768289178609848,0.13545182347297668
0.007002092897891998,-0.031136028468608856,-0.02492041140794754,0.13502414524555206
0.007546521723270416,-0.030584916472434998,-0.02502533420920372,0.1315319538116455
0.007638469338417053,-0.030997522175312042,-0.02524759992957115,0.13104788959026337
0.00772634893655777,-0.03125101327896118,-0.02495521679520607,0.12807591259479523
0.007733069360256195,-0.03174997866153717,-0.025178272277116776,0.12779663503170013
0.008204542100429535,-0.031997837126255035,-0.02461116760969162,0.1254231035709381
0.008254483342170715,-0.0323721244931221,-0.024533376097679138,0.12498985230922699
0.00854954868555069,-0.03283461928367615,-0.024295777082443237,0.12322980165481567
0.008592024445533752,-0.03317902982234955,-0.024192724376916885,0.12286198139190674
0.010163933038711548,-0.03283575177192688,-0.0229622982442379,0.12018640339374542
0.010371319949626923,-0.03327874094247818,-0.02265293523669243,0.11970146000385284
0.012262307107448578,-0.033274032175540924,-0.023099806159734726,0.11582116782665253
0.01248788833618164,-0.033041372895240784,-0.021716400980949402,0.11557276546955109
0.012458905577659607,-0.03292081505060196,-0.02122456207871437,0.11562129855155945
0.012711301445960999,-0.031874097883701324,-0.02151365950703621,0.11540451645851135
0.012787453830242157,-0.0319746732711792,-0.02155975252389908,0.11535744369029999
0.012795709073543549,-0.03206971287727356,-0.021564219146966934,0.1153455525636673
0.012724921107292175,-0.0315411314368248,-0.019730929285287857,0.11528920382261276
0.013103306293487549,-0.03149857372045517,-0.018784835934638977,0.11164744198322296
0.01319897174835205,-0.03155668079853058,-0.018666867166757584,0.11083325743675232
0.013937801122665405,-0.03151237219572067,-0.020239923149347305,0.10769616812467575
0.014170460402965546,-0.03154100477695465,-0.02065938711166382,0.10696227848529816
0.013986490666866302,-0.0312667191028595,-0.020504936575889587,0.10751324892044067
0.013976842164993286,-0.030968360602855682,-0.020371273159980774,0.10753752291202545
0.014172613620758057,-0.03091122955083847,-0.01899898424744606,0.10769467055797577
0.014185495674610138,-0.03066355735063553,-0.018713224679231644,0.10782308876514435
0.014240086078643799,-0.030483640730381012,-0.017724882811307907,0.10615897923707962
0.014240063726902008,-0.030251383781433105,-0.017474889755249023,0.10593195259571075
0.01392093300819397,-0.02969604730606079,-0.016941439360380173,0.10531207919120789
0.013887092471122742,-0.029371030628681183,-0.016690049320459366,0.10518735647201538
0.014972038567066193,-0.028787963092327118,-0.014850262552499771,0.10288449376821518
0.01512821763753891,-0.02867244929075241,-0.014451254159212112,0.10261087119579315
0.015447035431861877,-0.02795466035604477,-0.014195151627063751,0.10007551312446594
0.01634027808904648,-0.026854082942008972,-0.013024386018514633,0.09728223085403442
0.016500525176525116,-0.026646435260772705,-0.012736424803733826,0.09686936438083649
0.017093904316425323,-0.02584807574748993,-0.012426763772964478,0.09359245002269745
0.01722119003534317,-0.025603659451007843,-0.012322019785642624,0.09282456338405609
0.018140017986297607,-0.024219758808612823,-0.012225218117237091,0.09103161096572876
0.01832936704158783,-0.02394629269838333,-0.012181352823972702,0.09055627137422562
0.0190170556306839,-0.023338161408901215,-0.011741988360881805,0.08918198198080063
0.01916377991437912,-0.023258477449417114,-0.011723436415195465,0.0889386236667633
0.019654855132102966,-0.022725366055965424,-0.011988751590251923,0.08799862116575241
0.020262405276298523,-0.022495731711387634,-0.012269396334886551,0.0868634358048439
0.020354144275188446,-0.022526003420352936,-0.012348450720310211,0.08667666465044022
0.020364485681056976,-0.02256486564874649,-0.012352582067251205,0.08666212856769562
0.02100377529859543,-0.022081390023231506,-0.012469176203012466,0.08541309833526611
0.022050432860851288,-0.021668992936611176,-0.01260194182395935,0.08396615087985992
0.022246576845645905,-0.021796666085720062,-0.012770619243383408,0.08369430899620056
0.022640913724899292,-0.021845228970050812,-0.012591805309057236,0.0822855532169342
0.02270682156085968,-0.022050820291042328,-0.012697119265794754,0.08210660517215729
0.02302926778793335,-0.0221097469329834,-0.012292921543121338,0.08160829544067383
0.023076072335243225,-0.02217201143503189,-0.012263007462024689,0.08156397193670273
0.023624278604984283,-0.022336065769195557,-0.012093786150217056,0.08044897019863129
0.0237274169921875,-0.022349409759044647,-0.01208200678229332,0.08025354892015457
0.023930303752422333,-0.022172540426254272,-0.010718327015638351,0.07757837325334549
0.02396707981824875,-0.022121533751487732,-0.010412923991680145,0.07721630483865738
0.024569101631641388,-0.021361306309700012,-0.01036287471652031,0.07580599933862686
0.02469170093536377,-0.02124829590320587,-0.010308358818292618,0.07551146298646927
0.025139205157756805,-0.02115018665790558,-0.010050825774669647,0.07442784309387207
0.024991437792778015,-0.021525107324123383,-0.009075518697500229,0.07420779019594193
0.024921543896198273,-0.02169007807970047,-0.008868366479873657,0.07423737645149231
0.02491125464439392,-0.02172749489545822,-0.008854810148477554,0.07423902302980423
0.024445965886116028,-0.022358499467372894,-0.008040402084589005,0.07517967373132706
0.024319685995578766,-0.02214425802230835,-0.007879670709371567,0.07533621042966843
0.024324730038642883,-0.022078894078731537,-0.007814720273017883,0.07530824840068817
0.024324767291545868,-0.022093363106250763,-0.007809940725564957,0.07530586421489716
0.0249316543340683,-0.02123361825942993,-0.0072026848793029785,0.07459824532270432
0.025650642812252045,-0.02031569927930832,-0.008734330534934998,0.07271518558263779
0.025855176150798798,-0.020067811012268066,-0.009127024561166763,0.07225465029478073
0.02635239064693451,-0.019373081624507904,-0.009066645056009293,0.07110566645860672
0.026490479707717896,-0.019177325069904327,-0.009045775979757309,0.07091307640075684
0.02647368609905243,-0.0187881737947464,-0.00914863869547844,0.0704982802271843
0.026510916650295258,-0.01870555430650711,-0.00917011871933937,0.07045885175466537
0.026033125817775726,-0.01903984695672989,-0.009408470243215561,0.07112493366003036
0.025943540036678314,-0.019191183149814606,-0.009435031563043594,0.07121133804321289
0.026296496391296387,-0.018901526927947998,-0.009676162153482437,0.0702364593744278
0.02672678232192993,-0.018834494054317474,-0.00914556160569191,0.06966464221477509
0.026812896132469177,-0.01889612525701523,-0.009044650942087173,0.06965971738100052
0.027124464511871338,-0.018629014492034912,-0.008393406867980957,0.06894718110561371
0.02717113494873047,-0.018345847725868225,-0.00811285525560379,0.0687585324048996
0.02699127048254013,-0.01815570890903473,-0.007764589041471481,0.06843499094247818
0.02695375680923462,-0.01786953955888748,-0.007638875395059586,0.06839820742607117
0.026595622301101685,-0.01729872077703476,-0.0075868889689445496,0.06971736252307892
0.0263189896941185,-0.016303278505802155,-0.0068279653787612915,0.0683787390589714
0.026277683675289154,-0.016002997756004333,-0.0066957175731658936,0.06810549646615982
0.026407703757286072,-0.01586497575044632,-0.0071677640080451965,0.06597871333360672
0.026460982859134674,-0.015903301537036896,-0.007319428026676178,0.06548657268285751
0.026468731462955475,-0.015938863158226013,-0.007330019026994705,0.06544336676597595
0.026844531297683716,-0.015580885112285614,-0.007859103381633759,0.06250642985105515
0.027218207716941833,-0.015845879912376404,-0.008897107094526291,0.06043504923582077
0.027320466935634613,-0.01608654111623764,-0.00918973982334137,0.060078300535678864
0.027335375547409058,-0.016142114996910095,-0.009209971874952316,0.060047656297683716
0.027416877448558807,-0.015975944697856903,-0.008545450866222382,0.05936367064714432
0.02766413241624832,-0.016078703105449677,-0.008345585316419601,0.058789633214473724
0.027668766677379608,-0.016122914850711823,-0.008378066122531891,0.058743201196193695
0.027728475630283356,-0.015850961208343506,-0.007704488933086395,0.05891759693622589
0.02772405743598938,-0.015688344836235046,-0.0075335875153541565,0.05894838273525238
0.02776367962360382,-0.015632130205631256,-0.006654493510723114,0.05948133021593094
0.027759268879890442,-0.015278734266757965,-0.006343115121126175,0.059572167694568634
0.028043128550052643,-0.014841914176940918,-0.004952292889356613,0.05956558138132095
0.028091512620449066,-0.014471620321273804,-0.00453215092420578,0.05962444096803665
0.02819027751684189,-0.013830721378326416,-0.004065386950969696,0.059064894914627075
0.028300702571868896,-0.013296373188495636,-0.004003781825304031,0.05867350101470947
0.028322070837020874,-0.013122648000717163,-0.003983091562986374,0.058566316962242126
0.028726346790790558,-0.013150542974472046,-0.003776445984840393,0.05806483328342438
0.028780005872249603,-0.013100758194923401,-0.003692176192998886,0.05789128690958023
0.028666801750659943,-0.013140201568603516,-0.0036206915974617004,0.05751410126686096
0.028643548488616943,-0.013137772679328918,-0.0035823434591293335,0.05739537626504898
0.028647281229496002,-0.013350680470466614,-0.003351546823978424,0.05754804611206055
0.028633087873458862,-0.01342744380235672,-0.003234628587961197,0.05750584602355957
0.028687216341495514,-0.013459563255310059,-0.001754123717546463,0.05624564737081528
0.02864920347929001,-0.0137406587600708,-0.0015096813440322876,0.05618230253458023
0.028536848723888397,-0.013710051774978638,-0.0008033551275730133,0.05562169849872589
0.02848803997039795,-0.013739258050918579,-0.0006912015378475189,0.05561845004558563
0.02839333564043045,-0.013610415160655975,-0.0006973147392272949,0.05500808358192444
0.028386399149894714,-0.013503819704055786,-0.000722639262676239,0.0548844113945961
0.02818288654088974,-0.013582780957221985,-0.0010197684168815613,0.055350638926029205
0.028161875903606415,-0.013532251119613647,-0.001101221889257431,0.05549108237028122
0.028238847851753235,-0.013095185160636902,-0.0012612566351890564,0.055698588490486145
0.028275832533836365,-0.012848332524299622,-0.001249890774488449,0.055677399039268494
0.028746485710144043,-0.01240190863609314,-0.0014993064105510712,0.05540936440229416
0.028917662799358368,-0.012133195996284485,-0.0018998049199581146,0.05475050210952759
0.028963476419448853,-0.012185178697109222,-0.002069670706987381,0.05464470386505127
0.029567144811153412,-0.012288473546504974,-0.0011061429977416992,0.05392437428236008
0.029651232063770294,-0.012338332831859589,-0.000903010368347168,0.05382559448480606
0.029776737093925476,-0.012277841567993164,-0.0010108239948749542,0.05323246121406555
0.029796361923217773,-0.012247882783412933,-0.0009879544377326965,0.052940577268600464
0.029935084283351898,-0.012283846735954285,-0.0014352798461914062,0.052270010113716125
0.029976092278957367,-0.012276962399482727,-0.0015272349119186401,0.05202765762805939
0.029947087168693542,-0.011977024376392365,-0.0021691061556339264,0.05170033872127533
0.0299675315618515,-0.011903010308742523,-0.0022943206131458282,0.0515461266040802
0.029900915920734406,-0.011790134012699127,-0.0022001899778842926,0.0521574467420578
0.029478110373020172,-0.011823877692222595,-0.0021216608583927155,0.05318780243396759
0.029383495450019836,-0.011856481432914734,-0.0021097809076309204,0.05346831679344177
0.029250361025333405,-0.01161978393793106,-0.001620747148990631,0.0538812130689621
0.029200434684753418,-0.011705666780471802,-0.0015343092381954193,0.0541049987077713
0.029302343726158142,-0.01158960908651352,-0.0010850876569747925,0.053981877863407135
0.02930804342031479,-0.011661551892757416,-0.0010063610970973969,0.05405154824256897
0.02937990427017212,-0.011722251772880554,-0.0012525729835033417,0.05355355143547058
0.029426760971546173,-0.011639773845672607,-0.0012820102274417877,0.05338635295629501
0.029702596366405487,-0.011419333517551422,-0.0012110918760299683,0.05305137485265732
0.029795967042446136,-0.011325687170028687,-0.0012206211686134338,0.053028546273708344
0.029966644942760468,-0.011090300977230072,-0.001250825822353363,0.051797039806842804
0.03003380447626114,-0.01105065643787384,-0.0013055093586444855,0.05157632380723953
0.030084989964962006,-0.010698474943637848,-0.001605205237865448,0.051258064806461334
0.030103951692581177,-0.010534629225730896,-0.0016719698905944824,0.05109420418739319
0.030438855290412903,-0.010185085237026215,-0.002198394387960434,0.05001029372215271
0.030795395374298096,-0.010407641530036926,-0.002091173082590103,0.04913725703954697
0.030830033123493195,-0.010506555438041687,-0.002093713730573654,0.04897516965866089
0.03095105290412903,-0.010443560779094696,-0.0014408715069293976,0.049174293875694275
0.03096817433834076,-0.010369725525379181,-0.001263730227947235,0.04918473958969116
0.030968427658081055,-0.010372534394264221,-0.0012507885694503784,0.04918042570352554
0.031132802367210388,-0.010242879390716553,-0.0005697906017303467,0.04849739372730255
0.03106863796710968,-0.0097154900431633,5.6449323892593384e-05,0.047836802899837494
0.031051509082317352,-0.009520642459392548,0.0002376846969127655,0.04773701727390289
0.0312696248292923,-0.008789464831352234,0.00046326592564582825,0.0469820573925972
0.03151233494281769,-0.008067123591899872,3.996118903160095e-05,0.04698554426431656
0.0315835177898407,-0.007869310677051544,-3.649294376373291e-05,0.04695180803537369
0.03194037824869156,-0.007719829678535461,-0.0005906336009502411,0.0469326376914978
0.032014138996601105,-0.007695749402046204,-0.0007021650671958923,0.046826064586639404
0.03201445937156677,-0.007711343467235565,-0.000999733805656433,0.046288229525089264
0.03201375901699066,-0.007688544690608978,-0.0010615922510623932,0.046146221458911896
0.03230402618646622,-0.007733874022960663,-0.0010966584086418152,0.045435234904289246
0.03235819190740585,-0.007690511643886566,-0.0010697729885578156,0.04520295560359955
0.03241318464279175,-0.007524080574512482,-0.001389630138874054,0.045243747532367706
0.0324263721704483,-0.007520459592342377,-0.001435302197933197,0.0452180877327919
0.032362133264541626,-0.007462218403816223,-0.0013015232980251312,0.04612884670495987
0.0323437824845314,-0.007549010217189789,-0.0012843012809753418,0.04634550213813782
0.03227289021015167,-0.007604263722896576,-0.001300167292356491,0.04671034961938858
0.03214113414287567,-0.007869899272918701,-0.0011960268020629883,0.04687683284282684
0.03211741894483566,-0.007951594889163971,-0.0011814087629318237,0.04690501093864441
0.031902849674224854,-0.00804639607667923,-0.0009149722754955292,0.04695257544517517
0.03186771273612976,-0.008101388812065125,-0.0008869580924510956,0.04698159545660019
0.031719014048576355,-0.007979117333889008,-0.00026502087712287903,0.0464610680937767
0.03170778602361679,-0.007872968912124634,-0.00014041736721992493,0.04643893241882324
0.03169868141412735,-0.007485143840312958,-2.2456049919128418e-05,0.04586216062307358
0.03172539174556732,-0.007363967597484589,-2.0235776901245117e-05,0.045793697237968445
0.03199052810668945,-0.007445663213729858,0.0004739612340927124,0.045705489814281464
0.03203091770410538,-0.007451996207237244,0.0005375668406486511,0.04578153043985367
0.03211550414562225,-0.007510431110858917,0.0011689290404319763,0.045353829860687256
0.03211117535829544,-0.007508888840675354,0.0013111308217048645,0.04534123092889786
0.03199984133243561,-0.007847875356674194,0.001545790582895279,0.045919232070446014
0.031944721937179565,-0.00798991322517395,0.0016157962381839752,0.046066783368587494
0.03194699436426163,-0.00796094536781311,0.0014097727835178375,0.04637043923139572
0.03194057196378708,-0.008001692593097687,0.001369968056678772,0.04639042168855667
0.032198891043663025,-0.007707618176937103,0.0011899210512638092,0.04564971476793289
0.0322558730840683,-0.007643692195415497,0.0011497512459754944,0.045362308621406555
0.03225422650575638,-0.0074736326932907104,0.0008486136794090271,0.04430912435054779
0.032739460468292236,-0.007361412048339844,0.0012006312608718872,0.04246847331523895
0.03281071037054062,-0.007417634129524231,0.0012610405683517456,0.04218599200248718
0.0331149697303772,-0.007250934839248657,0.001890476793050766,0.04138483107089996
0.03314163535833359,-0.007303379476070404,0.001993950456380844,0.041310615837574005
0.033255793154239655,-0.007193572819232941,0.0013195239007472992,0.041828982532024384
0.033284567296504974,-0.007157877087593079,0.0011909939348697662,0.04184652119874954
0.03346359729766846,-0.007015712559223175,0.0005551241338253021,0.04233513027429581
0.03349825739860535,-0.006997264921665192,0.00042932480573654175,0.042365662753582
0.0336330309510231,-0.007050283253192902,0.00051836296916008,0.04223471134901047
0.0336509570479393,-0.0070854052901268005,0.0005322247743606567,0.04221273213624954
0.033463217318058014,-0.007508799433708191,0.00043782591819763184,0.04244194179773331
0.03342399001121521,-0.007711462676525116,0.0003914758563041687,0.042508915066719055
0.03334778547286987,-0.007586859166622162,0.00036973506212234497,0.0424870029091835
0.03362550586462021,-0.007222913205623627,0.0008625611662864685,0.04232866317033768
0.03368932008743286,-0.007052414119243622,0.0010067522525787354,0.04234448820352554
0.03369574248790741,-0.007029764354228973,0.0010180920362472534,0.042349137365818024
0.03365197032690048,-0.0065473467111587524,0.0005873069167137146,0.0421941876411438
0.03390286862850189,-0.006336227059364319,0.0005586445331573486,0.04225662350654602
0.03395581990480423,-0.006275482475757599,0.0005486905574798584,0.04227329045534134
0.03389395773410797,-0.0064354464411735535,0.0005639009177684784,0.042059674859046936
0.033844560384750366,-0.006422907114028931,0.0005934722721576691,0.04192327708005905
0.03383490443229675,-0.006124064326286316,0.0004824995994567871,0.04193124920129776
0.03381359577178955,-0.006005518138408661,0.0004800446331501007,0.041890762746334076
0.0341537743806839,-0.00618433952331543,0.001055847853422165,0.041225023567676544
0.034157268702983856,-0.006186380982398987,0.0012158527970314026,0.040990330278873444
0.034346483647823334,-0.005812950432300568,0.0008708871901035309,0.04129531979560852
0.03438752144575119,-0.0056876540184021,0.0008279792964458466,0.04126594960689545
0.03431680053472519,-0.0060528963804244995,0.00044044479727745056,0.0425625815987587
0.03430573642253876,-0.006040945649147034,0.0003851354122161865,0.042713940143585205
0.03451177477836609,-0.006136834621429443,0.0009046345949172974,0.04257861524820328
0.034731388092041016,-0.006118886172771454,0.0014217905700206757,0.043055616319179535
0.034786224365234375,-0.006172098219394684,0.0014579258859157562,0.04325483739376068
0.03499075025320053,-0.005985565483570099,0.000879824161529541,0.04223506152629852
0.035054877400398254,-0.005918480455875397,0.0007681138813495636,0.041996121406555176
0.03483632951974869,-0.006261274218559265,0.0006067417562007904,0.04145461320877075
0.034843504428863525,-0.006301179528236389,0.0005568340420722961,0.04145471006631851
0.03475027531385422,-0.005814939737319946,0.00021731853485107422,0.040194831788539886
0.03475460410118103,-0.005637049674987793,0.00016994774341583252,0.03987264633178711
0.03471147269010544,-0.005433022975921631,0.00044951215386390686,0.039666324853897095
0.034692712128162384,-0.005533687770366669,0.0006381310522556305,0.03970637917518616
0.034685395658016205,-0.005572311580181122,0.0006722882390022278,0.03968937695026398
0.03472618758678436,-0.005635760724544525,0.0004889480769634247,0.04033476859331131
0.03472352772951126,-0.005660936236381531,0.00046951696276664734,0.04041076451539993
0.03472311049699783,-0.005667701363563538,0.0004676841199398041,0.04041675478219986
0.03459774702787399,-0.005670279264450073,1.9144266843795776e-05,0.041352882981300354
0.03441216051578522,-0.005141697824001312,-0.0002605654299259186,0.04230459779500961
0.03436879813671112,-0.00492742657661438,-0.00024086982011795044,0.04248169809579849
0.03462185710668564,-0.00497918576002121,-0.00011615827679634094,0.04238973557949066
0.03466726839542389,-0.005055256187915802,-0.00013051554560661316,0.04239749163389206
0.034712307155132294,-0.005284741520881653,0.0004395619034767151,0.04213941842317581
0.03471863269805908,-0.005296178162097931,0.0005383528769016266,0.042198650538921356
0.03490855544805527,-0.004884272813796997,0.0006278939545154572,0.04222127050161362
0.03492371737957001,-0.004655607044696808,0.0006691105663776398,0.041940078139305115
0.0349293053150177,-0.004620909690856934,0.0006711259484291077,0.04187419265508652
0.034876301884651184,-0.004674874246120453,0.0008295215666294098,0.04202500730752945
0.03485974669456482,-0.004660896956920624,0.0008656345307826996,0.04207420349121094
0.034851156175136566,-0.004692137241363525,0.0009081289172172546,0.04233457148075104
0.034844107925891876,-0.00466456264257431,0.000927414745092392,0.04239502549171448
0.03483959287405014,-0.004469513893127441,0.0007474049925804138,0.04248514771461487
0.03484542667865753,-0.004407718777656555,0.0007276199758052826,0.04248889535665512
0.034909822046756744,-0.004140354692935944,0.0003289543092250824,0.04210028052330017
0.03493998944759369,-0.004064083099365234,0.00027076900005340576,0.04199114441871643
0.03510674834251404,-0.004289522767066956,0.00026301294565200806,0.04178664833307266
0.035238198935985565,-0.004802078008651733,0.00039848312735557556,0.04168269783258438
0.03524771332740784,-0.0049807727336883545,0.0003857612609863281,0.04163704067468643
0.035380005836486816,-0.005056709051132202,-0.00019588693976402283,0.0411067008972168
0.035428956151008606,-0.005167081952095032,-0.0003764890134334564,0.040979087352752686
0.03543686866760254,-0.005186043679714203,-0.0003909207880496979,0.04097010940313339
0.03560542315244675,-0.004984967410564423,-0.000692024827003479,0.04073644429445267
0.03561646491289139,-0.004934780299663544,-0.00028491392731666565,0.0408782958984375
0.03560725599527359,-0.004882924258708954,-0.00016499310731887817,0.040968529880046844
0.03557083010673523,-0.004848696291446686,-5.591288208961487e-05,0.04136546701192856
0.03557101637125015,-0.004804752767086029,-1.831352710723877e-05,0.041453972458839417
0.035553090274333954,-0.004754461348056793,9.940192103385925e-05,0.042086534202098846
0.03555109351873398,-0.004646070301532745,0.00018225237727165222,0.04220273345708847
0.03574247658252716,-0.004695974290370941,0.0004182159900665283,0.04212799668312073
0.03576936572790146,-0.004707932472229004,0.0004756264388561249,0.04211410880088806
0.03577505052089691,-0.004699409008026123,0.0008660890161991119,0.041891910135746
0.03602822870016098,-0.004433594644069672,0.0007466413080692291,0.04251836985349655
0.03606206178665161,-0.0042582303285598755,0.0008433684706687927,0.04252678155899048
0.036053769290447235,-0.004274994134902954,0.0008533932268619537,0.04156787693500519
0.0360589399933815,-0.004398755729198456,0.0007519423961639404,0.041395001113414764
0.03606100380420685,-0.004420220851898193,0.0007420256733894348,0.04138150066137314
0.036152586340904236,-0.004649050533771515,0.00037792325019836426,0.042173102498054504
0.036236487329006195,-0.0047644153237342834,0.000285271555185318,0.04246022552251816
0.03624851256608963,-0.0048035383224487305,0.00027906522154808044,0.042504750192165375
0.036130331456661224,-0.004663288593292236,-0.0001582615077495575,0.0425562784075737
0.036135897040367126,-0.0046394020318984985,-0.00028026849031448364,0.04253628849983215
0.03612188994884491,-0.004503607749938965,-0.00020171329379081726,0.042692072689533234
0.03612131625413895,-0.004468381404876709,-0.0001784302294254303,0.04273996502161026
0.03629797697067261,-0.004666551947593689,-0.00014631077647209167,0.04258707910776138
0.03632165491580963,-0.0048121437430381775,-0.00017610937356948853,0.042568810284137726
0.03639911115169525,-0.005092307925224304,-0.00022733211517333984,0.04148540645837784
0.036295995116233826,-0.0054005905985832214,-0.000430230051279068,0.041548460721969604
0.036257483065128326,-0.005487650632858276,-0.0004567652940750122,0.04157150536775589
0.036358632147312164,-0.005209699273109436,0.0001224316656589508,0.040635064244270325
0.03639119118452072,-0.005178004503250122,0.00018237531185150146,0.04053366184234619
0.03645027428865433,-0.005057595670223236,0.00042895227670669556,0.04028823971748352
0.03646227717399597,-0.005094014108181,0.0004615075886249542,0.04026734083890915
0.03664945811033249,-0.004875995218753815,0.0010372884571552277,0.03953417390584946
0.036671966314315796,-0.005021743476390839,0.0011317282915115356,0.03948786109685898
0.03666818141937256,-0.005096770823001862,0.0011395588517189026,0.03974965959787369
0.036667488515377045,-0.005081087350845337,0.001143570989370346,0.03979520499706268
0.03661337494850159,-0.00526389479637146,0.0008444264531135559,0.03999422490596771
0.03661027550697327,-0.005258388817310333,0.000780932605266571,0.03998894244432449
0.036613695323467255,-0.005245298147201538,0.0008133165538311005,0.03996283560991287
0.036616481840610504,-0.005255050957202911,0.0007771998643875122,0.03996909409761429
0.036616988480091095,-0.005251780152320862,0.0007697790861129761,0.0399666354060173
0.03661441057920456,-0.005221061408519745,0.00079331174492836,0.03996184468269348
0.03661419451236725,-0.005209021270275116,0.0008013099431991577,0.039965689182281494
0.036620013415813446,-0.005152285099029541,0.0008998289704322815,0.03994293510913849
0.03661869466304779,-0.005151860415935516,0.0009212493896484375,0.039951711893081665
0.03671279549598694,-0.004986323416233063,0.001277875155210495,0.03954573720693588
0.036721162497997284,-0.005039103329181671,0.0013426989316940308,0.039514780044555664
0.036721743643283844,-0.005050890147686005,0.0013465657830238342,0.03951442986726761
0.036679886281490326,-0.0050689950585365295,0.0011882297694683075,0.039374664425849915
0.036679334938526154,-0.005072630941867828,0.0011520572006702423,0.0393325537443161
0.036694012582302094,-0.005100607872009277,0.001194145530462265,0.0396960973739624
0.03672108054161072,-0.005065746605396271,0.0012965835630893707,0.039620839059352875
0.0367233008146286,-0.005085505545139313,0.0013085752725601196,0.039603255689144135
0.03659319877624512,-0.005151346325874329,0.0009435825049877167,0.039670221507549286
0.036583006381988525,-0.005095928907394409,0.0008725710213184357,0.03962519019842148
0.036597348749637604,-0.00501599907875061,0.0009296834468841553,0.03966917097568512
0.036603398621082306,-0.004993610084056854,0.0009385459125041962,0.03967420756816864
0.036609478294849396,-0.005039796233177185,0.0008437894284725189,0.03959481418132782
0.036612845957279205,-0.005048133432865143,0.0008203424513339996,0.039570048451423645
0.03655369579792023,-0.005194567143917084,0.000505492091178894,0.03955601900815964
0.036506496369838715,-0.005279466509819031,0.00027259811758995056,0.039767153561115265
0.036507584154605865,-0.005241081118583679,0.00023833289742469788,0.03978735953569412
0.036532118916511536,-0.0053260475397109985,0.00030531734228134155,0.04036220163106918
0.03653550148010254,-0.005253054201602936,0.0003420710563659668,0.040479451417922974
0.03657761961221695,-0.005305252969264984,0.00038452818989753723,0.040605299174785614
0.03658097982406616,-0.005281507968902588,0.00041601434350013733,0.04062620550394058
0.03658685088157654,-0.005493819713592529,0.0006668046116828918,0.041368626058101654
0.036546170711517334,-0.005528666079044342,0.000780254602432251,0.041512809693813324
0.03640267997980118,-0.005578160285949707,-0.0006181411445140839,0.041861362755298615
0.03639280050992966,-0.00572657585144043,-0.0009357929229736328,0.0418124794960022
0.03630153834819794,-0.005321674048900604,-0.0011172257363796234,0.04184941202402115
0.03572538495063782,-0.004168786108493805,-0.0007527843117713928,0.0414593368768692
0.03561872988939285,-0.003702603280544281,-0.0006288737058639526,0.04152028262615204
0.035604700446128845,-0.0036195963621139526,-0.0006154552102088928,0.04152786731719971
0.03548998385667801,-0.00370846688747406,-0.0008944608271121979,0.04266863316297531
0.03600943088531494,-0.00287521630525589,-0.0006619282066822052,0.041752904653549194
0.03611285984516144,-0.002615518867969513,-0.0005952939391136169,0.041567377746105194
0.03673740476369858,-0.002086363732814789,0.0005191490054130554,0.04010515660047531
0.036866866052150726,-0.0018205344676971436,0.0007680356502532959,0.03995335102081299
0.036902762949466705,-0.0008755475282669067,0.0004386529326438904,0.04048941284418106
0.03692164272069931,-0.0006398558616638184,0.0004320777952671051,0.04043585807085037
0.036606185138225555,-0.0009137466549873352,1.4882534742355347e-05,0.04072001576423645
0.036549776792526245,-0.0010051801800727844,-8.784979581832886e-05,0.040747612714767456
0.0369596928358078,-0.0010450109839439392,0.0007310174405574799,0.04012066125869751
0.0370866134762764,-0.0009742975234985352,0.0012414194643497467,0.03987736254930496
0.037095218896865845,-0.0009911507368087769,0.0013067126274108887,0.03991295397281647
0.03709761053323746,-0.001016072928905487,0.001332804560661316,0.03988203406333923
0.03709832578897476,-0.0010188296437263489,0.0013381429016590118,0.03987594693899155
0.037069171667099,-0.0013949200510978699,0.0010846629738807678,0.038885749876499176
0.03707580268383026,-0.0015506967902183533,0.0010268688201904297,0.038607530295848846
0.037035562098026276,-0.0016118064522743225,0.0012004375457763672,0.038382723927497864
0.03702022135257721,-0.0015847459435462952,0.0012466609477996826,0.03838314861059189
0.03705017268657684,-0.0016851797699928284,0.001696716994047165,0.03928046673536301
0.03703618794679642,-0.0016938820481300354,0.001791480928659439,0.039492473006248474
0.03698054701089859,-0.0016102269291877747,0.0014086700975894928,0.03922087699174881
0.036985136568546295,-0.0015330389142036438,0.0013421215116977692,0.039138346910476685
0.036986321210861206,-0.0015236139297485352,0.0013381242752075195,0.03913303464651108
0.03698650747537613,-0.0015221014618873596,0.0013379156589508057,0.03913258761167526
0.03698652237653732,-0.0015218034386634827,0.0013379156589508057,0.03913255035877228
0.03698652237653732,-0.0015217587351799011,0.0013379156589508057,0.03913255035877228
0.03698652237653732,-0.0015217289328575134,0.0013379156589508057,0.03913255035877228
0.03698652237653732,-0.0015217289328575134,0.0013379156589508057,0.03913255035877228
0.03698652237653732,-0.0015217289328575134,0.0013379156589508057,0.03913255035877228
0.03698652237653732,-0.0015217289328575134,0.0013379156589508057,0.03913255035877228
0.03698652237653732,-0.0015217289328575134,0.0013379156589508057,0.03913255035877228
0.03698652237653732,-0.0015217289328575134,0.0013379156589508057,0.03913255035877228
0.03698652237653732,-0.0015217289328575134,0.0013379156589508057,0.03913255035877228
0.03698652237653732,-0.0015217289328575134,0.0013379156589508057,0.03913255035877228
0.03698652237653732,-0.0015217289328575134,0.0013379156589508057,0.03913255035877228
0.03698652237653732,-0.0015217289328575134,0.0013379156589508057,0.03913255035877228
0.03698652237653732,-0.0015217289328575134,0.0013379156589508057,0.03913255035877228
0.03698652237653732,-0.0015217289328575134,0.0013379156589508057,0.03913255035877228
0.03698652237653732,-0.0015217289328575134,0.0013379156589508057,0.03913255035877228
0.03698652237653732,-0.0015217289328575134,0.0013379156589508057,0.03913255035877228
0.03698652237653732,-0.0015217289328575134,0.0013379156589508057,0.03913255035877228
0.03698652237653732,-0.0015217289328575134,0.0013379156589508057,0.03913255035877228
0.03698652237653732,-0.0015217289328575134,0.0013379156589508057,0.03913255035877228
0.03698652237653732,-0.0015217289328575134,0.0013379156589508057,0.03913255035877228
0.03698652237653732,-0.0015217289328575134,0.0013379156589508057,0.03913255035877228
0.03698652237653732,-0.0015217289328575134,0.0013379156589508057,0.03913255035877228
0.03698652237653732,-0.0015217289328575134,0.0013379156589508057,0.03913255035877228
0.03698652237653732,-0.0015217289328575134,0.0013379156589508057,0.03913255035877228
0.03698652237653732,-0.0015217289328575134,0.0013379156589508057,0.03913255035877228
0.03698652237653732,-0.0015217289328575134,0.0013379156589508057,0.03913255035877228
0.03698652237653732,-0.0015217289328575134,0.0013379156589508057,0.03913255035877228
0.03698652237653732,-0.0015217289328575134,0.0013379156589508057,0.03913255035877228
0.036989934742450714,-0.0015231892466545105,0.0013433955609798431,0.039149656891822815
0.036989957094192505,-0.001523330807685852,0.0013449713587760925,0.03915351629257202
0.03697918355464935,-0.0015245676040649414,0.0013230927288532257,0.0391930490732193
0.03697766363620758,-0.0015245378017425537,0.0013173781335353851,0.03919944167137146
0.03697048872709274,-0.0015247538685798645,0.0012933947145938873,0.03921670466661453
0.03697063773870468,-0.0015322193503379822,0.0012867003679275513,0.039214521646499634
0.037009984254837036,-0.0015043988823890686,0.0014863647520542145,0.03928925842046738
0.03700757026672363,-0.0014778226613998413,0.001550976186990738,0.03933017700910568
0.03704121708869934,-0.0015197768807411194,0.0016018636524677277,0.03946834057569504
0.03704526275396347,-0.0015562549233436584,0.0016060881316661835,0.03950895369052887
0.03705797344446182,-0.0017347261309623718,0.0013086609542369843,0.039442382752895355
0.03706859052181244,-0.0018552616238594055,0.0012030191719532013,0.039404407143592834
0.03706236928701401,-0.0018698349595069885,0.001089051365852356,0.039112627506256104
0.03706721216440201,-0.0019631236791610718,0.0010254904627799988,0.03905891627073288
0.037056855857372284,-0.0016262829303741455,0.000983651727437973,0.03874965012073517
0.0370975062251091,-0.0015421286225318909,0.001005474478006363,0.03862994909286499
0.0371001660823822,-0.0015135183930397034,0.0010322779417037964,0.03861628472805023
0.037104785442352295,-0.0017216354608535767,0.0011049062013626099,0.03842843323945999
0.037097394466400146,-0.001837208867073059,0.0010861866176128387,0.03839235007762909
0.037079110741615295,-0.0021939054131507874,0.0010757818818092346,0.03863613307476044
0.037073589861392975,-0.002223983407020569,0.0010806098580360413,0.03870237618684769
0.03700179606676102,-0.002192862331867218,0.0012076571583747864,0.0385499969124794
0.03698999434709549,-0.0022348985075950623,0.0012268684804439545,0.038529761135578156
0.03700427711009979,-0.0020702704787254333,0.001276955008506775,0.03812764585018158
0.037002868950366974,-0.0020693987607955933,0.001292061060667038,0.038044415414333344
0.03709499537944794,-0.0020999982953071594,0.0013552717864513397,0.03834887593984604
0.03710971772670746,-0.002125866711139679,0.001362767070531845,0.03844369202852249
0.03702943027019501,-0.0024451017379760742,0.0014352835714817047,0.037900008261203766
0.03717908263206482,-0.0029178932309150696,0.0017211921513080597,0.03732728958129883
0.03720199316740036,-0.003219693899154663,0.0017040036618709564,0.037318214774131775
0.03704538941383362,-0.0033503398299217224,0.0020844005048274994,0.037021420896053314
0.036992982029914856,-0.003364183008670807,0.0021952055394649506,0.03701870143413544
0.03685653209686279,-0.0038095638155937195,0.003023836761713028,0.03784065693616867
0.036780960857868195,-0.00404193252325058,0.0031563155353069305,0.03813668340444565
0.03677047789096832,-0.0040618255734443665,0.00316450372338295,0.03816535323858261
0.036669738590717316,-0.004466421902179718,0.0029026903212070465,0.03867943584918976
0.03664743900299072,-0.004479043185710907,0.002860475331544876,0.03874453157186508
0.03649429231882095,-0.004032418131828308,0.0024044550955295563,0.03933131694793701
0.03664553165435791,-0.0035036876797676086,0.002115439623594284,0.0394567996263504
0.03667587786912918,-0.0033681318163871765,0.002082567662000656,0.039380818605422974
0.03688375651836395,-0.0031049251556396484,0.001490417867898941,0.039542362093925476
0.03694535046815872,-0.0030567124485969543,0.001360129565000534,0.0395042821764946
0.036772072315216064,-0.004372105002403259,0.0014092735946178436,0.039953358471393585
0.03669247031211853,-0.005066409707069397,0.0012883618474006653,0.040036723017692566
0.03668449819087982,-0.005162328481674194,0.0012757182121276855,0.04004357010126114
0.03668384999036789,-0.0051796212792396545,0.0012747980654239655,0.04004517197608948
0.03668378293514252,-0.0051830485463142395,0.0012747161090373993,0.04004545509815216
0.03668376803398132,-0.005183771252632141,0.0012747161090373993,0.04004547744989395
0.03668376803398132,-0.005183912813663483,0.0012747161090373993,0.04004547744989395
0.03664643317461014,-0.0041513144969940186,0.0011111833155155182,0.03963816910982132
0.03667855262756348,-0.0036183446645736694,0.0011489950120449066,0.03960347920656204
0.03690822422504425,-0.0035868510603904724,0.0016940869390964508,0.038755327463150024
0.03691452741622925,-0.0038072094321250916,0.001776721328496933,0.038630492985248566
0.036565206944942474,-0.0038143619894981384,0.0010160468518733978,0.0389481857419014
0.03689181059598923,-0.0032161399722099304,0.0008016303181648254,0.03877320885658264
0.0369662269949913,-0.002950035035610199,0.000797078013420105,0.03876515477895737
0.03698532283306122,-0.0022308900952339172,0.0010813772678375244,0.03914433717727661
0.0369902104139328,-0.00160893052816391,0.001315586268901825,0.039138078689575195
0.0369872972369194,-0.0015352442860603333,0.001337103545665741,0.039135970175266266
0.03698663413524628,-0.0015240758657455444,0.0013384073972702026,0.03913397341966629
0.036988310515880585,-0.001520782709121704,0.0013385862112045288,0.03914488106966019
0.036988504230976105,-0.0015187039971351624,0.001339241862297058,0.03914637118577957
0.03698845952749252,-0.0015184730291366577,0.0013391859829425812,0.03914649039506912
0.03698847442865372,-0.0015184134244918823,0.0013392120599746704,0.03914646804332733
0.03698847442865372,-0.0015184283256530762,0.0013391859829425812,0.03914646804332733
0.03698847442865372,-0.0015184134244918823,0.0013392120599746704,0.03914646804332733
0.03698847442865372,-0.0015184283256530762,0.0013391859829425812,0.03914646804332733
0.03698847442865372,-0.0015184134244918823,0.0013392120599746704,0.03914646804332733
0.03698847442865372,-0.0015184283256530762,0.0013391859829425812,0.03914646804332733
0.03698847442865372,-0.0015184134244918823,0.0013392120599746704,0.03914646804332733
0.03698847442865372,-0.0015184283256530762,0.0013391859829425812,0.03914646804332733
0.03698847442865372,-0.0015184134244918823,0.0013392120599746704,0.03914646804332733
0.03698847442865372,-0.0015184283256530762,0.0013391859829425812,0.03914646804332733
0.03698847442865372,-0.0015184134244918823,0.0013392120599746704,0.03914646804332733
0.03698847442865372,-0.0015184283256530762,0.0013391859829425812,0.03914646804332733
0.03698847442865372,-0.0015184134244918823,0.0013392120599746704,0.03914646804332733
0.03698847442865372,-0.0015184283256530762,0.0013391859829425812,0.03914646804332733
0.03698847442865372,-0.0015184134244918823,0.0013392120599746704,0.03914646804332733
0.03698847442865372,-0.0015184283256530762,0.0013391859829425812,0.03914646804332733
0.03698847442865372,-0.0015184134244918823,0.0013392120599746704,0.03914646804332733
0.03698847442865372,-0.0015184283256530762,0.0013391859829425812,0.03914646804332733
0.03698847442865372,-0.0015184134244918823,0.0013392120599746704,0.03914646804332733
0.03698847442865372,-0.0015184283256530762,0.0013391859829425812,0.03914646804332733
0.03698847442865372,-0.0015184134244918823,0.0013392120599746704,0.03914646804332733
0.03698847442865372,-0.0015184283256530762,0.0013391859829425812,0.03914646804332733
0.03698847442865372,-0.0015184134244918823,0.0013392120599746704,0.03914646804332733
0.03698847442865372,-0.0015184283256530762,0.0013391859829425812,0.03914646804332733
0.03698847442865372,-0.0015184134244918823,0.0013392120599746704,0.03914646804332733
0.03698847442865372,-0.0015184283256530762,0.0013391859829425812,0.03914646804332733
0.03698847442865372,-0.0015184134244918823,0.0013392120599746704,0.03914646804332733
0.03698847442865372,-0.0015184283256530762,0.0013391859829425812,0.03914646804332733
0.03698847442865372,-0.0015184134244918823,0.0013392120599746704,0.03914646804332733
0.03698847442865372,-0.0015184283256530762,0.0013391859829425812,0.03914646804332733
0.03698847442865372,-0.0015184134244918823,0.0013392120599746704,0.03914646804332733
0.03698847442865372,-0.0015184283256530762,0.0013391859829425812,0.03914646804332733
0.03698847442865372,-0.0015184134244918823,0.0013392120599746704,0.03914646804332733
0.03698847442865372,-0.0015184283256530762,0.0013391859829425812,0.03914646804332733
0.03698847442865372,-0.0015184134244918823,0.0013392120599746704,0.03914646804332733
0.03698847442865372,-0.0015184283256530762,0.0013391859829425812,0.03914646804332733
0.03698847442865372,-0.0015184134244918823,0.0013392120599746704,0.03914646804332733
0.036988623440265656,-0.0015187039971351624,0.0013384036719799042,0.03914644569158554
0.036988697946071625,-0.0015191063284873962,0.0013375766575336456,0.039146266877651215
0.036988742649555206,-0.0015193447470664978,0.001337386667728424,0.03914614021778107
0.0369887575507164,-0.0015193596482276917,0.0013373568654060364,0.03914614021778107
0.0369887575507164,-0.0015193596482276917,0.0013373568654060364,0.03914614021778107
0.0369887575507164,-0.0015193596482276917,0.0013373568654060364,0.03914614021778107
0.0369887575507164,-0.0015193596482276917,0.0013373568654060364,0.03914614021778107
0.0369887575507164,-0.0015193596482276917,0.0013373568654060364,0.03914614021778107
0.0369887575507164,-0.0015193596482276917,0.0013373568654060364,0.03914614021778107
0.0369887575507164,-0.0015193596482276917,0.0013373568654060364,0.03914614021778107
0.0369887575507164,-0.0015193596482276917,0.0013373568654060364,0.03914614021778107
0.0369887575507164,-0.0015193596482276917,0.0013373568654060364,0.03914614021778107
0.0369887575507164,-0.0015193596482276917,0.0013373568654060364,0.03914614021778107
0.0369887575507164,-0.0015193596482276917,0.0013373568654060364,0.03914614021778107
0.036988891661167145,-0.0015186741948127747,0.0013381913304328918,0.03914649039506912
0.03698884695768356,-0.0015183016657829285,0.0013385750353336334,0.039146579802036285
0.03698917478322983,-0.0015172362327575684,0.001339063048362732,0.03914715349674225
0.03698921203613281,-0.001516774296760559,0.0013393647968769073,0.039147183299064636
0.03698921203613281,-0.0015167146921157837,0.0013393647968769073,0.03914719820022583
0.03698921203613281,-0.0015167146921157837,0.0013393647968769073,0.03914719820022583
0.03698921203613281,-0.0015167146921157837,0.0013393647968769073,0.03914719820022583
0.03698921203613281,-0.0015167146921157837,0.0013393647968769073,0.03914719820022583
0.03698921203613281,-0.0015167146921157837,0.0013393647968769073,0.03914719820022583
0.03698921203613281,-0.0015167146921157837,0.0013393647968769073,0.03914719820022583
0.03698921203613281,-0.0015167146921157837,0.0013393647968769073,0.03914719820022583
0.03698921203613281,-0.0015167146921157837,0.0013393647968769073,0.03914719820022583
0.03698921203613281,-0.0015167146921157837,0.0013393647968769073,0.03914719820022583
0.03698921203613281,-0.0015167146921157837,0.0013393647968769073,0.03914719820022583
0.03698921203613281,-0.0015167146921157837,0.0013393647968769073,0.03914719820022583
0.03698921203613281,-0.0015167146921157837,0.0013393647968769073,0.03914719820022583
0.03698921203613281,-0.0015167146921157837,0.0013393647968769073,0.03914719820022583
0.03698921203613281,-0.0015167146921157837,0.0013393647968769073,0.03914719820022583
0.03698921203613281,-0.0015167146921157837,0.0013393647968769073,0.03914719820022583
0.0369892492890358,-0.0015165209770202637,0.001339491456747055,0.03914728760719299
0.0369892492890358,-0.001516483724117279,0.0013394616544246674,0.0391472727060318
0.03699029982089996,-0.0015169978141784668,0.001340869814157486,0.03914862126111984
0.0369904488325119,-0.001517362892627716,0.0013412199914455414,0.039149150252342224
0.0369904488325119,-0.0015174299478530884,0.0013412311673164368,0.039149194955825806
0.0369904488325119,-0.001517459750175476,0.0013412311673164368,0.039149194955825806
0.0369904488325119,-0.001517459750175476,0.0013412311673164368,0.039149194955825806
0.0369904488325119,-0.001517459750175476,0.0013412311673164368,0.039149194955825806
0.0369904488325119,-0.001517459750175476,0.0013412311673164368,0.039149194955825806
0.036990582942962646,-0.001514144241809845,0.0013316869735717773,0.03912340849637985
0.03699123114347458,-0.0015188604593276978,0.001328151673078537,0.039117783308029175
0.036991335451602936,-0.001519717276096344,0.0013278312981128693,0.039117321372032166
0.036991365253925323,-0.0015198290348052979,0.0013278312981128693,0.039117276668548584
0.036991365253925323,-0.0015198588371276855,0.0013278312981128693,0.039117276668548584
0.036991365253925323,-0.0015198588371276855,0.0013278312981128693,0.039117276668548584
0.036991365253925323,-0.0015198737382888794,0.0013278312981128693,0.039117276668548584
0.036991365253925323,-0.0015198737382888794,0.0013278312981128693,0.039117276668548584
0.036991365253925323,-0.0015198737382888794,0.0013278312981128693,0.039117276668548584
0.036991365253925323,-0.0015198737382888794,0.0013278312981128693,0.039117276668548584
0.036991365253925323,-0.0015198737382888794,0.0013278312981128693,0.039117276668548584
0.036991365253925323,-0.0015198737382888794,0.0013278312981128693,0.039117276668548584
0.036991365253925323,-0.0015198737382888794,0.0013278312981128693,0.039117276668548584
0.036991365253925323,-0.0015198737382888794,0.0013278312981128693,0.039117276668548584
0.036991365253925323,-0.0015198737382888794,0.0013278312981128693,0.039117276668548584
0.036991365253925323,-0.0015198737382888794,0.0013278312981128693,0.039117276668548584
0.036991365253925323,-0.0015198737382888794,0.0013278312981128693,0.039117276668548584
0.036991365253925323,-0.0015198737382888794,0.0013278312981128693,0.039117276668548584
0.036991365253925323,-0.0015198737382888794,0.0013278312981128693,0.039117276668548584
0.0369909405708313,-0.0015163570642471313,0.0013349875807762146,0.03912865370512009
0.036990657448768616,-0.0015136376023292542,0.0013375841081142426,0.03913157433271408
0.03699056804180145,-0.0015132054686546326,0.0013378523290157318,0.03913183510303497
0.03699055314064026,-0.0015131011605262756,0.0013378523290157318,0.03913185000419617
0.03699055314064026,-0.0015131011605262756,0.0013378523290157318,0.03913185000419617
0.03699055314064026,-0.0015131011605262756,0.0013378523290157318,0.03913185000419617
0.03699532896280289,-0.0014821887016296387,0.0014256127178668976,0.03915576636791229
0.03699386864900589,-0.001463368535041809,0.0014524497091770172,0.039168693125247955
0.03699339181184769,-0.001460835337638855,0.0014545954763889313,0.03917019069194794
0.03699333965778351,-0.0014603734016418457,0.001454722136259079,0.039170265197753906
0.036993324756622314,-0.0014602765440940857,0.0014547370374202728,0.039170265197753906
0.036993324756622314,-0.0014602690935134888,0.0014547370374202728,0.039170265197753906
0.036993324756622314,-0.0014602690935134888,0.0014547370374202728,0.039170265197753906
0.036993324756622314,-0.0014602690935134888,0.0014547370374202728,0.039170265197753906
0.036993324756622314,-0.0014602690935134888,0.0014547370374202728,0.039170265197753906
0.036993324756622314,-0.0014602690935134888,0.0014547370374202728,0.039170265197753906
0.036993324756622314,-0.0014602690935134888,0.0014547370374202728,0.039170265197753906
0.036993324756622314,-0.0014602690935134888,0.0014547370374202728,0.039170265197753906
0.036993324756622314,-0.0014602690935134888,0.0014547370374202728,0.039170265197753906
0.036993324756622314,-0.0014602690935134888,0.0014547370374202728,0.039170265197753906
0.036993324756622314,-0.0014602690935134888,0.0014547370374202728,0.039170265197753906
0.036993324756622314,-0.0014602690935134888,0.0014547370374202728,0.039170265197753906
0.036993324756622314,-0.0014602690935134888,0.0014547370374202728,0.039170265197753906
0.036993324756622314,-0.0014602690935134888,0.0014547370374202728,0.039170265197753906
0.036993324756622314,-0.0014602690935134888,0.0014547370374202728,0.039170265197753906
0.036993324756622314,-0.0014602690935134888,0.0014547370374202728,0.039170265197753906
0.036993324756622314,-0.0014602690935134888,0.0014547370374202728,0.039170265197753906
0.036993324756622314,-0.0014602690935134888,0.0014547370374202728,0.039170265197753906
0.036993324756622314,-0.0014602690935134888,0.0014547370374202728,0.039170265197753906
0.036993324756622314,-0.0014602690935134888,0.0014547370374202728,0.039170265197753906
0.036993324756622314,-0.0014602690935134888,0.0014547370374202728,0.039170265197753906
0.036993324756622314,-0.0014602690935134888,0.0014547370374202728,0.039170265197753906
0.036993324756622314,-0.0014602690935134888,0.0014547370374202728,0.039170265197753906
0.036993324756622314,-0.0014602690935134888,0.0014547370374202728,0.039170265197753906
0.036993324756622314,-0.0014602690935134888,0.0014547370374202728,0.039170265197753906
0.036989592015743256,-0.0014577731490135193,0.0014434121549129486,0.03916020691394806
0.03698938339948654,-0.0014556050300598145,0.0014408864080905914,0.03915650397539139
0.03698938339948654,-0.0014554932713508606,0.0014407746493816376,0.039156146347522736
0.03698938339948654,-0.0014554932713508606,0.0014407597482204437,0.039156123995780945
0.03698938339948654,-0.0014554932713508606,0.0014407597482204437,0.039156123995780945
0.03698938339948654,-0.0014554932713508606,0.0014407597482204437,0.039156123995780945
0.03698938339948654,-0.0014554932713508606,0.0014407597482204437,0.039156123995780945
0.03698907047510147,-0.001451335847377777,0.0014864839613437653,0.03919731080532074
0.03698665648698807,-0.001446843147277832,0.0014975778758525848,0.039207957684993744
0.03698623180389404,-0.0014462098479270935,0.0014983899891376495,0.0392085537314415
0.036986157298088074,-0.0014461204409599304,0.001498434692621231,0.039208583533763885
0.036986157298088074,-0.0014461129903793335,0.001498434692621231,0.039208605885505676
0.036986157298088074,-0.0014461129903793335,0.001498434692621231,0.039208605885505676
0.036986157298088074,-0.0014461129903793335,0.001498434692621231,0.039208605885505676
0.036986157298088074,-0.0014461129903793335,0.001498434692621231,0.039208605885505676
0.036986157298088074,-0.0014461129903793335,0.001498434692621231,0.039208605885505676
0.036986157298088074,-0.0014461129903793335,0.001498434692621231,0.039208605885505676
0.036986157298088074,-0.0014461129903793335,0.001498434692621231,0.039208605885505676
0.036986157298088074,-0.0014461129903793335,0.001498434692621231,0.039208605885505676
0.036986157298088074,-0.0014461129903793335,0.001498434692621231,0.039208605885505676
0.036986157298088074,-0.0014461129903793335,0.001498434692621231,0.039208605885505676
0.036986157298088074,-0.0014461129903793335,0.001498434692621231,0.039208605885505676
0.036986157298088074,-0.0014461129903793335,0.001498434692621231,0.039208605885505676
0.036986157298088074,-0.0014461129903793335,0.001498434692621231,0.039208605885505676
0.036986157298088074,-0.0014461129903793335,0.001498434692621231,0.039208605885505676
0.036986157298088074,-0.0014461129903793335,0.001498434692621231,0.039208605885505676
0.036986157298088074,-0.0014461129903793335,0.001498434692621231,0.039208605885505676
0.036986157298088074,-0.0014461129903793335,0.001498434692621231,0.039208605885505676
0.036986157298088074,-0.0014461129903793335,0.001498434692621231,0.039208605885505676
0.036986157298088074,-0.0014461129903793335,0.001498434692621231,0.039208605885505676
0.036986157298088074,-0.0014461129903793335,0.001498434692621231,0.039208605885505676
0.036986157298088074,-0.0014461129903793335,0.001498434692621231,0.039208605885505676
0.036986157298088074,-0.0014461129903793335,0.001498434692621231,0.039208605885505676
0.036986157298088074,-0.0014461129903793335,0.001498434692621231,0.039208605885505676
0.036986157298088074,-0.0014461129903793335,0.001498434692621231,0.039208605885505676
0.036986157298088074,-0.0014461129903793335,0.001498434692621231,0.039208605885505676
0.036986157298088074,-0.0014461129903793335,0.001498434692621231,0.039208605885505676
0.036986157298088074,-0.0014461129903793335,0.001498434692621231,0.039208605885505676
0.036986157298088074,-0.0014461129903793335,0.001498434692621231,0.039208605885505676
0.036986157298088074,-0.0014461129903793335,0.001498434692621231,0.039208605885505676
0.036986157298088074,-0.0014461129903793335,0.001498434692621231,0.039208605885505676
0.036986157298088074,-0.0014461129903793335,0.001498434692621231,0.039208605885505676
0.036986157298088074,-0.0014461129903793335,0.001498434692621231,0.039208605885505676
0.036986157298088074,-0.0014461129903793335,0.001498434692621231,0.039208605885505676
0.036986157298088074,-0.0014461129903793335,0.001498434692621231,0.039208605885505676
0.036986157298088074,-0.0014461129903793335,0.001498434692621231,0.039208605885505676
0.036986157298088074,-0.0014461129903793335,0.001498434692621231,0.039208605885505676
0.03698626160621643,-0.0014276131987571716,0.0014813505113124847,0.03918515145778656
0.036987461149692535,-0.001414969563484192,0.0014816410839557648,0.03917890787124634
0.03698761761188507,-0.001413695514202118,0.0014817453920841217,0.03917872905731201
0.036987632513046265,-0.0014135167002677917,0.0014817453920841217,0.039178669452667236
0.03698764741420746,-0.001413486897945404,0.0014817453920841217,0.039178669452667236
0.03698764741420746,-0.0014134570956230164,0.0014817453920841217,0.039178669452667236
0.03698764741420746,-0.0014134570956230164,0.0014817453920841217,0.039178669452667236
0.03698764741420746,-0.0014134570956230164,0.0014817453920841217,0.039178669452667236
0.03698764741420746,-0.0014134570956230164,0.0014817453920841217,0.039178669452667236
0.03698764741420746,-0.0014134570956230164,0.0014817453920841217,0.039178669452667236
0.03698764741420746,-0.0014134570956230164,0.0014817453920841217,0.039178669452667236
0.03698764741420746,-0.0014134570956230164,0.0014817453920841217,0.039178669452667236
0.03698764741420746,-0.0014134570956230164,0.0014817453920841217,0.039178669452667236
0.03699071705341339,-0.0013956502079963684,0.001496877521276474,0.03918717801570892
0.03699078410863876,-0.0013858452439308167,0.0015033446252346039,0.03918810933828354
0.03699072450399399,-0.0013848692178726196,0.001504015177488327,0.03918822109699249
0.036990709602832794,-0.0013847500085830688,0.0015040300786495209,0.03918816149234772
0.036990709602832794,-0.0013847202062606812,0.0015040598809719086,0.03918816149234772
0.036990709602832794,-0.0013847202062606812,0.0015040598809719086,0.03918816149234772
0.036990709602832794,-0.0013847202062606812,0.0015040598809719086,0.03918816149234772
0.036990709602832794,-0.0013847202062606812,0.0015040598809719086,0.03918816149234772
0.036990709602832794,-0.0013847202062606812,0.0015040598809719086,0.03918816149234772
0.036990709602832794,-0.0013847202062606812,0.0015040598809719086,0.03918816149234772
0.036990709602832794,-0.0013847202062606812,0.0015040598809719086,0.03918816149234772
0.036990709602832794,-0.0013847202062606812,0.0015040598809719086,0.03918816149234772
0.036990709602832794,-0.0013847202062606812,0.0015040598809719086,0.03918816149234772
0.036990709602832794,-0.0013847202062606812,0.0015040598809719086,0.03918816149234772
0.036990709602832794,-0.0013847202062606812,0.0015040598809719086,0.03918816149234772
0.036990709602832794,-0.0013847202062606812,0.0015040598809719086,0.03918816149234772
0.036990709602832794,-0.0013847202062606812,0.0015040598809719086,0.03918816149234772
0.036990709602832794,-0.0013847202062606812,0.0015040598809719086,0.03918816149234772
0.036990709602832794,-0.0013847202062606812,0.0015040598809719086,0.03918816149234772
0.036990709602832794,-0.0013847202062606812,0.0015040598809719086,0.03918816149234772
0.036990709602832794,-0.0013847202062606812,0.0015040598809719086,0.03918816149234772
0.036990709602832794,-0.0013847202062606812,0.0015040598809719086,0.03918816149234772
0.036990709602832794,-0.0013847202062606812,0.0015040598809719086,0.03918816149234772
0.036990709602832794,-0.0013847202062606812,0.0015040598809719086,0.03918816149234772
0.036990709602832794,-0.0013847202062606812,0.0015040598809719086,0.03918816149234772
0.036990709602832794,-0.0013847202062606812,0.0015040598809719086,0.03918816149234772
0.036990709602832794,-0.0013847202062606812,0.0015040598809719086,0.03918816149234772
0.036990709602832794,-0.0013847202062606812,0.0015040598809719086,0.03918816149234772
0.036990709602832794,-0.0013847202062606812,0.0015040598809719086,0.03918816149234772
0.036990709602832794,-0.0013847202062606812,0.0015040598809719086,0.03918816149234772
0.036990709602832794,-0.0013847202062606812,0.0015040598809719086,0.03918816149234772
0.036990709602832794,-0.0013847202062606812,0.0015040598809719086,0.03918816149234772
0.036990709602832794,-0.0013847202062606812,0.0015040598809719086,0.03918816149234772
0.036990709602832794,-0.0013847202062606812,0.0015040598809719086,0.03918816149234772
0.036990709602832794,-0.0013847202062606812,0.0015040598809719086,0.03918816149234772
0.036990709602832794,-0.0013847202062606812,0.0015040598809719086,0.03918816149234772
0.036990709602832794,-0.0013847202062606812,0.0015040598809719086,0.03918816149234772
0.036990709602832794,-0.0013847202062606812,0.0015040598809719086,0.03918816149234772
0.036990709602832794,-0.0013847202062606812,0.0015040598809719086,0.03918816149234772
0.036990709602832794,-0.0013847202062606812,0.0015040598809719086,0.03918816149234772
0.036990709602832794,-0.0013847202062606812,0.0015040598809719086,0.03918816149234772
0.036990709602832794,-0.0013847202062606812,0.0015040598809719086,0.03918816149234772
0.036990709602832794,-0.0013847202062606812,0.0015040598809719086,0.03918816149234772
0.036990709602832794,-0.0013847202062606812,0.0015040598809719086,0.03918816149234772
0.036990709602832794,-0.0013847202062606812,0.0015040598809719086,0.03918816149234772
0.036990709602832794,-0.0013847202062606812,0.0015040598809719086,0.03918816149234772
0.036990709602832794,-0.0013847202062606812,0.0015040598809719086,0.03918816149234772
0.036990709602832794,-0.0013847202062606812,0.0015040598809719086,0.03918816149234772
0.036990709602832794,-0.0013847202062606812,0.0015040598809719086,0.03918816149234772
0.036990709602832794,-0.0013847202062606812,0.0015040598809719086,0.03918816149234772
0.036990709602832794,-0.0013847202062606812,0.0015040598809719086,0.03918816149234772
0.036990709602832794,-0.0013847202062606812,0.0015040598809719086,0.03918816149234772
0.036990709602832794,-0.0013847202062606812,0.0015040598809719086,0.03918816149234772
0.036990709602832794,-0.0013847202062606812,0.0015040598809719086,0.03918816149234772
0.036990709602832794,-0.0013847202062606812,0.0015040598809719086,0.03918816149234772
0.036990709602832794,-0.0013847202062606812,0.0015040598809719086,0.03918816149234772
0.036990709602832794,-0.0013847202062606812,0.0015040598809719086,0.03918816149234772
0.036990709602832794,-0.0013847202062606812,0.0015040598809719086,0.03918816149234772
0.036990709602832794,-0.0013847202062606812,0.0015040598809719086,0.03918816149234772
0.036990709602832794,-0.0013847202062606812,0.0015040598809719086,0.03918816149234772
0.036990709602832794,-0.0013847202062606812,0.0015040598809719086,0.03918816149234772
0.036990709602832794,-0.0013847202062606812,0.0015040598809719086,0.03918816149234772
0.036990709602832794,-0.0013847202062606812,0.0015040598809719086,0.03918816149234772
0.036990709602832794,-0.0013847202062606812,0.0015040598809719086,0.03918816149234772
0.036990709602832794,-0.0013847202062606812,0.0015040598809719086,0.03918816149234772
0.036990709602832794,-0.0013847202062606812,0.0015040598809719086,0.03918816149234772
0.036990709602832794,-0.0013847202062606812,0.0015040598809719086,0.03918816149234772
0.036990709602832794,-0.0013847202062606812,0.0015040598809719086,0.03918816149234772
0.036990709602832794,-0.0013847202062606812,0.0015040598809719086,0.03918816149234772
0.036990709602832794,-0.0013847202062606812,0.0015040598809719086,0.03918816149234772
0.036990709602832794,-0.0013847202062606812,0.0015040598809719086,0.03918816149234772
0.036990709602832794,-0.0013847202062606812,0.0015040598809719086,0.03918816149234772
0.036990709602832794,-0.0013847202062606812,0.0015040598809719086,0.03918816149234772
0.036990709602832794,-0.0013847202062606812,0.0015040598809719086,0.03918816149234772
0.036990709602832794,-0.0013847202062606812,0.0015040598809719086,0.03918816149234772
0.036990709602832794,-0.0013847202062606812,0.0015040598809719086,0.03918816149234772
0.036990709602832794,-0.0013847202062606812,0.0015040598809719086,0.03918816149234772
0.036990709602832794,-0.0013847202062606812,0.0015040598809719086,0.03918816149234772
0.036990709602832794,-0.0013847202062606812,0.0015040598809719086,0.03918816149234772
0.036990709602832794,-0.0013847202062606812,0.0015040598809719086,0.03918816149234772
0.036990709602832794,-0.0013847202062606812,0.0015040598809719086,0.03918816149234772
0.036990709602832794,-0.0013847202062606812,0.0015040598809719086,0.03918816149234772
0.036990709602832794,-0.0013847202062606812,0.0015040598809719086,0.03918816149234772
0.036990709602832794,-0.0013847202062606812,0.0015040598809719086,0.03918816149234772
0.036990709602832794,-0.0013847202062606812,0.0015040598809719086,0.03918816149234772
0.036990709602832794,-0.0013847202062606812,0.0015040598809719086,0.03918816149234772
0.036990709602832794,-0.0013847202062606812,0.0015040598809719086,0.03918816149234772
0.036990709602832794,-0.0013847202062606812,0.0015040598809719086,0.03918816149234772
0.036990709602832794,-0.0013847202062606812,0.0015040598809719086,0.03918816149234772
0.036990709602832794,-0.0013847202062606812,0.0015040598809719086,0.03918816149234772
0.036990709602832794,-0.0013847202062606812,0.0015040598809719086,0.03918816149234772
0.036990709602832794,-0.0013847202062606812,0.0015040598809719086,0.03918816149234772
0.036990709602832794,-0.0013847202062606812,0.0015040598809719086,0.03918816149234772
0.036990709602832794,-0.0013847202062606812,0.0015040598809719086,0.03918816149234772
0.036990709602832794,-0.0013847202062606812,0.0015040598809719086,0.03918816149234772
0.036990709602832794,-0.0013847202062606812,0.0015040598809719086,0.03918816149234772
0.036990709602832794,-0.0013847202062606812,0.0015040598809719086,0.03918816149234772
0.036990709602832794,-0.0013847202062606812,0.0015040598809719086,0.03918816149234772
0.036990709602832794,-0.0013847202062606812,0.0015040598809719086,0.03918816149234772
0.036990709602832794,-0.0013847202062606812,0.0015040598809719086,0.03918816149234772
0.036990709602832794,-0.0013847202062606812,0.0015040598809719086,0.03918816149234772
0.036990709602832794,-0.0013847202062606812,0.0015040598809719086,0.03918816149234772
0.036990709602832794,-0.0013847202062606812,0.0015040598809719086,0.03918816149234772
0.036990709602832794,-0.0013847202062606812,0.0015040598809719086,0.03918816149234772
0.036990709602832794,-0.0013847202062606812,0.0015040598809719086,0.03918816149234772
0.036990709602832794,-0.0013847202062606812,0.0015040598809719086,0.03918816149234772
0.036990709602832794,-0.0013847202062606812,0.0015040598809719086,0.03918816149234772
0.036990709602832794,-0.0013847202062606812,0.0015040598809719086,0.03918816149234772
0.036990709602832794,-0.0013847202062606812,0.0015040598809719086,0.03918816149234772
0.036990709602832794,-0.0013847202062606812,0.0015040598809719086,0.03918816149234772
0.036990709602832794,-0.0013847202062606812,0.0015040598809719086,0.03918816149234772
0.036990709602832794,-0.0013847202062606812,0.0015040598809719086,0.03918816149234772
0.036990709602832794,-0.0013847202062606812,0.0015040598809719086,0.03918816149234772
0.036990709602832794,-0.0013847202062606812,0.0015040598809719086,0.03918816149234772
0.036990709602832794,-0.0013847202062606812,0.0015040598809719086,0.03918816149234772
0.036990709602832794,-0.0013847202062606812,0.0015040598809719086,0.03918816149234772
0.036990709602832794,-0.0013847202062606812,0.0015040598809719086,0.03918816149234772
0.036990709602832794,-0.0013847202062606812,0.0015040598809719086,0.03918816149234772
0.036990709602832794,-0.0013847202062606812,0.0015040598809719086,0.03918816149234772
0.036990709602832794,-0.0013847202062606812,0.0015040598809719086,0.03918816149234772
0.036990709602832794,-0.0013847202062606812,0.0015040598809719086,0.03918816149234772
0.036990709602832794,-0.0013847202062606812,0.0015040598809719086,0.03918816149234772
0.036990709602832794,-0.0013847202062606812,0.0015040598809719086,0.03918816149234772
0.036990709602832794,-0.0013847202062606812,0.0015040598809719086,0.03918816149234772
0.036990709602832794,-0.0013847202062606812,0.0015040598809719086,0.03918816149234772
0.036990709602832794,-0.0013847202062606812,0.0015040598809719086,0.03918816149234772
0.036990709602832794,-0.0013847202062606812,0.0015040598809719086,0.03918816149234772
0.036990709602832794,-0.0013847202062606812,0.0015040598809719086,0.03918816149234772
0.036990709602832794,-0.0013847202062606812,0.0015040598809719086,0.03918816149234772
0.036990709602832794,-0.0013847202062606812,0.0015040598809719086,0.03918816149234772
0.036990709602832794,-0.0013847202062606812,0.0015040598809719086,0.03918816149234772
0.036990709602832794,-0.0013847202062606812,0.0015040598809719086,0.03918816149234772
0.036990709602832794,-0.0013847202062606812,0.0015040598809719086,0.03918816149234772
0.036990709602832794,-0.0013847202062606812,0.0015040598809719086,0.03918816149234772
0.036990709602832794,-0.0013847202062606812,0.0015040598809719086,0.03918816149234772
0.036990709602832794,-0.0013847202062606812,0.0015040598809719086,0.03918816149234772
0.036990709602832794,-0.0013847202062606812,0.0015040598809719086,0.03918816149234772
0.036990709602832794,-0.0013847202062606812,0.0015040598809719086,0.03918816149234772
0.036990709602832794,-0.0013847202062606812,0.0015040598809719086,0.03918816149234772
0.036990709602832794,-0.0013847202062606812,0.0015040598809719086,0.03918816149234772
0.036990709602832794,-0.0013847202062606812,0.0015040598809719086,0.03918816149234772
0.036990709602832794,-0.0013847202062606812,0.0015040598809719086,0.03918816149234772
0.036990709602832794,-0.0013847202062606812,0.0015040598809719086,0.03918816149234772
0.036990709602832794,-0.0013847202062606812,0.0015040598809719086,0.03918816149234772
0.036990709602832794,-0.0013847202062606812,0.0015040598809719086,0.03918816149234772
0.036990709602832794,-0.0013847202062606812,0.0015040598809719086,0.03918816149234772
0.036990709602832794,-0.0013847202062606812,0.0015040598809719086,0.03918816149234772
0.036990709602832794,-0.0013847202062606812,0.0015040598809719086,0.03918816149234772
0.036990709602832794,-0.0013847202062606812,0.0015040598809719086,0.03918816149234772
0.036990709602832794,-0.0013847202062606812,0.0015040598809719086,0.03918816149234772
0.036990709602832794,-0.0013847202062606812,0.0015040598809719086,0.03918816149234772
0.036990709602832794,-0.0013847202062606812,0.0015040598809719086,0.03918816149234772
0.036990709602832794,-0.0013847202062606812,0.0015040598809719086,0.03918816149234772
0.036990709602832794,-0.0013847202062606812,0.0015040598809719086,0.03918816149234772
0.036990709602832794,-0.0013847202062606812,0.0015040598809719086,0.03918816149234772
0.036990709602832794,-0.0013847202062606812,0.0015040598809719086,0.03918816149234772
0.036990709602832794,-0.0013847202062606812,0.0015040598809719086,0.03918816149234772
0.036990709602832794,-0.0013847202062606812,0.0015040598809719086,0.03918816149234772
0.036990709602832794,-0.0013847202062606812,0.0015040598809719086,0.03918816149234772
0.036990709602832794,-0.0013847202062606812,0.0015040598809719086,0.03918816149234772
0.036990709602832794,-0.0013847202062606812,0.0015040598809719086,0.03918816149234772
0.036990709602832794,-0.0013847202062606812,0.0015040598809719086,0.03918816149234772
0.036990709602832794,-0.0013847202062606812,0.0015040598809719086,0.03918816149234772
0.036990709602832794,-0.0013847202062606812,0.0015040598809719086,0.03918816149234772
0.036990709602832794,-0.0013847202062606812,0.0015040598809719086,0.03918816149234772
0.036990709602832794,-0.0013847202062606812,0.0015040598809719086,0.03918816149234772
0.036990709602832794,-0.0013847202062606812,0.0015040598809719086,0.03918816149234772
0.036990709602832794,-0.0013847202062606812,0.0015040598809719086,0.03918816149234772
0.036990709602832794,-0.0013847202062606812,0.0015040598809719086,0.03918816149234772
0.036990709602832794,-0.0013847202062606812,0.0015040598809719086,0.03918816149234772
0.036990709602832794,-0.0013847202062606812,0.0015040598809719086,0.03918816149234772
0.036990709602832794,-0.0013847202062606812,0.0015040598809719086,0.03918816149234772
0.036990709602832794,-0.0013847202062606812,0.0015040598809719086,0.03918816149234772
0.036990709602832794,-0.0013847202062606812,0.0015040598809719086,0.03918816149234772
0.036990709602832794,-0.0013847202062606812,0.0015040598809719086,0.03918816149234772
0.036990709602832794,-0.0013847202062606812,0.0015040598809719086,0.03918816149234772
0.036990709602832794,-0.0013847202062606812,0.0015040598809719086,0.03918816149234772
0.036990709602832794,-0.0013847202062606812,0.0015040598809719086,0.03918816149234772
0.036990709602832794,-0.0013847202062606812,0.0015040598809719086,0.03918816149234772
0.036990709602832794,-0.0013847202062606812,0.0015040598809719086,0.03918816149234772
0.036990709602832794,-0.0013847202062606812,0.0015040598809719086,0.03918816149234772
0.036990709602832794,-0.0013847202062606812,0.0015040598809719086,0.03918816149234772
0.036990709602832794,-0.0013847202062606812,0.0015040598809719086,0.03918816149234772
0.036990709602832794,-0.0013847202062606812,0.0015040598809719086,0.03918816149234772
0.036990709602832794,-0.0013847202062606812,0.0015040598809719086,0.03918816149234772
0.036990709602832794,-0.0013847202062606812,0.0015040598809719086,0.03918816149234772
0.036990709602832794,-0.0013847202062606812,0.0015040598809719086,0.03918816149234772
0.036990709602832794,-0.0013847202062606812,0.0015040598809719086,0.03918816149234772
0.036990709602832794,-0.0013847202062606812,0.0015040598809719086,0.03918816149234772
0.036990709602832794,-0.0013847202062606812,0.0015040598809719086,0.03918816149234772
0.036990709602832794,-0.0013847202062606812,0.0015040598809719086,0.03918816149234772
0.036990709602832794,-0.0013847202062606812,0.0015040598809719086,0.03918816149234772
0.036990709602832794,-0.0013847202062606812,0.0015040598809719086,0.03918816149234772
0.036990709602832794,-0.0013847202062606812,0.0015040598809719086,0.03918816149234772
0.036990709602832794,-0.0013847202062606812,0.0015040598809719086,0.03918816149234772
0.036990709602832794,-0.0013847202062606812,0.0015040598809719086,0.03918816149234772
0.036990709602832794,-0.0013847202062606812,0.0015040598809719086,0.03918816149234772
0.036990709602832794,-0.0013847202062606812,0.0015040598809719086,0.03918816149234772
0.036990709602832794,-0.0013847202062606812,0.0015040598809719086,0.03918816149234772
0.036990709602832794,-0.0013847202062606812,0.0015040598809719086,0.03918816149234772
0.036990709602832794,-0.0013847202062606812,0.0015040598809719086,0.03918816149234772
0.036990709602832794,-0.0013847202062606812,0.0015040598809719086,0.03918816149234772
0.036990709602832794,-0.0013847202062606812,0.0015040598809719086,0.03918816149234772
0.036990709602832794,-0.0013847202062606812,0.0015040598809719086,0.03918816149234772
0.036990709602832794,-0.0013847202062606812,0.0015040598809719086,0.03918816149234772
0.036990709602832794,-0.0013847202062606812,0.0015040598809719086,0.03918816149234772
0.036990709602832794,-0.0013847202062606812,0.0015040598809719086,0.03918816149234772
0.036990709602832794,-0.0013847202062606812,0.0015040598809719086,0.03918816149234772
0.036990709602832794,-0.0013847202062606812,0.0015040598809719086,0.03918816149234772
0.036990709602832794,-0.0013847202062606812,0.0015040598809719086,0.03918816149234772
0.036990709602832794,-0.0013847202062606812,0.0015040598809719086,0.03918816149234772
0.036990709602832794,-0.0013847202062606812,0.0015040598809719086,0.03918816149234772
0.036990709602832794,-0.0013847202062606812,0.0015040598809719086,0.03918816149234772
0.036990709602832794,-0.0013847202062606812,0.0015040598809719086,0.03918816149234772
0.036990709602832794,-0.0013847202062606812,0.0015040598809719086,0.03918816149234772
0.036990709602832794,-0.0013847202062606812,0.0015040598809719086,0.03918816149234772
0.036990709602832794,-0.0013847202062606812,0.0015040598809719086,0.03918816149234772
0.036990709602832794,-0.0013847202062606812,0.0015040598809719086,0.03918816149234772
0.036990709602832794,-0.0013847202062606812,0.0015040598809719086,0.03918816149234772
0.036990709602832794,-0.0013847202062606812,0.0015040598809719086,0.03918816149234772
0.036990709602832794,-0.0013847202062606812,0.0015040598809719086,0.03918816149234772
0.036990709602832794,-0.0013847202062606812,0.0015040598809719086,0.03918816149234772
0.036990709602832794,-0.0013847202062606812,0.0015040598809719086,0.03918816149234772
0.036990709602832794,-0.0013847202062606812,0.0015040598809719086,0.03918816149234772
0.036990709602832794,-0.0013847202062606812,0.0015040598809719086,0.03918816149234772
0.036990709602832794,-0.0013847202062606812,0.0015040598809719086,0.03918816149234772
0.036990709602832794,-0.0013847202062606812,0.0015040598809719086,0.03918816149234772
0.036990709602832794,-0.0013847202062606812,0.0015040598809719086,0.03918816149234772
0.036990709602832794,-0.0013847202062606812,0.0015040598809719086,0.03918816149234772
0.036990709602832794,-0.0013847202062606812,0.0015040598809719086,0.03918816149234772
0.036990709602832794,-0.0013847202062606812,0.0015040598809719086,0.03918816149234772
0.036990709602832794,-0.0013847202062606812,0.0015040598809719086,0.03918816149234772
0.036990709602832794,-0.0013847202062606812,0.0015040598809719086,0.03918816149234772
0.036990709602832794,-0.0013847202062606812,0.0015040598809719086,0.03918816149234772
0.036990709602832794,-0.0013847202062606812,0.0015040598809719086,0.03918816149234772
0.036990709602832794,-0.0013847202062606812,0.0015040598809719086,0.03918816149234772
0.036990709602832794,-0.0013847202062606812,0.0015040598809719086,0.03918816149234772
0.036990709602832794,-0.0013847202062606812,0.0015040598809719086,0.03918816149234772
0.036990709602832794,-0.0013847202062606812,0.0015040598809719086,0.03918816149234772
0.036990709602832794,-0.0013847202062606812,0.0015040598809719086,0.03918816149234772
0.036990709602832794,-0.0013847202062606812,0.0015040598809719086,0.03918816149234772
0.036990709602832794,-0.0013847202062606812,0.0015040598809719086,0.03918816149234772
0.036990709602832794,-0.0013847202062606812,0.0015040598809719086,0.03918816149234772
0.036990709602832794,-0.0013847202062606812,0.0015040598809719086,0.03918816149234772
0.036990709602832794,-0.0013847202062606812,0.0015040598809719086,0.03918816149234772
0.036990709602832794,-0.0013847202062606812,0.0015040598809719086,0.03918816149234772
0.036990709602832794,-0.0013847202062606812,0.0015040598809719086,0.03918816149234772
0.036990709602832794,-0.0013847202062606812,0.0015040598809719086,0.03918816149234772
0.036990709602832794,-0.0013847202062606812,0.0015040598809719086,0.03918816149234772
0.036990709602832794,-0.0013847202062606812,0.0015040598809719086,0.03918816149234772
0.036990709602832794,-0.0013847202062606812,0.0015040598809719086,0.03918816149234772
0.036990709602832794,-0.0013847202062606812,0.0015040598809719086,0.03918816149234772
0.036990709602832794,-0.0013847202062606812,0.0015040598809719086,0.03918816149234772
0.036990709602832794,-0.0013847202062606812,0.0015040598809719086,0.03918816149234772
0.036990709602832794,-0.0013847202062606812,0.0015040598809719086,0.03918816149234772
0.036990709602832794,-0.0013847202062606812,0.0015040598809719086,0.03918816149234772
0.036990709602832794,-0.0013847202062606812,0.0015040598809719086,0.03918816149234772
0.036990709602832794,-0.0013847202062606812,0.0015040598809719086,0.03918816149234772
0.036990709602832794,-0.0013847202062606812,0.0015040598809719086,0.03918816149234772
0.036990709602832794,-0.0013847202062606812,0.0015040598809719086,0.03918816149234772
0.036990709602832794,-0.0013847202062606812,0.0015040598809719086,0.03918816149234772
0.036990709602832794,-0.0013847202062606812,0.0015040598809719086,0.03918816149234772
0.036990709602832794,-0.0013847202062606812,0.0015040598809719086,0.03918816149234772
0.036990709602832794,-0.0013847202062606812,0.0015040598809719086,0.03918816149234772
0.036990709602832794,-0.0013847202062606812,0.0015040598809719086,0.03918816149234772
0.036990709602832794,-0.0013847202062606812,0.0015040598809719086,0.03918816149234772
0.036990709602832794,-0.0013847202062606812,0.0015040598809719086,0.03918816149234772
0.036990709602832794,-0.0013847202062606812,0.0015040598809719086,0.03918816149234772
0.036990709602832794,-0.0013847202062606812,0.0015040598809719086,0.03918816149234772
0.036990709602832794,-0.0013847202062606812,0.0015040598809719086,0.03918816149234772
0.036990709602832794,-0.0013847202062606812,0.0015040598809719086,0.03918816149234772
0.036990709602832794,-0.0013847202062606812,0.0015040598809719086,0.03918816149234772
0.036990709602832794,-0.0013847202062606812,0.0015040598809719086,0.03918816149234772
0.036990709602832794,-0.0013847202062606812,0.0015040598809719086,0.03918816149234772
0.036990709602832794,-0.0013847202062606812,0.0015040598809719086,0.03918816149234772
0.036990709602832794,-0.0013847202062606812,0.0015040598809719086,0.03918816149234772
0.036990709602832794,-0.0013847202062606812,0.0015040598809719086,0.03918816149234772
0.036990709602832794,-0.0013847202062606812,0.0015040598809719086,0.03918816149234772
0.036990709602832794,-0.0013847202062606812,0.0015040598809719086,0.03918816149234772
0.036990709602832794,-0.0013847202062606812,0.0015040598809719086,0.03918816149234772
0.036990709602832794,-0.0013847202062606812,0.0015040598809719086,0.03918816149234772
0.036990709602832794,-0.0013847202062606812,0.0015040598809719086,0.03918816149234772
0.036990709602832794,-0.0013847202062606812,0.0015040598809719086,0.03918816149234772
0.036990709602832794,-0.0013847202062606812,0.0015040598809719086,0.03918816149234772
0.036990709602832794,-0.0013847202062606812,0.0015040598809719086,0.03918816149234772
0.036990709602832794,-0.0013847202062606812,0.0015040598809719086,0.03918816149234772
0.036990709602832794,-0.0013847202062606812,0.0015040598809719086,0.03918816149234772
0.036990709602832794,-0.0013847202062606812,0.0015040598809719086,0.03918816149234772
0.036990709602832794,-0.0013847202062606812,0.0015040598809719086,0.03918816149234772
0.036990709602832794,-0.0013847202062606812,0.0015040598809719086,0.03918816149234772
0.036990709602832794,-0.0013847202062606812,0.0015040598809719086,0.03918816149234772
0.036990709602832794,-0.0013847202062606812,0.0015040598809719086,0.03918816149234772
0.036990709602832794,-0.0013847202062606812,0.0015040598809719086,0.03918816149234772
0.036990709602832794,-0.0013847202062606812,0.0015040598809719086,0.03918816149234772
0.036990709602832794,-0.0013847202062606812,0.0015040598809719086,0.03918816149234772
0.036990709602832794,-0.0013847202062606812,0.0015040598809719086,0.03918816149234772
0.036990709602832794,-0.0013847202062606812,0.0015040598809719086,0.03918816149234772
0.036990709602832794,-0.0013847202062606812,0.0015040598809719086,0.03918816149234772
0.036990709602832794,-0.0013847202062606812,0.0015040598809719086,0.03918816149234772
0.036990709602832794,-0.0013847202062606812,0.0015040598809719086,0.03918816149234772
0.036990709602832794,-0.0013847202062606812,0.0015040598809719086,0.03918816149234772
0.036990709602832794,-0.0013847202062606812,0.0015040598809719086,0.03918816149234772
0.036990709602832794,-0.0013847202062606812,0.0015040598809719086,0.03918816149234772
0.036990709602832794,-0.0013847202062606812,0.0015040598809719086,0.03918816149234772
0.036990709602832794,-0.0013847202062606812,0.0015040598809719086,0.03918816149234772
0.036990709602832794,-0.0013847202062606812,0.0015040598809719086,0.03918816149234772
0.036990709602832794,-0.0013847202062606812,0.0015040598809719086,0.03918816149234772
0.036990709602832794,-0.0013847202062606812,0.0015040598809719086,0.03918816149234772
0.036990709602832794,-0.0013847202062606812,0.0015040598809719086,0.03918816149234772
0.036990709602832794,-0.0013847202062606812,0.0015040598809719086,0.03918816149234772
0.036990709602832794,-0.0013847202062606812,0.0015040598809719086,0.03918816149234772
0.036990709602832794,-0.0013847202062606812,0.0015040598809719086,0.03918816149234772
0.036990709602832794,-0.0013847202062606812,0.0015040598809719086,0.03918816149234772
0.036990709602832794,-0.0013847202062606812,0.0015040598809719086,0.03918816149234772
0.036990709602832794,-0.0013847202062606812,0.0015040598809719086,0.03918816149234772
0.036990709602832794,-0.0013847202062606812,0.0015040598809719086,0.03918816149234772
0.036990709602832794,-0.0013847202062606812,0.0015040598809719086,0.03918816149234772
0.036990709602832794,-0.0013847202062606812,0.0015040598809719086,0.03918816149234772
0.036990709602832794,-0.0013847202062606812,0.0015040598809719086,0.03918816149234772
0.036990709602832794,-0.0013847202062606812,0.0015040598809719086,0.03918816149234772
0.036990709602832794,-0.0013847202062606812,0.0015040598809719086,0.03918816149234772
0.036990709602832794,-0.0013847202062606812,0.0015040598809719086,0.03918816149234772
0.036990709602832794,-0.0013847202062606812,0.0015040598809719086,0.03918816149234772
0.036990709602832794,-0.0013847202062606812,0.0015040598809719086,0.03918816149234772
0.036990709602832794,-0.0013847202062606812,0.0015040598809719086,0.03918816149234772
0.036990709602832794,-0.0013847202062606812,0.0015040598809719086,0.03918816149234772
0.036990709602832794,-0.0013847202062606812,0.0015040598809719086,0.03918816149234772
0.036990709602832794,-0.0013847202062606812,0.0015040598809719086,0.03918816149234772
0.036990709602832794,-0.0013847202062606812,0.0015040598809719086,0.03918816149234772
0.036990709602832794,-0.0013847202062606812,0.0015040598809719086,0.03918816149234772
0.036990709602832794,-0.0013847202062606812,0.0015040598809719086,0.03918816149234772
0.036990709602832794,-0.0013847202062606812,0.0015040598809719086,0.03918816149234772
0.036990709602832794,-0.0013847202062606812,0.0015040598809719086,0.03918816149234772
0.036990709602832794,-0.0013847202062606812,0.0015040598809719086,0.03918816149234772
0.036990709602832794,-0.0013847202062606812,0.0015040598809719086,0.03918816149234772
0.036990709602832794,-0.0013847202062606812,0.0015040598809719086,0.03918816149234772
0.036990709602832794,-0.0013847202062606812,0.0015040598809719086,0.03918816149234772
0.036990709602832794,-0.0013847202062606812,0.0015040598809719086,0.03918816149234772
0.036990709602832794,-0.0013847202062606812,0.0015040598809719086,0.03918816149234772
0.036990709602832794,-0.0013847202062606812,0.0015040598809719086,0.03918816149234772
0.036990709602832794,-0.0013847202062606812,0.0015040598809719086,0.03918816149234772
0.036990709602832794,-0.0013847202062606812,0.0015040598809719086,0.03918816149234772
0.036990709602832794,-0.0013847202062606812,0.0015040598809719086,0.03918816149234772
0.036990709602832794,-0.0013847202062606812,0.0015040598809719086,0.03918816149234772
0.036990709602832794,-0.0013847202062606812,0.0015040598809719086,0.03918816149234772
0.036990709602832794,-0.0013847202062606812,0.0015040598809719086,0.03918816149234772
0.036990709602832794,-0.0013847202062606812,0.0015040598809719086,0.03918816149234772
0.036990709602832794,-0.0013847202062606812,0.0015040598809719086,0.03918816149234772
0.036990709602832794,-0.0013847202062606812,0.0015040598809719086,0.03918816149234772
0.036990709602832794,-0.0013847202062606812,0.0015040598809719086,0.03918816149234772
0.036990709602832794,-0.0013847202062606812,0.0015040598809719086,0.03918816149234772
0.036990709602832794,-0.0013847202062606812,0.0015040598809719086,0.03918816149234772
0.036990709602832794,-0.0013847202062606812,0.0015040598809719086,0.03918816149234772
0.036990709602832794,-0.0013847202062606812,0.0015040598809719086,0.03918816149234772
0.036990709602832794,-0.0013847202062606812,0.0015040598809719086,0.03918816149234772
0.036990709602832794,-0.0013847202062606812,0.0015040598809719086,0.03918816149234772
0.036990709602832794,-0.0013847202062606812,0.0015040598809719086,0.03918816149234772
0.036990709602832794,-0.0013847202062606812,0.0015040598809719086,0.03918816149234772
