vx,vy,vz,omega_z
0.036462463438510895,-0.0011416375637054443,0.0019650645554065704,0.03848886489868164
0.03559239208698273,-0.002096407115459442,0.002826351672410965,0.03990200161933899
0.035388536751270294,-0.0023341551423072815,0.0030463971197605133,0.0402640774846077
0.03543301671743393,-0.0024890676140785217,0.0030653364956378937,0.03982763737440109
0.03607308119535446,-0.002334974706172943,0.0020095743238925934,0.04134565591812134
0.03621794283390045,-0.0021906644105911255,0.0018765144050121307,0.04159609228372574
0.03627803921699524,-0.002254471182823181,0.0016375444829463959,0.04166293889284134
0.03629650920629501,-0.0022184252738952637,0.0016041509807109833,0.04164593666791916
0.036686986684799194,-0.0017815381288528442,0.0015130452811717987,0.03978755325078964
0.036814965307712555,-0.001576155424118042,0.0015052668750286102,0.03943254053592682
0.03690478950738907,-0.0014072433114051819,0.0014656595885753632,0.03927840292453766
0.03694458305835724,-0.001238115131855011,0.0015689246356487274,0.03908706456422806
0.03695118427276611,-0.001233510673046112,0.0015826039016246796,0.03905699402093887
0.03697291016578674,-0.0013561248779296875,0.001531016081571579,0.03909721225500107
0.03697945922613144,-0.0013577565550804138,0.0015280060470104218,0.039095476269721985
0.03696390986442566,-0.0014003217220306396,0.0014393292367458344,0.039006493985652924
0.03696373850107193,-0.0014188960194587708,0.0014104582369327545,0.038980431854724884
0.036969318985939026,-0.0014359280467033386,0.0014317892491817474,0.03904140740633011
0.03696884214878082,-0.0014045685529708862,0.001472335308790207,0.03905690461397171
0.03696794807910919,-0.001394420862197876,0.0014817006886005402,0.03906136006116867
0.036967769265174866,-0.0013932660222053528,0.0014825798571109772,0.039061836898326874
0.03696775436401367,-0.001393057405948639,0.0014825798571109772,0.03906185179948807
0.036942124366760254,-0.0013788267970085144,0.0015032701194286346,0.03897794336080551
0.03693053126335144,-0.0013706386089324951,0.001516837626695633,0.03893639147281647
0.03692871332168579,-0.001368410885334015,0.0015191622078418732,0.038930609822273254
0.03692395240068436,-0.0013478472828865051,0.0015535913407802582,0.03890839219093323
0.03692256659269333,-0.0013384968042373657,0.0015630833804607391,0.038906827569007874
0.036922305822372437,-0.001337289810180664,0.0015638209879398346,0.038906797766685486
0.036922261118888855,-0.0013370737433433533,0.0015638954937458038,0.0389067679643631
0.0369538739323616,-0.0013521760702133179,0.0015430562198162079,0.03901034593582153
0.03695949912071228,-0.0013521090149879456,0.0015422217547893524,0.03903035819530487
0.0369601771235466,-0.001352168619632721,0.0015422441065311432,0.03903214633464813
0.03695417195558548,-0.0013495013117790222,0.0015394948422908783,0.03900252282619476
0.036953411996364594,-0.0013522431254386902,0.0015369169414043427,0.03899553418159485
0.03695334494113922,-0.0013522878289222717,0.0015372298657894135,0.03899502754211426
0.03695334494113922,-0.0013521388173103333,0.0015373267233371735,0.038995012640953064
0.03695334494113922,-0.0013521090149879456,0.0015373416244983673,0.03899504989385605
0.03695334494113922,-0.0013521090149879456,0.0015373490750789642,0.03899504989385605
0.03693610429763794,-0.0013552755117416382,0.0015306435525417328,0.03893135488033295
0.03693351894617081,-0.001361660659313202,0.0015247724950313568,0.038917653262615204
0.036933258175849915,-0.0013624876737594604,0.0015242509543895721,0.038916394114494324
0.036925435066223145,-0.001364395022392273,0.0015209577977657318,0.0388907790184021
0.036924198269844055,-0.0013670995831489563,0.0015184096992015839,0.03888533264398575
0.03692410886287689,-0.0013674497604370117,0.0015181638300418854,0.03888478875160217
0.0369240939617157,-0.001367516815662384,0.0015181638300418854,0.03888476639986038
0.0369240939617157,-0.001367516815662384,0.0015181638300418854,0.03888476639986038
0.0369240939617157,-0.001367516815662384,0.0015181638300418854,0.03888476639986038
0.0369240939617157,-0.001367516815662384,0.0015181638300418854,0.03888476639986038
0.0369240939617157,-0.001367516815662384,0.0015181638300418854,0.03888476639986038
0.0369240939617157,-0.001367516815662384,0.0015181638300418854,0.03888476639986038
0.0369240939617157,-0.001367516815662384,0.0015181638300418854,0.03888476639986038
0.0369240939617157,-0.001367516815662384,0.0015181638300418854,0.03888476639986038
0.0369240939617157,-0.001367516815662384,0.0015181638300418854,0.03888476639986038
0.0369240939617157,-0.001367516815662384,0.0015181638300418854,0.03888476639986038
0.0369240939617157,-0.001367516815662384,0.0015181638300418854,0.03888476639986038
0.0369240939617157,-0.001367516815662384,0.0015181638300418854,0.03888476639986038
0.0369240939617157,-0.001367516815662384,0.0015181638300418854,0.03888476639986038
0.0369240939617157,-0.001367516815662384,0.0015181638300418854,0.03888476639986038
0.0369240939617157,-0.001367516815662384,0.0015181638300418854,0.03888476639986038
0.0369240939617157,-0.001367516815662384,0.0015181638300418854,0.03888476639986038
0.0369240939617157,-0.001367516815662384,0.0015181638300418854,0.03888476639986038
0.0369240939617157,-0.001367516815662384,0.0015181638300418854,0.03888476639986038
0.0369240939617157,-0.001367516815662384,0.0015181638300418854,0.03888476639986038
0.0369240939617157,-0.001367516815662384,0.0015181638300418854,0.03888476639986038
0.0369240939617157,-0.001367516815662384,0.0015181638300418854,0.03888476639986038
0.0369240939617157,-0.001367516815662384,0.0015181638300418854,0.03888476639986038
0.0369240939617157,-0.001367516815662384,0.0015181638300418854,0.03888476639986038
0.0369240939617157,-0.001367516815662384,0.0015181638300418854,0.03888476639986038
0.0369240939617157,-0.001367516815662384,0.0015181638300418854,0.03888476639986038
0.03693202883005142,-0.001365765929222107,0.0015213526785373688,0.03891019523143768
0.036933183670043945,-0.0013630539178848267,0.001523967832326889,0.03891567885875702
0.03695055842399597,-0.0013595148921012878,0.0015309713780879974,0.0389799028635025
0.036953121423721313,-0.001353144645690918,0.001536872237920761,0.03899364173412323
0.03695335239171982,-0.001352563500404358,0.0015368424355983734,0.03899478167295456
0.0369533970952034,-0.0013526082038879395,0.0015366040170192719,0.038994841277599335
0.036953411996364594,-0.0013526082038879395,0.001536589115858078,0.038994841277599335
0.036953411996364594,-0.0013526082038879395,0.001536589115858078,0.038994841277599335
0.036953411996364594,-0.0013526082038879395,0.001536589115858078,0.038994841277599335
0.036953411996364594,-0.0013526082038879395,0.001536589115858078,0.038994841277599335
0.036953411996364594,-0.0013526082038879395,0.001536589115858078,0.038994841277599335
0.036953411996364594,-0.0013526082038879395,0.001536589115858078,0.038994841277599335
0.036953411996364594,-0.0013526082038879395,0.001536589115858078,0.038994841277599335
0.036953411996364594,-0.0013526082038879395,0.001536589115858078,0.038994841277599335
0.036953411996364594,-0.0013526082038879395,0.001536589115858078,0.038994841277599335
0.036953411996364594,-0.0013526082038879395,0.001536589115858078,0.038994841277599335
0.036953411996364594,-0.0013526082038879395,0.001536589115858078,0.038994841277599335
0.036953411996364594,-0.0013526082038879395,0.001536589115858078,0.038994841277599335
0.036953411996364594,-0.0013526082038879395,0.001536589115858078,0.038994841277599335
0.036953411996364594,-0.0013526082038879395,0.001536589115858078,0.038994841277599335
0.036953411996364594,-0.0013526082038879395,0.001536589115858078,0.038994841277599335
0.03695080429315567,-0.0013507604598999023,0.0015461258590221405,0.038994014263153076
0.03695009648799896,-0.001347869634628296,0.0015492551028728485,0.03899522125720978
0.036949992179870605,-0.0013475194573402405,0.0015494190156459808,0.0389954075217247
0.03694997727870941,-0.0013474524021148682,0.0015494413673877716,0.03899538516998291
0.03694997727870941,-0.0013474375009536743,0.0015494413673877716,0.03899537771940231
0.03694997727870941,-0.0013474375009536743,0.0015494413673877716,0.03899537771940231
0.03694997727870941,-0.0013474375009536743,0.0015494413673877716,0.03899537771940231
0.03694997727870941,-0.0013474375009536743,0.0015494413673877716,0.03899537771940231
0.03694997727870941,-0.0013474375009536743,0.0015494413673877716,0.03899537771940231
0.03694997727870941,-0.0013474375009536743,0.0015494413673877716,0.03899537771940231
0.03694997727870941,-0.0013474375009536743,0.0015494413673877716,0.03899537771940231
0.03694997727870941,-0.0013474375009536743,0.0015494413673877716,0.03899537771940231
0.03694997727870941,-0.0013474375009536743,0.0015494413673877716,0.03899537771940231
0.03694997727870941,-0.0013474375009536743,0.0015494413673877716,0.03899537771940231
0.03694997727870941,-0.0013474375009536743,0.0015494413673877716,0.03899537771940231
0.03694997727870941,-0.0013474375009536743,0.0015494413673877716,0.03899537771940231
0.03694997727870941,-0.0013474375009536743,0.0015494413673877716,0.03899537771940231
0.03694997727870941,-0.0013474375009536743,0.0015494413673877716,0.03899537771940231
0.03692673146724701,-0.001336909830570221,0.0015635676681995392,0.03892240673303604
0.03692269325256348,-0.0013370886445045471,0.001563873142004013,0.038908205926418304
0.03692729026079178,-0.0013479739427566528,0.0015444345772266388,0.03892830014228821
0.0369284525513649,-0.0013526305556297302,0.001539435237646103,0.03893093019723892
0.036928631365299225,-0.001353241503238678,0.0015389882028102875,0.038931071758270264
0.03692866861820221,-0.001353345811367035,0.0015389807522296906,0.03893110901117325
0.03692866861820221,-0.0013533756136894226,0.0015389807522296906,0.03893110901117325
0.03692866861820221,-0.0013533905148506165,0.0015389807522296906,0.03893110901117325
0.03692866861820221,-0.0013533905148506165,0.0015389807522296906,0.03893110901117325
0.03692866861820221,-0.0013533905148506165,0.0015389807522296906,0.03893110901117325
0.03692866861820221,-0.0013533905148506165,0.0015389807522296906,0.03893110901117325
0.03692866861820221,-0.0013533905148506165,0.0015389807522296906,0.03893110901117325
0.036928705871105194,-0.0013536736369132996,0.0015385262668132782,0.03893090784549713
0.036928750574588776,-0.0013539046049118042,0.0015384070575237274,0.03893086314201355
0.03692873567342758,-0.001353919506072998,0.0015383772552013397,0.038930878043174744
0.03692872077226639,-0.001353919506072998,0.0015383772552013397,0.038930878043174744
0.03692872077226639,-0.001353934407234192,0.0015383772552013397,0.038930878043174744
0.03692872077226639,-0.001353934407234192,0.0015383772552013397,0.038930878043174744
0.03692872077226639,-0.001353934407234192,0.0015383772552013397,0.038930878043174744
0.03692872077226639,-0.001353934407234192,0.0015383772552013397,0.038930878043174744
0.03692872077226639,-0.001353934407234192,0.0015383772552013397,0.038930878043174744
0.03692872077226639,-0.001353934407234192,0.0015383772552013397,0.038930878043174744
0.03692872077226639,-0.001353934407234192,0.0015383772552013397,0.038930878043174744
0.03692872077226639,-0.001353934407234192,0.0015383772552013397,0.038930878043174744
0.03693568706512451,-0.0013610124588012695,0.0015265010297298431,0.03895658254623413
0.036937110126018524,-0.0013630613684654236,0.001524064689874649,0.03896094113588333
0.03696320950984955,-0.0013774484395980835,0.0015034116804599762,0.03904647380113602
0.0369679257273674,-0.0013786181807518005,0.001501563936471939,0.039062708616256714
0.03696846216917038,-0.0013787522912025452,0.001501474529504776,0.03906415402889252
0.03696853667497635,-0.0013787969946861267,0.0015015117824077606,0.03906431049108505
0.03696855157613754,-0.0013788118958473206,0.0015015117824077606,0.03906431049108505
0.03696855157613754,-0.0013788118958473206,0.0015015117824077606,0.03906431049108505
0.03696855157613754,-0.0013788118958473206,0.0015015117824077606,0.03906431049108505
0.03696855157613754,-0.0013788118958473206,0.0015015117824077606,0.03906431049108505
0.03696855157613754,-0.0013788118958473206,0.0015015117824077606,0.03906431049108505
0.03696855157613754,-0.0013788118958473206,0.0015015117824077606,0.03906431049108505
0.03696855157613754,-0.0013788118958473206,0.0015015117824077606,0.03906431049108505
0.03696855157613754,-0.0013788118958473206,0.0015015117824077606,0.03906431049108505
0.03696855157613754,-0.0013788118958473206,0.0015015117824077606,0.03906431049108505
0.03696855157613754,-0.0013788118958473206,0.0015015117824077606,0.03906431049108505
0.03696855157613754,-0.0013788118958473206,0.0015015117824077606,0.03906431049108505
0.03696855157613754,-0.0013788118958473206,0.0015015117824077606,0.03906431049108505
0.03696855157613754,-0.0013788118958473206,0.0015015117824077606,0.03906431049108505
0.03696855157613754,-0.0013788118958473206,0.0015015117824077606,0.03906431049108505
0.03696855157613754,-0.0013788118958473206,0.0015015117824077606,0.03906431049108505
0.03696855157613754,-0.0013788118958473206,0.0015015117824077606,0.03906431049108505
0.03696855157613754,-0.0013788118958473206,0.0015015117824077606,0.03906431049108505
0.03696855157613754,-0.0013788118958473206,0.0015015117824077606,0.03906431049108505
0.03696855157613754,-0.0013788118958473206,0.0015015117824077606,0.03906431049108505
0.03696855157613754,-0.0013788118958473206,0.0015015117824077606,0.03906431049108505
0.03696855157613754,-0.0013788118958473206,0.0015015117824077606,0.03906431049108505
0.03696855157613754,-0.0013788118958473206,0.0015015117824077606,0.03906431049108505
0.03696855157613754,-0.0013788118958473206,0.0015015117824077606,0.03906431049108505
0.03696855157613754,-0.0013788118958473206,0.0015015117824077606,0.03906431049108505
0.03696855157613754,-0.0013788118958473206,0.0015015117824077606,0.03906431049108505
0.03696855157613754,-0.0013788118958473206,0.0015015117824077606,0.03906431049108505
0.03696855157613754,-0.0013788118958473206,0.0015015117824077606,0.03906431049108505
0.03696855157613754,-0.0013788118958473206,0.0015015117824077606,0.03906431049108505
0.03696855157613754,-0.0013788118958473206,0.0015015117824077606,0.03906431049108505
0.03696855157613754,-0.0013788118958473206,0.0015015117824077606,0.03906431049108505
0.03696855157613754,-0.0013788118958473206,0.0015015117824077606,0.03906431049108505
0.03696855157613754,-0.0013788118958473206,0.0015015117824077606,0.03906431049108505
0.03696855157613754,-0.0013788118958473206,0.0015015117824077606,0.03906431049108505
0.036971092224121094,-0.0013785064220428467,0.0015029795467853546,0.03906039893627167
0.03697160631418228,-0.001378379762172699,0.0015032477676868439,0.039059899747371674
0.03697165101766586,-0.0013783946633338928,0.001503225415945053,0.03905988484621048
0.03697166591882706,-0.0013783946633338928,0.001503225415945053,0.039059899747371674
0.03697166591882706,-0.0013783946633338928,0.001503225415945053,0.039059899747371674
0.03697311133146286,-0.001381710171699524,0.0014977194368839264,0.03906328231096268
0.03697346895933151,-0.0013833045959472656,0.001496192067861557,0.03906349092721939
0.03697352111339569,-0.0013835132122039795,0.001496095210313797,0.03906352072954178
0.03697352111339569,-0.0013835355639457703,0.001496095210313797,0.03906352072954178
0.03697352111339569,-0.0013835355639457703,0.001496095210313797,0.03906352072954178
0.03697352111339569,-0.0013835355639457703,0.001496095210313797,0.03906352072954178
0.03697352111339569,-0.0013835355639457703,0.001496095210313797,0.03906352072954178
0.03697352111339569,-0.0013835355639457703,0.001496095210313797,0.03906352072954178
0.03697352111339569,-0.0013835355639457703,0.001496095210313797,0.03906352072954178
0.03697352111339569,-0.0013835355639457703,0.001496095210313797,0.03906352072954178
0.03697352111339569,-0.0013835355639457703,0.001496095210313797,0.03906352072954178
0.03697352111339569,-0.0013835355639457703,0.001496095210313797,0.03906352072954178
0.03697352111339569,-0.0013835355639457703,0.001496095210313797,0.03906352072954178
0.03697352111339569,-0.0013835355639457703,0.001496095210313797,0.03906352072954178
0.03697352111339569,-0.0013835355639457703,0.001496095210313797,0.03906352072954178
0.03697352111339569,-0.0013835355639457703,0.001496095210313797,0.03906352072954178
0.03697352111339569,-0.0013835355639457703,0.001496095210313797,0.03906352072954178
0.03697352111339569,-0.0013835355639457703,0.001496095210313797,0.03906352072954178
0.03697352111339569,-0.0013835355639457703,0.001496095210313797,0.03906352072954178
0.03697352111339569,-0.0013835355639457703,0.001496095210313797,0.03906352072954178
0.03697352111339569,-0.0013835355639457703,0.001496095210313797,0.03906352072954178
0.03697352111339569,-0.0013835355639457703,0.001496095210313797,0.03906352072954178
0.03697352111339569,-0.0013835355639457703,0.001496095210313797,0.03906352072954178
0.03697352111339569,-0.0013835355639457703,0.001496095210313797,0.03906352072954178
0.03697352111339569,-0.0013835355639457703,0.001496095210313797,0.03906352072954178
0.03697352111339569,-0.0013835355639457703,0.001496095210313797,0.03906352072954178
0.03697352111339569,-0.0013835355639457703,0.001496095210313797,0.03906352072954178
0.03697352111339569,-0.0013835355639457703,0.001496095210313797,0.03906352072954178
0.03697352111339569,-0.0013835355639457703,0.001496095210313797,0.03906352072954178
0.03697352111339569,-0.0013835355639457703,0.001496095210313797,0.03906352072954178
0.03697352111339569,-0.0013835355639457703,0.001496095210313797,0.03906352072954178
0.03697352111339569,-0.0013835355639457703,0.001496095210313797,0.03906352072954178
0.03697352111339569,-0.0013835355639457703,0.001496095210313797,0.03906352072954178
0.03697352111339569,-0.0013835355639457703,0.001496095210313797,0.03906352072954178
0.03697352111339569,-0.0013835355639457703,0.001496095210313797,0.03906352072954178
0.03697352111339569,-0.0013835355639457703,0.001496095210313797,0.03906352072954178
0.03697352111339569,-0.0013835355639457703,0.001496095210313797,0.03906352072954178
0.03697352111339569,-0.0013835355639457703,0.001496095210313797,0.03906352072954178
0.03697352111339569,-0.0013835355639457703,0.001496095210313797,0.03906352072954178
0.03697352111339569,-0.0013835355639457703,0.001496095210313797,0.03906352072954178
0.03697352111339569,-0.0013835355639457703,0.001496095210313797,0.03906352072954178
0.03697352111339569,-0.0013835355639457703,0.001496095210313797,0.03906352072954178
0.03697352111339569,-0.0013835355639457703,0.001496095210313797,0.03906352072954178
0.03697352111339569,-0.0013835355639457703,0.001496095210313797,0.03906352072954178
0.03697352111339569,-0.0013835355639457703,0.001496095210313797,0.03906352072954178
0.03697352111339569,-0.0013835355639457703,0.001496095210313797,0.03906352072954178
0.03697352111339569,-0.0013835355639457703,0.001496095210313797,0.03906352072954178
0.03697352111339569,-0.0013835355639457703,0.001496095210313797,0.03906352072954178
0.03697352111339569,-0.0013835355639457703,0.001496095210313797,0.03906352072954178
0.03697352111339569,-0.0013835355639457703,0.001496095210313797,0.03906352072954178
0.03697352111339569,-0.0013835355639457703,0.001496095210313797,0.03906352072954178
0.03697352111339569,-0.0013835355639457703,0.001496095210313797,0.03906352072954178
0.03697352111339569,-0.0013835355639457703,0.001496095210313797,0.03906352072954178
0.03697352111339569,-0.0013835355639457703,0.001496095210313797,0.03906352072954178
0.03697352111339569,-0.0013835355639457703,0.001496095210313797,0.03906352072954178
0.03697352111339569,-0.0013835355639457703,0.001496095210313797,0.03906352072954178
0.03697352111339569,-0.0013835355639457703,0.001496095210313797,0.03906352072954178
0.03697352111339569,-0.0013835355639457703,0.001496095210313797,0.03906352072954178
0.03697352111339569,-0.0013835355639457703,0.001496095210313797,0.03906352072954178
0.03697352111339569,-0.0013835355639457703,0.001496095210313797,0.03906352072954178
0.03697352111339569,-0.0013835355639457703,0.001496095210313797,0.03906352072954178
0.03697352111339569,-0.0013835355639457703,0.001496095210313797,0.03906352072954178
0.03697352111339569,-0.0013835355639457703,0.001496095210313797,0.03906352072954178
0.03697352111339569,-0.0013835355639457703,0.001496095210313797,0.03906352072954178
0.03697352111339569,-0.0013835355639457703,0.001496095210313797,0.03906352072954178
0.03697352111339569,-0.0013835355639457703,0.001496095210313797,0.03906352072954178
0.03697352111339569,-0.0013835355639457703,0.001496095210313797,0.03906352072954178
0.03697352111339569,-0.0013835355639457703,0.001496095210313797,0.03906352072954178
0.03697352111339569,-0.0013835355639457703,0.001496095210313797,0.03906352072954178
0.03697352111339569,-0.0013835355639457703,0.001496095210313797,0.03906352072954178
0.03697352111339569,-0.0013835355639457703,0.001496095210313797,0.03906352072954178
0.03697352111339569,-0.0013835355639457703,0.001496095210313797,0.03906352072954178
0.03697352111339569,-0.0013835355639457703,0.001496095210313797,0.03906352072954178
0.03697352111339569,-0.0013835355639457703,0.001496095210313797,0.03906352072954178
0.03697352111339569,-0.0013835355639457703,0.001496095210313797,0.03906352072954178
0.03697352111339569,-0.0013835355639457703,0.001496095210313797,0.03906352072954178
0.03697352111339569,-0.0013835355639457703,0.001496095210313797,0.03906352072954178
0.03697352111339569,-0.0013835355639457703,0.001496095210313797,0.03906352072954178
0.03697352111339569,-0.0013835355639457703,0.001496095210313797,0.03906352072954178
0.03697352111339569,-0.0013835355639457703,0.001496095210313797,0.03906352072954178
0.03697352111339569,-0.0013835355639457703,0.001496095210313797,0.03906352072954178
0.03697352111339569,-0.0013835355639457703,0.001496095210313797,0.03906352072954178
0.03697352111339569,-0.0013835355639457703,0.001496095210313797,0.03906352072954178
0.03697352111339569,-0.0013835355639457703,0.001496095210313797,0.03906352072954178
0.03697352111339569,-0.0013835355639457703,0.001496095210313797,0.03906352072954178
0.03697352111339569,-0.0013835355639457703,0.001496095210313797,0.03906352072954178
0.03697352111339569,-0.0013835355639457703,0.001496095210313797,0.03906352072954178
0.03697352111339569,-0.0013835355639457703,0.001496095210313797,0.03906352072954178
0.03697352111339569,-0.0013835355639457703,0.001496095210313797,0.03906352072954178
0.03697352111339569,-0.0013835355639457703,0.001496095210313797,0.03906352072954178
0.03697352111339569,-0.0013835355639457703,0.001496095210313797,0.03906352072954178
0.03697352111339569,-0.0013835355639457703,0.001496095210313797,0.03906352072954178
0.03697352111339569,-0.0013835355639457703,0.001496095210313797,0.03906352072954178
0.03697352111339569,-0.0013835355639457703,0.001496095210313797,0.03906352072954178
0.03697352111339569,-0.0013835355639457703,0.001496095210313797,0.03906352072954178
0.03697352111339569,-0.0013835355639457703,0.001496095210313797,0.03906352072954178
0.03697352111339569,-0.0013835355639457703,0.001496095210313797,0.03906352072954178
0.03697352111339569,-0.0013835355639457703,0.001496095210313797,0.03906352072954178
0.03697352111339569,-0.0013835355639457703,0.001496095210313797,0.03906352072954178
0.03697352111339569,-0.0013835355639457703,0.001496095210313797,0.03906352072954178
0.03697352111339569,-0.0013835355639457703,0.001496095210313797,0.03906352072954178
0.03697352111339569,-0.0013835355639457703,0.001496095210313797,0.03906352072954178
0.03697352111339569,-0.0013835355639457703,0.001496095210313797,0.03906352072954178
0.03697352111339569,-0.0013835355639457703,0.001496095210313797,0.03906352072954178
0.03697352111339569,-0.0013835355639457703,0.001496095210313797,0.03906352072954178
0.03697352111339569,-0.0013835355639457703,0.001496095210313797,0.03906352072954178
0.03697352111339569,-0.0013835355639457703,0.001496095210313797,0.03906352072954178
0.03697352111339569,-0.0013835355639457703,0.001496095210313797,0.03906352072954178
0.03697352111339569,-0.0013835355639457703,0.001496095210313797,0.03906352072954178
0.03697352111339569,-0.0013835355639457703,0.001496095210313797,0.03906352072954178
0.03697352111339569,-0.0013835355639457703,0.001496095210313797,0.03906352072954178
0.03697352111339569,-0.0013835355639457703,0.001496095210313797,0.03906352072954178
0.03697352111339569,-0.0013835355639457703,0.001496095210313797,0.03906352072954178
0.03697352111339569,-0.0013835355639457703,0.001496095210313797,0.03906352072954178
0.03697033226490021,-0.001388266682624817,0.0014864467084407806,0.039053745567798615
0.03697007894515991,-0.0013917982578277588,0.0014827363193035126,0.0390508696436882
0.0369701161980629,-0.001392275094985962,0.0014824382960796356,0.039050571620464325
0.0369701161980629,-0.0013923496007919312,0.0014824382960796356,0.03905053436756134
0.0369701161980629,-0.0013923496007919312,0.0014824382960796356,0.03905053436756134
0.0369701161980629,-0.001392364501953125,0.0014824382960796356,0.03905053436756134
0.0369701161980629,-0.001392364501953125,0.0014824382960796356,0.03905053436756134
0.0369701161980629,-0.001392364501953125,0.0014824382960796356,0.03905053436756134
0.0369701161980629,-0.001392364501953125,0.0014824382960796356,0.03905053436756134
0.0369701161980629,-0.001392364501953125,0.0014824382960796356,0.03905053436756134
0.0369701161980629,-0.001392364501953125,0.0014824382960796356,0.03905053436756134
0.0369701161980629,-0.001392364501953125,0.0014824382960796356,0.03905053436756134
0.0369701161980629,-0.001392364501953125,0.0014824382960796356,0.03905053436756134
0.0369701161980629,-0.001392364501953125,0.0014824382960796356,0.03905053436756134
0.0369701161980629,-0.001392364501953125,0.0014824382960796356,0.03905053436756134
0.03696771711111069,-0.0013913512229919434,0.0014833398163318634,0.03904614597558975
0.03696724772453308,-0.0013912171125411987,0.0014835037291049957,0.0390453040599823
0.036967188119888306,-0.0013912320137023926,0.0014835186302661896,0.03904520720243454
0.036967188119888306,-0.0013912022113800049,0.0014835186302661896,0.03904520720243454
0.036967188119888306,-0.0013912022113800049,0.0014835186302661896,0.03904520720243454
0.036967188119888306,-0.0013912022113800049,0.0014835186302661896,0.03904520720243454
0.036967188119888306,-0.0013912022113800049,0.0014835186302661896,0.03904520720243454
0.036967188119888306,-0.0013912022113800049,0.0014835186302661896,0.03904520720243454
0.036967188119888306,-0.0013912022113800049,0.0014835186302661896,0.03904520720243454
0.036967188119888306,-0.0013912022113800049,0.0014835186302661896,0.03904520720243454
0.036967188119888306,-0.0013912022113800049,0.0014835186302661896,0.03904520720243454
0.036967188119888306,-0.0013912022113800049,0.0014835186302661896,0.03904520720243454
0.036967188119888306,-0.0013912022113800049,0.0014835186302661896,0.03904520720243454
0.036967188119888306,-0.0013912022113800049,0.0014835186302661896,0.03904520720243454
0.036967188119888306,-0.0013912022113800049,0.0014835186302661896,0.03904520720243454
0.036967188119888306,-0.0013912022113800049,0.0014835186302661896,0.03904520720243454
0.036967188119888306,-0.0013912022113800049,0.0014835186302661896,0.03904520720243454
0.036967188119888306,-0.0013912022113800049,0.0014835186302661896,0.03904520720243454
0.036967188119888306,-0.0013912022113800049,0.0014835186302661896,0.03904520720243454
0.036967188119888306,-0.0013912022113800049,0.0014835186302661896,0.03904520720243454
0.036967188119888306,-0.0013912022113800049,0.0014835186302661896,0.03904520720243454
0.036967188119888306,-0.0013912022113800049,0.0014835186302661896,0.03904520720243454
0.036967188119888306,-0.0013912022113800049,0.0014835186302661896,0.03904520720243454
0.036967188119888306,-0.0013912022113800049,0.0014835186302661896,0.03904520720243454
0.036967188119888306,-0.0013912022113800049,0.0014835186302661896,0.03904520720243454
0.036967188119888306,-0.0013912022113800049,0.0014835186302661896,0.03904520720243454
0.036967188119888306,-0.0013912022113800049,0.0014835186302661896,0.03904520720243454
0.036967188119888306,-0.0013912022113800049,0.0014835186302661896,0.03904520720243454
0.036967188119888306,-0.0013912022113800049,0.0014835186302661896,0.03904520720243454
0.036967188119888306,-0.0013912022113800049,0.0014835186302661896,0.03904520720243454
0.036967188119888306,-0.0013912022113800049,0.0014835186302661896,0.03904520720243454
0.036967188119888306,-0.0013912022113800049,0.0014835186302661896,0.03904520720243454
0.036967188119888306,-0.0013912022113800049,0.0014835186302661896,0.03904520720243454
0.036967188119888306,-0.0013912022113800049,0.0014835186302661896,0.03904520720243454
0.036967188119888306,-0.0013912022113800049,0.0014835186302661896,0.03904520720243454
0.036967188119888306,-0.0013912022113800049,0.0014835186302661896,0.03904520720243454
0.036967188119888306,-0.0013912022113800049,0.0014835186302661896,0.03904520720243454
0.036967188119888306,-0.0013912022113800049,0.0014835186302661896,0.03904520720243454
0.036967188119888306,-0.0013912022113800049,0.0014835186302661896,0.03904520720243454
0.036967188119888306,-0.0013912022113800049,0.0014835186302661896,0.03904520720243454
0.036967188119888306,-0.0013912022113800049,0.0014835186302661896,0.03904520720243454
0.036967188119888306,-0.0013912022113800049,0.0014835186302661896,0.03904520720243454
0.036967188119888306,-0.0013912022113800049,0.0014835186302661896,0.03904520720243454
0.036967188119888306,-0.0013912022113800049,0.0014835186302661896,0.03904520720243454
0.03696311265230179,-0.0014056339859962463,0.0014716573059558868,0.03906767815351486
0.036962151527404785,-0.001407042145729065,0.0014703385531902313,0.03907124698162079
0.03696206212043762,-0.0014071166515350342,0.0014703460037708282,0.03907143324613571
0.03696206212043762,-0.001407131552696228,0.0014703311026096344,0.03907141089439392
0.03696206212043762,-0.0014071464538574219,0.0014703311026096344,0.03907141089439392
0.03696206212043762,-0.0014071464538574219,0.0014703311026096344,0.03907141089439392
0.03696206212043762,-0.0014071464538574219,0.0014703311026096344,0.03907141089439392
0.03696206212043762,-0.0014071464538574219,0.0014703311026096344,0.03907141089439392
0.03696206212043762,-0.0014071464538574219,0.0014703311026096344,0.03907141089439392
0.03696206212043762,-0.0014071464538574219,0.0014703311026096344,0.03907141089439392
0.03696206212043762,-0.0014071464538574219,0.0014703311026096344,0.03907141089439392
0.03696206212043762,-0.0014071464538574219,0.0014703311026096344,0.03907141089439392
0.03696206212043762,-0.0014071464538574219,0.0014703311026096344,0.03907141089439392
0.03696206212043762,-0.0014071464538574219,0.0014703311026096344,0.03907141089439392
0.03696206212043762,-0.0014071464538574219,0.0014703311026096344,0.03907141089439392
0.03696206212043762,-0.0014071464538574219,0.0014703311026096344,0.03907141089439392
0.03696206212043762,-0.0014071464538574219,0.0014703311026096344,0.03907141089439392
0.03696206212043762,-0.0014071464538574219,0.0014703311026096344,0.03907141089439392
0.03696206212043762,-0.0014071464538574219,0.0014703311026096344,0.03907141089439392
0.03696206212043762,-0.0014071464538574219,0.0014703311026096344,0.03907141089439392
0.03696206212043762,-0.0014071464538574219,0.0014703311026096344,0.03907141089439392
0.03696206212043762,-0.0014071464538574219,0.0014703311026096344,0.03907141089439392
0.03696206212043762,-0.0014071464538574219,0.0014703311026096344,0.03907141089439392
0.03696206212043762,-0.0014071464538574219,0.0014703311026096344,0.03907141089439392
0.03696206212043762,-0.0014071464538574219,0.0014703311026096344,0.03907141089439392
0.03696206212043762,-0.0014071464538574219,0.0014703311026096344,0.03907141089439392
0.03696206212043762,-0.0014071464538574219,0.0014703311026096344,0.03907141089439392
0.03696206212043762,-0.0014071464538574219,0.0014703311026096344,0.03907141089439392
0.03696206212043762,-0.0014071464538574219,0.0014703311026096344,0.03907141089439392
0.03696206212043762,-0.0014071464538574219,0.0014703311026096344,0.03907141089439392
0.03696206212043762,-0.0014071464538574219,0.0014703311026096344,0.03907141089439392
0.03696206212043762,-0.0014071464538574219,0.0014703311026096344,0.03907141089439392
0.03696206212043762,-0.0014071464538574219,0.0014703311026096344,0.03907141089439392
0.03696206212043762,-0.0014071464538574219,0.0014703311026096344,0.03907141089439392
0.03696206212043762,-0.0014071464538574219,0.0014703311026096344,0.03907141089439392
0.03696206212043762,-0.0014071464538574219,0.0014703311026096344,0.03907141089439392
0.03696206212043762,-0.0014071464538574219,0.0014703311026096344,0.03907141089439392
0.03696206212043762,-0.0014071464538574219,0.0014703311026096344,0.03907141089439392
0.03696206212043762,-0.0014071464538574219,0.0014703311026096344,0.03907141089439392
0.03696206212043762,-0.0014071464538574219,0.0014703311026096344,0.03907141089439392
0.03696206212043762,-0.0014071464538574219,0.0014703311026096344,0.03907141089439392
0.03696206212043762,-0.0014071464538574219,0.0014703311026096344,0.03907141089439392
0.03696206212043762,-0.0014071464538574219,0.0014703311026096344,0.03907141089439392
0.03696206212043762,-0.0014071464538574219,0.0014703311026096344,0.03907141089439392
0.03696206212043762,-0.0014071464538574219,0.0014703311026096344,0.03907141089439392
0.03696206212043762,-0.0014071464538574219,0.0014703311026096344,0.03907141089439392
0.03696206212043762,-0.0014071464538574219,0.0014703311026096344,0.03907141089439392
0.03696206212043762,-0.0014071464538574219,0.0014703311026096344,0.03907141089439392
0.03696206212043762,-0.0014071464538574219,0.0014703311026096344,0.03907141089439392
0.03696206212043762,-0.0014071464538574219,0.0014703311026096344,0.03907141089439392
0.03696206212043762,-0.0014071464538574219,0.0014703311026096344,0.03907141089439392
0.03696206212043762,-0.0014071464538574219,0.0014703311026096344,0.03907141089439392
0.03696206212043762,-0.0014071464538574219,0.0014703311026096344,0.03907141089439392
0.03696206212043762,-0.0014071464538574219,0.0014703311026096344,0.03907141089439392
0.03696206212043762,-0.0014071464538574219,0.0014703311026096344,0.03907141089439392
0.03696206212043762,-0.0014071464538574219,0.0014703311026096344,0.03907141089439392
0.03696206212043762,-0.0014071464538574219,0.0014703311026096344,0.03907141089439392
0.03696206212043762,-0.0014071464538574219,0.0014703311026096344,0.03907141089439392
0.03696206212043762,-0.0014071464538574219,0.0014703311026096344,0.03907141089439392
0.03696206212043762,-0.0014071464538574219,0.0014703311026096344,0.03907141089439392
0.03696206212043762,-0.0014071464538574219,0.0014703311026096344,0.03907141089439392
0.03696206212043762,-0.0014071464538574219,0.0014703311026096344,0.03907141089439392
0.03696206212043762,-0.0014071464538574219,0.0014703311026096344,0.03907141089439392
0.03696206212043762,-0.0014071464538574219,0.0014703311026096344,0.03907141089439392
0.03696206212043762,-0.0014071464538574219,0.0014703311026096344,0.03907141089439392
0.03696206212043762,-0.0014071464538574219,0.0014703311026096344,0.03907141089439392
0.03696206212043762,-0.0014071464538574219,0.0014703311026096344,0.03907141089439392
0.03696206212043762,-0.0014071464538574219,0.0014703311026096344,0.03907141089439392
0.03696206212043762,-0.0014071464538574219,0.0014703311026096344,0.03907141089439392
0.03696206212043762,-0.0014071464538574219,0.0014703311026096344,0.03907141089439392
0.03696206212043762,-0.0014071464538574219,0.0014703311026096344,0.03907141089439392
0.03696206212043762,-0.0014071464538574219,0.0014703311026096344,0.03907141089439392
0.03696206212043762,-0.0014071464538574219,0.0014703311026096344,0.03907141089439392
0.03696206212043762,-0.0014071464538574219,0.0014703311026096344,0.03907141089439392
0.03696206212043762,-0.0014071464538574219,0.0014703311026096344,0.03907141089439392
0.03696206212043762,-0.0014071464538574219,0.0014703311026096344,0.03907141089439392
0.03696206212043762,-0.0014071464538574219,0.0014703311026096344,0.03907141089439392
0.03696206212043762,-0.0014071464538574219,0.0014703311026096344,0.03907141089439392
0.03696206212043762,-0.0014071464538574219,0.0014703311026096344,0.03907141089439392
0.03696206212043762,-0.0014071464538574219,0.0014703311026096344,0.03907141089439392
0.03696206212043762,-0.0014071464538574219,0.0014703311026096344,0.03907141089439392
0.03696206212043762,-0.0014071464538574219,0.0014703311026096344,0.03907141089439392
0.03696206212043762,-0.0014071464538574219,0.0014703311026096344,0.03907141089439392
0.03696206212043762,-0.0014071464538574219,0.0014703311026096344,0.03907141089439392
0.03696206212043762,-0.0014071464538574219,0.0014703311026096344,0.03907141089439392
0.03696206212043762,-0.0014071464538574219,0.0014703311026096344,0.03907141089439392
0.03696206212043762,-0.0014071464538574219,0.0014703311026096344,0.03907141089439392
0.03696206212043762,-0.0014071464538574219,0.0014703311026096344,0.03907141089439392
0.03696206212043762,-0.0014071464538574219,0.0014703311026096344,0.03907141089439392
0.03696206212043762,-0.0014071464538574219,0.0014703311026096344,0.03907141089439392
0.03696206212043762,-0.0014071464538574219,0.0014703311026096344,0.03907141089439392
0.03696206212043762,-0.0014071464538574219,0.0014703311026096344,0.03907141089439392
0.03696206212043762,-0.0014071464538574219,0.0014703311026096344,0.03907141089439392
0.03696206212043762,-0.0014071464538574219,0.0014703311026096344,0.03907141089439392
0.03696206212043762,-0.0014071464538574219,0.0014703311026096344,0.03907141089439392
0.03696206212043762,-0.0014071464538574219,0.0014703311026096344,0.03907141089439392
0.03696206212043762,-0.0014071464538574219,0.0014703311026096344,0.03907141089439392
0.03696206212043762,-0.0014071464538574219,0.0014703311026096344,0.03907141089439392
0.03696206212043762,-0.0014071464538574219,0.0014703311026096344,0.03907141089439392
0.03696206212043762,-0.0014071464538574219,0.0014703311026096344,0.03907141089439392
0.03696206212043762,-0.0014071464538574219,0.0014703311026096344,0.03907141089439392
0.03696206212043762,-0.0014071464538574219,0.0014703311026096344,0.03907141089439392
0.03696206212043762,-0.0014071464538574219,0.0014703311026096344,0.03907141089439392
0.036962009966373444,-0.0014068111777305603,0.001470867544412613,0.03907161206007004
0.03696194291114807,-0.0014066249132156372,0.0014710761606693268,0.039071619510650635
0.03696194291114807,-0.0014066100120544434,0.0014710910618305206,0.039071619510650635
0.03696194291114807,-0.0014066100120544434,0.0014710910618305206,0.039071619510650635
0.03696194291114807,-0.0014066100120544434,0.0014710910618305206,0.039071619510650635
0.03696194291114807,-0.0014066100120544434,0.0014710910618305206,0.039071619510650635
0.03696194291114807,-0.0014066100120544434,0.0014710910618305206,0.039071619510650635
0.03696194291114807,-0.0014066100120544434,0.0014710910618305206,0.039071619510650635
0.03696194291114807,-0.0014066100120544434,0.0014710910618305206,0.039071619510650635
0.03696194291114807,-0.0014066100120544434,0.0014710910618305206,0.039071619510650635
0.03696194291114807,-0.0014066100120544434,0.0014710910618305206,0.039071619510650635
0.03696194291114807,-0.0014066100120544434,0.0014710910618305206,0.039071619510650635
0.03696194291114807,-0.0014066100120544434,0.0014710910618305206,0.039071619510650635
0.03696194291114807,-0.0014066100120544434,0.0014710910618305206,0.039071619510650635
0.03696194291114807,-0.0014066100120544434,0.0014710910618305206,0.039071619510650635
0.03696194291114807,-0.0014066100120544434,0.0014710910618305206,0.039071619510650635
0.03696194291114807,-0.0014066100120544434,0.0014710910618305206,0.039071619510650635
0.03696194291114807,-0.0014066100120544434,0.0014710910618305206,0.039071619510650635
0.03696194291114807,-0.0014066100120544434,0.0014710910618305206,0.039071619510650635
0.03696194291114807,-0.0014066100120544434,0.0014710910618305206,0.039071619510650635
0.03696194291114807,-0.0014066100120544434,0.0014710910618305206,0.039071619510650635
0.03696194291114807,-0.0014066100120544434,0.0014710910618305206,0.039071619510650635
0.03696194291114807,-0.0014066100120544434,0.0014710910618305206,0.039071619510650635
0.03696194291114807,-0.0014066100120544434,0.0014710910618305206,0.039071619510650635
0.03696194291114807,-0.0014066100120544434,0.0014710910618305206,0.039071619510650635
0.03696194291114807,-0.0014066100120544434,0.0014710910618305206,0.039071619510650635
0.03696194291114807,-0.0014066100120544434,0.0014710910618305206,0.039071619510650635
0.03696194291114807,-0.0014066100120544434,0.0014710910618305206,0.039071619510650635
0.03696194291114807,-0.0014066100120544434,0.0014710910618305206,0.039071619510650635
0.03696194291114807,-0.0014066100120544434,0.0014710910618305206,0.039071619510650635
0.03696194291114807,-0.0014066100120544434,0.0014710910618305206,0.039071619510650635
0.03696194291114807,-0.0014066100120544434,0.0014710910618305206,0.039071619510650635
0.03696194291114807,-0.0014066100120544434,0.0014710910618305206,0.039071619510650635
0.03696194291114807,-0.0014066100120544434,0.0014710910618305206,0.039071619510650635
0.03696194291114807,-0.0014066100120544434,0.0014710910618305206,0.039071619510650635
0.03696194291114807,-0.0014066100120544434,0.0014710910618305206,0.039071619510650635
0.03696194291114807,-0.0014066100120544434,0.0014710910618305206,0.039071619510650635
0.03696194291114807,-0.0014066100120544434,0.0014710910618305206,0.039071619510650635
0.03696194291114807,-0.0014066100120544434,0.0014710910618305206,0.039071619510650635
0.03696194291114807,-0.0014066100120544434,0.0014710910618305206,0.039071619510650635
0.03696194291114807,-0.0014066100120544434,0.0014710910618305206,0.039071619510650635
0.03696194291114807,-0.0014066100120544434,0.0014710910618305206,0.039071619510650635
0.03696194291114807,-0.0014066100120544434,0.0014710910618305206,0.039071619510650635
0.03696194291114807,-0.0014066100120544434,0.0014710910618305206,0.039071619510650635
0.03696194291114807,-0.0014066100120544434,0.0014710910618305206,0.039071619510650635
0.03696194291114807,-0.0014066100120544434,0.0014710910618305206,0.039071619510650635
0.03696194291114807,-0.0014066100120544434,0.0014710910618305206,0.039071619510650635
0.03696194291114807,-0.0014066100120544434,0.0014710910618305206,0.039071619510650635
0.03696194291114807,-0.0014066100120544434,0.0014710910618305206,0.039071619510650635
0.03696194291114807,-0.0014066100120544434,0.0014710910618305206,0.039071619510650635
0.03696194291114807,-0.0014066100120544434,0.0014710910618305206,0.039071619510650635
0.03696194291114807,-0.0014066100120544434,0.0014710910618305206,0.039071619510650635
0.03696194291114807,-0.0014066100120544434,0.0014710910618305206,0.039071619510650635
0.03696194291114807,-0.0014066100120544434,0.0014710910618305206,0.039071619510650635
0.03696194291114807,-0.0014066100120544434,0.0014710910618305206,0.039071619510650635
0.03696194291114807,-0.0014066100120544434,0.0014710910618305206,0.039071619510650635
0.03696194291114807,-0.0014066100120544434,0.0014710910618305206,0.039071619510650635
0.03696194291114807,-0.0014066100120544434,0.0014710910618305206,0.039071619510650635
0.03696194291114807,-0.0014066100120544434,0.0014710910618305206,0.039071619510650635
0.03696194291114807,-0.0014066100120544434,0.0014710910618305206,0.039071619510650635
0.03696194291114807,-0.0014066100120544434,0.0014710910618305206,0.039071619510650635
0.03696194291114807,-0.0014066100120544434,0.0014710910618305206,0.039071619510650635
0.03696194291114807,-0.0014066100120544434,0.0014710910618305206,0.039071619510650635
0.03696194291114807,-0.0014066100120544434,0.0014710910618305206,0.039071619510650635
0.03696194291114807,-0.0014066100120544434,0.0014710910618305206,0.039071619510650635
0.03696194291114807,-0.0014066100120544434,0.0014710910618305206,0.039071619510650635
0.03696194291114807,-0.0014066100120544434,0.0014710910618305206,0.039071619510650635
0.03696194291114807,-0.0014066100120544434,0.0014710910618305206,0.039071619510650635
0.03696194291114807,-0.0014066100120544434,0.0014710910618305206,0.039071619510650635
0.03696194291114807,-0.0014066100120544434,0.0014710910618305206,0.039071619510650635
0.03696194291114807,-0.0014066100120544434,0.0014710910618305206,0.039071619510650635
0.03696194291114807,-0.0014066100120544434,0.0014710910618305206,0.039071619510650635
0.03696194291114807,-0.0014066100120544434,0.0014710910618305206,0.039071619510650635
0.03696194291114807,-0.0014066100120544434,0.0014710910618305206,0.039071619510650635
0.03696194291114807,-0.0014066100120544434,0.0014710910618305206,0.039071619510650635
0.03696194291114807,-0.0014066100120544434,0.0014710910618305206,0.039071619510650635
0.03696194291114807,-0.0014066100120544434,0.0014710910618305206,0.039071619510650635
0.03696194291114807,-0.0014066100120544434,0.0014710910618305206,0.039071619510650635
0.03696194291114807,-0.0014066100120544434,0.0014710910618305206,0.039071619510650635
0.03696194291114807,-0.0014066100120544434,0.0014710910618305206,0.039071619510650635
0.03696194291114807,-0.0014066100120544434,0.0014710910618305206,0.039071619510650635
0.03696194291114807,-0.0014066100120544434,0.0014710910618305206,0.039071619510650635
0.03696194291114807,-0.0014066100120544434,0.0014710910618305206,0.039071619510650635
0.03696194291114807,-0.0014066100120544434,0.0014710910618305206,0.039071619510650635
0.03696194291114807,-0.0014066100120544434,0.0014710910618305206,0.039071619510650635
0.03696194291114807,-0.0014066100120544434,0.0014710910618305206,0.039071619510650635
0.03696194291114807,-0.0014066100120544434,0.0014710910618305206,0.039071619510650635
0.03696194291114807,-0.0014066100120544434,0.0014710910618305206,0.039071619510650635
0.03696194291114807,-0.0014066100120544434,0.0014710910618305206,0.039071619510650635
0.03696194291114807,-0.0014066100120544434,0.0014710910618305206,0.039071619510650635
0.03696194291114807,-0.0014066100120544434,0.0014710910618305206,0.039071619510650635
0.03696194291114807,-0.0014066100120544434,0.0014710910618305206,0.039071619510650635
0.03696194291114807,-0.0014066100120544434,0.0014710910618305206,0.039071619510650635
0.03696194291114807,-0.0014066100120544434,0.0014710910618305206,0.039071619510650635
0.03696194291114807,-0.0014066100120544434,0.0014710910618305206,0.039071619510650635
0.03696194291114807,-0.0014066100120544434,0.0014710910618305206,0.039071619510650635
0.03696194291114807,-0.0014066100120544434,0.0014710910618305206,0.039071619510650635
0.03696194291114807,-0.0014066100120544434,0.0014710910618305206,0.039071619510650635
0.03696194291114807,-0.0014066100120544434,0.0014710910618305206,0.039071619510650635
0.03696194291114807,-0.0014066100120544434,0.0014710910618305206,0.039071619510650635
0.03696194291114807,-0.0014066100120544434,0.0014710910618305206,0.039071619510650635
0.03696194291114807,-0.0014066100120544434,0.0014710910618305206,0.039071619510650635
0.03696194291114807,-0.0014066100120544434,0.0014710910618305206,0.039071619510650635
0.03696194291114807,-0.0014066100120544434,0.0014710910618305206,0.039071619510650635
0.03696194291114807,-0.0014066100120544434,0.0014710910618305206,0.039071619510650635
0.03696194291114807,-0.0014066100120544434,0.0014710910618305206,0.039071619510650635
0.03696194291114807,-0.0014066100120544434,0.0014710910618305206,0.039071619510650635
0.03696194291114807,-0.0014066100120544434,0.0014710910618305206,0.039071619510650635
0.03696194291114807,-0.0014066100120544434,0.0014710910618305206,0.039071619510650635
0.03696194291114807,-0.0014066100120544434,0.0014710910618305206,0.039071619510650635
0.03697935491800308,-0.0014033243060112,0.0014810897409915924,0.039135776460170746
0.03698185831308365,-0.0013960227370262146,0.001488182693719864,0.03915009647607803
0.03698206692934036,-0.0013951361179351807,0.0014888010919094086,0.039151474833488464
0.03698205202817917,-0.0013949647545814514,0.0014889277517795563,0.03915156424045563
0.036982037127017975,-0.001394897699356079,0.001488957554101944,0.0391516238451004
0.036982037127017975,-0.0013949275016784668,0.001488957554101944,0.03915156424045563
0.036982037127017975,-0.0013948827981948853,0.001488957554101944,0.0391516238451004
0.036982037127017975,-0.0013949275016784668,0.001488957554101944,0.03915156424045563
0.036982037127017975,-0.0013948827981948853,0.001488957554101944,0.0391516238451004
0.036982037127017975,-0.0013949275016784668,0.001488957554101944,0.03915156424045563
0.036982037127017975,-0.0013948827981948853,0.001488957554101944,0.0391516238451004
0.036982037127017975,-0.0013949275016784668,0.001488957554101944,0.03915156424045563
0.036982037127017975,-0.0013948827981948853,0.001488957554101944,0.0391516238451004
0.036982037127017975,-0.0013949275016784668,0.001488957554101944,0.03915156424045563
0.036982037127017975,-0.0013948827981948853,0.001488957554101944,0.0391516238451004
0.036982037127017975,-0.0013949275016784668,0.001488957554101944,0.03915156424045563
0.036982037127017975,-0.0013948827981948853,0.001488957554101944,0.0391516238451004
0.036982037127017975,-0.0013949275016784668,0.001488957554101944,0.03915156424045563
0.036982037127017975,-0.0013948827981948853,0.001488957554101944,0.0391516238451004
0.036982037127017975,-0.0013949275016784668,0.001488957554101944,0.03915156424045563
0.03698953986167908,-0.0013924390077590942,0.0014950670301914215,0.039179056882858276
0.03699067234992981,-0.0013886764645576477,0.0014987029135227203,0.039185382425785065
0.036990679800510406,-0.0013881698250770569,0.0014989711344242096,0.039186008274555206
0.03699067234992981,-0.0013880878686904907,0.0014990158379077911,0.03918604552745819
0.03699067234992981,-0.0013880878686904907,0.0014990158379077911,0.03918604552745819
0.03699067234992981,-0.0013880878686904907,0.0014990158379077911,0.03918604552745819
0.03699067234992981,-0.0013880878686904907,0.0014990158379077911,0.03918604552745819
0.03699067234992981,-0.0013880878686904907,0.0014990158379077911,0.03918604552745819
0.03699067234992981,-0.0013880878686904907,0.0014990158379077911,0.03918604552745819
0.03699067234992981,-0.0013880878686904907,0.0014990158379077911,0.03918604552745819
0.03699067234992981,-0.0013880878686904907,0.0014990158379077911,0.03918604552745819
0.03699067234992981,-0.0013880878686904907,0.0014990158379077911,0.03918604552745819
0.03699067234992981,-0.0013880878686904907,0.0014990158379077911,0.03918604552745819
0.03699067234992981,-0.0013880878686904907,0.0014990158379077911,0.03918604552745819
0.03699067234992981,-0.0013880878686904907,0.0014990158379077911,0.03918604552745819
0.03699067234992981,-0.0013880878686904907,0.0014990158379077911,0.03918604552745819
0.03699067234992981,-0.0013880878686904907,0.0014990158379077911,0.03918604552745819
0.03699067234992981,-0.0013880878686904907,0.0014990158379077911,0.03918604552745819
0.03699067234992981,-0.0013880878686904907,0.0014990158379077911,0.03918604552745819
0.03699067234992981,-0.0013880878686904907,0.0014990158379077911,0.03918604552745819
0.03699067234992981,-0.0013880878686904907,0.0014990158379077911,0.03918604552745819
0.03699067234992981,-0.0013880878686904907,0.0014990158379077911,0.03918604552745819
0.03699067234992981,-0.0013880878686904907,0.0014990158379077911,0.03918604552745819
0.03699067234992981,-0.0013880878686904907,0.0014990158379077911,0.03918604552745819
0.03699067234992981,-0.0013880878686904907,0.0014990158379077911,0.03918604552745819
0.03699067234992981,-0.0013880878686904907,0.0014990158379077911,0.03918604552745819
0.03699067234992981,-0.0013880878686904907,0.0014990158379077911,0.03918604552745819
0.03699067234992981,-0.0013880878686904907,0.0014990158379077911,0.03918604552745819
0.03699067234992981,-0.0013880878686904907,0.0014990158379077911,0.03918604552745819
0.03699067234992981,-0.0013880878686904907,0.0014990158379077911,0.03918604552745819
0.03699067234992981,-0.0013880878686904907,0.0014990158379077911,0.03918604552745819
0.03699067234992981,-0.0013880878686904907,0.0014990158379077911,0.03918604552745819
0.03699067234992981,-0.0013880878686904907,0.0014990158379077911,0.03918604552745819
0.03699067234992981,-0.0013880878686904907,0.0014990158379077911,0.03918604552745819
0.03699067234992981,-0.0013880878686904907,0.0014990158379077911,0.03918604552745819
0.03699067234992981,-0.0013880878686904907,0.0014990158379077911,0.03918604552745819
0.03699067234992981,-0.0013880878686904907,0.0014990158379077911,0.03918604552745819
0.03699067234992981,-0.0013880878686904907,0.0014990158379077911,0.03918604552745819
0.03699067234992981,-0.0013880878686904907,0.0014990158379077911,0.03918604552745819
0.03699067234992981,-0.0013880878686904907,0.0014990158379077911,0.03918604552745819
0.03699067234992981,-0.0013880878686904907,0.0014990158379077911,0.03918604552745819
0.03699067234992981,-0.0013880878686904907,0.0014990158379077911,0.03918604552745819
0.03699067234992981,-0.0013880878686904907,0.0014990158379077911,0.03918604552745819
0.03699067234992981,-0.0013880878686904907,0.0014990158379077911,0.03918604552745819
0.03699067234992981,-0.0013880878686904907,0.0014990158379077911,0.03918604552745819
0.03699067234992981,-0.0013880878686904907,0.0014990158379077911,0.03918604552745819
0.03699067234992981,-0.0013880878686904907,0.0014990158379077911,0.03918604552745819
0.03699067234992981,-0.0013880878686904907,0.0014990158379077911,0.03918604552745819
0.03699067234992981,-0.0013880878686904907,0.0014990158379077911,0.03918604552745819
0.03699067234992981,-0.0013880878686904907,0.0014990158379077911,0.03918604552745819
0.03699067234992981,-0.0013880878686904907,0.0014990158379077911,0.03918604552745819
0.03699067234992981,-0.0013880878686904907,0.0014990158379077911,0.03918604552745819
0.03699067234992981,-0.0013880878686904907,0.0014990158379077911,0.03918604552745819
0.03699067234992981,-0.0013880878686904907,0.0014990158379077911,0.03918604552745819
0.03699067234992981,-0.0013880878686904907,0.0014990158379077911,0.03918604552745819
0.03699067234992981,-0.0013880878686904907,0.0014990158379077911,0.03918604552745819
0.03699067234992981,-0.0013880878686904907,0.0014990158379077911,0.03918604552745819
0.03699067234992981,-0.0013880878686904907,0.0014990158379077911,0.03918604552745819
0.03699067234992981,-0.0013880878686904907,0.0014990158379077911,0.03918604552745819
0.03699067234992981,-0.0013880878686904907,0.0014990158379077911,0.03918604552745819
0.03699067234992981,-0.0013880878686904907,0.0014990158379077911,0.03918604552745819
0.03699067234992981,-0.0013880878686904907,0.0014990158379077911,0.03918604552745819
0.03699067234992981,-0.0013880878686904907,0.0014990158379077911,0.03918604552745819
0.03699067234992981,-0.0013880878686904907,0.0014990158379077911,0.03918604552745819
0.03699067234992981,-0.0013880878686904907,0.0014990158379077911,0.03918604552745819
0.03699067234992981,-0.0013880878686904907,0.0014990158379077911,0.03918604552745819
0.03699067234992981,-0.0013880878686904907,0.0014990158379077911,0.03918604552745819
0.03699067234992981,-0.0013880878686904907,0.0014990158379077911,0.03918604552745819
0.03699067234992981,-0.0013880878686904907,0.0014990158379077911,0.03918604552745819
0.03699067234992981,-0.0013880878686904907,0.0014990158379077911,0.03918604552745819
0.03699067234992981,-0.0013880878686904907,0.0014990158379077911,0.03918604552745819
0.03699067234992981,-0.0013880878686904907,0.0014990158379077911,0.03918604552745819
0.03699067234992981,-0.0013880878686904907,0.0014990158379077911,0.03918604552745819
0.03699067234992981,-0.0013880878686904907,0.0014990158379077911,0.03918604552745819
0.03699067234992981,-0.0013880878686904907,0.0014990158379077911,0.03918604552745819
0.03699067234992981,-0.0013880878686904907,0.0014990158379077911,0.03918604552745819
0.03699067234992981,-0.0013880878686904907,0.0014990158379077911,0.03918604552745819
0.03699067234992981,-0.0013880878686904907,0.0014990158379077911,0.03918604552745819
0.03699067234992981,-0.0013880878686904907,0.0014990158379077911,0.03918604552745819
0.03699067234992981,-0.0013880878686904907,0.0014990158379077911,0.03918604552745819
0.03699067234992981,-0.0013880878686904907,0.0014990158379077911,0.03918604552745819
0.03699067234992981,-0.0013880878686904907,0.0014990158379077911,0.03918604552745819
0.0369907021522522,-0.0013879090547561646,0.0014992840588092804,0.039186134934425354
0.0369907021522522,-0.001387864351272583,0.0014993511140346527,0.039186134934425354
0.0369907021522522,-0.0013878494501113892,0.0014993511140346527,0.039186134934425354
0.0369907021522522,-0.0013878494501113892,0.0014993511140346527,0.039186134934425354
0.0369907021522522,-0.0013878494501113892,0.0014993511140346527,0.039186134934425354
0.0369907021522522,-0.0013878494501113892,0.0014993511140346527,0.039186134934425354
0.0369907021522522,-0.0013878494501113892,0.0014993511140346527,0.039186134934425354
0.0369907021522522,-0.0013878494501113892,0.0014993511140346527,0.039186134934425354
0.0369907021522522,-0.0013878494501113892,0.0014993511140346527,0.039186134934425354
0.0369907021522522,-0.0013878494501113892,0.0014993511140346527,0.039186134934425354
0.0369907021522522,-0.0013878494501113892,0.0014993511140346527,0.039186134934425354
0.0369907021522522,-0.0013878494501113892,0.0014993511140346527,0.039186134934425354
0.0369907021522522,-0.0013878494501113892,0.0014993511140346527,0.039186134934425354
0.0369907021522522,-0.0013878494501113892,0.0014993511140346527,0.039186134934425354
0.0369907021522522,-0.0013878494501113892,0.0014993511140346527,0.039186134934425354
0.0369907021522522,-0.0013878494501113892,0.0014993511140346527,0.039186134934425354
0.0369907021522522,-0.0013878494501113892,0.0014993511140346527,0.039186134934425354
0.0369907021522522,-0.0013878494501113892,0.0014993511140346527,0.039186134934425354
0.0369907021522522,-0.0013878494501113892,0.0014993511140346527,0.039186134934425354
0.0369907021522522,-0.0013878494501113892,0.0014993511140346527,0.039186134934425354
0.0369907021522522,-0.0013878494501113892,0.0014993511140346527,0.039186134934425354
0.0369907021522522,-0.0013878494501113892,0.0014993511140346527,0.039186134934425354
0.0369907021522522,-0.0013878494501113892,0.0014993511140346527,0.039186134934425354
0.0369907021522522,-0.0013878494501113892,0.0014993511140346527,0.039186134934425354
0.0369907021522522,-0.0013878494501113892,0.0014993511140346527,0.039186134934425354
0.0369907021522522,-0.0013878494501113892,0.0014993511140346527,0.039186134934425354
0.0369907021522522,-0.0013878494501113892,0.0014993511140346527,0.039186134934425354
0.0369907021522522,-0.0013878494501113892,0.0014993511140346527,0.039186134934425354
0.0369907021522522,-0.0013878494501113892,0.0014993511140346527,0.039186134934425354
0.0369907021522522,-0.0013878494501113892,0.0014993511140346527,0.039186134934425354
0.0369907021522522,-0.0013878494501113892,0.0014993511140346527,0.039186134934425354
0.0369907021522522,-0.0013878494501113892,0.0014993511140346527,0.039186134934425354
0.0369907021522522,-0.0013878494501113892,0.0014993511140346527,0.039186134934425354
0.0369907021522522,-0.0013878494501113892,0.0014993511140346527,0.039186134934425354
0.0369907021522522,-0.0013878494501113892,0.0014993511140346527,0.039186134934425354
0.0369907021522522,-0.0013878494501113892,0.0014993511140346527,0.039186134934425354
0.0369907021522522,-0.0013878494501113892,0.0014993511140346527,0.039186134934425354
0.0369907021522522,-0.0013878494501113892,0.0014993511140346527,0.039186134934425354
0.0369907021522522,-0.0013878494501113892,0.0014993511140346527,0.039186134934425354
0.0369907021522522,-0.0013878494501113892,0.0014993511140346527,0.039186134934425354
0.0369907021522522,-0.0013878494501113892,0.0014993511140346527,0.039186134934425354
0.0369907021522522,-0.0013878494501113892,0.0014993511140346527,0.039186134934425354
0.0369907021522522,-0.0013878494501113892,0.0014993511140346527,0.039186134934425354
0.0369907021522522,-0.0013878494501113892,0.0014993511140346527,0.039186134934425354
0.0369907021522522,-0.0013878494501113892,0.0014993511140346527,0.039186134934425354
0.0369907021522522,-0.0013878494501113892,0.0014993511140346527,0.039186134934425354
0.0369907021522522,-0.0013878494501113892,0.0014993511140346527,0.039186134934425354
0.0369907021522522,-0.0013878494501113892,0.0014993511140346527,0.039186134934425354
0.0369907021522522,-0.0013878494501113892,0.0014993511140346527,0.039186134934425354
0.0369907021522522,-0.0013878494501113892,0.0014993511140346527,0.039186134934425354
0.0369907021522522,-0.0013878494501113892,0.0014993511140346527,0.039186134934425354
0.0369907021522522,-0.0013878494501113892,0.0014993511140346527,0.039186134934425354
0.0369907021522522,-0.0013878494501113892,0.0014993511140346527,0.039186134934425354
0.0369907021522522,-0.0013878494501113892,0.0014993511140346527,0.039186134934425354
0.0369907021522522,-0.0013878494501113892,0.0014993511140346527,0.039186134934425354
0.0369907021522522,-0.0013878494501113892,0.0014993511140346527,0.039186134934425354
0.0369907021522522,-0.0013878494501113892,0.0014993511140346527,0.039186134934425354
0.0369907021522522,-0.0013878494501113892,0.0014993511140346527,0.039186134934425354
0.0369907021522522,-0.0013878494501113892,0.0014993511140346527,0.039186134934425354
0.0369907021522522,-0.0013878494501113892,0.0014993511140346527,0.039186134934425354
0.0369907021522522,-0.0013878494501113892,0.0014993511140346527,0.039186134934425354
0.0369907021522522,-0.0013878494501113892,0.0014993511140346527,0.039186134934425354
0.0369907021522522,-0.0013878494501113892,0.0014993511140346527,0.039186134934425354
0.0369907021522522,-0.0013878494501113892,0.0014993511140346527,0.039186134934425354
0.0369907021522522,-0.0013878494501113892,0.0014993511140346527,0.039186134934425354
0.0369907021522522,-0.0013878494501113892,0.0014993511140346527,0.039186134934425354
0.0369907021522522,-0.0013878494501113892,0.0014993511140346527,0.039186134934425354
0.0369907021522522,-0.0013878494501113892,0.0014993511140346527,0.039186134934425354
0.0369907021522522,-0.0013878494501113892,0.0014993511140346527,0.039186134934425354
0.0369907021522522,-0.0013878494501113892,0.0014993511140346527,0.039186134934425354
0.0369907021522522,-0.0013878494501113892,0.0014993511140346527,0.039186134934425354
0.0369907021522522,-0.0013878494501113892,0.0014993511140346527,0.039186134934425354
0.0369907021522522,-0.0013878494501113892,0.0014993511140346527,0.039186134934425354
0.0369907021522522,-0.0013878494501113892,0.0014993511140346527,0.039186134934425354
0.0369907021522522,-0.0013878494501113892,0.0014993511140346527,0.039186134934425354
0.0369907021522522,-0.0013878494501113892,0.0014993511140346527,0.039186134934425354
0.0369907021522522,-0.0013878494501113892,0.0014993511140346527,0.039186134934425354
0.0369907021522522,-0.0013878494501113892,0.0014993511140346527,0.039186134934425354
0.0369907021522522,-0.0013878494501113892,0.0014993511140346527,0.039186134934425354
0.0369907021522522,-0.0013878494501113892,0.0014993511140346527,0.039186134934425354
0.0369907021522522,-0.0013878494501113892,0.0014993511140346527,0.039186134934425354
0.0369907021522522,-0.0013878494501113892,0.0014993511140346527,0.039186134934425354
0.0369907021522522,-0.0013878494501113892,0.0014993511140346527,0.039186134934425354
0.0369907021522522,-0.0013878494501113892,0.0014993511140346527,0.039186134934425354
0.0369907021522522,-0.0013878494501113892,0.0014993511140346527,0.039186134934425354
0.0369907021522522,-0.0013878494501113892,0.0014993511140346527,0.039186134934425354
0.0369907021522522,-0.0013878494501113892,0.0014993511140346527,0.039186134934425354
0.0369907021522522,-0.0013878494501113892,0.0014993511140346527,0.039186134934425354
0.0369907021522522,-0.0013878494501113892,0.0014993511140346527,0.039186134934425354
0.0369907021522522,-0.0013878494501113892,0.0014993511140346527,0.039186134934425354
0.0369907021522522,-0.0013878494501113892,0.0014993511140346527,0.039186134934425354
0.0369907021522522,-0.0013878494501113892,0.0014993511140346527,0.039186134934425354
0.0369907021522522,-0.0013878494501113892,0.0014993511140346527,0.039186134934425354
0.0369907021522522,-0.0013878494501113892,0.0014993511140346527,0.039186134934425354
0.0369907021522522,-0.0013878494501113892,0.0014993511140346527,0.039186134934425354
0.0369907021522522,-0.0013878494501113892,0.0014993511140346527,0.039186134934425354
0.0369907021522522,-0.0013878494501113892,0.0014993511140346527,0.039186134934425354
0.0369907021522522,-0.0013878494501113892,0.0014993511140346527,0.039186134934425354
0.0369907021522522,-0.0013878494501113892,0.0014993511140346527,0.039186134934425354
0.0369907021522522,-0.0013878494501113892,0.0014993511140346527,0.039186134934425354
0.0369907021522522,-0.0013878494501113892,0.0014993511140346527,0.039186134934425354
0.0369907021522522,-0.0013878494501113892,0.0014993511140346527,0.039186134934425354
0.0369907021522522,-0.0013878494501113892,0.0014993511140346527,0.039186134934425354
0.0369907021522522,-0.0013878494501113892,0.0014993511140346527,0.039186134934425354
0.0369907021522522,-0.0013878494501113892,0.0014993511140346527,0.039186134934425354
0.0369907021522522,-0.0013878494501113892,0.0014993511140346527,0.039186134934425354
0.0369907021522522,-0.0013878494501113892,0.0014993511140346527,0.039186134934425354
0.0369907021522522,-0.0013878494501113892,0.0014993511140346527,0.039186134934425354
0.0369907021522522,-0.0013878494501113892,0.0014993511140346527,0.039186134934425354
0.0369907021522522,-0.0013878494501113892,0.0014993511140346527,0.039186134934425354
0.0369907021522522,-0.0013878494501113892,0.0014993511140346527,0.039186134934425354
0.0369907021522522,-0.0013878494501113892,0.0014993511140346527,0.039186134934425354
0.0369907021522522,-0.0013878494501113892,0.0014993511140346527,0.039186134934425354
0.0369907021522522,-0.0013878494501113892,0.0014993511140346527,0.039186134934425354
0.0369907021522522,-0.0013878494501113892,0.0014993511140346527,0.039186134934425354
0.0369907021522522,-0.0013878494501113892,0.0014993511140346527,0.039186134934425354
0.0369907021522522,-0.0013878494501113892,0.0014993511140346527,0.039186134934425354
0.0369907021522522,-0.0013878494501113892,0.0014993511140346527,0.039186134934425354
0.0369907021522522,-0.0013878494501113892,0.0014993511140346527,0.039186134934425354
0.0369907021522522,-0.0013878494501113892,0.0014993511140346527,0.039186134934425354
0.0369907021522522,-0.0013878494501113892,0.0014993511140346527,0.039186134934425354
0.0369907021522522,-0.0013878494501113892,0.0014993511140346527,0.039186134934425354
0.0369907021522522,-0.0013878494501113892,0.0014993511140346527,0.039186134934425354
0.0369907021522522,-0.0013878494501113892,0.0014993511140346527,0.039186134934425354
0.0369907021522522,-0.0013878494501113892,0.0014993511140346527,0.039186134934425354
0.0369907021522522,-0.0013878494501113892,0.0014993511140346527,0.039186134934425354
0.0369907021522522,-0.0013878494501113892,0.0014993511140346527,0.039186134934425354
0.0369907021522522,-0.0013878494501113892,0.0014993511140346527,0.039186134934425354
0.0369907021522522,-0.0013878494501113892,0.0014993511140346527,0.039186134934425354
0.0369907021522522,-0.0013878494501113892,0.0014993511140346527,0.039186134934425354
0.0369907021522522,-0.0013878494501113892,0.0014993511140346527,0.039186134934425354
0.0369907021522522,-0.0013878494501113892,0.0014993511140346527,0.039186134934425354
0.0369907021522522,-0.0013878494501113892,0.0014993511140346527,0.039186134934425354
0.0369907021522522,-0.0013878494501113892,0.0014993511140346527,0.039186134934425354
0.0369907021522522,-0.0013878494501113892,0.0014993511140346527,0.039186134934425354
0.0369907021522522,-0.0013878494501113892,0.0014993511140346527,0.039186134934425354
0.0369907021522522,-0.0013878494501113892,0.0014993511140346527,0.039186134934425354
0.0369907021522522,-0.0013878494501113892,0.0014993511140346527,0.039186134934425354
0.0369907021522522,-0.0013878494501113892,0.0014993511140346527,0.039186134934425354
0.0369907021522522,-0.0013878494501113892,0.0014993511140346527,0.039186134934425354
0.0369907021522522,-0.0013878494501113892,0.0014993511140346527,0.039186134934425354
0.0369907021522522,-0.0013878494501113892,0.0014993511140346527,0.039186134934425354
0.0369907021522522,-0.0013878494501113892,0.0014993511140346527,0.039186134934425354
0.0369907021522522,-0.0013878494501113892,0.0014993511140346527,0.039186134934425354
0.0369907021522522,-0.0013878494501113892,0.0014993511140346527,0.039186134934425354
0.0369907021522522,-0.0013878494501113892,0.0014993511140346527,0.039186134934425354
0.0369907021522522,-0.0013878494501113892,0.0014993511140346527,0.039186134934425354
0.0369907021522522,-0.0013878494501113892,0.0014993511140346527,0.039186134934425354
0.0369907021522522,-0.0013878494501113892,0.0014993511140346527,0.039186134934425354
0.0369907021522522,-0.0013878494501113892,0.0014993511140346527,0.039186134934425354
0.0369907021522522,-0.0013878494501113892,0.0014993511140346527,0.039186134934425354
0.0369907021522522,-0.0013878494501113892,0.0014993511140346527,0.039186134934425354
0.0369907021522522,-0.0013878494501113892,0.0014993511140346527,0.039186134934425354
0.0369907021522522,-0.0013878494501113892,0.0014993511140346527,0.039186134934425354
0.0369907021522522,-0.0013878494501113892,0.0014993511140346527,0.039186134934425354
0.0369907021522522,-0.0013878494501113892,0.0014993511140346527,0.039186134934425354
0.0369907021522522,-0.0013878494501113892,0.0014993511140346527,0.039186134934425354
0.0369907021522522,-0.0013878494501113892,0.0014993511140346527,0.039186134934425354
0.0369907021522522,-0.0013878494501113892,0.0014993511140346527,0.039186134934425354
0.0369907021522522,-0.0013878494501113892,0.0014993511140346527,0.039186134934425354
0.0369907021522522,-0.0013878494501113892,0.0014993511140346527,0.039186134934425354
0.0369907021522522,-0.0013878494501113892,0.0014993511140346527,0.039186134934425354
0.0369907021522522,-0.0013878494501113892,0.0014993511140346527,0.039186134934425354
0.0369907021522522,-0.0013878494501113892,0.0014993511140346527,0.039186134934425354
0.0369907021522522,-0.0013878494501113892,0.0014993511140346527,0.039186134934425354
0.0369907021522522,-0.0013878494501113892,0.0014993511140346527,0.039186134934425354
0.0369907021522522,-0.0013878494501113892,0.0014993511140346527,0.039186134934425354
0.0369907021522522,-0.0013878494501113892,0.0014993511140346527,0.039186134934425354
0.0369907021522522,-0.0013878494501113892,0.0014993511140346527,0.039186134934425354
0.0369907021522522,-0.0013878494501113892,0.0014993511140346527,0.039186134934425354
0.0369907021522522,-0.0013878494501113892,0.0014993511140346527,0.039186134934425354
0.0369907021522522,-0.0013878494501113892,0.0014993511140346527,0.039186134934425354
0.0369907021522522,-0.0013878494501113892,0.0014993511140346527,0.039186134934425354
0.0369907021522522,-0.0013878494501113892,0.0014993511140346527,0.039186134934425354
0.0369907021522522,-0.0013878494501113892,0.0014993511140346527,0.039186134934425354
0.0369907021522522,-0.0013878494501113892,0.0014993511140346527,0.039186134934425354
0.0369907021522522,-0.0013878494501113892,0.0014993511140346527,0.039186134934425354
0.0369907021522522,-0.0013878494501113892,0.0014993511140346527,0.039186134934425354
0.0369907021522522,-0.0013878494501113892,0.0014993511140346527,0.039186134934425354
0.0369907021522522,-0.0013878494501113892,0.0014993511140346527,0.039186134934425354
0.0369907021522522,-0.0013878494501113892,0.0014993511140346527,0.039186134934425354
0.0369907021522522,-0.0013878494501113892,0.0014993511140346527,0.039186134934425354
0.0369907021522522,-0.0013878494501113892,0.0014993511140346527,0.039186134934425354
0.0369907021522522,-0.0013878494501113892,0.0014993511140346527,0.039186134934425354
0.0369907021522522,-0.0013878494501113892,0.0014993511140346527,0.039186134934425354
0.0369907021522522,-0.0013878494501113892,0.0014993511140346527,0.039186134934425354
0.0369907021522522,-0.0013878494501113892,0.0014993511140346527,0.039186134934425354
0.0369907021522522,-0.0013878494501113892,0.0014993511140346527,0.039186134934425354
0.0369907021522522,-0.0013878494501113892,0.0014993511140346527,0.039186134934425354
0.0369907021522522,-0.0013878494501113892,0.0014993511140346527,0.039186134934425354
0.0369907021522522,-0.0013878494501113892,0.0014993511140346527,0.039186134934425354
0.0369907021522522,-0.0013878494501113892,0.0014993511140346527,0.039186134934425354
0.0369907021522522,-0.0013878494501113892,0.0014993511140346527,0.039186134934425354
0.0369907021522522,-0.0013878494501113892,0.0014993511140346527,0.039186134934425354
0.0369907021522522,-0.0013878494501113892,0.0014993511140346527,0.039186134934425354
0.0369907021522522,-0.0013878494501113892,0.0014993511140346527,0.039186134934425354
0.0369907021522522,-0.0013878494501113892,0.0014993511140346527,0.039186134934425354
0.0369907021522522,-0.0013878494501113892,0.0014993511140346527,0.039186134934425354
0.0369907021522522,-0.0013878494501113892,0.0014993511140346527,0.039186134934425354
0.0369907021522522,-0.0013878494501113892,0.0014993511140346527,0.039186134934425354
0.03699079900979996,-0.001386106014251709,0.001502756029367447,0.039187513291835785
0.036990709602832794,-0.0013848692178726196,0.00150391086935997,0.03918808698654175
0.036990709602832794,-0.0013847500085830688,0.0015040598809719086,0.03918816149234772
0.036990709602832794,-0.0013847202062606812,0.0015040598809719086,0.03918816149234772
0.036990709602832794,-0.0013847202062606812,0.0015040598809719086,0.03918816149234772
0.036990709602832794,-0.0013847202062606812,0.0015040598809719086,0.03918816149234772
0.036990709602832794,-0.0013847202062606812,0.0015040598809719086,0.03918816149234772
0.036990709602832794,-0.0013847202062606812,0.0015040598809719086,0.03918816149234772
0.036990709602832794,-0.0013847202062606812,0.0015040598809719086,0.03918816149234772
0.036990709602832794,-0.0013847202062606812,0.0015040598809719086,0.03918816149234772
0.036990709602832794,-0.0013847202062606812,0.0015040598809719086,0.03918816149234772
0.036990709602832794,-0.0013847202062606812,0.0015040598809719086,0.03918816149234772
0.036990709602832794,-0.0013847202062606812,0.0015040598809719086,0.03918816149234772
0.036990709602832794,-0.0013847202062606812,0.0015040598809719086,0.03918816149234772
0.036990709602832794,-0.0013847202062606812,0.0015040598809719086,0.03918816149234772
0.036990709602832794,-0.0013847202062606812,0.0015040598809719086,0.03918816149234772
0.036990709602832794,-0.0013847202062606812,0.0015040598809719086,0.03918816149234772
0.036990709602832794,-0.0013847202062606812,0.0015040598809719086,0.03918816149234772
0.036990709602832794,-0.0013847202062606812,0.0015040598809719086,0.03918816149234772
0.036990709602832794,-0.0013847202062606812,0.0015040598809719086,0.03918816149234772
0.036990709602832794,-0.0013847202062606812,0.0015040598809719086,0.03918816149234772
0.036990709602832794,-0.0013847202062606812,0.0015040598809719086,0.03918816149234772
0.036990709602832794,-0.0013847202062606812,0.0015040598809719086,0.03918816149234772
0.036990709602832794,-0.0013847202062606812,0.0015040598809719086,0.03918816149234772
0.036990709602832794,-0.0013847202062606812,0.0015040598809719086,0.03918816149234772
0.036990709602832794,-0.0013847202062606812,0.0015040598809719086,0.03918816149234772
0.036990709602832794,-0.0013847202062606812,0.0015040598809719086,0.03918816149234772
0.036990709602832794,-0.0013847202062606812,0.0015040598809719086,0.03918816149234772
0.036990709602832794,-0.0013847202062606812,0.0015040598809719086,0.03918816149234772
0.036990709602832794,-0.0013847202062606812,0.0015040598809719086,0.03918816149234772
0.036990709602832794,-0.0013847202062606812,0.0015040598809719086,0.03918816149234772
0.036990709602832794,-0.0013847202062606812,0.0015040598809719086,0.03918816149234772
0.036990709602832794,-0.0013847202062606812,0.0015040598809719086,0.03918816149234772
0.036990709602832794,-0.0013847202062606812,0.0015040598809719086,0.03918816149234772
0.036990709602832794,-0.0013847202062606812,0.0015040598809719086,0.03918816149234772
0.036990709602832794,-0.0013847202062606812,0.0015040598809719086,0.03918816149234772
0.036990709602832794,-0.0013847202062606812,0.0015040598809719086,0.03918816149234772
0.036990709602832794,-0.0013847202062606812,0.0015040598809719086,0.03918816149234772
0.036990709602832794,-0.0013847202062606812,0.0015040598809719086,0.03918816149234772
0.036990709602832794,-0.0013847202062606812,0.0015040598809719086,0.03918816149234772
0.036990709602832794,-0.0013847202062606812,0.0015040598809719086,0.03918816149234772
0.036990709602832794,-0.0013847202062606812,0.0015040598809719086,0.03918816149234772
0.036990709602832794,-0.0013847202062606812,0.0015040598809719086,0.03918816149234772
0.036990709602832794,-0.0013847202062606812,0.0015040598809719086,0.03918816149234772
0.036990709602832794,-0.0013847202062606812,0.0015040598809719086,0.03918816149234772
0.036990709602832794,-0.0013847202062606812,0.0015040598809719086,0.03918816149234772
0.036990709602832794,-0.0013847202062606812,0.0015040598809719086,0.03918816149234772
0.036990709602832794,-0.0013847202062606812,0.0015040598809719086,0.03918816149234772
0.036990709602832794,-0.0013847202062606812,0.0015040598809719086,0.03918816149234772
0.036990709602832794,-0.0013847202062606812,0.0015040598809719086,0.03918816149234772
0.036990709602832794,-0.0013847202062606812,0.0015040598809719086,0.03918816149234772
0.036990709602832794,-0.0013847202062606812,0.0015040598809719086,0.03918816149234772
0.036990709602832794,-0.0013847202062606812,0.0015040598809719086,0.03918816149234772
0.036990709602832794,-0.0013847202062606812,0.0015040598809719086,0.03918816149234772
0.036990709602832794,-0.0013847202062606812,0.0015040598809719086,0.03918816149234772
0.036990709602832794,-0.0013847202062606812,0.0015040598809719086,0.03918816149234772
0.036990709602832794,-0.0013847202062606812,0.0015040598809719086,0.03918816149234772
0.036990709602832794,-0.0013847202062606812,0.0015040598809719086,0.03918816149234772
0.036990709602832794,-0.0013847202062606812,0.0015040598809719086,0.03918816149234772
0.036990709602832794,-0.0013847202062606812,0.0015040598809719086,0.03918816149234772
0.036990709602832794,-0.0013847202062606812,0.0015040598809719086,0.03918816149234772
0.036990709602832794,-0.0013847202062606812,0.0015040598809719086,0.03918816149234772
0.036990709602832794,-0.0013847202062606812,0.0015040598809719086,0.03918816149234772
0.036990709602832794,-0.0013847202062606812,0.0015040598809719086,0.03918816149234772
0.036990709602832794,-0.0013847202062606812,0.0015040598809719086,0.03918816149234772
0.036990709602832794,-0.0013847202062606812,0.0015040598809719086,0.03918816149234772
0.036990709602832794,-0.0013847202062606812,0.0015040598809719086,0.03918816149234772
0.036990709602832794,-0.0013847202062606812,0.0015040598809719086,0.03918816149234772
0.036990709602832794,-0.0013847202062606812,0.0015040598809719086,0.03918816149234772
0.036990709602832794,-0.0013847202062606812,0.0015040598809719086,0.03918816149234772
0.036990709602832794,-0.0013847202062606812,0.0015040598809719086,0.03918816149234772
0.036990709602832794,-0.0013847202062606812,0.0015040598809719086,0.03918816149234772
0.036990709602832794,-0.0013847202062606812,0.0015040598809719086,0.03918816149234772
0.036990709602832794,-0.0013847202062606812,0.0015040598809719086,0.03918816149234772
0.036990709602832794,-0.0013847202062606812,0.0015040598809719086,0.03918816149234772
0.036990709602832794,-0.0013847202062606812,0.0015040598809719086,0.03918816149234772
0.036990709602832794,-0.0013847202062606812,0.0015040598809719086,0.03918816149234772
0.036990709602832794,-0.0013847202062606812,0.0015040598809719086,0.03918816149234772
0.036990709602832794,-0.0013847202062606812,0.0015040598809719086,0.03918816149234772
0.036990709602832794,-0.0013847202062606812,0.0015040598809719086,0.03918816149234772
0.036990709602832794,-0.0013847202062606812,0.0015040598809719086,0.03918816149234772
0.036990709602832794,-0.0013847202062606812,0.0015040598809719086,0.03918816149234772
0.036990709602832794,-0.0013847202062606812,0.0015040598809719086,0.03918816149234772
0.036990709602832794,-0.0013847202062606812,0.0015040598809719086,0.03918816149234772
0.036990709602832794,-0.0013847202062606812,0.0015040598809719086,0.03918816149234772
0.036990709602832794,-0.0013847202062606812,0.0015040598809719086,0.03918816149234772
0.036990709602832794,-0.0013847202062606812,0.0015040598809719086,0.03918816149234772
0.036990709602832794,-0.0013847202062606812,0.0015040598809719086,0.03918816149234772
0.03699488937854767,-0.0013699457049369812,0.0015160180628299713,0.03916513919830322
0.03699583560228348,-0.0013685375452041626,0.001517515629529953,0.03916139155626297
0.03699600696563721,-0.0013684257864952087,0.0015174932777881622,0.03916119784116745
0.036996014416217804,-0.001368395984172821,0.00151752308011055,0.03916119784116745
0.036996014416217804,-0.001368395984172821,0.00151752308011055,0.03916119784116745
0.036996014416217804,-0.001368395984172821,0.00151752308011055,0.03916119784116745
0.036996014416217804,-0.001368395984172821,0.00151752308011055,0.03916119784116745
0.036996014416217804,-0.001368395984172821,0.00151752308011055,0.03916119784116745
0.036996014416217804,-0.001368395984172821,0.00151752308011055,0.03916119784116745
0.036996014416217804,-0.001368395984172821,0.00151752308011055,0.03916119784116745
0.036996014416217804,-0.001368395984172821,0.00151752308011055,0.03916119784116745
0.036996014416217804,-0.001368395984172821,0.00151752308011055,0.03916119784116745
0.036996014416217804,-0.001368395984172821,0.00151752308011055,0.03916119784116745
0.036996014416217804,-0.001368395984172821,0.00151752308011055,0.03916119784116745
0.036996014416217804,-0.001368395984172821,0.00151752308011055,0.03916119784116745
0.036996014416217804,-0.001368395984172821,0.00151752308011055,0.03916119784116745
0.036996014416217804,-0.001368395984172821,0.00151752308011055,0.03916119784116745
0.036996014416217804,-0.001368395984172821,0.00151752308011055,0.03916119784116745
0.036996014416217804,-0.001368395984172821,0.00151752308011055,0.03916119784116745
0.036996014416217804,-0.001368395984172821,0.00151752308011055,0.03916119784116745
0.036991775035858154,-0.001383163034915924,0.0015054382383823395,0.039184242486953735
0.03699086606502533,-0.001384630799293518,0.0015040300786495209,0.03918793052434921
0.03699072450399399,-0.0013846755027770996,0.0015040300786495209,0.03918816149234772
0.036990709602832794,-0.0013847053050994873,0.0015040598809719086,0.03918816149234772
0.036990709602832794,-0.0013847202062606812,0.0015040598809719086,0.03918816149234772
0.036990709602832794,-0.0013847202062606812,0.0015040598809719086,0.03918816149234772
0.036990709602832794,-0.0013847202062606812,0.0015040598809719086,0.03918816149234772
0.036990709602832794,-0.0013847202062606812,0.0015040598809719086,0.03918816149234772
0.036990709602832794,-0.0013847202062606812,0.0015040598809719086,0.03918816149234772
0.036990709602832794,-0.0013847202062606812,0.0015040598809719086,0.03918816149234772
0.036990709602832794,-0.0013847202062606812,0.0015040598809719086,0.03918816149234772
0.036990709602832794,-0.0013847202062606812,0.0015040598809719086,0.03918816149234772
0.036990709602832794,-0.0013847202062606812,0.0015040598809719086,0.03918816149234772
0.036990709602832794,-0.0013847202062606812,0.0015040598809719086,0.03918816149234772
0.036990709602832794,-0.0013847202062606812,0.0015040598809719086,0.03918816149234772
0.036990709602832794,-0.0013847202062606812,0.0015040598809719086,0.03918816149234772
0.036990709602832794,-0.0013847202062606812,0.0015040598809719086,0.03918816149234772
0.036990709602832794,-0.0013847202062606812,0.0015040598809719086,0.03918816149234772
0.036990709602832794,-0.0013847202062606812,0.0015040598809719086,0.03918816149234772
0.036990709602832794,-0.0013847202062606812,0.0015040598809719086,0.03918816149234772
0.036990709602832794,-0.0013847202062606812,0.0015040598809719086,0.03918816149234772
0.036990709602832794,-0.0013847202062606812,0.0015040598809719086,0.03918816149234772
0.036990709602832794,-0.0013847202062606812,0.0015040598809719086,0.03918816149234772
0.036990709602832794,-0.0013847202062606812,0.0015040598809719086,0.03918816149234772
0.036990709602832794,-0.0013847202062606812,0.0015040598809719086,0.03918816149234772
0.036990709602832794,-0.0013847202062606812,0.0015040598809719086,0.03918816149234772
0.036990709602832794,-0.0013847202062606812,0.0015040598809719086,0.03918816149234772
0.036990709602832794,-0.0013847202062606812,0.0015040598809719086,0.03918816149234772
0.036990709602832794,-0.0013847202062606812,0.0015040598809719086,0.03918816149234772
0.036990709602832794,-0.0013847202062606812,0.0015040598809719086,0.03918816149234772
0.036990709602832794,-0.0013847202062606812,0.0015040598809719086,0.03918816149234772
0.036990709602832794,-0.0013847202062606812,0.0015040598809719086,0.03918816149234772
0.036990709602832794,-0.0013847202062606812,0.0015040598809719086,0.03918816149234772
0.036990709602832794,-0.0013847202062606812,0.0015040598809719086,0.03918816149234772
0.036990709602832794,-0.0013847202062606812,0.0015040598809719086,0.03918816149234772
0.036990709602832794,-0.0013847202062606812,0.0015040598809719086,0.03918816149234772
0.036990709602832794,-0.0013847202062606812,0.0015040598809719086,0.03918816149234772
0.036990709602832794,-0.0013847202062606812,0.0015040598809719086,0.03918816149234772
0.036990709602832794,-0.0013847202062606812,0.0015040598809719086,0.03918816149234772
0.036990709602832794,-0.0013847202062606812,0.0015040598809719086,0.03918816149234772
0.036990709602832794,-0.0013847202062606812,0.0015040598809719086,0.03918816149234772
0.036990709602832794,-0.0013847202062606812,0.0015040598809719086,0.03918816149234772
0.036990709602832794,-0.0013847202062606812,0.0015040598809719086,0.03918816149234772
0.036990709602832794,-0.0013847202062606812,0.0015040598809719086,0.03918816149234772
0.036990709602832794,-0.0013847202062606812,0.0015040598809719086,0.03918816149234772
0.036990709602832794,-0.0013847202062606812,0.0015040598809719086,0.03918816149234772
0.036990709602832794,-0.0013847202062606812,0.0015040598809719086,0.03918816149234772
0.036990709602832794,-0.0013847202062606812,0.0015040598809719086,0.03918816149234772
0.036990709602832794,-0.0013847202062606812,0.0015040598809719086,0.03918816149234772
0.036990709602832794,-0.0013847202062606812,0.0015040598809719086,0.03918816149234772
0.036990709602832794,-0.0013847202062606812,0.0015040598809719086,0.03918816149234772
0.036990709602832794,-0.0013847202062606812,0.0015040598809719086,0.03918816149234772
0.036990709602832794,-0.0013847202062606812,0.0015040598809719086,0.03918816149234772
0.036990709602832794,-0.0013847202062606812,0.0015040598809719086,0.03918816149234772
0.036990709602832794,-0.0013847202062606812,0.0015040598809719086,0.03918816149234772
0.036990709602832794,-0.0013847202062606812,0.0015040598809719086,0.03918816149234772
0.036990709602832794,-0.0013847202062606812,0.0015040598809719086,0.03918816149234772
0.036990709602832794,-0.0013847202062606812,0.0015040598809719086,0.03918816149234772
0.036990709602832794,-0.0013847202062606812,0.0015040598809719086,0.03918816149234772
0.036990709602832794,-0.0013847202062606812,0.0015040598809719086,0.03918816149234772
0.036990709602832794,-0.0013847202062606812,0.0015040598809719086,0.03918816149234772
0.036990709602832794,-0.0013847202062606812,0.0015040598809719086,0.03918816149234772
0.036990709602832794,-0.0013847202062606812,0.0015040598809719086,0.03918816149234772
0.036990709602832794,-0.0013847202062606812,0.0015040598809719086,0.03918816149234772
0.036990709602832794,-0.0013847202062606812,0.0015040598809719086,0.03918816149234772
0.036990709602832794,-0.0013847202062606812,0.0015040598809719086,0.03918816149234772
0.036990709602832794,-0.0013847202062606812,0.0015040598809719086,0.03918816149234772
0.036990709602832794,-0.0013847202062606812,0.0015040598809719086,0.03918816149234772
0.036990709602832794,-0.0013847202062606812,0.0015040598809719086,0.03918816149234772
0.036990709602832794,-0.0013847202062606812,0.0015040598809719086,0.03918816149234772
0.036990709602832794,-0.0013847202062606812,0.0015040598809719086,0.03918816149234772
0.036990709602832794,-0.0013847202062606812,0.0015040598809719086,0.03918816149234772
0.036990709602832794,-0.0013847202062606812,0.0015040598809719086,0.03918816149234772
0.036990709602832794,-0.0013847202062606812,0.0015040598809719086,0.03918816149234772
0.036990709602832794,-0.0013847202062606812,0.0015040598809719086,0.03918816149234772
0.036990709602832794,-0.0013847202062606812,0.0015040598809719086,0.03918816149234772
0.036990709602832794,-0.0013847202062606812,0.0015040598809719086,0.03918816149234772
0.036990709602832794,-0.0013847202062606812,0.0015040598809719086,0.03918816149234772
0.036990709602832794,-0.0013847202062606812,0.0015040598809719086,0.03918816149234772
0.036990709602832794,-0.0013847202062606812,0.0015040598809719086,0.03918816149234772
0.036990709602832794,-0.0013847202062606812,0.0015040598809719086,0.03918816149234772
0.036990709602832794,-0.0013847202062606812,0.0015040598809719086,0.03918816149234772
0.036990709602832794,-0.0013847202062606812,0.0015040598809719086,0.03918816149234772
0.036990709602832794,-0.0013847202062606812,0.0015040598809719086,0.03918816149234772
0.036990709602832794,-0.0013847202062606812,0.0015040598809719086,0.03918816149234772
0.036990709602832794,-0.0013847202062606812,0.0015040598809719086,0.03918816149234772
0.036990709602832794,-0.0013847202062606812,0.0015040598809719086,0.03918816149234772
0.036990709602832794,-0.0013847202062606812,0.0015040598809719086,0.03918816149234772
0.036990709602832794,-0.0013847202062606812,0.0015040598809719086,0.03918816149234772
0.036990709602832794,-0.0013847202062606812,0.0015040598809719086,0.03918816149234772
0.036990709602832794,-0.0013847202062606812,0.0015040598809719086,0.03918816149234772
0.036990709602832794,-0.0013847202062606812,0.0015040598809719086,0.03918816149234772
0.036990709602832794,-0.0013847202062606812,0.0015040598809719086,0.03918816149234772
0.036990709602832794,-0.0013847202062606812,0.0015040598809719086,0.03918816149234772
0.036990709602832794,-0.0013847202062606812,0.0015040598809719086,0.03918816149234772
0.036990709602832794,-0.0013847202062606812,0.0015040598809719086,0.03918816149234772
0.036990709602832794,-0.0013847202062606812,0.0015040598809719086,0.03918816149234772
0.036990709602832794,-0.0013847202062606812,0.0015040598809719086,0.03918816149234772
0.036990709602832794,-0.0013847202062606812,0.0015040598809719086,0.03918816149234772
0.036990709602832794,-0.0013847202062606812,0.0015040598809719086,0.03918816149234772
0.036990709602832794,-0.0013847202062606812,0.0015040598809719086,0.03918816149234772
0.036990709602832794,-0.0013847202062606812,0.0015040598809719086,0.03918816149234772
0.036990709602832794,-0.0013847202062606812,0.0015040598809719086,0.03918816149234772
0.036990709602832794,-0.0013847202062606812,0.0015040598809719086,0.03918816149234772
0.036990709602832794,-0.0013847202062606812,0.0015040598809719086,0.03918816149234772
0.036990709602832794,-0.0013847202062606812,0.0015040598809719086,0.03918816149234772
0.036990709602832794,-0.0013847202062606812,0.0015040598809719086,0.03918816149234772
0.036990709602832794,-0.0013847202062606812,0.0015040598809719086,0.03918816149234772
0.036990709602832794,-0.0013847202062606812,0.0015040598809719086,0.03918816149234772
0.036990709602832794,-0.0013847202062606812,0.0015040598809719086,0.03918816149234772
0.036990709602832794,-0.0013847202062606812,0.0015040598809719086,0.03918816149234772
0.036990709602832794,-0.0013847202062606812,0.0015040598809719086,0.03918816149234772
0.036990709602832794,-0.0013847202062606812,0.0015040598809719086,0.03918816149234772
0.036990709602832794,-0.0013847202062606812,0.0015040598809719086,0.03918816149234772
0.036990709602832794,-0.0013847202062606812,0.0015040598809719086,0.03918816149234772
0.036990709602832794,-0.0013847202062606812,0.0015040598809719086,0.03918816149234772
0.036990709602832794,-0.0013847202062606812,0.0015040598809719086,0.03918816149234772
0.036990709602832794,-0.0013847202062606812,0.0015040598809719086,0.03918816149234772
0.036990709602832794,-0.0013847202062606812,0.0015040598809719086,0.03918816149234772
0.036990709602832794,-0.0013847202062606812,0.0015040598809719086,0.03918816149234772
0.036990709602832794,-0.0013847202062606812,0.0015040598809719086,0.03918816149234772
0.036990709602832794,-0.0013847202062606812,0.0015040598809719086,0.03918816149234772
0.036990709602832794,-0.0013847202062606812,0.0015040598809719086,0.03918816149234772
0.036990709602832794,-0.0013847202062606812,0.0015040598809719086,0.03918816149234772
0.036990709602832794,-0.0013847202062606812,0.0015040598809719086,0.03918816149234772
0.036990709602832794,-0.0013847202062606812,0.0015040598809719086,0.03918816149234772
0.036990709602832794,-0.0013847202062606812,0.0015040598809719086,0.03918816149234772
0.036990709602832794,-0.0013847202062606812,0.0015040598809719086,0.03918816149234772
0.036990709602832794,-0.0013847202062606812,0.0015040598809719086,0.03918816149234772
0.036990709602832794,-0.0013847202062606812,0.0015040598809719086,0.03918816149234772
0.036990709602832794,-0.0013847202062606812,0.0015040598809719086,0.03918816149234772
0.036990709602832794,-0.0013847202062606812,0.0015040598809719086,0.03918816149234772
0.036990709602832794,-0.0013847202062606812,0.0015040598809719086,0.03918816149234772
0.036990709602832794,-0.0013847202062606812,0.0015040598809719086,0.03918816149234772
0.036990709602832794,-0.0013847202062606812,0.0015040598809719086,0.03918816149234772
0.036990709602832794,-0.0013847202062606812,0.0015040598809719086,0.03918816149234772
0.036990709602832794,-0.0013847202062606812,0.0015040598809719086,0.03918816149234772
0.036990709602832794,-0.0013847202062606812,0.0015040598809719086,0.03918816149234772
0.036990709602832794,-0.0013847202062606812,0.0015040598809719086,0.03918816149234772
0.036990709602832794,-0.0013847202062606812,0.0015040598809719086,0.03918816149234772
0.036990709602832794,-0.0013847202062606812,0.0015040598809719086,0.03918816149234772
0.036990709602832794,-0.0013847202062606812,0.0015040598809719086,0.03918816149234772
0.036990709602832794,-0.0013847202062606812,0.0015040598809719086,0.03918816149234772
0.036990709602832794,-0.0013847202062606812,0.0015040598809719086,0.03918816149234772
0.036990709602832794,-0.0013847202062606812,0.0015040598809719086,0.03918816149234772
0.036990709602832794,-0.0013847202062606812,0.0015040598809719086,0.03918816149234772
0.036990709602832794,-0.0013847202062606812,0.0015040598809719086,0.03918816149234772
0.036990709602832794,-0.0013847202062606812,0.0015040598809719086,0.03918816149234772
0.036990709602832794,-0.0013847202062606812,0.0015040598809719086,0.03918816149234772
0.036990709602832794,-0.0013847202062606812,0.0015040598809719086,0.03918816149234772
0.036990709602832794,-0.0013847202062606812,0.0015040598809719086,0.03918816149234772
0.036990709602832794,-0.0013847202062606812,0.0015040598809719086,0.03918816149234772
0.036990709602832794,-0.0013847202062606812,0.0015040598809719086,0.03918816149234772
0.036990709602832794,-0.0013847202062606812,0.0015040598809719086,0.03918816149234772
0.036990709602832794,-0.0013847202062606812,0.0015040598809719086,0.03918816149234772
0.036990709602832794,-0.0013847202062606812,0.0015040598809719086,0.03918816149234772
0.036990709602832794,-0.0013847202062606812,0.0015040598809719086,0.03918816149234772
0.036990709602832794,-0.0013847202062606812,0.0015040598809719086,0.03918816149234772
0.036990709602832794,-0.0013847202062606812,0.0015040598809719086,0.03918816149234772
0.036990709602832794,-0.0013847202062606812,0.0015040598809719086,0.03918816149234772
0.036990709602832794,-0.0013847202062606812,0.0015040598809719086,0.03918816149234772
0.036990709602832794,-0.0013847202062606812,0.0015040598809719086,0.03918816149234772
0.036990709602832794,-0.0013847202062606812,0.0015040598809719086,0.03918816149234772
0.036990709602832794,-0.0013847202062606812,0.0015040598809719086,0.03918816149234772
0.036990709602832794,-0.0013847202062606812,0.0015040598809719086,0.03918816149234772
0.036990709602832794,-0.0013847202062606812,0.0015040598809719086,0.03918816149234772
0.036990709602832794,-0.0013847202062606812,0.0015040598809719086,0.03918816149234772
0.036990709602832794,-0.0013847202062606812,0.0015040598809719086,0.03918816149234772
0.036990709602832794,-0.0013847202062606812,0.0015040598809719086,0.03918816149234772
0.036990709602832794,-0.0013847202062606812,0.0015040598809719086,0.03918816149234772
0.036990709602832794,-0.0013847202062606812,0.0015040598809719086,0.03918816149234772
0.036990709602832794,-0.0013847202062606812,0.0015040598809719086,0.03918816149234772
0.036990709602832794,-0.0013847202062606812,0.0015040598809719086,0.03918816149234772
0.036990709602832794,-0.0013847202062606812,0.0015040598809719086,0.03918816149234772
0.036990709602832794,-0.0013847202062606812,0.0015040598809719086,0.03918816149234772
0.036990709602832794,-0.0013847202062606812,0.0015040598809719086,0.03918816149234772
0.036990709602832794,-0.0013847202062606812,0.0015040598809719086,0.03918816149234772
0.036990709602832794,-0.0013847202062606812,0.0015040598809719086,0.03918816149234772
0.036990709602832794,-0.0013847202062606812,0.0015040598809719086,0.03918816149234772
0.036990709602832794,-0.0013847202062606812,0.0015040598809719086,0.03918816149234772
0.036990709602832794,-0.0013847202062606812,0.0015040598809719086,0.03918816149234772
0.036990709602832794,-0.0013847202062606812,0.0015040598809719086,0.03918816149234772
0.036990709602832794,-0.0013847202062606812,0.0015040598809719086,0.03918816149234772
0.036990709602832794,-0.0013847202062606812,0.0015040598809719086,0.03918816149234772
0.036990709602832794,-0.0013847202062606812,0.0015040598809719086,0.03918816149234772
0.036990709602832794,-0.0013847202062606812,0.0015040598809719086,0.03918816149234772
0.036990709602832794,-0.0013847202062606812,0.0015040598809719086,0.03918816149234772
0.036990709602832794,-0.0013847202062606812,0.0015040598809719086,0.03918816149234772
0.036990709602832794,-0.0013847202062606812,0.0015040598809719086,0.03918816149234772
0.036990709602832794,-0.0013847202062606812,0.0015040598809719086,0.03918816149234772
0.036990709602832794,-0.0013847202062606812,0.0015040598809719086,0.03918816149234772
0.036990709602832794,-0.0013847202062606812,0.0015040598809719086,0.03918816149234772
0.036990709602832794,-0.0013847202062606812,0.0015040598809719086,0.03918816149234772
0.036990709602832794,-0.0013847202062606812,0.0015040598809719086,0.03918816149234772
0.036990709602832794,-0.0013847202062606812,0.0015040598809719086,0.03918816149234772
0.036990709602832794,-0.0013847202062606812,0.0015040598809719086,0.03918816149234772
0.036990709602832794,-0.0013847202062606812,0.0015040598809719086,0.03918816149234772
0.036990709602832794,-0.0013847202062606812,0.0015040598809719086,0.03918816149234772
0.036990709602832794,-0.0013847202062606812,0.0015040598809719086,0.03918816149234772
0.036990709602832794,-0.0013847202062606812,0.0015040598809719086,0.03918816149234772
0.036990709602832794,-0.0013847202062606812,0.0015040598809719086,0.03918816149234772
0.036990709602832794,-0.0013847202062606812,0.0015040598809719086,0.03918816149234772
0.036990709602832794,-0.0013847202062606812,0.0015040598809719086,0.03918816149234772
0.036990709602832794,-0.0013847202062606812,0.0015040598809719086,0.03918816149234772
0.036990709602832794,-0.0013847202062606812,0.0015040598809719086,0.03918816149234772
0.036990709602832794,-0.0013847202062606812,0.0015040598809719086,0.03918816149234772
0.036990709602832794,-0.0013847202062606812,0.0015040598809719086,0.03918816149234772
0.036990709602832794,-0.0013847202062606812,0.0015040598809719086,0.03918816149234772
0.036990709602832794,-0.0013847202062606812,0.0015040598809719086,0.03918816149234772
0.036990709602832794,-0.0013847202062606812,0.0015040598809719086,0.03918816149234772
0.036990709602832794,-0.0013847202062606812,0.0015040598809719086,0.03918816149234772
0.036990709602832794,-0.0013847202062606812,0.0015040598809719086,0.03918816149234772
0.036990709602832794,-0.0013847202062606812,0.0015040598809719086,0.03918816149234772
0.036990709602832794,-0.0013847202062606812,0.0015040598809719086,0.03918816149234772
0.036990709602832794,-0.0013847202062606812,0.0015040598809719086,0.03918816149234772
0.036990709602832794,-0.0013847202062606812,0.0015040598809719086,0.03918816149234772
0.036990709602832794,-0.0013847202062606812,0.0015040598809719086,0.03918816149234772
0.036990709602832794,-0.0013847202062606812,0.0015040598809719086,0.03918816149234772
0.036990709602832794,-0.0013847202062606812,0.0015040598809719086,0.03918816149234772
0.036990709602832794,-0.0013847202062606812,0.0015040598809719086,0.03918816149234772
0.036990709602832794,-0.0013847202062606812,0.0015040598809719086,0.03918816149234772
0.036990709602832794,-0.0013847202062606812,0.0015040598809719086,0.03918816149234772
0.036990709602832794,-0.0013847202062606812,0.0015040598809719086,0.03918816149234772
0.036990709602832794,-0.0013847202062606812,0.0015040598809719086,0.03918816149234772
0.036990709602832794,-0.0013847202062606812,0.0015040598809719086,0.03918816149234772
0.036990709602832794,-0.0013847202062606812,0.0015040598809719086,0.03918816149234772
0.036990709602832794,-0.0013847202062606812,0.0015040598809719086,0.03918816149234772
0.036990709602832794,-0.0013847202062606812,0.0015040598809719086,0.03918816149234772
0.036990709602832794,-0.0013847202062606812,0.0015040598809719086,0.03918816149234772
0.036990709602832794,-0.0013847202062606812,0.0015040598809719086,0.03918816149234772
0.036990709602832794,-0.0013847202062606812,0.0015040598809719086,0.03918816149234772
0.036990709602832794,-0.0013847202062606812,0.0015040598809719086,0.03918816149234772
0.036990709602832794,-0.0013847202062606812,0.0015040598809719086,0.03918816149234772
0.036990709602832794,-0.0013847202062606812,0.0015040598809719086,0.03918816149234772
0.036990709602832794,-0.0013847202062606812,0.0015040598809719086,0.03918816149234772
0.036990709602832794,-0.0013847202062606812,0.0015040598809719086,0.03918816149234772
0.036990709602832794,-0.0013847202062606812,0.0015040598809719086,0.03918816149234772
0.036990709602832794,-0.0013847202062606812,0.0015040598809719086,0.03918816149234772
0.036990709602832794,-0.0013847202062606812,0.0015040598809719086,0.03918816149234772
0.036990709602832794,-0.0013847202062606812,0.0015040598809719086,0.03918816149234772
0.036990709602832794,-0.0013847202062606812,0.0015040598809719086,0.03918816149234772
0.036990709602832794,-0.0013847202062606812,0.0015040598809719086,0.03918816149234772
0.036990709602832794,-0.0013847202062606812,0.0015040598809719086,0.03918816149234772
0.036990709602832794,-0.0013847202062606812,0.0015040598809719086,0.03918816149234772
0.036990709602832794,-0.0013847202062606812,0.0015040598809719086,0.03918816149234772
0.036990709602832794,-0.0013847202062606812,0.0015040598809719086,0.03918816149234772
0.036990709602832794,-0.0013847202062606812,0.0015040598809719086,0.03918816149234772
0.036990709602832794,-0.0013847202062606812,0.0015040598809719086,0.03918816149234772
0.036990709602832794,-0.0013847202062606812,0.0015040598809719086,0.03918816149234772
0.036990709602832794,-0.0013847202062606812,0.0015040598809719086,0.03918816149234772
0.036990709602832794,-0.0013847202062606812,0.0015040598809719086,0.03918816149234772
0.036990709602832794,-0.0013847202062606812,0.0015040598809719086,0.03918816149234772
0.036990709602832794,-0.0013847202062606812,0.0015040598809719086,0.03918816149234772
0.036990709602832794,-0.0013847202062606812,0.0015040598809719086,0.03918816149234772
0.036990709602832794,-0.0013847202062606812,0.0015040598809719086,0.03918816149234772
0.036990709602832794,-0.0013847202062606812,0.0015040598809719086,0.03918816149234772
0.036990709602832794,-0.0013847202062606812,0.0015040598809719086,0.03918816149234772
0.036990709602832794,-0.0013847202062606812,0.0015040598809719086,0.03918816149234772
0.036990709602832794,-0.0013847202062606812,0.0015040598809719086,0.03918816149234772
0.036990709602832794,-0.0013847202062606812,0.0015040598809719086,0.03918816149234772
0.036990709602832794,-0.0013847202062606812,0.0015040598809719086,0.03918816149234772
0.036990709602832794,-0.0013847202062606812,0.0015040598809719086,0.03918816149234772
0.036990709602832794,-0.0013847202062606812,0.0015040598809719086,0.03918816149234772
0.036990709602832794,-0.0013847202062606812,0.0015040598809719086,0.03918816149234772
0.036990709602832794,-0.0013847202062606812,0.0015040598809719086,0.03918816149234772
0.036990709602832794,-0.0013847202062606812,0.0015040598809719086,0.03918816149234772
0.036990709602832794,-0.0013847202062606812,0.0015040598809719086,0.03918816149234772
0.036990709602832794,-0.0013847202062606812,0.0015040598809719086,0.03918816149234772
0.036990709602832794,-0.0013847202062606812,0.0015040598809719086,0.03918816149234772
0.036990709602832794,-0.0013847202062606812,0.0015040598809719086,0.03918816149234772
0.036990709602832794,-0.0013847202062606812,0.0015040598809719086,0.03918816149234772
0.036990709602832794,-0.0013847202062606812,0.0015040598809719086,0.03918816149234772
0.036990709602832794,-0.0013847202062606812,0.0015040598809719086,0.03918816149234772
0.036990709602832794,-0.0013847202062606812,0.0015040598809719086,0.03918816149234772
0.036990709602832794,-0.0013847202062606812,0.0015040598809719086,0.03918816149234772
0.036990709602832794,-0.0013847202062606812,0.0015040598809719086,0.03918816149234772
0.036990709602832794,-0.0013847202062606812,0.0015040598809719086,0.03918816149234772
0.036990709602832794,-0.0013847202062606812,0.0015040598809719086,0.03918816149234772
0.036990709602832794,-0.0013847202062606812,0.0015040598809719086,0.03918816149234772
0.036990709602832794,-0.0013847202062606812,0.0015040598809719086,0.03918816149234772
0.036990709602832794,-0.0013847202062606812,0.0015040598809719086,0.03918816149234772
0.036990709602832794,-0.0013847202062606812,0.0015040598809719086,0.03918816149234772
0.036990709602832794,-0.0013847202062606812,0.0015040598809719086,0.03918816149234772
0.036990709602832794,-0.0013847202062606812,0.0015040598809719086,0.03918816149234772
0.036990709602832794,-0.0013847202062606812,0.0015040598809719086,0.03918816149234772
0.036990709602832794,-0.0013847202062606812,0.0015040598809719086,0.03918816149234772
0.036990709602832794,-0.0013847202062606812,0.0015040598809719086,0.03918816149234772
0.036990709602832794,-0.0013847202062606812,0.0015040598809719086,0.03918816149234772
0.036990709602832794,-0.0013847202062606812,0.0015040598809719086,0.03918816149234772
0.036990709602832794,-0.0013847202062606812,0.0015040598809719086,0.03918816149234772
0.036990709602832794,-0.0013847202062606812,0.0015040598809719086,0.03918816149234772
0.036990709602832794,-0.0013847202062606812,0.0015040598809719086,0.03918816149234772
0.036990709602832794,-0.0013847202062606812,0.0015040598809719086,0.03918816149234772
0.036990709602832794,-0.0013847202062606812,0.0015040598809719086,0.03918816149234772
0.036990709602832794,-0.0013847202062606812,0.0015040598809719086,0.03918816149234772
0.036990709602832794,-0.0013847202062606812,0.0015040598809719086,0.03918816149234772
0.036990709602832794,-0.0013847202062606812,0.0015040598809719086,0.03918816149234772
0.036990709602832794,-0.0013847202062606812,0.0015040598809719086,0.03918816149234772
0.036990709602832794,-0.0013847202062606812,0.0015040598809719086,0.03918816149234772
0.036990709602832794,-0.0013847202062606812,0.0015040598809719086,0.03918816149234772
0.036990709602832794,-0.0013847202062606812,0.0015040598809719086,0.03918816149234772
0.036990709602832794,-0.0013847202062606812,0.0015040598809719086,0.03918816149234772
0.036990709602832794,-0.0013847202062606812,0.0015040598809719086,0.03918816149234772
0.036990709602832794,-0.0013847202062606812,0.0015040598809719086,0.03918816149234772
0.036990709602832794,-0.0013847202062606812,0.0015040598809719086,0.03918816149234772
0.036990709602832794,-0.0013847202062606812,0.0015040598809719086,0.03918816149234772
0.036990709602832794,-0.0013847202062606812,0.0015040598809719086,0.03918816149234772
0.036990709602832794,-0.0013847202062606812,0.0015040598809719086,0.03918816149234772
0.036990709602832794,-0.0013847202062606812,0.0015040598809719086,0.03918816149234772
0.036990709602832794,-0.0013847202062606812,0.0015040598809719086,0.03918816149234772
0.036990709602832794,-0.0013847202062606812,0.0015040598809719086,0.03918816149234772
0.036990709602832794,-0.0013847202062606812,0.0015040598809719086,0.03918816149234772
0.036990709602832794,-0.0013847202062606812,0.0015040598809719086,0.03918816149234772
0.036990709602832794,-0.0013847202062606812,0.0015040598809719086,0.03918816149234772
0.036990709602832794,-0.0013847202062606812,0.0015040598809719086,0.03918816149234772
0.036990709602832794,-0.0013847202062606812,0.0015040598809719086,0.03918816149234772
0.036990709602832794,-0.0013847202062606812,0.0015040598809719086,0.03918816149234772
0.036990709602832794,-0.0013847202062606812,0.0015040598809719086,0.03918816149234772
0.036990709602832794,-0.0013847202062606812,0.0015040598809719086,0.03918816149234772
0.036990709602832794,-0.0013847202062606812,0.0015040598809719086,0.03918816149234772
0.036990709602832794,-0.0013847202062606812,0.0015040598809719086,0.03918816149234772
0.036990709602832794,-0.0013847202062606812,0.0015040598809719086,0.03918816149234772
0.036990709602832794,-0.0013847202062606812,0.0015040598809719086,0.03918816149234772
0.036990709602832794,-0.0013847202062606812,0.0015040598809719086,0.03918816149234772
0.036990709602832794,-0.0013847202062606812,0.0015040598809719086,0.03918816149234772
0.036990709602832794,-0.0013847202062606812,0.0015040598809719086,0.03918816149234772
0.036990709602832794,-0.0013847202062606812,0.0015040598809719086,0.03918816149234772
0.036990709602832794,-0.0013847202062606812,0.0015040598809719086,0.03918816149234772
0.036990709602832794,-0.0013847202062606812,0.0015040598809719086,0.03918816149234772
0.036990709602832794,-0.0013847202062606812,0.0015040598809719086,0.03918816149234772
0.036990709602832794,-0.0013847202062606812,0.0015040598809719086,0.03918816149234772
0.036990709602832794,-0.0013847202062606812,0.0015040598809719086,0.03918816149234772
0.036990709602832794,-0.0013847202062606812,0.0015040598809719086,0.03918816149234772
0.036990709602832794,-0.0013847202062606812,0.0015040598809719086,0.03918816149234772
0.036990709602832794,-0.0013847202062606812,0.0015040598809719086,0.03918816149234772
0.036990709602832794,-0.0013847202062606812,0.0015040598809719086,0.03918816149234772
0.036990709602832794,-0.0013847202062606812,0.0015040598809719086,0.03918816149234772
0.036990709602832794,-0.0013847202062606812,0.0015040598809719086,0.03918816149234772
0.036990709602832794,-0.0013847202062606812,0.0015040598809719086,0.03918816149234772
0.036990709602832794,-0.0013847202062606812,0.0015040598809719086,0.03918816149234772
0.036990709602832794,-0.0013847202062606812,0.0015040598809719086,0.03918816149234772
0.036990709602832794,-0.0013847202062606812,0.0015040598809719086,0.03918816149234772
0.036990709602832794,-0.0013847202062606812,0.0015040598809719086,0.03918816149234772
0.036990709602832794,-0.0013847202062606812,0.0015040598809719086,0.03918816149234772
0.036990709602832794,-0.0013847202062606812,0.0015040598809719086,0.03918816149234772
0.036990709602832794,-0.0013847202062606812,0.0015040598809719086,0.03918816149234772
0.036990709602832794,-0.0013847202062606812,0.0015040598809719086,0.03918816149234772
0.036990709602832794,-0.0013847202062606812,0.0015040598809719086,0.03918816149234772
0.036990709602832794,-0.0013847202062606812,0.0015040598809719086,0.03918816149234772
0.036990709602832794,-0.0013847202062606812,0.0015040598809719086,0.03918816149234772
0.036990709602832794,-0.0013847202062606812,0.0015040598809719086,0.03918816149234772
0.036990709602832794,-0.0013847202062606812,0.0015040598809719086,0.03918816149234772
0.036990709602832794,-0.0013847202062606812,0.0015040598809719086,0.03918816149234772
0.036990709602832794,-0.0013847202062606812,0.0015040598809719086,0.03918816149234772
0.036990709602832794,-0.0013847202062606812,0.0015040598809719086,0.03918816149234772
0.036990709602832794,-0.0013847202062606812,0.0015040598809719086,0.03918816149234772
0.036990709602832794,-0.0013847202062606812,0.0015040598809719086,0.03918816149234772
0.036990709602832794,-0.0013847202062606812,0.0015040598809719086,0.03918816149234772
0.036990709602832794,-0.0013847202062606812,0.0015040598809719086,0.03918816149234772
0.036990709602832794,-0.0013847202062606812,0.0015040598809719086,0.03918816149234772
0.036990709602832794,-0.0013847202062606812,0.0015040598809719086,0.03918816149234772
0.036990709602832794,-0.0013847202062606812,0.0015040598809719086,0.03918816149234772
0.036990709602832794,-0.0013847202062606812,0.0015040598809719086,0.03918816149234772
0.036990709602832794,-0.0013847202062606812,0.0015040598809719086,0.03918816149234772
0.036990709602832794,-0.0013847202062606812,0.0015040598809719086,0.03918816149234772
0.036990709602832794,-0.0013847202062606812,0.0015040598809719086,0.03918816149234772
0.036990709602832794,-0.0013847202062606812,0.0015040598809719086,0.03918816149234772
0.036990709602832794,-0.0013847202062606812,0.0015040598809719086,0.03918816149234772
0.036990709602832794,-0.0013847202062606812,0.0015040598809719086,0.03918816149234772
0.036990709602832794,-0.0013847202062606812,0.0015040598809719086,0.03918816149234772
0.036990709602832794,-0.0013847202062606812,0.0015040598809719086,0.03918816149234772
0.036990709602832794,-0.0013847202062606812,0.0015040598809719086,0.03918816149234772
