vx,vy,vz,omega_z
-0.09329027682542801,-0.13274846971035004,0.1925736367702484,0.8660668730735779
-0.14272525906562805,-0.1759449988603592,0.19477292895317078,0.9285144805908203
-0.15009501576423645,-0.18017125129699707,0.195122629404068,0.9295907020568848
-0.1511313021183014,-0.18071237206459045,0.19514083862304688,0.9296096563339233
-0.1512761414051056,-0.18078801035881042,0.19514170289039612,0.929610013961792
-0.15129634737968445,-0.18079885840415955,0.1951417624950409,0.9296100735664368
-0.1512991487979889,-0.1808004081249237,0.1951417624950409,0.9296100735664368
-0.15129953622817993,-0.18080061674118042,0.1951417624950409,0.9296100735664368
-0.1512995958328247,-0.180800661444664,0.1951417624950409,0.9296100735664368
-0.1512995958328247,-0.1808006763458252,0.1951417624950409,0.9296100735664368
-0.1512995958328247,-0.1808006763458252,0.1951417624950409,0.9296100735664368
-0.1512995958328247,-0.1808006763458252,0.1951417624950409,0.9296100735664368
-0.14930978417396545,-0.1764923334121704,0.18347999453544617,0.9272300601005554
-0.14850705862045288,-0.17492547631263733,0.183130145072937,0.9270818829536438
-0.13598033785820007,-0.16958296298980713,0.19493308663368225,0.915895938873291
-0.12997794151306152,-0.17083491384983063,0.19547438621520996,0.9136382937431335
-0.12929999828338623,-0.16693340241909027,0.2001621425151825,0.9016560316085815
-0.12856152653694153,-0.16623958945274353,0.20078927278518677,0.899836003780365
-0.1284511387348175,-0.16617746651172638,0.2008013129234314,0.8997947573661804
-0.12364520877599716,-0.1634538173675537,0.20443758368492126,0.8864181637763977
-0.12040343135595322,-0.16233830153942108,0.19435086846351624,0.8798474669456482
-0.11941435188055038,-0.1617376059293747,0.19415998458862305,0.8788995742797852
-0.12473704665899277,-0.1572616994380951,0.1873069405555725,0.8517780303955078
-0.1254270374774933,-0.15535947680473328,0.1876094937324524,0.8484810590744019
-0.13770124316215515,-0.1498909741640091,0.18075287342071533,0.8407179713249207
-0.1414194405078888,-0.14727044105529785,0.18106837570667267,0.8399795889854431
-0.15109214186668396,-0.13843989372253418,0.18537966907024384,0.8431737422943115
-0.15481197834014893,-0.13572250306606293,0.18471966683864594,0.8436417579650879
-0.15533402562141418,-0.1352306604385376,0.18469776213169098,0.8436480164527893
-0.16819941997528076,-0.12103763222694397,0.17792150378227234,0.8086608648300171
-0.17157182097434998,-0.11554845422506332,0.17619013786315918,0.8044853210449219
-0.15739715099334717,-0.10031641274690628,0.1775304228067398,0.7851691842079163
-0.1515604853630066,-0.09571591764688492,0.17852866649627686,0.7823562026023865
-0.1388314664363861,-0.09405304491519928,0.16830262541770935,0.7932319045066833
-0.1514790654182434,-0.10445749759674072,0.1647183746099472,0.7667569518089294
-0.15417218208312988,-0.10361184924840927,0.1648874580860138,0.7646300792694092
-0.16819152235984802,-0.10627014189958572,0.15604592859745026,0.7488083839416504
-0.17230460047721863,-0.10794052481651306,0.15592984855175018,0.7468957304954529
-0.16591709852218628,-0.09751979261636734,0.1413620114326477,0.7076919078826904
-0.16140642762184143,-0.09577319025993347,0.14114224910736084,0.7012425661087036
-0.15399837493896484,-0.08720938116312027,0.15031084418296814,0.7046197056770325
-0.15213733911514282,-0.08625300228595734,0.15013571083545685,0.7048766016960144
-0.150028258562088,-0.07786929607391357,0.1398705244064331,0.6670666337013245
-0.14635464549064636,-0.07324112951755524,0.13876433670520782,0.6617440581321716
-0.14483830332756042,-0.06139642372727394,0.13315632939338684,0.6719322204589844
-0.14483705163002014,-0.05807126685976982,0.132111057639122,0.6725062727928162
-0.15876150131225586,-0.048386480659246445,0.1191713809967041,0.6269855499267578
-0.15941214561462402,-0.04544859752058983,0.1184617131948471,0.6202036142349243
-0.15426594018936157,-0.03800104558467865,0.13365566730499268,0.6177862882614136
-0.153676837682724,-0.03669086843729019,0.13455139100551605,0.61761873960495
-0.15075477957725525,-0.03844563290476799,0.12799178063869476,0.6254878044128418
-0.1506529152393341,-0.037782371044158936,0.12816275656223297,0.6265380382537842
-0.15066617727279663,-0.0375637412071228,0.12818463146686554,0.6265851259231567
-0.1619211733341217,-0.03549497574567795,0.11946374177932739,0.6166922450065613
-0.14981985092163086,-0.03823353722691536,0.11404436826705933,0.6025278568267822
-0.14669841527938843,-0.03522434085607529,0.11385327577590942,0.6014773845672607
-0.13806220889091492,-0.029128946363925934,0.1189381331205368,0.5763407945632935
-0.13457074761390686,-0.026334822177886963,0.11789330840110779,0.5735304355621338
-0.12709906697273254,-0.02514868974685669,0.11588381230831146,0.5744101405143738
-0.12496844679117203,-0.025115080177783966,0.1155918538570404,0.5749890208244324
-0.13029295206069946,-0.025048822164535522,0.10999022424221039,0.5631064176559448
-0.13077402114868164,-0.02504509687423706,0.10899822413921356,0.5621007680892944
-0.12106134742498398,-0.020776554942131042,0.09955695271492004,0.5646028518676758
-0.11912954598665237,-0.02103881537914276,0.09818890690803528,0.5647968053817749
-0.1269909143447876,-0.022572018206119537,0.08731485903263092,0.5431703329086304
-0.12705683708190918,-0.020065084099769592,0.08473111689090729,0.5401745438575745
-0.12830796837806702,-0.02165333926677704,0.08114700019359589,0.5391749143600464
-0.12840873003005981,-0.021354079246520996,0.08025462925434113,0.5389171838760376
-0.128164142370224,-0.020640350878238678,0.08378851413726807,0.5304564237594604
-0.12804442644119263,-0.020969994366168976,0.0834856778383255,0.5292700529098511
-0.13413479924201965,-0.027627646923065186,0.08562175929546356,0.5101933479309082
-0.13436833024024963,-0.028001628816127777,0.0854720026254654,0.5075591802597046
-0.13271433115005493,-0.027826935052871704,0.0828997939825058,0.4884914457798004
-0.13191750645637512,-0.027303598821163177,0.08119648694992065,0.48550844192504883
-0.12415026873350143,-0.02518846094608307,0.07859097421169281,0.4822019636631012
-0.12336533516645432,-0.024125322699546814,0.07747732102870941,0.481904000043869
-0.10689011961221695,-0.01595935970544815,0.07749724388122559,0.479666143655777
-0.10491245239973068,-0.015165306627750397,0.0758788138628006,0.47933095693588257
-0.09526631981134415,-0.009800225496292114,0.07322070002555847,0.47506698966026306
-0.0940583124756813,-0.010018795728683472,0.07174456119537354,0.4739444851875305
-0.08901246637105942,-0.013449132442474365,0.06864418089389801,0.46252769231796265
-0.09427934139966965,-0.020234927535057068,0.05917571112513542,0.45624297857284546
-0.09430146962404251,-0.020455211400985718,0.058070387691259384,0.4555931091308594
-0.09278617054224014,-0.020504407584667206,0.06111280247569084,0.4480898976325989
-0.09243737906217575,-0.019941039383411407,0.06084727868437767,0.44689589738845825
-0.09210949391126633,-0.02129090577363968,0.059327077120542526,0.44473502039909363
-0.09194735437631607,-0.020962268114089966,0.05851346626877785,0.44441312551498413
-0.08738399296998978,-0.021311506628990173,0.05814683064818382,0.4359228014945984
-0.08619029074907303,-0.02037389576435089,0.05661379173398018,0.4342321455478668
-0.07839175313711166,-0.017665430903434753,0.052014756947755814,0.4185626208782196
-0.07624395936727524,-0.01687321811914444,0.04963399097323418,0.4153006970882416
-0.07114014774560928,-0.017407000064849854,0.05265521630644798,0.40302029252052307
-0.06982728093862534,-0.017478711903095245,0.05177320912480354,0.40009617805480957
-0.06853065639734268,-0.017677664756774902,0.0475684218108654,0.39985066652297974
-0.06781553477048874,-0.017911717295646667,0.04629092290997505,0.39912745356559753
-0.06316200643777847,-0.015759043395519257,0.04523400589823723,0.3906018137931824
-0.06192856281995773,-0.015275023877620697,0.044053707271814346,0.38844066858291626
-0.058277375996112823,-0.015978075563907623,0.04096410796046257,0.3777465522289276
-0.05695534497499466,-0.015889473259449005,0.0393851213157177,0.37493133544921875
-0.05516023188829422,-0.01864052563905716,0.04494896158576012,0.37066149711608887
-0.05516015738248825,-0.019590474665164948,0.046116042882204056,0.3698562979698181
-0.05046730488538742,-0.01853720098733902,0.049861859530210495,0.36688902974128723
-0.050182826817035675,-0.019463561475276947,0.05135031417012215,0.3663704991340637
-0.049155302345752716,-0.020417742431163788,0.051724422723054886,0.3667224049568176
-0.04920176416635513,-0.02369171380996704,0.04583039507269859,0.3613908290863037
-0.04839608818292618,-0.02391863614320755,0.04418996348977089,0.35969191789627075
-0.04846978932619095,-0.024048060178756714,0.03950498625636101,0.35347652435302734
-0.04802345484495163,-0.023342475295066833,0.03847765550017357,0.35180991888046265
-0.04564189165830612,-0.021070435643196106,0.042597685009241104,0.34873446822166443
-0.045469097793102264,-0.020138315856456757,0.04314054921269417,0.34822505712509155
-0.04725389927625656,-0.02218606323003769,0.03526702895760536,0.3382692337036133
-0.04651477187871933,-0.022055573761463165,0.03298104181885719,0.33516234159469604
-0.0456237867474556,-0.024712279438972473,0.030608240514993668,0.3287399411201477
-0.0444132462143898,-0.027524150907993317,0.029617149382829666,0.3192019462585449
-0.04385579377412796,-0.028118491172790527,0.029082555323839188,0.3166744112968445
-0.043761007487773895,-0.028200283646583557,0.028985973447561264,0.3164500594139099
-0.04377085715532303,-0.027720659971237183,0.030735012143850327,0.3145099878311157
-0.043588556349277496,-0.027525030076503754,0.03039473667740822,0.3137292265892029
-0.04035671800374985,-0.026901647448539734,0.03255338594317436,0.30729588866233826
-0.03946235030889511,-0.027531839907169342,0.03196665272116661,0.3047178089618683
-0.0365188792347908,-0.0262734517455101,0.03551105782389641,0.298679918050766
-0.0357925221323967,-0.02663634717464447,0.03475288674235344,0.29665470123291016
-0.032649241387844086,-0.025961436331272125,0.03829379752278328,0.2883172631263733
-0.03185879439115524,-0.026082366704940796,0.03749654069542885,0.28565365076065063
-0.03174898773431778,-0.024081580340862274,0.03682950511574745,0.28711462020874023
-0.03166406601667404,-0.023686960339546204,0.036261897534132004,0.28742870688438416
-0.030647791922092438,-0.02167518436908722,0.03232046589255333,0.2865602672100067
-0.0303005650639534,-0.021654605865478516,0.031457241624593735,0.2861241102218628
-0.030043713748455048,-0.019515253603458405,0.03299512341618538,0.28287273645401
-0.029897473752498627,-0.019652239978313446,0.03261947259306908,0.28201648592948914
-0.030638985335826874,-0.019872546195983887,0.033502448350191116,0.27787914872169495
-0.03050938993692398,-0.020477168262004852,0.03296491131186485,0.27671167254447937
-0.029233865439891815,-0.019607141613960266,0.03535201773047447,0.2735065221786499
-0.028895936906337738,-0.019852451980113983,0.035335149616003036,0.2725088894367218
-0.026220612227916718,-0.020217202603816986,0.033576127141714096,0.2636955976486206
-0.02545013278722763,-0.02113434672355652,0.03284181281924248,0.2610161602497101
-0.022921837866306305,-0.021795645356178284,0.02842419221997261,0.25625187158584595
-0.02219349890947342,-0.02226679027080536,0.027520310133695602,0.25460517406463623
-0.020670093595981598,-0.021462246775627136,0.02672242745757103,0.25024670362472534
-0.020206190645694733,-0.021938003599643707,0.02618418261408806,0.24893870949745178
-0.01831059902906418,-0.02000979334115982,0.023471426218748093,0.24267834424972534
-0.01769448071718216,-0.020419903099536896,0.022869456559419632,0.24074459075927734
-0.016319118440151215,-0.020400777459144592,0.02405804768204689,0.23752260208129883
-0.01607143133878708,-0.020574793219566345,0.02393418923020363,0.23665788769721985
-0.01601288467645645,-0.020245201885700226,0.02237311378121376,0.23138202726840973
-0.016957096755504608,-0.01996009796857834,0.023481015115976334,0.22709205746650696
-0.017031453549861908,-0.0199127197265625,0.023266423493623734,0.22660291194915771
-0.017037399113178253,-0.01994062215089798,0.02325477823615074,0.22658243775367737
-0.017504848539829254,-0.019861377775669098,0.02321041002869606,0.22601957619190216
-0.018722213804721832,-0.02121312916278839,0.02231966331601143,0.22270458936691284
-0.018707893788814545,-0.021526820957660675,0.021766100078821182,0.22201544046401978
-0.01724984496831894,-0.021027877926826477,0.02167106792330742,0.21708770096302032
-0.01676381379365921,-0.02135957032442093,0.021262306720018387,0.21575170755386353
-0.015358082950115204,-0.02244887501001358,0.020984094589948654,0.2117905467748642
-0.014983735978603363,-0.022793889045715332,0.02041471377015114,0.21074719727039337
-0.013626031577587128,-0.022645428776741028,0.024193283170461655,0.207697331905365
-0.013492844998836517,-0.023393705487251282,0.0244218148291111,0.20743432641029358
-0.013955362141132355,-0.023693494498729706,0.026562396436929703,0.20536255836486816
-0.014048837125301361,-0.023953817784786224,0.026302415877580643,0.20526531338691711
-0.012916751205921173,-0.022730454802513123,0.02783827856183052,0.2027982622385025
-0.012758396565914154,-0.022935815155506134,0.027747783809900284,0.2024160921573639
-0.012284316122531891,-0.022668935358524323,0.02678367868065834,0.19852948188781738
-0.012090437114238739,-0.02295669913291931,0.026386413723230362,0.1976265013217926
-0.011991329491138458,-0.023032471537590027,0.024350803345441818,0.19339096546173096
-0.011758200824260712,-0.023115083575248718,0.023613635450601578,0.19221051037311554
-0.010888226330280304,-0.021836794912815094,0.020563874393701553,0.18921765685081482
-0.010589055716991425,-0.021938636898994446,0.019944120198488235,0.18842729926109314
-0.009808443486690521,-0.021146319806575775,0.017606575042009354,0.18268544971942902
-0.0076035186648368835,-0.02065681666135788,0.017334450036287308,0.17905235290527344
-0.007295489311218262,-0.02136002480983734,0.01747308298945427,0.17848549783229828
-0.007266193628311157,-0.021591775119304657,0.01748700812458992,0.17843753099441528
-0.004467032849788666,-0.02050919085741043,0.0178106389939785,0.1738414466381073
-0.00306151807308197,-0.020778782665729523,0.015252944082021713,0.17011328041553497
-0.0027839094400405884,-0.021497659385204315,0.014604952186346054,0.1694224327802658
-0.0027494579553604126,-0.021725520491600037,0.014570597559213638,0.1693500280380249
-0.0019756555557250977,-0.02131824940443039,0.014157626777887344,0.16974332928657532
-0.0004391297698020935,-0.020350895822048187,0.015675384551286697,0.16599543392658234
-0.00019247829914093018,-0.020814821124076843,0.01597059890627861,0.16529206931591034
0.0010644271969795227,-0.01976621150970459,0.01720791682600975,0.16294823586940765
0.0012666061520576477,-0.02008795738220215,0.017383825033903122,0.16252058744430542
0.0017861425876617432,-0.021216318011283875,0.01678289845585823,0.15902823209762573
0.0019547566771507263,-0.021685197949409485,0.01633971557021141,0.1582871526479721
0.002724200487136841,-0.021430037915706635,0.017849113792181015,0.15644267201423645
0.0027468279004096985,-0.02159641683101654,0.018090341240167618,0.15631453692913055
0.0033216923475265503,-0.022627539932727814,0.01825213059782982,0.15587255358695984
0.0033609718084335327,-0.022813618183135986,0.018238965421915054,0.15580561757087708
0.003330327570438385,-0.022526681423187256,0.01672450825572014,0.1540895700454712
0.0034105032682418823,-0.022421933710575104,0.01645396277308464,0.15364889800548553
0.004783511161804199,-0.022446438670158386,0.018318872898817062,0.1496269255876541
0.004941225051879883,-0.022696994245052338,0.018674355000257492,0.14900803565979004
0.005373798310756683,-0.02326986938714981,0.018700364977121353,0.14534327387809753
0.005498126149177551,-0.02363567054271698,0.018650587648153305,0.1446661353111267
0.004824899137020111,-0.024856872856616974,0.016760367900133133,0.14245003461837769
0.0047898367047309875,-0.025105386972427368,0.016290348023176193,0.14195717871189117
0.004867911338806152,-0.025216512382030487,0.0160331092774868,0.13840699195861816
0.00493379682302475,-0.025525659322738647,0.01592535898089409,0.13772547245025635
0.00505702942609787,-0.025402076542377472,0.013983596116304398,0.13460752367973328
0.005193069577217102,-0.025577470660209656,0.013630766421556473,0.1338808685541153
0.0059455037117004395,-0.026535384356975555,0.013499725610017776,0.13001763820648193
0.006129302084445953,-0.02650035172700882,0.012762289494276047,0.12951545417308807
0.00618898868560791,-0.026563815772533417,0.012789059430360794,0.12934070825576782
0.0065691545605659485,-0.026425376534461975,0.011488411575555801,0.1268753707408905
0.006732098758220673,-0.026438243687152863,0.011173699051141739,0.12623633444309235
0.007690273225307465,-0.02602614462375641,0.011602286249399185,0.125501811504364
0.007833771407604218,-0.02607332170009613,0.01162530854344368,0.12544073164463043
0.008369579911231995,-0.02590373158454895,0.010981116443872452,0.12487738579511642
0.008476749062538147,-0.02593906968832016,0.01088428869843483,0.12475447356700897
0.00910736620426178,-0.024955615401268005,0.012836296111345291,0.12238896638154984
0.00916147232055664,-0.02493032068014145,0.01322343572974205,0.12218528985977173
0.010356254875659943,-0.024540506303310394,0.012239079922437668,0.12196027487516403
0.010567493736743927,-0.02306370437145233,0.01081426814198494,0.11954759061336517
0.010695584118366241,-0.022901006042957306,0.010583046823740005,0.11904726922512054
0.010855644941329956,-0.020630717277526855,0.009946759790182114,0.11843055486679077
0.01092798262834549,-0.02016960084438324,0.010038737207651138,0.11814439296722412
0.010873645544052124,-0.02030494064092636,0.009754400700330734,0.11615590751171112
0.01092565804719925,-0.020294785499572754,0.009721647948026657,0.11569711565971375
0.011179201304912567,-0.02003951370716095,0.009938854724168777,0.11425857245922089
0.011256769299507141,-0.01992737501859665,0.010028187185525894,0.11393857002258301
0.011747367680072784,-0.019230268895626068,0.008571643382310867,0.1094566285610199
0.01212841272354126,-0.01897347718477249,0.008447956293821335,0.1065114438533783
0.01218762993812561,-0.0190747007727623,0.008489947766065598,0.10604207217693329
0.012778282165527344,-0.018828094005584717,0.00908299908041954,0.10480933636426926
0.012881286442279816,-0.018880359828472137,0.009196106344461441,0.10457201302051544
0.012890435755252838,-0.0189414843916893,0.009206559509038925,0.1045459657907486
0.013739816844463348,-0.018031559884548187,0.008672650903463364,0.10320700705051422
0.014003947377204895,-0.017204537987709045,0.008856553584337234,0.10252942144870758
0.014063887298107147,-0.017151981592178345,0.008940253406763077,0.10237300395965576
0.014395996928215027,-0.01660759001970291,0.008217986673116684,0.0996643602848053
0.014531031250953674,-0.016555912792682648,0.008001234382390976,0.09908922016620636
0.014990285038948059,-0.016171328723430634,0.009049635380506516,0.0970052033662796
0.015068084001541138,-0.016276471316814423,0.009194489568471909,0.09672633558511734
0.015026874840259552,-0.016029328107833862,0.008605990558862686,0.09491907805204391
0.015073269605636597,-0.015934981405735016,0.00840028002858162,0.09447621554136276
0.015162356197834015,-0.016076192259788513,0.00954819843173027,0.09396112710237503
0.01515217125415802,-0.016028501093387604,0.009767431765794754,0.0938977599143982
0.015185557305812836,-0.015749260783195496,0.01099022850394249,0.09325473755598068
0.015190660953521729,-0.015616826713085175,0.011257868260145187,0.0932539626955986
0.015616282820701599,-0.01525069773197174,0.010869774967432022,0.09076421707868576
0.015752457082271576,-0.015047110617160797,0.010734345763921738,0.09009750932455063
0.01638813316822052,-0.014396481215953827,0.01022980734705925,0.08669804781675339
0.016585521399974823,-0.014391176402568817,0.009983185678720474,0.08591389656066895
0.016914010047912598,-0.015040084719657898,0.011744726449251175,0.08618047088384628
0.01690923422574997,-0.015099935233592987,0.012043837457895279,0.08659042418003082
0.017169296741485596,-0.015052132308483124,0.012507963925600052,0.08751479536294937
0.017204396426677704,-0.014939643442630768,0.012619387358427048,0.08778690546751022
0.017788447439670563,-0.014568112790584564,0.01259230449795723,0.08713230490684509
0.017923831939697266,-0.014384061098098755,0.012593340128660202,0.08707057684659958
0.018456287682056427,-0.013548105955123901,0.011708412319421768,0.08528654277324677
0.018901199102401733,-0.012858614325523376,0.011595267802476883,0.0845656469464302
0.018990159034729004,-0.012772545218467712,0.011587198823690414,0.08450334519147873
0.019188106060028076,-0.012993000447750092,0.01105976477265358,0.08295886218547821
0.019258759915828705,-0.013087324798107147,0.01091296598315239,0.0826287716627121
0.019860833883285522,-0.012949101626873016,0.010109592229127884,0.08141826838254929
0.020040690898895264,-0.01289813220500946,0.009936746209859848,0.08112344890832901
0.02011190354824066,-0.012974411249160767,0.008448254317045212,0.08087158203125
0.02019008994102478,-0.012915052473545074,0.00815536454319954,0.080654576420784
0.019408002495765686,-0.013020798563957214,0.00825108215212822,0.08037236332893372
0.01929161697626114,-0.012955203652381897,0.00828893855214119,0.08044885098934174
0.019507937133312225,-0.012866847217082977,0.00879102572798729,0.07880410552024841
0.020129047334194183,-0.012624017894268036,0.008972939103841782,0.07748401910066605
0.020249485969543457,-0.012594737112522125,0.008975241333246231,0.07723821699619293
0.020563922822475433,-0.01284218579530716,0.008768308907747269,0.07524826377630234
0.020677804946899414,-0.013083964586257935,0.008629035204648972,0.07489476352930069
0.02098240703344345,-0.013095848262310028,0.008279088884592056,0.07376264035701752
0.02105989307165146,-0.013211943209171295,0.008209284394979477,0.07352125644683838
0.021121352910995483,-0.01352943480014801,0.007890131324529648,0.07168295234441757
0.021378643810749054,-0.013616599142551422,0.008319523185491562,0.07080408185720444
0.021412700414657593,-0.013769067823886871,0.008359331637620926,0.07080875337123871
0.021853163838386536,-0.013716906309127808,0.008336994796991348,0.0695473700761795
0.02194986492395401,-0.013695105910301208,0.008307378739118576,0.06931047141551971
0.02276570349931717,-0.013188958168029785,0.007081981748342514,0.06858082860708237
0.022973954677581787,-0.013076558709144592,0.006774965673685074,0.06827571243047714
0.023341462016105652,-0.01269800215959549,0.006554741412401199,0.06815586239099503
0.023404717445373535,-0.012546919286251068,0.0065497420728206635,0.06801927834749222
0.02376510202884674,-0.012276828289031982,0.006181512027978897,0.0674482062458992
0.023843631148338318,-0.012149833142757416,0.006035711616277695,0.06734339147806168
0.024623148143291473,-0.011454746127128601,0.007288869470357895,0.06573499739170074
0.0247531458735466,-0.011455759406089783,0.007482860237360001,0.06554067134857178
0.025180228054523468,-0.01104649156332016,0.007382173091173172,0.06337587535381317
0.025299303233623505,-0.01086416095495224,0.007356185466051102,0.06284412741661072
0.02528548240661621,-0.010878488421440125,0.0075273774564266205,0.0628872886300087
0.02528209239244461,-0.010792739689350128,0.007600191980600357,0.0628347396850586
0.02536221593618393,-0.010748356580734253,0.008182991296052933,0.06293640285730362
0.025352731347084045,-0.010851152241230011,0.008226316422224045,0.06295809894800186
0.025348030030727386,-0.010800801217556,0.008260425180196762,0.06289344280958176
0.025708913803100586,-0.010870486497879028,0.007840845733880997,0.06234773248434067
0.025785766541957855,-0.01083981990814209,0.007747333496809006,0.06213293969631195
0.02600378543138504,-0.010995820164680481,0.007524121552705765,0.06143210083246231
0.026053987443447113,-0.010962583124637604,0.007466766983270645,0.061243072152137756
0.026516474783420563,-0.01050015538930893,0.006635863333940506,0.06057760864496231
0.026636287569999695,-0.010308682918548584,0.00649719312787056,0.06026642024517059
0.026651225984096527,-0.010309800505638123,0.006487999111413956,0.060236550867557526
0.02684369683265686,-0.009939514100551605,0.005713153630495071,0.05853036791086197
0.02712918072938919,-0.009779557585716248,0.005521293729543686,0.05873943120241165
0.02715209871530533,-0.009758517146110535,0.005475867539644241,0.05877456068992615
0.02744980901479721,-0.009872481226921082,0.0048188455402851105,0.05935869365930557
0.027519457042217255,-0.009906977415084839,0.004630032926797867,0.05940841883420944
0.027334064245224,-0.010161973536014557,0.0036473236978054047,0.060203276574611664
0.027310766279697418,-0.010108031332492828,0.0034481771290302277,0.0602368488907814
0.02728494256734848,-0.009810090065002441,0.0034791864454746246,0.06099613010883331
0.027280405163764954,-0.009736999869346619,0.0035329200327396393,0.061124831438064575
0.027268320322036743,-0.009612835943698883,0.0045816414058208466,0.06114085018634796
0.027234219014644623,-0.009738638997077942,0.004775736480951309,0.061276279389858246
0.02753453701734543,-0.009360812604427338,0.005259823054075241,0.060987167060375214
0.027578353881835938,-0.009370550513267517,0.00536632165312767,0.06090429425239563
0.027471572160720825,-0.009362839162349701,0.005536329001188278,0.05948931723833084
0.02781888097524643,-0.009288795292377472,0.00677214190363884,0.05858907103538513
0.027712687849998474,-0.009327486157417297,0.007397610694169998,0.05730123817920685
0.027686819434165955,-0.009349323809146881,0.007438447326421738,0.057130880653858185
0.027683809399604797,-0.009355396032333374,0.007440309971570969,0.05712070316076279
0.02752218395471573,-0.00958079844713211,0.007438730448484421,0.056497879326343536
0.02751634269952774,-0.009486250579357147,0.007417548447847366,0.05640649050474167
0.027220837771892548,-0.01007033884525299,0.006952013820409775,0.05638264864683151
0.027190499007701874,-0.009981207549571991,0.0068446435034275055,0.05642327666282654
0.026995733380317688,-0.00984860211610794,0.006049174815416336,0.05574046075344086
0.027002356946468353,-0.009693212807178497,0.005882825702428818,0.055534206330776215
0.027032844722270966,-0.009548813104629517,0.0058404915034770966,0.0544896274805069
0.02682396024465561,-0.009736530482769012,0.005898658186197281,0.05434146523475647
0.02678181231021881,-0.009789325296878815,0.005880091339349747,0.05438060313463211
0.02659524232149124,-0.010219693183898926,0.0057596005499362946,0.05517033487558365
0.026545919477939606,-0.010263711214065552,0.005762230604887009,0.055328257381916046
0.026973582804203033,-0.010063163936138153,0.006137486547231674,0.05462920665740967
0.02703949064016342,-0.00998697429895401,0.006233427673578262,0.054492443799972534
0.027048982679843903,-0.009446345269680023,0.006128858774900436,0.052281513810157776
0.027027137577533722,-0.009138047695159912,0.005288224667310715,0.05115269124507904
0.02705492079257965,-0.009136877954006195,0.005108784884214401,0.0508745014667511
0.02706020325422287,-0.009149104356765747,0.005096200853586197,0.05084922909736633
0.027232959866523743,-0.009081028401851654,0.003907937556505203,0.05064854025840759
0.027856841683387756,-0.008923761546611786,0.0029863230884075165,0.05018153786659241
0.027962885797023773,-0.00887337327003479,0.0028686784207820892,0.049912214279174805
0.028186753392219543,-0.008985243737697601,0.0021232403814792633,0.05002961307764053
0.028238624334335327,-0.008906185626983643,0.001999232918024063,0.049966663122177124
0.028281375765800476,-0.009000755846500397,0.001146361231803894,0.050539709627628326
0.028310507535934448,-0.008910417556762695,0.000990699976682663,0.05055633932352066
0.02823586016893387,-0.008658036589622498,0.001544404774904251,0.050462253391742706
0.02845834195613861,-0.008484020829200745,0.0011541470885276794,0.050046443939208984
0.028524324297904968,-0.008440591394901276,0.0010574832558631897,0.04988403618335724
0.028777822852134705,-0.008332833647727966,0.0012292303144931793,0.04960563778877258
0.028818324208259583,-0.008336998522281647,0.0012642033398151398,0.04954402148723602
0.02890191227197647,-0.008485585451126099,0.0011006519198417664,0.04971060901880264
0.028910137712955475,-0.008588291704654694,0.001032993197441101,0.04973618686199188
0.028728820383548737,-0.008733958005905151,0.0007187314331531525,0.04981790482997894
0.028708674013614655,-0.008823461830615997,0.0006215311586856842,0.04988355189561844
0.029065854847431183,-0.008594699203968048,0.00013117864727973938,0.04958666115999222
0.029149740934371948,-0.008467808365821838,9.611248970031738e-06,0.0494927316904068
0.029518291354179382,-0.007982082664966583,-0.00018857792019844055,0.0493493378162384
0.029612600803375244,-0.00780206173658371,-0.0002353861927986145,0.04932216554880142
0.0295850932598114,-0.007755257189273834,0.0005917996168136597,0.04902283102273941
0.02955658733844757,-0.007949531078338623,0.0009911656379699707,0.04846755415201187
0.02954704314470291,-0.00799812376499176,0.0010418891906738281,0.04838474839925766
0.029637828469276428,-0.008227311074733734,0.00118984654545784,0.04883679002523422
0.029636770486831665,-0.00825771689414978,0.0012457966804504395,0.04891180992126465
0.030050143599510193,-0.008247293531894684,0.0022248439490795135,0.04965972900390625
0.030078686773777008,-0.008321352303028107,0.0024539045989513397,0.049829453229904175
0.03035672754049301,-0.007713191211223602,0.002487409859895706,0.049711063504219055
0.03041817992925644,-0.007585473358631134,0.0025107823312282562,0.0496053621172905
0.030425071716308594,-0.007587730884552002,0.00251157209277153,0.049594953656196594
0.030724838376045227,-0.007169961929321289,0.0022446103394031525,0.048832833766937256
0.030803047120571136,-0.007017344236373901,0.0021953098475933075,0.04861162602901459
0.03098130226135254,-0.006825730204582214,0.0017458237707614899,0.04764801263809204
0.031230486929416656,-0.006930716335773468,0.001539032906293869,0.048070766031742096
0.031265996396541595,-0.006940931081771851,0.0015265904366970062,0.04816097021102905
0.03138529509305954,-0.006801187992095947,0.0017442218959331512,0.04851812869310379
0.03137446939945221,-0.006643272936344147,0.001851458102464676,0.0485769584774971
0.0313873216509819,-0.006732627749443054,0.002185765653848648,0.04792673885822296
0.03138834983110428,-0.006688177585601807,0.002223622053861618,0.04791880398988724
0.031629256904125214,-0.006489939987659454,0.0024419166147708893,0.047781676054000854
0.03166412562131882,-0.006393298506736755,0.0024928785860538483,0.04772104322910309
0.031881943345069885,-0.006575405597686768,0.0030490048229694366,0.04730256646871567
0.031887851655483246,-0.00659547746181488,0.003185335546731949,0.04714314639568329
0.032368794083595276,-0.006846584379673004,0.004230428487062454,0.04689802974462509
0.03241811692714691,-0.006897151470184326,0.0044339559972286224,0.046906836330890656
0.03270522505044937,-0.006424605846405029,0.004308123141527176,0.04724438488483429
0.032715313136577606,-0.006201915442943573,0.00363009050488472,0.04758768528699875
0.03273656219244003,-0.00615391880273819,0.0034931711852550507,0.04760139435529709
0.03283938765525818,-0.006033755838871002,0.0030946172773838043,0.04728923738002777
0.033058226108551025,-0.006039313971996307,0.003037344664335251,0.047097548842430115
0.033100634813308716,-0.0060731396079063416,0.003033798187971115,0.04704976826906204
0.033079005777835846,-0.006238967180252075,0.0023144595324993134,0.0469638854265213
0.03310944139957428,-0.006200775504112244,0.0022003985941410065,0.04684935510158539
0.03313233703374863,-0.0063255950808525085,0.0019607357680797577,0.04666943848133087
0.033146411180496216,-0.0063242241740226746,0.0019126199185848236,0.046593837440013885
0.03351304680109024,-0.006507351994514465,0.0026476196944713593,0.04622124135494232
0.03352844715118408,-0.0065465569496154785,0.002789754420518875,0.04615908861160278
0.03375604748725891,-0.006520986557006836,0.003181900829076767,0.04639267176389694
0.033773273229599,-0.006467781960964203,0.003264535218477249,0.046437568962574005
0.03380902111530304,-0.006387718021869659,0.0035176612436771393,0.04656623303890228
0.03380151838064194,-0.006367526948451996,0.0035713650286197662,0.046573422849178314
0.03392745554447174,-0.0065881237387657166,0.0036801137030124664,0.04572737216949463
0.03432830423116684,-0.006417691707611084,0.0037627406418323517,0.04559186100959778
0.03438489884138107,-0.0063259899616241455,0.003821302205324173,0.04552092403173447
0.03439028561115265,-0.006332583725452423,0.003825712949037552,0.04551463574171066
0.034312017261981964,-0.006041854619979858,0.00354047492146492,0.046320535242557526
0.03429187834262848,-0.005925849080085754,0.00353216752409935,0.04643308371305466
0.03379065543413162,-0.005799554288387299,0.003008265048265457,0.04673616588115692
0.033735454082489014,-0.005734048783779144,0.0028766654431819916,0.046789444983005524
0.03363276273012161,-0.005252145230770111,0.0029848776757717133,0.04612661898136139
0.03363385796546936,-0.005111634731292725,0.0030023418366909027,0.04606454074382782
0.03367266803979874,-0.005043119192123413,0.0033858828246593475,0.04523696005344391
0.03371149301528931,-0.005031704902648926,0.0034159906208515167,0.04511517286300659
0.033542096614837646,-0.005149923264980316,0.004309352487325668,0.04512110352516174
0.033509761095047,-0.005317419767379761,0.004431094974279404,0.045256808400154114
0.03378036618232727,-0.005633309483528137,0.004563305526971817,0.04435279220342636
0.03397358953952789,-0.0056473612785339355,0.003844570368528366,0.04413606971502304
0.0340346023440361,-0.005572915077209473,0.003736492246389389,0.04403906315565109
0.03404271602630615,-0.005572699010372162,0.0037296228110790253,0.04403334856033325
0.03417486697435379,-0.0060413554310798645,0.002676200121641159,0.043356627225875854
0.03410310298204422,-0.005301609635353088,0.002728346735239029,0.04116114228963852
0.03411375731229782,-0.005102172493934631,0.00272933766245842,0.04091951996088028
0.03426915407180786,-0.004405513405799866,0.0019666887819767,0.039925605058670044
0.03433492034673691,-0.004210755228996277,0.0018405579030513763,0.03966902196407318
0.034459516406059265,-0.004486747086048126,0.0018827207386493683,0.0400906577706337
0.034467458724975586,-0.0045161172747612,0.0019162856042385101,0.040139853954315186
0.034555383026599884,-0.00462021678686142,0.001517605036497116,0.04068811237812042
0.03457438200712204,-0.00462699681520462,0.001440253108739853,0.04073601961135864
0.03460581600666046,-0.004873514175415039,0.0014798380434513092,0.04085231572389603
0.03460661321878433,-0.004934854805469513,0.0014772526919841766,0.04084379971027374
0.03460405021905899,-0.004947781562805176,0.001528758555650711,0.040903545916080475
0.03459923714399338,-0.00495050847530365,0.001541975885629654,0.040927574038505554
0.0345611497759819,-0.004980877041816711,0.0015879832208156586,0.04089939594268799
0.03452809154987335,-0.005057483911514282,0.0016147680580615997,0.0408971831202507
0.03452252596616745,-0.005084231495857239,0.0016130097210407257,0.040904223918914795
0.03452921658754349,-0.005089618265628815,0.0016418211162090302,0.040966346859931946
0.0345287024974823,-0.005087271332740784,0.0016481615602970123,0.040982820093631744
0.03450038284063339,-0.005055561661720276,0.0016785971820354462,0.040947481989860535
0.034494347870349884,-0.005047164857387543,0.0016855709254741669,0.040948204696178436
0.03449017554521561,-0.004970118403434753,0.0016146786510944366,0.04091455042362213
0.03449011594057083,-0.004952616989612579,0.0016027353703975677,0.0409071147441864
0.03449000418186188,-0.004951603710651398,0.0016023553907871246,0.04090767353773117
0.03449000418186188,-0.004951439797878265,0.0016023553907871246,0.040907785296440125
0.03449000418186188,-0.004951409995555878,0.0016023553907871246,0.040907785296440125
0.03448951244354248,-0.0049497708678245544,0.001590389758348465,0.040902554988861084
0.03449007868766785,-0.004948504269123077,0.0015884079039096832,0.04090061038732529
0.03449007868766785,-0.004948697984218597,0.0015880204737186432,0.04090128093957901
0.03448998183012009,-0.004949189722537994,0.00158773735165596,0.04090135544538498
0.03449054807424545,-0.004949100315570831,0.0015910007059574127,0.04090099036693573
0.034490592777729034,-0.004949584603309631,0.001591462641954422,0.04090137034654617
0.03448930382728577,-0.00495060533285141,0.0015896297991275787,0.04090239852666855
0.03448907285928726,-0.0049508437514305115,0.0015893690288066864,0.040902577340602875
0.034493982791900635,-0.004975013434886932,0.0015895850956439972,0.04089398682117462
0.03449459373950958,-0.004987016320228577,0.0015872232615947723,0.04089047759771347
0.03450451046228409,-0.004991404712200165,0.001583840698003769,0.040895015001297
0.03450661897659302,-0.005002126097679138,0.0015794746577739716,0.040896788239479065
0.034541793167591095,-0.004945613443851471,0.0016715489327907562,0.04091852158308029
0.03454579412937164,-0.004937179386615753,0.001689080148935318,0.040930330753326416
0.034560106694698334,-0.004863627254962921,0.0017203204333782196,0.04099563509225845
0.034563496708869934,-0.004830814898014069,0.0017342008650302887,0.04101533442735672
0.034570805728435516,-0.0048443228006362915,0.0017737410962581635,0.04086325317621231
0.03454705327749252,-0.004935048520565033,0.001724284142255783,0.04075877368450165
0.03454187512397766,-0.004961580038070679,0.0017087049782276154,0.040731772780418396
0.03454136103391647,-0.004964500665664673,0.0017074979841709137,0.04072880744934082
0.03450239449739456,-0.004975028336048126,0.001725364476442337,0.04085376858711243
0.03449580818414688,-0.004945516586303711,0.00173945352435112,0.04087498039007187
0.034464918076992035,-0.0049294158816337585,0.0018159709870815277,0.04095407575368881
0.034456394612789154,-0.00492357462644577,0.0018343068659305573,0.04097575694322586
0.0344272181391716,-0.004806354641914368,0.0017277859151363373,0.04105786979198456
0.03442656248807907,-0.004773914813995361,0.0017136149108409882,0.041071243584156036
0.034420616924762726,-0.0048175230622291565,0.001539040356874466,0.041165970265865326
0.034420453011989594,-0.0049310848116874695,0.0014346204698085785,0.041157759726047516
0.034420356154441833,-0.004963666200637817,0.0014102943241596222,0.04114474356174469
0.034381307661533356,-0.0050345733761787415,0.001170273870229721,0.04126330465078354
0.03437668830156326,-0.005084864795207977,0.0011173784732818604,0.04127919673919678
0.034361571073532104,-0.0049807727336883545,0.001025170087814331,0.04093927890062332
0.03437013179063797,-0.005048409104347229,0.0009875483810901642,0.040905579924583435
0.03416310250759125,-0.005043357610702515,0.0009071491658687592,0.04164387285709381
0.03412454575300217,-0.004980586469173431,0.0009082108736038208,0.04176599532365799
0.03408195078372955,-0.004742361605167389,0.000882808119058609,0.041994087398052216
0.03407103568315506,-0.004756323993206024,0.0008666999638080597,0.04200050234794617
0.03445678949356079,-0.004838541150093079,0.0009797923266887665,0.04216674715280533
0.034856922924518585,-0.004790887236595154,0.001619447022676468,0.04177083820104599
0.034913286566734314,-0.004784680902957916,0.0017460770905017853,0.041729338467121124
0.03498280048370361,-0.004494786262512207,0.0021465085446834564,0.04235994815826416
0.03497152775526047,-0.0044930800795555115,0.00219518318772316,0.0425136461853981
0.034900300204753876,-0.004186354577541351,0.0026405267417430878,0.04226750135421753
0.03488020598888397,-0.004168368875980377,0.002687957137823105,0.04233133792877197
0.03475742042064667,-0.003735452890396118,0.0022916607558727264,0.042228780686855316
0.03477126359939575,-0.003611341118812561,0.0022094212472438812,0.04226846247911453
0.03488151729106903,-0.0038827061653137207,0.0024671070277690887,0.04349634051322937
0.03488439321517944,-0.003780744969844818,0.00253378227353096,0.04378621280193329
0.03493112325668335,-0.0035433098673820496,0.0023677758872509003,0.043649911880493164
0.034961193799972534,-0.0033743008971214294,0.0023976676166057587,0.04359319061040878
0.035067930817604065,-0.0032061487436294556,0.0034486912190914154,0.043469175696372986
0.03503583371639252,-0.003227636218070984,0.0037116073071956635,0.04351799935102463
0.035439975559711456,-0.0032039135694503784,0.00417139008641243,0.04484453797340393
0.03546489030122757,-0.00322762131690979,0.004425879567861557,0.04504077136516571
0.03546629101037979,-0.003449857234954834,0.0034527964890003204,0.04516182094812393
0.03549385070800781,-0.003462396562099457,0.00324389711022377,0.045045413076877594
0.03591756522655487,-0.0031048431992530823,0.00320575013756752,0.04341461509466171
0.03603753447532654,-0.0030312910676002502,0.003114309161901474,0.043128855526447296
0.036298319697380066,-0.0028260275721549988,0.0019383840262889862,0.04215533286333084
0.03660845011472702,-0.002844877541065216,0.001195903867483139,0.04227679222822189
0.03665167838335037,-0.0029063522815704346,0.001110576093196869,0.04227226972579956
0.03660757094621658,-0.0029549449682235718,0.00012290850281715393,0.0397287979722023
0.036693744361400604,-0.0029584020376205444,-0.0001866854727268219,0.0391949862241745
0.036705829203128815,-0.002774275839328766,0.00013858824968338013,0.038852348923683167
0.036717094480991364,-0.0026650354266166687,0.00019165128469467163,0.03884585201740265
0.03680061548948288,-0.0024877339601516724,0.00020779669284820557,0.039065711200237274
0.03681117296218872,-0.002349577844142914,0.0002520047128200531,0.03910348564386368
0.03672155737876892,-0.002780817449092865,0.0002872645854949951,0.039402276277542114
0.03676809370517731,-0.002666950225830078,0.001013185828924179,0.03988296538591385
0.0367395356297493,-0.0027108043432235718,0.0011884979903697968,0.04002230614423752
0.03673379123210907,-0.002727024257183075,0.001200169324874878,0.040035560727119446
0.03680161386728287,-0.0031332969665527344,0.0011829137802124023,0.03978932648897171
0.036843590438365936,-0.0030963942408561707,0.001401517540216446,0.0395347997546196
0.036853425204753876,-0.0030118823051452637,0.0014802701771259308,0.03951986879110336
0.03706905245780945,-0.0030278190970420837,0.0015991143882274628,0.0381200909614563
0.037102967500686646,-0.003351353108882904,0.001530032604932785,0.037888795137405396
0.03680061548948288,-0.00391785055398941,0.000823725014925003,0.039664410054683685
0.036735065281391144,-0.004069782793521881,0.0006975866854190826,0.03986173868179321
0.03669438511133194,-0.004709750413894653,0.0011076591908931732,0.03941158950328827
0.03665614873170853,-0.005019009113311768,0.0011303573846817017,0.03937690705060959
0.036651723086833954,-0.005061216652393341,0.001129738986492157,0.039375633001327515
0.03665134310722351,-0.005068585276603699,0.0011296272277832031,0.0393759161233902
0.03665131330490112,-0.00507006049156189,0.0011296384036540985,0.03937601298093796
0.03665129840373993,-0.00507035106420517,0.0011296384036540985,0.03937603533267975
0.03668081760406494,-0.005039118230342865,0.00148748978972435,0.03971504420042038
0.0366625040769577,-0.004334554076194763,0.001257326453924179,0.03881261497735977
0.036699384450912476,-0.004110604524612427,0.0012198872864246368,0.03863036632537842
0.03670472651720047,-0.004079177975654602,0.001219332218170166,0.038616158068180084
0.03668998181819916,-0.004454120993614197,0.001081559807062149,0.038207583129405975
0.03671862185001373,-0.0044443681836128235,0.0010062307119369507,0.038215138018131256
0.03684573620557785,-0.0039634108543396,0.0026582367718219757,0.03755386173725128
0.03680287301540375,-0.0039109960198402405,0.0030328966677188873,0.03755568712949753
0.03686387091875076,-0.0034523308277130127,0.0016345418989658356,0.03829897195100784
0.036945641040802,-0.0022697672247886658,0.001326538622379303,0.039084918797016144
0.03698252886533737,-0.0015279576182365417,0.0014693476259708405,0.03918638080358505
0.03698418289422989,-0.0014282390475273132,0.0014848746359348297,0.03919333219528198
0.03698743134737015,-0.0013930276036262512,0.0014514587819576263,0.03923412412405014
0.03698720782995224,-0.0013767555356025696,0.0014501474797725677,0.03923383355140686
0.03698844462633133,-0.0013844892382621765,0.0014796294271945953,0.03920075297355652
0.0369894802570343,-0.0013794898986816406,0.001486215740442276,0.039197951555252075
0.03699015825986862,-0.0013766288757324219,0.0014751292765140533,0.039208315312862396
0.0369899645447731,-0.001379638910293579,0.0014724545180797577,0.039208829402923584
0.03697033226490021,-0.001330353319644928,0.0014659278094768524,0.03922789543867111
0.03696775436401367,-0.0013289079070091248,0.0014605708420276642,0.039233170449733734
0.03695309907197952,-0.0013028085231781006,0.0014486797153949738,0.03927624225616455
0.03694591671228409,-0.0013189315795898438,0.0014506466686725616,0.03934440761804581
0.036945849657058716,-0.001332305371761322,0.001447383314371109,0.03936254233121872
0.03696097433567047,-0.0012740492820739746,0.001462634652853012,0.03930153697729111
0.03696628659963608,-0.0012604892253875732,0.0014661513268947601,0.03928370028734207
0.036915890872478485,-0.0012500211596488953,0.001531314104795456,0.03917749971151352
0.036905884742736816,-0.0012410134077072144,0.0015421994030475616,0.03916212171316147
0.03694037348031998,-0.0012345686554908752,0.001394767314195633,0.039223313331604004
0.03694847226142883,-0.0012207627296447754,0.0013717450201511383,0.039218515157699585
0.036905355751514435,-0.0012354254722595215,0.0014436207711696625,0.03892213851213455
0.036958254873752594,-0.001267842948436737,0.0013502873480319977,0.038940317928791046
0.0369684100151062,-0.0013059526681900024,0.001323264092206955,0.038940221071243286
0.03706789016723633,-0.0014512315392494202,0.0014897100627422333,0.0390797033905983
0.03708076477050781,-0.0014967620372772217,0.0015224628150463104,0.03910950571298599
0.03705891966819763,-0.0014397650957107544,0.001410309225320816,0.03940647840499878
0.037061214447021484,-0.001459278166294098,0.0013782419264316559,0.03944917768239975
0.0370442196726799,-0.0015903636813163757,0.001310732215642929,0.03958690166473389
0.03703901171684265,-0.00163181871175766,0.0012885555624961853,0.03960530459880829
0.037016741931438446,-0.0016067922115325928,0.0010684169828891754,0.03912004083395004
0.037021368741989136,-0.0017079859972000122,0.0009893886744976044,0.03899136185646057
0.03709211200475693,-0.001927115023136139,0.0008364059031009674,0.039046257734298706
0.037112683057785034,-0.0020444318652153015,0.0007740966975688934,0.03904660791158676
0.037106841802597046,-0.002006836235523224,0.0006842166185379028,0.03903229534626007
0.037116579711437225,-0.0019897595047950745,0.0006900541484355927,0.03919944912195206
0.03711611032485962,-0.001971617341041565,0.0007009319961071014,0.03922993689775467
0.03717254102230072,-0.001982845366001129,0.0006340518593788147,0.03943440318107605
0.03717584162950516,-0.0019947364926338196,0.000611577183008194,0.03944499045610428
0.03729253262281418,-0.002010740339756012,0.0007724761962890625,0.03961861878633499
0.03729705512523651,-0.002049945294857025,0.0007985904812812805,0.03965703397989273
0.03720191866159439,-0.002127721905708313,-5.7484954595565796e-05,0.03979012370109558
0.03719848394393921,-0.0022010058164596558,-0.00027076154947280884,0.03972594439983368
0.03720281273126602,-0.001952432096004486,0.0003855302929878235,0.039706602692604065
0.037189558148384094,-0.0017849206924438477,0.0005815401673316956,0.039795562624931335
0.03707071393728256,-0.001195363700389862,0.0012505240738391876,0.03900925815105438
0.03704332560300827,-0.001028202474117279,0.0014041997492313385,0.03890400379896164
0.036760956048965454,-0.001377798616886139,0.0014537610113620758,0.039821185171604156
0.036680951714515686,-0.0014868304133415222,0.0013848207890987396,0.04007129371166229
0.03598105162382126,-0.0010633394122123718,0.0022196434438228607,0.03958262503147125
0.035837315022945404,-0.0011671632528305054,0.0023685507476329803,0.03958893567323685
0.035807110369205475,-0.0011261850595474243,0.002008814364671707,0.03965924680233002
0.0358109325170517,-0.0011281073093414307,0.0019034631550312042,0.0394233837723732
0.03581122308969498,-0.001139804720878601,0.001885291188955307,0.03937777876853943
0.035818859934806824,-0.0011132657527923584,0.0018752999603748322,0.03941136598587036
0.03582141548395157,-0.0011021047830581665,0.0018762685358524323,0.039415694773197174
0.03582116216421127,-0.001100778579711914,0.0018761120736598969,0.03941655158996582
0.035813815891742706,-0.00112944096326828,0.0018858052790164948,0.03937838226556778
0.035811275243759155,-0.0011413544416427612,0.0018849261105060577,0.0393737256526947
0.035818614065647125,-0.0010971501469612122,0.0019359998404979706,0.03956626355648041
0.03582030534744263,-0.0010761246085166931,0.0019502826035022736,0.039609357714653015
0.03581966459751129,-0.0010745003819465637,0.0019474737346172333,0.03960328549146652
0.035819970071315765,-0.001073889434337616,0.001946713775396347,0.03960137814283371
0.03582867234945297,-0.0011273473501205444,0.0023338831961154938,0.03955940902233124
0.03581184148788452,-0.001180112361907959,0.0023908205330371857,0.0396152064204216
0.03622731566429138,-0.0011240839958190918,0.0013514533638954163,0.040695399045944214
0.03631985932588577,-0.0009279400110244751,0.0011911429464817047,0.04079829156398773
0.037092387676239014,-0.0017432942986488342,0.0016716085374355316,0.03959269821643829
0.037258148193359375,-0.00187615305185318,0.0018326379358768463,0.03933592140674591
0.037330955266952515,-0.0021559223532676697,0.00179363414645195,0.03976564109325409
0.037315018475055695,-0.0023722946643829346,0.0017286650836467743,0.03979359567165375
0.03700755536556244,-0.0019334331154823303,0.0014408044517040253,0.039231881499290466
0.03699484467506409,-0.0014667585492134094,0.0014968477189540863,0.039175644516944885
0.03699135780334473,-0.0014004632830619812,0.0015020333230495453,0.03918207436800003
0.03699076920747757,-0.0013885051012039185,0.0015018843114376068,0.039182476699352264
0.03699196130037308,-0.001386195421218872,0.0015032626688480377,0.0391729399561882
0.036992162466049194,-0.0013874545693397522,0.00150332972407341,0.039171479642391205
0.036990970373153687,-0.0013875439763069153,0.0015018396079540253,0.03918078541755676
0.03699073940515518,-0.001385800540447235,0.0015017800033092499,0.03918232023715973
0.0369906947016716,-0.0013854727149009705,0.0015018247067928314,0.0391823947429657
0.036990679800510406,-0.001385413110256195,0.0015018545091152191,0.03918241709470749
0.036990679800510406,-0.0013853982090950012,0.0015018545091152191,0.03918241709470749
0.036990679800510406,-0.0013853982090950012,0.0015018545091152191,0.03918241709470749
0.036990679800510406,-0.0013853982090950012,0.0015018545091152191,0.03918241709470749
0.036990679800510406,-0.0013853982090950012,0.0015018545091152191,0.03918241709470749
0.036990679800510406,-0.0013853982090950012,0.0015018545091152191,0.03918241709470749
0.036990679800510406,-0.0013853982090950012,0.0015018545091152191,0.03918241709470749
0.036990679800510406,-0.0013853982090950012,0.0015018545091152191,0.03918241709470749
0.036990679800510406,-0.0013853982090950012,0.0015018545091152191,0.03918241709470749
0.036990679800510406,-0.0013853982090950012,0.0015018545091152191,0.03918241709470749
0.036990679800510406,-0.0013853982090950012,0.0015018545091152191,0.03918241709470749
0.036990679800510406,-0.0013853982090950012,0.0015018545091152191,0.03918241709470749
0.036990679800510406,-0.0013853982090950012,0.0015018545091152191,0.03918241709470749
0.036990679800510406,-0.0013853982090950012,0.0015018545091152191,0.03918241709470749
0.036990679800510406,-0.0013853982090950012,0.0015018545091152191,0.03918241709470749
0.036990679800510406,-0.0013853982090950012,0.0015018545091152191,0.03918241709470749
0.036990679800510406,-0.0013853982090950012,0.0015018545091152191,0.03918241709470749
0.036990679800510406,-0.0013853982090950012,0.0015018545091152191,0.03918241709470749
0.036990679800510406,-0.0013853982090950012,0.0015018545091152191,0.03918241709470749
0.036990679800510406,-0.0013853982090950012,0.0015018545091152191,0.03918241709470749
0.036990679800510406,-0.0013853982090950012,0.0015018545091152191,0.03918241709470749
0.036990679800510406,-0.0013853982090950012,0.0015018545091152191,0.03918241709470749
0.036990679800510406,-0.0013853982090950012,0.0015018545091152191,0.03918241709470749
0.036990679800510406,-0.0013853982090950012,0.0015018545091152191,0.03918241709470749
0.036990679800510406,-0.0013853982090950012,0.0015018545091152191,0.03918241709470749
0.036990679800510406,-0.0013853982090950012,0.0015018545091152191,0.03918241709470749
0.036990679800510406,-0.0013853982090950012,0.0015018545091152191,0.03918241709470749
0.036990679800510406,-0.0013853982090950012,0.0015018545091152191,0.03918241709470749
0.036990679800510406,-0.0013853982090950012,0.0015018545091152191,0.03918241709470749
0.036990679800510406,-0.0013853982090950012,0.0015018545091152191,0.03918241709470749
0.036990679800510406,-0.0013853982090950012,0.0015018545091152191,0.03918241709470749
0.036990679800510406,-0.0013853982090950012,0.0015018545091152191,0.03918241709470749
0.036990679800510406,-0.0013853982090950012,0.0015018545091152191,0.03918241709470749
0.036990679800510406,-0.0013853982090950012,0.0015018545091152191,0.03918241709470749
0.036990679800510406,-0.0013853982090950012,0.0015018545091152191,0.03918241709470749
0.036990679800510406,-0.0013853982090950012,0.0015018545091152191,0.03918241709470749
0.036990679800510406,-0.0013853982090950012,0.0015018545091152191,0.03918241709470749
0.036990679800510406,-0.0013853982090950012,0.0015018545091152191,0.03918241709470749
0.036990679800510406,-0.0013853982090950012,0.0015018545091152191,0.03918241709470749
0.036990679800510406,-0.0013853982090950012,0.0015018545091152191,0.03918241709470749
0.036990679800510406,-0.0013853982090950012,0.0015018545091152191,0.03918241709470749
0.036990679800510406,-0.0013853982090950012,0.0015018545091152191,0.03918241709470749
0.036990679800510406,-0.0013853982090950012,0.0015018545091152191,0.03918241709470749
0.036990679800510406,-0.0013853982090950012,0.0015018545091152191,0.03918241709470749
0.036990679800510406,-0.0013853982090950012,0.0015018545091152191,0.03918241709470749
0.036990679800510406,-0.0013853982090950012,0.0015018545091152191,0.03918241709470749
0.036990679800510406,-0.0013853982090950012,0.0015018545091152191,0.03918241709470749
0.036990679800510406,-0.0013853982090950012,0.0015018545091152191,0.03918241709470749
0.036990679800510406,-0.0013853982090950012,0.0015018545091152191,0.03918241709470749
0.036990679800510406,-0.0013853982090950012,0.0015018545091152191,0.03918241709470749
0.036990679800510406,-0.0013853982090950012,0.0015018545091152191,0.03918241709470749
0.036990679800510406,-0.0013853982090950012,0.0015018545091152191,0.03918241709470749
0.036990679800510406,-0.0013853982090950012,0.0015018545091152191,0.03918241709470749
0.036990679800510406,-0.0013853982090950012,0.0015018545091152191,0.03918241709470749
0.036990679800510406,-0.0013853982090950012,0.0015018545091152191,0.03918241709470749
0.036990679800510406,-0.0013853982090950012,0.0015018545091152191,0.03918241709470749
0.036990679800510406,-0.0013853982090950012,0.0015018545091152191,0.03918241709470749
0.036990679800510406,-0.0013853982090950012,0.0015018545091152191,0.03918241709470749
0.036990679800510406,-0.0013853982090950012,0.0015018545091152191,0.03918241709470749
0.036990679800510406,-0.0013853982090950012,0.0015018545091152191,0.03918241709470749
0.036990679800510406,-0.0013853982090950012,0.0015018545091152191,0.03918241709470749
0.036990679800510406,-0.0013853982090950012,0.0015018545091152191,0.03918241709470749
0.036990679800510406,-0.0013853982090950012,0.0015018545091152191,0.03918241709470749
0.036990679800510406,-0.0013853982090950012,0.0015018545091152191,0.03918241709470749
0.036990679800510406,-0.0013853982090950012,0.0015018545091152191,0.03918241709470749
0.036990679800510406,-0.0013853982090950012,0.0015018545091152191,0.03918241709470749
0.03699076920747757,-0.0013854578137397766,0.0015033893287181854,0.03918702155351639
0.036990709602832794,-0.0013848692178726196,0.0015040598809719086,0.03918808698654175
0.036990709602832794,-0.001384735107421875,0.0015040598809719086,0.03918816149234772
0.036990709602832794,-0.0013847202062606812,0.0015040598809719086,0.03918816149234772
0.036990709602832794,-0.0013847202062606812,0.0015040598809719086,0.03918816149234772
0.036990709602832794,-0.0013847202062606812,0.0015040598809719086,0.03918816149234772
0.036990709602832794,-0.0013847202062606812,0.0015040598809719086,0.03918816149234772
0.036990709602832794,-0.0013847202062606812,0.0015040598809719086,0.03918816149234772
0.036990709602832794,-0.0013847202062606812,0.0015040598809719086,0.03918816149234772
0.036990709602832794,-0.0013847202062606812,0.0015040598809719086,0.03918816149234772
0.036990709602832794,-0.0013847202062606812,0.0015040598809719086,0.03918816149234772
0.036990709602832794,-0.0013847202062606812,0.0015040598809719086,0.03918816149234772
0.036990709602832794,-0.0013847202062606812,0.0015040598809719086,0.03918816149234772
0.036990709602832794,-0.0013847202062606812,0.0015040598809719086,0.03918816149234772
0.036990709602832794,-0.0013847202062606812,0.0015040598809719086,0.03918816149234772
0.036990709602832794,-0.0013847202062606812,0.0015040598809719086,0.03918816149234772
0.036990709602832794,-0.0013847202062606812,0.0015040598809719086,0.03918816149234772
0.036990709602832794,-0.0013847202062606812,0.0015040598809719086,0.03918816149234772
0.036990709602832794,-0.0013847202062606812,0.0015040598809719086,0.03918816149234772
0.036990709602832794,-0.0013847202062606812,0.0015040598809719086,0.03918816149234772
0.036990709602832794,-0.0013847202062606812,0.0015040598809719086,0.03918816149234772
0.036990709602832794,-0.0013847202062606812,0.0015040598809719086,0.03918816149234772
0.036990709602832794,-0.0013847202062606812,0.0015040598809719086,0.03918816149234772
0.036990709602832794,-0.0013847202062606812,0.0015040598809719086,0.03918816149234772
0.036990709602832794,-0.0013847202062606812,0.0015040598809719086,0.03918816149234772
0.036990709602832794,-0.0013847202062606812,0.0015040598809719086,0.03918816149234772
0.036990709602832794,-0.0013847202062606812,0.0015040598809719086,0.03918816149234772
0.036990709602832794,-0.0013847202062606812,0.0015040598809719086,0.03918816149234772
0.036990709602832794,-0.0013847202062606812,0.0015040598809719086,0.03918816149234772
0.036990709602832794,-0.0013847202062606812,0.0015040598809719086,0.03918816149234772
0.036990709602832794,-0.0013847202062606812,0.0015040598809719086,0.03918816149234772
0.036990709602832794,-0.0013847202062606812,0.0015040598809719086,0.03918816149234772
0.036990709602832794,-0.0013847202062606812,0.0015040598809719086,0.03918816149234772
0.036990709602832794,-0.0013847202062606812,0.0015040598809719086,0.03918816149234772
0.036990709602832794,-0.0013847202062606812,0.0015040598809719086,0.03918816149234772
0.036990709602832794,-0.0013847202062606812,0.0015040598809719086,0.03918816149234772
0.036990709602832794,-0.0013847202062606812,0.0015040598809719086,0.03918816149234772
0.036990709602832794,-0.0013847202062606812,0.0015040598809719086,0.03918816149234772
0.036990709602832794,-0.0013847202062606812,0.0015040598809719086,0.03918816149234772
0.036990709602832794,-0.0013847202062606812,0.0015040598809719086,0.03918816149234772
0.036990709602832794,-0.0013847202062606812,0.0015040598809719086,0.03918816149234772
0.036990709602832794,-0.0013847202062606812,0.0015040598809719086,0.03918816149234772
0.036990709602832794,-0.0013847202062606812,0.0015040598809719086,0.03918816149234772
0.036990709602832794,-0.0013847202062606812,0.0015040598809719086,0.03918816149234772
0.036990709602832794,-0.0013847202062606812,0.0015040598809719086,0.03918816149234772
0.036990709602832794,-0.0013847202062606812,0.0015040598809719086,0.03918816149234772
0.036990709602832794,-0.0013847202062606812,0.0015040598809719086,0.03918816149234772
0.036990709602832794,-0.0013847202062606812,0.0015040598809719086,0.03918816149234772
0.036990709602832794,-0.0013847202062606812,0.0015040598809719086,0.03918816149234772
0.036990709602832794,-0.0013847202062606812,0.0015040598809719086,0.03918816149234772
0.036990709602832794,-0.0013847202062606812,0.0015040598809719086,0.03918816149234772
0.036990709602832794,-0.0013847202062606812,0.0015040598809719086,0.03918816149234772
0.036990709602832794,-0.0013847202062606812,0.0015040598809719086,0.03918816149234772
0.036990709602832794,-0.0013847202062606812,0.0015040598809719086,0.03918816149234772
0.036990709602832794,-0.0013847202062606812,0.0015040598809719086,0.03918816149234772
0.036990709602832794,-0.0013847202062606812,0.0015040598809719086,0.03918816149234772
0.036990709602832794,-0.0013847202062606812,0.0015040598809719086,0.03918816149234772
0.036990709602832794,-0.0013847202062606812,0.0015040598809719086,0.03918816149234772
0.036990709602832794,-0.0013847202062606812,0.0015040598809719086,0.03918816149234772
0.036990709602832794,-0.0013847202062606812,0.0015040598809719086,0.03918816149234772
0.036990709602832794,-0.0013847202062606812,0.0015040598809719086,0.03918816149234772
0.036990709602832794,-0.0013847202062606812,0.0015040598809719086,0.03918816149234772
0.036990709602832794,-0.0013847202062606812,0.0015040598809719086,0.03918816149234772
0.036990709602832794,-0.0013847202062606812,0.0015040598809719086,0.03918816149234772
0.036990709602832794,-0.0013847202062606812,0.0015040598809719086,0.03918816149234772
0.036990709602832794,-0.0013847202062606812,0.0015040598809719086,0.03918816149234772
0.036990709602832794,-0.0013847202062606812,0.0015040598809719086,0.03918816149234772
0.036990709602832794,-0.0013847202062606812,0.0015040598809719086,0.03918816149234772
0.036990709602832794,-0.0013847202062606812,0.0015040598809719086,0.03918816149234772
0.036990709602832794,-0.0013847202062606812,0.0015040598809719086,0.03918816149234772
0.036990709602832794,-0.0013847202062606812,0.0015040598809719086,0.03918816149234772
0.036990709602832794,-0.0013847202062606812,0.0015040598809719086,0.03918816149234772
0.036990709602832794,-0.0013847202062606812,0.0015040598809719086,0.03918816149234772
0.036990709602832794,-0.0013847202062606812,0.0015040598809719086,0.03918816149234772
0.036990709602832794,-0.0013847202062606812,0.0015040598809719086,0.03918816149234772
0.036990709602832794,-0.0013847202062606812,0.0015040598809719086,0.03918816149234772
0.036990709602832794,-0.0013847202062606812,0.0015040598809719086,0.03918816149234772
0.036990709602832794,-0.0013847202062606812,0.0015040598809719086,0.03918816149234772
0.036990709602832794,-0.0013847202062606812,0.0015040598809719086,0.03918816149234772
0.036990709602832794,-0.0013847202062606812,0.0015040598809719086,0.03918816149234772
0.036990709602832794,-0.0013847202062606812,0.0015040598809719086,0.03918816149234772
0.036990709602832794,-0.0013847202062606812,0.0015040598809719086,0.03918816149234772
0.036990709602832794,-0.0013847202062606812,0.0015040598809719086,0.03918816149234772
0.036990709602832794,-0.0013847202062606812,0.0015040598809719086,0.03918816149234772
0.036990709602832794,-0.0013847202062606812,0.0015040598809719086,0.03918816149234772
0.036990709602832794,-0.0013847202062606812,0.0015040598809719086,0.03918816149234772
0.036990709602832794,-0.0013847202062606812,0.0015040598809719086,0.03918816149234772
0.036990709602832794,-0.0013847202062606812,0.0015040598809719086,0.03918816149234772
0.036990709602832794,-0.0013847202062606812,0.0015040598809719086,0.03918816149234772
0.036990709602832794,-0.0013847202062606812,0.0015040598809719086,0.03918816149234772
0.036990709602832794,-0.0013847202062606812,0.0015040598809719086,0.03918816149234772
0.036990709602832794,-0.0013847202062606812,0.0015040598809719086,0.03918816149234772
0.036990709602832794,-0.0013847202062606812,0.0015040598809719086,0.03918816149234772
0.036990709602832794,-0.0013847202062606812,0.0015040598809719086,0.03918816149234772
0.036990709602832794,-0.0013847202062606812,0.0015040598809719086,0.03918816149234772
0.036990709602832794,-0.0013847202062606812,0.0015040598809719086,0.03918816149234772
0.036990709602832794,-0.0013847202062606812,0.0015040598809719086,0.03918816149234772
0.036990709602832794,-0.0013847202062606812,0.0015040598809719086,0.03918816149234772
0.036990709602832794,-0.0013847202062606812,0.0015040598809719086,0.03918816149234772
0.036990709602832794,-0.0013847202062606812,0.0015040598809719086,0.03918816149234772
0.036990709602832794,-0.0013847202062606812,0.0015040598809719086,0.03918816149234772
0.036990709602832794,-0.0013847202062606812,0.0015040598809719086,0.03918816149234772
0.036990709602832794,-0.0013847202062606812,0.0015040598809719086,0.03918816149234772
0.036990709602832794,-0.0013847202062606812,0.0015040598809719086,0.03918816149234772
0.036990709602832794,-0.0013847202062606812,0.0015040598809719086,0.03918816149234772
0.036990709602832794,-0.0013847202062606812,0.0015040598809719086,0.03918816149234772
0.036990709602832794,-0.0013847202062606812,0.0015040598809719086,0.03918816149234772
0.036990709602832794,-0.0013847202062606812,0.0015040598809719086,0.03918816149234772
0.036990709602832794,-0.0013847202062606812,0.0015040598809719086,0.03918816149234772
0.036990709602832794,-0.0013847202062606812,0.0015040598809719086,0.03918816149234772
0.036990709602832794,-0.0013847202062606812,0.0015040598809719086,0.03918816149234772
0.036990709602832794,-0.0013847202062606812,0.0015040598809719086,0.03918816149234772
0.036990709602832794,-0.0013847202062606812,0.0015040598809719086,0.03918816149234772
0.036990709602832794,-0.0013847202062606812,0.0015040598809719086,0.03918816149234772
0.036990709602832794,-0.0013847202062606812,0.0015040598809719086,0.03918816149234772
0.036990709602832794,-0.0013847202062606812,0.0015040598809719086,0.03918816149234772
0.036990709602832794,-0.0013847202062606812,0.0015040598809719086,0.03918816149234772
0.036990709602832794,-0.0013847202062606812,0.0015040598809719086,0.03918816149234772
0.036990709602832794,-0.0013847202062606812,0.0015040598809719086,0.03918816149234772
0.036990709602832794,-0.0013847202062606812,0.0015040598809719086,0.03918816149234772
0.036990709602832794,-0.0013847202062606812,0.0015040598809719086,0.03918816149234772
0.036990709602832794,-0.0013847202062606812,0.0015040598809719086,0.03918816149234772
0.036990709602832794,-0.0013847202062606812,0.0015040598809719086,0.03918816149234772
0.036990709602832794,-0.0013847202062606812,0.0015040598809719086,0.03918816149234772
0.036990709602832794,-0.0013847202062606812,0.0015040598809719086,0.03918816149234772
0.036990709602832794,-0.0013847202062606812,0.0015040598809719086,0.03918816149234772
0.036990709602832794,-0.0013847202062606812,0.0015040598809719086,0.03918816149234772
0.036990709602832794,-0.0013847202062606812,0.0015040598809719086,0.03918816149234772
0.036990709602832794,-0.0013847202062606812,0.0015040598809719086,0.03918816149234772
0.036990709602832794,-0.0013847202062606812,0.0015040598809719086,0.03918816149234772
0.036990709602832794,-0.0013847202062606812,0.0015040598809719086,0.03918816149234772
0.036990709602832794,-0.0013847202062606812,0.0015040598809719086,0.03918816149234772
0.036990709602832794,-0.0013847202062606812,0.0015040598809719086,0.03918816149234772
0.036990709602832794,-0.0013847202062606812,0.0015040598809719086,0.03918816149234772
0.036990709602832794,-0.0013847202062606812,0.0015040598809719086,0.03918816149234772
0.036990709602832794,-0.0013847202062606812,0.0015040598809719086,0.03918816149234772
0.036990709602832794,-0.0013847202062606812,0.0015040598809719086,0.03918816149234772
0.036990709602832794,-0.0013847202062606812,0.0015040598809719086,0.03918816149234772
0.036990709602832794,-0.0013847202062606812,0.0015040598809719086,0.03918816149234772
0.036990709602832794,-0.0013847202062606812,0.0015040598809719086,0.03918816149234772
0.036990709602832794,-0.0013847202062606812,0.0015040598809719086,0.03918816149234772
0.036990709602832794,-0.0013847202062606812,0.0015040598809719086,0.03918816149234772
0.036990709602832794,-0.0013847202062606812,0.0015040598809719086,0.03918816149234772
0.036990709602832794,-0.0013847202062606812,0.0015040598809719086,0.03918816149234772
0.036990709602832794,-0.0013847202062606812,0.0015040598809719086,0.03918816149234772
0.036990709602832794,-0.0013847202062606812,0.0015040598809719086,0.03918816149234772
0.036990709602832794,-0.0013847202062606812,0.0015040598809719086,0.03918816149234772
0.036990709602832794,-0.0013847202062606812,0.0015040598809719086,0.03918816149234772
0.036990709602832794,-0.0013847202062606812,0.0015040598809719086,0.03918816149234772
0.036990709602832794,-0.0013847202062606812,0.0015040598809719086,0.03918816149234772
0.036990709602832794,-0.0013847202062606812,0.0015040598809719086,0.03918816149234772
0.036990709602832794,-0.0013847202062606812,0.0015040598809719086,0.03918816149234772
0.036990709602832794,-0.0013847202062606812,0.0015040598809719086,0.03918816149234772
0.036990709602832794,-0.0013847202062606812,0.0015040598809719086,0.03918816149234772
0.036990709602832794,-0.0013847202062606812,0.0015040598809719086,0.03918816149234772
0.036990709602832794,-0.0013847202062606812,0.0015040598809719086,0.03918816149234772
0.036990709602832794,-0.0013847202062606812,0.0015040598809719086,0.03918816149234772
0.036990709602832794,-0.0013847202062606812,0.0015040598809719086,0.03918816149234772
0.036990709602832794,-0.0013847202062606812,0.0015040598809719086,0.03918816149234772
0.036990709602832794,-0.0013847202062606812,0.0015040598809719086,0.03918816149234772
0.036990709602832794,-0.0013847202062606812,0.0015040598809719086,0.03918816149234772
0.036990709602832794,-0.0013847202062606812,0.0015040598809719086,0.03918816149234772
0.036990709602832794,-0.0013847202062606812,0.0015040598809719086,0.03918816149234772
0.036990709602832794,-0.0013847202062606812,0.0015040598809719086,0.03918816149234772
0.036990709602832794,-0.0013847202062606812,0.0015040598809719086,0.03918816149234772
0.036990709602832794,-0.0013847202062606812,0.0015040598809719086,0.03918816149234772
0.036990709602832794,-0.0013847202062606812,0.0015040598809719086,0.03918816149234772
0.036990709602832794,-0.0013847202062606812,0.0015040598809719086,0.03918816149234772
0.036990709602832794,-0.0013847202062606812,0.0015040598809719086,0.03918816149234772
0.036990709602832794,-0.0013847202062606812,0.0015040598809719086,0.03918816149234772
0.036990709602832794,-0.0013847202062606812,0.0015040598809719086,0.03918816149234772
0.036990709602832794,-0.0013847202062606812,0.0015040598809719086,0.03918816149234772
0.036990709602832794,-0.0013847202062606812,0.0015040598809719086,0.03918816149234772
0.036990709602832794,-0.0013847202062606812,0.0015040598809719086,0.03918816149234772
0.036990709602832794,-0.0013847202062606812,0.0015040598809719086,0.03918816149234772
0.036990709602832794,-0.0013847202062606812,0.0015040598809719086,0.03918816149234772
0.036990709602832794,-0.0013847202062606812,0.0015040598809719086,0.03918816149234772
0.036990709602832794,-0.0013847202062606812,0.0015040598809719086,0.03918816149234772
0.036990709602832794,-0.0013847202062606812,0.0015040598809719086,0.03918816149234772
0.036990709602832794,-0.0013847202062606812,0.0015040598809719086,0.03918816149234772
0.036990709602832794,-0.0013847202062606812,0.0015040598809719086,0.03918816149234772
0.036990709602832794,-0.0013847202062606812,0.0015040598809719086,0.03918816149234772
0.036990709602832794,-0.0013847202062606812,0.0015040598809719086,0.03918816149234772
0.036990709602832794,-0.0013847202062606812,0.0015040598809719086,0.03918816149234772
0.036990709602832794,-0.0013847202062606812,0.0015040598809719086,0.03918816149234772
0.036990709602832794,-0.0013847202062606812,0.0015040598809719086,0.03918816149234772
0.036990709602832794,-0.0013847202062606812,0.0015040598809719086,0.03918816149234772
0.036990709602832794,-0.0013847202062606812,0.0015040598809719086,0.03918816149234772
0.036990709602832794,-0.0013847202062606812,0.0015040598809719086,0.03918816149234772
0.036990709602832794,-0.0013847202062606812,0.0015040598809719086,0.03918816149234772
0.036990709602832794,-0.0013847202062606812,0.0015040598809719086,0.03918816149234772
0.036990709602832794,-0.0013847202062606812,0.0015040598809719086,0.03918816149234772
0.036990709602832794,-0.0013847202062606812,0.0015040598809719086,0.03918816149234772
0.036990709602832794,-0.0013847202062606812,0.0015040598809719086,0.03918816149234772
0.036990709602832794,-0.0013847202062606812,0.0015040598809719086,0.03918816149234772
0.036990709602832794,-0.0013847202062606812,0.0015040598809719086,0.03918816149234772
0.036990709602832794,-0.0013847202062606812,0.0015040598809719086,0.03918816149234772
0.036990709602832794,-0.0013847202062606812,0.0015040598809719086,0.03918816149234772
0.036990709602832794,-0.0013847202062606812,0.0015040598809719086,0.03918816149234772
0.036990709602832794,-0.0013847202062606812,0.0015040598809719086,0.03918816149234772
0.036990709602832794,-0.0013847202062606812,0.0015040598809719086,0.03918816149234772
0.036990709602832794,-0.0013847202062606812,0.0015040598809719086,0.03918816149234772
0.036990709602832794,-0.0013847202062606812,0.0015040598809719086,0.03918816149234772
0.036990709602832794,-0.0013847202062606812,0.0015040598809719086,0.03918816149234772
0.036990709602832794,-0.0013847202062606812,0.0015040598809719086,0.03918816149234772
0.036990709602832794,-0.0013847202062606812,0.0015040598809719086,0.03918816149234772
0.036990709602832794,-0.0013847202062606812,0.0015040598809719086,0.03918816149234772
0.036990709602832794,-0.0013847202062606812,0.0015040598809719086,0.03918816149234772
0.036990709602832794,-0.0013847202062606812,0.0015040598809719086,0.03918816149234772
0.036990709602832794,-0.0013847202062606812,0.0015040598809719086,0.03918816149234772
0.036990709602832794,-0.0013847202062606812,0.0015040598809719086,0.03918816149234772
0.036990709602832794,-0.0013847202062606812,0.0015040598809719086,0.03918816149234772
0.036990709602832794,-0.0013847202062606812,0.0015040598809719086,0.03918816149234772
0.036990709602832794,-0.0013847202062606812,0.0015040598809719086,0.03918816149234772
0.036990709602832794,-0.0013847202062606812,0.0015040598809719086,0.03918816149234772
0.036990709602832794,-0.0013847202062606812,0.0015040598809719086,0.03918816149234772
0.036990709602832794,-0.0013847202062606812,0.0015040598809719086,0.03918816149234772
0.036990709602832794,-0.0013847202062606812,0.0015040598809719086,0.03918816149234772
0.036990709602832794,-0.0013847202062606812,0.0015040598809719086,0.03918816149234772
0.036990709602832794,-0.0013847202062606812,0.0015040598809719086,0.03918816149234772
0.036990709602832794,-0.0013847202062606812,0.0015040598809719086,0.03918816149234772
0.036990709602832794,-0.0013847202062606812,0.0015040598809719086,0.03918816149234772
0.036990709602832794,-0.0013847202062606812,0.0015040598809719086,0.03918816149234772
0.036990709602832794,-0.0013847202062606812,0.0015040598809719086,0.03918816149234772
0.036990709602832794,-0.0013847202062606812,0.0015040598809719086,0.03918816149234772
0.036990709602832794,-0.0013847202062606812,0.0015040598809719086,0.03918816149234772
0.036990709602832794,-0.0013847202062606812,0.0015040598809719086,0.03918816149234772
0.036990709602832794,-0.0013847202062606812,0.0015040598809719086,0.03918816149234772
0.036990709602832794,-0.0013847202062606812,0.0015040598809719086,0.03918816149234772
0.036990709602832794,-0.0013847202062606812,0.0015040598809719086,0.03918816149234772
0.036990709602832794,-0.0013847202062606812,0.0015040598809719086,0.03918816149234772
0.036990709602832794,-0.0013847202062606812,0.0015040598809719086,0.03918816149234772
0.036990709602832794,-0.0013847202062606812,0.0015040598809719086,0.03918816149234772
0.036990709602832794,-0.0013847202062606812,0.0015040598809719086,0.03918816149234772
0.036990709602832794,-0.0013847202062606812,0.0015040598809719086,0.03918816149234772
0.036990709602832794,-0.0013847202062606812,0.0015040598809719086,0.03918816149234772
0.036990709602832794,-0.0013847202062606812,0.0015040598809719086,0.03918816149234772
0.036990709602832794,-0.0013847202062606812,0.0015040598809719086,0.03918816149234772
0.036990709602832794,-0.0013847202062606812,0.0015040598809719086,0.03918816149234772
0.036990709602832794,-0.0013847202062606812,0.0015040598809719086,0.03918816149234772
0.036990709602832794,-0.0013847202062606812,0.0015040598809719086,0.03918816149234772
0.036990709602832794,-0.0013847202062606812,0.0015040598809719086,0.03918816149234772
0.036990709602832794,-0.0013847202062606812,0.0015040598809719086,0.03918816149234772
0.036990709602832794,-0.0013847202062606812,0.0015040598809719086,0.03918816149234772
0.036990709602832794,-0.0013847202062606812,0.0015040598809719086,0.03918816149234772
0.036990709602832794,-0.0013847202062606812,0.0015040598809719086,0.03918816149234772
0.036990709602832794,-0.0013847202062606812,0.0015040598809719086,0.03918816149234772
0.036990709602832794,-0.0013847202062606812,0.0015040598809719086,0.03918816149234772
0.036990709602832794,-0.0013847202062606812,0.0015040598809719086,0.03918816149234772
0.036990709602832794,-0.0013847202062606812,0.0015040598809719086,0.03918816149234772
0.036990709602832794,-0.0013847202062606812,0.0015040598809719086,0.03918816149234772
0.036990709602832794,-0.0013847202062606812,0.0015040598809719086,0.03918816149234772
0.036990709602832794,-0.0013847202062606812,0.0015040598809719086,0.03918816149234772
0.036990709602832794,-0.0013847202062606812,0.0015040598809719086,0.03918816149234772
0.036990709602832794,-0.0013847202062606812,0.0015040598809719086,0.03918816149234772
0.036990709602832794,-0.0013847202062606812,0.0015040598809719086,0.03918816149234772
0.036990709602832794,-0.0013847202062606812,0.0015040598809719086,0.03918816149234772
0.036990709602832794,-0.0013847202062606812,0.0015040598809719086,0.03918816149234772
0.036990709602832794,-0.0013847202062606812,0.0015040598809719086,0.03918816149234772
0.036990709602832794,-0.0013847202062606812,0.0015040598809719086,0.03918816149234772
0.036990709602832794,-0.0013847202062606812,0.0015040598809719086,0.03918816149234772
0.036990709602832794,-0.0013847202062606812,0.0015040598809719086,0.03918816149234772
0.036990709602832794,-0.0013847202062606812,0.0015040598809719086,0.03918816149234772
0.036990709602832794,-0.0013847202062606812,0.0015040598809719086,0.03918816149234772
0.036990709602832794,-0.0013847202062606812,0.0015040598809719086,0.03918816149234772
0.036990709602832794,-0.0013847202062606812,0.0015040598809719086,0.03918816149234772
0.036990709602832794,-0.0013847202062606812,0.0015040598809719086,0.03918816149234772
0.036990709602832794,-0.0013847202062606812,0.0015040598809719086,0.03918816149234772
0.036990709602832794,-0.0013847202062606812,0.0015040598809719086,0.03918816149234772
0.036990709602832794,-0.0013847202062606812,0.0015040598809719086,0.03918816149234772
0.036990709602832794,-0.0013847202062606812,0.0015040598809719086,0.03918816149234772
0.036990709602832794,-0.0013847202062606812,0.0015040598809719086,0.03918816149234772
0.036990709602832794,-0.0013847202062606812,0.0015040598809719086,0.03918816149234772
0.036990709602832794,-0.0013847202062606812,0.0015040598809719086,0.03918816149234772
0.036990709602832794,-0.0013847202062606812,0.0015040598809719086,0.03918816149234772
0.036990709602832794,-0.0013847202062606812,0.0015040598809719086,0.03918816149234772
0.036990709602832794,-0.0013847202062606812,0.0015040598809719086,0.03918816149234772
0.036990709602832794,-0.0013847202062606812,0.0015040598809719086,0.03918816149234772
0.036990709602832794,-0.0013847202062606812,0.0015040598809719086,0.03918816149234772
0.036990709602832794,-0.0013847202062606812,0.0015040598809719086,0.03918816149234772
0.036990709602832794,-0.0013847202062606812,0.0015040598809719086,0.03918816149234772
0.036990709602832794,-0.0013847202062606812,0.0015040598809719086,0.03918816149234772
0.036990709602832794,-0.0013847202062606812,0.0015040598809719086,0.03918816149234772
0.036990709602832794,-0.0013847202062606812,0.0015040598809719086,0.03918816149234772
0.036990709602832794,-0.0013847202062606812,0.0015040598809719086,0.03918816149234772
0.036990709602832794,-0.0013847202062606812,0.0015040598809719086,0.03918816149234772
0.036990709602832794,-0.0013847202062606812,0.0015040598809719086,0.03918816149234772
0.036990709602832794,-0.0013847202062606812,0.0015040598809719086,0.03918816149234772
0.036990709602832794,-0.0013847202062606812,0.0015040598809719086,0.03918816149234772
0.036990709602832794,-0.0013847202062606812,0.0015040598809719086,0.03918816149234772
0.036990709602832794,-0.0013847202062606812,0.0015040598809719086,0.03918816149234772
0.036990709602832794,-0.0013847202062606812,0.0015040598809719086,0.03918816149234772
0.036990709602832794,-0.0013847202062606812,0.0015040598809719086,0.03918816149234772
0.036990709602832794,-0.0013847202062606812,0.0015040598809719086,0.03918816149234772
0.036990709602832794,-0.0013847202062606812,0.0015040598809719086,0.03918816149234772
0.036990709602832794,-0.0013847202062606812,0.0015040598809719086,0.03918816149234772
0.036990709602832794,-0.0013847202062606812,0.0015040598809719086,0.03918816149234772
0.036990709602832794,-0.0013847202062606812,0.0015040598809719086,0.03918816149234772
0.036990709602832794,-0.0013847202062606812,0.0015040598809719086,0.03918816149234772
0.036990709602832794,-0.0013847202062606812,0.0015040598809719086,0.03918816149234772
0.036990709602832794,-0.0013847202062606812,0.0015040598809719086,0.03918816149234772
0.036990709602832794,-0.0013847202062606812,0.0015040598809719086,0.03918816149234772
0.036990709602832794,-0.0013847202062606812,0.0015040598809719086,0.03918816149234772
0.036990709602832794,-0.0013847202062606812,0.0015040598809719086,0.03918816149234772
0.036990709602832794,-0.0013847202062606812,0.0015040598809719086,0.03918816149234772
0.036990709602832794,-0.0013847202062606812,0.0015040598809719086,0.03918816149234772
0.036990709602832794,-0.0013847202062606812,0.0015040598809719086,0.03918816149234772
0.036990709602832794,-0.0013847202062606812,0.0015040598809719086,0.03918816149234772
0.036990709602832794,-0.0013847202062606812,0.0015040598809719086,0.03918816149234772
0.036990709602832794,-0.0013847202062606812,0.0015040598809719086,0.03918816149234772
0.036990709602832794,-0.0013847202062606812,0.0015040598809719086,0.03918816149234772
0.036990709602832794,-0.0013847202062606812,0.0015040598809719086,0.03918816149234772
0.036990709602832794,-0.0013847202062606812,0.0015040598809719086,0.03918816149234772
0.036990709602832794,-0.0013847202062606812,0.0015040598809719086,0.03918816149234772
0.036990709602832794,-0.0013847202062606812,0.0015040598809719086,0.03918816149234772
0.036990709602832794,-0.0013847202062606812,0.0015040598809719086,0.03918816149234772
0.036990709602832794,-0.0013847202062606812,0.0015040598809719086,0.03918816149234772
0.036990709602832794,-0.0013847202062606812,0.0015040598809719086,0.03918816149234772
0.036990709602832794,-0.0013847202062606812,0.0015040598809719086,0.03918816149234772
0.036990709602832794,-0.0013847202062606812,0.0015040598809719086,0.03918816149234772
0.036990709602832794,-0.0013847202062606812,0.0015040598809719086,0.03918816149234772
0.036990709602832794,-0.0013847202062606812,0.0015040598809719086,0.03918816149234772
0.036990709602832794,-0.0013847202062606812,0.0015040598809719086,0.03918816149234772
0.036990709602832794,-0.0013847202062606812,0.0015040598809719086,0.03918816149234772
0.036990709602832794,-0.0013847202062606812,0.0015040598809719086,0.03918816149234772
0.036990709602832794,-0.0013847202062606812,0.0015040598809719086,0.03918816149234772
0.036990709602832794,-0.0013847202062606812,0.0015040598809719086,0.03918816149234772
0.036990709602832794,-0.0013847202062606812,0.0015040598809719086,0.03918816149234772
0.036990709602832794,-0.0013847202062606812,0.0015040598809719086,0.03918816149234772
0.036990709602832794,-0.0013847202062606812,0.0015040598809719086,0.03918816149234772
0.036990709602832794,-0.0013847202062606812,0.0015040598809719086,0.03918816149234772
0.036990709602832794,-0.0013847202062606812,0.0015040598809719086,0.03918816149234772
0.036990709602832794,-0.0013847202062606812,0.0015040598809719086,0.03918816149234772
0.036990709602832794,-0.0013847202062606812,0.0015040598809719086,0.03918816149234772
0.036990709602832794,-0.0013847202062606812,0.0015040598809719086,0.03918816149234772
0.036990709602832794,-0.0013847202062606812,0.0015040598809719086,0.03918816149234772
0.036990709602832794,-0.0013847202062606812,0.0015040598809719086,0.03918816149234772
0.036990709602832794,-0.0013847202062606812,0.0015040598809719086,0.03918816149234772
0.036990709602832794,-0.0013847202062606812,0.0015040598809719086,0.03918816149234772
0.036990709602832794,-0.0013847202062606812,0.0015040598809719086,0.03918816149234772
0.036990709602832794,-0.0013847202062606812,0.0015040598809719086,0.03918816149234772
0.036990709602832794,-0.0013847202062606812,0.0015040598809719086,0.03918816149234772
0.036990709602832794,-0.0013847202062606812,0.0015040598809719086,0.03918816149234772
0.036990709602832794,-0.0013847202062606812,0.0015040598809719086,0.03918816149234772
0.036990709602832794,-0.0013847202062606812,0.0015040598809719086,0.03918816149234772
0.036990709602832794,-0.0013847202062606812,0.0015040598809719086,0.03918816149234772
0.036990709602832794,-0.0013847202062606812,0.0015040598809719086,0.03918816149234772
0.036990709602832794,-0.0013847202062606812,0.0015040598809719086,0.03918816149234772
0.036990709602832794,-0.0013847202062606812,0.0015040598809719086,0.03918816149234772
0.036990709602832794,-0.0013847202062606812,0.0015040598809719086,0.03918816149234772
0.036990709602832794,-0.0013847202062606812,0.0015040598809719086,0.03918816149234772
0.036990709602832794,-0.0013847202062606812,0.0015040598809719086,0.03918816149234772
0.036990709602832794,-0.0013847202062606812,0.0015040598809719086,0.03918816149234772
0.036990709602832794,-0.0013847202062606812,0.0015040598809719086,0.03918816149234772
0.036990709602832794,-0.0013847202062606812,0.0015040598809719086,0.03918816149234772
0.036990709602832794,-0.0013847202062606812,0.0015040598809719086,0.03918816149234772
0.036990709602832794,-0.0013847202062606812,0.0015040598809719086,0.03918816149234772
0.036990709602832794,-0.0013847202062606812,0.0015040598809719086,0.03918816149234772
0.036990709602832794,-0.0013847202062606812,0.0015040598809719086,0.03918816149234772
0.036990709602832794,-0.0013847202062606812,0.0015040598809719086,0.03918816149234772
0.036990709602832794,-0.0013847202062606812,0.0015040598809719086,0.03918816149234772
0.036990709602832794,-0.0013847202062606812,0.0015040598809719086,0.03918816149234772
0.036990709602832794,-0.0013847202062606812,0.0015040598809719086,0.03918816149234772
0.036990709602832794,-0.0013847202062606812,0.0015040598809719086,0.03918816149234772
0.036990709602832794,-0.0013847202062606812,0.0015040598809719086,0.03918816149234772
0.036990709602832794,-0.0013847202062606812,0.0015040598809719086,0.03918816149234772
0.036990709602832794,-0.0013847202062606812,0.0015040598809719086,0.03918816149234772
0.036990709602832794,-0.0013847202062606812,0.0015040598809719086,0.03918816149234772
0.036990709602832794,-0.0013847202062606812,0.0015040598809719086,0.03918816149234772
0.036990709602832794,-0.0013847202062606812,0.0015040598809719086,0.03918816149234772
0.036990709602832794,-0.0013847202062606812,0.0015040598809719086,0.03918816149234772
0.036990709602832794,-0.0013847202062606812,0.0015040598809719086,0.03918816149234772
0.036990709602832794,-0.0013847202062606812,0.0015040598809719086,0.03918816149234772
0.036990709602832794,-0.0013847202062606812,0.0015040598809719086,0.03918816149234772
0.036990709602832794,-0.0013847202062606812,0.0015040598809719086,0.03918816149234772
0.036990709602832794,-0.0013847202062606812,0.0015040598809719086,0.03918816149234772
0.036990709602832794,-0.0013847202062606812,0.0015040598809719086,0.03918816149234772
0.036990709602832794,-0.0013847202062606812,0.0015040598809719086,0.03918816149234772
0.036990709602832794,-0.0013847202062606812,0.0015040598809719086,0.03918816149234772
0.036990709602832794,-0.0013847202062606812,0.0015040598809719086,0.03918816149234772
0.036990709602832794,-0.0013847202062606812,0.0015040598809719086,0.03918816149234772
0.036990709602832794,-0.0013847202062606812,0.0015040598809719086,0.03918816149234772
0.036990709602832794,-0.0013847202062606812,0.0015040598809719086,0.03918816149234772
0.036990709602832794,-0.0013847202062606812,0.0015040598809719086,0.03918816149234772
0.036990709602832794,-0.0013847202062606812,0.0015040598809719086,0.03918816149234772
0.036990709602832794,-0.0013847202062606812,0.0015040598809719086,0.03918816149234772
0.036990709602832794,-0.0013847202062606812,0.0015040598809719086,0.03918816149234772
0.036990709602832794,-0.0013847202062606812,0.0015040598809719086,0.03918816149234772
0.036990709602832794,-0.0013847202062606812,0.0015040598809719086,0.03918816149234772
0.036990709602832794,-0.0013847202062606812,0.0015040598809719086,0.03918816149234772
0.036990709602832794,-0.0013847202062606812,0.0015040598809719086,0.03918816149234772
0.036990709602832794,-0.0013847202062606812,0.0015040598809719086,0.03918816149234772
0.036990709602832794,-0.0013847202062606812,0.0015040598809719086,0.03918816149234772
0.036990709602832794,-0.0013847202062606812,0.0015040598809719086,0.03918816149234772
0.036990709602832794,-0.0013847202062606812,0.0015040598809719086,0.03918816149234772
0.036990709602832794,-0.0013847202062606812,0.0015040598809719086,0.03918816149234772
0.036990709602832794,-0.0013847202062606812,0.0015040598809719086,0.03918816149234772
0.036990709602832794,-0.0013847202062606812,0.0015040598809719086,0.03918816149234772
0.036990709602832794,-0.0013847202062606812,0.0015040598809719086,0.03918816149234772
0.036990709602832794,-0.0013847202062606812,0.0015040598809719086,0.03918816149234772
0.036990709602832794,-0.0013847202062606812,0.0015040598809719086,0.03918816149234772
0.036990709602832794,-0.0013847202062606812,0.0015040598809719086,0.03918816149234772
0.036990709602832794,-0.0013847202062606812,0.0015040598809719086,0.03918816149234772
0.036990709602832794,-0.0013847202062606812,0.0015040598809719086,0.03918816149234772
0.036990709602832794,-0.0013847202062606812,0.0015040598809719086,0.03918816149234772
0.036990709602832794,-0.0013847202062606812,0.0015040598809719086,0.03918816149234772
0.036990709602832794,-0.0013847202062606812,0.0015040598809719086,0.03918816149234772
0.036990709602832794,-0.0013847202062606812,0.0015040598809719086,0.03918816149234772
0.036990709602832794,-0.0013847202062606812,0.0015040598809719086,0.03918816149234772
0.036990709602832794,-0.0013847202062606812,0.0015040598809719086,0.03918816149234772
0.036990709602832794,-0.0013847202062606812,0.0015040598809719086,0.03918816149234772
0.036990709602832794,-0.0013847202062606812,0.0015040598809719086,0.03918816149234772
0.036990709602832794,-0.0013847202062606812,0.0015040598809719086,0.03918816149234772
0.036990709602832794,-0.0013847202062606812,0.0015040598809719086,0.03918816149234772
0.036990709602832794,-0.0013847202062606812,0.0015040598809719086,0.03918816149234772
0.036990709602832794,-0.0013847202062606812,0.0015040598809719086,0.03918816149234772
0.036990709602832794,-0.0013847202062606812,0.0015040598809719086,0.03918816149234772
0.036990709602832794,-0.0013847202062606812,0.0015040598809719086,0.03918816149234772
0.036990709602832794,-0.0013847202062606812,0.0015040598809719086,0.03918816149234772
0.036990709602832794,-0.0013847202062606812,0.0015040598809719086,0.03918816149234772
0.036990709602832794,-0.0013847202062606812,0.0015040598809719086,0.03918816149234772
0.036990709602832794,-0.0013847202062606812,0.0015040598809719086,0.03918816149234772
0.036990709602832794,-0.0013847202062606812,0.0015040598809719086,0.03918816149234772
0.036990709602832794,-0.0013847202062606812,0.0015040598809719086,0.03918816149234772
0.036990709602832794,-0.0013847202062606812,0.0015040598809719086,0.03918816149234772
0.036990709602832794,-0.0013847202062606812,0.0015040598809719086,0.03918816149234772
0.036990709602832794,-0.0013847202062606812,0.0015040598809719086,0.03918816149234772
0.036990709602832794,-0.0013847202062606812,0.0015040598809719086,0.03918816149234772
0.036990709602832794,-0.0013847202062606812,0.0015040598809719086,0.03918816149234772
0.036990709602832794,-0.0013847202062606812,0.0015040598809719086,0.03918816149234772
0.036990709602832794,-0.0013847202062606812,0.0015040598809719086,0.03918816149234772
0.036990709602832794,-0.0013847202062606812,0.0015040598809719086,0.03918816149234772
0.036990709602832794,-0.0013847202062606812,0.0015040598809719086,0.03918816149234772
0.036990709602832794,-0.0013847202062606812,0.0015040598809719086,0.03918816149234772
0.036990709602832794,-0.0013847202062606812,0.0015040598809719086,0.03918816149234772
0.036990709602832794,-0.0013847202062606812,0.0015040598809719086,0.03918816149234772
0.036990709602832794,-0.0013847202062606812,0.0015040598809719086,0.03918816149234772
0.036990709602832794,-0.0013847202062606812,0.0015040598809719086,0.03918816149234772
0.036990709602832794,-0.0013847202062606812,0.0015040598809719086,0.03918816149234772
0.036990709602832794,-0.0013847202062606812,0.0015040598809719086,0.03918816149234772
0.036990709602832794,-0.0013847202062606812,0.0015040598809719086,0.03918816149234772
0.036990709602832794,-0.0013847202062606812,0.0015040598809719086,0.03918816149234772
0.036990709602832794,-0.0013847202062606812,0.0015040598809719086,0.03918816149234772
0.036990709602832794,-0.0013847202062606812,0.0015040598809719086,0.03918816149234772
0.036990709602832794,-0.0013847202062606812,0.0015040598809719086,0.03918816149234772
0.036990709602832794,-0.0013847202062606812,0.0015040598809719086,0.03918816149234772
0.036990709602832794,-0.0013847202062606812,0.0015040598809719086,0.03918816149234772
0.036990709602832794,-0.0013847202062606812,0.0015040598809719086,0.03918816149234772
0.036990709602832794,-0.0013847202062606812,0.0015040598809719086,0.03918816149234772
0.036990709602832794,-0.0013847202062606812,0.0015040598809719086,0.03918816149234772
0.036990709602832794,-0.0013847202062606812,0.0015040598809719086,0.03918816149234772
0.036990709602832794,-0.0013847202062606812,0.0015040598809719086,0.03918816149234772
0.036990709602832794,-0.0013847202062606812,0.0015040598809719086,0.03918816149234772
0.036990709602832794,-0.0013847202062606812,0.0015040598809719086,0.03918816149234772
0.036990709602832794,-0.0013847202062606812,0.0015040598809719086,0.03918816149234772
0.036990709602832794,-0.0013847202062606812,0.0015040598809719086,0.03918816149234772
0.036990709602832794,-0.0013847202062606812,0.0015040598809719086,0.03918816149234772
0.036990709602832794,-0.0013847202062606812,0.0015040598809719086,0.03918816149234772
0.036990709602832794,-0.0013847202062606812,0.0015040598809719086,0.03918816149234772
0.036990709602832794,-0.0013847202062606812,0.0015040598809719086,0.03918816149234772
0.036990709602832794,-0.0013847202062606812,0.0015040598809719086,0.03918816149234772
0.036990709602832794,-0.0013847202062606812,0.0015040598809719086,0.03918816149234772
0.036990709602832794,-0.0013847202062606812,0.0015040598809719086,0.03918816149234772
0.036990709602832794,-0.0013847202062606812,0.0015040598809719086,0.03918816149234772
0.036990709602832794,-0.0013847202062606812,0.0015040598809719086,0.03918816149234772
0.036990709602832794,-0.0013847202062606812,0.0015040598809719086,0.03918816149234772
0.036990709602832794,-0.0013847202062606812,0.0015040598809719086,0.03918816149234772
0.036990709602832794,-0.0013847202062606812,0.0015040598809719086,0.03918816149234772
0.036990709602832794,-0.0013847202062606812,0.0015040598809719086,0.03918816149234772
0.036990709602832794,-0.0013847202062606812,0.0015040598809719086,0.03918816149234772
0.036990709602832794,-0.0013847202062606812,0.0015040598809719086,0.03918816149234772
0.036990709602832794,-0.0013847202062606812,0.0015040598809719086,0.03918816149234772
0.036990709602832794,-0.0013847202062606812,0.0015040598809719086,0.03918816149234772
0.036990709602832794,-0.0013847202062606812,0.0015040598809719086,0.03918816149234772
0.036990709602832794,-0.0013847202062606812,0.0015040598809719086,0.03918816149234772
0.036990709602832794,-0.0013847202062606812,0.0015040598809719086,0.03918816149234772
0.036990709602832794,-0.0013847202062606812,0.0015040598809719086,0.03918816149234772
0.036990709602832794,-0.0013847202062606812,0.0015040598809719086,0.03918816149234772
0.036990709602832794,-0.0013847202062606812,0.0015040598809719086,0.03918816149234772
0.036990709602832794,-0.0013847202062606812,0.0015040598809719086,0.03918816149234772
0.036990709602832794,-0.0013847202062606812,0.0015040598809719086,0.03918816149234772
0.036990709602832794,-0.0013847202062606812,0.0015040598809719086,0.03918816149234772
0.036990709602832794,-0.0013847202062606812,0.0015040598809719086,0.03918816149234772
0.036990709602832794,-0.0013847202062606812,0.0015040598809719086,0.03918816149234772
0.036990709602832794,-0.0013847202062606812,0.0015040598809719086,0.03918816149234772
0.036990709602832794,-0.0013847202062606812,0.0015040598809719086,0.03918816149234772
0.036990709602832794,-0.0013847202062606812,0.0015040598809719086,0.03918816149234772
0.036990709602832794,-0.0013847202062606812,0.0015040598809719086,0.03918816149234772
0.036990709602832794,-0.0013847202062606812,0.0015040598809719086,0.03918816149234772
0.036990709602832794,-0.0013847202062606812,0.0015040598809719086,0.03918816149234772
0.036990709602832794,-0.0013847202062606812,0.0015040598809719086,0.03918816149234772
0.036990709602832794,-0.0013847202062606812,0.0015040598809719086,0.03918816149234772
0.036990709602832794,-0.0013847202062606812,0.0015040598809719086,0.03918816149234772
0.036990709602832794,-0.0013847202062606812,0.0015040598809719086,0.03918816149234772
0.036990709602832794,-0.0013847202062606812,0.0015040598809719086,0.03918816149234772
0.036990709602832794,-0.0013847202062606812,0.0015040598809719086,0.03918816149234772
0.036990709602832794,-0.0013847202062606812,0.0015040598809719086,0.03918816149234772
0.036990709602832794,-0.0013847202062606812,0.0015040598809719086,0.03918816149234772
0.036990709602832794,-0.0013847202062606812,0.0015040598809719086,0.03918816149234772
0.036990709602832794,-0.0013847202062606812,0.0015040598809719086,0.03918816149234772
0.036990709602832794,-0.0013847202062606812,0.0015040598809719086,0.03918816149234772
0.036990709602832794,-0.0013847202062606812,0.0015040598809719086,0.03918816149234772
0.036990709602832794,-0.0013847202062606812,0.0015040598809719086,0.03918816149234772
0.036990709602832794,-0.0013847202062606812,0.0015040598809719086,0.03918816149234772
0.036990709602832794,-0.0013847202062606812,0.0015040598809719086,0.03918816149234772
0.036990709602832794,-0.0013847202062606812,0.0015040598809719086,0.03918816149234772
0.036990709602832794,-0.0013847202062606812,0.0015040598809719086,0.03918816149234772
0.036990709602832794,-0.0013847202062606812,0.0015040598809719086,0.03918816149234772
0.036990709602832794,-0.0013847202062606812,0.0015040598809719086,0.03918816149234772
0.036990709602832794,-0.0013847202062606812,0.0015040598809719086,0.03918816149234772
0.036990709602832794,-0.0013847202062606812,0.0015040598809719086,0.03918816149234772
0.036990709602832794,-0.0013847202062606812,0.0015040598809719086,0.03918816149234772
0.036990709602832794,-0.0013847202062606812,0.0015040598809719086,0.03918816149234772
0.036990709602832794,-0.0013847202062606812,0.0015040598809719086,0.03918816149234772
0.036990709602832794,-0.0013847202062606812,0.0015040598809719086,0.03918816149234772
0.036990709602832794,-0.0013847202062606812,0.0015040598809719086,0.03918816149234772
0.036990709602832794,-0.0013847202062606812,0.0015040598809719086,0.03918816149234772
0.036990709602832794,-0.0013847202062606812,0.0015040598809719086,0.03918816149234772
0.036990709602832794,-0.0013847202062606812,0.0015040598809719086,0.03918816149234772
0.036990709602832794,-0.0013847202062606812,0.0015040598809719086,0.03918816149234772
0.036990709602832794,-0.0013847202062606812,0.0015040598809719086,0.03918816149234772
0.036990709602832794,-0.0013847202062606812,0.0015040598809719086,0.03918816149234772
0.036990709602832794,-0.0013847202062606812,0.0015040598809719086,0.03918816149234772
0.036990709602832794,-0.0013847202062606812,0.0015040598809719086,0.03918816149234772
0.036990709602832794,-0.0013847202062606812,0.0015040598809719086,0.03918816149234772
0.036990709602832794,-0.0013847202062606812,0.0015040598809719086,0.03918816149234772
0.036990709602832794,-0.0013847202062606812,0.0015040598809719086,0.03918816149234772
0.036990709602832794,-0.0013847202062606812,0.0015040598809719086,0.03918816149234772
0.036990709602832794,-0.0013847202062606812,0.0015040598809719086,0.03918816149234772
0.036990709602832794,-0.0013847202062606812,0.0015040598809719086,0.03918816149234772
0.036990709602832794,-0.0013847202062606812,0.0015040598809719086,0.03918816149234772
0.036990709602832794,-0.0013847202062606812,0.0015040598809719086,0.03918816149234772
0.036990709602832794,-0.0013847202062606812,0.0015040598809719086,0.03918816149234772
0.036990709602832794,-0.0013847202062606812,0.0015040598809719086,0.03918816149234772
0.036990709602832794,-0.0013847202062606812,0.0015040598809719086,0.03918816149234772
0.036990709602832794,-0.0013847202062606812,0.0015040598809719086,0.03918816149234772
0.036990709602832794,-0.0013847202062606812,0.0015040598809719086,0.03918816149234772
0.036990709602832794,-0.0013847202062606812,0.0015040598809719086,0.03918816149234772
0.036990709602832794,-0.0013847202062606812,0.0015040598809719086,0.03918816149234772
0.036990709602832794,-0.0013847202062606812,0.0015040598809719086,0.03918816149234772
0.036990709602832794,-0.0013847202062606812,0.0015040598809719086,0.03918816149234772
0.036990709602832794,-0.0013847202062606812,0.0015040598809719086,0.03918816149234772
0.036990709602832794,-0.0013847202062606812,0.0015040598809719086,0.03918816149234772
0.036990709602832794,-0.0013847202062606812,0.0015040598809719086,0.03918816149234772
0.036990709602832794,-0.0013847202062606812,0.0015040598809719086,0.03918816149234772
0.036990709602832794,-0.0013847202062606812,0.0015040598809719086,0.03918816149234772
0.036990709602832794,-0.0013847202062606812,0.0015040598809719086,0.03918816149234772
0.036990709602832794,-0.0013847202062606812,0.0015040598809719086,0.03918816149234772
0.036990709602832794,-0.0013847202062606812,0.0015040598809719086,0.03918816149234772
0.036990709602832794,-0.0013847202062606812,0.0015040598809719086,0.03918816149234772
0.036990709602832794,-0.0013847202062606812,0.0015040598809719086,0.03918816149234772
0.036990709602832794,-0.0013847202062606812,0.0015040598809719086,0.03918816149234772
0.036990709602832794,-0.0013847202062606812,0.0015040598809719086,0.03918816149234772
0.036990709602832794,-0.0013847202062606812,0.0015040598809719086,0.03918816149234772
0.036990709602832794,-0.0013847202062606812,0.0015040598809719086,0.03918816149234772
0.036990709602832794,-0.0013847202062606812,0.0015040598809719086,0.03918816149234772
0.036990709602832794,-0.0013847202062606812,0.0015040598809719086,0.03918816149234772
0.036990709602832794,-0.0013847202062606812,0.0015040598809719086,0.03918816149234772
0.036990709602832794,-0.0013847202062606812,0.0015040598809719086,0.03918816149234772
0.036990709602832794,-0.0013847202062606812,0.0015040598809719086,0.03918816149234772
0.036990709602832794,-0.0013847202062606812,0.0015040598809719086,0.03918816149234772
0.036990709602832794,-0.0013847202062606812,0.0015040598809719086,0.03918816149234772
0.036990709602832794,-0.0013847202062606812,0.0015040598809719086,0.03918816149234772
0.036990709602832794,-0.0013847202062606812,0.0015040598809719086,0.03918816149234772
0.036990709602832794,-0.0013847202062606812,0.0015040598809719086,0.03918816149234772
0.036990709602832794,-0.0013847202062606812,0.0015040598809719086,0.03918816149234772
0.036990709602832794,-0.0013847202062606812,0.0015040598809719086,0.03918816149234772
0.036990709602832794,-0.0013847202062606812,0.0015040598809719086,0.03918816149234772
0.036990709602832794,-0.0013847202062606812,0.0015040598809719086,0.03918816149234772
0.036990709602832794,-0.0013847202062606812,0.0015040598809719086,0.03918816149234772
0.036990709602832794,-0.0013847202062606812,0.0015040598809719086,0.03918816149234772
0.036990709602832794,-0.0013847202062606812,0.0015040598809719086,0.03918816149234772
0.036990709602832794,-0.0013847202062606812,0.0015040598809719086,0.03918816149234772
0.036990709602832794,-0.0013847202062606812,0.0015040598809719086,0.03918816149234772
0.036990709602832794,-0.0013847202062606812,0.0015040598809719086,0.03918816149234772
0.036990709602832794,-0.0013847202062606812,0.0015040598809719086,0.03918816149234772
0.036990709602832794,-0.0013847202062606812,0.0015040598809719086,0.03918816149234772
0.036990709602832794,-0.0013847202062606812,0.0015040598809719086,0.03918816149234772
0.036990709602832794,-0.0013847202062606812,0.0015040598809719086,0.03918816149234772
0.036990709602832794,-0.0013847202062606812,0.0015040598809719086,0.03918816149234772
0.036990709602832794,-0.0013847202062606812,0.0015040598809719086,0.03918816149234772
0.036990709602832794,-0.0013847202062606812,0.0015040598809719086,0.03918816149234772
0.036990709602832794,-0.0013847202062606812,0.0015040598809719086,0.03918816149234772
0.036990709602832794,-0.0013847202062606812,0.0015040598809719086,0.03918816149234772
0.036990709602832794,-0.0013847202062606812,0.0015040598809719086,0.03918816149234772
0.036990709602832794,-0.0013847202062606812,0.0015040598809719086,0.03918816149234772
0.036990709602832794,-0.0013847202062606812,0.0015040598809719086,0.03918816149234772
0.036990709602832794,-0.0013847202062606812,0.0015040598809719086,0.03918816149234772
0.036990709602832794,-0.0013847202062606812,0.0015040598809719086,0.03918816149234772
0.036990709602832794,-0.0013847202062606812,0.0015040598809719086,0.03918816149234772
0.036990709602832794,-0.0013847202062606812,0.0015040598809719086,0.03918816149234772
0.036990709602832794,-0.0013847202062606812,0.0015040598809719086,0.03918816149234772
0.036990709602832794,-0.0013847202062606812,0.0015040598809719086,0.03918816149234772
0.036990709602832794,-0.0013847202062606812,0.0015040598809719086,0.03918816149234772
0.036990709602832794,-0.0013847202062606812,0.0015040598809719086,0.03918816149234772
0.036990709602832794,-0.0013847202062606812,0.0015040598809719086,0.03918816149234772
0.036990709602832794,-0.0013847202062606812,0.0015040598809719086,0.03918816149234772
0.036990709602832794,-0.0013847202062606812,0.0015040598809719086,0.03918816149234772
0.036990709602832794,-0.0013847202062606812,0.0015040598809719086,0.03918816149234772
0.036990709602832794,-0.0013847202062606812,0.0015040598809719086,0.03918816149234772
0.036990709602832794,-0.0013847202062606812,0.0015040598809719086,0.03918816149234772
0.036990709602832794,-0.0013847202062606812,0.0015040598809719086,0.03918816149234772
0.036990709602832794,-0.0013847202062606812,0.0015040598809719086,0.03918816149234772
0.036990709602832794,-0.0013847202062606812,0.0015040598809719086,0.03918816149234772
0.036990709602832794,-0.0013847202062606812,0.0015040598809719086,0.03918816149234772
0.036990709602832794,-0.0013847202062606812,0.0015040598809719086,0.03918816149234772
0.036990709602832794,-0.0013847202062606812,0.0015040598809719086,0.03918816149234772
0.036990709602832794,-0.0013847202062606812,0.0015040598809719086,0.03918816149234772
0.036990709602832794,-0.0013847202062606812,0.0015040598809719086,0.03918816149234772
0.036990709602832794,-0.0013847202062606812,0.0015040598809719086,0.03918816149234772
0.036990709602832794,-0.0013847202062606812,0.0015040598809719086,0.03918816149234772
