vx,vy,vz,omega_z
0.09622742235660553,0.18017570674419403,0.20637407898902893,0.9233948588371277
0.03421168029308319,0.18123658001422882,0.2095288634300232,0.9821956753730774
0.024201788008213043,0.17996327579021454,0.20908769965171814,0.9833192825317383
0.02272593230009079,0.17978839576244354,0.20906487107276917,0.9833492636680603
0.020900294184684753,0.18045656383037567,0.20548930764198303,0.9779739379882812
0.020372316241264343,0.1804642528295517,0.20506185293197632,0.9776111841201782
0.06318950653076172,0.17248381674289703,0.18525296449661255,0.9259393811225891
0.07708292454481125,0.16867096722126007,0.18353678286075592,0.922306478023529
0.05858731269836426,0.15944679081439972,0.1886664777994156,0.933621883392334
0.051949240267276764,0.1572675257921219,0.1891154646873474,0.9348631501197815
0.05612550303339958,0.15261222422122955,0.19780531525611877,0.9349654912948608
0.05745327100157738,0.15203861892223358,0.1989288628101349,0.9357694387435913
0.060018569231033325,0.14454813301563263,0.19568246603012085,0.9231247305870056
0.061589740216732025,0.1432032734155655,0.19650670886039734,0.9227343201637268
0.06372791528701782,0.14231477677822113,0.18146197497844696,0.8868957757949829
0.06669392436742783,0.14213865995407104,0.17964164912700653,0.8838000893592834
0.09463733434677124,0.13825953006744385,0.1906556487083435,0.8691131472587585
0.10277780890464783,0.1364155113697052,0.19054898619651794,0.8679521083831787
0.1294659823179245,0.1174234002828598,0.19120320677757263,0.8403438925743103
0.13197892904281616,0.11125198006629944,0.19330403208732605,0.8388605117797852
0.09929978102445602,0.09494063258171082,0.18381895124912262,0.823354959487915
0.09364858269691467,0.09162731468677521,0.1855982542037964,0.820672333240509
0.08777616918087006,0.07417815923690796,0.16334468126296997,0.796964168548584
0.08750250190496445,0.07052190601825714,0.15991775691509247,0.793542742729187
0.08754952996969223,0.07028186321258545,0.15981975197792053,0.7934101223945618
0.09665537625551224,0.06485463678836823,0.1565338522195816,0.7761966586112976
0.0944494903087616,0.050553202629089355,0.15487639605998993,0.7388545870780945
0.09494829177856445,0.04941917955875397,0.15458449721336365,0.734404444694519
0.08509862422943115,0.02493239939212799,0.15244051814079285,0.7473106384277344
0.08480197936296463,0.022450074553489685,0.15059871971607208,0.7501860857009888
0.0919816642999649,0.007320277392864227,0.1317526400089264,0.7317708730697632
0.093687504529953,0.0073211342096328735,0.1270676851272583,0.7295275330543518
0.10094796866178513,0.013049975037574768,0.11430202424526215,0.7155049443244934
0.1018306165933609,0.01443392038345337,0.11183641850948334,0.7135174870491028
0.10613469779491425,0.00044082850217819214,0.11431020498275757,0.7067168354988098
0.11056780815124512,0.00416923314332962,0.12654854357242584,0.6921694874763489
0.11179289221763611,0.004901260137557983,0.1281329095363617,0.6900216341018677
0.11137955635786057,-0.004197344183921814,0.15906742215156555,0.6748479008674622
0.10948701202869415,-0.005001366138458252,0.16327743232250214,0.6734947562217712
0.10925547033548355,-0.0050151050090789795,0.16346928477287292,0.6734802722930908
0.09606413543224335,-0.014462113380432129,0.11208395659923553,0.6643306016921997
0.09217063337564468,-0.014423869550228119,0.11089201271533966,0.6786152124404907
0.09091824293136597,-0.015266597270965576,0.11201201379299164,0.6804143786430359
0.09077329933643341,-0.015287436544895172,0.11207351088523865,0.6804723143577576
0.08791003376245499,-0.01332429051399231,0.11070011556148529,0.6596789956092834
0.0876055359840393,-0.012590348720550537,0.11060461401939392,0.656554102897644
0.07435102015733719,-0.03494003415107727,0.10283118486404419,0.6187331676483154
0.07376997917890549,-0.03715119510889053,0.10055242478847504,0.6124416589736938
0.07878163456916809,-0.04870438575744629,0.09529559314250946,0.5986214876174927
0.07891109585762024,-0.05001676827669144,0.09331829845905304,0.596822202205658
0.08519917726516724,-0.047931890934705734,0.09939713776111603,0.5847436189651489
0.08580337464809418,-0.04757407307624817,0.10091157257556915,0.5833823680877686
0.08042742311954498,-0.04991400986909866,0.08983653783798218,0.5794134140014648
0.0795387327671051,-0.0495305135846138,0.0881587415933609,0.5796736478805542
0.06489942222833633,-0.047232646495103836,0.08179540932178497,0.5779359936714172
0.0634818822145462,-0.04669608920812607,0.08171030879020691,0.5780363082885742
0.05719492956995964,-0.05933673307299614,0.08386033773422241,0.5457715392112732
0.05714205652475357,-0.06008627265691757,0.08420032262802124,0.5412051677703857
0.05378790944814682,-0.06630576401948929,0.0791797935962677,0.508939266204834
0.05429290607571602,-0.06676648557186127,0.07848477363586426,0.5034136772155762
0.05416053906083107,-0.06728848814964294,0.07760711014270782,0.5135709047317505
0.05377095565199852,-0.06707938015460968,0.07894842326641083,0.5154933333396912
0.04872852563858032,-0.0678032711148262,0.0679737776517868,0.515381932258606
0.048934824764728546,-0.06727668642997742,0.0653960108757019,0.515436053276062
0.050621628761291504,-0.07823221385478973,0.06905779242515564,0.5103918313980103
0.05099281668663025,-0.07901649177074432,0.06976424157619476,0.5094079971313477
0.047201745212078094,-0.07871273905038834,0.07405877113342285,0.5174539089202881
0.04605868458747864,-0.07830967009067535,0.0749751478433609,0.5190854072570801
0.03968238830566406,-0.08045663684606552,0.08392636477947235,0.5043225288391113
0.037901654839515686,-0.08368031680583954,0.0779368132352829,0.493658185005188
0.03902256488800049,-0.08333039283752441,0.07587601244449615,0.4922129511833191
0.03713048994541168,-0.08563676476478577,0.06663604080677032,0.47015562653541565
0.03896012157201767,-0.08547230809926987,0.0626697689294815,0.4655420482158661
0.03804177790880203,-0.09000682830810547,0.06693059206008911,0.45371752977371216
0.03892127424478531,-0.09064770489931107,0.06592710316181183,0.4507978558540344
0.03673890233039856,-0.09613993763923645,0.06075594946742058,0.4447137117385864
0.036697179079055786,-0.09656818211078644,0.05886474624276161,0.4436187148094177
0.03650451451539993,-0.09744956344366074,0.05380891636013985,0.4411081373691559
0.030133500695228577,-0.09657946228981018,0.05353637412190437,0.4365732669830322
0.02993960678577423,-0.09594046324491501,0.05397642031311989,0.43593525886535645
0.029926322400569916,-0.09585551172494888,0.05398271605372429,0.4359023869037628
0.02553139626979828,-0.09318087995052338,0.057467248290777206,0.4319479465484619
0.02357134222984314,-0.09526307880878448,0.06020423397421837,0.421304315328598
0.02364780753850937,-0.09513548016548157,0.059503864496946335,0.41957080364227295
0.02364916354417801,-0.09776503592729568,0.05428125336766243,0.4080517292022705
0.024558328092098236,-0.09761019796133041,0.05227060988545418,0.40561360120773315
0.025004729628562927,-0.09899615496397018,0.04445574805140495,0.39883333444595337
0.02616632729768753,-0.09879204630851746,0.04166162386536598,0.39683854579925537
0.024555116891860962,-0.1002994105219841,0.04210621491074562,0.38988906145095825
0.02472226321697235,-0.1000562459230423,0.04192180559039116,0.38842853903770447
0.02300930768251419,-0.09958239644765854,0.04246939346194267,0.38623982667922974
0.023121073842048645,-0.09926576167345047,0.042386021465063095,0.38558971881866455
0.020975187420845032,-0.0978299006819725,0.05016946420073509,0.38416051864624023
0.02058108150959015,-0.09742593765258789,0.051266010850667953,0.3840729594230652
0.017879948019981384,-0.09804385900497437,0.05177218094468117,0.3803400993347168
0.017888300120830536,-0.09771907329559326,0.05136905983090401,0.3795015513896942
0.015248164534568787,-0.09663371741771698,0.04605371877551079,0.37194201350212097
0.015916556119918823,-0.09568972885608673,0.04420876130461693,0.36947622895240784
0.01566854864358902,-0.09406764060258865,0.03993167355656624,0.3611043393611908
0.014002479612827301,-0.08973843604326248,0.03585793450474739,0.35112321376800537
0.014182671904563904,-0.08871480822563171,0.03529280796647072,0.34866195917129517
0.013318546116352081,-0.08950390666723251,0.03823805972933769,0.34332069754600525
0.013338178396224976,-0.08950172364711761,0.038547102361917496,0.34168756008148193
0.010322153568267822,-0.08594405651092529,0.03883795067667961,0.33749616146087646
0.010156653821468353,-0.0849916934967041,0.0388418547809124,0.33590641617774963
0.009586118161678314,-0.08350606262683868,0.04015939310193062,0.3341785669326782
0.009690463542938232,-0.08314396440982819,0.04053705558180809,0.33338963985443115
0.006807304918766022,-0.08030660450458527,0.03878902271389961,0.3254607021808624
0.007068939507007599,-0.07861477136611938,0.03773147240281105,0.3225034475326538
0.0071439072489738464,-0.07670493423938751,0.036022212356328964,0.31766873598098755
0.007431820034980774,-0.07617293298244476,0.035456378012895584,0.3159619867801666
0.007747277617454529,-0.07774782925844193,0.03367091342806816,0.3109983205795288
0.008176706731319427,-0.0771581381559372,0.03309470787644386,0.3093230724334717
0.007824167609214783,-0.07727853953838348,0.0351320244371891,0.3043833076953888
0.007349573075771332,-0.07744979858398438,0.03593762591481209,0.2977832853794098
0.007531411945819855,-0.07648185640573502,0.03622254356741905,0.2960430383682251
0.0075571537017822266,-0.07620769739151001,0.03623088076710701,0.29589176177978516
0.006424136459827423,-0.07667974382638931,0.03871254250407219,0.29072898626327515
0.00644829124212265,-0.07614205777645111,0.039165105670690536,0.2891167402267456
0.005876213312149048,-0.07359355688095093,0.037686776369810104,0.2844085097312927
0.006071604788303375,-0.07283530384302139,0.03728937730193138,0.2828217148780823
0.006007209420204163,-0.07205870002508163,0.037490297108888626,0.2800626754760742
0.005983635783195496,-0.07219254970550537,0.03744788095355034,0.2774617075920105
0.0060254111886024475,-0.07217174023389816,0.03700662776827812,0.2767201364040375
0.006283186376094818,-0.07484185695648193,0.03521411493420601,0.27138030529022217
0.006437867879867554,-0.07567857205867767,0.0349966399371624,0.2696607708930969
0.006699778139591217,-0.07745830714702606,0.03168809041380882,0.2650906443595886
0.006995506584644318,-0.07772555202245712,0.031046684831380844,0.263327032327652
0.006878748536109924,-0.07711318880319595,0.028752896934747696,0.25985124707221985
0.006428658962249756,-0.0762016549706459,0.02671634778380394,0.2595597803592682
0.006352923810482025,-0.07589539885520935,0.02632499858736992,0.2597000300884247
0.0060631632804870605,-0.07399358600378036,0.028649818152189255,0.2579893469810486
0.005822569131851196,-0.07441258430480957,0.029209259897470474,0.25788870453834534
0.005023084580898285,-0.07265039533376694,0.030778955668210983,0.25335168838500977
0.004983894526958466,-0.07240051031112671,0.03095143660902977,0.25217756628990173
0.003510288894176483,-0.07123138755559921,0.030665043741464615,0.24621224403381348
0.00362425297498703,-0.07034126669168472,0.030198629945516586,0.24439570307731628
0.0033011436462402344,-0.06998707354068756,0.028823424130678177,0.23457615077495575
0.0035793110728263855,-0.06970973312854767,0.0282633937895298,0.231891930103302
0.00307503342628479,-0.06978024542331696,0.02846844121813774,0.22591298818588257
0.003239281475543976,-0.06972438842058182,0.02776501700282097,0.22426757216453552
0.004061885178089142,-0.06751666963100433,0.030089955776929855,0.21728110313415527
0.004338867962360382,-0.0678475946187973,0.030331823974847794,0.21560607850551605
0.004738569259643555,-0.06518520414829254,0.025758307427167892,0.21396498382091522
0.004978738725185394,-0.06477069854736328,0.02482881024479866,0.21318072080612183
0.004786863923072815,-0.06248323619365692,0.023311886936426163,0.20978474617004395
0.0048966184258461,-0.061957165598869324,0.023083742707967758,0.20896872878074646
0.005593538284301758,-0.061639752238988876,0.023117441684007645,0.20740371942520142
0.00568661093711853,-0.06178458780050278,0.02355268970131874,0.20711292326450348
0.005990654230117798,-0.061993617564439774,0.02321447804570198,0.20283286273479462
0.006093643605709076,-0.06230032816529274,0.023408669978380203,0.2020462453365326
0.006427362561225891,-0.06327150762081146,0.022229205816984177,0.19901642203330994
0.006586305797100067,-0.06351080536842346,0.021920252591371536,0.1982620358467102
0.007904045283794403,-0.06319793313741684,0.02347772940993309,0.19438402354717255
0.00874936580657959,-0.06298701465129852,0.02301948145031929,0.19056443870067596
0.008946865797042847,-0.06305055320262909,0.02281251922249794,0.18974164128303528
0.008584335446357727,-0.06261923909187317,0.02210482582449913,0.187910795211792
0.008679293096065521,-0.0622594989836216,0.021750036627054214,0.18732121586799622
0.008821427822113037,-0.0625542402267456,0.021013397723436356,0.18534190952777863
0.008958853781223297,-0.06266215443611145,0.020519088953733444,0.18470069766044617
0.009313270449638367,-0.06116234511137009,0.01983574405312538,0.18058310449123383
0.009517587721347809,-0.06101185083389282,0.01935061439871788,0.17963054776191711
0.009545780718326569,-0.06097716838121414,0.01932280883193016,0.17955802381038666
0.00974862277507782,-0.05921052023768425,0.02088097110390663,0.17741887271404266
0.010049566626548767,-0.057122763246297836,0.02124924585223198,0.17489588260650635
0.010154269635677338,-0.05711190402507782,0.021314743906259537,0.17468447983264923
0.010565035045146942,-0.05522101745009422,0.020999770611524582,0.17117273807525635
0.010683402419090271,-0.0553903691470623,0.02093086764216423,0.17071107029914856
0.010791108012199402,-0.0542428158223629,0.020101729780435562,0.16893018782138824
0.010869435966014862,-0.05435086041688919,0.019727233797311783,0.16870011389255524
0.012029379606246948,-0.05338871851563454,0.019353080540895462,0.1634998321533203
0.011674374341964722,-0.05393495410680771,0.01919572427868843,0.16196246445178986
0.011676929891109467,-0.05427205562591553,0.018926087766885757,0.16183653473854065
0.011596471071243286,-0.05398127809166908,0.020277786999940872,0.15918469429016113
0.01162322610616684,-0.05417417362332344,0.020588811486959457,0.1588626205921173
0.011506080627441406,-0.05354379490017891,0.020570289343595505,0.15707527101039886
0.011569544672966003,-0.053833696991205215,0.020186852663755417,0.15689529478549957
0.011356152594089508,-0.05380796641111374,0.018946360796689987,0.1549486666917801
0.011490225791931152,-0.0537719689309597,0.018547337502241135,0.1545857936143875
0.011746183037757874,-0.05395704507827759,0.01651676371693611,0.15210193395614624
0.011884286999702454,-0.05428941175341606,0.01600613072514534,0.1516011655330658
0.01154480129480362,-0.05362652987241745,0.017081353813409805,0.15146154165267944
0.011472836136817932,-0.05340392515063286,0.017259743064641953,0.15154138207435608
0.011411242187023163,-0.05225631222128868,0.01639893278479576,0.14878839254379272
0.011432535946369171,-0.052153147757053375,0.016482289880514145,0.14835405349731445
0.012390024960041046,-0.05066407471895218,0.015754129737615585,0.14431197941303253
0.012581966817378998,-0.05086881294846535,0.01582271233201027,0.14376498758792877
0.01314794272184372,-0.050462063401937485,0.016061048954725266,0.14139945805072784
0.013238854706287384,-0.05078648030757904,0.016367647796869278,0.14111009240150452
0.013815954327583313,-0.049927257001399994,0.016813386231660843,0.13816921412944794
0.013766907155513763,-0.04974360391497612,0.016847696155309677,0.13761840760707855
0.013796798884868622,-0.049693651497364044,0.01692694053053856,0.13759168982505798
0.014075450599193573,-0.04901225119829178,0.016417820006608963,0.13424497842788696
0.014186806976795197,-0.04898844286799431,0.01659412309527397,0.13359475135803223
0.014924213290214539,-0.04851684719324112,0.015648040920495987,0.13028769195079803
0.015100434422492981,-0.04866558313369751,0.015685271471738815,0.12964728474617004
0.015597820281982422,-0.047714874148368835,0.01648792251944542,0.12853413820266724
0.01567835360765457,-0.04760844260454178,0.016819920390844345,0.12834419310092926
0.015818223357200623,-0.04710806906223297,0.016268949955701828,0.12616077065467834
0.015889406204223633,-0.046968646347522736,0.016350578516721725,0.12567558884620667
0.015889912843704224,-0.046772152185440063,0.016474660485982895,0.12447589635848999
0.01587364822626114,-0.0468553751707077,0.016633164137601852,0.12434706091880798
0.01632876694202423,-0.046534352004528046,0.01689387485384941,0.12144938111305237
0.016451328992843628,-0.04641053453087807,0.017161589115858078,0.1207907497882843
0.016186214983463287,-0.04621458053588867,0.01746811345219612,0.12003140151500702
0.016135886311531067,-0.0459984689950943,0.017721552401781082,0.11991100013256073
0.016454927623271942,-0.04638304188847542,0.015590246766805649,0.11751225590705872
0.01661815494298935,-0.046391233801841736,0.01537899300456047,0.11684804409742355
0.017530210316181183,-0.045976851135492325,0.01546279713511467,0.11394216120243073
0.017706364393234253,-0.046040698885917664,0.015612568706274033,0.1133594810962677
0.017988279461860657,-0.04531848058104515,0.014807801693677902,0.11131669580936432
0.01810608059167862,-0.04501646012067795,0.014793943613767624,0.11072884500026703
0.018323741853237152,-0.04467761889100075,0.013120058923959732,0.10911154747009277
0.019373327493667603,-0.04467832297086716,0.012752313166856766,0.10737056285142899
0.01955612748861313,-0.04488978162407875,0.01285046711564064,0.1068832129240036
0.020109064877033234,-0.04448772221803665,0.012335199862718582,0.10472270101308823
0.02027057856321335,-0.04449683800339699,0.012361142784357071,0.10429839044809341
0.021435506641864777,-0.043646540492773056,0.011871758848428726,0.10239885002374649
0.02167302370071411,-0.04376586526632309,0.011995632201433182,0.10201819241046906
0.022478297352790833,-0.042353566735982895,0.011333052068948746,0.09979885816574097
0.02265091985464096,-0.04207322746515274,0.011507604271173477,0.0990549623966217
0.023327961564064026,-0.04076255112886429,0.011454600840806961,0.0978943407535553
0.023404233157634735,-0.040447477251291275,0.0117461197078228,0.09746723622083664
0.023398831486701965,-0.03922528401017189,0.009615156799554825,0.09687194228172302
0.02330920100212097,-0.0374414399266243,0.00862647220492363,0.09715306758880615
0.023285888135433197,-0.03708917647600174,0.00860125944018364,0.09720975905656815
0.022842086851596832,-0.03732861578464508,0.008377697318792343,0.09898185729980469
0.02271689474582672,-0.03733734041452408,0.008443456143140793,0.09926965832710266
0.02306836098432541,-0.03695385903120041,0.008005958050489426,0.09847021102905273
0.023142099380493164,-0.037029705941677094,0.008048627525568008,0.09828409552574158
0.022869206964969635,-0.03740554302930832,0.005825396627187729,0.09678040444850922
0.022912003099918365,-0.03742815554141998,0.005332764238119125,0.09623056650161743
0.023457646369934082,-0.03727017343044281,0.007325809448957443,0.09460192173719406
0.023404009640216827,-0.03657051920890808,0.008914131671190262,0.09494082629680634
0.02328866720199585,-0.036511920392513275,0.00926143303513527,0.09519824385643005
0.02361253648996353,-0.036499954760074615,0.00983937457203865,0.09359341859817505
0.023662127554416656,-0.03665245324373245,0.009973745793104172,0.09340397268533707
0.023666664958000183,-0.0366920605301857,0.009984146803617477,0.09340236335992813
0.02348722517490387,-0.03599847853183746,0.007524725049734116,0.09206537157297134
0.023579537868499756,-0.03557486832141876,0.00716811791062355,0.09145112335681915
0.023821093142032623,-0.03537296503782272,0.007638376206159592,0.08934646844863892
0.02384239435195923,-0.035166703164577484,0.007654059678316116,0.08693806082010269
0.02388758957386017,-0.03499499708414078,0.007741536945104599,0.08646449446678162
0.023515254259109497,-0.03434988111257553,0.01013217493891716,0.08457942306995392
0.023399434983730316,-0.03395584225654602,0.010841134935617447,0.08441253006458282
0.023026227951049805,-0.03331773728132248,0.011767711490392685,0.08273234963417053
0.022935010492801666,-0.03348728269338608,0.011901181191205978,0.08264215290546417
0.02255074679851532,-0.03265509754419327,0.00969700887799263,0.08035393804311752
0.022623375058174133,-0.03254149109125137,0.009143766015768051,0.07979034632444382
0.022536762058734894,-0.030490145087242126,0.007199469953775406,0.07821012288331985
0.022678062319755554,-0.02986776828765869,0.006858687847852707,0.07771151512861252
0.022282510995864868,-0.02995867282152176,0.006474550813436508,0.07926249504089355
0.02223743498325348,-0.029636450111865997,0.006636176258325577,0.07948800176382065
0.021785907447338104,-0.030312083661556244,0.006259296089410782,0.08110496401786804
0.021704040467739105,-0.030500642955303192,0.0061441101133823395,0.08160116523504257
0.021556422114372253,-0.031234174966812134,0.00484837219119072,0.08055876940488815
0.02130495011806488,-0.03129999339580536,0.0038137026131153107,0.0795014351606369
0.021278612315654755,-0.031308792531490326,0.0035476423799991608,0.07936092466115952
0.021277882158756256,-0.03132928907871246,0.0035274215042591095,0.0793561115860939
0.02273348718881607,-0.029358670115470886,0.0053360722959041595,0.07466161251068115
0.02297360450029373,-0.02892909198999405,0.0056208111345767975,0.0737185999751091
0.023667410016059875,-0.02901158481836319,0.006659258157014847,0.0718049556016922
0.023876085877418518,-0.029501743614673615,0.005942787975072861,0.06942389905452728
0.023901917040348053,-0.02977026253938675,0.00574101135134697,0.06891387701034546
0.02393258363008499,-0.03014441579580307,0.0035259611904621124,0.06930863112211227
0.02399589866399765,-0.030072137713432312,0.003096889704465866,0.06913333386182785
0.02351580560207367,-0.03090737760066986,0.0015077032148838043,0.06928737461566925
0.023430712521076202,-0.03111722320318222,0.0011698976159095764,0.06920865923166275
0.023067988455295563,-0.03041113168001175,0.0003894716501235962,0.06865224242210388
0.02306888997554779,-0.030146293342113495,0.00023142248392105103,0.06843193620443344
0.023732557892799377,-0.029589854180812836,0.000710662454366684,0.06629354506731033
0.02414872497320175,-0.028600044548511505,0.0015084631741046906,0.06347817182540894
0.024223998188972473,-0.02855481207370758,0.0017364509403705597,0.06318332254886627
0.024851836264133453,-0.02698991447687149,0.0037165693938732147,0.06318413466215134
0.024819768965244293,-0.026682309806346893,0.004360642284154892,0.06319183856248856
0.024431295692920685,-0.025284841656684875,0.005364123731851578,0.06474412977695465
0.024332858622074127,-0.024753883481025696,0.00580185279250145,0.06500255316495895
0.02376299351453781,-0.024392977356910706,0.005755763500928879,0.06558286398649216
0.023711778223514557,-0.0242474302649498,0.0058150626718997955,0.0656120553612709
0.02375786006450653,-0.02336391806602478,0.006556805223226547,0.06602773070335388
0.023769564926624298,-0.022977255284786224,0.006838347762823105,0.0659094750881195
0.024477943778038025,-0.023122645914554596,0.007240306586027145,0.0660892128944397
0.024627722799777985,-0.02308991551399231,0.007341023534536362,0.06612375378608704
0.025327853858470917,-0.02309761941432953,0.007918443530797958,0.06689990311861038
0.025448061525821686,-0.022811487317085266,0.008106093853712082,0.06717710942029953
0.02630145102739334,-0.022208333015441895,0.008849170058965683,0.06447780877351761
0.02714741975069046,-0.021518342196941376,0.007982220500707626,0.06245691329240799
0.027401365339756012,-0.021413013339042664,0.007716689258813858,0.06212639808654785
0.027479209005832672,-0.021328218281269073,0.0076577626168727875,0.061756789684295654
0.027476735413074493,-0.021388322114944458,0.007666576653718948,0.06162387132644653
0.028020091354846954,-0.02136462926864624,0.006939414888620377,0.06029681861400604
0.02816063165664673,-0.02134650945663452,0.006740625947713852,0.0599580854177475
0.027879849076271057,-0.021498069167137146,0.005327839404344559,0.06005149334669113
0.027870655059814453,-0.021357811987400055,0.005077030509710312,0.0598287358880043
0.027983389794826508,-0.02087320387363434,0.004290889948606491,0.05815134942531586
0.028066150844097137,-0.02074970304965973,0.0041392408311367035,0.05767258256673813
0.028112947940826416,-0.019279122352600098,0.004109520465135574,0.05556759238243103
0.028226003050804138,-0.01881609857082367,0.004150960594415665,0.055071622133255005
0.027953892946243286,-0.018448777496814728,0.004372891038656235,0.05465265363454819
0.027921468019485474,-0.018260180950164795,0.0044095925986766815,0.05464401841163635
0.028007209300994873,-0.018626771867275238,0.005052361637353897,0.05376117676496506
0.0284646674990654,-0.01843046396970749,0.004899460822343826,0.05484441667795181
0.028556562960147858,-0.018255509436130524,0.0048514194786548615,0.05505730211734772
0.02880319207906723,-0.018382936716079712,0.0041601695120334625,0.0551324188709259
0.02885117381811142,-0.018283486366271973,0.004004422575235367,0.055101945996284485
0.028630152344703674,-0.018437236547470093,0.0031867511570453644,0.055590301752090454
0.02865852415561676,-0.018329106271266937,0.003000359982252121,0.05572452396154404
0.028758734464645386,-0.01773694157600403,0.0022772513329982758,0.05606023967266083
0.028823308646678925,-0.017576783895492554,0.0021542422473430634,0.056035421788692474
0.029415644705295563,-0.017017781734466553,0.001960787922143936,0.05539025366306305
0.02951400727033615,-0.01679208129644394,0.0019313059747219086,0.05505799502134323
0.02972528338432312,-0.01583801954984665,0.0023280195891857147,0.05433660000562668
0.02975326031446457,-0.01554001122713089,0.002536129206418991,0.05406852811574936
0.030056767165660858,-0.01495102047920227,0.00318334624171257,0.05331970751285553
0.030110538005828857,-0.01475805789232254,0.003387805074453354,0.05319664627313614
0.03039390593767166,-0.014538086950778961,0.0028790421783924103,0.05254366993904114
0.030488573014736176,-0.014324545860290527,0.002804648131132126,0.052352502942085266
0.03047395497560501,-0.014543518424034119,0.00213068351149559,0.05182483047246933
0.03018917143344879,-0.014845438301563263,0.0015204362571239471,0.052309148013591766
0.03014466166496277,-0.014962270855903625,0.0013796798884868622,0.05242744833230972
0.029775165021419525,-0.014795184135437012,0.0019364245235919952,0.05161815881729126
0.029647603631019592,-0.014837227761745453,0.0020693503320217133,0.051363080739974976
0.029366977512836456,-0.014927715063095093,0.0022640563547611237,0.05132531374692917
0.029282577335834503,-0.01501050591468811,0.0023271404206752777,0.05125392973423004
0.029380694031715393,-0.015220850706100464,0.0016768164932727814,0.05134923756122589
0.029376588761806488,-0.015486285090446472,0.0013210438191890717,0.0511503592133522
0.029364928603172302,-0.015550211071968079,0.0012627243995666504,0.05107785016298294
0.029363662004470825,-0.015564940869808197,0.00125933438539505,0.05106806755065918
0.0294240340590477,-0.015273630619049072,0.0015889815986156464,0.04989740997552872
0.029635824263095856,-0.014890573918819427,0.0036090947687625885,0.048636287450790405
0.0295933336019516,-0.01486603170633316,0.0041030459105968475,0.04856856167316437
0.029848091304302216,-0.014926224946975708,0.004812311381101608,0.04837213456630707
0.029865741729736328,-0.01488686352968216,0.0049966610968112946,0.0484175905585289
0.030224189162254333,-0.014617502689361572,0.004613917320966721,0.04848158359527588
0.030331261456012726,-0.014445103704929352,0.0045326389372348785,0.048435233533382416
0.030328601598739624,-0.013696268200874329,0.004173416644334793,0.04861485958099365
0.030369997024536133,-0.013452023267745972,0.004122857004404068,0.0485115721821785
0.03058008849620819,-0.01254059374332428,0.0034631527960300446,0.04893805831670761
0.030694186687469482,-0.012338951230049133,0.0032893531024456024,0.04894237220287323
0.03080011159181595,-0.011835545301437378,0.0036203451454639435,0.04789047688245773
0.03083214908838272,-0.011800482869148254,0.0036198459565639496,0.04776172339916229
0.031279049813747406,-0.01127651333808899,0.0032333172857761383,0.04735143482685089
0.03135169297456741,-0.011088445782661438,0.003225993365049362,0.04697823524475098
0.03182373195886612,-0.011457324028015137,0.00282331183552742,0.04743935912847519
0.03169936686754227,-0.012200139462947845,0.002295341342687607,0.04738440364599228
0.03170410543680191,-0.012563109397888184,0.0025991760194301605,0.04654409736394882
0.03170536458492279,-0.012689553201198578,0.002602342516183853,0.04658228158950806
0.0317055806517601,-0.012718796730041504,0.002603325992822647,0.0465921014547348
0.031758956611156464,-0.012799888849258423,0.0034513957798480988,0.046279117465019226
0.031707651913166046,-0.012674905359745026,0.003745879977941513,0.04625658690929413
0.03211993724107742,-0.012506946921348572,0.004112299531698227,0.04658978432416916
0.032459765672683716,-0.012410767376422882,0.004291195422410965,0.04631012678146362
0.03251802176237106,-0.012483552098274231,0.004286486655473709,0.04633842408657074
0.0325913205742836,-0.012346670031547546,0.004355091601610184,0.04707729071378708
0.0325954407453537,-0.012260228395462036,0.004419293254613876,0.047254934906959534
0.032117657363414764,-0.012006498873233795,0.004334624856710434,0.04779942333698273
0.03206974267959595,-0.011888489127159119,0.004326965659856796,0.048019468784332275
0.03177458792924881,-0.01150408387184143,0.005111906677484512,0.047898195683956146
0.03178377449512482,-0.010901086032390594,0.00523284450173378,0.04701453447341919
0.03180103003978729,-0.010701827704906464,0.005241665989160538,0.04677364230155945
0.03195851296186447,-0.010523669421672821,0.0041507817804813385,0.04637787491083145
0.03203042596578598,-0.010325446724891663,0.003933478146791458,0.04613937437534332
0.03221621364355087,-0.009754426777362823,0.0025309138000011444,0.04671870172023773
0.032310351729393005,-0.009453743696212769,0.0022109709680080414,0.046676963567733765
0.03249572962522507,-0.00939749926328659,0.0021623559296131134,0.04654698073863983
0.03251902014017105,-0.009355410933494568,0.002158958464860916,0.0464954748749733
0.03252139687538147,-0.009353749454021454,0.002159271389245987,0.04648737609386444
0.03273526579141617,-0.009015120565891266,0.003090430051088333,0.044998884201049805
0.032599978148937225,-0.009288236498832703,0.00351102277636528,0.04443710297346115
0.0325826033949852,-0.00934811681509018,0.003525335341691971,0.04447874426841736
0.03245075047016144,-0.009222626686096191,0.004038345068693161,0.04346098750829697
0.03242465853691101,-0.00922984629869461,0.004142288118600845,0.04335879534482956
0.03252079337835312,-0.009027674794197083,0.0030427537858486176,0.04234845191240311
0.032611019909381866,-0.008946537971496582,0.0027708224952220917,0.04185602813959122
0.03267616778612137,-0.008935913443565369,0.0025988034904003143,0.04118959605693817
0.032710686326026917,-0.008952371776103973,0.0025260336697101593,0.041033729910850525
0.03289894014596939,-0.008897669613361359,0.002659101039171219,0.040966346859931946
0.03295435011386871,-0.008857883512973785,0.0026858188211917877,0.04099997133016586
0.032989680767059326,-0.008856825530529022,0.0023179389536380768,0.04164161533117294
0.03300698101520538,-0.008790142834186554,0.0022432617843151093,0.04173029959201813
0.03317230939865112,-0.008283056318759918,0.0025774575769901276,0.04182305186986923
0.03365100920200348,-0.008222483098506927,0.00341792032122612,0.04191476106643677
0.03369823843240738,-0.008258715271949768,0.003595855087041855,0.04198828339576721
0.03396230936050415,-0.008455686271190643,0.003956366330385208,0.04225270450115204
0.03399064391851425,-0.008584707975387573,0.00403280183672905,0.04232484847307205
0.03424869477748871,-0.009095393121242523,0.003998849540948868,0.0430285781621933
0.03426410257816315,-0.009254969656467438,0.004001792520284653,0.043154336512088776
0.03446636348962784,-0.008735664188861847,0.004126708954572678,0.04305245727300644
0.03475219011306763,-0.008388601243495941,0.00433151051402092,0.04293404519557953
0.03476995974779129,-0.008352085947990417,0.004397381097078323,0.042799338698387146
0.034939929842948914,-0.008763641119003296,0.004404466599225998,0.04328598082065582
0.03494687378406525,-0.008905112743377686,0.004401367157697678,0.04340234398841858
0.034947119653224945,-0.008935272693634033,0.004400637000799179,0.0434161052107811
0.03445994853973389,-0.008470103144645691,0.0034774206578731537,0.04368507117033005
0.03449269384145737,-0.008602499961853027,0.0038861222565174103,0.04196004569530487
0.03448659926652908,-0.008720658719539642,0.003928098827600479,0.04172983020544052
0.03419100493192673,-0.008643008768558502,0.0031941793859004974,0.042347125709056854
0.03416283428668976,-0.008567556738853455,0.003059912472963333,0.042356520891189575
0.0338592454791069,-0.00808785855770111,0.002449657768011093,0.042605213820934296
0.03378415107727051,-0.00789276510477066,0.002372201532125473,0.04257814586162567
0.033715568482875824,-0.007860474288463593,0.0028070174157619476,0.04244896024465561
0.03389858454465866,-0.007917113602161407,0.0022687576711177826,0.04167987406253815
0.03396260738372803,-0.007905632257461548,0.0021188147366046906,0.0414411723613739
0.03423873335123062,-0.007784686982631683,0.002571146935224533,0.03975013643503189
0.03429177403450012,-0.00784631073474884,0.002627681940793991,0.03941348195075989
0.03461986780166626,-0.0074288323521614075,0.002619165927171707,0.03833027184009552
0.03470947593450546,-0.007295750081539154,0.0026159025728702545,0.038041554391384125
0.034844011068344116,-0.007261335849761963,0.0025070570409297943,0.0374855175614357
0.03486461937427521,-0.007297180593013763,0.002481553703546524,0.037321530282497406
0.03490392118692398,-0.0071565210819244385,0.0023421235382556915,0.03765568882226944
0.03492729365825653,-0.007080584764480591,0.0023042671382427216,0.03775608539581299
0.03488275408744812,-0.0070829614996910095,0.002294432371854782,0.03776749223470688
0.03477928042411804,-0.007100313901901245,0.002114962786436081,0.03790539503097534
0.03476109355688095,-0.007102645933628082,0.0020773746073246002,0.037920527160167694
0.034759245812892914,-0.007101342082023621,0.002074960619211197,0.0379217192530632
0.03454650938510895,-0.0071795061230659485,0.00173269584774971,0.03802458196878433
0.034428514540195465,-0.00712895393371582,0.0014778561890125275,0.038161128759384155
0.03441409021615982,-0.00711822509765625,0.0014386363327503204,0.0381774827837944
0.03437088429927826,-0.006955660879611969,0.0013238750398159027,0.03831614553928375
0.03436155617237091,-0.006906688213348389,0.0013153739273548126,0.03833241015672684
0.03430577367544174,-0.007107079029083252,0.00135788694024086,0.03829345107078552
0.03428485244512558,-0.007208205759525299,0.0013538189232349396,0.038291044533252716
0.03428051620721817,-0.007363013923168182,0.0013879500329494476,0.038320399820804596
0.03427156060934067,-0.007385052740573883,0.0013913027942180634,0.038320332765579224
0.034196220338344574,-0.00716765969991684,0.001547057181596756,0.0387825071811676
0.034378670156002045,-0.006948575377464294,0.0017116554081439972,0.038809195160865784
0.03439454734325409,-0.006849184632301331,0.00176909938454628,0.03879564255475998
0.034395456314086914,-0.0068364739418029785,0.001773092895746231,0.038795165717601776
0.03443685173988342,-0.0075672343373298645,0.0017582960426807404,0.03870103508234024
0.03439249098300934,-0.007727146148681641,0.0015334226191043854,0.039586737751960754
0.03439198434352875,-0.007598720490932465,0.0015408806502819061,0.03969468176364899
0.03482316434383392,-0.007689632475376129,0.002301488071680069,0.04052524268627167
0.034863390028476715,-0.00769641250371933,0.0024704597890377045,0.0407140851020813
0.03528907895088196,-0.0071976035833358765,0.0028145499527454376,0.04198773205280304
0.03534872829914093,-0.007067084312438965,0.0029255934059619904,0.04228387773036957
0.03520473092794418,-0.007550977170467377,0.003474142402410507,0.042450107634067535
0.035120755434036255,-0.007864125072956085,0.003537166863679886,0.04258563369512558
0.03527211397886276,-0.007154412567615509,0.004859466105699539,0.0442567840218544
0.03545285016298294,-0.006472818553447723,0.005709599703550339,0.0454961359500885
0.03542317450046539,-0.006294265389442444,0.005908656865358353,0.045587778091430664
0.03508533537387848,-0.006787538528442383,0.005435530096292496,0.04639769345521927
0.03504220396280289,-0.006883434951305389,0.005300838500261307,0.046473145484924316
0.034819453954696655,-0.00681806355714798,0.00462539866566658,0.047092005610466
0.03484853357076645,-0.0066637396812438965,0.004464615136384964,0.047235965728759766
0.0350501611828804,-0.005384229123592377,0.0033479519188404083,0.0456901416182518
0.03518904745578766,-0.004874907433986664,0.0031973235309123993,0.04522770643234253
0.035266101360321045,-0.004000283777713776,0.00311226025223732,0.04558369517326355
0.035272665321826935,-0.003803171217441559,0.003134462982416153,0.045651234686374664
0.03512147068977356,-0.003945678472518921,0.003335457295179367,0.045209720730781555
0.03558585047721863,-0.003823220729827881,0.002624254673719406,0.044486165046691895
0.03569476306438446,-0.0038873106241226196,0.0024666376411914825,0.04426059126853943
0.03587295860052109,-0.0040383413434028625,0.002671409398317337,0.04369199275970459
0.03589662164449692,-0.003965698182582855,0.0027719996869564056,0.04355187714099884
0.0357942059636116,-0.004171028733253479,0.0020501352846622467,0.042644746601581573
0.035824887454509735,-0.004107415676116943,0.00188518688082695,0.04238929599523544
0.03590282052755356,-0.004067964851856232,0.0023225806653499603,0.041906751692295074
0.03594229370355606,-0.003952778875827789,0.002425987273454666,0.04192104935646057
0.03627895563840866,-0.0037992075085639954,0.0016647838056087494,0.04158415645360947
0.03636627644300461,-0.003787815570831299,0.0015042908489704132,0.04138433188199997
0.03653557598590851,-0.003613315522670746,0.001676369458436966,0.04074837267398834
0.03658662736415863,-0.003713048994541168,0.0016881190240383148,0.0406838059425354
0.03661070764064789,-0.0036259666085243225,0.0021205954253673553,0.040048182010650635
0.036616817116737366,-0.003793768584728241,0.0021401308476924896,0.040028996765613556
0.03645513206720352,-0.0036992281675338745,0.0022487975656986237,0.04013621807098389
0.03651139885187149,-0.0038670524954795837,0.0014507807791233063,0.03928089886903763
0.036560676991939545,-0.003919489681720734,0.001189161092042923,0.03902341425418854
0.03652249276638031,-0.0038756057620048523,0.0011413805186748505,0.03893764317035675
0.036522768437862396,-0.003315955400466919,0.0018336810171604156,0.03909105062484741
0.036517053842544556,-0.003029868006706238,0.0020597316324710846,0.039161697030067444
0.036513812839984894,-0.0029942914843559265,0.0020772628486156464,0.039170026779174805
0.03649475425481796,-0.003118567168712616,0.0019161738455295563,0.03928292542695999
0.036491163074970245,-0.0031821727752685547,0.0018693022429943085,0.039291948080062866
0.03649475425481796,-0.0032597631216049194,0.0017412342131137848,0.03928232938051224
0.036497652530670166,-0.0032992959022521973,0.0017023570835590363,0.03926974534988403
0.03649883717298508,-0.0032829269766807556,0.0017330460250377655,0.03927156329154968
0.036498457193374634,-0.0032718628644943237,0.0017437227070331573,0.03927502781152725
0.0364944264292717,-0.0032216012477874756,0.001835305243730545,0.03928162157535553
0.03649197518825531,-0.003194846212863922,0.0018631331622600555,0.03929085284471512
0.03650517761707306,-0.0031056031584739685,0.0019756965339183807,0.03924143314361572
0.036506637930870056,-0.0030598193407058716,0.002011645585298538,0.039238475263118744
0.03651023656129837,-0.003033846616744995,0.0020385198295116425,0.03921806067228317
0.03651101887226105,-0.0030227527022361755,0.002045717090368271,0.03921583294868469
0.03651189059019089,-0.0029978081583976746,0.002074155956506729,0.03917408734560013
0.036513037979602814,-0.0029882416129112244,0.002078171819448471,0.039170145988464355
0.036519959568977356,-0.002986803650856018,0.002060379832983017,0.0391681045293808
0.03652165085077286,-0.002987980842590332,0.002056475728750229,0.03916523605585098
0.036547280848026276,-0.0029620155692100525,0.002089414745569229,0.03916753828525543
0.0365450456738472,-0.002945810556411743,0.0020803548395633698,0.03918994218111038
0.03654499351978302,-0.0029556527733802795,0.002071928232908249,0.039197199046611786
0.03652070462703705,-0.003137737512588501,0.0017680712044239044,0.039161019027233124
0.03651965409517288,-0.0032615289092063904,0.0016740374267101288,0.03913625329732895
0.03649236261844635,-0.003399461507797241,0.0015854127705097198,0.039025865495204926
0.036488212645053864,-0.003473035991191864,0.0015443004667758942,0.03901022672653198
0.03650906682014465,-0.00357259064912796,0.0014272667467594147,0.03894907236099243
0.036512717604637146,-0.003605201840400696,0.0013976655900478363,0.03892304003238678
0.03655766695737839,-0.003644987940788269,0.00128990039229393,0.03882693499326706
0.036597952246665955,-0.0036371424794197083,0.0012988150119781494,0.038722530007362366
0.0366048589348793,-0.0036298036575317383,0.0013059601187705994,0.03870917856693268
0.036586739122867584,-0.0037589669227600098,0.0011710114777088165,0.03880820423364639
0.03658226132392883,-0.0037983953952789307,0.0011273100972175598,0.038824863731861115
0.03661306947469711,-0.003918662667274475,0.0009063184261322021,0.03886628895998001
0.036623626947402954,-0.003949202597141266,0.0008487030863761902,0.03884873539209366
0.03662139177322388,-0.0037990212440490723,0.0012056045234203339,0.038958318531513214
0.036613255739212036,-0.0037528425455093384,0.001294068992137909,0.03902222216129303
0.03661888837814331,-0.0036944448947906494,0.0015171132981777191,0.03922843188047409
0.03660719096660614,-0.003738127648830414,0.0015651099383831024,0.03928403556346893
0.03663942217826843,-0.003984428942203522,0.001479458063840866,0.03989264369010925
0.036549657583236694,-0.0039810240268707275,0.002241421490907669,0.04024776071310043
0.03651086986064911,-0.003960892558097839,0.0024310313165187836,0.04038270562887192
0.036467961966991425,-0.0038565173745155334,0.002728838473558426,0.04036989063024521
0.036455318331718445,-0.003819495439529419,0.0028014518320560455,0.04039541631937027
0.036628358066082,-0.003776051104068756,0.0033447258174419403,0.040204331278800964
0.036644697189331055,-0.0038287118077278137,0.0034641511738300323,0.040209874510765076
0.03649326413869858,-0.004366032779216766,0.0029602162539958954,0.04125097393989563
0.0364433154463768,-0.004524260759353638,0.002826038748025894,0.04137631505727768
0.03623448312282562,-0.004631787538528442,0.0023654140532016754,0.041756801307201385
0.03634772449731827,-0.003896482288837433,0.0023085586726665497,0.04191751033067703
0.03636820614337921,-0.0035537928342819214,0.002402741461992264,0.04192095994949341
0.036368876695632935,-0.0035203322768211365,0.0024117641150951385,0.04192186892032623
0.03620123863220215,-0.002774357795715332,0.002093244343996048,0.04199564456939697
0.03597470372915268,-0.0024777501821517944,0.001495514065027237,0.042359694838523865
0.03594108670949936,-0.002390466630458832,0.0014181546866893768,0.042410269379615784
0.03609546273946762,-0.0024994611740112305,0.0010442771017551422,0.04261689633131027
0.036134786903858185,-0.0024964287877082825,0.0009693503379821777,0.042604945600032806
0.036193445324897766,-0.002507157623767853,0.0006908103823661804,0.0424782857298851
0.036226898431777954,-0.0024970173835754395,0.0006310828030109406,0.04243667423725128
0.03617323935031891,-0.0025534778833389282,0.0012010373175144196,0.04173339903354645
0.03615879267454147,-0.002646803855895996,0.001253817230463028,0.04169207066297531
0.03593257814645767,-0.002985619008541107,0.001759607344865799,0.041250504553318024
0.03587822616100311,-0.003077104687690735,0.0017749182879924774,0.04125562310218811
0.03575079143047333,-0.003383643925189972,0.0013030022382736206,0.04131744056940079
0.0360335037112236,-0.003366716206073761,0.0011256672441959381,0.04061836004257202
0.0360649898648262,-0.003426380455493927,0.0010898113250732422,0.040491797029972076
0.035777099430561066,-0.0034288838505744934,0.0012699514627456665,0.04074425995349884
0.03574800491333008,-0.003306649625301361,0.0013802163302898407,0.04082353413105011
0.03574392944574356,-0.0032806992530822754,0.0013904459774494171,0.0408322736620903
0.03574343025684357,-0.003275260329246521,0.001391332596540451,0.04083302617073059
0.03574337810277939,-0.003274202346801758,0.0013913847506046295,0.040833085775375366
0.035743363201618195,-0.0032739564776420593,0.0013913847506046295,0.04083310067653656
0.03601962327957153,-0.002923533320426941,0.001663554459810257,0.04096502810716629
0.03605259209871292,-0.0022282451391220093,0.0004893690347671509,0.04155433923006058
0.03612111508846283,-0.001860193908214569,0.00036725401878356934,0.041493773460388184
0.03695352375507355,-0.0017346590757369995,0.002400364726781845,0.040418826043605804
0.037089020013809204,-0.002189837396144867,0.00268346443772316,0.04039417952299118
0.03653038293123245,-0.0030621811747550964,0.002334173768758774,0.03960023820400238
0.036442093551158905,-0.002992376685142517,0.002317424863576889,0.03946440666913986
0.036494821310043335,-0.0032241716980934143,0.0016998238861560822,0.03931426256895065
0.036522865295410156,-0.003347925841808319,0.0015251524746418,0.03923221677541733
0.0365285724401474,-0.0033599212765693665,0.0015022791922092438,0.03921926021575928
0.03652933984994888,-0.0033633336424827576,0.0014991723001003265,0.03921712934970856
0.036529429256916046,-0.0033640041947364807,0.0014988891780376434,0.03921692818403244
0.03652944415807724,-0.0033641383051872253,0.0014988817274570465,0.039216913282871246
0.03652944415807724,-0.003364168107509613,0.0014988817274570465,0.039216913282871246
0.03652944415807724,-0.003364168107509613,0.0014988817274570465,0.039216913282871246
0.03652944415807724,-0.003364168107509613,0.0014988817274570465,0.039216913282871246
0.036492399871349335,-0.0036043375730514526,0.0010906904935836792,0.039637356996536255
0.03648793697357178,-0.0036170557141304016,0.000993724912405014,0.03967598080635071
0.03667999058961868,-0.0024360492825508118,0.0013974569737911224,0.03959900885820389
0.036774083971977234,-0.0025700554251670837,0.0009857341647148132,0.039424069225788116
0.03683047741651535,-0.002535618841648102,0.0008386299014091492,0.03931252658367157
0.03701017051935196,-0.0018762126564979553,0.0013623759150505066,0.038818053901195526
0.03703440725803375,-0.0015468895435333252,0.0015707425773143768,0.03871694952249527
0.03680948168039322,-0.0024006739258766174,0.000995829701423645,0.03771420568227768
0.036778658628463745,-0.0030275359749794006,0.000664934515953064,0.037557005882263184
0.03677986562252045,-0.0030959472060203552,0.0006364881992340088,0.03754444420337677
0.03678036481142044,-0.003105662763118744,0.0006346665322780609,0.037545084953308105
0.036780424416065216,-0.0031074583530426025,0.0006346292793750763,0.037545375525951385
0.03678043931722641,-0.003107801079750061,0.0006346292793750763,0.03754543513059616
0.03678043931722641,-0.0031078755855560303,0.0006346292793750763,0.03754543513059616
0.03678043931722641,-0.003107890486717224,0.0006346292793750763,0.03754543513059616
0.03678043931722641,-0.003107890486717224,0.0006346292793750763,0.03754543513059616
0.03678043931722641,-0.003107890486717224,0.0006346292793750763,0.03754543513059616
0.03678043931722641,-0.003107890486717224,0.0006346292793750763,0.03754543513059616
0.03678043931722641,-0.003107890486717224,0.0006346292793750763,0.03754543513059616
0.03678043931722641,-0.003107890486717224,0.0006346292793750763,0.03754543513059616
0.03678043931722641,-0.003107890486717224,0.0006346292793750763,0.03754543513059616
0.03678043931722641,-0.003107890486717224,0.0006346292793750763,0.03754543513059616
0.03678043931722641,-0.003107890486717224,0.0006346292793750763,0.03754543513059616
0.03678043931722641,-0.003107890486717224,0.0006346292793750763,0.03754543513059616
0.03678043931722641,-0.003107890486717224,0.0006346292793750763,0.03754543513059616
0.03678043931722641,-0.003107890486717224,0.0006346292793750763,0.03754543513059616
0.03678043931722641,-0.003107890486717224,0.0006346292793750763,0.03754543513059616
0.03678043931722641,-0.003107890486717224,0.0006346292793750763,0.03754543513059616
0.03678043931722641,-0.003107890486717224,0.0006346292793750763,0.03754543513059616
0.03678043931722641,-0.003107890486717224,0.0006346292793750763,0.03754543513059616
0.03678043931722641,-0.003107890486717224,0.0006346292793750763,0.03754543513059616
0.03678043931722641,-0.003107890486717224,0.0006346292793750763,0.03754543513059616
0.03678043931722641,-0.003107890486717224,0.0006346292793750763,0.03754543513059616
0.03678043931722641,-0.003107890486717224,0.0006346292793750763,0.03754543513059616
0.03678043931722641,-0.003107890486717224,0.0006346292793750763,0.03754543513059616
0.03678043931722641,-0.003107890486717224,0.0006346292793750763,0.03754543513059616
0.03678043931722641,-0.003107890486717224,0.0006346292793750763,0.03754543513059616
0.03678160160779953,-0.0031126737594604492,0.0006346963346004486,0.037562862038612366
0.036782145500183105,-0.003111518919467926,0.0006353147327899933,0.037565529346466064
0.03678222745656967,-0.003111213445663452,0.0006353706121444702,0.03756582736968994
0.036782242357730865,-0.0031111612915992737,0.0006353706121444702,0.03756584972143173
0.036782242357730865,-0.00311114639043808,0.0006353706121444702,0.03756584972143173
0.036782242357730865,-0.00311114639043808,0.0006353706121444702,0.03756584972143173
0.036782242357730865,-0.00311114639043808,0.0006353706121444702,0.03756584972143173
0.036782242357730865,-0.00311114639043808,0.0006353706121444702,0.03756584972143173
0.036782242357730865,-0.00311114639043808,0.0006353706121444702,0.03756584972143173
0.036782242357730865,-0.00311114639043808,0.0006353706121444702,0.03756584972143173
0.036782242357730865,-0.00311114639043808,0.0006353706121444702,0.03756584972143173
0.036782242357730865,-0.00311114639043808,0.0006353706121444702,0.03756584972143173
0.036782242357730865,-0.00311114639043808,0.0006353706121444702,0.03756584972143173
0.036782242357730865,-0.00311114639043808,0.0006353706121444702,0.03756584972143173
0.036782242357730865,-0.00311114639043808,0.0006353706121444702,0.03756584972143173
0.036782242357730865,-0.00311114639043808,0.0006353706121444702,0.03756584972143173
0.036782242357730865,-0.00311114639043808,0.0006353706121444702,0.03756584972143173
0.036782242357730865,-0.00311114639043808,0.0006353706121444702,0.03756584972143173
0.036782242357730865,-0.00311114639043808,0.0006353706121444702,0.03756584972143173
0.036782242357730865,-0.00311114639043808,0.0006353706121444702,0.03756584972143173
0.036782242357730865,-0.00311114639043808,0.0006353706121444702,0.03756584972143173
0.036782242357730865,-0.00311114639043808,0.0006353706121444702,0.03756584972143173
0.036782242357730865,-0.00311114639043808,0.0006353706121444702,0.03756584972143173
0.036782242357730865,-0.00311114639043808,0.0006353706121444702,0.03756584972143173
0.036782242357730865,-0.00311114639043808,0.0006353706121444702,0.03756584972143173
0.036782242357730865,-0.00311114639043808,0.0006353706121444702,0.03756584972143173
0.036782242357730865,-0.00311114639043808,0.0006353706121444702,0.03756584972143173
0.036782242357730865,-0.00311114639043808,0.0006353706121444702,0.03756584972143173
0.036782242357730865,-0.00311114639043808,0.0006353706121444702,0.03756584972143173
0.036782242357730865,-0.00311114639043808,0.0006353706121444702,0.03756584972143173
0.036782242357730865,-0.00311114639043808,0.0006353706121444702,0.03756584972143173
0.036782242357730865,-0.00311114639043808,0.0006353706121444702,0.03756584972143173
0.036782242357730865,-0.00311114639043808,0.0006353706121444702,0.03756584972143173
0.036782242357730865,-0.00311114639043808,0.0006353706121444702,0.03756584972143173
0.036782242357730865,-0.00311114639043808,0.0006353706121444702,0.03756584972143173
0.036782242357730865,-0.00311114639043808,0.0006353706121444702,0.03756584972143173
0.036782242357730865,-0.00311114639043808,0.0006353706121444702,0.03756584972143173
0.036782242357730865,-0.00311114639043808,0.0006353706121444702,0.03756584972143173
0.036782242357730865,-0.00311114639043808,0.0006353706121444702,0.03756584972143173
0.036782242357730865,-0.00311114639043808,0.0006353706121444702,0.03756584972143173
0.036782242357730865,-0.00311114639043808,0.0006353706121444702,0.03756584972143173
0.036782242357730865,-0.00311114639043808,0.0006353706121444702,0.03756584972143173
0.036782242357730865,-0.00311114639043808,0.0006353706121444702,0.03756584972143173
0.036782242357730865,-0.00311114639043808,0.0006353706121444702,0.03756584972143173
0.036782242357730865,-0.00311114639043808,0.0006353706121444702,0.03756584972143173
0.036782242357730865,-0.00311114639043808,0.0006353706121444702,0.03756584972143173
0.036782242357730865,-0.00311114639043808,0.0006353706121444702,0.03756584972143173
0.036782242357730865,-0.00311114639043808,0.0006353706121444702,0.03756584972143173
0.036782242357730865,-0.00311114639043808,0.0006353706121444702,0.03756584972143173
0.036782242357730865,-0.00311114639043808,0.0006353706121444702,0.03756584972143173
0.036782242357730865,-0.00311114639043808,0.0006353706121444702,0.03756584972143173
0.036782242357730865,-0.00311114639043808,0.0006353706121444702,0.03756584972143173
0.036782242357730865,-0.00311114639043808,0.0006353706121444702,0.03756584972143173
0.036782242357730865,-0.00311114639043808,0.0006353706121444702,0.03756584972143173
0.036782242357730865,-0.00311114639043808,0.0006353706121444702,0.03756584972143173
0.036782242357730865,-0.00311114639043808,0.0006353706121444702,0.03756584972143173
0.036782242357730865,-0.00311114639043808,0.0006353706121444702,0.03756584972143173
0.036782242357730865,-0.00311114639043808,0.0006353706121444702,0.03756584972143173
0.036782242357730865,-0.00311114639043808,0.0006353706121444702,0.03756584972143173
0.036782242357730865,-0.00311114639043808,0.0006353706121444702,0.03756584972143173
0.036782242357730865,-0.00311114639043808,0.0006353706121444702,0.03756584972143173
0.036782242357730865,-0.00311114639043808,0.0006353706121444702,0.03756584972143173
0.036782242357730865,-0.00311114639043808,0.0006353706121444702,0.03756584972143173
0.036782242357730865,-0.00311114639043808,0.0006353706121444702,0.03756584972143173
0.036782242357730865,-0.00311114639043808,0.0006353706121444702,0.03756584972143173
0.036782242357730865,-0.00311114639043808,0.0006353706121444702,0.03756584972143173
0.036782242357730865,-0.00311114639043808,0.0006353706121444702,0.03756584972143173
0.036782242357730865,-0.00311114639043808,0.0006353706121444702,0.03756584972143173
0.036782242357730865,-0.00311114639043808,0.0006353706121444702,0.03756584972143173
0.03676827251911163,-0.0029394179582595825,0.0006811767816543579,0.03754273056983948
0.03677193075418472,-0.0029142796993255615,0.0006802491843700409,0.037563011050224304
0.03674338012933731,-0.002863757312297821,0.0006709061563014984,0.037665821611881256
0.03673678636550903,-0.002815552055835724,0.000685080885887146,0.037681080400943756
0.03675026446580887,-0.0026242509484291077,0.0005960389971733093,0.03750946372747421
0.0367647185921669,-0.002553418278694153,0.000586535781621933,0.037471361458301544
0.03676668554544449,-0.002542756497859955,0.0005861632525920868,0.037468403577804565
0.036766886711120605,-0.0025406330823898315,0.0005860663950443268,0.03746812045574188
0.036766886711120605,-0.002540178596973419,0.0005861483514308929,0.0374680757522583
0.036766886711120605,-0.002540089190006256,0.0005861632525920868,0.0374680757522583
0.036766886711120605,-0.0025400593876838684,0.0005861632525920868,0.0374680757522583
0.036766886711120605,-0.0025400593876838684,0.0005861632525920868,0.0374680757522583
0.036766886711120605,-0.0025400593876838684,0.0005861632525920868,0.0374680757522583
0.036766886711120605,-0.0025400593876838684,0.0005861632525920868,0.0374680757522583
0.036766886711120605,-0.0025400593876838684,0.0005861632525920868,0.0374680757522583
0.036766886711120605,-0.0025400593876838684,0.0005861632525920868,0.0374680757522583
0.036766886711120605,-0.0025400593876838684,0.0005861632525920868,0.0374680757522583
0.036766886711120605,-0.0025400593876838684,0.0005861632525920868,0.0374680757522583
0.036766886711120605,-0.0025400593876838684,0.0005861632525920868,0.0374680757522583
0.036766886711120605,-0.0025400593876838684,0.0005861632525920868,0.0374680757522583
0.036705389618873596,-0.0025224611163139343,0.0004434622824192047,0.03742778301239014
0.036703579127788544,-0.0025382041931152344,0.0003921613097190857,0.03740990161895752
0.03661723434925079,-0.002458244562149048,0.0008023716509342194,0.03823278099298477
0.03657824546098709,-0.0022662729024887085,0.0009804368019104004,0.03841477632522583
0.03679228574037552,-0.0018623247742652893,0.0014212243258953094,0.03921791911125183
0.03681832551956177,-0.0015194788575172424,0.0016209296882152557,0.03936108946800232
0.03687547147274017,-0.0014335215091705322,0.0014522410929203033,0.03938145935535431
0.03689289093017578,-0.0014260783791542053,0.0014059506356716156,0.03935676068067551
0.03691346198320389,-0.0013956353068351746,0.0012682527303695679,0.03916475921869278
0.03691618889570236,-0.0013413652777671814,0.0012622997164726257,0.03910384327173233
0.03691628575325012,-0.0013395920395851135,0.0012630186975002289,0.03909783810377121
0.036916255950927734,-0.0013397783041000366,0.0012630447745323181,0.03909696638584137
0.03691624104976654,-0.0013398528099060059,0.001263059675693512,0.0390968844294548
0.03691624104976654,-0.0013398826122283936,0.001263059675693512,0.03909684717655182
0.03691624104976654,-0.0013398975133895874,0.001263059675693512,0.03909684717655182
0.03691624104976654,-0.0013398975133895874,0.001263059675693512,0.03909684717655182
0.0369412899017334,-0.0014251098036766052,0.001346401870250702,0.0390871986746788
0.03693837672472,-0.0013989657163619995,0.001379791647195816,0.03907053917646408
0.03694888949394226,-0.0013932883739471436,0.0013711825013160706,0.0390981063246727
0.03695100545883179,-0.0013922899961471558,0.001369718462228775,0.039100147783756256
0.03694022446870804,-0.0013926252722740173,0.0014032088220119476,0.039058275520801544
0.03699115663766861,-0.0014376193284988403,0.001461077481508255,0.03913876414299011
0.036999233067035675,-0.0014200136065483093,0.001488570123910904,0.03915540874004364
0.036999814212322235,-0.001418784260749817,0.0014908649027347565,0.03915698826313019
0.03699987381696701,-0.0014188140630722046,0.0014910884201526642,0.039156995713710785
0.03699987381696701,-0.0014188438653945923,0.0014910735189914703,0.039156973361968994
0.03699987381696701,-0.0014188140630722046,0.0014910437166690826,0.039156973361968994
0.03699987381696701,-0.0014188140630722046,0.0014910437166690826,0.039156973361968994
0.03699987381696701,-0.0014188140630722046,0.0014910437166690826,0.039156973361968994
0.03699987381696701,-0.0014188140630722046,0.0014910437166690826,0.039156973361968994
0.03699987381696701,-0.0014188140630722046,0.0014910437166690826,0.039156973361968994
0.03699987381696701,-0.0014188140630722046,0.0014910437166690826,0.039156973361968994
0.03699987381696701,-0.0014188140630722046,0.0014910437166690826,0.039156973361968994
0.03699987381696701,-0.0014188140630722046,0.0014910437166690826,0.039156973361968994
0.03699987381696701,-0.0014188140630722046,0.0014910437166690826,0.039156973361968994
0.03699987381696701,-0.0014188140630722046,0.0014910437166690826,0.039156973361968994
0.03699987381696701,-0.0014188140630722046,0.0014910437166690826,0.039156973361968994
0.03699987381696701,-0.0014188140630722046,0.0014910437166690826,0.039156973361968994
0.03699987381696701,-0.0014188140630722046,0.0014910437166690826,0.039156973361968994
0.03699987381696701,-0.0014188140630722046,0.0014910437166690826,0.039156973361968994
0.03699987381696701,-0.0014188140630722046,0.0014910437166690826,0.039156973361968994
0.03699987381696701,-0.0014188140630722046,0.0014910437166690826,0.039156973361968994
0.03699987381696701,-0.0014188140630722046,0.0014910437166690826,0.039156973361968994
0.03699987381696701,-0.0014188140630722046,0.0014910437166690826,0.039156973361968994
0.03699987381696701,-0.0014188140630722046,0.0014910437166690826,0.039156973361968994
0.03699987381696701,-0.0014188140630722046,0.0014910437166690826,0.039156973361968994
0.03699987381696701,-0.0014188140630722046,0.0014910437166690826,0.039156973361968994
0.03699987381696701,-0.0014188140630722046,0.0014910437166690826,0.039156973361968994
0.03699987381696701,-0.0014188140630722046,0.0014910437166690826,0.039156973361968994
0.03699987381696701,-0.0014188140630722046,0.0014910437166690826,0.039156973361968994
0.03699987381696701,-0.0014188140630722046,0.0014910437166690826,0.039156973361968994
0.03699987381696701,-0.0014188140630722046,0.0014910437166690826,0.039156973361968994
0.036994144320487976,-0.0014048144221305847,0.0014564283192157745,0.03910773992538452
0.03699648380279541,-0.0014241933822631836,0.0014363117516040802,0.039095439016819
0.036997102200984955,-0.001427389681339264,0.0014343447983264923,0.03909427672624588
0.03699718415737152,-0.0014279559254646301,0.0014342255890369415,0.03909430652856827
0.03699720650911331,-0.0014280378818511963,0.0014342255890369415,0.03909432888031006
0.03699720650911331,-0.0014280527830123901,0.0014342255890369415,0.03909432888031006
0.03699720650911331,-0.0014280527830123901,0.0014342255890369415,0.03909432888031006
0.03699720650911331,-0.0014280825853347778,0.0014342255890369415,0.03909432888031006
0.03699347376823425,-0.0014235526323318481,0.0014801733195781708,0.03916177898645401
0.03699140250682831,-0.0013895481824874878,0.0015019066631793976,0.039185889065265656
0.03699081391096115,-0.001385420560836792,0.001503828912973404,0.03918808698654175
0.03699072450399399,-0.001384839415550232,0.0015040300786495209,0.03918817639350891
0.036990709602832794,-0.0013847500085830688,0.0015040598809719086,0.03918816149234772
0.036990709602832794,-0.0013847202062606812,0.0015040598809719086,0.03918816149234772
0.036990709602832794,-0.0013847202062606812,0.0015040598809719086,0.03918816149234772
0.036990709602832794,-0.0013847202062606812,0.0015040598809719086,0.03918816149234772
0.036990709602832794,-0.0013847202062606812,0.0015040598809719086,0.03918816149234772
0.036990709602832794,-0.0013847202062606812,0.0015040598809719086,0.03918816149234772
0.036990709602832794,-0.0013847202062606812,0.0015040598809719086,0.03918816149234772
0.036990709602832794,-0.0013847202062606812,0.0015040598809719086,0.03918816149234772
0.036990709602832794,-0.0013847202062606812,0.0015040598809719086,0.03918816149234772
0.036990709602832794,-0.0013847202062606812,0.0015040598809719086,0.03918816149234772
0.036990709602832794,-0.0013847202062606812,0.0015040598809719086,0.03918816149234772
0.036990709602832794,-0.0013847202062606812,0.0015040598809719086,0.03918816149234772
0.036990709602832794,-0.0013847202062606812,0.0015040598809719086,0.03918816149234772
0.036990709602832794,-0.0013847202062606812,0.0015040598809719086,0.03918816149234772
0.036990709602832794,-0.0013847202062606812,0.0015040598809719086,0.03918816149234772
0.036990709602832794,-0.0013847202062606812,0.0015040598809719086,0.03918816149234772
0.036990709602832794,-0.0013847202062606812,0.0015040598809719086,0.03918816149234772
0.036990709602832794,-0.0013847202062606812,0.0015040598809719086,0.03918816149234772
0.036990709602832794,-0.0013847202062606812,0.0015040598809719086,0.03918816149234772
0.036990709602832794,-0.0013847202062606812,0.0015040598809719086,0.03918816149234772
0.036990709602832794,-0.0013847202062606812,0.0015040598809719086,0.03918816149234772
0.036990709602832794,-0.0013847202062606812,0.0015040598809719086,0.03918816149234772
0.036990709602832794,-0.0013847202062606812,0.0015040598809719086,0.03918816149234772
0.036990709602832794,-0.0013847202062606812,0.0015040598809719086,0.03918816149234772
0.03698410838842392,-0.0013978630304336548,0.0015082843601703644,0.03919260948896408
0.03698191046714783,-0.001409783959388733,0.0015077851712703705,0.03919476270675659
0.036981627345085144,-0.0014110580086708069,0.0015075914561748505,0.03919495642185211
0.036981597542762756,-0.0014112293720245361,0.0015076212584972382,0.03919495642185211
0.036981597542762756,-0.001411251723766327,0.0015076212584972382,0.0391949787735939
0.036981597542762756,-0.0014112666249275208,0.0015076212584972382,0.0391949787735939
0.036981597542762756,-0.0014112666249275208,0.0015076212584972382,0.0391949787735939
0.036981597542762756,-0.0014112666249275208,0.0015076212584972382,0.0391949787735939
0.036981597542762756,-0.0014112666249275208,0.0015076212584972382,0.0391949787735939
0.036981597542762756,-0.0014112666249275208,0.0015076212584972382,0.0391949787735939
0.036981597542762756,-0.0014112666249275208,0.0015076212584972382,0.0391949787735939
0.036981597542762756,-0.0014112666249275208,0.0015076212584972382,0.0391949787735939
0.036981597542762756,-0.0014112666249275208,0.0015076212584972382,0.0391949787735939
0.036981597542762756,-0.0014112666249275208,0.0015076212584972382,0.0391949787735939
0.036981597542762756,-0.0014112666249275208,0.0015076212584972382,0.0391949787735939
0.036981597542762756,-0.0014112666249275208,0.0015076212584972382,0.0391949787735939
0.036981597542762756,-0.0014112666249275208,0.0015076212584972382,0.0391949787735939
0.036981597542762756,-0.0014112666249275208,0.0015076212584972382,0.0391949787735939
0.036981597542762756,-0.0014112666249275208,0.0015076212584972382,0.0391949787735939
0.036981597542762756,-0.0014112666249275208,0.0015076212584972382,0.0391949787735939
0.036981597542762756,-0.0014112666249275208,0.0015076212584972382,0.0391949787735939
0.036981597542762756,-0.0014112666249275208,0.0015076212584972382,0.0391949787735939
0.036981597542762756,-0.0014112666249275208,0.0015076212584972382,0.0391949787735939
0.036981597542762756,-0.0014112666249275208,0.0015076212584972382,0.0391949787735939
0.036981597542762756,-0.0014112666249275208,0.0015076212584972382,0.0391949787735939
0.036981597542762756,-0.0014112666249275208,0.0015076212584972382,0.0391949787735939
0.036981597542762756,-0.0014112666249275208,0.0015076212584972382,0.0391949787735939
0.036981597542762756,-0.0014112666249275208,0.0015076212584972382,0.0391949787735939
0.036981597542762756,-0.0014112666249275208,0.0015076212584972382,0.0391949787735939
0.036981597542762756,-0.0014112666249275208,0.0015076212584972382,0.0391949787735939
0.036981597542762756,-0.0014112666249275208,0.0015076212584972382,0.0391949787735939
0.036981597542762756,-0.0014112666249275208,0.0015076212584972382,0.0391949787735939
0.036981597542762756,-0.0014112666249275208,0.0015076212584972382,0.0391949787735939
0.036981597542762756,-0.0014112666249275208,0.0015076212584972382,0.0391949787735939
0.036981597542762756,-0.0014112666249275208,0.0015076212584972382,0.0391949787735939
0.036981597542762756,-0.0014112666249275208,0.0015076212584972382,0.0391949787735939
0.036981597542762756,-0.0014112666249275208,0.0015076212584972382,0.0391949787735939
0.036981597542762756,-0.0014112666249275208,0.0015076212584972382,0.0391949787735939
0.036981597542762756,-0.0014112666249275208,0.0015076212584972382,0.0391949787735939
0.036981597542762756,-0.0014112666249275208,0.0015076212584972382,0.0391949787735939
0.036981597542762756,-0.0014112666249275208,0.0015076212584972382,0.0391949787735939
0.036981597542762756,-0.0014112666249275208,0.0015076212584972382,0.0391949787735939
0.036981597542762756,-0.0014112666249275208,0.0015076212584972382,0.0391949787735939
0.036981597542762756,-0.0014112666249275208,0.0015076212584972382,0.0391949787735939
0.036981597542762756,-0.0014112666249275208,0.0015076212584972382,0.0391949787735939
0.036981597542762756,-0.0014112666249275208,0.0015076212584972382,0.0391949787735939
0.036981597542762756,-0.0014112666249275208,0.0015076212584972382,0.0391949787735939
0.036981597542762756,-0.0014112666249275208,0.0015076212584972382,0.0391949787735939
0.036981597542762756,-0.0014112666249275208,0.0015076212584972382,0.0391949787735939
0.036981597542762756,-0.0014112666249275208,0.0015076212584972382,0.0391949787735939
0.036981597542762756,-0.0014112666249275208,0.0015076212584972382,0.0391949787735939
0.036981597542762756,-0.0014112666249275208,0.0015076212584972382,0.0391949787735939
0.036981597542762756,-0.0014112666249275208,0.0015076212584972382,0.0391949787735939
0.036981597542762756,-0.0014112666249275208,0.0015076212584972382,0.0391949787735939
0.036981597542762756,-0.0014112666249275208,0.0015076212584972382,0.0391949787735939
0.036981597542762756,-0.0014112666249275208,0.0015076212584972382,0.0391949787735939
0.036981597542762756,-0.0014112666249275208,0.0015076212584972382,0.0391949787735939
0.036981597542762756,-0.0014112666249275208,0.0015076212584972382,0.0391949787735939
0.036981597542762756,-0.0014112666249275208,0.0015076212584972382,0.0391949787735939
0.036981597542762756,-0.0014112666249275208,0.0015076212584972382,0.0391949787735939
0.036981597542762756,-0.0014112666249275208,0.0015076212584972382,0.0391949787735939
0.036981597542762756,-0.0014112666249275208,0.0015076212584972382,0.0391949787735939
0.036981597542762756,-0.0014112666249275208,0.0015076212584972382,0.0391949787735939
0.036981597542762756,-0.0014112666249275208,0.0015076212584972382,0.0391949787735939
0.036981597542762756,-0.0014112666249275208,0.0015076212584972382,0.0391949787735939
0.036981597542762756,-0.0014112666249275208,0.0015076212584972382,0.0391949787735939
0.036981597542762756,-0.0014112666249275208,0.0015076212584972382,0.0391949787735939
0.036981597542762756,-0.0014112666249275208,0.0015076212584972382,0.0391949787735939
0.036981597542762756,-0.0014112666249275208,0.0015076212584972382,0.0391949787735939
0.036981597542762756,-0.0014112666249275208,0.0015076212584972382,0.0391949787735939
0.036981597542762756,-0.0014112666249275208,0.0015076212584972382,0.0391949787735939
0.036981597542762756,-0.0014112666249275208,0.0015076212584972382,0.0391949787735939
0.036981597542762756,-0.0014112666249275208,0.0015076212584972382,0.0391949787735939
0.036981597542762756,-0.0014112666249275208,0.0015076212584972382,0.0391949787735939
0.036981597542762756,-0.0014112666249275208,0.0015076212584972382,0.0391949787735939
0.036981597542762756,-0.0014112666249275208,0.0015076212584972382,0.0391949787735939
0.036981597542762756,-0.0014112666249275208,0.0015076212584972382,0.0391949787735939
0.036981597542762756,-0.0014112666249275208,0.0015076212584972382,0.0391949787735939
0.036981597542762756,-0.0014112666249275208,0.0015076212584972382,0.0391949787735939
0.036981597542762756,-0.0014112666249275208,0.0015076212584972382,0.0391949787735939
0.036981597542762756,-0.0014112666249275208,0.0015076212584972382,0.0391949787735939
0.036981597542762756,-0.0014112666249275208,0.0015076212584972382,0.0391949787735939
0.036981597542762756,-0.0014112666249275208,0.0015076212584972382,0.0391949787735939
0.036981597542762756,-0.0014112666249275208,0.0015076212584972382,0.0391949787735939
0.036981597542762756,-0.0014112666249275208,0.0015076212584972382,0.0391949787735939
0.036981597542762756,-0.0014112666249275208,0.0015076212584972382,0.0391949787735939
0.036981597542762756,-0.0014112666249275208,0.0015076212584972382,0.0391949787735939
0.036981597542762756,-0.0014112666249275208,0.0015076212584972382,0.0391949787735939
0.036981597542762756,-0.0014112666249275208,0.0015076212584972382,0.0391949787735939
0.036981597542762756,-0.0014112666249275208,0.0015076212584972382,0.0391949787735939
0.036981597542762756,-0.0014112666249275208,0.0015076212584972382,0.0391949787735939
0.036981597542762756,-0.0014112666249275208,0.0015076212584972382,0.0391949787735939
0.036981597542762756,-0.0014112666249275208,0.0015076212584972382,0.0391949787735939
0.036981597542762756,-0.0014112666249275208,0.0015076212584972382,0.0391949787735939
0.036981597542762756,-0.0014112666249275208,0.0015076212584972382,0.0391949787735939
0.036981597542762756,-0.0014112666249275208,0.0015076212584972382,0.0391949787735939
0.036981597542762756,-0.0014112666249275208,0.0015076212584972382,0.0391949787735939
0.036981597542762756,-0.0014112666249275208,0.0015076212584972382,0.0391949787735939
0.036981597542762756,-0.0014112666249275208,0.0015076212584972382,0.0391949787735939
0.036981597542762756,-0.0014112666249275208,0.0015076212584972382,0.0391949787735939
0.036981597542762756,-0.0014112666249275208,0.0015076212584972382,0.0391949787735939
0.036981597542762756,-0.0014112666249275208,0.0015076212584972382,0.0391949787735939
0.036981597542762756,-0.0014112666249275208,0.0015076212584972382,0.0391949787735939
0.036981597542762756,-0.0014112666249275208,0.0015076212584972382,0.0391949787735939
0.036981597542762756,-0.0014112666249275208,0.0015076212584972382,0.0391949787735939
0.036981597542762756,-0.0014112666249275208,0.0015076212584972382,0.0391949787735939
0.036981597542762756,-0.0014112666249275208,0.0015076212584972382,0.0391949787735939
0.036981597542762756,-0.0014112666249275208,0.0015076212584972382,0.0391949787735939
0.036981597542762756,-0.0014112666249275208,0.0015076212584972382,0.0391949787735939
0.036981597542762756,-0.0014112666249275208,0.0015076212584972382,0.0391949787735939
0.036981597542762756,-0.0014112666249275208,0.0015076212584972382,0.0391949787735939
0.036981597542762756,-0.0014112666249275208,0.0015076212584972382,0.0391949787735939
0.036981597542762756,-0.0014112666249275208,0.0015076212584972382,0.0391949787735939
0.036981597542762756,-0.0014112666249275208,0.0015076212584972382,0.0391949787735939
0.036981597542762756,-0.0014112666249275208,0.0015076212584972382,0.0391949787735939
0.036981597542762756,-0.0014112666249275208,0.0015076212584972382,0.0391949787735939
0.036981597542762756,-0.0014112666249275208,0.0015076212584972382,0.0391949787735939
0.036981597542762756,-0.0014112666249275208,0.0015076212584972382,0.0391949787735939
0.036981597542762756,-0.0014112666249275208,0.0015076212584972382,0.0391949787735939
0.036981597542762756,-0.0014112666249275208,0.0015076212584972382,0.0391949787735939
0.036981597542762756,-0.0014112666249275208,0.0015076212584972382,0.0391949787735939
0.036981597542762756,-0.0014112666249275208,0.0015076212584972382,0.0391949787735939
0.036981597542762756,-0.0014112666249275208,0.0015076212584972382,0.0391949787735939
0.036981597542762756,-0.0014112666249275208,0.0015076212584972382,0.0391949787735939
0.036981597542762756,-0.0014112666249275208,0.0015076212584972382,0.0391949787735939
0.036981597542762756,-0.0014112666249275208,0.0015076212584972382,0.0391949787735939
0.036981597542762756,-0.0014112666249275208,0.0015076212584972382,0.0391949787735939
0.03698819875717163,-0.0013980492949485779,0.0015032775700092316,0.039190515875816345
0.03699038177728653,-0.001386202871799469,0.0015039332211017609,0.03918839991092682
0.036990679800510406,-0.0013849511742591858,0.0015040598809719086,0.03918822109699249
0.036990709602832794,-0.0013847500085830688,0.0015040300786495209,0.03918816149234772
0.036990709602832794,-0.001384735107421875,0.0015040598809719086,0.03918816149234772
0.036990709602832794,-0.0013847202062606812,0.0015040598809719086,0.03918816149234772
0.036990709602832794,-0.0013847202062606812,0.0015040598809719086,0.03918816149234772
0.036990709602832794,-0.0013847202062606812,0.0015040598809719086,0.03918816149234772
0.036990709602832794,-0.0013847202062606812,0.0015040598809719086,0.03918816149234772
0.036990709602832794,-0.0013847202062606812,0.0015040598809719086,0.03918816149234772
0.036990709602832794,-0.0013847202062606812,0.0015040598809719086,0.03918816149234772
0.036990709602832794,-0.0013847202062606812,0.0015040598809719086,0.03918816149234772
0.036990709602832794,-0.0013847202062606812,0.0015040598809719086,0.03918816149234772
0.036990709602832794,-0.0013847202062606812,0.0015040598809719086,0.03918816149234772
0.036990709602832794,-0.0013847202062606812,0.0015040598809719086,0.03918816149234772
0.036990709602832794,-0.0013847202062606812,0.0015040598809719086,0.03918816149234772
0.036990709602832794,-0.0013847202062606812,0.0015040598809719086,0.03918816149234772
0.036990709602832794,-0.0013847202062606812,0.0015040598809719086,0.03918816149234772
0.036990709602832794,-0.0013847202062606812,0.0015040598809719086,0.03918816149234772
0.036990709602832794,-0.0013847202062606812,0.0015040598809719086,0.03918816149234772
0.036990709602832794,-0.0013847202062606812,0.0015040598809719086,0.03918816149234772
0.036990709602832794,-0.0013847202062606812,0.0015040598809719086,0.03918816149234772
0.036990709602832794,-0.0013847202062606812,0.0015040598809719086,0.03918816149234772
0.036990709602832794,-0.0013847202062606812,0.0015040598809719086,0.03918816149234772
0.036990709602832794,-0.0013847202062606812,0.0015040598809719086,0.03918816149234772
0.036990709602832794,-0.0013847202062606812,0.0015040598809719086,0.03918816149234772
0.036990709602832794,-0.0013847202062606812,0.0015040598809719086,0.03918816149234772
0.036990709602832794,-0.0013847202062606812,0.0015040598809719086,0.03918816149234772
0.036990709602832794,-0.0013847202062606812,0.0015040598809719086,0.03918816149234772
0.036990709602832794,-0.0013847202062606812,0.0015040598809719086,0.03918816149234772
0.036990709602832794,-0.0013847202062606812,0.0015040598809719086,0.03918816149234772
0.036990709602832794,-0.0013847202062606812,0.0015040598809719086,0.03918816149234772
0.036990709602832794,-0.0013847202062606812,0.0015040598809719086,0.03918816149234772
0.036990709602832794,-0.0013847202062606812,0.0015040598809719086,0.03918816149234772
0.036990709602832794,-0.0013847202062606812,0.0015040598809719086,0.03918816149234772
0.036990709602832794,-0.0013847202062606812,0.0015040598809719086,0.03918816149234772
0.036990709602832794,-0.0013847202062606812,0.0015040598809719086,0.03918816149234772
0.036990709602832794,-0.0013847202062606812,0.0015040598809719086,0.03918816149234772
0.036990709602832794,-0.0013847202062606812,0.0015040598809719086,0.03918816149234772
0.036990709602832794,-0.0013847202062606812,0.0015040598809719086,0.03918816149234772
0.036990709602832794,-0.0013847202062606812,0.0015040598809719086,0.03918816149234772
0.036990709602832794,-0.0013847202062606812,0.0015040598809719086,0.03918816149234772
0.036990709602832794,-0.0013847202062606812,0.0015040598809719086,0.03918816149234772
0.036990709602832794,-0.0013847202062606812,0.0015040598809719086,0.03918816149234772
0.036990709602832794,-0.0013847202062606812,0.0015040598809719086,0.03918816149234772
0.036990709602832794,-0.0013847202062606812,0.0015040598809719086,0.03918816149234772
0.036990709602832794,-0.0013847202062606812,0.0015040598809719086,0.03918816149234772
0.036990709602832794,-0.0013847202062606812,0.0015040598809719086,0.03918816149234772
0.036990709602832794,-0.0013847202062606812,0.0015040598809719086,0.03918816149234772
0.036990709602832794,-0.0013847202062606812,0.0015040598809719086,0.03918816149234772
0.036990709602832794,-0.0013847202062606812,0.0015040598809719086,0.03918816149234772
0.036990709602832794,-0.0013847202062606812,0.0015040598809719086,0.03918816149234772
0.036990709602832794,-0.0013847202062606812,0.0015040598809719086,0.03918816149234772
0.036990709602832794,-0.0013847202062606812,0.0015040598809719086,0.03918816149234772
0.036990709602832794,-0.0013847202062606812,0.0015040598809719086,0.03918816149234772
0.036990709602832794,-0.0013847202062606812,0.0015040598809719086,0.03918816149234772
0.036990709602832794,-0.0013847202062606812,0.0015040598809719086,0.03918816149234772
0.036990709602832794,-0.0013847202062606812,0.0015040598809719086,0.03918816149234772
0.036990709602832794,-0.0013847202062606812,0.0015040598809719086,0.03918816149234772
0.036990709602832794,-0.0013847202062606812,0.0015040598809719086,0.03918816149234772
0.036990709602832794,-0.0013847202062606812,0.0015040598809719086,0.03918816149234772
0.036990709602832794,-0.0013847202062606812,0.0015040598809719086,0.03918816149234772
0.036990709602832794,-0.0013847202062606812,0.0015040598809719086,0.03918816149234772
0.036990709602832794,-0.0013847202062606812,0.0015040598809719086,0.03918816149234772
0.036990709602832794,-0.0013847202062606812,0.0015040598809719086,0.03918816149234772
0.036990709602832794,-0.0013847202062606812,0.0015040598809719086,0.03918816149234772
0.036990709602832794,-0.0013847202062606812,0.0015040598809719086,0.03918816149234772
0.036990709602832794,-0.0013847202062606812,0.0015040598809719086,0.03918816149234772
0.036990709602832794,-0.0013847202062606812,0.0015040598809719086,0.03918816149234772
0.036990709602832794,-0.0013847202062606812,0.0015040598809719086,0.03918816149234772
0.036990709602832794,-0.0013847202062606812,0.0015040598809719086,0.03918816149234772
0.036990709602832794,-0.0013847202062606812,0.0015040598809719086,0.03918816149234772
0.036990709602832794,-0.0013847202062606812,0.0015040598809719086,0.03918816149234772
0.036990709602832794,-0.0013847202062606812,0.0015040598809719086,0.03918816149234772
0.036990709602832794,-0.0013847202062606812,0.0015040598809719086,0.03918816149234772
0.036990709602832794,-0.0013847202062606812,0.0015040598809719086,0.03918816149234772
0.036990709602832794,-0.0013847202062606812,0.0015040598809719086,0.03918816149234772
0.036990709602832794,-0.0013847202062606812,0.0015040598809719086,0.03918816149234772
0.036990709602832794,-0.0013847202062606812,0.0015040598809719086,0.03918816149234772
0.036990709602832794,-0.0013847202062606812,0.0015040598809719086,0.03918816149234772
0.036990709602832794,-0.0013847202062606812,0.0015040598809719086,0.03918816149234772
0.036990709602832794,-0.0013847202062606812,0.0015040598809719086,0.03918816149234772
0.036990709602832794,-0.0013847202062606812,0.0015040598809719086,0.03918816149234772
0.036990709602832794,-0.0013847202062606812,0.0015040598809719086,0.03918816149234772
0.036990709602832794,-0.0013847202062606812,0.0015040598809719086,0.03918816149234772
0.036990709602832794,-0.0013847202062606812,0.0015040598809719086,0.03918816149234772
0.036990709602832794,-0.0013847202062606812,0.0015040598809719086,0.03918816149234772
0.036990709602832794,-0.0013847202062606812,0.0015040598809719086,0.03918816149234772
0.036990709602832794,-0.0013847202062606812,0.0015040598809719086,0.03918816149234772
0.036990709602832794,-0.0013847202062606812,0.0015040598809719086,0.03918816149234772
0.036990709602832794,-0.0013847202062606812,0.0015040598809719086,0.03918816149234772
0.036990709602832794,-0.0013847202062606812,0.0015040598809719086,0.03918816149234772
0.036990709602832794,-0.0013847202062606812,0.0015040598809719086,0.03918816149234772
0.036990709602832794,-0.0013847202062606812,0.0015040598809719086,0.03918816149234772
0.036990709602832794,-0.0013847202062606812,0.0015040598809719086,0.03918816149234772
0.036990709602832794,-0.0013847202062606812,0.0015040598809719086,0.03918816149234772
0.036990709602832794,-0.0013847202062606812,0.0015040598809719086,0.03918816149234772
0.036990709602832794,-0.0013847202062606812,0.0015040598809719086,0.03918816149234772
0.036990709602832794,-0.0013847202062606812,0.0015040598809719086,0.03918816149234772
0.036990709602832794,-0.0013847202062606812,0.0015040598809719086,0.03918816149234772
0.036990709602832794,-0.0013847202062606812,0.0015040598809719086,0.03918816149234772
0.036990709602832794,-0.0013847202062606812,0.0015040598809719086,0.03918816149234772
0.036990709602832794,-0.0013847202062606812,0.0015040598809719086,0.03918816149234772
0.036990709602832794,-0.0013847202062606812,0.0015040598809719086,0.03918816149234772
0.036990709602832794,-0.0013847202062606812,0.0015040598809719086,0.03918816149234772
0.036990709602832794,-0.0013847202062606812,0.0015040598809719086,0.03918816149234772
0.036990709602832794,-0.0013847202062606812,0.0015040598809719086,0.03918816149234772
0.036990709602832794,-0.0013847202062606812,0.0015040598809719086,0.03918816149234772
0.036990709602832794,-0.0013847202062606812,0.0015040598809719086,0.03918816149234772
0.036990709602832794,-0.0013847202062606812,0.0015040598809719086,0.03918816149234772
0.036990709602832794,-0.0013847202062606812,0.0015040598809719086,0.03918816149234772
0.036990709602832794,-0.0013847202062606812,0.0015040598809719086,0.03918816149234772
0.036990709602832794,-0.0013847202062606812,0.0015040598809719086,0.03918816149234772
0.036990709602832794,-0.0013847202062606812,0.0015040598809719086,0.03918816149234772
0.036990709602832794,-0.0013847202062606812,0.0015040598809719086,0.03918816149234772
0.036990709602832794,-0.0013847202062606812,0.0015040598809719086,0.03918816149234772
0.036990709602832794,-0.0013847202062606812,0.0015040598809719086,0.03918816149234772
0.036990709602832794,-0.0013847202062606812,0.0015040598809719086,0.03918816149234772
0.036990709602832794,-0.0013847202062606812,0.0015040598809719086,0.03918816149234772
0.036990709602832794,-0.0013847202062606812,0.0015040598809719086,0.03918816149234772
0.036990709602832794,-0.0013847202062606812,0.0015040598809719086,0.03918816149234772
0.036990709602832794,-0.0013847202062606812,0.0015040598809719086,0.03918816149234772
0.036990709602832794,-0.0013847202062606812,0.0015040598809719086,0.03918816149234772
0.036990709602832794,-0.0013847202062606812,0.0015040598809719086,0.03918816149234772
0.036990709602832794,-0.0013847202062606812,0.0015040598809719086,0.03918816149234772
0.036990709602832794,-0.0013847202062606812,0.0015040598809719086,0.03918816149234772
0.036990709602832794,-0.0013847202062606812,0.0015040598809719086,0.03918816149234772
0.036990709602832794,-0.0013847202062606812,0.0015040598809719086,0.03918816149234772
0.036990709602832794,-0.0013847202062606812,0.0015040598809719086,0.03918816149234772
0.036990709602832794,-0.0013847202062606812,0.0015040598809719086,0.03918816149234772
0.036990709602832794,-0.0013847202062606812,0.0015040598809719086,0.03918816149234772
0.036990709602832794,-0.0013847202062606812,0.0015040598809719086,0.03918816149234772
0.036990709602832794,-0.0013847202062606812,0.0015040598809719086,0.03918816149234772
0.036990709602832794,-0.0013847202062606812,0.0015040598809719086,0.03918816149234772
0.036990709602832794,-0.0013847202062606812,0.0015040598809719086,0.03918816149234772
0.036990709602832794,-0.0013847202062606812,0.0015040598809719086,0.03918816149234772
0.036990709602832794,-0.0013847202062606812,0.0015040598809719086,0.03918816149234772
0.036990709602832794,-0.0013847202062606812,0.0015040598809719086,0.03918816149234772
0.036990709602832794,-0.0013847202062606812,0.0015040598809719086,0.03918816149234772
0.036990709602832794,-0.0013847202062606812,0.0015040598809719086,0.03918816149234772
0.036990709602832794,-0.0013847202062606812,0.0015040598809719086,0.03918816149234772
0.036990709602832794,-0.0013847202062606812,0.0015040598809719086,0.03918816149234772
0.036990709602832794,-0.0013847202062606812,0.0015040598809719086,0.03918816149234772
0.036990709602832794,-0.0013847202062606812,0.0015040598809719086,0.03918816149234772
0.036990709602832794,-0.0013847202062606812,0.0015040598809719086,0.03918816149234772
0.036990709602832794,-0.0013847202062606812,0.0015040598809719086,0.03918816149234772
0.036990709602832794,-0.0013847202062606812,0.0015040598809719086,0.03918816149234772
0.036990709602832794,-0.0013847202062606812,0.0015040598809719086,0.03918816149234772
0.036990709602832794,-0.0013847202062606812,0.0015040598809719086,0.03918816149234772
0.036990709602832794,-0.0013847202062606812,0.0015040598809719086,0.03918816149234772
0.036990709602832794,-0.0013847202062606812,0.0015040598809719086,0.03918816149234772
0.036990709602832794,-0.0013847202062606812,0.0015040598809719086,0.03918816149234772
0.036990709602832794,-0.0013847202062606812,0.0015040598809719086,0.03918816149234772
0.036990709602832794,-0.0013847202062606812,0.0015040598809719086,0.03918816149234772
0.036990709602832794,-0.0013847202062606812,0.0015040598809719086,0.03918816149234772
0.036990709602832794,-0.0013847202062606812,0.0015040598809719086,0.03918816149234772
0.036990709602832794,-0.0013847202062606812,0.0015040598809719086,0.03918816149234772
0.036990709602832794,-0.0013847202062606812,0.0015040598809719086,0.03918816149234772
0.036990709602832794,-0.0013847202062606812,0.0015040598809719086,0.03918816149234772
0.036990709602832794,-0.0013847202062606812,0.0015040598809719086,0.03918816149234772
0.036990709602832794,-0.0013847202062606812,0.0015040598809719086,0.03918816149234772
0.036990709602832794,-0.0013847202062606812,0.0015040598809719086,0.03918816149234772
0.036990709602832794,-0.0013847202062606812,0.0015040598809719086,0.03918816149234772
0.036990709602832794,-0.0013847202062606812,0.0015040598809719086,0.03918816149234772
0.036990709602832794,-0.0013847202062606812,0.0015040598809719086,0.03918816149234772
0.036990709602832794,-0.0013847202062606812,0.0015040598809719086,0.03918816149234772
0.036990709602832794,-0.0013847202062606812,0.0015040598809719086,0.03918816149234772
0.036990709602832794,-0.0013847202062606812,0.0015040598809719086,0.03918816149234772
0.036990709602832794,-0.0013847202062606812,0.0015040598809719086,0.03918816149234772
0.036990709602832794,-0.0013847202062606812,0.0015040598809719086,0.03918816149234772
0.036990709602832794,-0.0013847202062606812,0.0015040598809719086,0.03918816149234772
0.036990709602832794,-0.0013847202062606812,0.0015040598809719086,0.03918816149234772
0.036990709602832794,-0.0013847202062606812,0.0015040598809719086,0.03918816149234772
0.036990709602832794,-0.0013847202062606812,0.0015040598809719086,0.03918816149234772
0.036990709602832794,-0.0013847202062606812,0.0015040598809719086,0.03918816149234772
0.036990709602832794,-0.0013847202062606812,0.0015040598809719086,0.03918816149234772
0.036990709602832794,-0.0013847202062606812,0.0015040598809719086,0.03918816149234772
0.036990709602832794,-0.0013847202062606812,0.0015040598809719086,0.03918816149234772
0.036990709602832794,-0.0013847202062606812,0.0015040598809719086,0.03918816149234772
0.036990709602832794,-0.0013847202062606812,0.0015040598809719086,0.03918816149234772
0.036990709602832794,-0.0013847202062606812,0.0015040598809719086,0.03918816149234772
0.036990709602832794,-0.0013847202062606812,0.0015040598809719086,0.03918816149234772
0.036990709602832794,-0.0013847202062606812,0.0015040598809719086,0.03918816149234772
0.036990709602832794,-0.0013847202062606812,0.0015040598809719086,0.03918816149234772
0.036990709602832794,-0.0013847202062606812,0.0015040598809719086,0.03918816149234772
0.036990709602832794,-0.0013847202062606812,0.0015040598809719086,0.03918816149234772
0.036990709602832794,-0.0013847202062606812,0.0015040598809719086,0.03918816149234772
0.036990709602832794,-0.0013847202062606812,0.0015040598809719086,0.03918816149234772
0.036990709602832794,-0.0013847202062606812,0.0015040598809719086,0.03918816149234772
0.036990709602832794,-0.0013847202062606812,0.0015040598809719086,0.03918816149234772
0.036990709602832794,-0.0013847202062606812,0.0015040598809719086,0.03918816149234772
0.036990709602832794,-0.0013847202062606812,0.0015040598809719086,0.03918816149234772
0.036990709602832794,-0.0013847202062606812,0.0015040598809719086,0.03918816149234772
0.036990709602832794,-0.0013847202062606812,0.0015040598809719086,0.03918816149234772
0.036990709602832794,-0.0013847202062606812,0.0015040598809719086,0.03918816149234772
0.036990709602832794,-0.0013847202062606812,0.0015040598809719086,0.03918816149234772
0.036990709602832794,-0.0013847202062606812,0.0015040598809719086,0.03918816149234772
0.036990709602832794,-0.0013847202062606812,0.0015040598809719086,0.03918816149234772
0.036990709602832794,-0.0013847202062606812,0.0015040598809719086,0.03918816149234772
0.036990709602832794,-0.0013847202062606812,0.0015040598809719086,0.03918816149234772
0.036990709602832794,-0.0013847202062606812,0.0015040598809719086,0.03918816149234772
0.036990709602832794,-0.0013847202062606812,0.0015040598809719086,0.03918816149234772
0.036990709602832794,-0.0013847202062606812,0.0015040598809719086,0.03918816149234772
0.036990709602832794,-0.0013847202062606812,0.0015040598809719086,0.03918816149234772
0.036990709602832794,-0.0013847202062606812,0.0015040598809719086,0.03918816149234772
0.036990709602832794,-0.0013847202062606812,0.0015040598809719086,0.03918816149234772
0.036990709602832794,-0.0013847202062606812,0.0015040598809719086,0.03918816149234772
0.036990709602832794,-0.0013847202062606812,0.0015040598809719086,0.03918816149234772
0.036990709602832794,-0.0013847202062606812,0.0015040598809719086,0.03918816149234772
0.036990709602832794,-0.0013847202062606812,0.0015040598809719086,0.03918816149234772
0.036990709602832794,-0.0013847202062606812,0.0015040598809719086,0.03918816149234772
0.036990709602832794,-0.0013847202062606812,0.0015040598809719086,0.03918816149234772
0.036990709602832794,-0.0013847202062606812,0.0015040598809719086,0.03918816149234772
0.036990709602832794,-0.0013847202062606812,0.0015040598809719086,0.03918816149234772
0.036990709602832794,-0.0013847202062606812,0.0015040598809719086,0.03918816149234772
0.036990709602832794,-0.0013847202062606812,0.0015040598809719086,0.03918816149234772
0.036990709602832794,-0.0013847202062606812,0.0015040598809719086,0.03918816149234772
0.036990709602832794,-0.0013847202062606812,0.0015040598809719086,0.03918816149234772
0.036990709602832794,-0.0013847202062606812,0.0015040598809719086,0.03918816149234772
0.036990709602832794,-0.0013847202062606812,0.0015040598809719086,0.03918816149234772
0.036990709602832794,-0.0013847202062606812,0.0015040598809719086,0.03918816149234772
0.036990709602832794,-0.0013847202062606812,0.0015040598809719086,0.03918816149234772
0.036990709602832794,-0.0013847202062606812,0.0015040598809719086,0.03918816149234772
0.036990709602832794,-0.0013847202062606812,0.0015040598809719086,0.03918816149234772
0.036990709602832794,-0.0013847202062606812,0.0015040598809719086,0.03918816149234772
0.036990709602832794,-0.0013847202062606812,0.0015040598809719086,0.03918816149234772
0.036990709602832794,-0.0013847202062606812,0.0015040598809719086,0.03918816149234772
0.036990709602832794,-0.0013847202062606812,0.0015040598809719086,0.03918816149234772
0.036990709602832794,-0.0013847202062606812,0.0015040598809719086,0.03918816149234772
0.036990709602832794,-0.0013847202062606812,0.0015040598809719086,0.03918816149234772
0.036990709602832794,-0.0013847202062606812,0.0015040598809719086,0.03918816149234772
0.036990709602832794,-0.0013847202062606812,0.0015040598809719086,0.03918816149234772
0.036990709602832794,-0.0013847202062606812,0.0015040598809719086,0.03918816149234772
0.036990709602832794,-0.0013847202062606812,0.0015040598809719086,0.03918816149234772
0.036990709602832794,-0.0013847202062606812,0.0015040598809719086,0.03918816149234772
0.036990709602832794,-0.0013847202062606812,0.0015040598809719086,0.03918816149234772
0.036990709602832794,-0.0013847202062606812,0.0015040598809719086,0.03918816149234772
0.036990709602832794,-0.0013847202062606812,0.0015040598809719086,0.03918816149234772
0.036990709602832794,-0.0013847202062606812,0.0015040598809719086,0.03918816149234772
0.036990709602832794,-0.0013847202062606812,0.0015040598809719086,0.03918816149234772
0.036990709602832794,-0.0013847202062606812,0.0015040598809719086,0.03918816149234772
0.036990709602832794,-0.0013847202062606812,0.0015040598809719086,0.03918816149234772
0.036990709602832794,-0.0013847202062606812,0.0015040598809719086,0.03918816149234772
0.036990709602832794,-0.0013847202062606812,0.0015040598809719086,0.03918816149234772
0.036990709602832794,-0.0013847202062606812,0.0015040598809719086,0.03918816149234772
0.036990709602832794,-0.0013847202062606812,0.0015040598809719086,0.03918816149234772
0.036990709602832794,-0.0013847202062606812,0.0015040598809719086,0.03918816149234772
0.036990709602832794,-0.0013847202062606812,0.0015040598809719086,0.03918816149234772
0.036990709602832794,-0.0013847202062606812,0.0015040598809719086,0.03918816149234772
0.036990709602832794,-0.0013847202062606812,0.0015040598809719086,0.03918816149234772
0.036990709602832794,-0.0013847202062606812,0.0015040598809719086,0.03918816149234772
0.036990709602832794,-0.0013847202062606812,0.0015040598809719086,0.03918816149234772
0.036990709602832794,-0.0013847202062606812,0.0015040598809719086,0.03918816149234772
0.036990709602832794,-0.0013847202062606812,0.0015040598809719086,0.03918816149234772
0.036990709602832794,-0.0013847202062606812,0.0015040598809719086,0.03918816149234772
0.036990709602832794,-0.0013847202062606812,0.0015040598809719086,0.03918816149234772
0.036990709602832794,-0.0013847202062606812,0.0015040598809719086,0.03918816149234772
0.036990709602832794,-0.0013847202062606812,0.0015040598809719086,0.03918816149234772
0.036990709602832794,-0.0013847202062606812,0.0015040598809719086,0.03918816149234772
0.036990709602832794,-0.0013847202062606812,0.0015040598809719086,0.03918816149234772
0.036990709602832794,-0.0013847202062606812,0.0015040598809719086,0.03918816149234772
0.036990709602832794,-0.0013847202062606812,0.0015040598809719086,0.03918816149234772
0.036990709602832794,-0.0013847202062606812,0.0015040598809719086,0.03918816149234772
0.036990709602832794,-0.0013847202062606812,0.0015040598809719086,0.03918816149234772
0.036990709602832794,-0.0013847202062606812,0.0015040598809719086,0.03918816149234772
0.036990709602832794,-0.0013847202062606812,0.0015040598809719086,0.03918816149234772
0.036990709602832794,-0.0013847202062606812,0.0015040598809719086,0.03918816149234772
0.036990709602832794,-0.0013847202062606812,0.0015040598809719086,0.03918816149234772
0.036990709602832794,-0.0013847202062606812,0.0015040598809719086,0.03918816149234772
0.036990709602832794,-0.0013847202062606812,0.0015040598809719086,0.03918816149234772
0.036990709602832794,-0.0013847202062606812,0.0015040598809719086,0.03918816149234772
0.036990709602832794,-0.0013847202062606812,0.0015040598809719086,0.03918816149234772
0.036990709602832794,-0.0013847202062606812,0.0015040598809719086,0.03918816149234772
0.036990709602832794,-0.0013847202062606812,0.0015040598809719086,0.03918816149234772
0.036990709602832794,-0.0013847202062606812,0.0015040598809719086,0.03918816149234772
0.036990709602832794,-0.0013847202062606812,0.0015040598809719086,0.03918816149234772
0.036990709602832794,-0.0013847202062606812,0.0015040598809719086,0.03918816149234772
0.036990709602832794,-0.0013847202062606812,0.0015040598809719086,0.03918816149234772
0.036990709602832794,-0.0013847202062606812,0.0015040598809719086,0.03918816149234772
0.036990709602832794,-0.0013847202062606812,0.0015040598809719086,0.03918816149234772
0.036990709602832794,-0.0013847202062606812,0.0015040598809719086,0.03918816149234772
0.036990709602832794,-0.0013847202062606812,0.0015040598809719086,0.03918816149234772
0.036990709602832794,-0.0013847202062606812,0.0015040598809719086,0.03918816149234772
0.036990709602832794,-0.0013847202062606812,0.0015040598809719086,0.03918816149234772
0.036990709602832794,-0.0013847202062606812,0.0015040598809719086,0.03918816149234772
0.036990709602832794,-0.0013847202062606812,0.0015040598809719086,0.03918816149234772
0.036990709602832794,-0.0013847202062606812,0.0015040598809719086,0.03918816149234772
0.036990709602832794,-0.0013847202062606812,0.0015040598809719086,0.03918816149234772
0.036990709602832794,-0.0013847202062606812,0.0015040598809719086,0.03918816149234772
0.036990709602832794,-0.0013847202062606812,0.0015040598809719086,0.03918816149234772
0.036990709602832794,-0.0013847202062606812,0.0015040598809719086,0.03918816149234772
0.036990709602832794,-0.0013847202062606812,0.0015040598809719086,0.03918816149234772
0.036990709602832794,-0.0013847202062606812,0.0015040598809719086,0.03918816149234772
0.036990709602832794,-0.0013847202062606812,0.0015040598809719086,0.03918816149234772
0.036990709602832794,-0.0013847202062606812,0.0015040598809719086,0.03918816149234772
0.036990709602832794,-0.0013847202062606812,0.0015040598809719086,0.03918816149234772
0.036990709602832794,-0.0013847202062606812,0.0015040598809719086,0.03918816149234772
0.036990709602832794,-0.0013847202062606812,0.0015040598809719086,0.03918816149234772
0.036990709602832794,-0.0013847202062606812,0.0015040598809719086,0.03918816149234772
0.036990709602832794,-0.0013847202062606812,0.0015040598809719086,0.03918816149234772
0.036990709602832794,-0.0013847202062606812,0.0015040598809719086,0.03918816149234772
0.036990709602832794,-0.0013847202062606812,0.0015040598809719086,0.03918816149234772
0.036990709602832794,-0.0013847202062606812,0.0015040598809719086,0.03918816149234772
0.036990709602832794,-0.0013847202062606812,0.0015040598809719086,0.03918816149234772
0.036990709602832794,-0.0013847202062606812,0.0015040598809719086,0.03918816149234772
0.036990709602832794,-0.0013847202062606812,0.0015040598809719086,0.03918816149234772
0.036990709602832794,-0.0013847202062606812,0.0015040598809719086,0.03918816149234772
0.036990709602832794,-0.0013847202062606812,0.0015040598809719086,0.03918816149234772
0.036990709602832794,-0.0013847202062606812,0.0015040598809719086,0.03918816149234772
0.036990709602832794,-0.0013847202062606812,0.0015040598809719086,0.03918816149234772
0.036990709602832794,-0.0013847202062606812,0.0015040598809719086,0.03918816149234772
0.036990709602832794,-0.0013847202062606812,0.0015040598809719086,0.03918816149234772
0.036990709602832794,-0.0013847202062606812,0.0015040598809719086,0.03918816149234772
0.036990709602832794,-0.0013847202062606812,0.0015040598809719086,0.03918816149234772
0.036990709602832794,-0.0013847202062606812,0.0015040598809719086,0.03918816149234772
0.036990709602832794,-0.0013847202062606812,0.0015040598809719086,0.03918816149234772
0.036990709602832794,-0.0013847202062606812,0.0015040598809719086,0.03918816149234772
0.036990709602832794,-0.0013847202062606812,0.0015040598809719086,0.03918816149234772
0.036990709602832794,-0.0013847202062606812,0.0015040598809719086,0.03918816149234772
0.036990709602832794,-0.0013847202062606812,0.0015040598809719086,0.03918816149234772
0.036990709602832794,-0.0013847202062606812,0.0015040598809719086,0.03918816149234772
0.036990709602832794,-0.0013847202062606812,0.0015040598809719086,0.03918816149234772
0.036990709602832794,-0.0013847202062606812,0.0015040598809719086,0.03918816149234772
0.036990709602832794,-0.0013847202062606812,0.0015040598809719086,0.03918816149234772
0.036990709602832794,-0.0013847202062606812,0.0015040598809719086,0.03918816149234772
0.036990709602832794,-0.0013847202062606812,0.0015040598809719086,0.03918816149234772
0.036990709602832794,-0.0013847202062606812,0.0015040598809719086,0.03918816149234772
0.036990709602832794,-0.0013847202062606812,0.0015040598809719086,0.03918816149234772
0.036990709602832794,-0.0013847202062606812,0.0015040598809719086,0.03918816149234772
0.036990709602832794,-0.0013847202062606812,0.0015040598809719086,0.03918816149234772
0.036990709602832794,-0.0013847202062606812,0.0015040598809719086,0.03918816149234772
0.036990709602832794,-0.0013847202062606812,0.0015040598809719086,0.03918816149234772
0.036990709602832794,-0.0013847202062606812,0.0015040598809719086,0.03918816149234772
0.036990709602832794,-0.0013847202062606812,0.0015040598809719086,0.03918816149234772
0.036990709602832794,-0.0013847202062606812,0.0015040598809719086,0.03918816149234772
0.036990709602832794,-0.0013847202062606812,0.0015040598809719086,0.03918816149234772
0.036990709602832794,-0.0013847202062606812,0.0015040598809719086,0.03918816149234772
0.036990709602832794,-0.0013847202062606812,0.0015040598809719086,0.03918816149234772
0.036990709602832794,-0.0013847202062606812,0.0015040598809719086,0.03918816149234772
0.036990709602832794,-0.0013847202062606812,0.0015040598809719086,0.03918816149234772
0.036990709602832794,-0.0013847202062606812,0.0015040598809719086,0.03918816149234772
0.036990709602832794,-0.0013847202062606812,0.0015040598809719086,0.03918816149234772
0.036990709602832794,-0.0013847202062606812,0.0015040598809719086,0.03918816149234772
0.036990709602832794,-0.0013847202062606812,0.0015040598809719086,0.03918816149234772
0.036990709602832794,-0.0013847202062606812,0.0015040598809719086,0.03918816149234772
0.036990709602832794,-0.0013847202062606812,0.0015040598809719086,0.03918816149234772
0.036990709602832794,-0.0013847202062606812,0.0015040598809719086,0.03918816149234772
0.036990709602832794,-0.0013847202062606812,0.0015040598809719086,0.03918816149234772
0.036990709602832794,-0.0013847202062606812,0.0015040598809719086,0.03918816149234772
0.036990709602832794,-0.0013847202062606812,0.0015040598809719086,0.03918816149234772
0.036990709602832794,-0.0013847202062606812,0.0015040598809719086,0.03918816149234772
0.036990709602832794,-0.0013847202062606812,0.0015040598809719086,0.03918816149234772
0.036990709602832794,-0.0013847202062606812,0.0015040598809719086,0.03918816149234772
0.036990709602832794,-0.0013847202062606812,0.0015040598809719086,0.03918816149234772
0.036990709602832794,-0.0013847202062606812,0.0015040598809719086,0.03918816149234772
0.036990709602832794,-0.0013847202062606812,0.0015040598809719086,0.03918816149234772
0.036990709602832794,-0.0013847202062606812,0.0015040598809719086,0.03918816149234772
0.036990709602832794,-0.0013847202062606812,0.0015040598809719086,0.03918816149234772
0.036990709602832794,-0.0013847202062606812,0.0015040598809719086,0.03918816149234772
0.036990709602832794,-0.0013847202062606812,0.0015040598809719086,0.03918816149234772
0.036990709602832794,-0.0013847202062606812,0.0015040598809719086,0.03918816149234772
0.036990709602832794,-0.0013847202062606812,0.0015040598809719086,0.03918816149234772
0.036990709602832794,-0.0013847202062606812,0.0015040598809719086,0.03918816149234772
0.036990709602832794,-0.0013847202062606812,0.0015040598809719086,0.03918816149234772
0.036990709602832794,-0.0013847202062606812,0.0015040598809719086,0.03918816149234772
0.036990709602832794,-0.0013847202062606812,0.0015040598809719086,0.03918816149234772
0.036990709602832794,-0.0013847202062606812,0.0015040598809719086,0.03918816149234772
0.036990709602832794,-0.0013847202062606812,0.0015040598809719086,0.03918816149234772
0.036990709602832794,-0.0013847202062606812,0.0015040598809719086,0.03918816149234772
0.036990709602832794,-0.0013847202062606812,0.0015040598809719086,0.03918816149234772
0.036990709602832794,-0.0013847202062606812,0.0015040598809719086,0.03918816149234772
0.036990709602832794,-0.0013847202062606812,0.0015040598809719086,0.03918816149234772
0.036990709602832794,-0.0013847202062606812,0.0015040598809719086,0.03918816149234772
0.036990709602832794,-0.0013847202062606812,0.0015040598809719086,0.03918816149234772
0.036990709602832794,-0.0013847202062606812,0.0015040598809719086,0.03918816149234772
0.036990709602832794,-0.0013847202062606812,0.0015040598809719086,0.03918816149234772
0.036990709602832794,-0.0013847202062606812,0.0015040598809719086,0.03918816149234772
0.036990709602832794,-0.0013847202062606812,0.0015040598809719086,0.03918816149234772
0.036990709602832794,-0.0013847202062606812,0.0015040598809719086,0.03918816149234772
0.036990709602832794,-0.0013847202062606812,0.0015040598809719086,0.03918816149234772
0.036990709602832794,-0.0013847202062606812,0.0015040598809719086,0.03918816149234772
0.036990709602832794,-0.0013847202062606812,0.0015040598809719086,0.03918816149234772
0.036990709602832794,-0.0013847202062606812,0.0015040598809719086,0.03918816149234772
0.036990709602832794,-0.0013847202062606812,0.0015040598809719086,0.03918816149234772
0.036990709602832794,-0.0013847202062606812,0.0015040598809719086,0.03918816149234772
0.036990709602832794,-0.0013847202062606812,0.0015040598809719086,0.03918816149234772
0.036990709602832794,-0.0013847202062606812,0.0015040598809719086,0.03918816149234772
0.036990709602832794,-0.0013847202062606812,0.0015040598809719086,0.03918816149234772
0.036990709602832794,-0.0013847202062606812,0.0015040598809719086,0.03918816149234772
0.036990709602832794,-0.0013847202062606812,0.0015040598809719086,0.03918816149234772
0.036990709602832794,-0.0013847202062606812,0.0015040598809719086,0.03918816149234772
0.036990709602832794,-0.0013847202062606812,0.0015040598809719086,0.03918816149234772
0.036990709602832794,-0.0013847202062606812,0.0015040598809719086,0.03918816149234772
0.036990709602832794,-0.0013847202062606812,0.0015040598809719086,0.03918816149234772
0.036990709602832794,-0.0013847202062606812,0.0015040598809719086,0.03918816149234772
0.036990709602832794,-0.0013847202062606812,0.0015040598809719086,0.03918816149234772
0.036990709602832794,-0.0013847202062606812,0.0015040598809719086,0.03918816149234772
0.036990709602832794,-0.0013847202062606812,0.0015040598809719086,0.03918816149234772
0.036990709602832794,-0.0013847202062606812,0.0015040598809719086,0.03918816149234772
0.036990709602832794,-0.0013847202062606812,0.0015040598809719086,0.03918816149234772
0.036990709602832794,-0.0013847202062606812,0.0015040598809719086,0.03918816149234772
0.036990709602832794,-0.0013847202062606812,0.0015040598809719086,0.03918816149234772
0.036990709602832794,-0.0013847202062606812,0.0015040598809719086,0.03918816149234772
0.036990709602832794,-0.0013847202062606812,0.0015040598809719086,0.03918816149234772
0.036990709602832794,-0.0013847202062606812,0.0015040598809719086,0.03918816149234772
0.036990709602832794,-0.0013847202062606812,0.0015040598809719086,0.03918816149234772
0.036990709602832794,-0.0013847202062606812,0.0015040598809719086,0.03918816149234772
0.036990709602832794,-0.0013847202062606812,0.0015040598809719086,0.03918816149234772
0.036990709602832794,-0.0013847202062606812,0.0015040598809719086,0.03918816149234772
0.036990709602832794,-0.0013847202062606812,0.0015040598809719086,0.03918816149234772
0.036990709602832794,-0.0013847202062606812,0.0015040598809719086,0.03918816149234772
0.036990709602832794,-0.0013847202062606812,0.0015040598809719086,0.03918816149234772
0.036990709602832794,-0.0013847202062606812,0.0015040598809719086,0.03918816149234772
0.036990709602832794,-0.0013847202062606812,0.0015040598809719086,0.03918816149234772
0.036990709602832794,-0.0013847202062606812,0.0015040598809719086,0.03918816149234772
0.036990709602832794,-0.0013847202062606812,0.0015040598809719086,0.03918816149234772
0.036990709602832794,-0.0013847202062606812,0.0015040598809719086,0.03918816149234772
0.036990709602832794,-0.0013847202062606812,0.0015040598809719086,0.03918816149234772
0.036990709602832794,-0.0013847202062606812,0.0015040598809719086,0.03918816149234772
0.036990709602832794,-0.0013847202062606812,0.0015040598809719086,0.03918816149234772
0.036990709602832794,-0.0013847202062606812,0.0015040598809719086,0.03918816149234772
0.036990709602832794,-0.0013847202062606812,0.0015040598809719086,0.03918816149234772
0.036990709602832794,-0.0013847202062606812,0.0015040598809719086,0.03918816149234772
0.036990709602832794,-0.0013847202062606812,0.0015040598809719086,0.03918816149234772
0.036990709602832794,-0.0013847202062606812,0.0015040598809719086,0.03918816149234772
0.036990709602832794,-0.0013847202062606812,0.0015040598809719086,0.03918816149234772
0.036990709602832794,-0.0013847202062606812,0.0015040598809719086,0.03918816149234772
0.036990709602832794,-0.0013847202062606812,0.0015040598809719086,0.03918816149234772
0.036990709602832794,-0.0013847202062606812,0.0015040598809719086,0.03918816149234772
0.036990709602832794,-0.0013847202062606812,0.0015040598809719086,0.03918816149234772
0.036990709602832794,-0.0013847202062606812,0.0015040598809719086,0.03918816149234772
0.036990709602832794,-0.0013847202062606812,0.0015040598809719086,0.03918816149234772
0.036990709602832794,-0.0013847202062606812,0.0015040598809719086,0.03918816149234772
0.036990709602832794,-0.0013847202062606812,0.0015040598809719086,0.03918816149234772
0.036990709602832794,-0.0013847202062606812,0.0015040598809719086,0.03918816149234772
0.036990709602832794,-0.0013847202062606812,0.0015040598809719086,0.03918816149234772
0.036990709602832794,-0.0013847202062606812,0.0015040598809719086,0.03918816149234772
0.036990709602832794,-0.0013847202062606812,0.0015040598809719086,0.03918816149234772
0.036990709602832794,-0.0013847202062606812,0.0015040598809719086,0.03918816149234772
0.036990709602832794,-0.0013847202062606812,0.0015040598809719086,0.03918816149234772
0.036990709602832794,-0.0013847202062606812,0.0015040598809719086,0.03918816149234772
0.036990709602832794,-0.0013847202062606812,0.0015040598809719086,0.03918816149234772
0.036990709602832794,-0.0013847202062606812,0.0015040598809719086,0.03918816149234772
0.036990709602832794,-0.0013847202062606812,0.0015040598809719086,0.03918816149234772
0.036990709602832794,-0.0013847202062606812,0.0015040598809719086,0.03918816149234772
0.036990709602832794,-0.0013847202062606812,0.0015040598809719086,0.03918816149234772
0.036990709602832794,-0.0013847202062606812,0.0015040598809719086,0.03918816149234772
0.036990709602832794,-0.0013847202062606812,0.0015040598809719086,0.03918816149234772
0.036990709602832794,-0.0013847202062606812,0.0015040598809719086,0.03918816149234772
0.036990709602832794,-0.0013847202062606812,0.0015040598809719086,0.03918816149234772
0.036990709602832794,-0.0013847202062606812,0.0015040598809719086,0.03918816149234772
0.036990709602832794,-0.0013847202062606812,0.0015040598809719086,0.03918816149234772
0.036990709602832794,-0.0013847202062606812,0.0015040598809719086,0.03918816149234772
0.036990709602832794,-0.0013847202062606812,0.0015040598809719086,0.03918816149234772
0.036990709602832794,-0.0013847202062606812,0.0015040598809719086,0.03918816149234772
0.036990709602832794,-0.0013847202062606812,0.0015040598809719086,0.03918816149234772
0.036990709602832794,-0.0013847202062606812,0.0015040598809719086,0.03918816149234772
0.036990709602832794,-0.0013847202062606812,0.0015040598809719086,0.03918816149234772
0.036990709602832794,-0.0013847202062606812,0.0015040598809719086,0.03918816149234772
0.036990709602832794,-0.0013847202062606812,0.0015040598809719086,0.03918816149234772
0.036990709602832794,-0.0013847202062606812,0.0015040598809719086,0.03918816149234772
0.036990709602832794,-0.0013847202062606812,0.0015040598809719086,0.03918816149234772
0.036990709602832794,-0.0013847202062606812,0.0015040598809719086,0.03918816149234772
0.036990709602832794,-0.0013847202062606812,0.0015040598809719086,0.03918816149234772
0.036990709602832794,-0.0013847202062606812,0.0015040598809719086,0.03918816149234772
0.036990709602832794,-0.0013847202062606812,0.0015040598809719086,0.03918816149234772
0.036990709602832794,-0.0013847202062606812,0.0015040598809719086,0.03918816149234772
0.036990709602832794,-0.0013847202062606812,0.0015040598809719086,0.03918816149234772
0.036990709602832794,-0.0013847202062606812,0.0015040598809719086,0.03918816149234772
0.036990709602832794,-0.0013847202062606812,0.0015040598809719086,0.03918816149234772
0.036990709602832794,-0.0013847202062606812,0.0015040598809719086,0.03918816149234772
0.036990709602832794,-0.0013847202062606812,0.0015040598809719086,0.03918816149234772
0.036990709602832794,-0.0013847202062606812,0.0015040598809719086,0.03918816149234772
0.036990709602832794,-0.0013847202062606812,0.0015040598809719086,0.03918816149234772
0.036990709602832794,-0.0013847202062606812,0.0015040598809719086,0.03918816149234772
0.036990709602832794,-0.0013847202062606812,0.0015040598809719086,0.03918816149234772
0.036990709602832794,-0.0013847202062606812,0.0015040598809719086,0.03918816149234772
0.036990709602832794,-0.0013847202062606812,0.0015040598809719086,0.03918816149234772
0.036990709602832794,-0.0013847202062606812,0.0015040598809719086,0.03918816149234772
0.036990709602832794,-0.0013847202062606812,0.0015040598809719086,0.03918816149234772
0.036990709602832794,-0.0013847202062606812,0.0015040598809719086,0.03918816149234772
0.036990709602832794,-0.0013847202062606812,0.0015040598809719086,0.03918816149234772
0.036990709602832794,-0.0013847202062606812,0.0015040598809719086,0.03918816149234772
0.036990709602832794,-0.0013847202062606812,0.0015040598809719086,0.03918816149234772
0.036990709602832794,-0.0013847202062606812,0.0015040598809719086,0.03918816149234772
0.036990709602832794,-0.0013847202062606812,0.0015040598809719086,0.03918816149234772
0.036990709602832794,-0.0013847202062606812,0.0015040598809719086,0.03918816149234772
0.036990709602832794,-0.0013847202062606812,0.0015040598809719086,0.03918816149234772
0.036990709602832794,-0.0013847202062606812,0.0015040598809719086,0.03918816149234772
0.036990709602832794,-0.0013847202062606812,0.0015040598809719086,0.03918816149234772
0.036990709602832794,-0.0013847202062606812,0.0015040598809719086,0.03918816149234772
0.036990709602832794,-0.0013847202062606812,0.0015040598809719086,0.03918816149234772
0.036990709602832794,-0.0013847202062606812,0.0015040598809719086,0.03918816149234772
0.036990709602832794,-0.0013847202062606812,0.0015040598809719086,0.03918816149234772
0.036990709602832794,-0.0013847202062606812,0.0015040598809719086,0.03918816149234772
0.036990709602832794,-0.0013847202062606812,0.0015040598809719086,0.03918816149234772
0.036990709602832794,-0.0013847202062606812,0.0015040598809719086,0.03918816149234772
0.036990709602832794,-0.0013847202062606812,0.0015040598809719086,0.03918816149234772
0.036990709602832794,-0.0013847202062606812,0.0015040598809719086,0.03918816149234772
0.036990709602832794,-0.0013847202062606812,0.0015040598809719086,0.03918816149234772
0.036990709602832794,-0.0013847202062606812,0.0015040598809719086,0.03918816149234772
0.036990709602832794,-0.0013847202062606812,0.0015040598809719086,0.03918816149234772
0.036990709602832794,-0.0013847202062606812,0.0015040598809719086,0.03918816149234772
0.036990709602832794,-0.0013847202062606812,0.0015040598809719086,0.03918816149234772
0.036990709602832794,-0.0013847202062606812,0.0015040598809719086,0.03918816149234772
0.036990709602832794,-0.0013847202062606812,0.0015040598809719086,0.03918816149234772
0.036990709602832794,-0.0013847202062606812,0.0015040598809719086,0.03918816149234772
0.036990709602832794,-0.0013847202062606812,0.0015040598809719086,0.03918816149234772
0.036990709602832794,-0.0013847202062606812,0.0015040598809719086,0.03918816149234772
0.036990709602832794,-0.0013847202062606812,0.0015040598809719086,0.03918816149234772
0.036990709602832794,-0.0013847202062606812,0.0015040598809719086,0.03918816149234772
0.036990709602832794,-0.0013847202062606812,0.0015040598809719086,0.03918816149234772
0.036990709602832794,-0.0013847202062606812,0.0015040598809719086,0.03918816149234772
0.036990709602832794,-0.0013847202062606812,0.0015040598809719086,0.03918816149234772
0.036990709602832794,-0.0013847202062606812,0.0015040598809719086,0.03918816149234772
0.036990709602832794,-0.0013847202062606812,0.0015040598809719086,0.03918816149234772
0.036990709602832794,-0.0013847202062606812,0.0015040598809719086,0.03918816149234772
0.036990709602832794,-0.0013847202062606812,0.0015040598809719086,0.03918816149234772
0.036990709602832794,-0.0013847202062606812,0.0015040598809719086,0.03918816149234772
0.036990709602832794,-0.0013847202062606812,0.0015040598809719086,0.03918816149234772
0.036990709602832794,-0.0013847202062606812,0.0015040598809719086,0.03918816149234772
0.036990709602832794,-0.0013847202062606812,0.0015040598809719086,0.03918816149234772
0.036990709602832794,-0.0013847202062606812,0.0015040598809719086,0.03918816149234772
0.036990709602832794,-0.0013847202062606812,0.0015040598809719086,0.03918816149234772
0.036990709602832794,-0.0013847202062606812,0.0015040598809719086,0.03918816149234772
0.036990709602832794,-0.0013847202062606812,0.0015040598809719086,0.03918816149234772
0.036990709602832794,-0.0013847202062606812,0.0015040598809719086,0.03918816149234772
0.036990709602832794,-0.0013847202062606812,0.0015040598809719086,0.03918816149234772
0.036990709602832794,-0.0013847202062606812,0.0015040598809719086,0.03918816149234772
0.036990709602832794,-0.0013847202062606812,0.0015040598809719086,0.03918816149234772
0.036990709602832794,-0.0013847202062606812,0.0015040598809719086,0.03918816149234772
0.036990709602832794,-0.0013847202062606812,0.0015040598809719086,0.03918816149234772
0.036990709602832794,-0.0013847202062606812,0.0015040598809719086,0.03918816149234772
0.036990709602832794,-0.0013847202062606812,0.0015040598809719086,0.03918816149234772
0.036990709602832794,-0.0013847202062606812,0.0015040598809719086,0.03918816149234772
0.036990709602832794,-0.0013847202062606812,0.0015040598809719086,0.03918816149234772
0.036990709602832794,-0.0013847202062606812,0.0015040598809719086,0.03918816149234772
0.036990709602832794,-0.0013847202062606812,0.0015040598809719086,0.03918816149234772
0.036990709602832794,-0.0013847202062606812,0.0015040598809719086,0.03918816149234772
0.036990709602832794,-0.0013847202062606812,0.0015040598809719086,0.03918816149234772
0.036990709602832794,-0.0013847202062606812,0.0015040598809719086,0.03918816149234772
0.036990709602832794,-0.0013847202062606812,0.0015040598809719086,0.03918816149234772
0.036990709602832794,-0.0013847202062606812,0.0015040598809719086,0.03918816149234772
0.036990709602832794,-0.0013847202062606812,0.0015040598809719086,0.03918816149234772
0.036990709602832794,-0.0013847202062606812,0.0015040598809719086,0.03918816149234772
0.036990709602832794,-0.0013847202062606812,0.0015040598809719086,0.03918816149234772
0.036990709602832794,-0.0013847202062606812,0.0015040598809719086,0.03918816149234772
0.036990709602832794,-0.0013847202062606812,0.0015040598809719086,0.03918816149234772
0.036990709602832794,-0.0013847202062606812,0.0015040598809719086,0.03918816149234772
0.036990709602832794,-0.0013847202062606812,0.0015040598809719086,0.03918816149234772
0.036990709602832794,-0.0013847202062606812,0.0015040598809719086,0.03918816149234772
0.036990709602832794,-0.0013847202062606812,0.0015040598809719086,0.03918816149234772
0.036990709602832794,-0.0013847202062606812,0.0015040598809719086,0.03918816149234772
0.036990709602832794,-0.0013847202062606812,0.0015040598809719086,0.03918816149234772
0.036990709602832794,-0.0013847202062606812,0.0015040598809719086,0.03918816149234772
0.036990709602832794,-0.0013847202062606812,0.0015040598809719086,0.03918816149234772
0.036990709602832794,-0.0013847202062606812,0.0015040598809719086,0.03918816149234772
0.036990709602832794,-0.0013847202062606812,0.0015040598809719086,0.03918816149234772
0.036990709602832794,-0.0013847202062606812,0.0015040598809719086,0.03918816149234772
0.036990709602832794,-0.0013847202062606812,0.0015040598809719086,0.03918816149234772
0.036990709602832794,-0.0013847202062606812,0.0015040598809719086,0.03918816149234772
0.036990709602832794,-0.0013847202062606812,0.0015040598809719086,0.03918816149234772
0.036990709602832794,-0.0013847202062606812,0.0015040598809719086,0.03918816149234772
0.036990709602832794,-0.0013847202062606812,0.0015040598809719086,0.03918816149234772
0.036990709602832794,-0.0013847202062606812,0.0015040598809719086,0.03918816149234772
0.036990709602832794,-0.0013847202062606812,0.0015040598809719086,0.03918816149234772
0.036990709602832794,-0.0013847202062606812,0.0015040598809719086,0.03918816149234772
0.036990709602832794,-0.0013847202062606812,0.0015040598809719086,0.03918816149234772
0.036990709602832794,-0.0013847202062606812,0.0015040598809719086,0.03918816149234772
0.036990709602832794,-0.0013847202062606812,0.0015040598809719086,0.03918816149234772
0.036990709602832794,-0.0013847202062606812,0.0015040598809719086,0.03918816149234772
0.036990709602832794,-0.0013847202062606812,0.0015040598809719086,0.03918816149234772
0.036990709602832794,-0.0013847202062606812,0.0015040598809719086,0.03918816149234772
0.036990709602832794,-0.0013847202062606812,0.0015040598809719086,0.03918816149234772
0.036990709602832794,-0.0013847202062606812,0.0015040598809719086,0.03918816149234772
0.036990709602832794,-0.0013847202062606812,0.0015040598809719086,0.03918816149234772
0.036990709602832794,-0.0013847202062606812,0.0015040598809719086,0.03918816149234772
0.036990709602832794,-0.0013847202062606812,0.0015040598809719086,0.03918816149234772
0.036990709602832794,-0.0013847202062606812,0.0015040598809719086,0.03918816149234772
0.036990709602832794,-0.0013847202062606812,0.0015040598809719086,0.03918816149234772
0.036990709602832794,-0.0013847202062606812,0.0015040598809719086,0.03918816149234772
0.036990709602832794,-0.0013847202062606812,0.0015040598809719086,0.03918816149234772
0.036990709602832794,-0.0013847202062606812,0.0015040598809719086,0.03918816149234772
0.036990709602832794,-0.0013847202062606812,0.0015040598809719086,0.03918816149234772
0.036990709602832794,-0.0013847202062606812,0.0015040598809719086,0.03918816149234772
0.036990709602832794,-0.0013847202062606812,0.0015040598809719086,0.03918816149234772
0.036990709602832794,-0.0013847202062606812,0.0015040598809719086,0.03918816149234772
0.036990709602832794,-0.0013847202062606812,0.0015040598809719086,0.03918816149234772
0.036990709602832794,-0.0013847202062606812,0.0015040598809719086,0.03918816149234772
0.036990709602832794,-0.0013847202062606812,0.0015040598809719086,0.03918816149234772
0.036990709602832794,-0.0013847202062606812,0.0015040598809719086,0.03918816149234772
0.036990709602832794,-0.0013847202062606812,0.0015040598809719086,0.03918816149234772
0.036990709602832794,-0.0013847202062606812,0.0015040598809719086,0.03918816149234772
0.036990709602832794,-0.0013847202062606812,0.0015040598809719086,0.03918816149234772
0.036990709602832794,-0.0013847202062606812,0.0015040598809719086,0.03918816149234772
0.036990709602832794,-0.0013847202062606812,0.0015040598809719086,0.03918816149234772
0.036990709602832794,-0.0013847202062606812,0.0015040598809719086,0.03918816149234772
0.036990709602832794,-0.0013847202062606812,0.0015040598809719086,0.03918816149234772
0.036990709602832794,-0.0013847202062606812,0.0015040598809719086,0.03918816149234772
0.036990709602832794,-0.0013847202062606812,0.0015040598809719086,0.03918816149234772
0.036990709602832794,-0.0013847202062606812,0.0015040598809719086,0.03918816149234772
0.036990709602832794,-0.0013847202062606812,0.0015040598809719086,0.03918816149234772
0.036990709602832794,-0.0013847202062606812,0.0015040598809719086,0.03918816149234772
0.036990709602832794,-0.0013847202062606812,0.0015040598809719086,0.03918816149234772
0.036990709602832794,-0.0013847202062606812,0.0015040598809719086,0.03918816149234772
0.036990709602832794,-0.0013847202062606812,0.0015040598809719086,0.03918816149234772
0.036990709602832794,-0.0013847202062606812,0.0015040598809719086,0.03918816149234772
0.036990709602832794,-0.0013847202062606812,0.0015040598809719086,0.03918816149234772
0.036990709602832794,-0.0013847202062606812,0.0015040598809719086,0.03918816149234772
0.036990709602832794,-0.0013847202062606812,0.0015040598809719086,0.03918816149234772
0.036990709602832794,-0.0013847202062606812,0.0015040598809719086,0.03918816149234772
0.036990709602832794,-0.0013847202062606812,0.0015040598809719086,0.03918816149234772
0.036990709602832794,-0.0013847202062606812,0.0015040598809719086,0.03918816149234772
0.036990709602832794,-0.0013847202062606812,0.0015040598809719086,0.03918816149234772
0.036990709602832794,-0.0013847202062606812,0.0015040598809719086,0.03918816149234772
0.036990709602832794,-0.0013847202062606812,0.0015040598809719086,0.03918816149234772
0.036990709602832794,-0.0013847202062606812,0.0015040598809719086,0.03918816149234772
0.036990709602832794,-0.0013847202062606812,0.0015040598809719086,0.03918816149234772
0.036990709602832794,-0.0013847202062606812,0.0015040598809719086,0.03918816149234772
0.036990709602832794,-0.0013847202062606812,0.0015040598809719086,0.03918816149234772
0.036990709602832794,-0.0013847202062606812,0.0015040598809719086,0.03918816149234772
0.036990709602832794,-0.0013847202062606812,0.0015040598809719086,0.03918816149234772
0.036990709602832794,-0.0013847202062606812,0.0015040598809719086,0.03918816149234772
0.036990709602832794,-0.0013847202062606812,0.0015040598809719086,0.03918816149234772
0.036990709602832794,-0.0013847202062606812,0.0015040598809719086,0.03918816149234772
0.036990709602832794,-0.0013847202062606812,0.0015040598809719086,0.03918816149234772
0.036990709602832794,-0.0013847202062606812,0.0015040598809719086,0.03918816149234772
0.036990709602832794,-0.0013847202062606812,0.0015040598809719086,0.03918816149234772
0.036990709602832794,-0.0013847202062606812,0.0015040598809719086,0.03918816149234772
0.036990709602832794,-0.0013847202062606812,0.0015040598809719086,0.03918816149234772
0.036990709602832794,-0.0013847202062606812,0.0015040598809719086,0.03918816149234772
0.036990709602832794,-0.0013847202062606812,0.0015040598809719086,0.03918816149234772
0.036990709602832794,-0.0013847202062606812,0.0015040598809719086,0.03918816149234772
0.036990709602832794,-0.0013847202062606812,0.0015040598809719086,0.03918816149234772
0.036990709602832794,-0.0013847202062606812,0.0015040598809719086,0.03918816149234772
0.036990709602832794,-0.0013847202062606812,0.0015040598809719086,0.03918816149234772
0.036990709602832794,-0.0013847202062606812,0.0015040598809719086,0.03918816149234772
0.036990709602832794,-0.0013847202062606812,0.0015040598809719086,0.03918816149234772
0.036990709602832794,-0.0013847202062606812,0.0015040598809719086,0.03918816149234772
0.036990709602832794,-0.0013847202062606812,0.0015040598809719086,0.03918816149234772
