vx,vy,vz,omega_z
-0.04944125562906265,0.026512861251831055,-0.260873019695282,1.160229206085205
-0.11723693460226059,0.019418105483055115,-0.30052700638771057,1.2214899063110352
-0.1319388449192047,0.012554772198200226,-0.28350913524627686,1.2200067043304443
-0.13546305894851685,0.010037295520305634,-0.28115108609199524,1.2202844619750977
-0.13229691982269287,0.006928920745849609,-0.27540627121925354,1.1810860633850098
-0.1287594735622406,0.0051639750599861145,-0.2751237154006958,1.177417278289795
-0.11913467198610306,0.0035575106739997864,-0.2725781500339508,1.1395070552825928
-0.10718104988336563,-0.0032604411244392395,-0.2678929567337036,1.0929536819458008
-0.1038045659661293,-0.006470277905464172,-0.2675401568412781,1.0874049663543701
-0.10328622907400131,-0.007057741284370422,-0.2675487697124481,1.0872573852539062
-0.09135859459638596,-0.011294156312942505,-0.2583303451538086,1.0614523887634277
-0.0824245885014534,-0.01692340523004532,-0.25192221999168396,1.0324710607528687
-0.07929076999425888,-0.01870989054441452,-0.2511008679866791,1.0289102792739868
-0.0816764160990715,-0.01822616159915924,-0.245754674077034,0.9847551584243774
-0.0803922489285469,-0.018353834748268127,-0.24493911862373352,0.9778390526771545
-0.07567482441663742,-0.019697129726409912,-0.23922650516033173,0.9858793616294861
-0.07428266853094101,-0.01990090310573578,-0.23829378187656403,0.9876238703727722
-0.07645636051893234,-0.018829308450222015,-0.24621474742889404,1.005371332168579
-0.07685130089521408,-0.017761431634426117,-0.24752691388130188,1.0089943408966064
-0.06402752548456192,-0.02182767540216446,-0.2345397174358368,0.9710743427276611
-0.06070580333471298,-0.02403445541858673,-0.2328476905822754,0.966092586517334
-0.06957859545946121,-0.023798644542694092,-0.23302286863327026,0.9289426803588867
-0.06969884783029556,-0.023278839886188507,-0.23301926255226135,0.9230456352233887
-0.06076187640428543,-0.023507125675678253,-0.22290979325771332,0.9192954897880554
-0.059336043894290924,-0.023854516446590424,-0.22170457243919373,0.918545126914978
-0.05586171895265579,-0.027305245399475098,-0.21148279309272766,0.9010495543479919
-0.055324651300907135,-0.028116941452026367,-0.2102103978395462,0.898326575756073
-0.052921585738658905,-0.031938351690769196,-0.20139442384243011,0.8750226497650146
-0.051715679466724396,-0.032749757170677185,-0.20038683712482452,0.8711211085319519
-0.04792981594800949,-0.038377951830625534,-0.19324728846549988,0.8503983020782471
-0.059789933264255524,-0.03889799490571022,-0.18734875321388245,0.8482134938240051
-0.06300259381532669,-0.037855759263038635,-0.1870584636926651,0.8479577898979187
-0.055406711995601654,-0.0359155610203743,-0.18209367990493774,0.8436525464057922
-0.0539923831820488,-0.0362248420715332,-0.1822623312473297,0.842829704284668
-0.05157693475484848,-0.038882821798324585,-0.1821352243423462,0.8271045088768005
-0.05089930444955826,-0.03998930752277374,-0.18277794122695923,0.8238555788993835
-0.053348250687122345,-0.043580181896686554,-0.17502979934215546,0.7975850701332092
-0.052203573286533356,-0.0443241111934185,-0.17300280928611755,0.7921252846717834
-0.047257669270038605,-0.04691441357135773,-0.1652364879846573,0.7852113246917725
-0.046872325241565704,-0.048009924590587616,-0.1643741875886917,0.7840526700019836
-0.048377372324466705,-0.04795459657907486,-0.1598556637763977,0.7695693373680115
-0.04878778010606766,-0.04845486208796501,-0.15813811123371124,0.7671960592269897
-0.043794505298137665,-0.047810688614845276,-0.14785680174827576,0.7589308023452759
-0.04430554062128067,-0.048544563353061676,-0.14630647003650665,0.7576670050621033
-0.04556197673082352,-0.04875127971172333,-0.14430980384349823,0.7411730885505676
-0.04531768709421158,-0.048335783183574677,-0.14396972954273224,0.7383930087089539
-0.043922580778598785,-0.048616111278533936,-0.1425628662109375,0.7206647992134094
-0.04712481051683426,-0.05060453340411186,-0.14210592210292816,0.694340169429779
-0.04615763574838638,-0.04992351680994034,-0.1420893520116806,0.6900341510772705
-0.045990921556949615,-0.0497732013463974,-0.14217303693294525,0.6898510456085205
-0.046399183571338654,-0.05244816467165947,-0.14066685736179352,0.6811668872833252
-0.04469618946313858,-0.0559396892786026,-0.14019864797592163,0.7012081742286682
-0.04643762856721878,-0.057164330035448074,-0.14006727933883667,0.704899787902832
-0.04650477319955826,-0.05704966187477112,-0.13269630074501038,0.6924522519111633
-0.04661782830953598,-0.05624789744615555,-0.1317370980978012,0.69078528881073
-0.04141197353601456,-0.0530291311442852,-0.12130959331989288,0.6617682576179504
-0.03960400074720383,-0.05185164883732796,-0.11955294013023376,0.656988799571991
-0.033744506537914276,-0.050876520574092865,-0.11998006701469421,0.6376452445983887
-0.031606413424015045,-0.05079791694879532,-0.12122078984975815,0.6340011358261108
-0.03353821486234665,-0.053346458822488785,-0.12437070906162262,0.6290600299835205
-0.033352382481098175,-0.05400319769978523,-0.12388911843299866,0.6284741163253784
-0.03805737942457199,-0.05465191602706909,-0.12915055453777313,0.6181997060775757
-0.03803408890962601,-0.05496075749397278,-0.12808576226234436,0.6170474290847778
-0.03108801692724228,-0.05491729453206062,-0.1220538318157196,0.5971101522445679
-0.03625638037919998,-0.05540424585342407,-0.11736894398927689,0.5909179449081421
-0.03707931190729141,-0.054741568863391876,-0.11678121984004974,0.5902866125106812
-0.043324120342731476,-0.0587320439517498,-0.11737796664237976,0.5981737375259399
-0.04444123059511185,-0.05942431092262268,-0.11658570170402527,0.5996260046958923
-0.0451158806681633,-0.05589132755994797,-0.1090029627084732,0.5918728113174438
-0.045410118997097015,-0.0553559772670269,-0.10769900679588318,0.5909663438796997
-0.04730211943387985,-0.052710965275764465,-0.10622955858707428,0.5597667098045349
-0.04579342156648636,-0.05161330848932266,-0.10638338327407837,0.5554627180099487
-0.04499707370996475,-0.055028535425662994,-0.10437245666980743,0.5435783863067627
-0.04433990269899368,-0.055488936603069305,-0.10493782162666321,0.5418423414230347
-0.04177127033472061,-0.05646934732794762,-0.10265988111495972,0.5344637632369995
-0.04112377017736435,-0.05677420273423195,-0.10301657021045685,0.5333452224731445
-0.03876424580812454,-0.05908203125,-0.10022369027137756,0.5263863801956177
-0.038107387721538544,-0.05900771543383598,-0.10098351538181305,0.5251011848449707
-0.03515800088644028,-0.060365792363882065,-0.10085409879684448,0.510168194770813
-0.033767037093639374,-0.060020603239536285,-0.10255707055330276,0.5073572397232056
-0.03255452960729599,-0.06537699699401855,-0.10545351356267929,0.4969758689403534
-0.03148766607046127,-0.06591188907623291,-0.10682439804077148,0.4951711893081665
-0.030077002942562103,-0.0704466924071312,-0.10390567034482956,0.4882117807865143
-0.02969292551279068,-0.0709034651517868,-0.10403846949338913,0.48726537823677063
-0.0294015035033226,-0.06846259534358978,-0.09988819062709808,0.47780486941337585
-0.029126174747943878,-0.06749415397644043,-0.09961831569671631,0.47636595368385315
-0.028538145124912262,-0.06138210743665695,-0.09448733925819397,0.46895742416381836
-0.02830030769109726,-0.0598960742354393,-0.0937916487455368,0.46804067492485046
-0.02843175083398819,-0.05906812101602554,-0.09288956224918365,0.46066442131996155
-0.028218217194080353,-0.05761926621198654,-0.09339554607868195,0.45176488161087036
-0.027780897915363312,-0.056845422834157944,-0.09414605796337128,0.4499890208244324
-0.02765486389398575,-0.05881001427769661,-0.09660053253173828,0.44507285952568054
-0.027011044323444366,-0.05864043906331062,-0.09804174304008484,0.44385385513305664
-0.02922617644071579,-0.059330299496650696,-0.09220149368047714,0.43933212757110596
-0.029650025069713593,-0.05869138985872269,-0.09179732203483582,0.43867790699005127
-0.030341900885105133,-0.06019381061196327,-0.08615705370903015,0.4276328980922699
-0.030332259833812714,-0.05967814102768898,-0.0863129198551178,0.4255436658859253
-0.030818484723567963,-0.06021031364798546,-0.0867251604795456,0.41782087087631226
-0.030322693288326263,-0.05956391990184784,-0.08762314915657043,0.41622260212898254
-0.026836372911930084,-0.06212398409843445,-0.08988378942012787,0.4091912806034088
-0.025806494057178497,-0.06228208541870117,-0.0914621353149414,0.4073393940925598
-0.021858729422092438,-0.06444315612316132,-0.09155290573835373,0.405177503824234
-0.02136797457933426,-0.06525522470474243,-0.09188651293516159,0.4045087695121765
-0.019434325397014618,-0.06386841833591461,-0.08811049908399582,0.4024491012096405
-0.019400708377361298,-0.06407862901687622,-0.08705548197031021,0.40249142050743103
-0.01989515870809555,-0.06105939298868179,-0.08422920107841492,0.39401736855506897
-0.022806696593761444,-0.0585930161178112,-0.08289888501167297,0.38394734263420105
-0.0227820947766304,-0.0571548230946064,-0.08367335796356201,0.3816620707511902
-0.02447836846113205,-0.056864965707063675,-0.07880768179893494,0.37439578771591187
-0.024658717215061188,-0.055853456258773804,-0.0790075808763504,0.3726065158843994
-0.0246502086520195,-0.05560854822397232,-0.07909101247787476,0.3724542260169983
-0.024744294583797455,-0.05352361127734184,-0.07215692847967148,0.3640689253807068
-0.024936191737651825,-0.052201926708221436,-0.07212188094854355,0.3616415858268738
-0.024203650653362274,-0.05057964473962784,-0.07373468577861786,0.3586585521697998
-0.02386120706796646,-0.05026578530669212,-0.07437464594841003,0.3574315905570984
-0.024757958948612213,-0.04985442012548447,-0.07363472133874893,0.3479430675506592
-0.02287229150533676,-0.05156131088733673,-0.07785670459270477,0.34389764070510864
-0.022154636681079865,-0.05169032886624336,-0.07928492873907089,0.34313756227493286
-0.02078799158334732,-0.0524863600730896,-0.07375964522361755,0.33566609025001526
-0.02070661634206772,-0.05207525193691254,-0.073888398706913,0.3331775665283203
-0.01758209615945816,-0.05347616970539093,-0.07095647603273392,0.3259182572364807
-0.017014704644680023,-0.05331391841173172,-0.07173732668161392,0.32291239500045776
-0.015394873917102814,-0.05493456497788429,-0.06698662042617798,0.3163629174232483
-0.015116788446903229,-0.05455620214343071,-0.06747540831565857,0.3138565421104431
-0.013670109212398529,-0.05204270780086517,-0.06114362180233002,0.30875492095947266
-0.013634093105793,-0.05064010247588158,-0.060339055955410004,0.3070448637008667
-0.014762841165065765,-0.048434074968099594,-0.06137378513813019,0.30781346559524536
-0.014850296080112457,-0.047638364136219025,-0.061425842344760895,0.30810609459877014
-0.014274738729000092,-0.04754186421632767,-0.06118960306048393,0.3069256842136383
-0.014242716133594513,-0.046718448400497437,-0.06008146330714226,0.30524927377700806
-0.01413380354642868,-0.04607332870364189,-0.060551710426807404,0.30456972122192383
-0.014111600816249847,-0.0458855926990509,-0.06059261038899422,0.30449730157852173
-0.015882261097431183,-0.04463009536266327,-0.05886827036738396,0.2995680570602417
-0.017220832407474518,-0.04253853112459183,-0.058581020683050156,0.2926587462425232
-0.017123080790042877,-0.04158535227179527,-0.05899559706449509,0.29052990674972534
-0.015508420765399933,-0.03984922543168068,-0.05410278961062431,0.2838840186595917
-0.015256576240062714,-0.03968757763504982,-0.053672704845666885,0.28158068656921387
-0.014379329979419708,-0.04092993214726448,-0.05596323683857918,0.2789681851863861
-0.014009274542331696,-0.04130762442946434,-0.05689536780118942,0.27785858511924744
-0.011485837399959564,-0.04018818214535713,-0.05489028990268707,0.2718852460384369
-0.011136777698993683,-0.04065834730863571,-0.05443820729851723,0.2698199152946472
-0.008591845631599426,-0.04076952859759331,-0.04903379827737808,0.2632046639919281
-0.008384034037590027,-0.04159005358815193,-0.048286911100149155,0.2611013650894165
-0.007969319820404053,-0.04213715344667435,-0.04745227098464966,0.2580265998840332
-0.007886745035648346,-0.04230112582445145,-0.04726443067193031,0.2569713294506073
-0.007878392934799194,-0.042270760983228683,-0.047250352799892426,0.2568821310997009
-0.007448814809322357,-0.042948003858327866,-0.04701913893222809,0.2540333569049835
-0.005810931324958801,-0.04160706326365471,-0.04487468674778938,0.24785774946212769
-0.005585767328739166,-0.04163360968232155,-0.044463325291872025,0.2461872398853302
-0.004978276789188385,-0.03913365676999092,-0.03905981779098511,0.24145109951496124
-0.004885181784629822,-0.0386454276740551,-0.03858082741498947,0.2400480955839157
-0.006653338670730591,-0.03795710578560829,-0.03526436537504196,0.23767566680908203
-0.0068781450390815735,-0.03775596618652344,-0.03506741672754288,0.23691029846668243
-0.0065988898277282715,-0.03701377660036087,-0.032890062779188156,0.23364776372909546
-0.006516218185424805,-0.0370587483048439,-0.03252089023590088,0.23269449174404144
-0.005661509931087494,-0.0363294780254364,-0.03274955227971077,0.22844111919403076
-0.005382120609283447,-0.036837249994277954,-0.03318464010953903,0.22721603512763977
-0.005950704216957092,-0.036531493067741394,-0.03209450840950012,0.22446854412555695
-0.0053448304533958435,-0.03658749908208847,-0.034212514758110046,0.21931204199790955
-0.004987798631191254,-0.036718614399433136,-0.034794095903635025,0.2178911566734314
-0.004237517714500427,-0.03710291534662247,-0.03229670971632004,0.21445566415786743
-0.004056699573993683,-0.03749807924032211,-0.032321564853191376,0.2136179804801941
-0.002985715866088867,-0.037182360887527466,-0.02883215993642807,0.20815366506576538
-0.002744033932685852,-0.03772670030593872,-0.028717655688524246,0.20704779028892517
-0.0027182474732398987,-0.03784780949354172,-0.02870272472500801,0.20698247849941254
-0.0026097744703292847,-0.03628634661436081,-0.02875899150967598,0.20371516048908234
-0.002172529697418213,-0.03581372648477554,-0.02894030138850212,0.2002480924129486
-0.0020472705364227295,-0.03615614026784897,-0.029291711747646332,0.19969427585601807
-0.0020301714539527893,-0.03625907003879547,-0.02931329607963562,0.19966624677181244
-0.0021106749773025513,-0.03589592128992081,-0.028595328330993652,0.1972644329071045
-0.002255186438560486,-0.03625692427158356,-0.02929527312517166,0.19428828358650208
-0.0021724849939346313,-0.03674699366092682,-0.029681619256734848,0.19386336207389832
-0.001331128180027008,-0.03596187382936478,-0.030189326032996178,0.1896759271621704
-0.0011672303080558777,-0.03623870015144348,-0.030188914388418198,0.18898628652095795
-0.0002306327223777771,-0.03557407110929489,-0.027536027133464813,0.1830798238515854
-8.872151374816895e-05,-0.03638753294944763,-0.02725072205066681,0.18225963413715363
0.0010675638914108276,-0.03508918732404709,-0.025957215577363968,0.17554600536823273
0.0012319013476371765,-0.03577999770641327,-0.02568698301911354,0.1745428591966629
0.002422049641609192,-0.03461276739835739,-0.024369236081838608,0.17214736342430115
0.002561129629611969,-0.03501317650079727,-0.023834459483623505,0.1718285232782364
0.0020906031131744385,-0.03509429842233658,-0.02398793399333954,0.17107421159744263
0.002054266631603241,-0.03514421731233597,-0.024078264832496643,0.17104680836200714
0.003104686737060547,-0.034621432423591614,-0.024442236870527267,0.1675402671098709
0.0033363625407218933,-0.034957535564899445,-0.024340126663446426,0.16691991686820984
0.0036811381578445435,-0.03526320308446884,-0.022142328321933746,0.16346514225006104
0.0034245550632476807,-0.036422744393348694,-0.021926574409008026,0.16217559576034546
0.0034204497933387756,-0.0368935763835907,-0.021989788860082626,0.1621258407831192
0.0036235302686691284,-0.03664625436067581,-0.02203240618109703,0.16042093932628632
0.003652721643447876,-0.03686835616827011,-0.021983198821544647,0.16014878451824188
0.004449322819709778,-0.03637148439884186,-0.02206459641456604,0.15812309086322784
0.004589922726154327,-0.036569394171237946,-0.022056177258491516,0.1578218936920166
0.005661390721797943,-0.03521048277616501,-0.020635705441236496,0.15454678237438202
0.0058223530650138855,-0.03544844686985016,-0.020422350615262985,0.15399527549743652
0.00728229433298111,-0.03328891098499298,-0.018848974257707596,0.15027537941932678
0.007484994828701019,-0.03330202400684357,-0.018395546823740005,0.14969311654567719
0.00817425549030304,-0.03284104913473129,-0.017856236547231674,0.14851725101470947
0.007753156125545502,-0.03337990492582321,-0.017276357859373093,0.1467801034450531
0.007658451795578003,-0.033594436943531036,-0.017195843160152435,0.14665843546390533
0.007646568119525909,-0.03363363444805145,-0.017186403274536133,0.14665329456329346
0.007907062768936157,-0.033156126737594604,-0.016349755227565765,0.144293412566185
0.008241884410381317,-0.03200667351484299,-0.01589154452085495,0.14160960912704468
0.00826466828584671,-0.03183988481760025,-0.015672672539949417,0.14105544984340668
0.00795513391494751,-0.031110212206840515,-0.01397911086678505,0.1399182230234146
0.007830940186977386,-0.030871354043483734,-0.013598538935184479,0.13982999324798584
0.007646232843399048,-0.03126971423625946,-0.013600654900074005,0.1408582478761673
0.007593713700771332,-0.031285181641578674,-0.013563651591539383,0.1410902589559555
0.008124224841594696,-0.030688710510730743,-0.014498572796583176,0.1359856128692627
0.008227184414863586,-0.031074494123458862,-0.014673326164484024,0.13494433462619781
0.009028002619743347,-0.03163301199674606,-0.016064688563346863,0.13036002218723297
0.00920724868774414,-0.0322335809469223,-0.016386304050683975,0.12941095232963562
0.008975677192211151,-0.032828353345394135,-0.015606120228767395,0.12782883644104004
0.00887441635131836,-0.03313522785902023,-0.015379663556814194,0.1276121884584427
0.008996590971946716,-0.03290154039859772,-0.015327569097280502,0.1261589229106903
0.009031593799591064,-0.033106595277786255,-0.015368014574050903,0.12591207027435303
0.01083759218454361,-0.03268112987279892,-0.016010157763957977,0.12107083201408386
0.011200681328773499,-0.033261075615882874,-0.016175489872694016,0.11994342505931854
0.011835068464279175,-0.03336949646472931,-0.01601525768637657,0.11911197006702423
0.01188584417104721,-0.0335441529750824,-0.015878848731517792,0.11891552805900574
0.01302337646484375,-0.0329267680644989,-0.015458580106496811,0.11754792928695679
0.013134695589542389,-0.03314736485481262,-0.015308763831853867,0.11725148558616638
0.013851456344127655,-0.03225083649158478,-0.01282871887087822,0.11509166657924652
0.01392904669046402,-0.032305166125297546,-0.012172870337963104,0.114742211997509
0.01386181265115738,-0.03310167044401169,-0.012774132192134857,0.11378868669271469
0.013906672596931458,-0.03321842849254608,-0.012935981154441833,0.11347083002328873
0.01409970223903656,-0.03311043977737427,-0.014012761414051056,0.11086192727088928
0.014267943799495697,-0.033042699098587036,-0.014249071478843689,0.11017145216464996
0.014356464147567749,-0.0321507602930069,-0.015568491071462631,0.10801777988672256
0.014907680451869965,-0.03079676628112793,-0.015950508415699005,0.10534735023975372
0.015129797160625458,-0.030635274946689606,-0.016035955399274826,0.10487930476665497
0.015336178243160248,-0.02971808612346649,-0.014712348580360413,0.1031181663274765
0.015373237431049347,-0.029353834688663483,-0.014384251087903976,0.10286562144756317
0.01526980847120285,-0.0293307825922966,-0.013456940650939941,0.10275845229625702
0.015260666608810425,-0.0290285125374794,-0.01334446668624878,0.10275636613368988
0.015572234988212585,-0.028559498488903046,-0.013790540397167206,0.1005869060754776
0.015671350061893463,-0.028325006365776062,-0.013930190354585648,0.10008266568183899
0.016291990876197815,-0.027655526995658875,-0.010984718799591064,0.09907560050487518
0.016304947435855865,-0.027464456856250763,-0.010316785424947739,0.09906043112277985
0.016518719494342804,-0.027774818241596222,-0.009736720472574234,0.09656858444213867
0.01654956489801407,-0.02767900377511978,-0.009653519839048386,0.09601450711488724
0.01704879105091095,-0.026508070528507233,-0.009626828134059906,0.09371394664049149
0.017192453145980835,-0.02620255947113037,-0.009512178599834442,0.09323716163635254
0.01732778549194336,-0.025537215173244476,-0.009744606912136078,0.0923701822757721
0.01735704392194748,-0.025370106101036072,-0.009782657027244568,0.09224793314933777
0.018254056572914124,-0.024466201663017273,-0.009985420852899551,0.08940620720386505
0.018455803394317627,-0.02434840053319931,-0.00999554991722107,0.08887884765863419
0.019422434270381927,-0.023185350000858307,-0.009172208607196808,0.08684530854225159
0.019582577049732208,-0.023034080862998962,-0.008983027189970016,0.08643500506877899
0.019546642899513245,-0.023023150861263275,-0.010255169123411179,0.08518888056278229
0.019477665424346924,-0.023284010589122772,-0.010867450386285782,0.0849825069308281
0.019486144185066223,-0.023339584469795227,-0.010975711047649384,0.0849837064743042
0.019697226583957672,-0.023582682013511658,-0.010614350438117981,0.08487831801176071
0.01973143219947815,-0.023669734597206116,-0.01054876297712326,0.0849018543958664
0.020743750035762787,-0.02323572337627411,-0.010251011699438095,0.08433934301137924
0.02092990279197693,-0.023357942700386047,-0.01022661104798317,0.08427708595991135
0.02168653905391693,-0.022981852293014526,-0.010853365063667297,0.08254159986972809
0.022540085017681122,-0.023064017295837402,-0.0117647685110569,0.08027595281600952
0.022715069353580475,-0.023322679102420807,-0.012064505368471146,0.07985661923885345
0.02346169203519821,-0.023408964276313782,-0.010252375155687332,0.07772345095872879
0.023523584008216858,-0.02353294938802719,-0.009893756359815598,0.0775078684091568
0.0235263854265213,-0.023578152060508728,-0.009868405759334564,0.07749640196561813
0.023974984884262085,-0.023547977209091187,-0.00826849415898323,0.0765673816204071
0.02453392744064331,-0.023053191602230072,-0.0070546455681324005,0.07454866170883179
0.024652481079101562,-0.022935152053833008,-0.006854306906461716,0.07427719980478287
0.02496209740638733,-0.02255338430404663,-0.007209651172161102,0.07267139106988907
0.025054432451725006,-0.022437922656536102,-0.007277108728885651,0.07231541723012924
0.024884231388568878,-0.02283640205860138,-0.006707623600959778,0.07184980064630508
0.024813830852508545,-0.0229758620262146,-0.0065946877002716064,0.07186685502529144
0.023920245468616486,-0.023711077868938446,-0.0055184438824653625,0.07333113998174667
0.023698046803474426,-0.023997217416763306,-0.005259949713945389,0.07384058833122253
0.02380688488483429,-0.023421883583068848,-0.005794227123260498,0.07418417930603027
0.023847199976444244,-0.023311547935009003,-0.005883820354938507,0.07416272163391113
0.02406235784292221,-0.022324129939079285,-0.00687268003821373,0.07182591408491135
0.02474292367696762,-0.021191924810409546,-0.006780806928873062,0.07065563648939133
0.02487970143556595,-0.020809121429920197,-0.006634112447500229,0.07045116275548935
0.02539566159248352,-0.02057885378599167,-0.006340242922306061,0.06956640630960464
0.02551058679819107,-0.020521551370620728,-0.006276190280914307,0.06943235546350479
0.025532007217407227,-0.020489618182182312,-0.004964035004377365,0.07032260298728943
0.025516964495182037,-0.020611867308616638,-0.0046169087290763855,0.07071010023355484
0.024998195469379425,-0.0206422358751297,-0.005147743970155716,0.07025475800037384
0.024479635059833527,-0.02033320814371109,-0.005762673914432526,0.06999058276414871
0.02443881332874298,-0.020256124436855316,-0.005815133452415466,0.06990382820367813
0.02443554997444153,-0.02023741602897644,-0.00581621378660202,0.06989755481481552
0.024408593773841858,-0.019925273954868317,-0.006003115326166153,0.0684424489736557
0.024448372423648834,-0.020011790096759796,-0.006077367812395096,0.06817962974309921
0.02455541491508484,-0.019861631095409393,-0.006404966115951538,0.06858775019645691
0.02459462732076645,-0.019501015543937683,-0.007388412952423096,0.06958448886871338
0.024635545909404755,-0.01906096190214157,-0.007544700056314468,0.06965307891368866
0.025535844266414642,-0.01860973984003067,-0.006658114492893219,0.06875617057085037
0.02567616105079651,-0.018220245838165283,-0.006441954523324966,0.06859690696001053
0.026247479021549225,-0.016999810934066772,-0.004891194403171539,0.06764663010835648
0.02632032334804535,-0.016499735414981842,-0.004438020288944244,0.06751634925603867
0.02630593627691269,-0.015786796808242798,-0.004383701831102371,0.06612801551818848
0.02621910721063614,-0.015569843351840973,-0.0041923075914382935,0.06508230417966843
0.026221223175525665,-0.015542976558208466,-0.0041645243763923645,0.06489977985620499
0.02595049887895584,-0.015155971050262451,-0.003610171377658844,0.06439632922410965
0.02589995414018631,-0.015141665935516357,-0.003459278494119644,0.06431631743907928
0.025893114507198334,-0.015139952301979065,-0.003449026495218277,0.0643099844455719
0.025699026882648468,-0.01453419029712677,-0.0038053803145885468,0.06359874457120895
0.0257016122341156,-0.014439776539802551,-0.0038740597665309906,0.0633777603507042
0.02620813250541687,-0.013871043920516968,-0.004029855132102966,0.059749022126197815
0.02635016292333603,-0.01398547738790512,-0.004180010408163071,0.059021033346652985
0.02672693133354187,-0.014482185244560242,-0.003700297325849533,0.057949624955654144
0.026763342320919037,-0.014624737203121185,-0.003659754991531372,0.05783786624670029
0.026754863560199738,-0.014450185000896454,-0.0037403404712677,0.05859498679637909
0.026753023266792297,-0.014232315123081207,-0.003699112683534622,0.058711402118206024
0.02746298909187317,-0.013715744018554688,-0.0025533847510814667,0.05832674354314804
0.02790304273366928,-0.013153471052646637,-0.002320650964975357,0.0580977126955986
0.02796388417482376,-0.012814946472644806,-0.002248711884021759,0.05801956355571747
0.02796955406665802,-0.012757539749145508,-0.0022428110241889954,0.05801481008529663
0.028014250099658966,-0.01272449642419815,-0.002198871225118637,0.05773354321718216
0.028011038899421692,-0.012627847492694855,-0.0021565482020378113,0.05764073133468628
0.028056569397449493,-0.012686781585216522,-0.0022968165576457977,0.058104559779167175
0.02804737538099289,-0.012691698968410492,-0.0022900477051734924,0.05813153088092804
0.027961090207099915,-0.01241493970155716,-0.0011328086256980896,0.05762319266796112
0.02791532129049301,-0.012511275708675385,-0.0008769072592258453,0.057626910507678986
0.027974814176559448,-0.012197554111480713,0.0005424916744232178,0.05657345801591873
0.027945414185523987,-0.012221910059452057,0.0008367188274860382,0.056474409997463226
0.02800007164478302,-0.012543022632598877,0.0015594027936458588,0.05561713129281998
0.02798347920179367,-0.012703247368335724,0.0016684047877788544,0.05550453066825867
0.02769581228494644,-0.013177864253520966,0.0004745759069919586,0.055873483419418335
0.027668051421642303,-0.013283811509609222,-0.0008319541811943054,0.05535684525966644
0.02770865708589554,-0.013172820210456848,-0.0010966099798679352,0.05516919493675232
0.028063654899597168,-0.013219960033893585,-0.0010271817445755005,0.05396381765604019
0.028144456446170807,-0.013262681663036346,-0.0010494068264961243,0.05376957356929779
0.02815355360507965,-0.013540804386138916,-0.00017840787768363953,0.05356734246015549
0.028120703995227814,-0.013749271631240845,-4.0080398321151733e-05,0.053702086210250854
0.02823842316865921,-0.01338406652212143,0.0003603734076023102,0.05281879007816315
0.028264246881008148,-0.013275057077407837,0.0004479922354221344,0.05263420194387436
0.028462804853916168,-0.013270676136016846,9.54754650592804e-05,0.05215784162282944
0.028499215841293335,-0.013337738811969757,-3.007054328918457e-05,0.05201735347509384
0.028687819838523865,-0.01310247927904129,-8.762255311012268e-05,0.051698923110961914
0.028717920184135437,-0.013013184070587158,-6.902217864990234e-05,0.05151098966598511
0.02872089296579361,-0.013018280267715454,-6.74128532409668e-05,0.05148874223232269
0.02897331863641739,-0.012864448130130768,-0.0006609819829463959,0.05158120393753052
0.02891676127910614,-0.012688837945461273,-0.0003715790808200836,0.0518089234828949
0.028899356722831726,-0.012590765953063965,-0.0002470090985298157,0.05189204216003418
0.028761230409145355,-0.012706689536571503,-0.0002537369728088379,0.05237942188978195
0.028734080493450165,-0.012689650058746338,-0.00021687522530555725,0.05243305861949921
0.028978131711483,-0.012208610773086548,0.0002685561776161194,0.05240244418382645
0.028986729681491852,-0.012298516929149628,0.0003678128123283386,0.05248168110847473
0.02902676910161972,-0.011864744126796722,0.0001689903438091278,0.05324462801218033
0.029017455875873566,-0.011895246803760529,0.00010598823428153992,0.053421750664711
0.02927696704864502,-0.011639006435871124,3.423541784286499e-06,0.05328117311000824
0.029324673116207123,-0.011589273810386658,-2.1070241928100586e-05,0.053185924887657166
0.029171735048294067,-0.011651843786239624,0.0003819316625595093,0.05343689024448395
0.029137663543224335,-0.011631235480308533,0.00047992169857025146,0.05354908108711243
0.02900690585374832,-0.011645667254924774,0.00011536851525306702,0.05304088443517685
0.02901119738817215,-0.011634297668933868,-6.560236215591431e-06,0.0529668852686882
0.02903156727552414,-0.01174049824476242,-0.00011172518134117126,0.05253102630376816
0.029047891497612,-0.01184198260307312,-0.00016754120588302612,0.05248875916004181
0.029195770621299744,-0.011582091450691223,-0.0010862313210964203,0.0513768196105957
0.029274776577949524,-0.011531263589859009,-0.0013271123170852661,0.05113489180803299
0.02928682416677475,-0.01152639091014862,-0.0013445168733596802,0.051116302609443665
0.02932111918926239,-0.011040687561035156,-0.001215316355228424,0.05078372359275818
0.029593899846076965,-0.010693728923797607,-0.0014251358807086945,0.05039035528898239
0.02965666353702545,-0.010629363358020782,-0.0014815330505371094,0.050257980823516846
0.02994076907634735,-0.010633431375026703,-0.0015134289860725403,0.04941340535879135
0.030025258660316467,-0.010648466646671295,-0.0015200376510620117,0.049182645976543427
0.030337132513523102,-0.010280720889568329,-0.0010534711182117462,0.04879387468099594
0.03038625419139862,-0.01019616425037384,-0.0009341388940811157,0.048762597143650055
0.03130258619785309,-0.010066047310829163,0.0003936402499675751,0.0473964586853981
0.03142418712377548,-0.009914569556713104,0.000683419406414032,0.0471186488866806
0.031488798558712006,-0.009789995849132538,0.0006262250244617462,0.04662226140499115
0.03159099817276001,-0.009277760982513428,0.0005991049110889435,0.045581407845020294
0.03164631873369217,-0.009093694388866425,0.0005913674831390381,0.04541294276714325
0.03183257579803467,-0.008535325527191162,0.0003863684833049774,0.045291557908058167
0.031898438930511475,-0.008341990411281586,0.00037031620740890503,0.04522360861301422
0.03205200284719467,-0.00814180076122284,0.00016103684902191162,0.04546297341585159
0.032082244753837585,-0.008008204400539398,0.00016535446047782898,0.0454215481877327
0.032049208879470825,-0.007805377244949341,-0.0005665123462677002,0.04543950408697128
0.03205485641956329,-0.007737539708614349,-0.0007070563733577728,0.045338064432144165
0.0319938138127327,-0.0074647292494773865,-0.0008425861597061157,0.044724322855472565
0.031995341181755066,-0.007341153919696808,-0.0008432343602180481,0.044536083936691284
0.03207820653915405,-0.007266245782375336,-0.0009347386658191681,0.04495709389448166
0.03206606209278107,-0.0073009878396987915,-0.0009251013398170471,0.045009538531303406
0.03214031457901001,-0.007238619029521942,-0.000933472067117691,0.04547160863876343
0.032315969467163086,-0.00710035115480423,-0.0009414255619049072,0.045657746493816376
0.03236506134271622,-0.007080920040607452,-0.000952158123254776,0.04566109925508499
0.032371245324611664,-0.00708036869764328,-0.0009532608091831207,0.04566054046154022
0.032357364892959595,-0.007250383496284485,-0.0005882494151592255,0.0452515184879303
0.03214952349662781,-0.00755290687084198,-0.0004139840602874756,0.044703803956508636
0.032110489904880524,-0.007524050772190094,-0.00038295239210128784,0.04458604007959366
0.031608812510967255,-0.007748447358608246,-6.36167824268341e-05,0.04512709379196167
0.03153961896896362,-0.007775738835334778,-4.556030035018921e-05,0.045344479382038116
0.03159379959106445,-0.007568791508674622,4.113838076591492e-05,0.04498620331287384
0.031617172062397,-0.007475279271602631,5.0827860832214355e-05,0.04499198496341705
0.03187297284603119,-0.007652014493942261,0.0008981004357337952,0.044919177889823914
0.03187662363052368,-0.007793337106704712,0.001065857708454132,0.04506491869688034
0.032044097781181335,-0.007801517844200134,0.002237413078546524,0.04484521597623825
0.03204135596752167,-0.007842354476451874,0.002471406012773514,0.044900909066200256
0.03226067125797272,-0.007980450987815857,0.002181056886911392,0.044585004448890686
0.032828010618686676,-0.007563591003417969,0.001948382705450058,0.04401048272848129
0.03294013440608978,-0.007419772446155548,0.0019366852939128876,0.04382189363241196
0.03269081562757492,-0.007767774164676666,0.0022685639560222626,0.043228037655353546
0.03260975331068039,-0.007984727621078491,0.0023072324693202972,0.043168261647224426
0.03247179090976715,-0.008001461625099182,0.0021041594445705414,0.04310499131679535
0.03243342041969299,-0.008114106953144073,0.0020410530269145966,0.04305479675531387
0.032616376876831055,-0.007906459271907806,0.0022163502871990204,0.04257810860872269
0.03266993165016174,-0.007902078330516815,0.0022578351199626923,0.04249873012304306
0.03301885724067688,-0.007705070078372955,0.0017455033957958221,0.04296652227640152
0.03308507800102234,-0.007574841380119324,0.001675192266702652,0.04298035055398941
0.033183805644512177,-0.007397189736366272,0.0014347098767757416,0.04311438649892807
0.03318753093481064,-0.007323473691940308,0.001417357474565506,0.04311765730381012
0.03313595801591873,-0.00718245655298233,0.001090455800294876,0.04292936623096466
0.033141396939754486,-0.007130630314350128,0.001034904271364212,0.04280668497085571
0.03333277255296707,-0.0072218626737594604,0.0012507438659667969,0.04227139800786972
0.03336405009031296,-0.007314771413803101,0.0012719333171844482,0.04215952754020691
0.033562712371349335,-0.007255762815475464,0.0013587623834609985,0.04181154817342758
0.03359149396419525,-0.0072804465889930725,0.0013581179082393646,0.04173673689365387
0.03372146934270859,-0.007227450609207153,0.0009208694100379944,0.04189978539943695
0.03375166654586792,-0.007256068289279938,0.0007982775568962097,0.04190351068973541
0.033625759184360504,-0.007606141269207001,0.0008915849030017853,0.04170706123113632
0.03360002487897873,-0.007847532629966736,0.0008426308631896973,0.04172588884830475
0.03359976410865784,-0.007698081433773041,0.0011866874992847443,0.0418296679854393
0.03362081199884415,-0.00769072026014328,0.0012159757316112518,0.04197702556848526
0.03384460508823395,-0.007252156734466553,0.001346055418252945,0.04176972061395645
0.03379560261964798,-0.00669822096824646,0.0007884278893470764,0.04205001890659332
0.03379448503255844,-0.0065776631236076355,0.00067882239818573,0.041995905339717865
0.033882126212120056,-0.006650522351264954,0.0006166324019432068,0.04239341616630554
0.03384532779455185,-0.006566271185874939,0.0006678476929664612,0.04234124720096588
0.03419395536184311,-0.006643444299697876,0.0018386878073215485,0.04242482781410217
0.0341666042804718,-0.006557725369930267,0.0021645165979862213,0.04234806448221207
0.03431641310453415,-0.006290726363658905,0.0013688839972019196,0.04311962425708771
0.03465106338262558,-0.006031833589076996,0.0009796954691410065,0.04320678114891052
0.03474210202693939,-0.00582817941904068,0.0009834691882133484,0.04318621754646301
0.03487224876880646,-0.006079375743865967,0.0011581405997276306,0.04352196305990219
0.03489401191473007,-0.006208725273609161,0.0011438541114330292,0.04365934431552887
0.03503864258527756,-0.0059883370995521545,0.0014228038489818573,0.042138658463954926
0.03510303050279617,-0.005872391164302826,0.0014559216797351837,0.041895098984241486
0.03467050939798355,-0.005875185132026672,0.0013666339218616486,0.041474848985672
0.03460279107093811,-0.005778089165687561,0.0013976208865642548,0.04136060178279877
0.034604258835315704,-0.005731396377086639,0.0014278031885623932,0.041254185140132904
0.034611620008945465,-0.005726538598537445,0.0014388300478458405,0.0412256121635437
0.03461261838674545,-0.005725383758544922,0.001439858227968216,0.04122226685285568
0.034458741545677185,-0.005596160888671875,0.0012938901782035828,0.04314493387937546
0.03439939767122269,-0.005486384034156799,0.0013540051877498627,0.04346393048763275
0.034260787069797516,-0.0055612921714782715,0.0016296617686748505,0.04261559993028641
0.03460806608200073,-0.005719542503356934,0.0011748000979423523,0.04281540960073471
0.03469880670309067,-0.005700811743736267,0.0010732784867286682,0.042786434292793274
0.03496783226728439,-0.005725942552089691,0.0017784200608730316,0.042245686054229736
0.03498964011669159,-0.0057416632771492004,0.001919712871313095,0.042221978306770325
0.03465241193771362,-0.005377814173698425,0.0017093159258365631,0.04170683026313782
0.03459542244672775,-0.005306944251060486,0.0016655810177326202,0.04161249101161957
0.03452780097723007,-0.005120232701301575,0.001366347074508667,0.041598036885261536
0.03453073650598526,-0.005052216351032257,0.0013008899986743927,0.04162918031215668
0.03449564427137375,-0.00511246919631958,0.0010740719735622406,0.04191477596759796
0.03448914736509323,-0.00511709600687027,0.0010365433990955353,0.04197634011507034
0.03451263904571533,-0.005035832524299622,0.0008826181292533875,0.04181806743144989
0.034596607089042664,-0.004816912114620209,0.0009268596768379211,0.041580669581890106
0.03461678326129913,-0.004809282720088959,0.0009290613234043121,0.04152395576238632
0.03468148410320282,-0.0047113001346588135,0.0007580555975437164,0.041641801595687866
0.03470854461193085,-0.004668056964874268,0.000725138932466507,0.04166332632303238
0.03473510593175888,-0.004832185804843903,0.0009516105055809021,0.04177211970090866
0.03473488986492157,-0.004875242710113525,0.0009869448840618134,0.04183347523212433
0.034796737134456635,-0.004900351166725159,0.00099172443151474,0.04165998101234436
0.03481698036193848,-0.004890598356723785,0.0009805113077163696,0.041637636721134186
0.035009682178497314,-0.004744619131088257,0.0007506720721721649,0.04194168001413345
0.035052597522735596,-0.004665188491344452,0.0007172785699367523,0.042005039751529694
0.035091251134872437,-0.004638507962226868,0.000674176961183548,0.04234086722135544
0.03503868728876114,-0.0046943798661231995,0.0011412017047405243,0.04224277287721634
0.035017430782318115,-0.004665970802307129,0.0012518204748630524,0.042213551700115204
0.03506910800933838,-0.004663445055484772,0.001503724604845047,0.04234156012535095
0.03504612296819687,-0.004653282463550568,0.001591365784406662,0.04233109951019287
0.03502202779054642,-0.00436604768037796,0.0007380358874797821,0.0424032062292099
0.03504154831171036,-0.004331856966018677,0.0005567185580730438,0.04236624389886856
0.03512130677700043,-0.004278615117073059,-0.0003375932574272156,0.042640142142772675
0.03517456352710724,-0.004323989152908325,-0.0005561485886573792,0.04267958551645279
0.035298556089401245,-0.004985205829143524,-0.0006251782178878784,0.042583271861076355
0.035331159830093384,-0.005246587097644806,-0.0007109828293323517,0.04256831109523773
0.03530189394950867,-0.005510367453098297,-0.0006283782422542572,0.04246754199266434
0.03550376743078232,-0.005338415503501892,-0.0003157667815685272,0.04223649948835373
0.03554023057222366,-0.005227930843830109,-0.00022555142641067505,0.04220857471227646
0.035712480545043945,-0.0049232542514801025,2.267211675643921e-05,0.04207073152065277
0.03574458509683609,-0.0047503188252449036,0.00011652708053588867,0.042025692760944366
0.035710953176021576,-0.004690475761890411,-8.344277739524841e-05,0.04209768772125244
0.03570152819156647,-0.004676461219787598,-0.00012515857815742493,0.04206683486700058
0.0356152206659317,-0.0048565492033958435,-0.0007821135222911835,0.04276765137910843
0.035583339631557465,-0.004950925707817078,-0.0008875802159309387,0.04280810058116913
0.03585866093635559,-0.004520580172538757,-8.718296885490417e-05,0.04339006543159485
0.03587602823972702,-0.004285946488380432,0.00021214410662651062,0.04353300482034683
0.035976260900497437,-0.0044714659452438354,0.0002243146300315857,0.04280263930559158
0.0360095351934433,-0.004634454846382141,0.0001347847282886505,0.04269915819168091
0.036084599792957306,-0.004444397985935211,-6.248056888580322e-05,0.04266137629747391
0.03612220287322998,-0.004478953778743744,-0.00015852227807044983,0.042682573199272156
0.03629295527935028,-0.004540897905826569,-0.0002183578908443451,0.04252718389034271
0.03632967174053192,-0.00461646169424057,-0.0002467706799507141,0.042472079396247864
0.0363403782248497,-0.00494568794965744,-0.0006037838757038116,0.041502803564071655
0.036363691091537476,-0.00509084016084671,-0.0007735788822174072,0.04129175841808319
0.03632460534572601,-0.005070306360721588,-0.0005212016403675079,0.04137968271970749
0.03630904108285904,-0.005011171102523804,-0.00042847543954849243,0.0414293110370636
0.036228179931640625,-0.00516173243522644,-0.00030085816979408264,0.04172904044389725
0.036188170313835144,-0.005238465964794159,-0.0002692900598049164,0.04181917756795883
0.036365725100040436,-0.005200207233428955,0.0002029314637184143,0.040628060698509216
0.036547400057315826,-0.005194805562496185,0.00033205747604370117,0.040389277040958405
0.03658471256494522,-0.005285575985908508,0.0003240145742893219,0.040390804409980774
0.03649985045194626,-0.0053994059562683105,1.9662082195281982e-05,0.04055142402648926
0.03648822754621506,-0.005411311984062195,-5.636364221572876e-05,0.04055818170309067
0.03658958524465561,-0.005232289433479309,0.0006477124989032745,0.04002447426319122
0.03659311681985855,-0.0053125470876693726,0.0007738657295703888,0.039995476603507996
0.036727458238601685,-0.0049048662185668945,0.0014489777386188507,0.03973771631717682
0.03673405945301056,-0.004987552762031555,0.0015736110508441925,0.03979242593050003
0.03671697527170181,-0.005012549459934235,0.0015526823699474335,0.03985811769962311
0.036717019975185394,-0.0049943700432777405,0.0015517659485340118,0.03986591100692749
0.036703988909721375,-0.005006060004234314,0.0014771483838558197,0.039906181395053864
0.036703646183013916,-0.00499369204044342,0.0014645494520664215,0.0399056077003479
0.036709241569042206,-0.0049841031432151794,0.0015015192329883575,0.039889074862003326
0.03670921176671982,-0.004989355802536011,0.001507740467786789,0.03989019989967346
0.03673435002565384,-0.004977785050868988,0.0015749149024486542,0.039818279445171356
0.03672154247760773,-0.005055628716945648,0.0015389956533908844,0.03997541964054108
0.03671965003013611,-0.005044177174568176,0.0015339665114879608,0.04000043123960495
0.03671940416097641,-0.005041077733039856,0.0015337355434894562,0.04000231623649597
0.03671915829181671,-0.005040332674980164,0.001532766968011856,0.040002770721912384
0.036691270768642426,-0.0051860809326171875,0.0013582147657871246,0.040064916014671326
0.03669023513793945,-0.005197934806346893,0.0013170205056667328,0.04004707187414169
0.036690689623355865,-0.005234897136688232,0.0012986846268177032,0.03999613970518112
0.03669434040784836,-0.005239591002464294,0.0012914985418319702,0.0399811789393425
0.036664776504039764,-0.0052658915519714355,0.0011221282184123993,0.040097467601299286
0.03666442632675171,-0.005217269062995911,0.0010987408459186554,0.04010183364152908
0.0367012545466423,-0.005265571177005768,0.0010543204843997955,0.039978206157684326
0.03671039640903473,-0.005237773060798645,0.0010548010468482971,0.0399356335401535
0.036711446940898895,-0.0052351802587509155,0.0010552220046520233,0.039931200444698334
0.03669724613428116,-0.005286574363708496,0.0009458474814891815,0.039913810789585114
0.03654446452856064,-0.0053605809807777405,0.0003957413136959076,0.040288589894771576
0.03652846813201904,-0.005290135741233826,0.00029655173420906067,0.04029536992311478
0.03652898222208023,-0.005290105938911438,-0.00033680349588394165,0.04085381329059601
0.03654605895280838,-0.00522247701883316,-0.0004415065050125122,0.040897153317928314
0.03641420602798462,-0.0050392672419548035,-0.00043006613850593567,0.04122685641050339
0.03636878728866577,-0.005049780011177063,-0.00041815266013145447,0.04129987955093384
0.0362061932682991,-0.005658634006977081,-0.000505007803440094,0.039981111884117126
0.036192819476127625,-0.0057926177978515625,-0.0006247200071811676,0.03977543115615845
0.03592035174369812,-0.005115516483783722,-0.0010463371872901917,0.040282391011714935
0.03617741912603378,-0.0042737871408462524,-0.0009530521929264069,0.04154089838266373
0.03629131615161896,-0.00392315536737442,-0.001046847552061081,0.04310569912195206
0.03630586713552475,-0.003734372556209564,-0.0010334178805351257,0.04324350506067276
0.0363067090511322,-0.003704369068145752,-0.0010313689708709717,0.04324839264154434
0.03651639074087143,-0.0030261948704719543,-0.00029105693101882935,0.041328348219394684
0.03658405691385269,-0.002765059471130371,-0.00021839141845703125,0.041107237339019775
0.03673908859491348,-0.0020859763026237488,0.0004938989877700806,0.040912926197052
0.036750905215740204,-0.001743309199810028,0.000720389187335968,0.04093022644519806
0.03677118569612503,-0.0017179027199745178,0.001003548502922058,0.04008610546588898
0.03686825931072235,-0.001673676073551178,0.0010463111102581024,0.03963909298181534
0.036889538168907166,-0.0016945898532867432,0.0010365508496761322,0.03956446051597595
0.03689238429069519,-0.0017006471753120422,0.0010349191725254059,0.03955879807472229
0.03691554814577103,-0.0015096291899681091,0.0013751797378063202,0.03959362208843231
0.03692828118801117,-0.0012678280472755432,0.001393001526594162,0.039780393242836
0.03693661838769913,-0.001206822693347931,0.0013978146016597748,0.03977769613265991
0.03702966868877411,-0.0015506818890571594,0.001408938318490982,0.03973753750324249
0.037044525146484375,-0.0016547441482543945,0.0014161579310894012,0.039711080491542816
0.03706097602844238,-0.001586034893989563,0.0014901794493198395,0.039204902946949005
0.037069983780384064,-0.00153399258852005,0.001515951007604599,0.03909791260957718
0.036993786692619324,-0.0015564635396003723,0.0018338896334171295,0.03917965292930603
0.03697379678487778,-0.001495368778705597,0.0015390627086162567,0.03916461020708084
0.03698895126581192,-0.0014073699712753296,0.0014907754957675934,0.039136551320552826
0.03699124604463577,-0.0013940930366516113,0.0014882199466228485,0.039136581122875214
0.03699134290218353,-0.0013919398188591003,0.0014988221228122711,0.03917615860700607
0.036990776658058167,-0.0013863742351531982,0.0015026964247226715,0.03918475657701492
0.03699064254760742,-0.0013852491974830627,0.0015028230845928192,0.03918475657701492
0.036990679800510406,-0.0013851523399353027,0.0015027187764644623,0.03918463736772537
0.03699067234992981,-0.0013851448893547058,0.0015029273927211761,0.03918541222810745
0.036990687251091,-0.0013851150870323181,0.00150303915143013,0.03918558359146118
0.036990687251091,-0.0013850629329681396,0.0015030242502689362,0.039185598492622375
0.036990687251091,-0.0013850629329681396,0.0015030242502689362,0.039185598492622375
0.036990687251091,-0.0013850629329681396,0.0015030242502689362,0.039185598492622375
0.036990687251091,-0.0013850629329681396,0.0015030242502689362,0.039185598492622375
0.036990687251091,-0.0013850629329681396,0.0015030242502689362,0.039185598492622375
0.036990687251091,-0.0013850629329681396,0.0015030242502689362,0.039185598492622375
0.036990687251091,-0.0013850629329681396,0.0015030242502689362,0.039185598492622375
0.036990687251091,-0.0013850629329681396,0.0015030242502689362,0.039185598492622375
0.036990687251091,-0.0013850629329681396,0.0015030242502689362,0.039185598492622375
0.036990687251091,-0.0013850629329681396,0.0015030242502689362,0.039185598492622375
0.036990687251091,-0.0013850629329681396,0.0015030242502689362,0.039185598492622375
0.036990687251091,-0.0013850629329681396,0.0015030242502689362,0.039185598492622375
0.036990687251091,-0.0013850629329681396,0.0015030242502689362,0.039185598492622375
0.036990687251091,-0.0013850629329681396,0.0015030242502689362,0.039185598492622375
0.036990709602832794,-0.001385033130645752,0.0015036426484584808,0.039186991751194
0.036990709602832794,-0.0013848468661308289,0.0015037618577480316,0.03918732702732086
0.03700433671474457,-0.0013491511344909668,0.0015316344797611237,0.03926724195480347
0.03700563311576843,-0.0013677850365638733,0.001535031944513321,0.039286769926548004
0.03700060397386551,-0.0013678818941116333,0.0015639178454875946,0.039186351001262665
0.03699830174446106,-0.001370057463645935,0.0015702135860919952,0.039167724549770355
0.03698685020208359,-0.0013787373900413513,0.0015580914914608002,0.0392303392291069
0.036985985934734344,-0.0013768598437309265,0.0015556775033473969,0.03924264758825302
0.03699132055044174,-0.0013970732688903809,0.0015981905162334442,0.03948270529508591
0.03699129819869995,-0.0014290213584899902,0.0016045905649662018,0.03954026848077774
0.037025630474090576,-0.0015297606587409973,0.0014670304954051971,0.03933914005756378
0.037039779126644135,-0.001668304204940796,0.001389089971780777,0.039296604692935944
0.03698936104774475,-0.001618415117263794,0.0012069791555404663,0.0389997661113739
0.03699377924203873,-0.0016709491610527039,0.0011408887803554535,0.0389125719666481
0.037008993327617645,-0.001425042748451233,0.0012212172150611877,0.03819844126701355
0.03700459748506546,-0.0014540627598762512,0.0012243352830410004,0.038051411509513855
0.03700833022594452,-0.0016063079237937927,0.0013833977282047272,0.03767967224121094
0.03699548542499542,-0.0016772300004959106,0.001398582011461258,0.03761385381221771
0.03711497038602829,-0.0019267424941062927,0.001403067260980606,0.03765012323856354
0.03712768107652664,-0.0020328909158706665,0.001392807811498642,0.03763740509748459
0.037107281386852264,-0.0023039355874061584,0.001460973173379898,0.03787994384765625
0.03712472319602966,-0.0022012516856193542,0.0015855468809604645,0.03727489709854126
0.03712857514619827,-0.0022836625576019287,0.0015941895544528961,0.037142351269721985
0.037129417061805725,-0.002299852669239044,0.0015935860574245453,0.0371316596865654
0.03714273124933243,-0.0025470107793807983,0.001365572214126587,0.03746650367975235
0.037053100764751434,-0.0030029937624931335,0.0014734603464603424,0.037404365837574005
0.037029147148132324,-0.0033084675669670105,0.0013956911861896515,0.03748238831758499
0.03716546297073364,-0.0033677667379379272,0.0018917210400104523,0.03699861466884613
0.037169404327869415,-0.003575824201107025,0.0019311793148517609,0.037018805742263794
0.03709828853607178,-0.0038166195154190063,0.0017362944781780243,0.03624994307756424
0.03707737475633621,-0.004042603075504303,0.0016430281102657318,0.036091528832912445
0.036692529916763306,-0.004835508763790131,0.001634296029806137,0.03729589283466339
0.036579787731170654,-0.0050733014941215515,0.0015943758189678192,0.03759293258190155
0.036598846316337585,-0.00537736713886261,0.0019142217934131622,0.03818408399820328
0.03659556061029434,-0.005369514226913452,0.0020088963210582733,0.03833732753992081
0.03637523204088211,-0.005435101687908173,0.0018584690988063812,0.039148859679698944
0.03636123985052109,-0.005337819457054138,0.0018594078719615936,0.03930934518575668
0.03648664802312851,-0.004819974303245544,0.0018051452934741974,0.03974446654319763
0.036478906869888306,-0.004816979169845581,0.0018210075795650482,0.039709582924842834
0.03643520921468735,-0.004677005112171173,0.0020633824169635773,0.03973401337862015
0.03642241656780243,-0.004577755928039551,0.00215182825922966,0.03974968194961548
0.03640541434288025,-0.0045635029673576355,0.0019167251884937286,0.039890728890895844
0.03640059381723404,-0.0045657679438591,0.0018593110144138336,0.03989804536104202
0.03641364723443985,-0.004394754767417908,0.0016675330698490143,0.03998924046754837
0.03642110526561737,-0.004420176148414612,0.0016243942081928253,0.039987385272979736
0.03653170168399811,-0.0044678449630737305,0.0019239597022533417,0.039882853627204895
0.03654666244983673,-0.00448937714099884,0.0019878260791301727,0.039887845516204834
0.03652758151292801,-0.004489205777645111,0.0019038952887058258,0.039797767996788025
0.03686556965112686,-0.0036196038126945496,0.002243485301733017,0.0389108806848526
0.036980144679546356,-0.0031624287366867065,0.0023676715791225433,0.038859158754348755
0.03643044829368591,-0.004067271947860718,0.001183047890663147,0.03925643116235733
0.03631577640771866,-0.00431186705827713,0.0008422397077083588,0.03920300304889679
0.03673374652862549,-0.003679625689983368,0.000718824565410614,0.03871508687734604
0.03683941066265106,-0.003286324441432953,0.0007995106279850006,0.038473889231681824
0.036937110126018524,-0.0025185048580169678,0.0011947117745876312,0.0394531786441803
0.036973319947719574,-0.0018491744995117188,0.0014792196452617645,0.03961573541164398
0.0370076447725296,-0.0018189772963523865,0.0011018626391887665,0.03946208208799362
0.03701873868703842,-0.0019063949584960938,0.0009885802865028381,0.039372049272060394
0.037015579640865326,-0.00183916836977005,0.0011488907039165497,0.03940637409687042
0.037013567984104156,-0.0017788559198379517,0.001204073429107666,0.03943977504968643
0.037018343806266785,-0.001852467656135559,0.0010392554104328156,0.03939896821975708
0.037020668387413025,-0.0019139274954795837,0.0009837932884693146,0.039365075528621674
0.03700941056013107,-0.0019468218088150024,0.0009749270975589752,0.03943038731813431
0.03700478374958038,-0.0019652023911476135,0.0009675063192844391,0.03943266719579697
0.037004254758358,-0.0019673556089401245,0.0009667836129665375,0.03943144530057907
0.03700421005487442,-0.0019677430391311646,0.0009667426347732544,0.03943120688199997
0.03702148050069809,-0.0019952431321144104,0.00098409503698349,0.03947240114212036
0.03702353686094284,-0.002001732587814331,0.0009888596832752228,0.039474792778491974
0.03702375292778015,-0.002002894878387451,0.0009891316294670105,0.03947453945875168
0.03702225536108017,-0.002042323350906372,0.0012152977287769318,0.039436690509319305
0.03702084720134735,-0.002032347023487091,0.0012650005519390106,0.039468273520469666
0.037020325660705566,-0.0020279735326766968,0.0012685954570770264,0.03947238624095917
0.03710278123617172,-0.0022163987159729004,0.0012869387865066528,0.03956685960292816
0.03713078051805496,-0.0024112462997436523,0.0012040548026561737,0.03962813317775726
0.037135638296604156,-0.002494990825653076,0.0011637769639492035,0.03963424265384674
0.037133753299713135,-0.0026968345046043396,0.0010619908571243286,0.039695605635643005
0.037132397294044495,-0.002789430320262909,0.001012895256280899,0.039702221751213074
0.037132762372493744,-0.0027983635663986206,0.0010083578526973724,0.03970208019018173
0.037170156836509705,-0.0026829391717910767,0.0011724717915058136,0.03957138955593109
0.03727463632822037,-0.0026124119758605957,0.0015536881983280182,0.039443664252758026
0.037280432879924774,-0.0026695430278778076,0.001624133437871933,0.039441972970962524
0.037329502403736115,-0.002637706696987152,0.0017390139400959015,0.03960554301738739
0.0373314693570137,-0.002605423331260681,0.0017802976071834564,0.039629414677619934
0.037323348224163055,-0.0025561824440956116,0.0018230043351650238,0.0396675243973732
0.03731890767812729,-0.0025444477796554565,0.0018360652029514313,0.03967561572790146
0.03732199966907501,-0.0024610385298728943,0.0017638467252254486,0.039764404296875
0.03732436150312424,-0.0024304911494255066,0.0017568133771419525,0.03976468741893768
0.03732462227344513,-0.0024269595742225647,0.0017563216388225555,0.039763979613780975
0.03732466697692871,-0.0024263784289360046,0.0017562471330165863,0.03976381570100784
0.03732466697692871,-0.0024262815713882446,0.0017562620341777802,0.03976377844810486
0.03732466697692871,-0.002426251769065857,0.0017562620341777802,0.03976377844810486
0.03732466697692871,-0.002426251769065857,0.0017562620341777802,0.03976377844810486
0.03732466697692871,-0.002426251769065857,0.0017562620341777802,0.03976377844810486
0.03732466697692871,-0.002426251769065857,0.0017562620341777802,0.03976377844810486
0.03732466697692871,-0.002426251769065857,0.0017562620341777802,0.03976377844810486
0.037300676107406616,-0.002428963780403137,0.0016123466193675995,0.03985491394996643
0.03730262815952301,-0.0024052858352661133,0.001585986465215683,0.03985972702503204
0.03727656602859497,-0.0023614466190338135,0.0015057213604450226,0.039870038628578186
0.03727839142084122,-0.0023355111479759216,0.0014933161437511444,0.039870329201221466
0.03727789968252182,-0.0022199153900146484,0.0014779157936573029,0.03963363915681839
0.037289418280124664,-0.0021843314170837402,0.0014821477234363556,0.0395999401807785
0.03731194883584976,-0.002154119312763214,0.0015948005020618439,0.03953138738870621
0.037338100373744965,-0.002136431634426117,0.0016612820327281952,0.039520688354969025
0.03734384477138519,-0.0021410956978797913,0.0016691572964191437,0.03952590376138687
0.03734754025936127,-0.002151571214199066,0.001541968435049057,0.039513617753982544
0.03735300153493881,-0.0021707862615585327,0.0015067718923091888,0.039497360587120056
0.03735404461622238,-0.002173900604248047,0.00150391086935997,0.03949538618326187
0.037354178726673126,-0.002174466848373413,0.001503821462392807,0.03949529677629471
0.03735419362783432,-0.002174578607082367,0.001503821462392807,0.03949529677629471
0.03735419362783432,-0.002174593508243561,0.001503821462392807,0.03949529677629471
0.037353865802288055,-0.002174578607082367,0.0015037991106510162,0.03949693590402603
0.037353768944740295,-0.0021741315722465515,0.0015039332211017609,0.03949730843305588
0.037353768944740295,-0.00217408686876297,0.0015039332211017609,0.03949733078479767
0.037353768944740295,-0.002174064517021179,0.0015039332211017609,0.03949733078479767
0.037353768944740295,-0.002174064517021179,0.0015039332211017609,0.03949733078479767
0.037353768944740295,-0.002174064517021179,0.0015039332211017609,0.03949733078479767
0.03735307604074478,-0.0021749064326286316,0.0015009082853794098,0.039502426981925964
0.03735296428203583,-0.0021737515926361084,0.0015006624162197113,0.03950302302837372
0.03735346347093582,-0.0021734535694122314,0.0015013478696346283,0.03950260579586029
0.037353575229644775,-0.002173811197280884,0.0015012584626674652,0.03950250893831253
0.03735358268022537,-0.002173885703086853,0.001501280814409256,0.03950248658657074
0.03735360503196716,-0.002173885703086853,0.001501280814409256,0.03950248658657074
0.03735360503196716,-0.002173885703086853,0.001501280814409256,0.03950248658657074
0.03735360503196716,-0.002173885703086853,0.001501280814409256,0.03950248658657074
0.03735360503196716,-0.002173885703086853,0.001501280814409256,0.03950248658657074
0.03735360503196716,-0.002173885703086853,0.001501280814409256,0.03950248658657074
0.03735360503196716,-0.002173885703086853,0.001501280814409256,0.03950248658657074
0.03735360503196716,-0.002173885703086853,0.001501280814409256,0.03950248658657074
0.037352196872234344,-0.002172030508518219,0.0014909915626049042,0.03948839753866196
0.037352077662944794,-0.0021698549389839172,0.001489732414484024,0.039484500885009766
0.03735209256410599,-0.002169780433177948,0.0014896132051944733,0.03948408365249634
0.03735209256410599,-0.0021698251366615295,0.0014896504580974579,0.03948402404785156
0.03735209256410599,-0.0021698251366615295,0.0014896504580974579,0.03948400169610977
0.03735209256410599,-0.0021698251366615295,0.0014896504580974579,0.03948400169610977
0.03735209256410599,-0.0021698251366615295,0.0014896504580974579,0.03948400169610977
0.03735209256410599,-0.0021698251366615295,0.0014896504580974579,0.03948400169610977
0.03735209256410599,-0.0021698251366615295,0.0014896504580974579,0.03948400169610977
0.03735209256410599,-0.0021698251366615295,0.0014896504580974579,0.03948400169610977
0.03735209256410599,-0.0021698251366615295,0.0014896504580974579,0.03948400169610977
0.03735209256410599,-0.0021698251366615295,0.0014896504580974579,0.03948400169610977
0.03735209256410599,-0.0021698251366615295,0.0014896504580974579,0.03948400169610977
0.03735209256410599,-0.0021698251366615295,0.0014896504580974579,0.03948400169610977
0.03735209256410599,-0.0021698251366615295,0.0014896504580974579,0.03948400169610977
0.03735209256410599,-0.0021698251366615295,0.0014896504580974579,0.03948400169610977
0.03735209256410599,-0.0021698251366615295,0.0014896504580974579,0.03948400169610977
0.03735209256410599,-0.0021698251366615295,0.0014896504580974579,0.03948400169610977
0.03735209256410599,-0.0021698251366615295,0.0014896504580974579,0.03948400169610977
0.03735209256410599,-0.0021698251366615295,0.0014896504580974579,0.03948400169610977
0.03735209256410599,-0.0021698251366615295,0.0014896504580974579,0.03948400169610977
0.03735209256410599,-0.0021698251366615295,0.0014896504580974579,0.03948400169610977
0.03735209256410599,-0.0021698251366615295,0.0014896504580974579,0.03948400169610977
0.03735209256410599,-0.0021698251366615295,0.0014896504580974579,0.03948400169610977
0.03735209256410599,-0.0021698251366615295,0.0014896504580974579,0.03948400169610977
0.03735209256410599,-0.0021698251366615295,0.0014896504580974579,0.03948400169610977
0.03734598308801651,-0.002180546522140503,0.0014723576605319977,0.03954958915710449
0.037345461547374725,-0.0021718963980674744,0.0014706216752529144,0.03956048935651779
0.037357449531555176,-0.002193532884120941,0.0013661570847034454,0.039405956864356995
0.037363141775131226,-0.002178668975830078,0.0013480708003044128,0.03936438262462616
0.037366561591625214,-0.002173684537410736,0.0013266317546367645,0.03928206115961075
0.037369415163993835,-0.0021685436367988586,0.0013228841125965118,0.03926530480384827
0.03736986219882965,-0.002168223261833191,0.0013226792216300964,0.03926423192024231
0.037333615124225616,-0.002180442214012146,0.0012303441762924194,0.03944150358438492
0.0373290553689003,-0.002147682011127472,0.0012183114886283875,0.039465926587581635
0.03732854872941971,-0.0021415427327156067,0.001217760145664215,0.039467617869377136
0.03728306293487549,-0.002151668071746826,0.001117408275604248,0.03971181809902191
0.037249088287353516,-0.0021207183599472046,0.0010567344725131989,0.03994973003864288
0.03724312037229538,-0.002091817557811737,0.0010516978800296783,0.03998593986034393
0.03722292184829712,-0.002061985433101654,0.0010061226785182953,0.04007741063833237
0.03722032904624939,-0.002044677734375,0.0009974688291549683,0.04008885473012924
0.03719770163297653,-0.001992441713809967,0.0008709169924259186,0.04000356048345566
0.03719896823167801,-0.001980200409889221,0.0008429549634456635,0.03997272998094559
0.037131547927856445,-0.0020026788115501404,0.0006920956075191498,0.03988751769065857
0.03712349385023117,-0.0019877776503562927,0.0006691925227642059,0.039868585765361786
0.03714422136545181,-0.0018949061632156372,0.0010155513882637024,0.039811767637729645
0.037140682339668274,-0.00183955579996109,0.0011108629405498505,0.03984204679727554
0.03706323355436325,-0.0016673579812049866,0.0012594647705554962,0.03943865746259689
0.03703819215297699,-0.001618310809135437,0.0012747906148433685,0.039433956146240234
0.03700174391269684,-0.0012761875987052917,0.0012429431080818176,0.03976117819547653
0.037001483142375946,-0.001200936734676361,0.001227114349603653,0.03985285013914108
0.03700146824121475,-0.0011915117502212524,0.0012263096868991852,0.03985999524593353
0.03700146824121475,-0.0011898279190063477,0.0012262091040611267,0.03986058384180069
0.036052361130714417,-0.0008742213249206543,0.0018878467381000519,0.03962022066116333
0.03584631532430649,-0.0010774210095405579,0.0019438974559307098,0.03960680216550827
0.035822682082653046,-0.0010849907994270325,0.0019484646618366241,0.03958277404308319
0.03582005947828293,-0.001085527241230011,0.0019487030804157257,0.039580002427101135
0.03581976145505905,-0.0010851919651031494,0.0019487328827381134,0.03957977890968323
0.035819731652736664,-0.0010850951075553894,0.0019487477838993073,0.039579764008522034
0.035820506513118744,-0.0010822489857673645,0.0019496269524097443,0.03958705812692642
0.03581996262073517,-0.001083560287952423,0.001949068158864975,0.03958117216825485
0.035819754004478455,-0.0010848641395568848,0.0019487850368022919,0.03957986831665039
0.035819731652736664,-0.001085028052330017,0.0019487477838993073,0.039579764008522034
0.035819731652736664,-0.0010850578546524048,0.0019487477838993073,0.039579764008522034
0.035819731652736664,-0.0010850578546524048,0.0019487477838993073,0.039579764008522034
0.03582657873630524,-0.0011351034045219421,0.002331431955099106,0.03955609351396561
0.035809434950351715,-0.0011842623353004456,0.002388257533311844,0.03961463272571564
0.03647047281265259,-0.0014919489622116089,0.001966390758752823,0.0405367910861969
0.036596521735191345,-0.0012984797358512878,0.001959037035703659,0.04065784811973572
0.03716057538986206,-0.0016715750098228455,0.0010140687227249146,0.03983388841152191
0.037299320101737976,-0.0019140616059303284,0.0008012019097805023,0.039484478533267975
0.03712031990289688,-0.0022515803575515747,0.0005704015493392944,0.03903771936893463
0.036983683705329895,-0.0018096491694450378,0.0011867284774780273,0.038968466222286224
0.03694438934326172,-0.0013632029294967651,0.0014534331858158112,0.039053454995155334
0.03698138892650604,-0.0013874173164367676,0.0014906041324138641,0.03916057199239731
0.0369897186756134,-0.0013869255781173706,0.001500990241765976,0.039180584251880646
0.036990679800510406,-0.001385718584060669,0.0015033893287181854,0.039186857640743256
0.0369906947016716,-0.001384921371936798,0.0015040598809719086,0.039188072085380554
0.036990709602832794,-0.0013847500085830688,0.0015040598809719086,0.03918816149234772
0.036990709602832794,-0.0013847202062606812,0.0015040598809719086,0.03918816149234772
0.036990709602832794,-0.0013847202062606812,0.0015040598809719086,0.03918816149234772
0.036990709602832794,-0.0013847202062606812,0.0015040598809719086,0.03918816149234772
0.036990709602832794,-0.0013847202062606812,0.0015040598809719086,0.03918816149234772
0.036990709602832794,-0.0013847202062606812,0.0015040598809719086,0.03918816149234772
0.036990709602832794,-0.0013847202062606812,0.0015040598809719086,0.03918816149234772
0.036990709602832794,-0.0013847202062606812,0.0015040598809719086,0.03918816149234772
0.036990709602832794,-0.0013847202062606812,0.0015040598809719086,0.03918816149234772
0.036990709602832794,-0.0013847202062606812,0.0015040598809719086,0.03918816149234772
0.036990709602832794,-0.0013847202062606812,0.0015040598809719086,0.03918816149234772
0.036990709602832794,-0.0013847202062606812,0.0015040598809719086,0.03918816149234772
0.036990709602832794,-0.0013847202062606812,0.0015040598809719086,0.03918816149234772
0.036990709602832794,-0.0013847202062606812,0.0015040598809719086,0.03918816149234772
0.036990709602832794,-0.0013847202062606812,0.0015040598809719086,0.03918816149234772
0.036990709602832794,-0.0013847202062606812,0.0015040598809719086,0.03918816149234772
0.036990709602832794,-0.0013847202062606812,0.0015040598809719086,0.03918816149234772
0.036990709602832794,-0.0013847202062606812,0.0015040598809719086,0.03918816149234772
0.036990709602832794,-0.0013847202062606812,0.0015040598809719086,0.03918816149234772
0.036990709602832794,-0.0013847202062606812,0.0015040598809719086,0.03918816149234772
0.036990709602832794,-0.0013847202062606812,0.0015040598809719086,0.03918816149234772
0.036990709602832794,-0.0013847202062606812,0.0015040598809719086,0.03918816149234772
0.036990709602832794,-0.0013847202062606812,0.0015040598809719086,0.03918816149234772
0.036990709602832794,-0.0013847202062606812,0.0015040598809719086,0.03918816149234772
0.036990709602832794,-0.0013847202062606812,0.0015040598809719086,0.03918816149234772
0.036990709602832794,-0.0013847202062606812,0.0015040598809719086,0.03918816149234772
0.036990709602832794,-0.0013847202062606812,0.0015040598809719086,0.03918816149234772
0.036990709602832794,-0.0013847202062606812,0.0015040598809719086,0.03918816149234772
0.036990709602832794,-0.0013847202062606812,0.0015040598809719086,0.03918816149234772
0.036990709602832794,-0.0013847202062606812,0.0015040598809719086,0.03918816149234772
0.036990709602832794,-0.0013847202062606812,0.0015040598809719086,0.03918816149234772
0.036990709602832794,-0.0013847202062606812,0.0015040598809719086,0.03918816149234772
0.036990709602832794,-0.0013847202062606812,0.0015040598809719086,0.03918816149234772
0.036990709602832794,-0.0013847202062606812,0.0015040598809719086,0.03918816149234772
0.036990709602832794,-0.0013847202062606812,0.0015040598809719086,0.03918816149234772
0.036990709602832794,-0.0013847202062606812,0.0015040598809719086,0.03918816149234772
0.036990709602832794,-0.0013847202062606812,0.0015040598809719086,0.03918816149234772
0.036990709602832794,-0.0013847202062606812,0.0015040598809719086,0.03918816149234772
0.036990709602832794,-0.0013847202062606812,0.0015040598809719086,0.03918816149234772
0.036990709602832794,-0.0013847202062606812,0.0015040598809719086,0.03918816149234772
0.036990709602832794,-0.0013847202062606812,0.0015040598809719086,0.03918816149234772
0.036990709602832794,-0.0013847202062606812,0.0015040598809719086,0.03918816149234772
0.036990709602832794,-0.0013847202062606812,0.0015040598809719086,0.03918816149234772
0.036990709602832794,-0.0013847202062606812,0.0015040598809719086,0.03918816149234772
0.036990709602832794,-0.0013847202062606812,0.0015040598809719086,0.03918816149234772
0.036990709602832794,-0.0013847202062606812,0.0015040598809719086,0.03918816149234772
0.036990709602832794,-0.0013847202062606812,0.0015040598809719086,0.03918816149234772
0.036990709602832794,-0.0013847202062606812,0.0015040598809719086,0.03918816149234772
0.036990709602832794,-0.0013847202062606812,0.0015040598809719086,0.03918816149234772
0.036990709602832794,-0.0013847202062606812,0.0015040598809719086,0.03918816149234772
0.036990709602832794,-0.0013847202062606812,0.0015040598809719086,0.03918816149234772
0.036990709602832794,-0.0013847202062606812,0.0015040598809719086,0.03918816149234772
0.036990709602832794,-0.0013847202062606812,0.0015040598809719086,0.03918816149234772
0.036990709602832794,-0.0013847202062606812,0.0015040598809719086,0.03918816149234772
0.036990709602832794,-0.0013847202062606812,0.0015040598809719086,0.03918816149234772
0.036990709602832794,-0.0013847202062606812,0.0015040598809719086,0.03918816149234772
0.036990709602832794,-0.0013847202062606812,0.0015040598809719086,0.03918816149234772
0.036990709602832794,-0.0013847202062606812,0.0015040598809719086,0.03918816149234772
0.036990709602832794,-0.0013847202062606812,0.0015040598809719086,0.03918816149234772
0.036990709602832794,-0.0013847202062606812,0.0015040598809719086,0.03918816149234772
0.036990709602832794,-0.0013847202062606812,0.0015040598809719086,0.03918816149234772
0.036990709602832794,-0.0013847202062606812,0.0015040598809719086,0.03918816149234772
0.036990709602832794,-0.0013847202062606812,0.0015040598809719086,0.03918816149234772
0.036990709602832794,-0.0013847202062606812,0.0015040598809719086,0.03918816149234772
0.036990709602832794,-0.0013847202062606812,0.0015040598809719086,0.03918816149234772
0.036990709602832794,-0.0013847202062606812,0.0015040598809719086,0.03918816149234772
0.036990709602832794,-0.0013847202062606812,0.0015040598809719086,0.03918816149234772
0.036990709602832794,-0.0013847202062606812,0.0015040598809719086,0.03918816149234772
0.036990709602832794,-0.0013847202062606812,0.0015040598809719086,0.03918816149234772
0.036990709602832794,-0.0013847202062606812,0.0015040598809719086,0.03918816149234772
0.036990709602832794,-0.0013847202062606812,0.0015040598809719086,0.03918816149234772
0.036990709602832794,-0.0013847202062606812,0.0015040598809719086,0.03918816149234772
0.036990709602832794,-0.0013847202062606812,0.0015040598809719086,0.03918816149234772
0.036990709602832794,-0.0013847202062606812,0.0015040598809719086,0.03918816149234772
0.036990709602832794,-0.0013847202062606812,0.0015040598809719086,0.03918816149234772
0.036990709602832794,-0.0013847202062606812,0.0015040598809719086,0.03918816149234772
0.036990709602832794,-0.0013847202062606812,0.0015040598809719086,0.03918816149234772
0.036990709602832794,-0.0013847202062606812,0.0015040598809719086,0.03918816149234772
0.036990709602832794,-0.0013847202062606812,0.0015040598809719086,0.03918816149234772
0.036990709602832794,-0.0013847202062606812,0.0015040598809719086,0.03918816149234772
0.036990709602832794,-0.0013847202062606812,0.0015040598809719086,0.03918816149234772
0.036990709602832794,-0.0013847202062606812,0.0015040598809719086,0.03918816149234772
0.036990709602832794,-0.0013847202062606812,0.0015040598809719086,0.03918816149234772
0.036990709602832794,-0.0013847202062606812,0.0015040598809719086,0.03918816149234772
0.036990709602832794,-0.0013847202062606812,0.0015040598809719086,0.03918816149234772
0.036990709602832794,-0.0013847202062606812,0.0015040598809719086,0.03918816149234772
0.036990709602832794,-0.0013847202062606812,0.0015040598809719086,0.03918816149234772
0.036990709602832794,-0.0013847202062606812,0.0015040598809719086,0.03918816149234772
0.036990709602832794,-0.0013847202062606812,0.0015040598809719086,0.03918816149234772
0.036990709602832794,-0.0013847202062606812,0.0015040598809719086,0.03918816149234772
0.036990709602832794,-0.0013847202062606812,0.0015040598809719086,0.03918816149234772
0.036990709602832794,-0.0013847202062606812,0.0015040598809719086,0.03918816149234772
0.036990709602832794,-0.0013847202062606812,0.0015040598809719086,0.03918816149234772
0.036990709602832794,-0.0013847202062606812,0.0015040598809719086,0.03918816149234772
0.036990709602832794,-0.0013847202062606812,0.0015040598809719086,0.03918816149234772
0.036990709602832794,-0.0013847202062606812,0.0015040598809719086,0.03918816149234772
0.036990709602832794,-0.0013847202062606812,0.0015040598809719086,0.03918816149234772
0.036990709602832794,-0.0013847202062606812,0.0015040598809719086,0.03918816149234772
0.036990709602832794,-0.0013847202062606812,0.0015040598809719086,0.03918816149234772
0.036990709602832794,-0.0013847202062606812,0.0015040598809719086,0.03918816149234772
0.036990709602832794,-0.0013847202062606812,0.0015040598809719086,0.03918816149234772
0.036990709602832794,-0.0013847202062606812,0.0015040598809719086,0.03918816149234772
0.036990709602832794,-0.0013847202062606812,0.0015040598809719086,0.03918816149234772
0.036990709602832794,-0.0013847202062606812,0.0015040598809719086,0.03918816149234772
0.036990709602832794,-0.0013847202062606812,0.0015040598809719086,0.03918816149234772
0.036990709602832794,-0.0013847202062606812,0.0015040598809719086,0.03918816149234772
0.036990709602832794,-0.0013847202062606812,0.0015040598809719086,0.03918816149234772
0.036990709602832794,-0.0013847202062606812,0.0015040598809719086,0.03918816149234772
0.036990709602832794,-0.0013847202062606812,0.0015040598809719086,0.03918816149234772
0.036990709602832794,-0.0013847202062606812,0.0015040598809719086,0.03918816149234772
0.036990709602832794,-0.0013847202062606812,0.0015040598809719086,0.03918816149234772
0.036990709602832794,-0.0013847202062606812,0.0015040598809719086,0.03918816149234772
0.036990709602832794,-0.0013847202062606812,0.0015040598809719086,0.03918816149234772
0.036990709602832794,-0.0013847202062606812,0.0015040598809719086,0.03918816149234772
0.036990709602832794,-0.0013847202062606812,0.0015040598809719086,0.03918816149234772
0.036990709602832794,-0.0013847202062606812,0.0015040598809719086,0.03918816149234772
0.036990709602832794,-0.0013847202062606812,0.0015040598809719086,0.03918816149234772
0.036990709602832794,-0.0013847202062606812,0.0015040598809719086,0.03918816149234772
0.036990709602832794,-0.0013847202062606812,0.0015040598809719086,0.03918816149234772
0.036990709602832794,-0.0013847202062606812,0.0015040598809719086,0.03918816149234772
0.036990709602832794,-0.0013847202062606812,0.0015040598809719086,0.03918816149234772
0.036990709602832794,-0.0013847202062606812,0.0015040598809719086,0.03918816149234772
0.036990709602832794,-0.0013847202062606812,0.0015040598809719086,0.03918816149234772
0.036990709602832794,-0.0013847202062606812,0.0015040598809719086,0.03918816149234772
0.036990709602832794,-0.0013847202062606812,0.0015040598809719086,0.03918816149234772
0.036990709602832794,-0.0013847202062606812,0.0015040598809719086,0.03918816149234772
0.036990709602832794,-0.0013847202062606812,0.0015040598809719086,0.03918816149234772
0.036990709602832794,-0.0013847202062606812,0.0015040598809719086,0.03918816149234772
0.036990709602832794,-0.0013847202062606812,0.0015040598809719086,0.03918816149234772
0.036990709602832794,-0.0013847202062606812,0.0015040598809719086,0.03918816149234772
0.036990709602832794,-0.0013847202062606812,0.0015040598809719086,0.03918816149234772
0.036990709602832794,-0.0013847202062606812,0.0015040598809719086,0.03918816149234772
0.036990709602832794,-0.0013847202062606812,0.0015040598809719086,0.03918816149234772
0.036990709602832794,-0.0013847202062606812,0.0015040598809719086,0.03918816149234772
0.036990709602832794,-0.0013847202062606812,0.0015040598809719086,0.03918816149234772
0.036990709602832794,-0.0013847202062606812,0.0015040598809719086,0.03918816149234772
0.036990709602832794,-0.0013847202062606812,0.0015040598809719086,0.03918816149234772
0.036990709602832794,-0.0013847202062606812,0.0015040598809719086,0.03918816149234772
0.036990709602832794,-0.0013847202062606812,0.0015040598809719086,0.03918816149234772
0.036990709602832794,-0.0013847202062606812,0.0015040598809719086,0.03918816149234772
0.036990709602832794,-0.0013847202062606812,0.0015040598809719086,0.03918816149234772
0.036990709602832794,-0.0013847202062606812,0.0015040598809719086,0.03918816149234772
0.036990709602832794,-0.0013847202062606812,0.0015040598809719086,0.03918816149234772
0.036990709602832794,-0.0013847202062606812,0.0015040598809719086,0.03918816149234772
0.036990709602832794,-0.0013847202062606812,0.0015040598809719086,0.03918816149234772
0.036990709602832794,-0.0013847202062606812,0.0015040598809719086,0.03918816149234772
0.036990709602832794,-0.0013847202062606812,0.0015040598809719086,0.03918816149234772
0.036990709602832794,-0.0013847202062606812,0.0015040598809719086,0.03918816149234772
0.036990709602832794,-0.0013847202062606812,0.0015040598809719086,0.03918816149234772
0.036990709602832794,-0.0013847202062606812,0.0015040598809719086,0.03918816149234772
0.036990709602832794,-0.0013847202062606812,0.0015040598809719086,0.03918816149234772
0.036990709602832794,-0.0013847202062606812,0.0015040598809719086,0.03918816149234772
0.036990709602832794,-0.0013847202062606812,0.0015040598809719086,0.03918816149234772
0.036990709602832794,-0.0013847202062606812,0.0015040598809719086,0.03918816149234772
0.036990709602832794,-0.0013847202062606812,0.0015040598809719086,0.03918816149234772
0.036990709602832794,-0.0013847202062606812,0.0015040598809719086,0.03918816149234772
0.036990709602832794,-0.0013847202062606812,0.0015040598809719086,0.03918816149234772
0.036990709602832794,-0.0013847202062606812,0.0015040598809719086,0.03918816149234772
0.036990709602832794,-0.0013847202062606812,0.0015040598809719086,0.03918816149234772
0.036990709602832794,-0.0013847202062606812,0.0015040598809719086,0.03918816149234772
0.036990709602832794,-0.0013847202062606812,0.0015040598809719086,0.03918816149234772
0.036990709602832794,-0.0013847202062606812,0.0015040598809719086,0.03918816149234772
0.036990709602832794,-0.0013847202062606812,0.0015040598809719086,0.03918816149234772
0.036990709602832794,-0.0013847202062606812,0.0015040598809719086,0.03918816149234772
0.036990709602832794,-0.0013847202062606812,0.0015040598809719086,0.03918816149234772
0.036990709602832794,-0.0013847202062606812,0.0015040598809719086,0.03918816149234772
0.036990709602832794,-0.0013847202062606812,0.0015040598809719086,0.03918816149234772
0.036990709602832794,-0.0013847202062606812,0.0015040598809719086,0.03918816149234772
0.036990709602832794,-0.0013847202062606812,0.0015040598809719086,0.03918816149234772
0.036990709602832794,-0.0013847202062606812,0.0015040598809719086,0.03918816149234772
0.036990709602832794,-0.0013847202062606812,0.0015040598809719086,0.03918816149234772
0.036990709602832794,-0.0013847202062606812,0.0015040598809719086,0.03918816149234772
0.036990709602832794,-0.0013847202062606812,0.0015040598809719086,0.03918816149234772
0.036990709602832794,-0.0013847202062606812,0.0015040598809719086,0.03918816149234772
0.036990709602832794,-0.0013847202062606812,0.0015040598809719086,0.03918816149234772
0.036990709602832794,-0.0013847202062606812,0.0015040598809719086,0.03918816149234772
0.036990709602832794,-0.0013847202062606812,0.0015040598809719086,0.03918816149234772
0.036990709602832794,-0.0013847202062606812,0.0015040598809719086,0.03918816149234772
0.036990709602832794,-0.0013847202062606812,0.0015040598809719086,0.03918816149234772
0.036990709602832794,-0.0013847202062606812,0.0015040598809719086,0.03918816149234772
0.036990709602832794,-0.0013847202062606812,0.0015040598809719086,0.03918816149234772
0.036990709602832794,-0.0013847202062606812,0.0015040598809719086,0.03918816149234772
0.036990709602832794,-0.0013847202062606812,0.0015040598809719086,0.03918816149234772
0.036990709602832794,-0.0013847202062606812,0.0015040598809719086,0.03918816149234772
0.036990709602832794,-0.0013847202062606812,0.0015040598809719086,0.03918816149234772
0.036990709602832794,-0.0013847202062606812,0.0015040598809719086,0.03918816149234772
0.036990709602832794,-0.0013847202062606812,0.0015040598809719086,0.03918816149234772
0.036990709602832794,-0.0013847202062606812,0.0015040598809719086,0.03918816149234772
0.036990709602832794,-0.0013847202062606812,0.0015040598809719086,0.03918816149234772
0.036990709602832794,-0.0013847202062606812,0.0015040598809719086,0.03918816149234772
0.036990709602832794,-0.0013847202062606812,0.0015040598809719086,0.03918816149234772
0.036990709602832794,-0.0013847202062606812,0.0015040598809719086,0.03918816149234772
0.036990709602832794,-0.0013847202062606812,0.0015040598809719086,0.03918816149234772
0.036990709602832794,-0.0013847202062606812,0.0015040598809719086,0.03918816149234772
0.036990709602832794,-0.0013847202062606812,0.0015040598809719086,0.03918816149234772
0.036990709602832794,-0.0013847202062606812,0.0015040598809719086,0.03918816149234772
0.036990709602832794,-0.0013847202062606812,0.0015040598809719086,0.03918816149234772
0.036990709602832794,-0.0013847202062606812,0.0015040598809719086,0.03918816149234772
0.036990709602832794,-0.0013847202062606812,0.0015040598809719086,0.03918816149234772
0.036990709602832794,-0.0013847202062606812,0.0015040598809719086,0.03918816149234772
0.036990709602832794,-0.0013847202062606812,0.0015040598809719086,0.03918816149234772
0.036990709602832794,-0.0013847202062606812,0.0015040598809719086,0.03918816149234772
0.036990709602832794,-0.0013847202062606812,0.0015040598809719086,0.03918816149234772
0.036990709602832794,-0.0013847202062606812,0.0015040598809719086,0.03918816149234772
0.036990709602832794,-0.0013847202062606812,0.0015040598809719086,0.03918816149234772
0.036990709602832794,-0.0013847202062606812,0.0015040598809719086,0.03918816149234772
0.036990709602832794,-0.0013847202062606812,0.0015040598809719086,0.03918816149234772
0.036990709602832794,-0.0013847202062606812,0.0015040598809719086,0.03918816149234772
0.036990709602832794,-0.0013847202062606812,0.0015040598809719086,0.03918816149234772
0.036990709602832794,-0.0013847202062606812,0.0015040598809719086,0.03918816149234772
0.036990709602832794,-0.0013847202062606812,0.0015040598809719086,0.03918816149234772
0.036990709602832794,-0.0013847202062606812,0.0015040598809719086,0.03918816149234772
0.036990709602832794,-0.0013847202062606812,0.0015040598809719086,0.03918816149234772
0.036990709602832794,-0.0013847202062606812,0.0015040598809719086,0.03918816149234772
0.036990709602832794,-0.0013847202062606812,0.0015040598809719086,0.03918816149234772
0.036990709602832794,-0.0013847202062606812,0.0015040598809719086,0.03918816149234772
0.036990709602832794,-0.0013847202062606812,0.0015040598809719086,0.03918816149234772
0.036990709602832794,-0.0013847202062606812,0.0015040598809719086,0.03918816149234772
0.036990709602832794,-0.0013847202062606812,0.0015040598809719086,0.03918816149234772
0.036990709602832794,-0.0013847202062606812,0.0015040598809719086,0.03918816149234772
0.036990709602832794,-0.0013847202062606812,0.0015040598809719086,0.03918816149234772
0.036990709602832794,-0.0013847202062606812,0.0015040598809719086,0.03918816149234772
0.036990709602832794,-0.0013847202062606812,0.0015040598809719086,0.03918816149234772
0.036990709602832794,-0.0013847202062606812,0.0015040598809719086,0.03918816149234772
0.036990709602832794,-0.0013847202062606812,0.0015040598809719086,0.03918816149234772
0.036990709602832794,-0.0013847202062606812,0.0015040598809719086,0.03918816149234772
0.036990709602832794,-0.0013847202062606812,0.0015040598809719086,0.03918816149234772
0.036990709602832794,-0.0013847202062606812,0.0015040598809719086,0.03918816149234772
0.036990709602832794,-0.0013847202062606812,0.0015040598809719086,0.03918816149234772
0.036990709602832794,-0.0013847202062606812,0.0015040598809719086,0.03918816149234772
0.036990709602832794,-0.0013847202062606812,0.0015040598809719086,0.03918816149234772
0.036990709602832794,-0.0013847202062606812,0.0015040598809719086,0.03918816149234772
0.036990709602832794,-0.0013847202062606812,0.0015040598809719086,0.03918816149234772
0.036990709602832794,-0.0013847202062606812,0.0015040598809719086,0.03918816149234772
0.036990709602832794,-0.0013847202062606812,0.0015040598809719086,0.03918816149234772
0.036990709602832794,-0.0013847202062606812,0.0015040598809719086,0.03918816149234772
0.036990709602832794,-0.0013847202062606812,0.0015040598809719086,0.03918816149234772
0.036990709602832794,-0.0013847202062606812,0.0015040598809719086,0.03918816149234772
0.036990709602832794,-0.0013847202062606812,0.0015040598809719086,0.03918816149234772
0.036990709602832794,-0.0013847202062606812,0.0015040598809719086,0.03918816149234772
0.036990709602832794,-0.0013847202062606812,0.0015040598809719086,0.03918816149234772
0.036990709602832794,-0.0013847202062606812,0.0015040598809719086,0.03918816149234772
0.036990709602832794,-0.0013847202062606812,0.0015040598809719086,0.03918816149234772
0.036990709602832794,-0.0013847202062606812,0.0015040598809719086,0.03918816149234772
0.036990709602832794,-0.0013847202062606812,0.0015040598809719086,0.03918816149234772
0.036990709602832794,-0.0013847202062606812,0.0015040598809719086,0.03918816149234772
0.036990709602832794,-0.0013847202062606812,0.0015040598809719086,0.03918816149234772
0.036990709602832794,-0.0013847202062606812,0.0015040598809719086,0.03918816149234772
0.036990709602832794,-0.0013847202062606812,0.0015040598809719086,0.03918816149234772
0.036990709602832794,-0.0013847202062606812,0.0015040598809719086,0.03918816149234772
0.036990709602832794,-0.0013847202062606812,0.0015040598809719086,0.03918816149234772
0.036990709602832794,-0.0013847202062606812,0.0015040598809719086,0.03918816149234772
0.036990709602832794,-0.0013847202062606812,0.0015040598809719086,0.03918816149234772
0.036990709602832794,-0.0013847202062606812,0.0015040598809719086,0.03918816149234772
0.036990709602832794,-0.0013847202062606812,0.0015040598809719086,0.03918816149234772
0.036990709602832794,-0.0013847202062606812,0.0015040598809719086,0.03918816149234772
0.036990709602832794,-0.0013847202062606812,0.0015040598809719086,0.03918816149234772
0.036990709602832794,-0.0013847202062606812,0.0015040598809719086,0.03918816149234772
0.036990709602832794,-0.0013847202062606812,0.0015040598809719086,0.03918816149234772
0.036990709602832794,-0.0013847202062606812,0.0015040598809719086,0.03918816149234772
0.036990709602832794,-0.0013847202062606812,0.0015040598809719086,0.03918816149234772
0.036990709602832794,-0.0013847202062606812,0.0015040598809719086,0.03918816149234772
0.036990709602832794,-0.0013847202062606812,0.0015040598809719086,0.03918816149234772
0.036990709602832794,-0.0013847202062606812,0.0015040598809719086,0.03918816149234772
0.036990709602832794,-0.0013847202062606812,0.0015040598809719086,0.03918816149234772
0.036990709602832794,-0.0013847202062606812,0.0015040598809719086,0.03918816149234772
0.036990709602832794,-0.0013847202062606812,0.0015040598809719086,0.03918816149234772
0.036990709602832794,-0.0013847202062606812,0.0015040598809719086,0.03918816149234772
0.036990709602832794,-0.0013847202062606812,0.0015040598809719086,0.03918816149234772
0.036990709602832794,-0.0013847202062606812,0.0015040598809719086,0.03918816149234772
0.036990709602832794,-0.0013847202062606812,0.0015040598809719086,0.03918816149234772
0.036990709602832794,-0.0013847202062606812,0.0015040598809719086,0.03918816149234772
0.036990709602832794,-0.0013847202062606812,0.0015040598809719086,0.03918816149234772
0.036990709602832794,-0.0013847202062606812,0.0015040598809719086,0.03918816149234772
0.036990709602832794,-0.0013847202062606812,0.0015040598809719086,0.03918816149234772
0.036990709602832794,-0.0013847202062606812,0.0015040598809719086,0.03918816149234772
0.036990709602832794,-0.0013847202062606812,0.0015040598809719086,0.03918816149234772
0.036990709602832794,-0.0013847202062606812,0.0015040598809719086,0.03918816149234772
0.036990709602832794,-0.0013847202062606812,0.0015040598809719086,0.03918816149234772
0.036990709602832794,-0.0013847202062606812,0.0015040598809719086,0.03918816149234772
0.036990709602832794,-0.0013847202062606812,0.0015040598809719086,0.03918816149234772
0.036990709602832794,-0.0013847202062606812,0.0015040598809719086,0.03918816149234772
0.036990709602832794,-0.0013847202062606812,0.0015040598809719086,0.03918816149234772
0.036990709602832794,-0.0013847202062606812,0.0015040598809719086,0.03918816149234772
0.036990709602832794,-0.0013847202062606812,0.0015040598809719086,0.03918816149234772
0.036990709602832794,-0.0013847202062606812,0.0015040598809719086,0.03918816149234772
0.036990709602832794,-0.0013847202062606812,0.0015040598809719086,0.03918816149234772
0.036990709602832794,-0.0013847202062606812,0.0015040598809719086,0.03918816149234772
0.036990709602832794,-0.0013847202062606812,0.0015040598809719086,0.03918816149234772
0.036990709602832794,-0.0013847202062606812,0.0015040598809719086,0.03918816149234772
0.036990709602832794,-0.0013847202062606812,0.0015040598809719086,0.03918816149234772
0.036990709602832794,-0.0013847202062606812,0.0015040598809719086,0.03918816149234772
0.036990709602832794,-0.0013847202062606812,0.0015040598809719086,0.03918816149234772
0.036990709602832794,-0.0013847202062606812,0.0015040598809719086,0.03918816149234772
0.036990709602832794,-0.0013847202062606812,0.0015040598809719086,0.03918816149234772
0.036990709602832794,-0.0013847202062606812,0.0015040598809719086,0.03918816149234772
0.036990709602832794,-0.0013847202062606812,0.0015040598809719086,0.03918816149234772
0.036990709602832794,-0.0013847202062606812,0.0015040598809719086,0.03918816149234772
0.036990709602832794,-0.0013847202062606812,0.0015040598809719086,0.03918816149234772
0.036990709602832794,-0.0013847202062606812,0.0015040598809719086,0.03918816149234772
0.036990709602832794,-0.0013847202062606812,0.0015040598809719086,0.03918816149234772
0.036990709602832794,-0.0013847202062606812,0.0015040598809719086,0.03918816149234772
0.036990709602832794,-0.0013847202062606812,0.0015040598809719086,0.03918816149234772
0.036990709602832794,-0.0013847202062606812,0.0015040598809719086,0.03918816149234772
0.036990709602832794,-0.0013847202062606812,0.0015040598809719086,0.03918816149234772
0.036990709602832794,-0.0013847202062606812,0.0015040598809719086,0.03918816149234772
0.036990709602832794,-0.0013847202062606812,0.0015040598809719086,0.03918816149234772
0.036990709602832794,-0.0013847202062606812,0.0015040598809719086,0.03918816149234772
0.036990709602832794,-0.0013847202062606812,0.0015040598809719086,0.03918816149234772
0.036990709602832794,-0.0013847202062606812,0.0015040598809719086,0.03918816149234772
0.036990709602832794,-0.0013847202062606812,0.0015040598809719086,0.03918816149234772
0.036990709602832794,-0.0013847202062606812,0.0015040598809719086,0.03918816149234772
0.036990709602832794,-0.0013847202062606812,0.0015040598809719086,0.03918816149234772
0.036990709602832794,-0.0013847202062606812,0.0015040598809719086,0.03918816149234772
0.036990709602832794,-0.0013847202062606812,0.0015040598809719086,0.03918816149234772
0.036990709602832794,-0.0013847202062606812,0.0015040598809719086,0.03918816149234772
0.036990709602832794,-0.0013847202062606812,0.0015040598809719086,0.03918816149234772
0.036990709602832794,-0.0013847202062606812,0.0015040598809719086,0.03918816149234772
0.036990709602832794,-0.0013847202062606812,0.0015040598809719086,0.03918816149234772
0.036990709602832794,-0.0013847202062606812,0.0015040598809719086,0.03918816149234772
0.036990709602832794,-0.0013847202062606812,0.0015040598809719086,0.03918816149234772
0.036990709602832794,-0.0013847202062606812,0.0015040598809719086,0.03918816149234772
0.036990709602832794,-0.0013847202062606812,0.0015040598809719086,0.03918816149234772
0.036990709602832794,-0.0013847202062606812,0.0015040598809719086,0.03918816149234772
0.036990709602832794,-0.0013847202062606812,0.0015040598809719086,0.03918816149234772
0.036990709602832794,-0.0013847202062606812,0.0015040598809719086,0.03918816149234772
0.036990709602832794,-0.0013847202062606812,0.0015040598809719086,0.03918816149234772
0.036990709602832794,-0.0013847202062606812,0.0015040598809719086,0.03918816149234772
0.036990709602832794,-0.0013847202062606812,0.0015040598809719086,0.03918816149234772
0.036990709602832794,-0.0013847202062606812,0.0015040598809719086,0.03918816149234772
0.036990709602832794,-0.0013847202062606812,0.0015040598809719086,0.03918816149234772
0.036990709602832794,-0.0013847202062606812,0.0015040598809719086,0.03918816149234772
0.036990709602832794,-0.0013847202062606812,0.0015040598809719086,0.03918816149234772
0.036990709602832794,-0.0013847202062606812,0.0015040598809719086,0.03918816149234772
0.036990709602832794,-0.0013847202062606812,0.0015040598809719086,0.03918816149234772
0.036990709602832794,-0.0013847202062606812,0.0015040598809719086,0.03918816149234772
0.036990709602832794,-0.0013847202062606812,0.0015040598809719086,0.03918816149234772
0.036990709602832794,-0.0013847202062606812,0.0015040598809719086,0.03918816149234772
0.036990709602832794,-0.0013847202062606812,0.0015040598809719086,0.03918816149234772
0.036990709602832794,-0.0013847202062606812,0.0015040598809719086,0.03918816149234772
0.036990709602832794,-0.0013847202062606812,0.0015040598809719086,0.03918816149234772
0.036990709602832794,-0.0013847202062606812,0.0015040598809719086,0.03918816149234772
0.036990709602832794,-0.0013847202062606812,0.0015040598809719086,0.03918816149234772
0.036990709602832794,-0.0013847202062606812,0.0015040598809719086,0.03918816149234772
0.036990709602832794,-0.0013847202062606812,0.0015040598809719086,0.03918816149234772
0.036990709602832794,-0.0013847202062606812,0.0015040598809719086,0.03918816149234772
0.036990709602832794,-0.0013847202062606812,0.0015040598809719086,0.03918816149234772
0.036990709602832794,-0.0013847202062606812,0.0015040598809719086,0.03918816149234772
0.036990709602832794,-0.0013847202062606812,0.0015040598809719086,0.03918816149234772
0.036990709602832794,-0.0013847202062606812,0.0015040598809719086,0.03918816149234772
0.036990709602832794,-0.0013847202062606812,0.0015040598809719086,0.03918816149234772
0.036990709602832794,-0.0013847202062606812,0.0015040598809719086,0.03918816149234772
0.036990709602832794,-0.0013847202062606812,0.0015040598809719086,0.03918816149234772
0.036990709602832794,-0.0013847202062606812,0.0015040598809719086,0.03918816149234772
0.036990709602832794,-0.0013847202062606812,0.0015040598809719086,0.03918816149234772
0.036990709602832794,-0.0013847202062606812,0.0015040598809719086,0.03918816149234772
0.036990709602832794,-0.0013847202062606812,0.0015040598809719086,0.03918816149234772
0.036990709602832794,-0.0013847202062606812,0.0015040598809719086,0.03918816149234772
0.036990709602832794,-0.0013847202062606812,0.0015040598809719086,0.03918816149234772
0.036990709602832794,-0.0013847202062606812,0.0015040598809719086,0.03918816149234772
0.036990709602832794,-0.0013847202062606812,0.0015040598809719086,0.03918816149234772
0.036990709602832794,-0.0013847202062606812,0.0015040598809719086,0.03918816149234772
0.036990709602832794,-0.0013847202062606812,0.0015040598809719086,0.03918816149234772
0.036990709602832794,-0.0013847202062606812,0.0015040598809719086,0.03918816149234772
0.036990709602832794,-0.0013847202062606812,0.0015040598809719086,0.03918816149234772
0.036990709602832794,-0.0013847202062606812,0.0015040598809719086,0.03918816149234772
0.036990709602832794,-0.0013847202062606812,0.0015040598809719086,0.03918816149234772
0.036990709602832794,-0.0013847202062606812,0.0015040598809719086,0.03918816149234772
0.036990709602832794,-0.0013847202062606812,0.0015040598809719086,0.03918816149234772
0.036990709602832794,-0.0013847202062606812,0.0015040598809719086,0.03918816149234772
0.036990709602832794,-0.0013847202062606812,0.0015040598809719086,0.03918816149234772
0.036990709602832794,-0.0013847202062606812,0.0015040598809719086,0.03918816149234772
0.036990709602832794,-0.0013847202062606812,0.0015040598809719086,0.03918816149234772
0.036990709602832794,-0.0013847202062606812,0.0015040598809719086,0.03918816149234772
0.036990709602832794,-0.0013847202062606812,0.0015040598809719086,0.03918816149234772
0.036990709602832794,-0.0013847202062606812,0.0015040598809719086,0.03918816149234772
0.036990709602832794,-0.0013847202062606812,0.0015040598809719086,0.03918816149234772
0.036990709602832794,-0.0013847202062606812,0.0015040598809719086,0.03918816149234772
0.036990709602832794,-0.0013847202062606812,0.0015040598809719086,0.03918816149234772
0.036990709602832794,-0.0013847202062606812,0.0015040598809719086,0.03918816149234772
0.036990709602832794,-0.0013847202062606812,0.0015040598809719086,0.03918816149234772
0.036990709602832794,-0.0013847202062606812,0.0015040598809719086,0.03918816149234772
0.036990709602832794,-0.0013847202062606812,0.0015040598809719086,0.03918816149234772
0.036990709602832794,-0.0013847202062606812,0.0015040598809719086,0.03918816149234772
0.036990709602832794,-0.0013847202062606812,0.0015040598809719086,0.03918816149234772
0.036990709602832794,-0.0013847202062606812,0.0015040598809719086,0.03918816149234772
0.036990709602832794,-0.0013847202062606812,0.0015040598809719086,0.03918816149234772
0.036990709602832794,-0.0013847202062606812,0.0015040598809719086,0.03918816149234772
0.036990709602832794,-0.0013847202062606812,0.0015040598809719086,0.03918816149234772
0.036990709602832794,-0.0013847202062606812,0.0015040598809719086,0.03918816149234772
0.036990709602832794,-0.0013847202062606812,0.0015040598809719086,0.03918816149234772
0.036990709602832794,-0.0013847202062606812,0.0015040598809719086,0.03918816149234772
0.036990709602832794,-0.0013847202062606812,0.0015040598809719086,0.03918816149234772
0.036990709602832794,-0.0013847202062606812,0.0015040598809719086,0.03918816149234772
0.036990709602832794,-0.0013847202062606812,0.0015040598809719086,0.03918816149234772
0.036990709602832794,-0.0013847202062606812,0.0015040598809719086,0.03918816149234772
0.036990709602832794,-0.0013847202062606812,0.0015040598809719086,0.03918816149234772
0.036990709602832794,-0.0013847202062606812,0.0015040598809719086,0.03918816149234772
0.036990709602832794,-0.0013847202062606812,0.0015040598809719086,0.03918816149234772
0.036990709602832794,-0.0013847202062606812,0.0015040598809719086,0.03918816149234772
0.036990709602832794,-0.0013847202062606812,0.0015040598809719086,0.03918816149234772
0.036990709602832794,-0.0013847202062606812,0.0015040598809719086,0.03918816149234772
0.036990709602832794,-0.0013847202062606812,0.0015040598809719086,0.03918816149234772
0.036990709602832794,-0.0013847202062606812,0.0015040598809719086,0.03918816149234772
0.036990709602832794,-0.0013847202062606812,0.0015040598809719086,0.03918816149234772
0.036990709602832794,-0.0013847202062606812,0.0015040598809719086,0.03918816149234772
0.036990709602832794,-0.0013847202062606812,0.0015040598809719086,0.03918816149234772
0.036990709602832794,-0.0013847202062606812,0.0015040598809719086,0.03918816149234772
0.036990709602832794,-0.0013847202062606812,0.0015040598809719086,0.03918816149234772
0.036990709602832794,-0.0013847202062606812,0.0015040598809719086,0.03918816149234772
0.036990709602832794,-0.0013847202062606812,0.0015040598809719086,0.03918816149234772
0.036990709602832794,-0.0013847202062606812,0.0015040598809719086,0.03918816149234772
0.036990709602832794,-0.0013847202062606812,0.0015040598809719086,0.03918816149234772
0.036990709602832794,-0.0013847202062606812,0.0015040598809719086,0.03918816149234772
0.036990709602832794,-0.0013847202062606812,0.0015040598809719086,0.03918816149234772
0.036990709602832794,-0.0013847202062606812,0.0015040598809719086,0.03918816149234772
0.036990709602832794,-0.0013847202062606812,0.0015040598809719086,0.03918816149234772
0.036990709602832794,-0.0013847202062606812,0.0015040598809719086,0.03918816149234772
0.036990709602832794,-0.0013847202062606812,0.0015040598809719086,0.03918816149234772
0.036990709602832794,-0.0013847202062606812,0.0015040598809719086,0.03918816149234772
0.036990709602832794,-0.0013847202062606812,0.0015040598809719086,0.03918816149234772
0.036990709602832794,-0.0013847202062606812,0.0015040598809719086,0.03918816149234772
0.036990709602832794,-0.0013847202062606812,0.0015040598809719086,0.03918816149234772
0.036990709602832794,-0.0013847202062606812,0.0015040598809719086,0.03918816149234772
0.036990709602832794,-0.0013847202062606812,0.0015040598809719086,0.03918816149234772
0.036990709602832794,-0.0013847202062606812,0.0015040598809719086,0.03918816149234772
0.036990709602832794,-0.0013847202062606812,0.0015040598809719086,0.03918816149234772
0.036990709602832794,-0.0013847202062606812,0.0015040598809719086,0.03918816149234772
0.036990709602832794,-0.0013847202062606812,0.0015040598809719086,0.03918816149234772
0.036990709602832794,-0.0013847202062606812,0.0015040598809719086,0.03918816149234772
0.036990709602832794,-0.0013847202062606812,0.0015040598809719086,0.03918816149234772
0.036990709602832794,-0.0013847202062606812,0.0015040598809719086,0.03918816149234772
0.036990709602832794,-0.0013847202062606812,0.0015040598809719086,0.03918816149234772
0.036990709602832794,-0.0013847202062606812,0.0015040598809719086,0.03918816149234772
0.036990709602832794,-0.0013847202062606812,0.0015040598809719086,0.03918816149234772
0.036990709602832794,-0.0013847202062606812,0.0015040598809719086,0.03918816149234772
