vx,vy,vz,omega_z
-0.5167731046676636,-0.20615604519844055,-0.31781333684921265,1.1240334510803223
-0.5902246832847595,-0.2541007101535797,-0.32492801547050476,1.1915168762207031
-0.5954371094703674,-0.25746676325798035,-0.3248589336872101,1.1923625469207764
-0.5958037972450256,-0.2577058672904968,-0.32485130429267883,1.1923797130584717
-0.60829758644104,-0.24657028913497925,-0.30669984221458435,1.1818342208862305
-0.6107631325721741,-0.24399054050445557,-0.3055269718170166,1.1814155578613281
-0.7153341770172119,-0.2586616277694702,-0.261472225189209,1.1036698818206787
-0.7157288193702698,-0.23080973327159882,-0.25408926606178284,1.0963383913040161
-0.7147508859634399,-0.22971345484256744,-0.2540186643600464,1.0950154066085815
-0.6973632574081421,-0.20642739534378052,-0.25861361622810364,1.0803892612457275
-0.695036768913269,-0.20409756898880005,-0.25976771116256714,1.0772647857666016
-0.688666582107544,-0.17028474807739258,-0.2671584188938141,1.0479040145874023
-0.6878833174705505,-0.16217023134231567,-0.2691587507724762,1.042980432510376
-0.6824522614479065,-0.14089813828468323,-0.26602259278297424,1.0292887687683105
-0.6821669936180115,-0.13753469288349152,-0.26491108536720276,1.027125358581543
-0.6809267997741699,-0.11867386102676392,-0.2633889317512512,1.0120738744735718
-0.6705674529075623,-0.10895498096942902,-0.2542201280593872,1.004042625427246
-0.6700400114059448,-0.11175277829170227,-0.2525707483291626,1.0022693872451782
-0.6625769138336182,-0.10258295387029648,-0.26676085591316223,0.9853509068489075
-0.6479417085647583,-0.05969882011413574,-0.27641499042510986,0.9920623302459717
-0.6453391909599304,-0.05406216159462929,-0.27643561363220215,0.9902262687683105
-0.621160626411438,-0.013119518756866455,-0.28356343507766724,0.9922071099281311
-0.6160403490066528,-0.007016316056251526,-0.282816618680954,0.9904516339302063
-0.5914191007614136,0.009425081312656403,-0.2764589488506317,0.9792807102203369
-0.5633710026741028,0.005876362323760986,-0.2760823667049408,0.9436517357826233
-0.560661792755127,0.001196838915348053,-0.2757665514945984,0.9396958947181702
-0.5353884100914001,0.009140297770500183,-0.28502601385116577,0.9303597211837769
-0.532561182975769,0.009837493300437927,-0.28614410758018494,0.9289078712463379
-0.5029452443122864,0.02887241542339325,-0.28672313690185547,0.9281392097473145
-0.49999624490737915,0.03206436336040497,-0.288095623254776,0.9280552268028259
-0.46904319524765015,0.0591912716627121,-0.27041566371917725,0.9117401838302612
-0.465756356716156,0.06568405032157898,-0.2721172273159027,0.9100963473320007
-0.414650022983551,0.08317182958126068,-0.2643490731716156,0.8827086687088013
-0.3920430541038513,0.08535382151603699,-0.26681801676750183,0.8692949414253235
-0.39018726348876953,0.08520995080471039,-0.27176493406295776,0.8678593635559082
-0.389904260635376,0.08499418199062347,-0.27200886607170105,0.8678051829338074
-0.37051209807395935,0.09319588541984558,-0.262958824634552,0.8577376008033752
-0.3368009626865387,0.11193020641803741,-0.25222259759902954,0.8500378131866455
-0.33433493971824646,0.1297377347946167,-0.2743038833141327,0.8334863781929016
-0.33660411834716797,0.13451246917247772,-0.2788240611553192,0.8313389420509338
-0.3307513892650604,0.11674483120441437,-0.2444859892129898,0.7985062599182129
-0.32844817638397217,0.11248806118965149,-0.2402062565088272,0.7932012677192688
-0.32303735613822937,0.1125423014163971,-0.22765733301639557,0.7775202393531799
-0.322937935590744,0.11121015250682831,-0.22588957846164703,0.7765437960624695
-0.31637313961982727,0.12248185276985168,-0.2219722419977188,0.7750014066696167
-0.3146197497844696,0.1257791817188263,-0.22181172668933868,0.7746115922927856
-0.30776849389076233,0.14158494770526886,-0.2640308141708374,0.7623733282089233
-0.30102822184562683,0.1502796858549118,-0.2716309428215027,0.7604560852050781
-0.2691144645214081,0.1600555032491684,-0.22443674504756927,0.7244028449058533
-0.25579118728637695,0.16416804492473602,-0.21726389229297638,0.7196604013442993
-0.24532711505889893,0.16877739131450653,-0.21769867837429047,0.7253137826919556
-0.23999708890914917,0.16509096324443817,-0.22730706632137299,0.7567607760429382
-0.2431231141090393,0.16471274197101593,-0.2269824743270874,0.7617234587669373
-0.2360701858997345,0.1578485518693924,-0.21646417677402496,0.7334023118019104
-0.2295343279838562,0.15751834213733673,-0.21470646560192108,0.7306793332099915
-0.22252991795539856,0.14913590252399445,-0.195623978972435,0.6985803842544556
-0.20017501711845398,0.16221575438976288,-0.20047494769096375,0.645635187625885
-0.1881384551525116,0.1658124476671219,-0.20401489734649658,0.6377273797988892
-0.18450209498405457,0.15997697412967682,-0.20949944853782654,0.5914032459259033
-0.17678573727607727,0.15889786183834076,-0.21221227943897247,0.5844556093215942
-0.16521069407463074,0.15695999562740326,-0.19762541353702545,0.6240328550338745
-0.16707590222358704,0.15731345117092133,-0.1937028467655182,0.6304632425308228
-0.16445758938789368,0.15090914070606232,-0.18921630084514618,0.6225329637527466
-0.16137433052062988,0.14818298816680908,-0.19076204299926758,0.6211214065551758
-0.16293087601661682,0.13526049256324768,-0.18287482857704163,0.6210518479347229
-0.16383853554725647,0.1283838152885437,-0.18696840107440948,0.5969715118408203
-0.1602112054824829,0.12696576118469238,-0.18727640807628632,0.5943804979324341
-0.14970731735229492,0.12018710374832153,-0.17813192307949066,0.5737833976745605
-0.13284963369369507,0.12129366397857666,-0.1746370792388916,0.582844614982605
-0.13048100471496582,0.12074477970600128,-0.1735444962978363,0.5844447612762451
-0.11924036592245102,0.11862537264823914,-0.15888327360153198,0.5783089995384216
-0.1166619136929512,0.11690577864646912,-0.15563447773456573,0.578241765499115
-0.10957040637731552,0.11108838021755219,-0.16508522629737854,0.5544673204421997
-0.10558319836854935,0.10980285704135895,-0.16944155097007751,0.5500174760818481
-0.08959286659955978,0.10994948446750641,-0.16733168065547943,0.5427576303482056
-0.0847034677863121,0.1046358048915863,-0.1603875756263733,0.530523419380188
-0.08337973803281784,0.10489529371261597,-0.16169321537017822,0.5282541513442993
-0.08057082444429398,0.08894772827625275,-0.16483816504478455,0.5338700413703918
-0.08034450560808182,0.08728988468647003,-0.16564056277275085,0.534943699836731
-0.06884925812482834,0.09127146005630493,-0.16495150327682495,0.4965049922466278
-0.0545809343457222,0.09475292265415192,-0.16033102571964264,0.499409943819046
-0.05407888442277908,0.09315720200538635,-0.16058479249477386,0.49984076619148254
-0.049931056797504425,0.09540356695652008,-0.15335789322853088,0.49895045161247253
-0.05003354698419571,0.09659610688686371,-0.1524709165096283,0.4984457790851593
-0.05085470527410507,0.0859362930059433,-0.15308023989200592,0.4900239109992981
-0.05040327459573746,0.08626611530780792,-0.15553493797779083,0.4878424108028412
-0.04561503976583481,0.08489035069942474,-0.1503751128911972,0.4817602336406708
-0.04504116624593735,0.08443936705589294,-0.15037432312965393,0.48088008165359497
-0.0428711399435997,0.08234159648418427,-0.15083631873130798,0.4758433699607849
-0.04095400124788284,0.07666660845279694,-0.14772361516952515,0.46325594186782837
-0.040041424334049225,0.07611589133739471,-0.14848566055297852,0.46124929189682007
-0.03731932491064072,0.0752623975276947,-0.14699162542819977,0.45923322439193726
-0.03689194470643997,0.07423391938209534,-0.14479698240756989,0.4601581394672394
-0.03367201238870621,0.06983266770839691,-0.14520145952701569,0.451723575592041
-0.02824147790670395,0.06285102665424347,-0.13396498560905457,0.44247138500213623
-0.027838386595249176,0.0626039206981659,-0.1333129107952118,0.44126972556114197
-0.02417052537202835,0.059665799140930176,-0.13263322412967682,0.432226300239563
-0.023117996752262115,0.05983415246009827,-0.1355881541967392,0.4293246567249298
-0.02112298458814621,0.05451992154121399,-0.13872657716274261,0.4233778417110443
-0.017170079052448273,0.05128537118434906,-0.1356930285692215,0.4160882830619812
-0.016376174986362457,0.05012701451778412,-0.13568732142448425,0.4149635434150696
-0.01370733231306076,0.04800444841384888,-0.12750478088855743,0.42104294896125793
-0.014172233641147614,0.04686225950717926,-0.125495046377182,0.42291542887687683
-0.016147054731845856,0.04497908055782318,-0.1263025552034378,0.41743406653404236
-0.015837199985980988,0.046033188700675964,-0.12746736407279968,0.4161565899848938
-0.013656653463840485,0.04027721285820007,-0.12688660621643066,0.4115389287471771
-0.012627772986888885,0.0371243953704834,-0.12450866401195526,0.4040081799030304
-0.01220809668302536,0.03741657733917236,-0.12479466199874878,0.40255826711654663
-0.012664176523685455,0.037354812026023865,-0.12165679037570953,0.3950827419757843
-0.012663431465625763,0.03796358406543732,-0.12221097946166992,0.39275985956192017
-0.009038053452968597,0.03938513994216919,-0.12319867312908173,0.3765975832939148
-0.0079631507396698,0.03938089311122894,-0.12516817450523376,0.3716443181037903
-0.007532291114330292,0.03761698305606842,-0.12089525163173676,0.3677026629447937
-0.0038213133811950684,0.0316699743270874,-0.1180705577135086,0.36341962218284607
-0.003145776689052582,0.030037060379981995,-0.11820251494646072,0.36275094747543335
1.825392246246338e-05,0.027911081910133362,-0.11239465326070786,0.35867613554000854
0.00029753148555755615,0.026716426014900208,-0.11138147860765457,0.3580826222896576
0.0032864809036254883,0.02265138179063797,-0.11129800230264664,0.3501453995704651
0.004071764647960663,0.021517150104045868,-0.11256919801235199,0.3474363684654236
0.0029915645718574524,0.016641736030578613,-0.11356624960899353,0.3412337303161621
0.0016285479068756104,0.014100596308708191,-0.10930521041154861,0.33728623390197754
0.0015315786004066467,0.014325201511383057,-0.10937938094139099,0.3368039131164551
0.004078015685081482,0.014184311032295227,-0.10493913292884827,0.3296769857406616
0.00446368008852005,0.014012925326824188,-0.10505679249763489,0.3275141716003418
0.0075460076332092285,0.014580443501472473,-0.09753888845443726,0.3230043649673462
0.007783859968185425,0.014641351997852325,-0.09695591032505035,0.3218739628791809
0.007948189973831177,0.01757403463125229,-0.09563557803630829,0.3199799656867981
0.005720950663089752,0.018261678516864777,-0.0985780656337738,0.3141864538192749
0.005710303783416748,0.019153408706188202,-0.09952075779438019,0.31206732988357544
0.004850506782531738,0.017478980123996735,-0.09816592931747437,0.31027156114578247
0.004710234701633453,0.01727709174156189,-0.09823039174079895,0.3094412684440613
0.005390457808971405,0.017725802958011627,-0.09584726393222809,0.30529117584228516
0.00852954387664795,0.014230772852897644,-0.09151861071586609,0.3016176223754883
0.00882527232170105,0.012990854680538177,-0.09122822433710098,0.30058789253234863
0.012018047273159027,0.011868670582771301,-0.09090324491262436,0.2987516224384308
0.01248949021100998,0.01070193201303482,-0.09099934250116348,0.2980034351348877
0.014822959899902344,0.010159291326999664,-0.08109283447265625,0.29337674379348755
0.015382088720798492,0.00910041481256485,-0.08182790875434875,0.28910085558891296
0.015591733157634735,0.008739925920963287,-0.08234585076570511,0.2878023684024811
0.015635758638381958,0.008097544312477112,-0.08293323963880539,0.2830299735069275
0.015814393758773804,0.008035041391849518,-0.08349207043647766,0.2813088893890381
0.01611008495092392,0.005757249891757965,-0.08492802083492279,0.2748326361179352
0.016364216804504395,0.004099398851394653,-0.08546699583530426,0.2694118618965149
0.01646045595407486,0.004064194858074188,-0.08576378226280212,0.26810941100120544
0.015970736742019653,0.0036215782165527344,-0.0838005542755127,0.2647106945514679
0.01591455191373825,0.0037286728620529175,-0.08357880264520645,0.2636069059371948
0.01585833728313446,0.0035342425107955933,-0.08025076985359192,0.2605198621749878
0.015844635665416718,0.0033105090260505676,-0.08007663488388062,0.25950556993484497
0.015316352248191833,0.0028524249792099,-0.07612870633602142,0.2538703978061676
0.015313759446144104,0.0008266866207122803,-0.07336627691984177,0.24828064441680908
0.01540529727935791,0.000627368688583374,-0.07363218814134598,0.24693448841571808
0.01486775279045105,-0.0008805021643638611,-0.07281379401683807,0.24344903230667114
0.014908522367477417,-0.000809304416179657,-0.07333897054195404,0.24231909215450287
0.015318319201469421,-0.001446262001991272,-0.07318269461393356,0.23825722932815552
0.015529006719589233,-0.001654304563999176,-0.07372455298900604,0.23696109652519226
0.014940395951271057,-0.0023946613073349,-0.07042568922042847,0.2347410023212433
0.016140155494213104,-0.0010897740721702576,-0.07029565423727036,0.23244227468967438
0.016373634338378906,-0.0012835115194320679,-0.07038136571645737,0.23193012177944183
0.01763288676738739,-3.904104232788086e-06,-0.06527844816446304,0.22814154624938965
0.017773278057575226,-0.00043138861656188965,-0.06498188525438309,0.2272161841392517
0.017647497355937958,-0.0009514838457107544,-0.061477724462747574,0.22615650296211243
0.017595894634723663,-0.001140095293521881,-0.06145399436354637,0.2260538637638092
0.018112875521183014,0.0005062222480773926,-0.06052638962864876,0.2215881645679474
0.017984479665756226,0.0005126670002937317,-0.05863112583756447,0.21843251585960388
0.01801188290119171,0.0006460696458816528,-0.05870363861322403,0.21773973107337952
0.01912226527929306,0.002189040184020996,-0.058014288544654846,0.21413554251194
0.019692108035087585,0.0023072734475135803,-0.05628320947289467,0.20861521363258362
0.019883356988430023,0.0021117255091667175,-0.056517113000154495,0.20744134485721588
0.01990746706724167,0.002068057656288147,-0.056529223918914795,0.2073579877614975
0.020200461149215698,0.0009320005774497986,-0.05671272799372673,0.20527824759483337
0.021017231047153473,-0.0003314018249511719,-0.05749306082725525,0.201224222779274
0.021274395287036896,-0.0008580237627029419,-0.05779188498854637,0.2001461386680603
0.02161175012588501,-0.0009033456444740295,-0.05624464154243469,0.19571444392204285
0.02208351343870163,-0.0026725009083747864,-0.05624450370669365,0.19274213910102844
0.02224312722682953,-0.0031711235642433167,-0.056556906551122665,0.1922173798084259
0.022993266582489014,-0.003471657633781433,-0.05525144934654236,0.18763208389282227
0.02318427711725235,-0.003913842141628265,-0.05544152483344078,0.18676157295703888
0.023257605731487274,-0.004149831831455231,-0.053273677825927734,0.18318675458431244
0.02334403246641159,-0.004263043403625488,-0.05326345935463905,0.1826038956642151
0.023501381278038025,-0.003728710114955902,-0.04902810975909233,0.1776537448167801
0.024088449776172638,-0.0030766353011131287,-0.04808890074491501,0.17589330673217773
0.02416359633207321,-0.0033489614725112915,-0.04792962223291397,0.17571678757667542
0.02441789209842682,-0.003646276891231537,-0.04478975385427475,0.17386454343795776
0.024377986788749695,-0.004063248634338379,-0.044403672218322754,0.1736479252576828
0.024993762373924255,-0.004409164190292358,-0.04475755989551544,0.17132139205932617
0.02569727599620819,-0.004844360053539276,-0.04495936632156372,0.16895906627178192
0.025794461369514465,-0.005288310348987579,-0.044985465705394745,0.16851097345352173
0.026291444897651672,-0.004823796451091766,-0.04481489956378937,0.16589097678661346
0.026476241648197174,-0.004762992262840271,-0.04489482194185257,0.16531802713871002
0.02657093107700348,-0.0049294233322143555,-0.045000478625297546,0.16231417655944824
0.02664056420326233,-0.005108363926410675,-0.04524701088666916,0.16163769364356995
0.027013935148715973,-0.0064414143562316895,-0.04677410423755646,0.15798968076705933
0.027379736304283142,-0.007736951112747192,-0.04531959444284439,0.15529091656208038
0.027463331818580627,-0.007826194167137146,-0.04513806104660034,0.1549048125743866
0.02739187330007553,-0.008885353803634644,-0.04349031299352646,0.15401414036750793
0.027359455823898315,-0.009175576269626617,-0.043331339955329895,0.15400394797325134
0.027483411133289337,-0.009273193776607513,-0.04173188656568527,0.1512506604194641
0.027566328644752502,-0.009291954338550568,-0.041605912148952484,0.15076251327991486
0.02812061458826065,-0.009813770651817322,-0.040867459028959274,0.14626525342464447
0.0282420814037323,-0.010284900665283203,-0.04092804342508316,0.14547774195671082
0.028602473437786102,-0.010114811360836029,-0.04073302075266838,0.14152830839157104
0.029104240238666534,-0.01087428629398346,-0.04098520427942276,0.140379399061203
0.02923087775707245,-0.01107536256313324,-0.0410882942378521,0.14014315605163574
0.029230639338493347,-0.009765207767486572,-0.039102956652641296,0.1386394202709198
0.029249735176563263,-0.009573526680469513,-0.038760267198085785,0.1386534869670868
0.029806770384311676,-0.010136224329471588,-0.03730156272649765,0.13794371485710144
0.029914483428001404,-0.009382814168930054,-0.03769756853580475,0.13593539595603943
0.02999885380268097,-0.009346835315227509,-0.03791254013776779,0.13558901846408844
0.030303701758384705,-0.009089864790439606,-0.03636809438467026,0.13395950198173523
0.03032265603542328,-0.009147346019744873,-0.036154210567474365,0.13371877372264862
0.03042583167552948,-0.008835911750793457,-0.034718818962574005,0.13021749258041382
0.03048672527074814,-0.008847348392009735,-0.03456536680459976,0.12963822484016418
0.030658550560474396,-0.008569024503231049,-0.03427691012620926,0.12834514677524567
0.03101819008588791,-0.00745188444852829,-0.03271935135126114,0.12513698637485504
0.031126320362091064,-0.007255904376506805,-0.03253646567463875,0.12474097311496735
0.03146407753229141,-0.006894171237945557,-0.0316920131444931,0.12193750590085983
0.03158336877822876,-0.006843551993370056,-0.03156213089823723,0.12140415608882904
0.03215370327234268,-0.006822347640991211,-0.03222191333770752,0.11802752315998077
0.03233613073825836,-0.006902612745761871,-0.032474055886268616,0.11729301512241364
0.03231503814458847,-0.007374182343482971,-0.03320886194705963,0.11644206941127777
0.032554782927036285,-0.007184050977230072,-0.03344195336103439,0.11638545989990234
0.03262825310230255,-0.007180571556091309,-0.03357546031475067,0.11659172922372818
0.03300943970680237,-0.007680676877498627,-0.03161078691482544,0.11410703510046005
0.03303065896034241,-0.007846608757972717,-0.03131680190563202,0.1137816309928894
0.033324696123600006,-0.007863461971282959,-0.031738221645355225,0.11259905248880386
0.033417798578739166,-0.00788658857345581,-0.031911879777908325,0.11234520375728607
0.03349889814853668,-0.00937296450138092,-0.031861141324043274,0.10954397171735764
0.03350020945072174,-0.010319530963897705,-0.03225109353661537,0.10692061483860016
0.033532433211803436,-0.01057153195142746,-0.03245139494538307,0.10648860782384872
0.033675894141197205,-0.010841712355613708,-0.03093123622238636,0.1046575978398323
0.03367844969034195,-0.01105741411447525,-0.030681075528264046,0.10447940230369568
0.033387430012226105,-0.011891946196556091,-0.028185300529003143,0.10269857943058014
0.03339832276105881,-0.011555999517440796,-0.028286408632993698,0.10122963041067123
0.03348728269338608,-0.011394970118999481,-0.028417907655239105,0.10099364817142487
0.033853091299533844,-0.01096748560667038,-0.027996033430099487,0.10017450153827667
0.0339217409491539,-0.010881826281547546,-0.02800319343805313,0.10013832151889801
0.03406829386949539,-0.010450519621372223,-0.027807585895061493,0.09895598888397217
0.034123919904232025,-0.010844901204109192,-0.027049187570810318,0.09700237959623337
0.03412499278783798,-0.010958947241306305,-0.02691623568534851,0.09663115441799164
0.03420208394527435,-0.01067209243774414,-0.026365205645561218,0.09673205763101578
0.03420393913984299,-0.010725714266300201,-0.02626483514904976,0.09686301648616791
0.03431481122970581,-0.010580740869045258,-0.02603955566883087,0.09687599539756775
0.03399106115102768,-0.010328106582164764,-0.025159623473882675,0.09472859650850296
0.03392132371664047,-0.010357148945331573,-0.025033462792634964,0.09444194287061691
0.034004904329776764,-0.010453306138515472,-0.02457551285624504,0.09291771799325943
0.03401927649974823,-0.010487370193004608,-0.024455349892377853,0.09258242696523666
0.03376789391040802,-0.010315798223018646,-0.02413279563188553,0.09115369617938995
0.03396057337522507,-0.010188110172748566,-0.023535482585430145,0.0903487354516983
0.034028977155685425,-0.0101260244846344,-0.023416239768266678,0.09028316289186478
0.03401143103837967,-0.010211534798145294,-0.022757638245821,0.08857323974370956
0.03400025516748428,-0.01023634523153305,-0.022644292563199997,0.08823975175619125
0.03398042917251587,-0.010213300585746765,-0.02177046611905098,0.08572747558355331
0.03395789861679077,-0.010264970362186432,-0.021630465984344482,0.08522652834653854
0.034353457391262054,-0.010574713349342346,-0.021386727690696716,0.08402136713266373
0.03442230820655823,-0.010675042867660522,-0.021361414343118668,0.08374784886837006
0.03457813709974289,-0.010740824043750763,-0.020669739693403244,0.08217538148164749
0.0346287339925766,-0.010800354182720184,-0.020391378551721573,0.08102811872959137
0.034627899527549744,-0.0107479989528656,-0.0203891322016716,0.08085190504789352
0.03476478159427643,-0.011053696274757385,-0.019422072917222977,0.07981730997562408
0.03477729856967926,-0.01112540066242218,-0.01920308545231819,0.07967246323823929
0.03437091410160065,-0.01148243248462677,-0.018451616168022156,0.07960250228643417
0.034388720989227295,-0.011917099356651306,-0.017545055598020554,0.07884945720434189
0.034386925399303436,-0.01204785704612732,-0.01741822063922882,0.07877010852098465
0.03420252352952957,-0.011608414351940155,-0.017053809016942978,0.07775373756885529
0.034176334738731384,-0.011468254029750824,-0.01690554991364479,0.07751685380935669
0.034239254891872406,-0.011475786566734314,-0.016208380460739136,0.07593661546707153
0.03422828018665314,-0.011473402380943298,-0.016080692410469055,0.0756421759724617
0.034106530249118805,-0.011185452342033386,-0.01648150384426117,0.07524921745061874
0.03407660126686096,-0.011094436049461365,-0.016803715378046036,0.07470230758190155
0.03407788276672363,-0.011142320930957794,-0.016898497939109802,0.07455042004585266
0.03451883792877197,-0.010845743119716644,-0.01677566021680832,0.07456164062023163
0.03462003171443939,-0.010713182389736176,-0.016711045056581497,0.07453468441963196
0.03474542498588562,-0.0107659250497818,-0.016426533460617065,0.0735103115439415
0.034771695733070374,-0.010775081813335419,-0.016360748559236526,0.07324402779340744
0.0347822904586792,-0.010464489459991455,-0.01637539267539978,0.07232241332530975
0.034847065806388855,-0.010530613362789154,-0.015809811651706696,0.07122141867876053
0.03484819084405899,-0.010578431189060211,-0.01569470763206482,0.07098814100027084
0.03478613495826721,-0.01063372939825058,-0.016610614955425262,0.06889192014932632
0.03483033925294876,-0.010655447840690613,-0.016853932291269302,0.06831388175487518
0.03456675261259079,-0.010704509913921356,-0.017670471221208572,0.06824243068695068
0.03455973416566849,-0.010553911328315735,-0.017428744584321976,0.0678231343626976
0.034570083022117615,-0.01052042841911316,-0.017344556748867035,0.06772052496671677
0.03443595767021179,-0.010514907538890839,-0.017443634569644928,0.06801991909742355
0.03464233875274658,-0.01023806631565094,-0.01772971823811531,0.06661862134933472
0.03469425439834595,-0.010204784572124481,-0.017798561602830887,0.06624708324670792
0.03477036952972412,-0.010054238140583038,-0.017675139009952545,0.0658596009016037
0.03478798270225525,-0.009978428483009338,-0.0176425538957119,0.06578896194696426
0.03477206081151962,-0.009975440800189972,-0.01754804700613022,0.06534779071807861
0.03478061407804489,-0.009937077760696411,-0.017561722546815872,0.0652698278427124
0.035095810890197754,-0.009859181940555573,-0.016643498092889786,0.0655728429555893
0.035109005868434906,-0.009884759783744812,-0.016436289995908737,0.06569217890501022
0.035249486565589905,-0.00958472490310669,-0.016649115830659866,0.06455791741609573
0.03529813140630722,-0.009515821933746338,-0.016727838665246964,0.06430738419294357
0.035592079162597656,-0.009336486458778381,-0.015650417655706406,0.06346134096384048
0.03564217686653137,-0.009291358292102814,-0.01545126736164093,0.06339380145072937
0.035886526107788086,-0.009147599339485168,-0.015342146158218384,0.06364627927541733
0.03616265952587128,-0.008681274950504303,-0.015204474329948425,0.0630529522895813
0.03621765226125717,-0.008641034364700317,-0.015226569026708603,0.06298166513442993
0.03619459271430969,-0.008606687188148499,-0.015410274267196655,0.06107606738805771
0.03622493892908096,-0.00861743837594986,-0.01551760733127594,0.06073412299156189
0.036339759826660156,-0.008467979729175568,-0.015271846204996109,0.06069648265838623
0.036361098289489746,-0.008461736142635345,-0.015279263257980347,0.060769811272621155
0.03652855008840561,-0.008574999868869781,-0.015857480466365814,0.059375301003456116
0.03657769411802292,-0.008589111268520355,-0.016001686453819275,0.05898846685886383
0.03658471256494522,-0.008612781763076782,-0.01601194590330124,0.058955833315849304
0.036692485213279724,-0.008420556783676147,-0.015709325671195984,0.058101944625377655
0.036609746515750885,-0.008303642272949219,-0.015940845012664795,0.05737739056348801
0.03661239892244339,-0.008276261389255524,-0.016007013618946075,0.057286493480205536
0.03634222596883774,-0.008266784250736237,-0.015739407390356064,0.05691038817167282
0.03605023771524429,-0.008599966764450073,-0.015015732496976852,0.05680195242166519
0.03600257635116577,-0.008547343313694,-0.014869026839733124,0.05689782649278641
0.03571626543998718,-0.008576750755310059,-0.014704585075378418,0.056775063276290894
0.03566429018974304,-0.008534319698810577,-0.014645550400018692,0.05679894983768463
0.03537825495004654,-0.008774079382419586,-0.014111161231994629,0.057540737092494965
0.03504589945077896,-0.009110718965530396,-0.013828527182340622,0.05835124850273132
0.03497905284166336,-0.00913558155298233,-0.01373283937573433,0.058516353368759155
0.03504079580307007,-0.009056881070137024,-0.013473741710186005,0.058481328189373016
0.03504791110754013,-0.009046316146850586,-0.013414952903985977,0.05851353704929352
0.03521088510751724,-0.008754052221775055,-0.013200033456087112,0.05887208133935928
0.03522496670484543,-0.008645996451377869,-0.01308174803853035,0.05894327163696289
0.035362519323825836,-0.008282266557216644,-0.012871980667114258,0.058402664959430695
0.0353589728474617,-0.008156664669513702,-0.01219862699508667,0.057847484946250916
0.035364873707294464,-0.008054360747337341,-0.012051243335008621,0.057826727628707886
0.03520124405622482,-0.00835902988910675,-0.011265646666288376,0.057269200682640076
0.03517153114080429,-0.008338488638401031,-0.011118534952402115,0.057278215885162354
0.03544362634420395,-0.007984094321727753,-0.01011573150753975,0.05627349764108658
0.03560536354780197,-0.007560811936855316,-0.009319879114627838,0.055194392800331116
0.03564773499965668,-0.00741124153137207,-0.009193602949380875,0.055078499019145966
0.035636693239212036,-0.007469251751899719,-0.009098190814256668,0.054936014115810394
0.03562904894351959,-0.007455348968505859,-0.009088683873414993,0.05487998574972153
0.03561981022357941,-0.007468879222869873,-0.009088151156902313,0.05549464374780655
0.03560062497854233,-0.007440991699695587,-0.00905187800526619,0.055585481226444244
0.03555866330862045,-0.007498398423194885,-0.009337127208709717,0.05548503249883652
0.03556034713983536,-0.0074997395277023315,-0.009412970393896103,0.055445268750190735
0.03562495857477188,-0.007662683725357056,-0.009421896189451218,0.054839566349983215
0.035638876259326935,-0.007772199809551239,-0.009478658437728882,0.054746389389038086
0.035569436848163605,-0.007944032549858093,-0.009461876004934311,0.054173506796360016
0.035625867545604706,-0.007683210074901581,-0.009386248886585236,0.05327659845352173
0.035636939108371735,-0.00754721462726593,-0.009319961071014404,0.05309871584177017
0.0356002077460289,-0.007663659751415253,-0.009020313620567322,0.052478693425655365
0.03559858351945877,-0.00774180144071579,-0.009001847356557846,0.052404679358005524
0.035468511283397675,-0.007992804050445557,-0.008407317101955414,0.052400797605514526
0.035422131419181824,-0.008084245026111603,-0.008272569626569748,0.0525130033493042
0.03534528613090515,-0.007929451763629913,-0.007509417831897736,0.05182385444641113
0.03517342358827591,-0.007835753262043,-0.006705924868583679,0.05151752382516861
0.035134658217430115,-0.007741563022136688,-0.006531804800033569,0.051532916724681854
0.035050176084041595,-0.007519654929637909,-0.006276998668909073,0.05121808499097824
0.03504379838705063,-0.007248774170875549,-0.006124284118413925,0.05113307386636734
0.03477649390697479,-0.007317863404750824,-0.005831163376569748,0.05055636912584305
0.034620501101017,-0.0072759464383125305,-0.005396056920289993,0.04989968240261078
0.03459998220205307,-0.007192172110080719,-0.005289915949106216,0.049833931028842926
0.034783102571964264,-0.007142715156078339,-0.004723269492387772,0.04901345074176788
0.03482293337583542,-0.007096387445926666,-0.0046185776591300964,0.0488726869225502
0.034870341420173645,-0.0069349706172943115,-0.004256501793861389,0.04860035330057144
0.03494759649038315,-0.006458699703216553,-0.003936752676963806,0.04831855744123459
0.03497541695833206,-0.006263822317123413,-0.003835715353488922,0.04826882481575012
0.035023048520088196,-0.006193235516548157,-0.003624431788921356,0.04788924753665924
0.035032741725444794,-0.006137676537036896,-0.0035718828439712524,0.04785459488630295
0.03508761525154114,-0.006153687834739685,-0.0035164356231689453,0.04780610650777817
0.03510403633117676,-0.006127871572971344,-0.003502756357192993,0.0477864071726799
0.03525219112634659,-0.00597960501909256,-0.0038956739008426666,0.04719430208206177
0.03539428114891052,-0.0059905946254730225,-0.00415380671620369,0.046995773911476135
0.0354253426194191,-0.00600866973400116,-0.004212871193885803,0.04698190838098526
0.03558006137609482,-0.005986295640468597,-0.004219748079776764,0.04612278938293457
0.03563345968723297,-0.005994856357574463,-0.004256106913089752,0.045944370329380035
0.0357765331864357,-0.0059063732624053955,-0.00411209836602211,0.04597470909357071
0.03579866141080856,-0.005883045494556427,-0.004094973206520081,0.0459820032119751
0.035895928740501404,-0.005845397710800171,-0.004196658730506897,0.04590824246406555
0.03588548302650452,-0.005771331489086151,-0.004217043519020081,0.04575697332620621
0.035889387130737305,-0.005745038390159607,-0.004205677658319473,0.045713819563388824
0.03585503250360489,-0.005648329854011536,-0.00446154922246933,0.04628295451402664
0.03581157326698303,-0.005341589450836182,-0.004610925912857056,0.0469726026058197
0.035810090601444244,-0.00521879643201828,-0.004599388688802719,0.04710400104522705
0.035809651017189026,-0.005197994410991669,-0.004596695303916931,0.04711466282606125
0.035924650728702545,-0.005047738552093506,-0.005023349076509476,0.047200776636600494
0.03598307818174362,-0.004942834377288818,-0.005602043122053146,0.04707176238298416
0.036020733416080475,-0.004936136305332184,-0.005718536674976349,0.04699677228927612
0.03600554168224335,-0.004810452461242676,-0.006057504564523697,0.047331131994724274
0.036008648574352264,-0.004746206104755402,-0.006091129034757614,0.0473453551530838
0.035911090672016144,-0.004822172224521637,-0.006573032587766647,0.0472441166639328
0.03586943447589874,-0.005018651485443115,-0.0068298764526844025,0.046950094401836395
0.03587580472230911,-0.005108006298542023,-0.006901796907186508,0.04693365842103958
0.035850100219249725,-0.0053827837109565735,-0.007226951420307159,0.04697804152965546
0.03589008003473282,-0.005540601909160614,-0.007457040250301361,0.04685494303703308
0.03590540587902069,-0.0056189075112342834,-0.007526189088821411,0.0468178391456604
0.036131300032138824,-0.00566689670085907,-0.007589150220155716,0.04677652567625046
0.036168113350868225,-0.005752280354499817,-0.0076335519552230835,0.04673656076192856
0.03624908626079559,-0.005692027509212494,-0.007761042565107346,0.04682318866252899
0.03632352501153946,-0.005659803748130798,-0.007645413279533386,0.0467650443315506
0.03633229434490204,-0.00566931813955307,-0.007619339972734451,0.04676304757595062
0.036252379417419434,-0.005655139684677124,-0.0072464719414711,0.047004133462905884
0.03622844070196152,-0.005637772381305695,-0.007168274372816086,0.047113507986068726
0.03616662323474884,-0.005471065640449524,-0.006885025650262833,0.0472804456949234
0.03611376881599426,-0.005462780594825745,-0.0065698400139808655,0.047567546367645264
0.03609035909175873,-0.00547289103269577,-0.006512712687253952,0.04765705764293671
0.03605792671442032,-0.005615264177322388,-0.006276514381170273,0.04748956859111786
0.03604891896247864,-0.0056677088141441345,-0.006255101412534714,0.04749574512243271
0.036189258098602295,-0.005662322044372559,-0.006352391093969345,0.047129057347774506
0.03629389405250549,-0.0056850239634513855,-0.006388287991285324,0.04699195921421051
0.03631710261106491,-0.005664564669132233,-0.006376400589942932,0.04695902764797211
0.03641487658023834,-0.005615115165710449,-0.006075896322727203,0.046428993344306946
0.03643079102039337,-0.0055804625153541565,-0.006017789244651794,0.046381719410419464
0.03641849011182785,-0.005515716969966888,-0.005253124982118607,0.04553444683551788
0.036379218101501465,-0.005438975989818573,-0.004463165998458862,0.044269345700740814
0.036362893879413605,-0.005409643054008484,-0.004336409270763397,0.04409793019294739
0.03632459044456482,-0.005550794303417206,-0.003906901925802231,0.04309810698032379
0.036263369023799896,-0.005658373236656189,-0.003451704978942871,0.042585209012031555
0.03623753786087036,-0.005689829587936401,-0.0033580102026462555,0.04257112741470337
0.03628716617822647,-0.0056218355894088745,-0.003370143473148346,0.04259248822927475
0.03628799319267273,-0.005584284663200378,-0.0033394992351531982,0.04258580505847931
0.03630552440881729,-0.005287133157253265,-0.0028172582387924194,0.04278303682804108
0.036299169063568115,-0.005127109587192535,-0.002645779401063919,0.04285681992769241
0.03623151034116745,-0.005063928663730621,-0.002470068633556366,0.043496668338775635
0.03622603416442871,-0.0049202293157577515,-0.0023495852947235107,0.043112561106681824
0.03623403608798981,-0.004865311086177826,-0.0023476257920265198,0.043028198182582855
0.036294229328632355,-0.005023770034313202,-0.0021498017013072968,0.042480193078517914
0.036302417516708374,-0.005084998905658722,-0.0021454915404319763,0.04240480810403824
0.0362253338098526,-0.005232378840446472,-0.0020178891718387604,0.04220401495695114
0.036205075681209564,-0.005285874009132385,-0.002009999006986618,0.04219236969947815
0.03611108660697937,-0.005294099450111389,-0.0017583221197128296,0.04236841946840286
0.036080874502658844,-0.005257248878479004,-0.0016868934035301208,0.04242479056119919
0.03602965176105499,-0.005171686410903931,-0.0016149058938026428,0.04264712333679199
0.03597097843885422,-0.005102440714836121,-0.0015367940068244934,0.04322332143783569
0.03594498336315155,-0.005074627697467804,-0.0014838986098766327,0.04332796484231949
0.035853900015354156,-0.005055375397205353,-0.001582857221364975,0.04344680905342102
0.03583692014217377,-0.005060404539108276,-0.0016003251075744629,0.04346471279859543
0.03587440401315689,-0.005036339163780212,-0.0013631395995616913,0.043087080121040344
0.03587992489337921,-0.005005933344364166,-0.001321006566286087,0.043037787079811096
0.03601529449224472,-0.004885062575340271,-0.0010642074048519135,0.04249897599220276
0.03615127503871918,-0.004790835082530975,-0.0007121898233890533,0.041814208030700684
0.03617540001869202,-0.004783794283866882,-0.0006664060056209564,0.0417281910777092
0.03617795556783676,-0.0047858357429504395,-0.0006636269390583038,0.04172170162200928
0.0363193079829216,-0.004930682480335236,-0.0005784332752227783,0.041184961795806885
0.036404311656951904,-0.0051495954394340515,-0.00040688738226890564,0.040621235966682434
0.03641895204782486,-0.005229353904724121,-0.00039727240800857544,0.04054179787635803
0.03645295649766922,-0.005324073135852814,-0.0003781132400035858,0.040327563881874084
0.036513231694698334,-0.005452096462249756,-0.0003533698618412018,0.04017926752567291
0.03652580827474594,-0.005488231778144836,-0.0003574788570404053,0.04016398638486862
0.03658878058195114,-0.005713693797588348,-0.00039207562804222107,0.03998658061027527
0.036657221615314484,-0.005789965391159058,-0.0004030689597129822,0.039941102266311646
0.03666906803846359,-0.005811437964439392,-0.0004042983055114746,0.03991861641407013
0.0366487130522728,-0.005868501961231232,-0.0005104541778564453,0.039864085614681244
0.03664950281381607,-0.005887225270271301,-0.0005458816885948181,0.039836347103118896
0.03660280257463455,-0.005791693925857544,-0.0006932206451892853,0.03986027091741562
0.03659738600254059,-0.005729340016841888,-0.0007164329290390015,0.03983979672193527
0.036594122648239136,-0.005608513951301575,-0.0007044188678264618,0.03976120054721832
0.0365949347615242,-0.005559854209423065,-0.0006981119513511658,0.03974152356386185
0.036613769829273224,-0.005427949130535126,-0.0005767010152339935,0.03958585858345032
0.03660569339990616,-0.005400009453296661,-0.00048239901661872864,0.0389135479927063
0.036600515246391296,-0.005500577390193939,-0.0005013905465602875,0.038822829723358154
0.03662446141242981,-0.005362890660762787,-0.00046027079224586487,0.03866804391145706
0.03662987798452377,-0.005351029336452484,-0.00045359134674072266,0.03865388035774231
0.0366513729095459,-0.005079902708530426,-0.0005057491362094879,0.038765475153923035
0.0365811362862587,-0.004796542227268219,-0.0005007125437259674,0.03899533301591873
0.03657693415880203,-0.004766315221786499,-0.0005130060017108917,0.03910710662603378
0.03645027428865433,-0.004796311259269714,-5.496665835380554e-05,0.039276160299777985
0.03642262518405914,-0.004753507673740387,5.5558979511260986e-05,0.039387114346027374
0.03637395054101944,-0.0047891587018966675,0.0007371716201305389,0.03939200937747955
0.03640711307525635,-0.004869453608989716,0.001037105917930603,0.03874460607767105
0.03642405569553375,-0.004934467375278473,0.001053541898727417,0.03865170478820801
0.03645084798336029,-0.004763022065162659,0.0008895844221115112,0.03832664340734482
0.03647979348897934,-0.004665076732635498,0.0008751936256885529,0.03825969994068146
0.036568887531757355,-0.004512190818786621,0.0010509975254535675,0.03818288445472717
0.036586694419384,-0.004372842609882355,0.0011358372867107391,0.03814130276441574
0.036510169506073,-0.004534214735031128,0.0011084750294685364,0.03818725794553757
0.036531440913677216,-0.004881531000137329,0.0010209493339061737,0.03819751739501953
0.036531515419483185,-0.004910103976726532,0.0010168030858039856,0.03814506530761719
0.03665419667959213,-0.004524238407611847,0.0011576637625694275,0.03798452764749527
0.0368705689907074,-0.00393088161945343,0.0014033131301403046,0.03839075565338135
0.036910369992256165,-0.003701329231262207,0.0015212930738925934,0.038455039262771606
0.03700464218854904,-0.0034377947449684143,0.0015794970095157623,0.03879488259553909
0.03701842576265335,-0.0033347532153129578,0.001650143414735794,0.03883100301027298
0.03709178417921066,-0.0029272660613059998,0.0017193816602230072,0.038957253098487854
0.037105947732925415,-0.0027741938829421997,0.0017846859991550446,0.03894723951816559
0.03708764165639877,-0.0025155022740364075,0.0019011907279491425,0.039197489619255066
0.037176139652729034,-0.0024362727999687195,0.002226080745458603,0.03983467072248459
0.03717246651649475,-0.0024252086877822876,0.002324674278497696,0.03997659683227539
0.03714354336261749,-0.002379678189754486,0.001884113997220993,0.039666518568992615
0.037149302661418915,-0.0024181753396987915,0.0017903856933116913,0.039541855454444885
0.0372646227478981,-0.0022174715995788574,0.0019950754940509796,0.03901992738246918
0.037269845604896545,-0.0023235008120536804,0.0020128823816776276,0.03843071311712265
0.037277743220329285,-0.002337120473384857,0.0020054690539836884,0.03832245618104935
0.03728209435939789,-0.00248505175113678,0.0019009150564670563,0.03882310539484024
0.03727457672357559,-0.0024768784642219543,0.0019013769924640656,0.038913458585739136
0.03730318695306778,-0.00246342271566391,0.0019842199981212616,0.039409197866916656
0.03729485720396042,-0.002397693693637848,0.0017540864646434784,0.03968631476163864
0.0372932031750679,-0.002313360571861267,0.001729290932416916,0.03969510644674301
0.03728831559419632,-0.002303771674633026,0.001693781465291977,0.03975435346364975
0.037284716963768005,-0.0022708475589752197,0.0016959868371486664,0.03975933790206909
0.037289343774318695,-0.002269543707370758,0.0016790665686130524,0.03989550471305847
0.03718436509370804,-0.002287134528160095,0.0013007372617721558,0.04000867158174515
0.03718161582946777,-0.002263076603412628,0.001194436103105545,0.039993882179260254
0.037208303809165955,-0.002207256853580475,0.0014122091233730316,0.03999175876379013
0.03720966726541519,-0.0022056028246879578,0.0014489255845546722,0.040018193423748016
0.03714980185031891,-0.002280913293361664,0.0011323578655719757,0.03970906883478165
0.03715760260820389,-0.0022026672959327698,0.0010589100420475006,0.03962801396846771
0.03711716830730438,-0.0020476654171943665,0.0012183859944343567,0.03990381211042404
0.037105172872543335,-0.001931808888912201,0.001287899911403656,0.039963498711586
0.0370318740606308,-0.0018785446882247925,0.0013674460351467133,0.040943443775177
0.03696020692586899,-0.0017136260867118835,0.0015378184616565704,0.041411519050598145
0.03694307804107666,-0.0016970336437225342,0.0015726350247859955,0.041469283401966095
0.03695174306631088,-0.0016025751829147339,0.001413341611623764,0.04142244905233383
0.036955684423446655,-0.0015753880143165588,0.0013792924582958221,0.04136815667152405
0.03697746992111206,-0.0015235766768455505,0.001447293907403946,0.04062225669622421
0.03703533113002777,-0.0015182867646217346,0.0015981532633304596,0.04000093787908554
0.03705015033483505,-0.0015659257769584656,0.0016056783497333527,0.03992581367492676
0.03709149360656738,-0.0016285553574562073,0.0017311014235019684,0.039652056992053986
0.037096425890922546,-0.0016323328018188477,0.0018983371555805206,0.039616554975509644
0.03709740191698074,-0.0016255304217338562,0.0019213221967220306,0.03964114189147949
0.03710922598838806,-0.001546703279018402,0.0020707957446575165,0.039664193987846375
0.03711044788360596,-0.0015270113945007324,0.0021017007529735565,0.039685480296611786
0.03710146248340607,-0.0015027523040771484,0.002098221331834793,0.03963571786880493
0.037104301154613495,-0.0014977529644966125,0.002091098576784134,0.03963528573513031
0.03709108382463455,-0.0015101954340934753,0.00196891650557518,0.03951460123062134
0.037081338465213776,-0.0014960318803787231,0.001962054520845413,0.039252348244190216
0.03708510845899582,-0.0014913976192474365,0.001952987164258957,0.03921201080083847
0.037067659199237823,-0.0014107003808021545,0.002054009586572647,0.038960933685302734
0.03706900775432587,-0.001389242708683014,0.0020651035010814667,0.038918428122997284
0.037033356726169586,-0.0012838095426559448,0.002106036990880966,0.038745515048503876
0.03703077882528305,-0.0012449398636817932,0.0021114684641361237,0.03870169073343277
0.037016719579696655,-0.001230381429195404,0.002100672572851181,0.038791269063949585
0.03701432794332504,-0.0011990442872047424,0.002102930098772049,0.03880241513252258
0.03700847178697586,-0.0011838525533676147,0.002120841294527054,0.038740068674087524
0.037009336054325104,-0.0011641979217529297,0.0021232925355434418,0.03872448205947876
0.0370003804564476,-0.001148819923400879,0.002146642655134201,0.03862617909908295
0.03699309378862381,-0.0011719763278961182,0.0021416805684566498,0.03862053155899048
0.03699176758527756,-0.0011899471282958984,0.002138052135705948,0.03862100839614868
0.03698919713497162,-0.001170620322227478,0.0021457113325595856,0.03851115703582764
0.03699031472206116,-0.0011612996459007263,0.0021466799080371857,0.03848745673894882
0.03700072318315506,-0.001146078109741211,0.002120319753885269,0.03833167254924774
0.03700634092092514,-0.0011281818151474,0.0020727701485157013,0.03821301460266113
0.03700853884220123,-0.0011205077171325684,0.0020645372569561005,0.03818316012620926
0.03700966387987137,-0.0011162608861923218,0.0020622126758098602,0.03822393715381622
0.037005506455898285,-0.0010937228798866272,0.0020558275282382965,0.03817490488290787
0.037005454301834106,-0.0010873600840568542,0.0020541734993457794,0.03816010802984238
0.037000104784965515,-0.0011005029082298279,0.0020073391497135162,0.03821936249732971
0.036998994648456573,-0.0010830387473106384,0.002002362161874771,0.038223326206207275
0.03700017184019089,-0.0010773912072181702,0.0020010285079479218,0.038227878510951996
0.03700059652328491,-0.0010775625705718994,0.0020004846155643463,0.038229212164878845
0.036997631192207336,-0.00106097012758255,0.0019706599414348602,0.038213834166526794
0.03699752688407898,-0.0010512620210647583,0.001965876668691635,0.038202546536922455
0.036997511982917786,-0.001049928367137909,0.0019657202064990997,0.03820130228996277
0.037000544369220734,-0.0010455474257469177,0.0018959008157253265,0.03812376409769058
0.0370035246014595,-0.0010486766695976257,0.001876886934041977,0.03810017555952072
0.03700414299964905,-0.001049533486366272,0.0018754638731479645,0.03809783607721329
0.03700423240661621,-0.0010496899485588074,0.0018753670156002045,0.03809764236211777
0.03700507432222366,-0.0010821595788002014,0.001845862716436386,0.03812039643526077
0.03700825572013855,-0.0010569244623184204,0.0018848739564418793,0.03817235678434372
0.037007831037044525,-0.0010497942566871643,0.0018952079117298126,0.03818635642528534
0.03700753301382065,-0.0010596588253974915,0.0018881969153881073,0.03819534182548523
0.037005163729190826,-0.0011273548007011414,0.001848410815000534,0.03837885707616806
0.03700355440378189,-0.001107238233089447,0.001847926527261734,0.03841744363307953
0.03700920194387436,-0.001095019280910492,0.0018915347754955292,0.0384015217423439
0.037009455263614655,-0.0010942071676254272,0.0018999017775058746,0.038404785096645355
0.037008196115493774,-0.001120924949645996,0.0018752031028270721,0.03844518959522247
0.03700803220272064,-0.0011175945401191711,0.0018716789782047272,0.03845350444316864
0.03701064735651016,-0.001127868890762329,0.0018846653401851654,0.038483500480651855
0.037010543048381805,-0.001124359667301178,0.001888912171125412,0.038492351770401
0.03701389580965042,-0.0011216774582862854,0.001930084079504013,0.038513071835041046
0.037020884454250336,-0.0011287331581115723,0.0019484646618366241,0.03848970681428909
0.03702189773321152,-0.001131407916545868,0.0019502826035022736,0.0384855791926384
0.037029929459095,-0.0011856481432914734,0.0018779225647449493,0.038421399891376495
0.037044063210487366,-0.0012656822800636292,0.0018509291112422943,0.038474760949611664
0.0370464101433754,-0.0012895092368125916,0.001844514161348343,0.03849262744188309
0.03704679012298584,-0.001292690634727478,0.0018439702689647675,0.03849434107542038
0.037055499851703644,-0.001350395381450653,0.0017253123223781586,0.03837139904499054
0.03706052899360657,-0.001386687159538269,0.0016864724457263947,0.03833799809217453
0.037061721086502075,-0.001392357051372528,0.0016835518181324005,0.03833472728729248
0.03706521540880203,-0.0014542043209075928,0.0016234926879405975,0.03831932693719864
0.03706701844930649,-0.0014693289995193481,0.0016065649688243866,0.03831493854522705
0.037068068981170654,-0.0014663711190223694,0.0016091279685497284,0.03830768167972565
0.03706812113523483,-0.0014643371105194092,0.00161052867770195,0.0383058562874794
0.0370609387755394,-0.0014314278960227966,0.001643408089876175,0.03831082582473755
0.03706197440624237,-0.001423276960849762,0.0016127116978168488,0.03831413388252258
0.037063099443912506,-0.0014325082302093506,0.0015989355742931366,0.03830871731042862
0.037063419818878174,-0.0014335289597511292,0.0015977360308170319,0.03830793499946594
0.03705836832523346,-0.0014582276344299316,0.0015335790812969208,0.03836383670568466
0.03705791383981705,-0.0014459416270256042,0.0015227682888507843,0.03836831450462341
0.03705500066280365,-0.0014490261673927307,0.0015062279999256134,0.038373179733753204
0.03706149011850357,-0.001463383436203003,0.0014998801052570343,0.03842359036207199
0.037062376737594604,-0.0014655441045761108,0.001500491052865982,0.03843027353286743
0.03706354647874832,-0.0014678537845611572,0.0014983601868152618,0.03841972351074219
0.03706425428390503,-0.001467198133468628,0.0015015490353107452,0.03841254115104675
0.03706430643796921,-0.0014685243368148804,0.0015022195875644684,0.03841228038072586
0.0370643213391304,-0.0014687106013298035,0.0015022344887256622,0.03841230273246765
0.03706473857164383,-0.001484803855419159,0.0015187375247478485,0.038482360541820526
0.03706374019384384,-0.0014879405498504639,0.0015243999660015106,0.03849589079618454
0.03706401586532593,-0.001477062702178955,0.0015470124781131744,0.03848607838153839
0.03705636411905289,-0.0015278905630111694,0.0014568604528903961,0.038549549877643585
0.03705667704343796,-0.0015347227454185486,0.0014333762228488922,0.03855593502521515
0.037034772336483,-0.0015442967414855957,0.001407776027917862,0.038524873554706573
0.037031956017017365,-0.0015511959791183472,0.0013974420726299286,0.03851642459630966
0.03702876716852188,-0.0015413984656333923,0.001401711255311966,0.03850572556257248
0.03702011704444885,-0.001545138657093048,0.0013940595090389252,0.03849559277296066
0.03701907396316528,-0.0015438273549079895,0.0013914965093135834,0.03849492967128754
0.03701689839363098,-0.0015386417508125305,0.001392703503370285,0.03849409520626068
0.0370074063539505,-0.0015375837683677673,0.0013579800724983215,0.03842330724000931
0.0370071679353714,-0.001547977328300476,0.0013447403907775879,0.03840446472167969
0.037007302045822144,-0.0015495270490646362,0.0013436675071716309,0.038402654230594635
0.03700733184814453,-0.0015497654676437378,0.0013435892760753632,0.03840257227420807
0.03699773550033569,-0.0015872940421104431,0.0012871399521827698,0.03839746117591858
0.03699684143066406,-0.0015941038727760315,0.0012718699872493744,0.03839220106601715
0.03699763864278793,-0.0015784800052642822,0.0012843608856201172,0.03837132453918457
0.036996886134147644,-0.0015945285558700562,0.0012735910713672638,0.03838682919740677
0.036996833980083466,-0.0015951842069625854,0.0012708306312561035,0.038390934467315674
0.03699662536382675,-0.0016273930668830872,0.0012297667562961578,0.03842597454786301
0.03699713200330734,-0.0016330406069755554,0.0012189894914627075,0.03843030333518982
0.03699725866317749,-0.0016336441040039062,0.0012182444334030151,0.03843049705028534
0.03699730336666107,-0.0016338378190994263,0.0012182332575321198,0.03843051195144653
0.03699374198913574,-0.0016676560044288635,0.0011695772409439087,0.038492679595947266
0.03699324280023575,-0.0016675591468811035,0.0011595822870731354,0.03849992901086807
0.036993227899074554,-0.0016672685742378235,0.0011588633060455322,0.03850022703409195
0.03698579967021942,-0.0016817599534988403,0.0011454559862613678,0.03857361525297165
0.03698354959487915,-0.0016728490591049194,0.001146472990512848,0.038584545254707336
0.036983221769332886,-0.001671329140663147,0.001146715134382248,0.03858519345521927
0.0369761660695076,-0.0016673952341079712,0.0011646263301372528,0.03866688162088394
0.0369732603430748,-0.001650013029575348,0.001175522804260254,0.038681574165821075
0.03697275370359421,-0.0016472041606903076,0.0011765137314796448,0.03868274390697479
0.03697269409894943,-0.0016467422246932983,0.0011765025556087494,0.03868274390697479
0.03696625679731369,-0.0016429051756858826,0.00122026726603508,0.03875082731246948
0.03696314990520477,-0.0016274377703666687,0.0012364313006401062,0.03876820206642151
0.03696248680353165,-0.001625068485736847,0.0012377575039863586,0.0387696772813797
0.03696058690547943,-0.00161665678024292,0.001229260116815567,0.03876832127571106
0.0369604229927063,-0.0016144365072250366,0.0012276917695999146,0.03876467049121857
0.03695325553417206,-0.0015996843576431274,0.00127507746219635,0.03877509385347366
0.036950550973415375,-0.0015915632247924805,0.0012888647615909576,0.03878110647201538
0.03695007413625717,-0.0015903785824775696,0.0012898407876491547,0.03878170996904373
0.036939799785614014,-0.0015585124492645264,0.0013368278741836548,0.038764290511608124
0.036936886608600616,-0.001547493040561676,0.0013504251837730408,0.03876214474439621
0.03693639487028122,-0.0015459060668945312,0.0013513900339603424,0.03876204043626785
0.036936305463314056,-0.0015456005930900574,0.0013514533638954163,0.03876202553510666
0.036936305463314056,-0.001545533537864685,0.0013514794409275055,0.03876200318336487
0.0369299054145813,-0.0015131235122680664,0.0013890601694583893,0.038740575313568115
0.0369279682636261,-0.0015005171298980713,0.0014011003077030182,0.03873798996210098
0.03692759573459625,-0.0014988556504249573,0.001402098685503006,0.03873804211616516
0.03692759573459625,-0.001498490571975708,0.0014019422233104706,0.03873717784881592
0.03692761808633804,-0.0014982670545578003,0.0014018155634403229,0.03873693197965622
0.036919623613357544,-0.0014584362506866455,0.001413550227880478,0.03870008885860443
0.036918140947818756,-0.0014445856213569641,0.0014194436371326447,0.03868802636861801
0.03692100942134857,-0.001449577510356903,0.001431744545698166,0.038693301379680634
0.036921270191669464,-0.0014515817165374756,0.0014339052140712738,0.038697995245456696
0.036918215453624725,-0.0014450252056121826,0.0014221705496311188,0.03869202733039856
0.03691931068897247,-0.001423366367816925,0.0014313645660877228,0.03868435323238373
0.036919333040714264,-0.0014118477702140808,0.0014371611177921295,0.038682885468006134
0.03691902756690979,-0.0014099478721618652,0.0014377869665622711,0.03868401050567627
0.036918945610523224,-0.001409478485584259,0.0014378391206264496,0.038684308528900146
0.03691922128200531,-0.001409783959388733,0.0014377869665622711,0.03868301957845688
0.03691928833723068,-0.0014099478721618652,0.0014377497136592865,0.038682721555233
0.036930717527866364,-0.0013990327715873718,0.0014323852956295013,0.0387335941195488
0.03693424165248871,-0.001395396888256073,0.001426246017217636,0.03874826431274414
0.03693497180938721,-0.0013959705829620361,0.0014233477413654327,0.038750939071178436
0.036933206021785736,-0.0013843849301338196,0.0014348812401294708,0.038744404911994934
0.03693258762359619,-0.001381896436214447,0.001438293606042862,0.038742370903491974
0.03693249076604843,-0.0013814717531204224,0.0014385320246219635,0.038742199540138245
0.03693247586488724,-0.0013813599944114685,0.0014385171234607697,0.03874218463897705
0.036932460963726044,-0.0013813450932502747,0.0014385171234607697,0.03874218463897705
0.03693530708551407,-0.0013637468218803406,0.0014796443283557892,0.038724809885025024
0.03693505376577377,-0.0013641268014907837,0.0014887712895870209,0.03872436285018921
0.03693494200706482,-0.001364104449748993,0.0014893002808094025,0.03872453421354294
0.036934927105903625,-0.0013640597462654114,0.001489337533712387,0.038724593818187714
0.03693981468677521,-0.001340031623840332,0.001545187085866928,0.03869526833295822
0.03693979233503342,-0.0013414323329925537,0.001557331532239914,0.038693688809871674
0.03693971037864685,-0.0013415217399597168,0.001558016985654831,0.03869384527206421
0.03694431483745575,-0.0013214871287345886,0.0015981309115886688,0.038660019636154175
0.0369446724653244,-0.001323416829109192,0.0016062520444393158,0.038655705749988556
0.0369466170668602,-0.001317933201789856,0.0016098879277706146,0.038625121116638184
0.03694704920053482,-0.00132027268409729,0.001609552651643753,0.03861814737319946
0.036947160959243774,-0.0013206899166107178,0.0016095153987407684,0.03861755132675171
0.03694714605808258,-0.0013207122683525085,0.0016095153987407684,0.038617536425590515
0.03694503754377365,-0.0013233199715614319,0.0015910007059574127,0.038602739572525024
0.036945074796676636,-0.001323901116847992,0.0015864036977291107,0.03859689086675644
0.0369451642036438,-0.001324094831943512,0.001586075872182846,0.03859627991914749
0.036944128572940826,-0.001326441764831543,0.0015733279287815094,0.03858426958322525
0.03694427013397217,-0.0013275146484375,0.0015699826180934906,0.0385800302028656
0.03694432973861694,-0.0013276785612106323,0.0015697591006755829,0.03857956826686859
0.03694434463977814,-0.0013277232646942139,0.0015697591006755829,0.03857952356338501
0.036965303122997284,-0.0013595372438430786,0.0015284307301044464,0.03864191472530365
0.03696940094232559,-0.0013613104820251465,0.0015225596725940704,0.03865495324134827
0.03696984797716141,-0.0013620108366012573,0.0015222765505313873,0.03865600377321243
0.03697079420089722,-0.0013629049062728882,0.0015233643352985382,0.038654252886772156
0.03697091341018677,-0.001363225281238556,0.001523490995168686,0.038653962314128876
0.03697092831134796,-0.0013632848858833313,0.001523490995168686,0.03865393251180649
0.03698316961526871,-0.0014089643955230713,0.0014774613082408905,0.03870782256126404
0.0369858592748642,-0.0014094412326812744,0.0014699585735797882,0.03872126340866089
0.03698909282684326,-0.0014085546135902405,0.0014759190380573273,0.03871326893568039
0.036989741027355194,-0.0014101862907409668,0.0014765970408916473,0.038712725043296814
0.03698983043432236,-0.0014104247093200684,0.001476626843214035,0.038712747395038605
0.03698895126581192,-0.0014103353023529053,0.001475360244512558,0.03871433436870575
0.03698880225419998,-0.0014108046889305115,0.0014751441776752472,0.03871413320302963
0.036989614367485046,-0.0014109909534454346,0.0014763735234737396,0.03871253877878189
0.03698981553316116,-0.0014104843139648438,0.0014765746891498566,0.038712695240974426
0.03698983043432236,-0.00141046941280365,0.001476626843214035,0.038712769746780396
0.03698933124542236,-0.0014145374298095703,0.001468811184167862,0.03870924562215805
0.036989420652389526,-0.0014120116829872131,0.0014677830040454865,0.03870825469493866
0.036989398300647736,-0.0014118403196334839,0.0014677681028842926,0.0387081578373909
0.03698941320180893,-0.0014118403196334839,0.0014677084982395172,0.03870811313390732
0.03698941320180893,-0.0014118403196334839,0.0014677084982395172,0.03870811313390732
0.036985479295253754,-0.0014225617051124573,0.001453939825296402,0.03872184455394745
0.03698504716157913,-0.0014147311449050903,0.0014530904591083527,0.03872557729482651
0.03698490560054779,-0.0014140531420707703,0.0014531351625919342,0.03872581571340561
0.0369848757982254,-0.001413986086845398,0.0014530904591083527,0.03872577100992203
0.0369848757982254,-0.0014140009880065918,0.0014530755579471588,0.03872577100992203
0.036985673010349274,-0.0014165639877319336,0.0014617405831813812,0.038733407855033875
0.036985620856285095,-0.0014145076274871826,0.0014642588794231415,0.03873743116855621
0.03698558360338211,-0.001414366066455841,0.0014644674956798553,0.03873783349990845
0.03698574751615524,-0.0014139264822006226,0.0014899484813213348,0.03877807408571243
0.036985188722610474,-0.0014052540063858032,0.0014979802072048187,0.03879101574420929
0.036984674632549286,-0.001403898000717163,0.0014851279556751251,0.03876613825559616
0.036984898149967194,-0.0014086291193962097,0.0014808215200901031,0.03875839710235596
0.036984965205192566,-0.0014092624187469482,0.0014804564416408539,0.03875768184661865
0.036984995007514954,-0.0014093592762947083,0.0014804340898990631,0.038757577538490295
0.036981627345085144,-0.001411542296409607,0.0014973394572734833,0.03882220387458801
0.036980465054512024,-0.0014005973935127258,0.0015041865408420563,0.03883901983499527
0.03698025643825531,-0.0013990029692649841,0.001504894345998764,0.038840509951114655
0.03698022663593292,-0.0013987421989440918,0.0015048794448375702,0.0388406366109848
0.03698022663593292,-0.0013986974954605103,0.0015048794448375702,0.03884065896272659
0.03696361929178238,-0.0013994872570037842,0.0014789663255214691,0.03887972980737686
0.03696095198392868,-0.0013909563422203064,0.0014757104218006134,0.038884393870830536
0.03696063160896301,-0.001389533281326294,0.0014755837619304657,0.03888466954231262
0.03696998953819275,-0.001406744122505188,0.0014828480780124664,0.038930416107177734
0.03697126358747482,-0.0013997554779052734,0.0014879591763019562,0.03894604742527008
0.03696011006832123,-0.0013996511697769165,0.001469198614358902,0.03897152096033096
0.036963678896427155,-0.001394219696521759,0.0014734379947185516,0.03896018862724304
0.03696440905332565,-0.0013962611556053162,0.0014739297330379486,0.038958534598350525
0.03695232421159744,-0.0014195442199707031,0.0015000738203525543,0.039072632789611816
0.03694842755794525,-0.0014081671833992004,0.0015094317495822906,0.039104804396629333
0.03694773465394974,-0.0014056265354156494,0.0015103258192539215,0.03910771757364273
0.03694380074739456,-0.0014047026634216309,0.0015034638345241547,0.039129264652729034
0.03694314509630203,-0.0013998150825500488,0.0015034191310405731,0.039132289588451385
0.0369429886341095,-0.001399122178554535,0.001503434032201767,0.03913241624832153
0.03694053739309311,-0.0013887211680412292,0.0015270523726940155,0.03915078192949295
0.03693939745426178,-0.0013805553317070007,0.001534733921289444,0.039157018065452576
0.036941662430763245,-0.0013895183801651,0.0015118084847927094,0.03913930803537369
0.03694278746843338,-0.001397460699081421,0.0015041641891002655,0.039133161306381226
0.03694290667772293,-0.001398727297782898,0.0015035085380077362,0.03913244605064392
0.03694093972444534,-0.0013884752988815308,0.0015296973288059235,0.03914772719144821
0.036939866840839386,-0.0013808831572532654,0.0015377812087535858,0.0391538068652153
0.03693774342536926,-0.0013967528939247131,0.001500878483057022,0.03916167467832565
0.03693822771310806,-0.0014030709862709045,0.001490619033575058,0.039159879088401794
0.0369383841753006,-0.0014039427042007446,0.0014898069202899933,0.03915959596633911
0.036940209567546844,-0.0013997480273246765,0.0014961473643779755,0.039150722324848175
0.036940403282642365,-0.0013997405767440796,0.0014977343380451202,0.039148926734924316
0.0369364395737648,-0.0014215782284736633,0.0014887712895870209,0.039181195199489594
0.036935627460479736,-0.0014229118824005127,0.0014863945543766022,0.0391911119222641
0.03694779425859451,-0.0013980641961097717,0.0014585666358470917,0.03907012194395065
0.03695182502269745,-0.0014103204011917114,0.0014483742415904999,0.03903600573539734
0.036952465772628784,-0.0014130249619483948,0.0014473982155323029,0.039032891392707825
0.03694997727870941,-0.0014214292168617249,0.0014386959373950958,0.039034225046634674
0.036949679255485535,-0.0014253035187721252,0.0014351867139339447,0.03903528302907944
0.036949723958969116,-0.0014257803559303284,0.0014349110424518585,0.0390353798866272
0.03694744408130646,-0.0013979151844978333,0.0014334581792354584,0.038968153297901154
0.03694768249988556,-0.0014033392071723938,0.0014298073947429657,0.03894712030887604
0.03695040941238403,-0.0014062002301216125,0.0014375559985637665,0.03892311453819275
0.03695093095302582,-0.0014183446764945984,0.0014349408447742462,0.03892058879137039
0.03695128858089447,-0.0014197975397109985,0.001437205821275711,0.03892459720373154
0.03695126622915268,-0.001419462263584137,0.0014378167688846588,0.03892570734024048
0.03695126622915268,-0.0014194101095199585,0.001437898725271225,0.038925834000110626
0.036948658525943756,-0.0014210566878318787,0.0014378540217876434,0.03891590237617493
0.0369485542178154,-0.0014266222715377808,0.0014350973069667816,0.03891608119010925
0.03694857656955719,-0.0014274045825004578,0.0014349110424518585,0.03891621530056
0.03695099800825119,-0.001458875834941864,0.001436036080121994,0.03898969292640686
0.036950670182704926,-0.0014531686902046204,0.001439940184354782,0.03901262581348419
0.03695058077573776,-0.0014523565769195557,0.001440543681383133,0.039014749228954315
0.03695058077573776,-0.001452319324016571,0.0014404989778995514,0.039014868438243866
0.036939240992069244,-0.0014727041125297546,0.001459617167711258,0.03910539299249649
0.03693584352731705,-0.0014648139476776123,0.0014662034809589386,0.03913046419620514
0.03692959249019623,-0.0014497563242912292,0.0014939941465854645,0.03914901614189148
0.03692620247602463,-0.0014427602291107178,0.00150216743350029,0.03915804624557495
0.036925747990608215,-0.0014437362551689148,0.0015018992125988007,0.0391603484749794
0.03693810850381851,-0.001429632306098938,0.0015194602310657501,0.03915420174598694
0.03694026172161102,-0.0014203041791915894,0.0015263445675373077,0.03915417194366455
0.036971114575862885,-0.0014106035232543945,0.0015418119728565216,0.03915821760892868
0.03697695583105087,-0.00139569491147995,0.0015505142509937286,0.03916226327419281
0.03697745501995087,-0.001394711434841156,0.0015513710677623749,0.03916275501251221
0.0370011031627655,-0.0013916566967964172,0.0015496574342250824,0.039127789437770844
0.03700632601976395,-0.001384533941745758,0.0015508048236370087,0.03912195563316345
0.03700752556324005,-0.0013839676976203918,0.0015516765415668488,0.039117127656936646
0.03700714558362961,-0.0013849437236785889,0.001551065593957901,0.03912042826414108
0.037007056176662445,-0.0013848990201950073,0.001550879329442978,0.03912147879600525
0.03700701892375946,-0.0013848990201950073,0.0015509389340877533,0.03912155330181122
0.0369834378361702,-0.0013879984617233276,0.0015523247420787811,0.03915639966726303
0.03697824478149414,-0.0013952255249023438,0.0015511475503444672,0.039162129163742065
0.03697485476732254,-0.0013930723071098328,0.0015454776585102081,0.03917001187801361
0.03697440028190613,-0.001392856240272522,0.001544404774904251,0.039170846343040466
0.03697440028190613,-0.0013926923274993896,0.001544419676065445,0.03917088359594345
0.03697440028190613,-0.001392655074596405,0.001544419676065445,0.039170898497104645
0.036943577229976654,-0.0014012902975082397,0.0015292875468730927,0.03916633874177933
0.03693778067827225,-0.0014161095023155212,0.001520741730928421,0.039162129163742065
0.036937251687049866,-0.0014170855283737183,0.0015199072659015656,0.03916161507368088
0.036937206983566284,-0.0014171302318572998,0.0015198774635791779,0.03916163742542267
0.03692493587732315,-0.0014346987009048462,0.001501288264989853,0.03917275369167328
0.03692277520895004,-0.0014439970254898071,0.0014941506087779999,0.03917425125837326
0.03692261874675751,-0.0014447718858718872,0.0014936365187168121,0.03917428106069565
0.036922603845596313,-0.0014448687434196472,0.0014936141669750214,0.03917431831359863
0.03693500906229019,-0.0014583989977836609,0.001473117619752884,0.0391298308968544
0.03693810850381851,-0.0014732778072357178,0.0014639981091022491,0.03911880403757095
0.03694916516542435,-0.0014559775590896606,0.001444052904844284,0.03902812302112579
0.03695240616798401,-0.0014643296599388123,0.0014373324811458588,0.03900342434644699
0.036952897906303406,-0.001466318964958191,0.001436728984117508,0.039001159369945526
0.03695523738861084,-0.00145026296377182,0.0014361850917339325,0.03890568017959595
0.03695652633905411,-0.0014659538865089417,0.001430463045835495,0.03888225555419922
0.036937423050403595,-0.0014082789421081543,0.0014922656118869781,0.038815923035144806
0.036933302879333496,-0.00141066312789917,0.0015019439160823822,0.03880051523447037
0.0369328036904335,-0.0014100000262260437,0.0015023089945316315,0.03879937529563904
0.03691110759973526,-0.0013275668025016785,0.0015487708151340485,0.03866353631019592
0.0369088351726532,-0.0013207420706748962,0.0015495233237743378,0.038636043667793274
0.03690868616104126,-0.0013196542859077454,0.0015491284430027008,0.03863398730754852
0.036908671259880066,-0.0013193190097808838,0.0015491582453250885,0.03863392770290375
0.03690819442272186,-0.0013034343719482422,0.0015472732484340668,0.0386388823390007
0.03690837323665619,-0.0012952238321304321,0.0015471242368221283,0.038638874888420105
0.03690838813781738,-0.001294068992137909,0.0015471242368221283,0.03863891214132309
0.03690840303897858,-0.001293860375881195,0.0015471093356609344,0.03863891214132309
0.03690840303897858,-0.0012938156723976135,0.0015470795333385468,0.03863891214132309
0.03692132234573364,-0.0013668835163116455,0.0014664344489574432,0.03876868635416031
0.03692367672920227,-0.0013669505715370178,0.001455988734960556,0.038792937994003296
0.036937467753887177,-0.0014474913477897644,0.001375403255224228,0.038889892399311066
0.03692544996738434,-0.0015191435813903809,0.0013610534369945526,0.03910385072231293
0.03692091256380081,-0.001507483422756195,0.0013681501150131226,0.03915680944919586
0.03692714124917984,-0.0014787837862968445,0.0014290399849414825,0.03922390937805176
0.03692658990621567,-0.001454465091228485,0.0014500431716442108,0.03924122452735901
0.03697923570871353,-0.001415245234966278,0.0014865435659885406,0.03919408470392227
0.03697671741247177,-0.0013859421014785767,0.001525823026895523,0.03921406716108322
0.03697437047958374,-0.0013894140720367432,0.0015314407646656036,0.0392216295003891
0.03698434680700302,-0.0013780966401100159,0.001574639230966568,0.039184726774692535
0.03698548674583435,-0.0013854950666427612,0.001582454890012741,0.03918129950761795
0.03697528690099716,-0.0013979002833366394,0.0015399344265460968,0.03921883553266525
0.03697412461042404,-0.001390501856803894,0.001532275229692459,0.03922237455844879
0.03697407990694046,-0.001389428973197937,0.0015318207442760468,0.03922239691019058
0.036974065005779266,-0.0013892874121665955,0.0015317611396312714,0.03922237455844879
0.036974065005779266,-0.0013892874121665955,0.0015317611396312714,0.03922237455844879
0.036974065005779266,-0.0013892874121665955,0.0015317611396312714,0.03922237455844879
0.036974065005779266,-0.0013892874121665955,0.0015317611396312714,0.03922237455844879
0.036974065005779266,-0.0013892874121665955,0.0015317611396312714,0.03922237455844879
0.036974065005779266,-0.0013892874121665955,0.0015317611396312714,0.03922237455844879
0.036974065005779266,-0.0013892874121665955,0.0015317611396312714,0.03922237455844879
0.036974065005779266,-0.0013892874121665955,0.0015317611396312714,0.03922237455844879
0.036974065005779266,-0.0013892874121665955,0.0015317611396312714,0.03922237455844879
0.036974065005779266,-0.0013892874121665955,0.0015317611396312714,0.03922237455844879
0.036974065005779266,-0.0013892874121665955,0.0015317611396312714,0.03922237455844879
0.036974065005779266,-0.0013892874121665955,0.0015317611396312714,0.03922237455844879
0.036974065005779266,-0.0013892874121665955,0.0015317611396312714,0.03922237455844879
0.036974065005779266,-0.0013892874121665955,0.0015317611396312714,0.03922237455844879
0.036974065005779266,-0.0013892874121665955,0.0015317611396312714,0.03922237455844879
0.036974065005779266,-0.0013892874121665955,0.0015317611396312714,0.03922237455844879
0.036974065005779266,-0.0013892874121665955,0.0015317611396312714,0.03922237455844879
0.036974065005779266,-0.0013892874121665955,0.0015317611396312714,0.03922237455844879
0.036974065005779266,-0.0013892874121665955,0.0015317611396312714,0.03922237455844879
0.036974065005779266,-0.0013892874121665955,0.0015317611396312714,0.03922237455844879
0.036974065005779266,-0.0013892874121665955,0.0015317611396312714,0.03922237455844879
0.036974065005779266,-0.0013892874121665955,0.0015317611396312714,0.03922237455844879
0.036974065005779266,-0.0013892874121665955,0.0015317611396312714,0.03922237455844879
0.036974065005779266,-0.0013892874121665955,0.0015317611396312714,0.03922237455844879
0.036974065005779266,-0.0013892874121665955,0.0015317611396312714,0.03922237455844879
0.036974065005779266,-0.0013892874121665955,0.0015317611396312714,0.03922237455844879
0.036974065005779266,-0.0013892874121665955,0.0015317611396312714,0.03922237455844879
0.036974065005779266,-0.0013892874121665955,0.0015317611396312714,0.03922237455844879
0.036974065005779266,-0.0013892874121665955,0.0015317611396312714,0.03922237455844879
0.03696618229150772,-0.0013860762119293213,0.0015299580991268158,0.03922642767429352
0.036964528262615204,-0.0013872012495994568,0.0015291161835193634,0.03922594338655472
0.036964356899261475,-0.001387089490890503,0.0015290193259716034,0.039225853979587555
0.03696434199810028,-0.001386992633342743,0.0015290193259716034,0.039225853979587555
0.03696434199810028,-0.001386992633342743,0.0015290193259716034,0.039225853979587555
0.03696434199810028,-0.001386977732181549,0.0015290193259716034,0.039225853979587555
0.03696434199810028,-0.001386977732181549,0.0015290193259716034,0.039225853979587555
0.036958418786525726,-0.0014050677418708801,0.0015029273927211761,0.03924534469842911
0.03695749491453171,-0.0014100447297096252,0.0014960132539272308,0.03924722224473953
0.0369575098156929,-0.0014105141162872314,0.0014954619109630585,0.03924728184938431
0.0369575098156929,-0.0014105960726737976,0.0014954619109630585,0.03924725949764252
0.0369575098156929,-0.0014106109738349915,0.0014954619109630585,0.03924725949764252
0.03696787357330322,-0.001413106918334961,0.0014910884201526642,0.03923766314983368
0.03697019815444946,-0.0014092996716499329,0.0014911703765392303,0.03923628479242325
0.03697042912244797,-0.0014092549681663513,0.0014912597835063934,0.03923618793487549
0.03697044402360916,-0.0014093592762947083,0.0014912746846675873,0.03923612833023071
0.03697044402360916,-0.001409374177455902,0.0014912746846675873,0.03923610597848892
0.03697044402360916,-0.001409389078617096,0.0014912746846675873,0.03923610597848892
0.03697044402360916,-0.001409389078617096,0.0014912746846675873,0.03923610597848892
0.036986738443374634,-0.0013926774263381958,0.0015002675354480743,0.039196617901325226
0.03699027746915817,-0.0013850033283233643,0.0015036650002002716,0.03918886184692383
0.03699066489934921,-0.0013847053050994873,0.001504015177488327,0.03918825834989548
0.036990709602832794,-0.0013847053050994873,0.0015040598809719086,0.03918817639350891
0.036990709602832794,-0.0013847202062606812,0.0015040598809719086,0.03918816149234772
0.036990709602832794,-0.0013847202062606812,0.0015040598809719086,0.03918816149234772
0.036990709602832794,-0.0013847202062606812,0.0015040598809719086,0.03918816149234772
0.036990709602832794,-0.0013847202062606812,0.0015040598809719086,0.03918816149234772
0.036990709602832794,-0.0013847202062606812,0.0015040598809719086,0.03918816149234772
0.036968328058719635,-0.0014086365699768066,0.0014843456447124481,0.03923642635345459
0.03696373105049133,-0.0014219284057617188,0.0014770589768886566,0.03924470394849777
0.03696323186159134,-0.0014226436614990234,0.001476433128118515,0.0392453670501709
0.03696318715810776,-0.001422688364982605,0.0014764182269573212,0.03924543410539627
0.03696318715810776,-0.001422688364982605,0.0014764182269573212,0.03924543410539627
0.03696318715810776,-0.001422688364982605,0.0014764182269573212,0.03924543410539627
0.03696318715810776,-0.001422688364982605,0.0014764182269573212,0.03924543410539627
0.03693254292011261,-0.0014346316456794739,0.001461263746023178,0.03924603760242462
0.03692672401666641,-0.0014493688941001892,0.0014527402818202972,0.03924337029457092
0.036926232278347015,-0.001450277864933014,0.001451876014471054,0.03924303501844406
0.036926232278347015,-0.0014502927660942078,0.001451876014471054,0.03924307972192764
0.036926232278347015,-0.0014502927660942078,0.001451876014471054,0.03924307972192764
0.03691388666629791,-0.001467585563659668,0.0014322511851787567,0.03924597054719925
0.03691178560256958,-0.001478038728237152,0.0014245249330997467,0.03924590349197388
0.03691168129444122,-0.0014790445566177368,0.0014239512383937836,0.03924579918384552
0.03691696375608444,-0.0014882832765579224,0.0013836510479450226,0.03918027877807617
0.03691944479942322,-0.0015018507838249207,0.001370362937450409,0.039163313806056976
0.03691994398832321,-0.001504264771938324,0.001369386911392212,0.03916175663471222
0.03692004829645157,-0.0015047118067741394,0.0013691969215869904,0.03916161507368088
0.03693080693483353,-0.0014842897653579712,0.0013490915298461914,0.03907015174627304
0.03693824261426926,-0.0014405250549316406,0.0013647191226482391,0.03894250839948654
0.036940351128578186,-0.001447245478630066,0.001363597810268402,0.03891393542289734
0.03694072365760803,-0.0014483705163002014,0.0013631321489810944,0.038911595940589905
0.03694075345993042,-0.0014484673738479614,0.0013630762696266174,0.038911446928977966
0.03692726045846939,-0.0013684555888175964,0.0014432556927204132,0.03881610929965973
0.036924347281455994,-0.0013689398765563965,0.001455213874578476,0.03879605978727341
0.03691105544567108,-0.0012952089309692383,0.0015364103019237518,0.03866487741470337
0.03690866380929947,-0.0012946799397468567,0.0015468113124370575,0.03864062577486038
0.03692138195037842,-0.0013671889901161194,0.0014664418995380402,0.0387687087059021
0.036923691630363464,-0.0013670623302459717,0.0014560036361217499,0.03879290074110031
0.03692391514778137,-0.0013673976063728333,0.0014556683599948883,0.038794681429862976
0.0369110181927681,-0.001294650137424469,0.001536402851343155,0.03866485506296158
0.03690866380929947,-0.0012945383787155151,0.0015467964112758636,0.03864062577486038
0.03693085163831711,-0.0014986619353294373,0.0013638436794281006,0.03896627575159073
0.036918334662914276,-0.0015046000480651855,0.0014021806418895721,0.03919399529695511
0.036912769079208374,-0.001483716070652008,0.0014221258461475372,0.03924141824245453
0.03691181540489197,-0.0014799535274505615,0.0014238618314266205,0.03924553841352463
0.03691169619560242,-0.0014793723821640015,0.0014239512383937836,0.03924582153558731
0.03695020079612732,-0.0014403313398361206,0.0014736540615558624,0.039243124425411224
0.036970674991607666,-0.0013984590768814087,0.0015215910971164703,0.03922310471534729
0.036973707377910614,-0.0013898685574531555,0.0015309862792491913,0.039222352206707
0.03697403520345688,-0.0013893172144889832,0.0015317164361476898,0.03922237455844879
0.03697405010461807,-0.0013892874121665955,0.0015317611396312714,0.03922237455844879
0.03697405010461807,-0.0013892874121665955,0.0015317611396312714,0.03922237455844879
0.03697405010461807,-0.0013892874121665955,0.0015317611396312714,0.03922237455844879
0.03697405010461807,-0.0013892874121665955,0.0015317611396312714,0.03922237455844879
0.03697405010461807,-0.0013892874121665955,0.0015317611396312714,0.03922237455844879
0.03697405010461807,-0.0013892874121665955,0.0015317611396312714,0.03922237455844879
0.03697405010461807,-0.0013892874121665955,0.0015317611396312714,0.03922237455844879
0.03697405010461807,-0.0013892874121665955,0.0015317611396312714,0.03922237455844879
0.03697405010461807,-0.0013892874121665955,0.0015317611396312714,0.03922237455844879
0.03697405010461807,-0.0013892874121665955,0.0015317611396312714,0.03922237455844879
0.03697405010461807,-0.0013892874121665955,0.0015317611396312714,0.03922237455844879
0.03697405010461807,-0.0013892874121665955,0.0015317611396312714,0.03922237455844879
0.03697405010461807,-0.0013892874121665955,0.0015317611396312714,0.03922237455844879
0.03697405010461807,-0.0013892874121665955,0.0015317611396312714,0.03922237455844879
0.03697405010461807,-0.0013892874121665955,0.0015317611396312714,0.03922237455844879
0.03697405010461807,-0.0013892874121665955,0.0015317611396312714,0.03922237455844879
0.03697405010461807,-0.0013892874121665955,0.0015317611396312714,0.03922237455844879
0.03697405010461807,-0.0013892874121665955,0.0015317611396312714,0.03922237455844879
0.03697405010461807,-0.0013892874121665955,0.0015317611396312714,0.03922237455844879
0.03697405010461807,-0.0013892874121665955,0.0015317611396312714,0.03922237455844879
0.03697405010461807,-0.0013892874121665955,0.0015317611396312714,0.03922237455844879
0.03697405010461807,-0.0013892874121665955,0.0015317611396312714,0.03922237455844879
0.03697405010461807,-0.0013892874121665955,0.0015317611396312714,0.03922237455844879
0.03697405010461807,-0.0013892874121665955,0.0015317611396312714,0.03922237455844879
0.03697405010461807,-0.0013892874121665955,0.0015317611396312714,0.03922237455844879
0.03697405010461807,-0.0013892874121665955,0.0015317611396312714,0.03922237455844879
0.03697405010461807,-0.0013892874121665955,0.0015317611396312714,0.03922237455844879
0.03697405010461807,-0.0013892874121665955,0.0015317611396312714,0.03922237455844879
0.03697405010461807,-0.0013892874121665955,0.0015317611396312714,0.03922237455844879
0.03697405010461807,-0.0013892874121665955,0.0015317611396312714,0.03922237455844879
0.03697405010461807,-0.0013892874121665955,0.0015317611396312714,0.03922237455844879
0.03697405010461807,-0.0013892874121665955,0.0015317611396312714,0.03922237455844879
0.03697405010461807,-0.0013892874121665955,0.0015317611396312714,0.03922237455844879
0.03697405010461807,-0.0013892874121665955,0.0015317611396312714,0.03922237455844879
0.03697405010461807,-0.0013892874121665955,0.0015317611396312714,0.03922237455844879
0.03697405010461807,-0.0013892874121665955,0.0015317611396312714,0.03922237455844879
0.03697405010461807,-0.0013892874121665955,0.0015317611396312714,0.03922237455844879
0.03697405010461807,-0.0013892874121665955,0.0015317611396312714,0.03922237455844879
0.03697405010461807,-0.0013892874121665955,0.0015317611396312714,0.03922237455844879
0.03697405010461807,-0.0013892874121665955,0.0015317611396312714,0.03922237455844879
0.03697405010461807,-0.0013892874121665955,0.0015317611396312714,0.03922237455844879
0.03697405010461807,-0.0013892874121665955,0.0015317611396312714,0.03922237455844879
0.03697405010461807,-0.0013892874121665955,0.0015317611396312714,0.03922237455844879
0.03697405010461807,-0.0013892874121665955,0.0015317611396312714,0.03922237455844879
0.03697405010461807,-0.0013892874121665955,0.0015317611396312714,0.03922237455844879
0.03697405010461807,-0.0013892874121665955,0.0015317611396312714,0.03922237455844879
0.03697405010461807,-0.0013892874121665955,0.0015317611396312714,0.03922237455844879
0.03697405010461807,-0.0013892874121665955,0.0015317611396312714,0.03922237455844879
0.03697405010461807,-0.0013892874121665955,0.0015317611396312714,0.03922237455844879
0.03697405010461807,-0.0013892874121665955,0.0015317611396312714,0.03922237455844879
0.03697405010461807,-0.0013892874121665955,0.0015317611396312714,0.03922237455844879
0.03697405010461807,-0.0013892874121665955,0.0015317611396312714,0.03922237455844879
0.03697405010461807,-0.0013892874121665955,0.0015317611396312714,0.03922237455844879
0.03697405010461807,-0.0013892874121665955,0.0015317611396312714,0.03922237455844879
0.03697405010461807,-0.0013892874121665955,0.0015317611396312714,0.03922237455844879
0.03697405010461807,-0.0013892874121665955,0.0015317611396312714,0.03922237455844879
0.03697405010461807,-0.0013892874121665955,0.0015317611396312714,0.03922237455844879
0.03697405010461807,-0.0013892874121665955,0.0015317611396312714,0.03922237455844879
0.03697405010461807,-0.0013892874121665955,0.0015317611396312714,0.03922237455844879
0.03697405010461807,-0.0013892874121665955,0.0015317611396312714,0.03922237455844879
0.03697405010461807,-0.0013892874121665955,0.0015317611396312714,0.03922237455844879
0.03697405010461807,-0.0013892874121665955,0.0015317611396312714,0.03922237455844879
0.03697405010461807,-0.0013892874121665955,0.0015317611396312714,0.03922237455844879
0.03697405010461807,-0.0013892874121665955,0.0015317611396312714,0.03922237455844879
0.03697405010461807,-0.0013892874121665955,0.0015317611396312714,0.03922237455844879
0.03697405010461807,-0.0013892874121665955,0.0015317611396312714,0.03922237455844879
0.03697405010461807,-0.0013892874121665955,0.0015317611396312714,0.03922237455844879
0.03697405010461807,-0.0013892874121665955,0.0015317611396312714,0.03922237455844879
0.03697405010461807,-0.0013892874121665955,0.0015317611396312714,0.03922237455844879
0.03697405010461807,-0.0013892874121665955,0.0015317611396312714,0.03922237455844879
0.03697405010461807,-0.0013892874121665955,0.0015317611396312714,0.03922237455844879
0.03697405010461807,-0.0013892874121665955,0.0015317611396312714,0.03922237455844879
0.03697405010461807,-0.0013892874121665955,0.0015317611396312714,0.03922237455844879
0.03697405010461807,-0.0013892874121665955,0.0015317611396312714,0.03922237455844879
0.03697405010461807,-0.0013892874121665955,0.0015317611396312714,0.03922237455844879
0.03697405010461807,-0.0013892874121665955,0.0015317611396312714,0.03922237455844879
0.03697405010461807,-0.0013892874121665955,0.0015317611396312714,0.03922237455844879
0.03697405010461807,-0.0013892874121665955,0.0015317611396312714,0.03922237455844879
0.03697405010461807,-0.0013892874121665955,0.0015317611396312714,0.03922237455844879
0.03697405010461807,-0.0013892874121665955,0.0015317611396312714,0.03922237455844879
0.03697405010461807,-0.0013892874121665955,0.0015317611396312714,0.03922237455844879
0.03697405010461807,-0.0013892874121665955,0.0015317611396312714,0.03922237455844879
0.03697405010461807,-0.0013892874121665955,0.0015317611396312714,0.03922237455844879
0.03697405010461807,-0.0013892874121665955,0.0015317611396312714,0.03922237455844879
0.03697405010461807,-0.0013892874121665955,0.0015317611396312714,0.03922237455844879
0.03697405010461807,-0.0013892874121665955,0.0015317611396312714,0.03922237455844879
0.03697405010461807,-0.0013892874121665955,0.0015317611396312714,0.03922237455844879
0.03697405010461807,-0.0013892874121665955,0.0015317611396312714,0.03922237455844879
0.03697405010461807,-0.0013892874121665955,0.0015317611396312714,0.03922237455844879
0.03697405010461807,-0.0013892874121665955,0.0015317611396312714,0.03922237455844879
0.03697405010461807,-0.0013892874121665955,0.0015317611396312714,0.03922237455844879
0.03697405010461807,-0.0013892874121665955,0.0015317611396312714,0.03922237455844879
0.03697405010461807,-0.0013892874121665955,0.0015317611396312714,0.03922237455844879
0.03697405010461807,-0.0013892874121665955,0.0015317611396312714,0.03922237455844879
0.03697405010461807,-0.0013892874121665955,0.0015317611396312714,0.03922237455844879
0.03697405010461807,-0.0013892874121665955,0.0015317611396312714,0.03922237455844879
0.03697405010461807,-0.0013892874121665955,0.0015317611396312714,0.03922237455844879
0.03697405010461807,-0.0013892874121665955,0.0015317611396312714,0.03922237455844879
0.03697405010461807,-0.0013892874121665955,0.0015317611396312714,0.03922237455844879
0.03697405010461807,-0.0013892874121665955,0.0015317611396312714,0.03922237455844879
0.03697405010461807,-0.0013892874121665955,0.0015317611396312714,0.03922237455844879
0.03697405010461807,-0.0013892874121665955,0.0015317611396312714,0.03922237455844879
0.03697405010461807,-0.0013892874121665955,0.0015317611396312714,0.03922237455844879
0.03697405010461807,-0.0013892874121665955,0.0015317611396312714,0.03922237455844879
0.03697405010461807,-0.0013892874121665955,0.0015317611396312714,0.03922237455844879
0.03697405010461807,-0.0013892874121665955,0.0015317611396312714,0.03922237455844879
0.03697405010461807,-0.0013892874121665955,0.0015317611396312714,0.03922237455844879
0.03697405010461807,-0.0013892874121665955,0.0015317611396312714,0.03922237455844879
0.03697405010461807,-0.0013892874121665955,0.0015317611396312714,0.03922237455844879
0.03697405010461807,-0.0013892874121665955,0.0015317611396312714,0.03922237455844879
0.03697405010461807,-0.0013892874121665955,0.0015317611396312714,0.03922237455844879
0.03697405010461807,-0.0013892874121665955,0.0015317611396312714,0.03922237455844879
0.03697405010461807,-0.0013892874121665955,0.0015317611396312714,0.03922237455844879
0.03697405010461807,-0.0013892874121665955,0.0015317611396312714,0.03922237455844879
0.03697405010461807,-0.0013892874121665955,0.0015317611396312714,0.03922237455844879
0.03697405010461807,-0.0013892874121665955,0.0015317611396312714,0.03922237455844879
0.03697405010461807,-0.0013892874121665955,0.0015317611396312714,0.03922237455844879
0.03697405010461807,-0.0013892874121665955,0.0015317611396312714,0.03922237455844879
0.03697405010461807,-0.0013892874121665955,0.0015317611396312714,0.03922237455844879
0.03697405010461807,-0.0013892874121665955,0.0015317611396312714,0.03922237455844879
0.03697405010461807,-0.0013892874121665955,0.0015317611396312714,0.03922237455844879
0.03697405010461807,-0.0013892874121665955,0.0015317611396312714,0.03922237455844879
0.03697405010461807,-0.0013892874121665955,0.0015317611396312714,0.03922237455844879
0.03697405010461807,-0.0013892874121665955,0.0015317611396312714,0.03922237455844879
0.03696618229150772,-0.0013860762119293213,0.0015299580991268158,0.03922642767429352
0.036964528262615204,-0.0013872012495994568,0.0015291161835193634,0.03922594338655472
0.036964356899261475,-0.001387089490890503,0.0015290193259716034,0.039225853979587555
0.03696434199810028,-0.001386992633342743,0.0015290193259716034,0.039225853979587555
0.03696434199810028,-0.001386992633342743,0.0015290193259716034,0.039225853979587555
0.03696434199810028,-0.001386977732181549,0.0015290193259716034,0.039225853979587555
0.03696434199810028,-0.001386977732181549,0.0015290193259716034,0.039225853979587555
0.03696434199810028,-0.001386977732181549,0.0015290193259716034,0.039225853979587555
0.03696434199810028,-0.001386977732181549,0.0015290193259716034,0.039225853979587555
0.03696434199810028,-0.001386977732181549,0.0015290193259716034,0.039225853979587555
0.03696434199810028,-0.001386977732181549,0.0015290193259716034,0.039225853979587555
0.03696434199810028,-0.001386977732181549,0.0015290193259716034,0.039225853979587555
0.03696434199810028,-0.001386977732181549,0.0015290193259716034,0.039225853979587555
0.03696434199810028,-0.001386977732181549,0.0015290193259716034,0.039225853979587555
0.03696434199810028,-0.001386977732181549,0.0015290193259716034,0.039225853979587555
0.03696434199810028,-0.001386977732181549,0.0015290193259716034,0.039225853979587555
0.03696434199810028,-0.001386977732181549,0.0015290193259716034,0.039225853979587555
0.03696434199810028,-0.001386977732181549,0.0015290193259716034,0.039225853979587555
0.03696434199810028,-0.001386977732181549,0.0015290193259716034,0.039225853979587555
0.03696434199810028,-0.001386977732181549,0.0015290193259716034,0.039225853979587555
0.036958418786525726,-0.0014050677418708801,0.0015029273927211761,0.03924534469842911
0.03695749491453171,-0.0014100447297096252,0.0014960132539272308,0.03924722224473953
0.0369575098156929,-0.0014105141162872314,0.0014954619109630585,0.03924728184938431
0.0369575098156929,-0.0014105960726737976,0.0014954619109630585,0.03924725949764252
0.0369575098156929,-0.0014106109738349915,0.0014954619109630585,0.03924725949764252
0.0369575098156929,-0.0014106109738349915,0.0014954619109630585,0.03924725949764252
0.0369575098156929,-0.0014106109738349915,0.0014954619109630585,0.03924725949764252
0.0369575098156929,-0.0014106109738349915,0.0014954619109630585,0.03924725949764252
0.0369575098156929,-0.0014106109738349915,0.0014954619109630585,0.03924725949764252
0.0369575098156929,-0.0014106109738349915,0.0014954619109630585,0.03924725949764252
0.0369575098156929,-0.0014106109738349915,0.0014954619109630585,0.03924725949764252
0.0369575098156929,-0.0014106109738349915,0.0014954619109630585,0.03924725949764252
0.0369575098156929,-0.0014106109738349915,0.0014954619109630585,0.03924725949764252
0.0369575098156929,-0.0014106109738349915,0.0014954619109630585,0.03924725949764252
0.0369575098156929,-0.0014106109738349915,0.0014954619109630585,0.03924725949764252
0.0369575098156929,-0.0014106109738349915,0.0014954619109630585,0.03924725949764252
0.0369575098156929,-0.0014106109738349915,0.0014954619109630585,0.03924725949764252
0.0369575098156929,-0.0014106109738349915,0.0014954619109630585,0.03924725949764252
0.0369575098156929,-0.0014106109738349915,0.0014954619109630585,0.03924725949764252
0.0369575098156929,-0.0014106109738349915,0.0014954619109630585,0.03924725949764252
0.0369575098156929,-0.0014106109738349915,0.0014954619109630585,0.03924725949764252
0.0369575098156929,-0.0014106109738349915,0.0014954619109630585,0.03924725949764252
0.0369575098156929,-0.0014106109738349915,0.0014954619109630585,0.03924725949764252
0.0369575098156929,-0.0014106109738349915,0.0014954619109630585,0.03924725949764252
0.03696787357330322,-0.001413106918334961,0.0014910884201526642,0.03923766314983368
0.03697019815444946,-0.0014092996716499329,0.0014911703765392303,0.03923628479242325
0.03697042912244797,-0.0014092549681663513,0.0014912597835063934,0.03923618793487549
0.03697044402360916,-0.0014093592762947083,0.0014912746846675873,0.03923612833023071
0.03697044402360916,-0.001409374177455902,0.0014912746846675873,0.03923610597848892
0.03697044402360916,-0.001409389078617096,0.0014912746846675873,0.03923610597848892
0.03697044402360916,-0.001409389078617096,0.0014912746846675873,0.03923610597848892
0.03697044402360916,-0.001409389078617096,0.0014912746846675873,0.03923610597848892
0.03697044402360916,-0.001409389078617096,0.0014912746846675873,0.03923610597848892
0.03697044402360916,-0.001409389078617096,0.0014912746846675873,0.03923610597848892
0.03697044402360916,-0.001409389078617096,0.0014912746846675873,0.03923610597848892
0.03697044402360916,-0.001409389078617096,0.0014912746846675873,0.03923610597848892
0.03697044402360916,-0.001409389078617096,0.0014912746846675873,0.03923610597848892
0.03697044402360916,-0.001409389078617096,0.0014912746846675873,0.03923610597848892
0.03697044402360916,-0.001409389078617096,0.0014912746846675873,0.03923610597848892
0.03697044402360916,-0.001409389078617096,0.0014912746846675873,0.03923610597848892
0.03697044402360916,-0.001409389078617096,0.0014912746846675873,0.03923610597848892
0.03697044402360916,-0.001409389078617096,0.0014912746846675873,0.03923610597848892
0.03697044402360916,-0.001409389078617096,0.0014912746846675873,0.03923610597848892
0.03697044402360916,-0.001409389078617096,0.0014912746846675873,0.03923610597848892
0.03697044402360916,-0.001409389078617096,0.0014912746846675873,0.03923610597848892
0.03697044402360916,-0.001409389078617096,0.0014912746846675873,0.03923610597848892
0.03697044402360916,-0.001409389078617096,0.0014912746846675873,0.03923610597848892
0.03697044402360916,-0.001409389078617096,0.0014912746846675873,0.03923610597848892
0.03697044402360916,-0.001409389078617096,0.0014912746846675873,0.03923610597848892
0.03697044402360916,-0.001409389078617096,0.0014912746846675873,0.03923610597848892
0.03697044402360916,-0.001409389078617096,0.0014912746846675873,0.03923610597848892
0.03697044402360916,-0.001409389078617096,0.0014912746846675873,0.03923610597848892
0.03697044402360916,-0.001409389078617096,0.0014912746846675873,0.03923610597848892
0.03697044402360916,-0.001409389078617096,0.0014912746846675873,0.03923610597848892
0.036986738443374634,-0.0013926774263381958,0.0015002675354480743,0.039196617901325226
0.03699027746915817,-0.0013850033283233643,0.0015036650002002716,0.03918886184692383
0.03699066489934921,-0.0013847053050994873,0.001504015177488327,0.03918825834989548
0.036990709602832794,-0.0013847053050994873,0.0015040598809719086,0.03918817639350891
0.036990709602832794,-0.0013847202062606812,0.0015040598809719086,0.03918816149234772
0.036990709602832794,-0.0013847202062606812,0.0015040598809719086,0.03918816149234772
0.036990709602832794,-0.0013847202062606812,0.0015040598809719086,0.03918816149234772
0.036990709602832794,-0.0013847202062606812,0.0015040598809719086,0.03918816149234772
0.036990709602832794,-0.0013847202062606812,0.0015040598809719086,0.03918816149234772
0.036990709602832794,-0.0013847202062606812,0.0015040598809719086,0.03918816149234772
0.036990709602832794,-0.0013847202062606812,0.0015040598809719086,0.03918816149234772
0.036990709602832794,-0.0013847202062606812,0.0015040598809719086,0.03918816149234772
0.036990709602832794,-0.0013847202062606812,0.0015040598809719086,0.03918816149234772
0.036990709602832794,-0.0013847202062606812,0.0015040598809719086,0.03918816149234772
0.036990709602832794,-0.0013847202062606812,0.0015040598809719086,0.03918816149234772
0.036990709602832794,-0.0013847202062606812,0.0015040598809719086,0.03918816149234772
0.036990709602832794,-0.0013847202062606812,0.0015040598809719086,0.03918816149234772
0.036990709602832794,-0.0013847202062606812,0.0015040598809719086,0.03918816149234772
0.036990709602832794,-0.0013847202062606812,0.0015040598809719086,0.03918816149234772
0.036990709602832794,-0.0013847202062606812,0.0015040598809719086,0.03918816149234772
0.036990709602832794,-0.0013847202062606812,0.0015040598809719086,0.03918816149234772
0.036990709602832794,-0.0013847202062606812,0.0015040598809719086,0.03918816149234772
0.036990709602832794,-0.0013847202062606812,0.0015040598809719086,0.03918816149234772
0.036990709602832794,-0.0013847202062606812,0.0015040598809719086,0.03918816149234772
0.036990709602832794,-0.0013847202062606812,0.0015040598809719086,0.03918816149234772
0.036990709602832794,-0.0013847202062606812,0.0015040598809719086,0.03918816149234772
0.036990709602832794,-0.0013847202062606812,0.0015040598809719086,0.03918816149234772
0.036990709602832794,-0.0013847202062606812,0.0015040598809719086,0.03918816149234772
0.036990709602832794,-0.0013847202062606812,0.0015040598809719086,0.03918816149234772
0.036990709602832794,-0.0013847202062606812,0.0015040598809719086,0.03918816149234772
0.036990709602832794,-0.0013847202062606812,0.0015040598809719086,0.03918816149234772
0.036990709602832794,-0.0013847202062606812,0.0015040598809719086,0.03918816149234772
0.036990709602832794,-0.0013847202062606812,0.0015040598809719086,0.03918816149234772
0.036990709602832794,-0.0013847202062606812,0.0015040598809719086,0.03918816149234772
0.036990709602832794,-0.0013847202062606812,0.0015040598809719086,0.03918816149234772
0.036990709602832794,-0.0013847202062606812,0.0015040598809719086,0.03918816149234772
0.036990709602832794,-0.0013847202062606812,0.0015040598809719086,0.03918816149234772
0.036990709602832794,-0.0013847202062606812,0.0015040598809719086,0.03918816149234772
0.036968328058719635,-0.0014086365699768066,0.0014843456447124481,0.03923642635345459
0.03696373105049133,-0.0014219284057617188,0.0014770589768886566,0.03924470394849777
0.03696323186159134,-0.0014226436614990234,0.001476433128118515,0.0392453670501709
0.03696318715810776,-0.001422688364982605,0.0014764182269573212,0.03924543410539627
0.03696318715810776,-0.001422688364982605,0.0014764182269573212,0.03924543410539627
0.03696318715810776,-0.001422688364982605,0.0014764182269573212,0.03924543410539627
0.03696318715810776,-0.001422688364982605,0.0014764182269573212,0.03924543410539627
0.03696318715810776,-0.001422688364982605,0.0014764182269573212,0.03924543410539627
0.03696318715810776,-0.001422688364982605,0.0014764182269573212,0.03924543410539627
0.03696318715810776,-0.001422688364982605,0.0014764182269573212,0.03924543410539627
0.03696318715810776,-0.001422688364982605,0.0014764182269573212,0.03924543410539627
0.03696318715810776,-0.001422688364982605,0.0014764182269573212,0.03924543410539627
0.03696318715810776,-0.001422688364982605,0.0014764182269573212,0.03924543410539627
0.03696318715810776,-0.001422688364982605,0.0014764182269573212,0.03924543410539627
0.03696318715810776,-0.001422688364982605,0.0014764182269573212,0.03924543410539627
0.03696318715810776,-0.001422688364982605,0.0014764182269573212,0.03924543410539627
0.03696318715810776,-0.001422688364982605,0.0014764182269573212,0.03924543410539627
0.03696318715810776,-0.001422688364982605,0.0014764182269573212,0.03924543410539627
0.03696318715810776,-0.001422688364982605,0.0014764182269573212,0.03924543410539627
0.03696318715810776,-0.001422688364982605,0.0014764182269573212,0.03924543410539627
0.03696318715810776,-0.001422688364982605,0.0014764182269573212,0.03924543410539627
0.03696318715810776,-0.001422688364982605,0.0014764182269573212,0.03924543410539627
0.03696318715810776,-0.001422688364982605,0.0014764182269573212,0.03924543410539627
0.03696318715810776,-0.001422688364982605,0.0014764182269573212,0.03924543410539627
0.03696318715810776,-0.001422688364982605,0.0014764182269573212,0.03924543410539627
0.03696318715810776,-0.001422688364982605,0.0014764182269573212,0.03924543410539627
0.03696318715810776,-0.001422688364982605,0.0014764182269573212,0.03924543410539627
0.03696318715810776,-0.001422688364982605,0.0014764182269573212,0.03924543410539627
0.03696318715810776,-0.001422688364982605,0.0014764182269573212,0.03924543410539627
0.03696318715810776,-0.001422688364982605,0.0014764182269573212,0.03924543410539627
0.03696318715810776,-0.001422688364982605,0.0014764182269573212,0.03924543410539627
0.03696318715810776,-0.001422688364982605,0.0014764182269573212,0.03924543410539627
0.03696318715810776,-0.001422688364982605,0.0014764182269573212,0.03924543410539627
0.03696318715810776,-0.001422688364982605,0.0014764182269573212,0.03924543410539627
0.03696318715810776,-0.001422688364982605,0.0014764182269573212,0.03924543410539627
0.03696318715810776,-0.001422688364982605,0.0014764182269573212,0.03924543410539627
0.03696318715810776,-0.001422688364982605,0.0014764182269573212,0.03924543410539627
0.03696318715810776,-0.001422688364982605,0.0014764182269573212,0.03924543410539627
0.03696318715810776,-0.001422688364982605,0.0014764182269573212,0.03924543410539627
0.03696318715810776,-0.001422688364982605,0.0014764182269573212,0.03924543410539627
0.03696318715810776,-0.001422688364982605,0.0014764182269573212,0.03924543410539627
0.03696318715810776,-0.001422688364982605,0.0014764182269573212,0.03924543410539627
0.03696318715810776,-0.001422688364982605,0.0014764182269573212,0.03924543410539627
0.03696318715810776,-0.001422688364982605,0.0014764182269573212,0.03924543410539627
0.03696318715810776,-0.001422688364982605,0.0014764182269573212,0.03924543410539627
0.03696318715810776,-0.001422688364982605,0.0014764182269573212,0.03924543410539627
0.03696318715810776,-0.001422688364982605,0.0014764182269573212,0.03924543410539627
0.03696318715810776,-0.001422688364982605,0.0014764182269573212,0.03924543410539627
0.03696318715810776,-0.001422688364982605,0.0014764182269573212,0.03924543410539627
0.03696318715810776,-0.001422688364982605,0.0014764182269573212,0.03924543410539627
0.03693254292011261,-0.0014346316456794739,0.001461263746023178,0.03924603760242462
0.03692672401666641,-0.0014493688941001892,0.0014527402818202972,0.03924337029457092
0.036956869065761566,-0.0014383792877197266,0.0014671720564365387,0.03924237936735153
0.03696262836456299,-0.0014236941933631897,0.0014754422008991241,0.03924506902694702
0.036932572722435,-0.0014346763491630554,0.0014612190425395966,0.0392460897564888
0.036926738917827606,-0.0014493539929389954,0.0014527402818202972,0.039243392646312714
0.036926232278347015,-0.00145026296377182,0.001451876014471054,0.03924303501844406
0.036926232278347015,-0.0014502927660942078,0.001451876014471054,0.03924307972192764
0.036926232278347015,-0.0014502927660942078,0.001451876014471054,0.03924307972192764
0.036926232278347015,-0.0014502927660942078,0.001451876014471054,0.03924307972192764
0.036926232278347015,-0.0014502927660942078,0.001451876014471054,0.03924307972192764
0.036926232278347015,-0.0014502927660942078,0.001451876014471054,0.03924307972192764
0.036926232278347015,-0.0014502927660942078,0.001451876014471054,0.03924307972192764
0.036926232278347015,-0.0014502927660942078,0.001451876014471054,0.03924307972192764
0.036926232278347015,-0.0014502927660942078,0.001451876014471054,0.03924307972192764
0.036926232278347015,-0.0014502927660942078,0.001451876014471054,0.03924307972192764
0.036926232278347015,-0.0014502927660942078,0.001451876014471054,0.03924307972192764
0.036926232278347015,-0.0014502927660942078,0.001451876014471054,0.03924307972192764
0.036926232278347015,-0.0014502927660942078,0.001451876014471054,0.03924307972192764
0.036926232278347015,-0.0014502927660942078,0.001451876014471054,0.03924307972192764
0.036956824362277985,-0.0014384463429450989,0.001467134803533554,0.03924237936735153
0.03696262836456299,-0.0014236941933631897,0.0014754422008991241,0.03924506902694702
0.03696313500404358,-0.001422777771949768,0.0014762766659259796,0.03924546390771866
0.03696318715810776,-0.001422688364982605,0.0014764182269573212,0.03924543410539627
0.03696318715810776,-0.001422688364982605,0.0014764182269573212,0.03924543410539627
0.036985501646995544,-0.001398824155330658,0.0014959387481212616,0.03919719159603119
0.0369902104139328,-0.001385524868965149,0.0015032552182674408,0.03918883949518204
0.03699066489934921,-0.0013847574591636658,0.001504015177488327,0.03918831795454025
0.036990709602832794,-0.0013847202062606812,0.0015040300786495209,0.03918817639350891
0.036990709602832794,-0.0013847202062606812,0.0015040598809719086,0.03918816149234772
0.036990709602832794,-0.0013847202062606812,0.0015040598809719086,0.03918816149234772
0.036990709602832794,-0.0013847202062606812,0.0015040598809719086,0.03918816149234772
0.036990709602832794,-0.0013847202062606812,0.0015040598809719086,0.03918816149234772
0.036990709602832794,-0.0013847202062606812,0.0015040598809719086,0.03918816149234772
0.036990709602832794,-0.0013847202062606812,0.0015040598809719086,0.03918816149234772
0.036990709602832794,-0.0013847202062606812,0.0015040598809719086,0.03918816149234772
0.036990709602832794,-0.0013847202062606812,0.0015040598809719086,0.03918816149234772
0.036990709602832794,-0.0013847202062606812,0.0015040598809719086,0.03918816149234772
0.036990709602832794,-0.0013847202062606812,0.0015040598809719086,0.03918816149234772
0.036990709602832794,-0.0013847202062606812,0.0015040598809719086,0.03918816149234772
0.036990709602832794,-0.0013847202062606812,0.0015040598809719086,0.03918816149234772
0.036990709602832794,-0.0013847202062606812,0.0015040598809719086,0.03918816149234772
0.036990709602832794,-0.0013847202062606812,0.0015040598809719086,0.03918816149234772
0.036990709602832794,-0.0013847202062606812,0.0015040598809719086,0.03918816149234772
0.036990709602832794,-0.0013847202062606812,0.0015040598809719086,0.03918816149234772
0.036990709602832794,-0.0013847202062606812,0.0015040598809719086,0.03918816149234772
0.036990709602832794,-0.0013847202062606812,0.0015040598809719086,0.03918816149234772
0.036990709602832794,-0.0013847202062606812,0.0015040598809719086,0.03918816149234772
0.036990709602832794,-0.0013847202062606812,0.0015040598809719086,0.03918816149234772
0.036990709602832794,-0.0013847202062606812,0.0015040598809719086,0.03918816149234772
0.036990709602832794,-0.0013847202062606812,0.0015040598809719086,0.03918816149234772
0.036990709602832794,-0.0013847202062606812,0.0015040598809719086,0.03918816149234772
0.036990709602832794,-0.0013847202062606812,0.0015040598809719086,0.03918816149234772
0.036990709602832794,-0.0013847202062606812,0.0015040598809719086,0.03918816149234772
0.036990709602832794,-0.0013847202062606812,0.0015040598809719086,0.03918816149234772
0.036990709602832794,-0.0013847202062606812,0.0015040598809719086,0.03918816149234772
0.036990709602832794,-0.0013847202062606812,0.0015040598809719086,0.03918816149234772
0.036990709602832794,-0.0013847202062606812,0.0015040598809719086,0.03918816149234772
0.036990709602832794,-0.0013847202062606812,0.0015040598809719086,0.03918816149234772
0.036990709602832794,-0.0013847202062606812,0.0015040598809719086,0.03918816149234772
0.036990709602832794,-0.0013847202062606812,0.0015040598809719086,0.03918816149234772
0.036990709602832794,-0.0013847202062606812,0.0015040598809719086,0.03918816149234772
0.036990709602832794,-0.0013847202062606812,0.0015040598809719086,0.03918816149234772
0.036990709602832794,-0.0013847202062606812,0.0015040598809719086,0.03918816149234772
0.036990709602832794,-0.0013847202062606812,0.0015040598809719086,0.03918816149234772
0.036990709602832794,-0.0013847202062606812,0.0015040598809719086,0.03918816149234772
0.036990709602832794,-0.0013847202062606812,0.0015040598809719086,0.03918816149234772
0.036990709602832794,-0.0013847202062606812,0.0015040598809719086,0.03918816149234772
0.036990709602832794,-0.0013847202062606812,0.0015040598809719086,0.03918816149234772
0.036990709602832794,-0.0013847202062606812,0.0015040598809719086,0.03918816149234772
0.036990709602832794,-0.0013847202062606812,0.0015040598809719086,0.03918816149234772
0.036990709602832794,-0.0013847202062606812,0.0015040598809719086,0.03918816149234772
0.036990709602832794,-0.0013847202062606812,0.0015040598809719086,0.03918816149234772
0.036990709602832794,-0.0013847202062606812,0.0015040598809719086,0.03918816149234772
0.036990709602832794,-0.0013847202062606812,0.0015040598809719086,0.03918816149234772
0.036990709602832794,-0.0013847202062606812,0.0015040598809719086,0.03918816149234772
0.036990709602832794,-0.0013847202062606812,0.0015040598809719086,0.03918816149234772
0.036990709602832794,-0.0013847202062606812,0.0015040598809719086,0.03918816149234772
0.036990709602832794,-0.0013847202062606812,0.0015040598809719086,0.03918816149234772
0.036990709602832794,-0.0013847202062606812,0.0015040598809719086,0.03918816149234772
0.036990709602832794,-0.0013847202062606812,0.0015040598809719086,0.03918816149234772
0.036990709602832794,-0.0013847202062606812,0.0015040598809719086,0.03918816149234772
0.036990709602832794,-0.0013847202062606812,0.0015040598809719086,0.03918816149234772
0.036990709602832794,-0.0013847202062606812,0.0015040598809719086,0.03918816149234772
0.036990709602832794,-0.0013847202062606812,0.0015040598809719086,0.03918816149234772
0.036990709602832794,-0.0013847202062606812,0.0015040598809719086,0.03918816149234772
0.036990709602832794,-0.0013847202062606812,0.0015040598809719086,0.03918816149234772
0.036990709602832794,-0.0013847202062606812,0.0015040598809719086,0.03918816149234772
0.036990709602832794,-0.0013847202062606812,0.0015040598809719086,0.03918816149234772
0.036990709602832794,-0.0013847202062606812,0.0015040598809719086,0.03918816149234772
0.036990709602832794,-0.0013847202062606812,0.0015040598809719086,0.03918816149234772
0.036990709602832794,-0.0013847202062606812,0.0015040598809719086,0.03918816149234772
0.036990709602832794,-0.0013847202062606812,0.0015040598809719086,0.03918816149234772
0.036990709602832794,-0.0013847202062606812,0.0015040598809719086,0.03918816149234772
0.036990709602832794,-0.0013847202062606812,0.0015040598809719086,0.03918816149234772
0.036990709602832794,-0.0013847202062606812,0.0015040598809719086,0.03918816149234772
0.036990709602832794,-0.0013847202062606812,0.0015040598809719086,0.03918816149234772
0.036990709602832794,-0.0013847202062606812,0.0015040598809719086,0.03918816149234772
0.036990709602832794,-0.0013847202062606812,0.0015040598809719086,0.03918816149234772
0.036990709602832794,-0.0013847202062606812,0.0015040598809719086,0.03918816149234772
0.036990709602832794,-0.0013847202062606812,0.0015040598809719086,0.03918816149234772
0.036990709602832794,-0.0013847202062606812,0.0015040598809719086,0.03918816149234772
0.036990709602832794,-0.0013847202062606812,0.0015040598809719086,0.03918816149234772
0.036990709602832794,-0.0013847202062606812,0.0015040598809719086,0.03918816149234772
0.036990709602832794,-0.0013847202062606812,0.0015040598809719086,0.03918816149234772
0.036990709602832794,-0.0013847202062606812,0.0015040598809719086,0.03918816149234772
0.036990709602832794,-0.0013847202062606812,0.0015040598809719086,0.03918816149234772
0.036990709602832794,-0.0013847202062606812,0.0015040598809719086,0.03918816149234772
0.036990709602832794,-0.0013847202062606812,0.0015040598809719086,0.03918816149234772
0.036990709602832794,-0.0013847202062606812,0.0015040598809719086,0.03918816149234772
0.036990709602832794,-0.0013847202062606812,0.0015040598809719086,0.03918816149234772
0.036990709602832794,-0.0013847202062606812,0.0015040598809719086,0.03918816149234772
0.036990709602832794,-0.0013847202062606812,0.0015040598809719086,0.03918816149234772
0.036990709602832794,-0.0013847202062606812,0.0015040598809719086,0.03918816149234772
0.036990709602832794,-0.0013847202062606812,0.0015040598809719086,0.03918816149234772
0.036990709602832794,-0.0013847202062606812,0.0015040598809719086,0.03918816149234772
0.036990709602832794,-0.0013847202062606812,0.0015040598809719086,0.03918816149234772
0.036990709602832794,-0.0013847202062606812,0.0015040598809719086,0.03918816149234772
0.036990709602832794,-0.0013847202062606812,0.0015040598809719086,0.03918816149234772
0.036990709602832794,-0.0013847202062606812,0.0015040598809719086,0.03918816149234772
0.036990709602832794,-0.0013847202062606812,0.0015040598809719086,0.03918816149234772
0.036990709602832794,-0.0013847202062606812,0.0015040598809719086,0.03918816149234772
0.036990709602832794,-0.0013847202062606812,0.0015040598809719086,0.03918816149234772
0.036990709602832794,-0.0013847202062606812,0.0015040598809719086,0.03918816149234772
0.036990709602832794,-0.0013847202062606812,0.0015040598809719086,0.03918816149234772
0.036990709602832794,-0.0013847202062606812,0.0015040598809719086,0.03918816149234772
0.036990709602832794,-0.0013847202062606812,0.0015040598809719086,0.03918816149234772
0.036990709602832794,-0.0013847202062606812,0.0015040598809719086,0.03918816149234772
0.036990709602832794,-0.0013847202062606812,0.0015040598809719086,0.03918816149234772
0.036990709602832794,-0.0013847202062606812,0.0015040598809719086,0.03918816149234772
0.036990709602832794,-0.0013847202062606812,0.0015040598809719086,0.03918816149234772
0.036990709602832794,-0.0013847202062606812,0.0015040598809719086,0.03918816149234772
0.036990709602832794,-0.0013847202062606812,0.0015040598809719086,0.03918816149234772
0.036990709602832794,-0.0013847202062606812,0.0015040598809719086,0.03918816149234772
0.036990709602832794,-0.0013847202062606812,0.0015040598809719086,0.03918816149234772
0.036990709602832794,-0.0013847202062606812,0.0015040598809719086,0.03918816149234772
0.036990709602832794,-0.0013847202062606812,0.0015040598809719086,0.03918816149234772
0.036990709602832794,-0.0013847202062606812,0.0015040598809719086,0.03918816149234772
0.036990709602832794,-0.0013847202062606812,0.0015040598809719086,0.03918816149234772
0.036990709602832794,-0.0013847202062606812,0.0015040598809719086,0.03918816149234772
0.036990709602832794,-0.0013847202062606812,0.0015040598809719086,0.03918816149234772
0.036990709602832794,-0.0013847202062606812,0.0015040598809719086,0.03918816149234772
0.036990709602832794,-0.0013847202062606812,0.0015040598809719086,0.03918816149234772
0.036990709602832794,-0.0013847202062606812,0.0015040598809719086,0.03918816149234772
0.036990709602832794,-0.0013847202062606812,0.0015040598809719086,0.03918816149234772
0.036990709602832794,-0.0013847202062606812,0.0015040598809719086,0.03918816149234772
0.036990709602832794,-0.0013847202062606812,0.0015040598809719086,0.03918816149234772
0.036990709602832794,-0.0013847202062606812,0.0015040598809719086,0.03918816149234772
0.036990709602832794,-0.0013847202062606812,0.0015040598809719086,0.03918816149234772
0.036990709602832794,-0.0013847202062606812,0.0015040598809719086,0.03918816149234772
0.036990709602832794,-0.0013847202062606812,0.0015040598809719086,0.03918816149234772
0.036990709602832794,-0.0013847202062606812,0.0015040598809719086,0.03918816149234772
0.036990709602832794,-0.0013847202062606812,0.0015040598809719086,0.03918816149234772
0.036990709602832794,-0.0013847202062606812,0.0015040598809719086,0.03918816149234772
0.036990709602832794,-0.0013847202062606812,0.0015040598809719086,0.03918816149234772
0.036990709602832794,-0.0013847202062606812,0.0015040598809719086,0.03918816149234772
0.036990709602832794,-0.0013847202062606812,0.0015040598809719086,0.03918816149234772
0.036990709602832794,-0.0013847202062606812,0.0015040598809719086,0.03918816149234772
0.036990709602832794,-0.0013847202062606812,0.0015040598809719086,0.03918816149234772
0.036990709602832794,-0.0013847202062606812,0.0015040598809719086,0.03918816149234772
0.036990709602832794,-0.0013847202062606812,0.0015040598809719086,0.03918816149234772
0.036990709602832794,-0.0013847202062606812,0.0015040598809719086,0.03918816149234772
0.036990709602832794,-0.0013847202062606812,0.0015040598809719086,0.03918816149234772
0.036990709602832794,-0.0013847202062606812,0.0015040598809719086,0.03918816149234772
0.036990709602832794,-0.0013847202062606812,0.0015040598809719086,0.03918816149234772
0.036990709602832794,-0.0013847202062606812,0.0015040598809719086,0.03918816149234772
0.036990709602832794,-0.0013847202062606812,0.0015040598809719086,0.03918816149234772
0.036990709602832794,-0.0013847202062606812,0.0015040598809719086,0.03918816149234772
0.036990709602832794,-0.0013847202062606812,0.0015040598809719086,0.03918816149234772
0.036990709602832794,-0.0013847202062606812,0.0015040598809719086,0.03918816149234772
0.036990709602832794,-0.0013847202062606812,0.0015040598809719086,0.03918816149234772
0.036990709602832794,-0.0013847202062606812,0.0015040598809719086,0.03918816149234772
0.036990709602832794,-0.0013847202062606812,0.0015040598809719086,0.03918816149234772
0.036990709602832794,-0.0013847202062606812,0.0015040598809719086,0.03918816149234772
0.036990709602832794,-0.0013847202062606812,0.0015040598809719086,0.03918816149234772
0.036990709602832794,-0.0013847202062606812,0.0015040598809719086,0.03918816149234772
0.036990709602832794,-0.0013847202062606812,0.0015040598809719086,0.03918816149234772
0.036990709602832794,-0.0013847202062606812,0.0015040598809719086,0.03918816149234772
0.036990709602832794,-0.0013847202062606812,0.0015040598809719086,0.03918816149234772
0.036990709602832794,-0.0013847202062606812,0.0015040598809719086,0.03918816149234772
0.036990709602832794,-0.0013847202062606812,0.0015040598809719086,0.03918816149234772
0.036990709602832794,-0.0013847202062606812,0.0015040598809719086,0.03918816149234772
0.036990709602832794,-0.0013847202062606812,0.0015040598809719086,0.03918816149234772
0.036990709602832794,-0.0013847202062606812,0.0015040598809719086,0.03918816149234772
0.036990709602832794,-0.0013847202062606812,0.0015040598809719086,0.03918816149234772
0.036990709602832794,-0.0013847202062606812,0.0015040598809719086,0.03918816149234772
0.036990709602832794,-0.0013847202062606812,0.0015040598809719086,0.03918816149234772
0.036990709602832794,-0.0013847202062606812,0.0015040598809719086,0.03918816149234772
0.036990709602832794,-0.0013847202062606812,0.0015040598809719086,0.03918816149234772
0.036990709602832794,-0.0013847202062606812,0.0015040598809719086,0.03918816149234772
0.036990709602832794,-0.0013847202062606812,0.0015040598809719086,0.03918816149234772
0.036990709602832794,-0.0013847202062606812,0.0015040598809719086,0.03918816149234772
0.036990709602832794,-0.0013847202062606812,0.0015040598809719086,0.03918816149234772
0.036990709602832794,-0.0013847202062606812,0.0015040598809719086,0.03918816149234772
0.036990709602832794,-0.0013847202062606812,0.0015040598809719086,0.03918816149234772
0.036990709602832794,-0.0013847202062606812,0.0015040598809719086,0.03918816149234772
0.036990709602832794,-0.0013847202062606812,0.0015040598809719086,0.03918816149234772
0.036990709602832794,-0.0013847202062606812,0.0015040598809719086,0.03918816149234772
0.036990709602832794,-0.0013847202062606812,0.0015040598809719086,0.03918816149234772
0.036990709602832794,-0.0013847202062606812,0.0015040598809719086,0.03918816149234772
0.036990709602832794,-0.0013847202062606812,0.0015040598809719086,0.03918816149234772
0.036990709602832794,-0.0013847202062606812,0.0015040598809719086,0.03918816149234772
0.036990709602832794,-0.0013847202062606812,0.0015040598809719086,0.03918816149234772
0.036990709602832794,-0.0013847202062606812,0.0015040598809719086,0.03918816149234772
0.036990709602832794,-0.0013847202062606812,0.0015040598809719086,0.03918816149234772
0.036990709602832794,-0.0013847202062606812,0.0015040598809719086,0.03918816149234772
0.036990709602832794,-0.0013847202062606812,0.0015040598809719086,0.03918816149234772
0.036990709602832794,-0.0013847202062606812,0.0015040598809719086,0.03918816149234772
0.036990709602832794,-0.0013847202062606812,0.0015040598809719086,0.03918816149234772
0.036990709602832794,-0.0013847202062606812,0.0015040598809719086,0.03918816149234772
0.036990709602832794,-0.0013847202062606812,0.0015040598809719086,0.03918816149234772
0.036990709602832794,-0.0013847202062606812,0.0015040598809719086,0.03918816149234772
0.036990709602832794,-0.0013847202062606812,0.0015040598809719086,0.03918816149234772
0.036990709602832794,-0.0013847202062606812,0.0015040598809719086,0.03918816149234772
0.036990709602832794,-0.0013847202062606812,0.0015040598809719086,0.03918816149234772
0.036990709602832794,-0.0013847202062606812,0.0015040598809719086,0.03918816149234772
0.036990709602832794,-0.0013847202062606812,0.0015040598809719086,0.03918816149234772
0.036990709602832794,-0.0013847202062606812,0.0015040598809719086,0.03918816149234772
0.036990709602832794,-0.0013847202062606812,0.0015040598809719086,0.03918816149234772
0.036990709602832794,-0.0013847202062606812,0.0015040598809719086,0.03918816149234772
0.036990709602832794,-0.0013847202062606812,0.0015040598809719086,0.03918816149234772
0.036990709602832794,-0.0013847202062606812,0.0015040598809719086,0.03918816149234772
0.036990709602832794,-0.0013847202062606812,0.0015040598809719086,0.03918816149234772
0.036990709602832794,-0.0013847202062606812,0.0015040598809719086,0.03918816149234772
0.036990709602832794,-0.0013847202062606812,0.0015040598809719086,0.03918816149234772
0.036990709602832794,-0.0013847202062606812,0.0015040598809719086,0.03918816149234772
0.036990709602832794,-0.0013847202062606812,0.0015040598809719086,0.03918816149234772
0.036990709602832794,-0.0013847202062606812,0.0015040598809719086,0.03918816149234772
0.036990709602832794,-0.0013847202062606812,0.0015040598809719086,0.03918816149234772
0.036990709602832794,-0.0013847202062606812,0.0015040598809719086,0.03918816149234772
0.036990709602832794,-0.0013847202062606812,0.0015040598809719086,0.03918816149234772
0.036990709602832794,-0.0013847202062606812,0.0015040598809719086,0.03918816149234772
0.036990709602832794,-0.0013847202062606812,0.0015040598809719086,0.03918816149234772
0.036990709602832794,-0.0013847202062606812,0.0015040598809719086,0.03918816149234772
0.036990709602832794,-0.0013847202062606812,0.0015040598809719086,0.03918816149234772
0.036990709602832794,-0.0013847202062606812,0.0015040598809719086,0.03918816149234772
0.036990709602832794,-0.0013847202062606812,0.0015040598809719086,0.03918816149234772
0.036990709602832794,-0.0013847202062606812,0.0015040598809719086,0.03918816149234772
0.036990709602832794,-0.0013847202062606812,0.0015040598809719086,0.03918816149234772
0.036990709602832794,-0.0013847202062606812,0.0015040598809719086,0.03918816149234772
0.036990709602832794,-0.0013847202062606812,0.0015040598809719086,0.03918816149234772
0.036990709602832794,-0.0013847202062606812,0.0015040598809719086,0.03918816149234772
0.036990709602832794,-0.0013847202062606812,0.0015040598809719086,0.03918816149234772
0.036990709602832794,-0.0013847202062606812,0.0015040598809719086,0.03918816149234772
0.036990709602832794,-0.0013847202062606812,0.0015040598809719086,0.03918816149234772
0.036990709602832794,-0.0013847202062606812,0.0015040598809719086,0.03918816149234772
0.036990709602832794,-0.0013847202062606812,0.0015040598809719086,0.03918816149234772
0.036990709602832794,-0.0013847202062606812,0.0015040598809719086,0.03918816149234772
0.036990709602832794,-0.0013847202062606812,0.0015040598809719086,0.03918816149234772
0.036990709602832794,-0.0013847202062606812,0.0015040598809719086,0.03918816149234772
0.036990709602832794,-0.0013847202062606812,0.0015040598809719086,0.03918816149234772
0.036990709602832794,-0.0013847202062606812,0.0015040598809719086,0.03918816149234772
0.036990709602832794,-0.0013847202062606812,0.0015040598809719086,0.03918816149234772
0.036990709602832794,-0.0013847202062606812,0.0015040598809719086,0.03918816149234772
0.036990709602832794,-0.0013847202062606812,0.0015040598809719086,0.03918816149234772
0.036990709602832794,-0.0013847202062606812,0.0015040598809719086,0.03918816149234772
0.036990709602832794,-0.0013847202062606812,0.0015040598809719086,0.03918816149234772
0.036990709602832794,-0.0013847202062606812,0.0015040598809719086,0.03918816149234772
0.036990709602832794,-0.0013847202062606812,0.0015040598809719086,0.03918816149234772
0.036990709602832794,-0.0013847202062606812,0.0015040598809719086,0.03918816149234772
0.036990709602832794,-0.0013847202062606812,0.0015040598809719086,0.03918816149234772
0.036990709602832794,-0.0013847202062606812,0.0015040598809719086,0.03918816149234772
0.036990709602832794,-0.0013847202062606812,0.0015040598809719086,0.03918816149234772
0.036990709602832794,-0.0013847202062606812,0.0015040598809719086,0.03918816149234772
0.036990709602832794,-0.0013847202062606812,0.0015040598809719086,0.03918816149234772
0.036990709602832794,-0.0013847202062606812,0.0015040598809719086,0.03918816149234772
0.036990709602832794,-0.0013847202062606812,0.0015040598809719086,0.03918816149234772
0.036990709602832794,-0.0013847202062606812,0.0015040598809719086,0.03918816149234772
0.036990709602832794,-0.0013847202062606812,0.0015040598809719086,0.03918816149234772
0.036990709602832794,-0.0013847202062606812,0.0015040598809719086,0.03918816149234772
0.036990709602832794,-0.0013847202062606812,0.0015040598809719086,0.03918816149234772
0.036990709602832794,-0.0013847202062606812,0.0015040598809719086,0.03918816149234772
0.036990709602832794,-0.0013847202062606812,0.0015040598809719086,0.03918816149234772
0.036990709602832794,-0.0013847202062606812,0.0015040598809719086,0.03918816149234772
0.036990709602832794,-0.0013847202062606812,0.0015040598809719086,0.03918816149234772
0.036990709602832794,-0.0013847202062606812,0.0015040598809719086,0.03918816149234772
0.036990709602832794,-0.0013847202062606812,0.0015040598809719086,0.03918816149234772
0.036990709602832794,-0.0013847202062606812,0.0015040598809719086,0.03918816149234772
0.036990709602832794,-0.0013847202062606812,0.0015040598809719086,0.03918816149234772
0.036990709602832794,-0.0013847202062606812,0.0015040598809719086,0.03918816149234772
0.036990709602832794,-0.0013847202062606812,0.0015040598809719086,0.03918816149234772
0.036990709602832794,-0.0013847202062606812,0.0015040598809719086,0.03918816149234772
0.036990709602832794,-0.0013847202062606812,0.0015040598809719086,0.03918816149234772
0.036990709602832794,-0.0013847202062606812,0.0015040598809719086,0.03918816149234772
0.036990709602832794,-0.0013847202062606812,0.0015040598809719086,0.03918816149234772
0.036990709602832794,-0.0013847202062606812,0.0015040598809719086,0.03918816149234772
0.036990709602832794,-0.0013847202062606812,0.0015040598809719086,0.03918816149234772
0.036990709602832794,-0.0013847202062606812,0.0015040598809719086,0.03918816149234772
0.036990709602832794,-0.0013847202062606812,0.0015040598809719086,0.03918816149234772
0.036990709602832794,-0.0013847202062606812,0.0015040598809719086,0.03918816149234772
0.036990709602832794,-0.0013847202062606812,0.0015040598809719086,0.03918816149234772
0.036990709602832794,-0.0013847202062606812,0.0015040598809719086,0.03918816149234772
0.036990709602832794,-0.0013847202062606812,0.0015040598809719086,0.03918816149234772
0.036990709602832794,-0.0013847202062606812,0.0015040598809719086,0.03918816149234772
0.036990709602832794,-0.0013847202062606812,0.0015040598809719086,0.03918816149234772
0.036990709602832794,-0.0013847202062606812,0.0015040598809719086,0.03918816149234772
0.036990709602832794,-0.0013847202062606812,0.0015040598809719086,0.03918816149234772
0.036990709602832794,-0.0013847202062606812,0.0015040598809719086,0.03918816149234772
0.036990709602832794,-0.0013847202062606812,0.0015040598809719086,0.03918816149234772
0.036990709602832794,-0.0013847202062606812,0.0015040598809719086,0.03918816149234772
0.036990709602832794,-0.0013847202062606812,0.0015040598809719086,0.03918816149234772
0.036990709602832794,-0.0013847202062606812,0.0015040598809719086,0.03918816149234772
0.036990709602832794,-0.0013847202062606812,0.0015040598809719086,0.03918816149234772
0.036990709602832794,-0.0013847202062606812,0.0015040598809719086,0.03918816149234772
0.036990709602832794,-0.0013847202062606812,0.0015040598809719086,0.03918816149234772
0.036990709602832794,-0.0013847202062606812,0.0015040598809719086,0.03918816149234772
0.036990709602832794,-0.0013847202062606812,0.0015040598809719086,0.03918816149234772
0.036990709602832794,-0.0013847202062606812,0.0015040598809719086,0.03918816149234772
0.036990709602832794,-0.0013847202062606812,0.0015040598809719086,0.03918816149234772
0.036990709602832794,-0.0013847202062606812,0.0015040598809719086,0.03918816149234772
0.036990709602832794,-0.0013847202062606812,0.0015040598809719086,0.03918816149234772
0.036990709602832794,-0.0013847202062606812,0.0015040598809719086,0.03918816149234772
0.036990709602832794,-0.0013847202062606812,0.0015040598809719086,0.03918816149234772
0.036990709602832794,-0.0013847202062606812,0.0015040598809719086,0.03918816149234772
0.036990709602832794,-0.0013847202062606812,0.0015040598809719086,0.03918816149234772
0.036990709602832794,-0.0013847202062606812,0.0015040598809719086,0.03918816149234772
0.036990709602832794,-0.0013847202062606812,0.0015040598809719086,0.03918816149234772
0.036990709602832794,-0.0013847202062606812,0.0015040598809719086,0.03918816149234772
0.036990709602832794,-0.0013847202062606812,0.0015040598809719086,0.03918816149234772
0.036990709602832794,-0.0013847202062606812,0.0015040598809719086,0.03918816149234772
0.036990709602832794,-0.0013847202062606812,0.0015040598809719086,0.03918816149234772
0.036990709602832794,-0.0013847202062606812,0.0015040598809719086,0.03918816149234772
0.036990709602832794,-0.0013847202062606812,0.0015040598809719086,0.03918816149234772
0.036990709602832794,-0.0013847202062606812,0.0015040598809719086,0.03918816149234772
0.036990709602832794,-0.0013847202062606812,0.0015040598809719086,0.03918816149234772
0.036990709602832794,-0.0013847202062606812,0.0015040598809719086,0.03918816149234772
0.036990709602832794,-0.0013847202062606812,0.0015040598809719086,0.03918816149234772
0.036990709602832794,-0.0013847202062606812,0.0015040598809719086,0.03918816149234772
0.036990709602832794,-0.0013847202062606812,0.0015040598809719086,0.03918816149234772
0.036990709602832794,-0.0013847202062606812,0.0015040598809719086,0.03918816149234772
0.036990709602832794,-0.0013847202062606812,0.0015040598809719086,0.03918816149234772
0.036990709602832794,-0.0013847202062606812,0.0015040598809719086,0.03918816149234772
0.036990709602832794,-0.0013847202062606812,0.0015040598809719086,0.03918816149234772
0.036990709602832794,-0.0013847202062606812,0.0015040598809719086,0.03918816149234772
0.036990709602832794,-0.0013847202062606812,0.0015040598809719086,0.03918816149234772
0.036990709602832794,-0.0013847202062606812,0.0015040598809719086,0.03918816149234772
0.036990709602832794,-0.0013847202062606812,0.0015040598809719086,0.03918816149234772
0.036990709602832794,-0.0013847202062606812,0.0015040598809719086,0.03918816149234772
0.036990709602832794,-0.0013847202062606812,0.0015040598809719086,0.03918816149234772
0.036990709602832794,-0.0013847202062606812,0.0015040598809719086,0.03918816149234772
0.036990709602832794,-0.0013847202062606812,0.0015040598809719086,0.03918816149234772
0.036990709602832794,-0.0013847202062606812,0.0015040598809719086,0.03918816149234772
0.036990709602832794,-0.0013847202062606812,0.0015040598809719086,0.03918816149234772
0.036990709602832794,-0.0013847202062606812,0.0015040598809719086,0.03918816149234772
0.036990709602832794,-0.0013847202062606812,0.0015040598809719086,0.03918816149234772
0.036990709602832794,-0.0013847202062606812,0.0015040598809719086,0.03918816149234772
0.036990709602832794,-0.0013847202062606812,0.0015040598809719086,0.03918816149234772
0.036990709602832794,-0.0013847202062606812,0.0015040598809719086,0.03918816149234772
0.036990709602832794,-0.0013847202062606812,0.0015040598809719086,0.03918816149234772
0.036990709602832794,-0.0013847202062606812,0.0015040598809719086,0.03918816149234772
0.036990709602832794,-0.0013847202062606812,0.0015040598809719086,0.03918816149234772
0.036990709602832794,-0.0013847202062606812,0.0015040598809719086,0.03918816149234772
0.036990709602832794,-0.0013847202062606812,0.0015040598809719086,0.03918816149234772
0.036990709602832794,-0.0013847202062606812,0.0015040598809719086,0.03918816149234772
0.036990709602832794,-0.0013847202062606812,0.0015040598809719086,0.03918816149234772
0.036990709602832794,-0.0013847202062606812,0.0015040598809719086,0.03918816149234772
0.036990709602832794,-0.0013847202062606812,0.0015040598809719086,0.03918816149234772
0.036990709602832794,-0.0013847202062606812,0.0015040598809719086,0.03918816149234772
0.036990709602832794,-0.0013847202062606812,0.0015040598809719086,0.03918816149234772
0.036990709602832794,-0.0013847202062606812,0.0015040598809719086,0.03918816149234772
0.036990709602832794,-0.0013847202062606812,0.0015040598809719086,0.03918816149234772
0.036990709602832794,-0.0013847202062606812,0.0015040598809719086,0.03918816149234772
0.036990709602832794,-0.0013847202062606812,0.0015040598809719086,0.03918816149234772
0.036990709602832794,-0.0013847202062606812,0.0015040598809719086,0.03918816149234772
0.036990709602832794,-0.0013847202062606812,0.0015040598809719086,0.03918816149234772
0.036990709602832794,-0.0013847202062606812,0.0015040598809719086,0.03918816149234772
0.036990709602832794,-0.0013847202062606812,0.0015040598809719086,0.03918816149234772
0.036990709602832794,-0.0013847202062606812,0.0015040598809719086,0.03918816149234772
0.036990709602832794,-0.0013847202062606812,0.0015040598809719086,0.03918816149234772
0.036990709602832794,-0.0013847202062606812,0.0015040598809719086,0.03918816149234772
0.036990709602832794,-0.0013847202062606812,0.0015040598809719086,0.03918816149234772
0.036990709602832794,-0.0013847202062606812,0.0015040598809719086,0.03918816149234772
0.036990709602832794,-0.0013847202062606812,0.0015040598809719086,0.03918816149234772
0.036990709602832794,-0.0013847202062606812,0.0015040598809719086,0.03918816149234772
0.036990709602832794,-0.0013847202062606812,0.0015040598809719086,0.03918816149234772
0.036990709602832794,-0.0013847202062606812,0.0015040598809719086,0.03918816149234772
0.036990709602832794,-0.0013847202062606812,0.0015040598809719086,0.03918816149234772
0.036990709602832794,-0.0013847202062606812,0.0015040598809719086,0.03918816149234772
0.036990709602832794,-0.0013847202062606812,0.0015040598809719086,0.03918816149234772
0.036990709602832794,-0.0013847202062606812,0.0015040598809719086,0.03918816149234772
0.036990709602832794,-0.0013847202062606812,0.0015040598809719086,0.03918816149234772
0.036990709602832794,-0.0013847202062606812,0.0015040598809719086,0.03918816149234772
0.036990709602832794,-0.0013847202062606812,0.0015040598809719086,0.03918816149234772
0.036990709602832794,-0.0013847202062606812,0.0015040598809719086,0.03918816149234772
0.036990709602832794,-0.0013847202062606812,0.0015040598809719086,0.03918816149234772
0.036990709602832794,-0.0013847202062606812,0.0015040598809719086,0.03918816149234772
0.036990709602832794,-0.0013847202062606812,0.0015040598809719086,0.03918816149234772
0.036990709602832794,-0.0013847202062606812,0.0015040598809719086,0.03918816149234772
0.036990709602832794,-0.0013847202062606812,0.0015040598809719086,0.03918816149234772
0.036990709602832794,-0.0013847202062606812,0.0015040598809719086,0.03918816149234772
0.036990709602832794,-0.0013847202062606812,0.0015040598809719086,0.03918816149234772
0.036990709602832794,-0.0013847202062606812,0.0015040598809719086,0.03918816149234772
0.036990709602832794,-0.0013847202062606812,0.0015040598809719086,0.03918816149234772
0.036990709602832794,-0.0013847202062606812,0.0015040598809719086,0.03918816149234772
0.036990709602832794,-0.0013847202062606812,0.0015040598809719086,0.03918816149234772
0.036990709602832794,-0.0013847202062606812,0.0015040598809719086,0.03918816149234772
0.036990709602832794,-0.0013847202062606812,0.0015040598809719086,0.03918816149234772
0.036990709602832794,-0.0013847202062606812,0.0015040598809719086,0.03918816149234772
0.036990709602832794,-0.0013847202062606812,0.0015040598809719086,0.03918816149234772
0.036990709602832794,-0.0013847202062606812,0.0015040598809719086,0.03918816149234772
0.036990709602832794,-0.0013847202062606812,0.0015040598809719086,0.03918816149234772
0.036990709602832794,-0.0013847202062606812,0.0015040598809719086,0.03918816149234772
0.036990709602832794,-0.0013847202062606812,0.0015040598809719086,0.03918816149234772
0.036990709602832794,-0.0013847202062606812,0.0015040598809719086,0.03918816149234772
0.036990709602832794,-0.0013847202062606812,0.0015040598809719086,0.03918816149234772
0.036990709602832794,-0.0013847202062606812,0.0015040598809719086,0.03918816149234772
0.036990709602832794,-0.0013847202062606812,0.0015040598809719086,0.03918816149234772
0.036990709602832794,-0.0013847202062606812,0.0015040598809719086,0.03918816149234772
0.036990709602832794,-0.0013847202062606812,0.0015040598809719086,0.03918816149234772
0.036990709602832794,-0.0013847202062606812,0.0015040598809719086,0.03918816149234772
0.036990709602832794,-0.0013847202062606812,0.0015040598809719086,0.03918816149234772
0.036990709602832794,-0.0013847202062606812,0.0015040598809719086,0.03918816149234772
0.036990709602832794,-0.0013847202062606812,0.0015040598809719086,0.03918816149234772
0.036990709602832794,-0.0013847202062606812,0.0015040598809719086,0.03918816149234772
0.036990709602832794,-0.0013847202062606812,0.0015040598809719086,0.03918816149234772
0.036990709602832794,-0.0013847202062606812,0.0015040598809719086,0.03918816149234772
0.036990709602832794,-0.0013847202062606812,0.0015040598809719086,0.03918816149234772
0.036990709602832794,-0.0013847202062606812,0.0015040598809719086,0.03918816149234772
0.036990709602832794,-0.0013847202062606812,0.0015040598809719086,0.03918816149234772
0.036990709602832794,-0.0013847202062606812,0.0015040598809719086,0.03918816149234772
0.036990709602832794,-0.0013847202062606812,0.0015040598809719086,0.03918816149234772
0.036990709602832794,-0.0013847202062606812,0.0015040598809719086,0.03918816149234772
0.036990709602832794,-0.0013847202062606812,0.0015040598809719086,0.03918816149234772
0.036990709602832794,-0.0013847202062606812,0.0015040598809719086,0.03918816149234772
0.036990709602832794,-0.0013847202062606812,0.0015040598809719086,0.03918816149234772
0.036990709602832794,-0.0013847202062606812,0.0015040598809719086,0.03918816149234772
0.036990709602832794,-0.0013847202062606812,0.0015040598809719086,0.03918816149234772
0.036990709602832794,-0.0013847202062606812,0.0015040598809719086,0.03918816149234772
0.036990709602832794,-0.0013847202062606812,0.0015040598809719086,0.03918816149234772
0.036990709602832794,-0.0013847202062606812,0.0015040598809719086,0.03918816149234772
0.036990709602832794,-0.0013847202062606812,0.0015040598809719086,0.03918816149234772
0.036990709602832794,-0.0013847202062606812,0.0015040598809719086,0.03918816149234772
0.036990709602832794,-0.0013847202062606812,0.0015040598809719086,0.03918816149234772
0.036990709602832794,-0.0013847202062606812,0.0015040598809719086,0.03918816149234772
0.036990709602832794,-0.0013847202062606812,0.0015040598809719086,0.03918816149234772
0.036990709602832794,-0.0013847202062606812,0.0015040598809719086,0.03918816149234772
0.036990709602832794,-0.0013847202062606812,0.0015040598809719086,0.03918816149234772
0.036990709602832794,-0.0013847202062606812,0.0015040598809719086,0.03918816149234772
0.036990709602832794,-0.0013847202062606812,0.0015040598809719086,0.03918816149234772
0.036990709602832794,-0.0013847202062606812,0.0015040598809719086,0.03918816149234772
0.036990709602832794,-0.0013847202062606812,0.0015040598809719086,0.03918816149234772
0.036990709602832794,-0.0013847202062606812,0.0015040598809719086,0.03918816149234772
0.036990709602832794,-0.0013847202062606812,0.0015040598809719086,0.03918816149234772
0.036990709602832794,-0.0013847202062606812,0.0015040598809719086,0.03918816149234772
0.036990709602832794,-0.0013847202062606812,0.0015040598809719086,0.03918816149234772
0.036990709602832794,-0.0013847202062606812,0.0015040598809719086,0.03918816149234772
0.036990709602832794,-0.0013847202062606812,0.0015040598809719086,0.03918816149234772
0.036990709602832794,-0.0013847202062606812,0.0015040598809719086,0.03918816149234772
0.036990709602832794,-0.0013847202062606812,0.0015040598809719086,0.03918816149234772
0.036990709602832794,-0.0013847202062606812,0.0015040598809719086,0.03918816149234772
0.036990709602832794,-0.0013847202062606812,0.0015040598809719086,0.03918816149234772
