vx,vy,vz,omega_z
0.23586849868297577,-0.00046034902334213257,-0.3399583697319031,0.8824183940887451
0.26573771238327026,-0.0036643147468566895,-0.3794112205505371,0.9858208298683167
0.2635313868522644,-0.030807234346866608,-0.34990406036376953,0.9310675263404846
0.24056869745254517,-0.04393647238612175,-0.33087995648384094,0.907727837562561
0.23672300577163696,-0.04367097094655037,-0.32716336846351624,0.9075186848640442
0.23002827167510986,-0.05491035804152489,-0.32336992025375366,0.8971026539802551
0.2286418378353119,-0.05569114163517952,-0.3229126036167145,0.89652019739151
0.23310694098472595,-0.06462883949279785,-0.31767821311950684,0.8934422135353088
0.23235660791397095,-0.06591732800006866,-0.3182656168937683,0.8937922716140747
0.21977438032627106,-0.06276534497737885,-0.30805036425590515,0.8753596544265747
0.2178899049758911,-0.06189335137605667,-0.3064325451850891,0.8748227953910828
0.2125207781791687,-0.06658962368965149,-0.2939794361591339,0.8569504022598267
0.21059587597846985,-0.06675490736961365,-0.2930508852005005,0.8555741310119629
0.2158088982105255,-0.0718529224395752,-0.27033865451812744,0.8664870262145996
0.214625284075737,-0.07178936153650284,-0.26813992857933044,0.8695936799049377
0.20609962940216064,-0.08964154124259949,-0.2766733765602112,0.8371586203575134
0.20664086937904358,-0.08989398926496506,-0.27797552943229675,0.8308109045028687
0.20431190729141235,-0.09919563680887222,-0.28400126099586487,0.8175467848777771
0.20518609881401062,-0.09948597103357315,-0.28534334897994995,0.8146238923072815
0.20690302550792694,-0.11837293207645416,-0.27410340309143066,0.7917746305465698
0.2065151035785675,-0.12052981555461884,-0.2734404504299164,0.7826470136642456
0.19441410899162292,-0.13564389944076538,-0.2836166322231293,0.7642204761505127
0.19509389996528625,-0.13560673594474792,-0.28482937812805176,0.7588626742362976
0.1864139437675476,-0.1449306607246399,-0.25997868180274963,0.750657856464386
0.1829524040222168,-0.14543431997299194,-0.2545531690120697,0.7486689686775208
0.16502417623996735,-0.154277503490448,-0.25016939640045166,0.7356361150741577
0.16127213835716248,-0.15489882230758667,-0.248581662774086,0.7356472611427307
0.1541818082332611,-0.1573314368724823,-0.23359346389770508,0.715399444103241
0.15193161368370056,-0.15788263082504272,-0.2313033938407898,0.7112407684326172
0.14209017157554626,-0.16785675287246704,-0.23508568108081818,0.6944888830184937
0.14190247654914856,-0.1678542196750641,-0.23565515875816345,0.6938754916191101
0.14365874230861664,-0.16851113736629486,-0.22261373698711395,0.6843101978302002
0.14234934747219086,-0.16800710558891296,-0.21847015619277954,0.6844410300254822
0.12566298246383667,-0.17605920135974884,-0.2261943817138672,0.6702056527137756
0.12394681572914124,-0.17635822296142578,-0.22538243234157562,0.6679369211196899
0.11627024412155151,-0.18578030169010162,-0.21815064549446106,0.6623414754867554
0.11505135893821716,-0.18614956736564636,-0.21723979711532593,0.662085235118866
0.10779720544815063,-0.1812131106853485,-0.21153485774993896,0.6535214781761169
0.10666441917419434,-0.18092447519302368,-0.20969949662685394,0.6519603729248047
0.10085220634937286,-0.1800801157951355,-0.2071513533592224,0.6219147443771362
0.10065425932407379,-0.1800192892551422,-0.2072325348854065,0.6153779029846191
0.10069960355758667,-0.18003825843334198,-0.20734968781471252,0.6149328351020813
0.10340943932533264,-0.18206027150154114,-0.19535556435585022,0.6371244192123413
0.08990223705768585,-0.18603570759296417,-0.18023176491260529,0.6122546195983887
0.08792967349290848,-0.18584567308425903,-0.17742805182933807,0.6084706783294678
0.06929157674312592,-0.18690747022628784,-0.18706823885440826,0.5822522044181824
0.07002565264701843,-0.18661165237426758,-0.18922053277492523,0.5764488577842712
0.06057913601398468,-0.18922139704227448,-0.18439441919326782,0.5644870400428772
0.059687111526727676,-0.18925724923610687,-0.1834115982055664,0.5630332231521606
0.05959290266036987,-0.18924099206924438,-0.18339070677757263,0.5630310773849487
0.05047616362571716,-0.18993642926216125,-0.17669159173965454,0.546072244644165
0.03796631842851639,-0.18759286403656006,-0.17719818651676178,0.5527552366256714
0.036413758993148804,-0.18748758733272552,-0.1758354902267456,0.5547256469726562
0.02672988921403885,-0.18771226704120636,-0.16785816848278046,0.5296902656555176
0.02596871554851532,-0.1875644326210022,-0.16655407845973969,0.5262367725372314
0.02833183854818344,-0.18561643362045288,-0.1586468666791916,0.5219736695289612
0.028169766068458557,-0.1855916529893875,-0.1575717180967331,0.5217320322990417
0.02271921932697296,-0.17957422137260437,-0.1609199345111847,0.509253740310669
0.02298291027545929,-0.17910632491111755,-0.16127455234527588,0.5070487260818481
0.012347504496574402,-0.17967912554740906,-0.15644778311252594,0.4911107122898102
0.011568926274776459,-0.17944121360778809,-0.15599390864372253,0.48881301283836365
0.007888920605182648,-0.17380672693252563,-0.14682617783546448,0.4922921359539032
0.006867401301860809,-0.17331981658935547,-0.14478567242622375,0.4937559962272644
0.0066966041922569275,-0.173299640417099,-0.14463238418102264,0.4939154386520386
0.003285720944404602,-0.1729266345500946,-0.14863187074661255,0.48484015464782715
0.004262916743755341,-0.1720905303955078,-0.1383301019668579,0.4786550998687744
0.0035327300429344177,-0.17207518219947815,-0.136281356215477,0.4785778820514679
-0.0006477683782577515,-0.1685464084148407,-0.13376890122890472,0.47113341093063354
-0.0005386844277381897,-0.16822873055934906,-0.1342051774263382,0.4698360562324524
-0.007181540131568909,-0.16342690587043762,-0.12899139523506165,0.4597959816455841
-0.007033132016658783,-0.16284793615341187,-0.12938986718654633,0.4581924080848694
-0.01157834380865097,-0.15942013263702393,-0.12646588683128357,0.4498484134674072
-0.010965310037136078,-0.1589745432138443,-0.1279805600643158,0.44783279299736023
-0.012978963553905487,-0.1547483503818512,-0.12833240628242493,0.44285184144973755
-0.01257624477148056,-0.15451712906360626,-0.1288524717092514,0.4416445791721344
-0.006701551377773285,-0.15408572554588318,-0.12782219052314758,0.42461931705474854
-0.0050287023186683655,-0.15417122840881348,-0.12983666360378265,0.4205329120159149
0.00034724175930023193,-0.15115104615688324,-0.12394696474075317,0.4138237535953522
0.0011012405157089233,-0.15094421803951263,-0.12397286295890808,0.41260072588920593
-0.0028281211853027344,-0.14683480560779572,-0.12086811661720276,0.40674644708633423
-0.0028651654720306396,-0.14619211852550507,-0.12086908519268036,0.405117392539978
-0.002855166792869568,-0.14613670110702515,-0.12091735005378723,0.40497371554374695
-0.008451811969280243,-0.13980470597743988,-0.1204979196190834,0.40051665902137756
-0.016474343836307526,-0.1335601508617401,-0.11536560207605362,0.389536589384079
-0.017102696001529694,-0.1322527527809143,-0.1157260313630104,0.38678914308547974
-0.024060167372226715,-0.13251706957817078,-0.11283211410045624,0.3806455135345459
-0.024895571172237396,-0.13205884397029877,-0.11215591430664062,0.37980344891548157
-0.02476321905851364,-0.12774443626403809,-0.11330119520425797,0.3723885118961334
-0.024359993636608124,-0.12696653604507446,-0.11342984437942505,0.37108680605888367
-0.024293385446071625,-0.12688679993152618,-0.11346381157636642,0.3710203170776367
-0.023062758147716522,-0.12446767836809158,-0.11291258037090302,0.3650956451892853
-0.022710703313350677,-0.123787060379982,-0.11263664811849594,0.3641933500766754
-0.023074708878993988,-0.12006348371505737,-0.10881024599075317,0.36270344257354736
-0.02321726828813553,-0.11929897218942642,-0.10820357501506805,0.3625917434692383
-0.024737901985645294,-0.11914373189210892,-0.1053227111697197,0.3577466309070587
-0.025014348328113556,-0.11869068443775177,-0.1055326908826828,0.3560105562210083
-0.02339828759431839,-0.11678311228752136,-0.10402078181505203,0.34855660796165466
-0.020036153495311737,-0.11340230703353882,-0.1005895808339119,0.3444007635116577
-0.019711442291736603,-0.11290894448757172,-0.10063476860523224,0.3433329463005066
-0.02068067342042923,-0.11032415926456451,-0.0930551216006279,0.3388100862503052
-0.021249674260616302,-0.10922643542289734,-0.09245657920837402,0.3372325003147125
-0.02260633558034897,-0.1048441156744957,-0.09196247160434723,0.3296433091163635
-0.022608064115047455,-0.10342081636190414,-0.09277763962745667,0.3269123435020447
-0.02665898948907852,-0.09878124296665192,-0.09113778173923492,0.31746333837509155
-0.027017496526241302,-0.09731829166412354,-0.0920163169503212,0.31340038776397705
-0.02668803185224533,-0.09781848639249802,-0.0933765172958374,0.30952149629592896
-0.02646305412054062,-0.09718237072229385,-0.09454700350761414,0.3075772523880005
-0.024556510150432587,-0.09562156349420547,-0.08993560075759888,0.30686312913894653
-0.024685807526111603,-0.09551644325256348,-0.08921411633491516,0.3063032627105713
-0.02471577376127243,-0.09546618163585663,-0.08918008208274841,0.3062262535095215
-0.023686937987804413,-0.09623530507087708,-0.08871981501579285,0.3046947121620178
-0.023537330329418182,-0.09684137254953384,-0.08874688297510147,0.30378323793411255
-0.02587079256772995,-0.09342417865991592,-0.08357857167720795,0.2948899567127228
-0.026110120117664337,-0.09243881702423096,-0.08334331959486008,0.2912619709968567
-0.02666788548231125,-0.08920159190893173,-0.07589749991893768,0.28614717721939087
-0.026883356273174286,-0.08766958117485046,-0.07551376521587372,0.28447383642196655
-0.027417637407779694,-0.08515136688947678,-0.07473746687173843,0.2792080044746399
-0.027389533817768097,-0.08371169865131378,-0.07487773895263672,0.2775651812553406
-0.026771970093250275,-0.08126495033502579,-0.0725659430027008,0.2719508707523346
-0.02670932561159134,-0.079965740442276,-0.07240699231624603,0.2701832950115204
-0.025334544479846954,-0.08122005313634872,-0.07088004797697067,0.2633415758609772
-0.025060825049877167,-0.08055169880390167,-0.07115580141544342,0.2609107494354248
-0.02265843003988266,-0.08087124675512314,-0.06837986409664154,0.2573065161705017
-0.02238907665014267,-0.08041912317276001,-0.06822638213634491,0.2560443878173828
-0.0209822878241539,-0.07947706431150436,-0.06515844911336899,0.25452756881713867
-0.020865343511104584,-0.07881669700145721,-0.06460785865783691,0.25384521484375
-0.019794858992099762,-0.07773786783218384,-0.06207962706685066,0.25080209970474243
-0.019622810184955597,-0.07719629257917404,-0.061624616384506226,0.24963083863258362
-0.01849859207868576,-0.07484699040651321,-0.057973869144916534,0.2475835382938385
-0.01765412837266922,-0.07167668640613556,-0.05593264847993851,0.24243906140327454
-0.017502836883068085,-0.07115740329027176,-0.055477533489465714,0.24091193079948425
-0.016710437834262848,-0.07049758732318878,-0.05593551695346832,0.23853132128715515
-0.01663496345281601,-0.07048945128917694,-0.05592168867588043,0.2379315197467804
-0.01679251343011856,-0.06995455175638199,-0.05483990162611008,0.2325267791748047
-0.01668158918619156,-0.06987989693880081,-0.05547311156988144,0.23098385334014893
-0.01668485254049301,-0.06837835907936096,-0.0579242929816246,0.22527101635932922
-0.016530998051166534,-0.06807295233011246,-0.05868827551603317,0.22374743223190308
-0.014341704547405243,-0.06773139536380768,-0.05400004982948303,0.2181878238916397
-0.014029063284397125,-0.0680888220667839,-0.05403362959623337,0.21703818440437317
-0.013727463781833649,-0.06799197942018509,-0.05201486498117447,0.21539843082427979
-0.013733066618442535,-0.0683274120092392,-0.051918935030698776,0.2152506560087204
-0.013060308992862701,-0.06838664412498474,-0.04934510588645935,0.21166011691093445
-0.012928701937198639,-0.06853407621383667,-0.04928483068943024,0.2109495997428894
-0.012808270752429962,-0.06775176525115967,-0.04802661016583443,0.20626868307590485
-0.012288875877857208,-0.06721962988376617,-0.04665129631757736,0.19864974915981293
-0.012209944427013397,-0.06797902286052704,-0.046101778745651245,0.19726738333702087
-0.01220662146806717,-0.06817014515399933,-0.0460650771856308,0.19718585908412933
-0.012724794447422028,-0.06761907041072845,-0.04632881283760071,0.1961791068315506
-0.012794040143489838,-0.06761062145233154,-0.04634904861450195,0.19607530534267426
-0.013014815747737885,-0.06629040837287903,-0.04461435228586197,0.19034616649150848
-0.013020895421504974,-0.06672923266887665,-0.044711966067552567,0.1894868165254593
-0.014105461537837982,-0.06546624004840851,-0.04507259652018547,0.19019849598407745
-0.014262877404689789,-0.0652153342962265,-0.045202501118183136,0.19045951962471008
-0.01356392353773117,-0.06494140625,-0.042231447994709015,0.18568189442157745
-0.013489730656147003,-0.06560512632131577,-0.04207300394773483,0.18503260612487793
-0.01383594423532486,-0.06543858349323273,-0.039740413427352905,0.18139000236988068
-0.013944216072559357,-0.0656517744064331,-0.039210572838783264,0.18083159625530243
-0.013769291341304779,-0.0651308000087738,-0.040193408727645874,0.1792759746313095
-0.01371096819639206,-0.06509776413440704,-0.04007608816027641,0.17890219390392303
-0.014626242220401764,-0.06472359597682953,-0.03885374218225479,0.1744564026594162
-0.013341091573238373,-0.06444530189037323,-0.036616355180740356,0.17012639343738556
-0.013150788843631744,-0.06488421559333801,-0.03635634481906891,0.16950562596321106
-0.012717105448246002,-0.0641070008277893,-0.03348971903324127,0.1678057461977005
-0.01277216523885727,-0.06420531123876572,-0.03301522135734558,0.16765359044075012
-0.010291613638401031,-0.062252823263406754,-0.032576292753219604,0.16335296630859375
-0.00998593121767044,-0.062371525913476944,-0.032395631074905396,0.16231578588485718
-0.009030483663082123,-0.06220317259430885,-0.03212391585111618,0.16097436845302582
-0.008907914161682129,-0.06247580423951149,-0.03234297037124634,0.16074655950069427
-0.006581537425518036,-0.06012194603681564,-0.03180350363254547,0.15842166543006897
-0.006392523646354675,-0.06012800335884094,-0.031509216874837875,0.1579914689064026
-0.005296953022480011,-0.05882755666971207,-0.030434535816311836,0.15429790318012238
-0.005171976983547211,-0.059118811041116714,-0.030101727694272995,0.15383748710155487
-0.004201717674732208,-0.05838286504149437,-0.027682628482580185,0.15119044482707977
-0.004114307463169098,-0.05871482565999031,-0.027417875826358795,0.1509588360786438
-0.003784775733947754,-0.05863140895962715,-0.027658499777317047,0.14777307212352753
-0.003707200288772583,-0.059050604701042175,-0.027837909758090973,0.14732626080513
-0.003145255148410797,-0.058602623641490936,-0.028024427592754364,0.1439215987920761
-0.003024071455001831,-0.05902331694960594,-0.028291773051023483,0.1435108780860901
-0.003559224307537079,-0.0579063855111599,-0.030431507155299187,0.13996712863445282
-0.0042607784271240234,-0.056240618228912354,-0.03180611878633499,0.13637980818748474
-0.004254288971424103,-0.056149423122406006,-0.032040320336818695,0.13595952093601227
-0.0042508989572525024,-0.0561843067407608,-0.03205382823944092,0.13594335317611694
-0.004182800650596619,-0.05573488399386406,-0.03005637414753437,0.13451378047466278
-0.0033694282174110413,-0.05421042442321777,-0.028522741049528122,0.1345905065536499
-0.003265947103500366,-0.05412103235721588,-0.02823586016893387,0.13485844433307648
-0.0017645955085754395,-0.0523294173181057,-0.026590973138809204,0.13410930335521698
-0.0015733838081359863,-0.05235309526324272,-0.02620585262775421,0.13416996598243713
-0.0015206336975097656,-0.05102120712399483,-0.025071054697036743,0.13242679834365845
-0.0014233365654945374,-0.050889451056718826,-0.02507568895816803,0.13227176666259766
-0.001241251826286316,-0.04980988800525665,-0.021211519837379456,0.13039720058441162
-0.001330249011516571,-0.04983695596456528,-0.02057904377579689,0.13061800599098206
-0.0017351210117340088,-0.04906667768955231,-0.020829398185014725,0.12852908670902252
-0.0017629638314247131,-0.049113158136606216,-0.021071605384349823,0.12836340069770813
-0.0018387436866760254,-0.049227651208639145,-0.020861998200416565,0.12600749731063843
-0.001835361123085022,-0.049082715064287186,-0.020755767822265625,0.12560898065567017
-0.0009389817714691162,-0.04858515411615372,-0.020595695823431015,0.1233522891998291
0.00039762258529663086,-0.04676852002739906,-0.021744530647993088,0.12041759490966797
0.0006811097264289856,-0.04665574058890343,-0.021904077380895615,0.11983472108840942
0.0007130429148674011,-0.04669148102402687,-0.021911226212978363,0.11979299783706665
0.0018861070275306702,-0.04543581232428551,-0.020877599716186523,0.11710250377655029
0.0021500885486602783,-0.04524746164679527,-0.02054576203227043,0.11639805883169174
0.0024615079164505005,-0.044031526893377304,-0.0218166746199131,0.11404415965080261
0.002599261701107025,-0.04380229488015175,-0.022099778056144714,0.11344799399375916
0.002805449068546295,-0.04316782206296921,-0.022066630423069,0.11155368387699127
0.0029517412185668945,-0.043041761964559555,-0.02217010408639908,0.11122538149356842
0.003921076655387878,-0.041072990745306015,-0.020762644708156586,0.1103605329990387
0.0040784552693367004,-0.04081191495060921,-0.020308487117290497,0.11021462082862854
0.004761151969432831,-0.03893570229411125,-0.019343066960573196,0.10750122368335724
0.0048454925417900085,-0.03897033631801605,-0.01905229315161705,0.10704389214515686
0.005639508366584778,-0.03808820992708206,-0.018522407859563828,0.10394236445426941
0.005757339298725128,-0.03801148012280464,-0.018147706985473633,0.10327865928411484
0.0060150474309921265,-0.037641480565071106,-0.0148092620074749,0.10203314572572708
0.005947224795818329,-0.037902191281318665,-0.0141163170337677,0.10199955105781555
0.007452413439750671,-0.036910682916641235,-0.013989709317684174,0.10043410956859589
0.007669083774089813,-0.037012696266174316,-0.01400342583656311,0.10032165050506592
0.00824534147977829,-0.03680642694234848,-0.014323905110359192,0.0986218973994255
0.00832587480545044,-0.036826349794864655,-0.014043819159269333,0.09819208085536957
0.007493123412132263,-0.038467250764369965,-0.013811375945806503,0.0996212512254715
0.007255852222442627,-0.038850992918014526,-0.013676699250936508,0.09990114718675613
0.00784197449684143,-0.03905745595693588,-0.013311471790075302,0.09839055687189102
0.007828041911125183,-0.03919694572687149,-0.013135194778442383,0.09808114171028137
0.007752962410449982,-0.03931843116879463,-0.01148587092757225,0.09693259745836258
0.007668837904930115,-0.039305806159973145,-0.011023007333278656,0.09678040444850922
0.007689163088798523,-0.03957945480942726,-0.01140042394399643,0.09499090164899826
0.007743701338768005,-0.039636317640542984,-0.011302419006824493,0.09447459131479263
0.008146300911903381,-0.03818744793534279,-0.012432269752025604,0.09425444900989532
0.008236989378929138,-0.038049615919589996,-0.012465447187423706,0.09396851062774658
0.008129797875881195,-0.03753649443387985,-0.013947870582342148,0.09077320247888565
0.008611306548118591,-0.03739798069000244,-0.013525009155273438,0.088793084025383
0.008719608187675476,-0.03755630552768707,-0.01309177652001381,0.08840522915124893
0.010425016283988953,-0.037103332579135895,-0.014282040297985077,0.08753912895917892
0.010713890194892883,-0.03731701523065567,-0.014505598694086075,0.08738257735967636
0.010746031999588013,-0.03741256892681122,-0.014514490962028503,0.08736824244260788
0.012397401034832,-0.0366109162569046,-0.015752319246530533,0.08618555217981339
0.012901797890663147,-0.035957545042037964,-0.017298366874456406,0.08423562347888947
0.013065546751022339,-0.035915955901145935,-0.017604634165763855,0.08373376727104187
0.01321864128112793,-0.03431667387485504,-0.017079703509807587,0.08138781785964966
0.013328716158866882,-0.03421086072921753,-0.017018146812915802,0.08106539398431778
0.012863285839557648,-0.03372150659561157,-0.016677122563123703,0.07954166829586029
0.012866415083408356,-0.0335659459233284,-0.016557641327381134,0.07932817190885544
0.013330474495887756,-0.03308703750371933,-0.015256240963935852,0.07849939912557602
0.013425521552562714,-0.03297252953052521,-0.014978516846895218,0.07848422229290009
0.01358029991388321,-0.03191182762384415,-0.014198880642652512,0.07876034080982208
0.013615027070045471,-0.031865015625953674,-0.014016184955835342,0.07876463234424591
0.013204216957092285,-0.03063170611858368,-0.014199845492839813,0.078770212829113
0.013157151639461517,-0.03011731058359146,-0.01413620263338089,0.07848111540079117
0.01330316811800003,-0.02915474772453308,-0.016203202307224274,0.07665549963712692
0.013355329632759094,-0.028632983565330505,-0.016650263220071793,0.07580291479825974
0.013832531869411469,-0.0280427485704422,-0.015731222927570343,0.07395876199007034
0.0139431431889534,-0.027683250606060028,-0.01555672287940979,0.07378383725881577
0.014967083930969238,-0.026424981653690338,-0.013708189129829407,0.07162535935640335
0.015117637813091278,-0.025953352451324463,-0.013189326971769333,0.07129574567079544
0.015500858426094055,-0.025336898863315582,-0.010120205581188202,0.06903179734945297
0.015553593635559082,-0.02524843066930771,-0.009619377553462982,0.069121815264225
0.014768734574317932,-0.02542729675769806,-0.009947061538696289,0.06863608956336975
0.014679253101348877,-0.02558833360671997,-0.010120555758476257,0.06866147369146347
0.014671698212623596,-0.02561519294977188,-0.010131187736988068,0.0686720535159111
0.013856828212738037,-0.02663445472717285,-0.011964697390794754,0.0699945017695427
0.013712584972381592,-0.02660110592842102,-0.012277163565158844,0.06998997181653976
0.013955220580101013,-0.027281038463115692,-0.012546185404062271,0.07066962867975235
0.014574036002159119,-0.026114314794540405,-0.012212499976158142,0.0711788758635521
0.01468987762928009,-0.0257607102394104,-0.012020252645015717,0.07115098834037781
0.015495777130126953,-0.024546965956687927,-0.01126503199338913,0.07022970169782639
0.01564668118953705,-0.02426162362098694,-0.011085174977779388,0.07002925127744675
0.017155833542346954,-0.022871844470500946,-0.009917668998241425,0.06843876093626022
0.01739848405122757,-0.02279134839773178,-0.00965392217040062,0.06820658594369888
0.017210543155670166,-0.023666076362133026,-0.011055823415517807,0.07026838511228561
0.01715550571680069,-0.023853525519371033,-0.011404972523450851,0.07059607654809952
0.01720178872346878,-0.02402026206254959,-0.011981703341007233,0.07155483216047287
0.017198637127876282,-0.024287886917591095,-0.012203149497509003,0.07191360741853714
0.017794065177440643,-0.02458181232213974,-0.013108763843774796,0.06997983157634735
0.018337182700634003,-0.02419213205575943,-0.014175225049257278,0.06727524101734161
0.01848287135362625,-0.02433203160762787,-0.014389712363481522,0.06675443053245544
0.01850230246782303,-0.024371877312660217,-0.014400765299797058,0.06671154499053955
0.018506065011024475,-0.024180613458156586,-0.012438703328371048,0.06610292196273804
0.018870651721954346,-0.023850388824939728,-0.011277545243501663,0.06549715995788574
0.018875308334827423,-0.023839883506298065,-0.011008210480213165,0.0654049664735794
0.01887279748916626,-0.023860372602939606,-0.010989528149366379,0.06540100276470184
0.018979504704475403,-0.023311875760555267,-0.010521676391363144,0.06301694363355637
0.019055724143981934,-0.02336033433675766,-0.01044917106628418,0.06259330362081528
0.019067861139774323,-0.0234849750995636,-0.009943731129169464,0.06092691421508789
0.019562654197216034,-0.02284504473209381,-0.010298941284418106,0.05936398357152939
0.019676774740219116,-0.022671252489089966,-0.01041698083281517,0.059080012142658234
0.020210906863212585,-0.0223761647939682,-0.010410267859697342,0.058099664747714996
0.020312704145908356,-0.022389806807041168,-0.010370232164859772,0.05783640593290329
0.021329127252101898,-0.021890372037887573,-0.008486967533826828,0.05794806778430939
0.021440275013446808,-0.021979980170726776,-0.008069906383752823,0.058094874024391174
0.021820247173309326,-0.021521933376789093,-0.006646391004323959,0.05884525924921036
0.021844938397407532,-0.021415047347545624,-0.006298623979091644,0.059083886444568634
0.02177424728870392,-0.02055070549249649,-0.00658329576253891,0.059889569878578186
0.021801382303237915,-0.020342469215393066,-0.006530068814754486,0.05996972322463989
0.02160857617855072,-0.019603192806243896,-0.004505492746829987,0.061925165355205536
0.0215240940451622,-0.019121535122394562,-0.0038940273225307465,0.06236036866903305
0.02196396142244339,-0.01904037594795227,-0.004411458969116211,0.060254089534282684
0.02208194136619568,-0.019023068249225616,-0.004632696509361267,0.0597592294216156
0.02309490740299225,-0.018834508955478668,-0.004347674548625946,0.05958355963230133
0.02326277643442154,-0.018750689923763275,-0.004279036074876785,0.05945916473865509
0.02426186203956604,-0.017871104180812836,-0.004337858408689499,0.05746408551931381
0.024496592581272125,-0.017903313040733337,-0.004475999623537064,0.05715931951999664
0.024747110903263092,-0.017943263053894043,-0.005816806107759476,0.05521716922521591
0.024840734899044037,-0.018125437200069427,-0.006137348711490631,0.05479058623313904
0.024675726890563965,-0.017978541553020477,-0.006203383207321167,0.05492721498012543
0.024691089987754822,-0.01766674965620041,-0.00613543763756752,0.05497395247220993
0.024408504366874695,-0.01769234985113144,-0.0055786482989788055,0.054084040224552155
0.024081602692604065,-0.018139980733394623,-0.004715818911790848,0.05463706701993942
0.02399490773677826,-0.018224753439426422,-0.004553854465484619,0.05484706163406372
0.024747468531131744,-0.0176410973072052,-0.002778857946395874,0.05477976053953171
0.02481462061405182,-0.017270177602767944,-0.002341214567422867,0.05472514033317566
0.024817295372486115,-0.017229825258255005,-0.00231374055147171,0.054720185697078705
0.025002457201480865,-0.016118116676807404,-0.0030459798872470856,0.0560280978679657
0.025022543966770172,-0.015303388237953186,-0.0029965676367282867,0.05574963241815567
0.025077499449253082,-0.014966949820518494,-0.004469018429517746,0.054010383784770966
0.025142990052700043,-0.0151524618268013,-0.004879053682088852,0.05361191928386688
0.025203697383403778,-0.01463741809129715,-0.005828581750392914,0.05172279477119446
0.02543850988149643,-0.01406310498714447,-0.005898762494325638,0.04997924715280533
0.02550525963306427,-0.014047212898731232,-0.005907241255044937,0.04977799206972122
0.026111319661140442,-0.013697691261768341,-0.00493202731013298,0.04912292957305908
0.0261741504073143,-0.013342827558517456,-0.004604797810316086,0.04898090660572052
0.026020914316177368,-0.013329677283763885,-0.004416991025209427,0.04999133199453354
0.02593640238046646,-0.013099871575832367,-0.004296816885471344,0.05010472238063812
0.025755494832992554,-0.013577133417129517,-0.0036209486424922943,0.049462370574474335
0.02566426247358322,-0.013647548854351044,-0.003489673137664795,0.04928851127624512
0.025350995361804962,-0.013714045286178589,-0.002503585070371628,0.05054289102554321
0.025260888040065765,-0.013663284480571747,-0.0022472813725471497,0.05088286101818085
0.024578414857387543,-0.014041751623153687,-0.0032734163105487823,0.05094984173774719
0.024467408657073975,-0.01410568505525589,-0.0035024285316467285,0.05098781734704971
0.024588897824287415,-0.013792641460895538,-0.0030321069061756134,0.05192628502845764
0.02457788586616516,-0.013683520257472992,-0.0028529465198516846,0.05204251408576965
0.02457430213689804,-0.013673990964889526,-0.002841264009475708,0.05204975605010986
0.025058627128601074,-0.013288721442222595,-0.0030772164463996887,0.05161046236753464
0.025433436036109924,-0.01318204402923584,-0.0028953999280929565,0.05095696449279785
0.025488346815109253,-0.01309080421924591,-0.0028644874691963196,0.050848305225372314
0.02593860775232315,-0.012737110257148743,-0.0032693296670913696,0.0497487410902977
0.026064157485961914,-0.012707553803920746,-0.003428984433412552,0.04948362708091736
0.02652706205844879,-0.011850260198116302,-0.0036837756633758545,0.048153385519981384
0.02662547677755356,-0.011808015406131744,-0.0037957578897476196,0.04780159145593643
0.026269927620887756,-0.011724911630153656,-0.004547853022813797,0.04791293293237686
0.026227064430713654,-0.011826932430267334,-0.004744447767734528,0.04786048084497452
0.02641616016626358,-0.012338653206825256,-0.004652820527553558,0.0478227436542511
0.026417523622512817,-0.012363187968730927,-0.004633881151676178,0.04783031344413757
0.026383161544799805,-0.01305437833070755,-0.005280777812004089,0.048483707010746
0.02634652704000473,-0.013080604374408722,-0.005432397127151489,0.048514820635318756
0.026707418262958527,-0.012852467596530914,-0.005769990384578705,0.047621287405490875
0.02718520164489746,-0.012391217052936554,-0.00504017248749733,0.04772888869047165
0.02730771154165268,-0.012143701314926147,-0.004812993109226227,0.04790591448545456
0.027509160339832306,-0.012031488120555878,-0.004334613680839539,0.0484909862279892
0.027511104941368103,-0.01189897209405899,-0.0041646212339401245,0.048549994826316833
0.027661196887493134,-0.011569231748580933,-0.004144728183746338,0.04811536520719528
0.027685537934303284,-0.011507540941238403,-0.0041403211653232574,0.04805172234773636
0.02794560045003891,-0.011217042803764343,-0.0039033889770507812,0.046695008873939514
0.028024964034557343,-0.011236980557441711,-0.003879804164171219,0.046488724648952484
0.028293684124946594,-0.011040911078453064,-0.004086043685674667,0.04532496631145477
0.028377428650856018,-0.011046864092350006,-0.004146941006183624,0.045093730092048645
0.028288163244724274,-0.011041060090065002,-0.004013359546661377,0.045178212225437164
0.02825447916984558,-0.010999955236911774,-0.0039642490446567535,0.045179836452007294
0.028163664042949677,-0.01096159964799881,-0.0033345669507980347,0.04513382166624069
0.02811642736196518,-0.011000432074069977,-0.0032158419489860535,0.045223698019981384
0.028349071741104126,-0.01089736819267273,-0.0023443102836608887,0.04533841460943222
0.02836603671312332,-0.010854773223400116,-0.002149965614080429,0.04545939713716507
0.028221018612384796,-0.01106523722410202,-0.0010345280170440674,0.04579155892133713
0.028179265558719635,-0.01099114865064621,-0.0008266940712928772,0.04607806354761124
0.02858077734708786,-0.01052740216255188,-0.0002928636968135834,0.04636190086603165
0.02865232527256012,-0.010306477546691895,-0.00014632567763328552,0.046445541083812714
0.029083527624607086,-0.010442458093166351,0.0006857551634311676,0.04508785158395767
0.029143735766410828,-0.010592155158519745,0.0007946491241455078,0.04493197798728943
0.029245637357234955,-0.010668225586414337,0.0020269714295864105,0.04621092230081558
0.029195085167884827,-0.010633215308189392,0.0023476146161556244,0.046523064374923706
0.029606327414512634,-0.010934874415397644,0.0019054003059864044,0.0452389121055603
0.029690101742744446,-0.011132016777992249,0.0018374361097812653,0.044775404036045074
0.029830709099769592,-0.0107894167304039,0.001264043152332306,0.04449853301048279
0.029893316328525543,-0.010797880589962006,0.0011349506676197052,0.044453978538513184
0.029833562672138214,-0.010450340807437897,0.00026658549904823303,0.043790921568870544
0.029938392341136932,-0.01075589656829834,0.0002861320972442627,0.04260677099227905
0.029941387474536896,-0.011083193123340607,0.0002617165446281433,0.04250307381153107
0.029915258288383484,-0.010785706341266632,0.00036375224590301514,0.04248468577861786
0.02993367612361908,-0.010701410472393036,0.000341612845659256,0.04260413348674774
0.03034268319606781,-0.010290674865245819,0.0005888082087039948,0.04295527935028076
0.030427366495132446,-0.010076232254505157,0.0006400756537914276,0.04304123669862747
0.030750751495361328,-0.00959768146276474,0.0004997402429580688,0.04356177896261215
0.03081861138343811,-0.009446106851100922,0.000527065247297287,0.04355394095182419
0.030964963138103485,-0.00899486243724823,0.0004295557737350464,0.04408746212720871
0.03099065274000168,-0.008717983961105347,0.0004883818328380585,0.04408624768257141
0.03079419583082199,-0.008458621799945831,-0.0010652877390384674,0.0440911203622818
0.030788056552410126,-0.00829874724149704,-0.0013764798641204834,0.04381020367145538
0.0310804545879364,-0.007981136441230774,-0.002827133983373642,0.04340723901987076
0.03116154670715332,-0.007715463638305664,-0.003044944256544113,0.0429944172501564
0.03127945959568024,-0.007620982825756073,-0.003467842936515808,0.043194808065891266
0.031309664249420166,-0.0076253339648246765,-0.0035529136657714844,0.04315635561943054
0.031043268740177155,-0.007880687713623047,-0.0036419928073883057,0.04325881600379944
0.03098224848508835,-0.007887743413448334,-0.0036436617374420166,0.04324719309806824
0.031091466546058655,-0.007970385253429413,-0.003244176506996155,0.042743608355522156
0.031105972826480865,-0.007871441543102264,-0.0031202994287014008,0.04267244040966034
0.030945658683776855,-0.008025743067264557,-0.003160003572702408,0.04304976016283035
0.030801020562648773,-0.008186183869838715,-0.0024981871247291565,0.04350820183753967
0.030769288539886475,-0.008143715560436249,-0.002336256206035614,0.04362316429615021
0.030764006078243256,-0.008132711052894592,-0.0023238807916641235,0.0436280220746994
0.03034525364637375,-0.00822795182466507,-0.002244766801595688,0.04421738535165787
0.030206948518753052,-0.008223772048950195,-0.0019211210310459137,0.04496375471353531
0.03016124665737152,-0.008262813091278076,-0.00186886265873909,0.04514235258102417
0.030155204236507416,-0.008261613547801971,-0.0018655061721801758,0.04515645653009415
0.03043513000011444,-0.007994182407855988,-0.0012474507093429565,0.044635698199272156
0.030456535518169403,-0.007884874939918518,-0.0010929442942142487,0.04459194093942642
0.030824780464172363,-0.0075660645961761475,-0.0006860755383968353,0.04425989091396332
0.03089858591556549,-0.007409892976284027,-0.0005666874349117279,0.044153936207294464
0.03138462454080582,-0.007190488278865814,-0.0006244145333766937,0.044135741889476776
0.03147163242101669,-0.007111094892024994,-0.0006100162863731384,0.04402051866054535
0.03174249082803726,-0.006929248571395874,0.00020229816436767578,0.0429673045873642
0.03178448975086212,-0.006936691701412201,0.0003549531102180481,0.042880915105342865
0.03201569616794586,-0.00663062185049057,0.0005689114332199097,0.04312194138765335
0.03209729492664337,-0.00648730993270874,0.0006287135183811188,0.043218426406383514
0.03213437646627426,-0.006703779101371765,0.000649183988571167,0.04297417402267456
0.03218105435371399,-0.0068011656403541565,0.0006437860429286957,0.04291803389787674
0.03236086666584015,-0.007102936506271362,0.0007707402110099792,0.042419612407684326
0.03275957703590393,-0.007157184183597565,0.0014013685286045074,0.041501618921756744
0.03279910236597061,-0.007202163338661194,0.0015103034675121307,0.04141446202993393
0.03310723602771759,-0.007146582007408142,0.0010992512106895447,0.041500456631183624
0.033184878528118134,-0.007140710949897766,0.0009962879121303558,0.04144731163978577
0.03325653821229935,-0.006931476294994354,0.0011427141726016998,0.042018868029117584
0.033248960971832275,-0.006840109825134277,0.0012448355555534363,0.04211413115262985
0.03322283923625946,-0.006967224180698395,0.0011110156774520874,0.041926003992557526
0.03323633223772049,-0.006968170404434204,0.0010648630559444427,0.041864752769470215
0.033391185104846954,-0.006826817989349365,0.0012159273028373718,0.041283801198005676
0.033429257571697235,-0.006802208721637726,0.0012067519128322601,0.04117459058761597
0.0334073007106781,-0.006819218397140503,0.0013846419751644135,0.040923453867435455
0.03339352458715439,-0.006873369216918945,0.001401904970407486,0.04090701788663864
0.03353892266750336,-0.007110796868801117,0.0019690729677677155,0.04085971415042877
0.033534057438373566,-0.007207095623016357,0.0020861439406871796,0.040895722806453705
0.03358665853738785,-0.007110573351383209,0.00229090079665184,0.04139035940170288
0.033584125339984894,-0.00711311399936676,0.0023378469049930573,0.041527703404426575
0.03358814865350723,-0.007162958383560181,0.0022076256573200226,0.04125306010246277
0.03379462659358978,-0.007327564060688019,0.0016970820724964142,0.04132664203643799
0.033822014927864075,-0.007474824786186218,0.0015770606696605682,0.04129937291145325
0.03363541513681412,-0.007775686681270599,0.0013375729322433472,0.04156959801912308
0.03363293409347534,-0.007946625351905823,0.0012281574308872223,0.04169445484876633
0.03365154564380646,-0.006744712591171265,0.0007293745875358582,0.04078929126262665
0.033702172338962555,-0.0063418373465538025,0.0006671212613582611,0.04047272354364395
0.034128062427043915,-0.005292057991027832,0.0007368437945842743,0.04031212627887726
0.034212738275527954,-0.004909418523311615,0.000802263617515564,0.04022441804409027
0.0345621183514595,-0.0056772977113723755,3.390386700630188e-05,0.041985705494880676
0.03463130444288254,-0.005988463759422302,0.0008213147521018982,0.042544618248939514
0.03459522873163223,-0.005995459854602814,0.0010378994047641754,0.04265650361776352
0.034898944199085236,-0.0056493282318115234,0.001872565597295761,0.04191061109304428
0.03493253141641617,-0.005484133958816528,0.0020993389189243317,0.04173114150762558
0.034937456250190735,-0.005495734512805939,0.001265253871679306,0.04102374613285065
0.0349857434630394,-0.00542883574962616,0.0010959319770336151,0.040736451745033264
0.03453972190618515,-0.006071232259273529,0.000967714935541153,0.041667476296424866
0.03442911058664322,-0.0063679516315460205,0.0008824989199638367,0.041889749467372894
0.03452213108539581,-0.005548715591430664,0.0015347860753536224,0.041501305997371674
0.0345318540930748,-0.005305729806423187,0.0016988925635814667,0.041631050407886505
0.03432554751634598,-0.005044005811214447,0.0016922391951084137,0.041135095059871674
0.03429859131574631,-0.005023963749408722,0.0016599111258983612,0.04104950278997421
0.03430837392807007,-0.005018994212150574,0.001497168093919754,0.04095863550901413
0.03432227671146393,-0.004985988140106201,0.0014672912657260895,0.0409248024225235
0.03438933938741684,-0.004968777298927307,0.0014322884380817413,0.04101496934890747
0.03440440446138382,-0.00496450811624527,0.0014274530112743378,0.04103013873100281
0.034430332481861115,-0.004970520734786987,0.0013108067214488983,0.040896594524383545
0.03443961590528488,-0.004997186362743378,0.0012727975845336914,0.04085210710763931
0.034475184977054596,-0.005003772675991058,0.0012866295874118805,0.04079747200012207
0.034481652081012726,-0.004989795386791229,0.0012934543192386627,0.04078969359397888
0.034498974680900574,-0.004985533654689789,0.001309908926486969,0.04075774550437927
0.03449774533510208,-0.004978902637958527,0.0013293735682964325,0.040765486657619476
0.03449641913175583,-0.004974968731403351,0.0013355910778045654,0.04076876491308212
0.034496091306209564,-0.004974730312824249,0.0013361871242523193,0.040769062936306
0.03447573632001877,-0.0049767643213272095,0.0013486631214618683,0.04078549146652222
0.034483425319194794,-0.004974476993083954,0.0014635585248470306,0.04085307568311691
0.034478507936000824,-0.004981733858585358,0.001485820859670639,0.0408715158700943
0.034477829933166504,-0.0049833133816719055,0.0014958493411540985,0.04086994379758835
0.034477509558200836,-0.004982858896255493,0.0014981292188167572,0.04086962342262268
0.0344759002327919,-0.004983596503734589,0.0014959834516048431,0.0408690869808197
0.03447578102350235,-0.004983052611351013,0.001495998352766037,0.040868550539016724
0.03447540104389191,-0.0049811601638793945,0.0014952607452869415,0.040872059762477875
0.03447540104389191,-0.004980303347110748,0.001495596021413803,0.040872812271118164
0.03447490930557251,-0.0049806758761405945,0.0014933235943317413,0.04087454080581665
0.03447471559047699,-0.004981435835361481,0.0014926083385944366,0.040874697268009186
0.03447481989860535,-0.004980489611625671,0.0014947615563869476,0.040874749422073364
0.03447479009628296,-0.004980430006980896,0.0014950744807720184,0.04087495058774948
0.03447268158197403,-0.00498151034116745,0.0014851875603199005,0.04087334871292114
0.03447256237268448,-0.004981532692909241,0.0014832578599452972,0.040872372686862946
0.03447258472442627,-0.0049814507365226746,0.0014831535518169403,0.04087230563163757
0.03447261452674866,-0.004981435835361481,0.0014830417931079865,0.04087230563163757
0.03461737185716629,-0.004891648888587952,0.0011415034532546997,0.0413522869348526
0.03464540094137192,-0.0048242732882499695,0.0010980144143104553,0.04134812206029892
0.03464868664741516,-0.004821881651878357,0.0010951794683933258,0.04134436696767807
0.0346565917134285,-0.0049266517162323,0.0008858107030391693,0.04155851900577545
0.03466290235519409,-0.004919685423374176,0.0008628182113170624,0.0415918231010437
0.03467585891485214,-0.004756666719913483,0.0006987228989601135,0.04149308800697327
0.03477524220943451,-0.004655167460441589,0.0007635354995727539,0.04119682312011719
0.034814514219760895,-0.004625506699085236,0.0007645897567272186,0.04120396822690964
0.03480995446443558,-0.005014486610889435,0.0008273757994174957,0.04068244248628616
0.034813836216926575,-0.005157634615898132,0.0007920116186141968,0.040588416159152985
0.03496484458446503,-0.004918739199638367,0.0008460432291030884,0.04179373383522034
0.03498712182044983,-0.004714950919151306,0.0009209774434566498,0.04202917218208313
0.03498823195695877,-0.004689276218414307,0.0009284503757953644,0.04204850643873215
0.035077378153800964,-0.00456518679857254,-0.00028098002076148987,0.04221993684768677
0.03512781858444214,-0.004594080150127411,-0.0005603432655334473,0.042139023542404175
0.03520374745130539,-0.004604026675224304,-0.0016866177320480347,0.041928187012672424
0.03536508232355118,-0.004854880273342133,-0.0012159906327724457,0.04136877506971359
0.03536596894264221,-0.004934132099151611,-0.0010966211557388306,0.04129118472337723
0.035364724695682526,-0.004952788352966309,-0.001089446246623993,0.04128359258174896
0.03538253903388977,-0.004849784076213837,-0.0010515972971916199,0.04138748347759247
0.03573193401098251,-0.005049489438533783,-0.00031201913952827454,0.041940443217754364
0.035794906318187714,-0.005045562982559204,-0.00012889131903648376,0.04204554110765457
0.035847604274749756,-0.004392467439174652,0.0004541128873825073,0.04203113913536072
0.0358738899230957,-0.0040428489446640015,0.0006689243018627167,0.04211246967315674
0.03593389689922333,-0.004548586905002594,0.0003562644124031067,0.04171138256788254
0.03629440814256668,-0.005018025636672974,-0.0002243630588054657,0.04193691909313202
0.036355458199977875,-0.005192950367927551,-0.00032298266887664795,0.041924379765987396
0.03623262792825699,-0.005014792084693909,-0.0007526539266109467,0.04186609387397766
0.036226786673069,-0.004979513585567474,-0.0008854605257511139,0.04181217402219772
0.036067016422748566,-0.004789561033248901,-0.0006004981696605682,0.04242480546236038
0.03603142499923706,-0.0047257766127586365,-0.0005040019750595093,0.04263819009065628
0.03630083054304123,-0.004864148795604706,-0.00038868188858032227,0.04280935972929001
0.036338090896606445,-0.004959613084793091,-0.00035753101110458374,0.04282017797231674
0.03641065955162048,-0.005161255598068237,-0.0004755184054374695,0.04168787598609924
0.03644730895757675,-0.0052543580532073975,-0.000573769211769104,0.04146774858236313
0.036427371203899384,-0.005298301577568054,-0.0002192966639995575,0.04046501964330673
0.03642238676548004,-0.0053361207246780396,-0.00020411983132362366,0.0403318852186203
0.036421917378902435,-0.005343124270439148,-0.0002043209969997406,0.04032307118177414
0.036724455654621124,-0.004954904317855835,0.0010544992983341217,0.03964656591415405
0.03674808889627457,-0.0051406919956207275,0.0012721680104732513,0.039681270718574524
0.036751940846443176,-0.004918031394481659,0.0015436150133609772,0.039677493274211884
0.03674478828907013,-0.0050030723214149475,0.0015779398381710052,0.039738066494464874
0.036697886884212494,-0.0051008909940719604,0.0013112537562847137,0.039713092148303986
0.036656543612480164,-0.005117036402225494,0.0011158697307109833,0.03942275047302246
0.036657415330410004,-0.005086161196231842,0.0010966621339321136,0.039342135190963745
0.03665775805711746,-0.005081504583358765,0.0010961592197418213,0.03933381289243698
0.036657802760601044,-0.005080588161945343,0.0010961592197418213,0.039332933723926544
0.036657802760601044,-0.00508040189743042,0.001096148043870926,0.039332807064056396
0.036657802760601044,-0.005080372095108032,0.0010961741209030151,0.039332807064056396
0.036657802760601044,-0.005080357193946838,0.0010961741209030151,0.039332807064056396
0.036657802760601044,-0.005080357193946838,0.0010961741209030151,0.039332807064056396
0.036657802760601044,-0.005080357193946838,0.0010961741209030151,0.039332807064056396
0.036657802760601044,-0.005080357193946838,0.0010961741209030151,0.039332807064056396
0.03669900447130203,-0.005108773708343506,0.0011156871914863586,0.03936818987131119
0.036701954901218414,-0.0051092058420181274,0.0011208802461624146,0.039377279579639435
0.036733925342559814,-0.005107499659061432,0.0012252479791641235,0.03946256637573242
0.03673536330461502,-0.0051133036613464355,0.001245357096195221,0.039494819939136505
0.03681165724992752,-0.0051956698298454285,0.0013316571712493896,0.039818406105041504
0.036816082894802094,-0.005201615393161774,0.0013644658029079437,0.039860330522060394
0.036721304059028625,-0.005473822355270386,0.0008770935237407684,0.03953462839126587
0.03671305626630783,-0.00566757470369339,0.0006803013384342194,0.03948696702718735
0.03650017827749252,-0.0043451860547065735,0.0012339204549789429,0.03829767554998398
0.036469586193561554,-0.0038568824529647827,0.0014375410974025726,0.03817935287952423
0.03659854084253311,-0.004024617373943329,0.002181846648454666,0.03848131000995636
0.03660977631807327,-0.003981940448284149,0.002407137304544449,0.038548678159713745
0.037246376276016235,-0.0027699917554855347,0.0027164779603481293,0.037382274866104126
0.03741186857223511,-0.0024503543972969055,0.002807382494211197,0.03717668354511261
0.03687817603349686,-0.0024150237441062927,0.001730639487504959,0.03899161517620087
0.03679623454809189,-0.0015599578619003296,0.0017224811017513275,0.039028994739055634
0.036924637854099274,-0.0016007497906684875,0.0015170015394687653,0.03931093215942383
0.03695802390575409,-0.0015610158443450928,0.0014891661703586578,0.039389222860336304
0.03697945922613144,-0.0015053898096084595,0.0014859773218631744,0.039289116859436035
0.03698600083589554,-0.0014954283833503723,0.0014839209616184235,0.03926311433315277
0.03698126971721649,-0.001513168215751648,0.0013739131391048431,0.03916922211647034
0.03698721528053284,-0.001516871154308319,0.0013418160378932953,0.03914796561002731
0.036988310515880585,-0.0015179365873336792,0.0013396702706813812,0.03914656490087509
0.03698844462633133,-0.0015180855989456177,0.0013396553695201874,0.039146602153778076
0.03700876235961914,-0.0014650896191596985,0.0016281045973300934,0.039247237145900726
0.03700152039527893,-0.0014427676796913147,0.0017028115689754486,0.039293333888053894
0.03698059171438217,-0.001442544162273407,0.0015874095261096954,0.039242036640644073
0.03698211908340454,-0.001435011625289917,0.0015606172382831573,0.03922201693058014
0.03700627386569977,-0.0014599189162254333,0.0017095841467380524,0.03938737511634827
0.03700081259012222,-0.0014802142977714539,0.0017371512949466705,0.0394277349114418
0.0369734913110733,-0.001475997269153595,0.0016319788992404938,0.03925459831953049
0.03697291761636734,-0.0014998763799667358,0.0016189329326152802,0.039232440292835236
0.03697316348552704,-0.0015147626399993896,0.001616109162569046,0.039234012365341187
0.036973245441913605,-0.0015162229537963867,0.0016158409416675568,0.0392339825630188
0.03697315603494644,-0.0014663636684417725,0.001674313098192215,0.039228133857250214
0.03697081655263901,-0.0014392584562301636,0.0016961954534053802,0.03922906517982483
0.03696121275424957,-0.0014104321599006653,0.0017850212752819061,0.03933084011077881
0.03695917874574661,-0.0013933181762695312,0.0018037594854831696,0.03935898840427399
0.03694091737270355,-0.001376219093799591,0.001660410314798355,0.03921970725059509
0.03694473206996918,-0.0013696476817131042,0.0016323588788509369,0.03917224705219269
0.03695676475763321,-0.0014707297086715698,0.001657102257013321,0.0391807034611702
0.036953046917915344,-0.001514248549938202,0.0016552843153476715,0.03919065743684769
0.03693369776010513,-0.001558251678943634,0.0015302784740924835,0.039229847490787506
0.036936841905117035,-0.0015446171164512634,0.0015092603862285614,0.03923897445201874
0.03691238909959793,-0.001437075436115265,0.0013972856104373932,0.03954985737800598
0.03690348565578461,-0.0014473646879196167,0.0013633407652378082,0.03961547464132309
0.03692009299993515,-0.001399599015712738,0.0014176331460475922,0.03956340253353119
0.036921218037605286,-0.0014066323637962341,0.0014048032462596893,0.03957373648881912
0.03697449713945389,-0.0011041611433029175,0.0013431161642074585,0.03970468044281006
0.03706866502761841,-0.0009505376219749451,0.001232687383890152,0.04008358716964722
0.03709042817354202,-0.0009255781769752502,0.001215822994709015,0.04014838486909866
0.03695090115070343,-0.000813901424407959,0.0009427331387996674,0.040112510323524475
0.03693534433841705,-0.0008248463273048401,0.0009058378636837006,0.040006741881370544
0.03673466295003891,-0.0006279274821281433,0.0010147057473659515,0.040757253766059875
0.036674484610557556,-0.0007090941071510315,0.000998426228761673,0.04086329787969589
0.03666718304157257,-0.0007241219282150269,0.000996716320514679,0.04086329787969589
0.03666634112596512,-0.0007270872592926025,0.0009966753423213959,0.04086264967918396
0.036666229367256165,-0.000728122889995575,0.0009962692856788635,0.04085689038038254
0.03666628152132034,-0.0007275566458702087,0.0009963475167751312,0.04085569083690643
0.036933064460754395,-0.0012183338403701782,0.001172676682472229,0.03989417850971222
0.036984845995903015,-0.0012160688638687134,0.0012020617723464966,0.03985501080751419
0.03695719689130783,-0.0014469325542449951,0.0006737373769283295,0.03996908664703369
0.03695567697286606,-0.0015838518738746643,0.0005169659852981567,0.03991994261741638
0.036921605467796326,-0.0015680864453315735,0.0007604323327541351,0.03978092223405838
0.03691937029361725,-0.0014659613370895386,0.0008764751255512238,0.03978220373392105
0.036918312311172485,-0.001444801688194275,0.0008858442306518555,0.03978734463453293
0.036871761083602905,-0.001339934766292572,0.00115232914686203,0.03976651281118393
0.03711584210395813,-0.00144147127866745,0.0013024285435676575,0.03950819373130798
0.037159375846385956,-0.0015686079859733582,0.0012940801680088043,0.039405182003974915
0.037060365080833435,-0.0015087053179740906,0.0016335658729076385,0.039026953279972076
0.03703349828720093,-0.0014691129326820374,0.0017189644277095795,0.0390319898724556
0.037024348974227905,-0.00163201242685318,0.0015034936368465424,0.038963429629802704
0.03703603893518448,-0.001771301031112671,0.0014120154082775116,0.03894927352666855
0.03699542582035065,-0.0013015270233154297,0.0014392249286174774,0.03814196586608887
0.03699636459350586,-0.0012624487280845642,0.0014372356235980988,0.03794962167739868
0.03705109655857086,-0.0015105009078979492,0.0014883168041706085,0.03768882900476456
0.037051521241664886,-0.001663707196712494,0.0014561675488948822,0.03763584792613983
0.03711544722318649,-0.0018577054142951965,0.0013107284903526306,0.037409618496894836
0.037118829786777496,-0.002012871205806732,0.0012411661446094513,0.03736017644405365
0.03707905113697052,-0.0022088363766670227,0.0014448948204517365,0.03786362707614899
0.037064388394355774,-0.002194635570049286,0.001506660133600235,0.038016073405742645
0.036924660205841064,-0.002604857087135315,0.0011151283979415894,0.03789734095335007
0.03689131140708923,-0.0028740689158439636,0.0009593106806278229,0.03785054385662079
0.03679689019918442,-0.002818003296852112,0.0008067004382610321,0.03757286071777344
0.03685671091079712,-0.0037488937377929688,0.0009298510849475861,0.03837423771619797
0.03685391694307327,-0.003934517502784729,0.0009162500500679016,0.038663655519485474
0.03684326261281967,-0.0037468522787094116,0.001675669103860855,0.03805425763130188
0.03682735562324524,-0.004042975604534149,0.0017354302108287811,0.03813309222459793
0.03682588040828705,-0.004077300429344177,0.0017361827194690704,0.03814825415611267
0.036804862320423126,-0.0041770413517951965,0.0024045370519161224,0.038295067846775055
0.03678828477859497,-0.004604339599609375,0.0014097578823566437,0.038790807127952576
0.03680659830570221,-0.004798784852027893,0.0011716969311237335,0.03867017477750778
0.036812976002693176,-0.0042038410902023315,0.0013664737343788147,0.03927129507064819
0.036806412041187286,-0.004023000597953796,0.0014680512249469757,0.03936748951673508
0.03670896589756012,-0.004724256694316864,0.0013203658163547516,0.039537496864795685
0.03666679561138153,-0.004924200475215912,0.0012606121599674225,0.039500877261161804
0.036655016243457794,-0.004942476749420166,0.001159820705652237,0.03934171050786972
0.03665655106306076,-0.005061045289039612,0.0011019222438335419,0.03933184593915939
0.03665758669376373,-0.005077265202999115,0.001096520572900772,0.03933217376470566
0.036657772958278656,-0.005079813301563263,0.0010962150990962982,0.039332687854766846
0.036657802760601044,-0.005080230534076691,0.001096148043870926,0.039332784712314606
0.036657802760601044,-0.005080327391624451,0.0010961741209030151,0.039332807064056396
0.036657802760601044,-0.005080357193946838,0.0010961741209030151,0.039332807064056396
0.036657802760601044,-0.005080357193946838,0.0010961741209030151,0.039332807064056396
0.03660023212432861,-0.004888907074928284,0.0007795765995979309,0.03998930752277374
0.03660411387681961,-0.004719160497188568,0.0007486939430236816,0.040075697004795074
0.03664751350879669,-0.004279538989067078,0.001830127090215683,0.03854050487279892
0.03664768487215042,-0.004044726490974426,0.002075422555208206,0.0384436771273613
0.03679947555065155,-0.004156172275543213,0.0025982894003391266,0.037693969905376434
0.036825984716415405,-0.004232130944728851,0.0026932917535305023,0.03757215291261673
0.036796264350414276,-0.0037501826882362366,0.0008727535605430603,0.037953801453113556
0.0368637815117836,-0.0033541396260261536,0.0005443617701530457,0.037774354219436646
0.036976560950279236,-0.0023911818861961365,0.0010687820613384247,0.03888627141714096
0.03698749840259552,-0.0015839487314224243,0.0014269761741161346,0.039041005074977875
0.03699374198913574,-0.0014502033591270447,0.0014874450862407684,0.039154693484306335
0.03699377924203873,-0.0013971105217933655,0.001506362110376358,0.03917146474123001
0.03699348121881485,-0.0013886168599128723,0.0015079490840435028,0.039172232151031494
0.03699345886707306,-0.0013871341943740845,0.0015080012381076813,0.039172135293483734
0.03699343651533127,-0.0013868436217308044,0.0015080831944942474,0.039172135293483734
0.03699343651533127,-0.001386791467666626,0.0015080831944942474,0.03917211294174194
0.03699343651533127,-0.0013867616653442383,0.0015080831944942474,0.03917211294174194
0.03699343651533127,-0.0013867616653442383,0.0015080831944942474,0.03917211294174194
0.03699343651533127,-0.0013867616653442383,0.0015080831944942474,0.03917211294174194
0.03699343651533127,-0.0013867616653442383,0.0015080831944942474,0.03917211294174194
0.03699343651533127,-0.0013867616653442383,0.0015080831944942474,0.03917211294174194
0.03699343651533127,-0.0013867616653442383,0.0015080831944942474,0.03917211294174194
0.03699343651533127,-0.0013867616653442383,0.0015080831944942474,0.03917211294174194
0.03699343651533127,-0.0013867616653442383,0.0015080831944942474,0.03917211294174194
0.03699343651533127,-0.0013867616653442383,0.0015080831944942474,0.03917211294174194
0.03699343651533127,-0.0013867616653442383,0.0015080831944942474,0.03917211294174194
0.03699343651533127,-0.0013867616653442383,0.0015080831944942474,0.03917211294174194
0.03699343651533127,-0.0013867616653442383,0.0015080831944942474,0.03917211294174194
0.03699343651533127,-0.0013867616653442383,0.0015080831944942474,0.03917211294174194
0.03699343651533127,-0.0013867616653442383,0.0015080831944942474,0.03917211294174194
0.03699343651533127,-0.0013867616653442383,0.0015080831944942474,0.03917211294174194
0.03699343651533127,-0.0013867616653442383,0.0015080831944942474,0.03917211294174194
0.03699343651533127,-0.0013867616653442383,0.0015080831944942474,0.03917211294174194
0.03699343651533127,-0.0013867616653442383,0.0015080831944942474,0.03917211294174194
0.03699343651533127,-0.0013867616653442383,0.0015080831944942474,0.03917211294174194
0.03699343651533127,-0.0013867616653442383,0.0015080831944942474,0.03917211294174194
0.03699343651533127,-0.0013867616653442383,0.0015080831944942474,0.03917211294174194
0.03699343651533127,-0.0013867616653442383,0.0015080831944942474,0.03917211294174194
0.03699343651533127,-0.0013867616653442383,0.0015080831944942474,0.03917211294174194
0.03699343651533127,-0.0013867616653442383,0.0015080831944942474,0.03917211294174194
0.03699343651533127,-0.0013867616653442383,0.0015080831944942474,0.03917211294174194
0.03699343651533127,-0.0013867616653442383,0.0015080831944942474,0.03917211294174194
0.03699343651533127,-0.0013867616653442383,0.0015080831944942474,0.03917211294174194
0.03699343651533127,-0.0013867616653442383,0.0015080831944942474,0.03917211294174194
0.03699343651533127,-0.0013867616653442383,0.0015080831944942474,0.03917211294174194
0.03699343651533127,-0.0013867616653442383,0.0015080831944942474,0.03917211294174194
0.03699343651533127,-0.0013867616653442383,0.0015080831944942474,0.03917211294174194
0.03699343651533127,-0.0013867616653442383,0.0015080831944942474,0.03917211294174194
0.03699343651533127,-0.0013867616653442383,0.0015080831944942474,0.03917211294174194
0.03699343651533127,-0.0013867616653442383,0.0015080831944942474,0.03917211294174194
0.03699343651533127,-0.0013867616653442383,0.0015080831944942474,0.03917211294174194
0.03699343651533127,-0.0013867616653442383,0.0015080831944942474,0.03917211294174194
0.03699343651533127,-0.0013867616653442383,0.0015080831944942474,0.03917211294174194
0.03699343651533127,-0.0013867616653442383,0.0015080831944942474,0.03917211294174194
0.03699343651533127,-0.0013867616653442383,0.0015080831944942474,0.03917211294174194
0.03699343651533127,-0.0013867616653442383,0.0015080831944942474,0.03917211294174194
0.03699343651533127,-0.0013867616653442383,0.0015080831944942474,0.03917211294174194
0.03699343651533127,-0.0013867616653442383,0.0015080831944942474,0.03917211294174194
0.03699343651533127,-0.0013867616653442383,0.0015080831944942474,0.03917211294174194
0.03699343651533127,-0.0013867616653442383,0.0015080831944942474,0.03917211294174194
0.03699343651533127,-0.0013867616653442383,0.0015080831944942474,0.03917211294174194
0.03699343651533127,-0.0013867616653442383,0.0015080831944942474,0.03917211294174194
0.03699343651533127,-0.0013867616653442383,0.0015080831944942474,0.03917211294174194
0.03699343651533127,-0.0013867616653442383,0.0015080831944942474,0.03917211294174194
0.03699343651533127,-0.0013867616653442383,0.0015080831944942474,0.03917211294174194
0.03699343651533127,-0.0013867616653442383,0.0015080831944942474,0.03917211294174194
0.03699343651533127,-0.0013867616653442383,0.0015080831944942474,0.03917211294174194
0.03699343651533127,-0.0013867616653442383,0.0015080831944942474,0.03917211294174194
0.03699343651533127,-0.0013867616653442383,0.0015080831944942474,0.03917211294174194
0.03699343651533127,-0.0013867616653442383,0.0015080831944942474,0.03917211294174194
0.03699343651533127,-0.0013867616653442383,0.0015080831944942474,0.03917211294174194
0.03699343651533127,-0.0013867616653442383,0.0015080831944942474,0.03917211294174194
0.03699343651533127,-0.0013867616653442383,0.0015080831944942474,0.03917211294174194
0.03699343651533127,-0.0013867616653442383,0.0015080831944942474,0.03917211294174194
0.03699343651533127,-0.0013867616653442383,0.0015080831944942474,0.03917211294174194
0.03699343651533127,-0.0013867616653442383,0.0015080831944942474,0.03917211294174194
0.03699343651533127,-0.0013867616653442383,0.0015080831944942474,0.03917211294174194
0.03699343651533127,-0.0013867616653442383,0.0015080831944942474,0.03917211294174194
0.03699343651533127,-0.0013867616653442383,0.0015080831944942474,0.03917211294174194
0.03699343651533127,-0.0013867616653442383,0.0015080831944942474,0.03917211294174194
0.03699343651533127,-0.0013867616653442383,0.0015080831944942474,0.03917211294174194
0.03699343651533127,-0.0013867616653442383,0.0015080831944942474,0.03917211294174194
0.03699343651533127,-0.0013867616653442383,0.0015080831944942474,0.03917211294174194
0.03699343651533127,-0.0013867616653442383,0.0015080831944942474,0.03917211294174194
0.03699343651533127,-0.0013867616653442383,0.0015080831944942474,0.03917211294174194
0.03699343651533127,-0.0013867616653442383,0.0015080831944942474,0.03917211294174194
0.03699343651533127,-0.0013867616653442383,0.0015080831944942474,0.03917211294174194
0.03699343651533127,-0.0013867616653442383,0.0015080831944942474,0.03917211294174194
0.03699343651533127,-0.0013867616653442383,0.0015080831944942474,0.03917211294174194
0.03699343651533127,-0.0013867616653442383,0.0015080831944942474,0.03917211294174194
0.03699343651533127,-0.0013867616653442383,0.0015080831944942474,0.03917211294174194
0.03699343651533127,-0.0013867616653442383,0.0015080831944942474,0.03917211294174194
0.03699343651533127,-0.0013867616653442383,0.0015080831944942474,0.03917211294174194
0.03699343651533127,-0.0013867616653442383,0.0015080831944942474,0.03917211294174194
0.03699343651533127,-0.0013867616653442383,0.0015080831944942474,0.03917211294174194
0.03699343651533127,-0.0013867616653442383,0.0015080831944942474,0.03917211294174194
0.03699343651533127,-0.0013867616653442383,0.0015080831944942474,0.03917211294174194
0.03699115663766861,-0.0013868212699890137,0.0015043802559375763,0.03918565809726715
0.03699076920747757,-0.0013851448893547058,0.0015040300786495209,0.0391879677772522
0.03699072450399399,-0.0013847947120666504,0.0015040598809719086,0.039188139140605927
0.036990709602832794,-0.001384735107421875,0.0015040598809719086,0.03918816149234772
0.036990709602832794,-0.0013847202062606812,0.0015040598809719086,0.03918816149234772
0.036990709602832794,-0.0013847202062606812,0.0015040598809719086,0.03918816149234772
0.036990709602832794,-0.0013847202062606812,0.0015040598809719086,0.03918816149234772
0.036990709602832794,-0.0013847202062606812,0.0015040598809719086,0.03918816149234772
0.036990709602832794,-0.0013847202062606812,0.0015040598809719086,0.03918816149234772
0.036990709602832794,-0.0013847202062606812,0.0015040598809719086,0.03918816149234772
0.036990709602832794,-0.0013847202062606812,0.0015040598809719086,0.03918816149234772
0.036990709602832794,-0.0013847202062606812,0.0015040598809719086,0.03918816149234772
0.036990709602832794,-0.0013847202062606812,0.0015040598809719086,0.03918816149234772
0.036990709602832794,-0.0013847202062606812,0.0015040598809719086,0.03918816149234772
0.036990709602832794,-0.0013847202062606812,0.0015040598809719086,0.03918816149234772
0.036990709602832794,-0.0013847202062606812,0.0015040598809719086,0.03918816149234772
0.036990709602832794,-0.0013847202062606812,0.0015040598809719086,0.03918816149234772
0.036990709602832794,-0.0013847202062606812,0.0015040598809719086,0.03918816149234772
0.036990709602832794,-0.0013847202062606812,0.0015040598809719086,0.03918816149234772
0.036990709602832794,-0.0013847202062606812,0.0015040598809719086,0.03918816149234772
0.036990709602832794,-0.0013847202062606812,0.0015040598809719086,0.03918816149234772
0.036990709602832794,-0.0013847202062606812,0.0015040598809719086,0.03918816149234772
0.036990709602832794,-0.0013847202062606812,0.0015040598809719086,0.03918816149234772
0.036990709602832794,-0.0013847202062606812,0.0015040598809719086,0.03918816149234772
0.036990709602832794,-0.0013847202062606812,0.0015040598809719086,0.03918816149234772
0.036990709602832794,-0.0013847202062606812,0.0015040598809719086,0.03918816149234772
0.036990709602832794,-0.0013847202062606812,0.0015040598809719086,0.03918816149234772
0.036990709602832794,-0.0013847202062606812,0.0015040598809719086,0.03918816149234772
0.036990709602832794,-0.0013847202062606812,0.0015040598809719086,0.03918816149234772
0.036990709602832794,-0.0013847202062606812,0.0015040598809719086,0.03918816149234772
0.036990709602832794,-0.0013847202062606812,0.0015040598809719086,0.03918816149234772
0.036990709602832794,-0.0013847202062606812,0.0015040598809719086,0.03918816149234772
0.036990709602832794,-0.0013847202062606812,0.0015040598809719086,0.03918816149234772
0.036990709602832794,-0.0013847202062606812,0.0015040598809719086,0.03918816149234772
0.036990709602832794,-0.0013847202062606812,0.0015040598809719086,0.03918816149234772
0.036990709602832794,-0.0013847202062606812,0.0015040598809719086,0.03918816149234772
0.036990709602832794,-0.0013847202062606812,0.0015040598809719086,0.03918816149234772
0.036990709602832794,-0.0013847202062606812,0.0015040598809719086,0.03918816149234772
0.036990709602832794,-0.0013847202062606812,0.0015040598809719086,0.03918816149234772
0.036990709602832794,-0.0013847202062606812,0.0015040598809719086,0.03918816149234772
0.036990709602832794,-0.0013847202062606812,0.0015040598809719086,0.03918816149234772
0.036990709602832794,-0.0013847202062606812,0.0015040598809719086,0.03918816149234772
0.036990709602832794,-0.0013847202062606812,0.0015040598809719086,0.03918816149234772
0.036990709602832794,-0.0013847202062606812,0.0015040598809719086,0.03918816149234772
0.036990709602832794,-0.0013847202062606812,0.0015040598809719086,0.03918816149234772
0.036990709602832794,-0.0013847202062606812,0.0015040598809719086,0.03918816149234772
0.036990709602832794,-0.0013847202062606812,0.0015040598809719086,0.03918816149234772
0.036990709602832794,-0.0013847202062606812,0.0015040598809719086,0.03918816149234772
0.036990709602832794,-0.0013847202062606812,0.0015040598809719086,0.03918816149234772
0.036990709602832794,-0.0013847202062606812,0.0015040598809719086,0.03918816149234772
0.036990709602832794,-0.0013847202062606812,0.0015040598809719086,0.03918816149234772
0.036990709602832794,-0.0013847202062606812,0.0015040598809719086,0.03918816149234772
0.036990709602832794,-0.0013847202062606812,0.0015040598809719086,0.03918816149234772
0.036990709602832794,-0.0013847202062606812,0.0015040598809719086,0.03918816149234772
0.036990709602832794,-0.0013847202062606812,0.0015040598809719086,0.03918816149234772
0.036990709602832794,-0.0013847202062606812,0.0015040598809719086,0.03918816149234772
0.036990709602832794,-0.0013847202062606812,0.0015040598809719086,0.03918816149234772
0.036990709602832794,-0.0013847202062606812,0.0015040598809719086,0.03918816149234772
0.036990709602832794,-0.0013847202062606812,0.0015040598809719086,0.03918816149234772
0.036990709602832794,-0.0013847202062606812,0.0015040598809719086,0.03918816149234772
0.036990709602832794,-0.0013847202062606812,0.0015040598809719086,0.03918816149234772
0.036990709602832794,-0.0013847202062606812,0.0015040598809719086,0.03918816149234772
0.036990709602832794,-0.0013847202062606812,0.0015040598809719086,0.03918816149234772
0.036990709602832794,-0.0013847202062606812,0.0015040598809719086,0.03918816149234772
0.036990709602832794,-0.0013847202062606812,0.0015040598809719086,0.03918816149234772
0.036990709602832794,-0.0013847202062606812,0.0015040598809719086,0.03918816149234772
0.036990709602832794,-0.0013847202062606812,0.0015040598809719086,0.03918816149234772
0.036990709602832794,-0.0013847202062606812,0.0015040598809719086,0.03918816149234772
0.036990709602832794,-0.0013847202062606812,0.0015040598809719086,0.03918816149234772
0.036990709602832794,-0.0013847202062606812,0.0015040598809719086,0.03918816149234772
0.036990709602832794,-0.0013847202062606812,0.0015040598809719086,0.03918816149234772
0.036990709602832794,-0.0013847202062606812,0.0015040598809719086,0.03918816149234772
0.036990709602832794,-0.0013847202062606812,0.0015040598809719086,0.03918816149234772
0.036990709602832794,-0.0013847202062606812,0.0015040598809719086,0.03918816149234772
0.036990709602832794,-0.0013847202062606812,0.0015040598809719086,0.03918816149234772
0.036990709602832794,-0.0013847202062606812,0.0015040598809719086,0.03918816149234772
0.036990709602832794,-0.0013847202062606812,0.0015040598809719086,0.03918816149234772
0.036990709602832794,-0.0013847202062606812,0.0015040598809719086,0.03918816149234772
0.036990709602832794,-0.0013847202062606812,0.0015040598809719086,0.03918816149234772
0.036990709602832794,-0.0013847202062606812,0.0015040598809719086,0.03918816149234772
0.036990709602832794,-0.0013847202062606812,0.0015040598809719086,0.03918816149234772
0.036990709602832794,-0.0013847202062606812,0.0015040598809719086,0.03918816149234772
0.036990709602832794,-0.0013847202062606812,0.0015040598809719086,0.03918816149234772
0.036990709602832794,-0.0013847202062606812,0.0015040598809719086,0.03918816149234772
0.036990709602832794,-0.0013847202062606812,0.0015040598809719086,0.03918816149234772
0.036990709602832794,-0.0013847202062606812,0.0015040598809719086,0.03918816149234772
0.036990709602832794,-0.0013847202062606812,0.0015040598809719086,0.03918816149234772
0.036990709602832794,-0.0013847202062606812,0.0015040598809719086,0.03918816149234772
0.036990709602832794,-0.0013847202062606812,0.0015040598809719086,0.03918816149234772
0.036990709602832794,-0.0013847202062606812,0.0015040598809719086,0.03918816149234772
0.036990709602832794,-0.0013847202062606812,0.0015040598809719086,0.03918816149234772
0.036990709602832794,-0.0013847202062606812,0.0015040598809719086,0.03918816149234772
0.036990709602832794,-0.0013847202062606812,0.0015040598809719086,0.03918816149234772
0.036990709602832794,-0.0013847202062606812,0.0015040598809719086,0.03918816149234772
0.036990709602832794,-0.0013847202062606812,0.0015040598809719086,0.03918816149234772
0.036990709602832794,-0.0013847202062606812,0.0015040598809719086,0.03918816149234772
0.036990709602832794,-0.0013847202062606812,0.0015040598809719086,0.03918816149234772
0.036990709602832794,-0.0013847202062606812,0.0015040598809719086,0.03918816149234772
0.036990709602832794,-0.0013847202062606812,0.0015040598809719086,0.03918816149234772
0.036990709602832794,-0.0013847202062606812,0.0015040598809719086,0.03918816149234772
0.036990709602832794,-0.0013847202062606812,0.0015040598809719086,0.03918816149234772
0.036990709602832794,-0.0013847202062606812,0.0015040598809719086,0.03918816149234772
0.036990709602832794,-0.0013847202062606812,0.0015040598809719086,0.03918816149234772
0.036990709602832794,-0.0013847202062606812,0.0015040598809719086,0.03918816149234772
0.036990709602832794,-0.0013847202062606812,0.0015040598809719086,0.03918816149234772
0.036990709602832794,-0.0013847202062606812,0.0015040598809719086,0.03918816149234772
0.036990709602832794,-0.0013847202062606812,0.0015040598809719086,0.03918816149234772
0.036990709602832794,-0.0013847202062606812,0.0015040598809719086,0.03918816149234772
0.036990709602832794,-0.0013847202062606812,0.0015040598809719086,0.03918816149234772
0.036990709602832794,-0.0013847202062606812,0.0015040598809719086,0.03918816149234772
0.036990709602832794,-0.0013847202062606812,0.0015040598809719086,0.03918816149234772
0.036990709602832794,-0.0013847202062606812,0.0015040598809719086,0.03918816149234772
0.036990709602832794,-0.0013847202062606812,0.0015040598809719086,0.03918816149234772
0.036990709602832794,-0.0013847202062606812,0.0015040598809719086,0.03918816149234772
0.036990709602832794,-0.0013847202062606812,0.0015040598809719086,0.03918816149234772
0.036990709602832794,-0.0013847202062606812,0.0015040598809719086,0.03918816149234772
0.036990709602832794,-0.0013847202062606812,0.0015040598809719086,0.03918816149234772
0.036990709602832794,-0.0013847202062606812,0.0015040598809719086,0.03918816149234772
0.036990709602832794,-0.0013847202062606812,0.0015040598809719086,0.03918816149234772
0.036990709602832794,-0.0013847202062606812,0.0015040598809719086,0.03918816149234772
0.036990709602832794,-0.0013847202062606812,0.0015040598809719086,0.03918816149234772
0.036990709602832794,-0.0013847202062606812,0.0015040598809719086,0.03918816149234772
0.036990709602832794,-0.0013847202062606812,0.0015040598809719086,0.03918816149234772
0.036990709602832794,-0.0013847202062606812,0.0015040598809719086,0.03918816149234772
0.036990709602832794,-0.0013847202062606812,0.0015040598809719086,0.03918816149234772
0.036990709602832794,-0.0013847202062606812,0.0015040598809719086,0.03918816149234772
0.036990709602832794,-0.0013847202062606812,0.0015040598809719086,0.03918816149234772
0.036990709602832794,-0.0013847202062606812,0.0015040598809719086,0.03918816149234772
0.036990709602832794,-0.0013847202062606812,0.0015040598809719086,0.03918816149234772
0.036990709602832794,-0.0013847202062606812,0.0015040598809719086,0.03918816149234772
0.036990709602832794,-0.0013847202062606812,0.0015040598809719086,0.03918816149234772
0.036990709602832794,-0.0013847202062606812,0.0015040598809719086,0.03918816149234772
0.036990709602832794,-0.0013847202062606812,0.0015040598809719086,0.03918816149234772
0.036990709602832794,-0.0013847202062606812,0.0015040598809719086,0.03918816149234772
0.036990709602832794,-0.0013847202062606812,0.0015040598809719086,0.03918816149234772
0.036990709602832794,-0.0013847202062606812,0.0015040598809719086,0.03918816149234772
0.036990709602832794,-0.0013847202062606812,0.0015040598809719086,0.03918816149234772
0.036990709602832794,-0.0013847202062606812,0.0015040598809719086,0.03918816149234772
0.036990709602832794,-0.0013847202062606812,0.0015040598809719086,0.03918816149234772
0.036990709602832794,-0.0013847202062606812,0.0015040598809719086,0.03918816149234772
0.036990709602832794,-0.0013847202062606812,0.0015040598809719086,0.03918816149234772
0.036990709602832794,-0.0013847202062606812,0.0015040598809719086,0.03918816149234772
0.036990709602832794,-0.0013847202062606812,0.0015040598809719086,0.03918816149234772
0.036990709602832794,-0.0013847202062606812,0.0015040598809719086,0.03918816149234772
0.036990709602832794,-0.0013847202062606812,0.0015040598809719086,0.03918816149234772
0.036990709602832794,-0.0013847202062606812,0.0015040598809719086,0.03918816149234772
0.036990709602832794,-0.0013847202062606812,0.0015040598809719086,0.03918816149234772
0.036990709602832794,-0.0013847202062606812,0.0015040598809719086,0.03918816149234772
0.036990709602832794,-0.0013847202062606812,0.0015040598809719086,0.03918816149234772
0.036990709602832794,-0.0013847202062606812,0.0015040598809719086,0.03918816149234772
0.036990709602832794,-0.0013847202062606812,0.0015040598809719086,0.03918816149234772
0.036990709602832794,-0.0013847202062606812,0.0015040598809719086,0.03918816149234772
0.036990709602832794,-0.0013847202062606812,0.0015040598809719086,0.03918816149234772
0.036990709602832794,-0.0013847202062606812,0.0015040598809719086,0.03918816149234772
0.036990709602832794,-0.0013847202062606812,0.0015040598809719086,0.03918816149234772
0.036990709602832794,-0.0013847202062606812,0.0015040598809719086,0.03918816149234772
0.036990709602832794,-0.0013847202062606812,0.0015040598809719086,0.03918816149234772
0.036990709602832794,-0.0013847202062606812,0.0015040598809719086,0.03918816149234772
0.036990709602832794,-0.0013847202062606812,0.0015040598809719086,0.03918816149234772
0.036990709602832794,-0.0013847202062606812,0.0015040598809719086,0.03918816149234772
0.036990709602832794,-0.0013847202062606812,0.0015040598809719086,0.03918816149234772
0.036990709602832794,-0.0013847202062606812,0.0015040598809719086,0.03918816149234772
0.036990709602832794,-0.0013847202062606812,0.0015040598809719086,0.03918816149234772
0.036990709602832794,-0.0013847202062606812,0.0015040598809719086,0.03918816149234772
0.036990709602832794,-0.0013847202062606812,0.0015040598809719086,0.03918816149234772
0.036990709602832794,-0.0013847202062606812,0.0015040598809719086,0.03918816149234772
0.036990709602832794,-0.0013847202062606812,0.0015040598809719086,0.03918816149234772
0.036990709602832794,-0.0013847202062606812,0.0015040598809719086,0.03918816149234772
0.036990709602832794,-0.0013847202062606812,0.0015040598809719086,0.03918816149234772
0.036990709602832794,-0.0013847202062606812,0.0015040598809719086,0.03918816149234772
0.036990709602832794,-0.0013847202062606812,0.0015040598809719086,0.03918816149234772
0.036990709602832794,-0.0013847202062606812,0.0015040598809719086,0.03918816149234772
0.036990709602832794,-0.0013847202062606812,0.0015040598809719086,0.03918816149234772
0.036990709602832794,-0.0013847202062606812,0.0015040598809719086,0.03918816149234772
0.036990709602832794,-0.0013847202062606812,0.0015040598809719086,0.03918816149234772
0.036990709602832794,-0.0013847202062606812,0.0015040598809719086,0.03918816149234772
0.036990709602832794,-0.0013847202062606812,0.0015040598809719086,0.03918816149234772
0.036990709602832794,-0.0013847202062606812,0.0015040598809719086,0.03918816149234772
0.036990709602832794,-0.0013847202062606812,0.0015040598809719086,0.03918816149234772
0.036990709602832794,-0.0013847202062606812,0.0015040598809719086,0.03918816149234772
0.036990709602832794,-0.0013847202062606812,0.0015040598809719086,0.03918816149234772
0.036990709602832794,-0.0013847202062606812,0.0015040598809719086,0.03918816149234772
0.036990709602832794,-0.0013847202062606812,0.0015040598809719086,0.03918816149234772
0.036990709602832794,-0.0013847202062606812,0.0015040598809719086,0.03918816149234772
0.036990709602832794,-0.0013847202062606812,0.0015040598809719086,0.03918816149234772
0.036990709602832794,-0.0013847202062606812,0.0015040598809719086,0.03918816149234772
0.036990709602832794,-0.0013847202062606812,0.0015040598809719086,0.03918816149234772
0.036990709602832794,-0.0013847202062606812,0.0015040598809719086,0.03918816149234772
0.036990709602832794,-0.0013847202062606812,0.0015040598809719086,0.03918816149234772
0.036990709602832794,-0.0013847202062606812,0.0015040598809719086,0.03918816149234772
0.036990709602832794,-0.0013847202062606812,0.0015040598809719086,0.03918816149234772
0.036990709602832794,-0.0013847202062606812,0.0015040598809719086,0.03918816149234772
0.036990709602832794,-0.0013847202062606812,0.0015040598809719086,0.03918816149234772
0.036990709602832794,-0.0013847202062606812,0.0015040598809719086,0.03918816149234772
0.036990709602832794,-0.0013847202062606812,0.0015040598809719086,0.03918816149234772
0.036990709602832794,-0.0013847202062606812,0.0015040598809719086,0.03918816149234772
0.036990709602832794,-0.0013847202062606812,0.0015040598809719086,0.03918816149234772
0.036990709602832794,-0.0013847202062606812,0.0015040598809719086,0.03918816149234772
0.036990709602832794,-0.0013847202062606812,0.0015040598809719086,0.03918816149234772
0.036990709602832794,-0.0013847202062606812,0.0015040598809719086,0.03918816149234772
0.036990709602832794,-0.0013847202062606812,0.0015040598809719086,0.03918816149234772
0.036990709602832794,-0.0013847202062606812,0.0015040598809719086,0.03918816149234772
0.036990709602832794,-0.0013847202062606812,0.0015040598809719086,0.03918816149234772
0.036990709602832794,-0.0013847202062606812,0.0015040598809719086,0.03918816149234772
0.036990709602832794,-0.0013847202062606812,0.0015040598809719086,0.03918816149234772
0.036990709602832794,-0.0013847202062606812,0.0015040598809719086,0.03918816149234772
0.036990709602832794,-0.0013847202062606812,0.0015040598809719086,0.03918816149234772
0.036990709602832794,-0.0013847202062606812,0.0015040598809719086,0.03918816149234772
0.036990709602832794,-0.0013847202062606812,0.0015040598809719086,0.03918816149234772
0.036990709602832794,-0.0013847202062606812,0.0015040598809719086,0.03918816149234772
0.036990709602832794,-0.0013847202062606812,0.0015040598809719086,0.03918816149234772
0.036990709602832794,-0.0013847202062606812,0.0015040598809719086,0.03918816149234772
0.036990709602832794,-0.0013847202062606812,0.0015040598809719086,0.03918816149234772
0.036990709602832794,-0.0013847202062606812,0.0015040598809719086,0.03918816149234772
0.036990709602832794,-0.0013847202062606812,0.0015040598809719086,0.03918816149234772
0.036990709602832794,-0.0013847202062606812,0.0015040598809719086,0.03918816149234772
0.036990709602832794,-0.0013847202062606812,0.0015040598809719086,0.03918816149234772
0.036990709602832794,-0.0013847202062606812,0.0015040598809719086,0.03918816149234772
0.036990709602832794,-0.0013847202062606812,0.0015040598809719086,0.03918816149234772
0.036990709602832794,-0.0013847202062606812,0.0015040598809719086,0.03918816149234772
0.036990709602832794,-0.0013847202062606812,0.0015040598809719086,0.03918816149234772
0.036990709602832794,-0.0013847202062606812,0.0015040598809719086,0.03918816149234772
0.036990709602832794,-0.0013847202062606812,0.0015040598809719086,0.03918816149234772
0.036990709602832794,-0.0013847202062606812,0.0015040598809719086,0.03918816149234772
0.036990709602832794,-0.0013847202062606812,0.0015040598809719086,0.03918816149234772
0.036990709602832794,-0.0013847202062606812,0.0015040598809719086,0.03918816149234772
0.036990709602832794,-0.0013847202062606812,0.0015040598809719086,0.03918816149234772
0.036990709602832794,-0.0013847202062606812,0.0015040598809719086,0.03918816149234772
0.036990709602832794,-0.0013847202062606812,0.0015040598809719086,0.03918816149234772
0.036990709602832794,-0.0013847202062606812,0.0015040598809719086,0.03918816149234772
0.036990709602832794,-0.0013847202062606812,0.0015040598809719086,0.03918816149234772
0.036990709602832794,-0.0013847202062606812,0.0015040598809719086,0.03918816149234772
0.036990709602832794,-0.0013847202062606812,0.0015040598809719086,0.03918816149234772
0.036990709602832794,-0.0013847202062606812,0.0015040598809719086,0.03918816149234772
0.036990709602832794,-0.0013847202062606812,0.0015040598809719086,0.03918816149234772
0.036990709602832794,-0.0013847202062606812,0.0015040598809719086,0.03918816149234772
0.036990709602832794,-0.0013847202062606812,0.0015040598809719086,0.03918816149234772
0.036990709602832794,-0.0013847202062606812,0.0015040598809719086,0.03918816149234772
0.036990709602832794,-0.0013847202062606812,0.0015040598809719086,0.03918816149234772
0.036990709602832794,-0.0013847202062606812,0.0015040598809719086,0.03918816149234772
0.036990709602832794,-0.0013847202062606812,0.0015040598809719086,0.03918816149234772
0.036990709602832794,-0.0013847202062606812,0.0015040598809719086,0.03918816149234772
0.036990709602832794,-0.0013847202062606812,0.0015040598809719086,0.03918816149234772
0.036990709602832794,-0.0013847202062606812,0.0015040598809719086,0.03918816149234772
0.036990709602832794,-0.0013847202062606812,0.0015040598809719086,0.03918816149234772
0.036990709602832794,-0.0013847202062606812,0.0015040598809719086,0.03918816149234772
0.036990709602832794,-0.0013847202062606812,0.0015040598809719086,0.03918816149234772
0.036990709602832794,-0.0013847202062606812,0.0015040598809719086,0.03918816149234772
0.036990709602832794,-0.0013847202062606812,0.0015040598809719086,0.03918816149234772
0.036990709602832794,-0.0013847202062606812,0.0015040598809719086,0.03918816149234772
0.036990709602832794,-0.0013847202062606812,0.0015040598809719086,0.03918816149234772
0.036990709602832794,-0.0013847202062606812,0.0015040598809719086,0.03918816149234772
0.036990709602832794,-0.0013847202062606812,0.0015040598809719086,0.03918816149234772
0.036990709602832794,-0.0013847202062606812,0.0015040598809719086,0.03918816149234772
0.036990709602832794,-0.0013847202062606812,0.0015040598809719086,0.03918816149234772
0.036990709602832794,-0.0013847202062606812,0.0015040598809719086,0.03918816149234772
0.036990709602832794,-0.0013847202062606812,0.0015040598809719086,0.03918816149234772
0.036990709602832794,-0.0013847202062606812,0.0015040598809719086,0.03918816149234772
0.036990709602832794,-0.0013847202062606812,0.0015040598809719086,0.03918816149234772
0.036990709602832794,-0.0013847202062606812,0.0015040598809719086,0.03918816149234772
0.036990709602832794,-0.0013847202062606812,0.0015040598809719086,0.03918816149234772
0.036990709602832794,-0.0013847202062606812,0.0015040598809719086,0.03918816149234772
0.036990709602832794,-0.0013847202062606812,0.0015040598809719086,0.03918816149234772
0.036990709602832794,-0.0013847202062606812,0.0015040598809719086,0.03918816149234772
0.036990709602832794,-0.0013847202062606812,0.0015040598809719086,0.03918816149234772
0.036990709602832794,-0.0013847202062606812,0.0015040598809719086,0.03918816149234772
0.036990709602832794,-0.0013847202062606812,0.0015040598809719086,0.03918816149234772
0.036990709602832794,-0.0013847202062606812,0.0015040598809719086,0.03918816149234772
0.036990709602832794,-0.0013847202062606812,0.0015040598809719086,0.03918816149234772
0.036990709602832794,-0.0013847202062606812,0.0015040598809719086,0.03918816149234772
0.036990709602832794,-0.0013847202062606812,0.0015040598809719086,0.03918816149234772
0.036990709602832794,-0.0013847202062606812,0.0015040598809719086,0.03918816149234772
0.036990709602832794,-0.0013847202062606812,0.0015040598809719086,0.03918816149234772
0.036990709602832794,-0.0013847202062606812,0.0015040598809719086,0.03918816149234772
0.036990709602832794,-0.0013847202062606812,0.0015040598809719086,0.03918816149234772
0.036990709602832794,-0.0013847202062606812,0.0015040598809719086,0.03918816149234772
0.036990709602832794,-0.0013847202062606812,0.0015040598809719086,0.03918816149234772
0.036990709602832794,-0.0013847202062606812,0.0015040598809719086,0.03918816149234772
0.036990709602832794,-0.0013847202062606812,0.0015040598809719086,0.03918816149234772
0.036990709602832794,-0.0013847202062606812,0.0015040598809719086,0.03918816149234772
0.036990709602832794,-0.0013847202062606812,0.0015040598809719086,0.03918816149234772
0.036990709602832794,-0.0013847202062606812,0.0015040598809719086,0.03918816149234772
0.036990709602832794,-0.0013847202062606812,0.0015040598809719086,0.03918816149234772
0.036990709602832794,-0.0013847202062606812,0.0015040598809719086,0.03918816149234772
0.036990709602832794,-0.0013847202062606812,0.0015040598809719086,0.03918816149234772
0.036990709602832794,-0.0013847202062606812,0.0015040598809719086,0.03918816149234772
0.036990709602832794,-0.0013847202062606812,0.0015040598809719086,0.03918816149234772
0.036990709602832794,-0.0013847202062606812,0.0015040598809719086,0.03918816149234772
0.036990709602832794,-0.0013847202062606812,0.0015040598809719086,0.03918816149234772
0.036990709602832794,-0.0013847202062606812,0.0015040598809719086,0.03918816149234772
0.036990709602832794,-0.0013847202062606812,0.0015040598809719086,0.03918816149234772
0.036990709602832794,-0.0013847202062606812,0.0015040598809719086,0.03918816149234772
0.036990709602832794,-0.0013847202062606812,0.0015040598809719086,0.03918816149234772
0.036990709602832794,-0.0013847202062606812,0.0015040598809719086,0.03918816149234772
0.036990709602832794,-0.0013847202062606812,0.0015040598809719086,0.03918816149234772
0.036990709602832794,-0.0013847202062606812,0.0015040598809719086,0.03918816149234772
0.036990709602832794,-0.0013847202062606812,0.0015040598809719086,0.03918816149234772
0.036990709602832794,-0.0013847202062606812,0.0015040598809719086,0.03918816149234772
0.036990709602832794,-0.0013847202062606812,0.0015040598809719086,0.03918816149234772
0.036990709602832794,-0.0013847202062606812,0.0015040598809719086,0.03918816149234772
0.036990709602832794,-0.0013847202062606812,0.0015040598809719086,0.03918816149234772
0.036990709602832794,-0.0013847202062606812,0.0015040598809719086,0.03918816149234772
0.036990709602832794,-0.0013847202062606812,0.0015040598809719086,0.03918816149234772
0.036990709602832794,-0.0013847202062606812,0.0015040598809719086,0.03918816149234772
0.036990709602832794,-0.0013847202062606812,0.0015040598809719086,0.03918816149234772
0.036990709602832794,-0.0013847202062606812,0.0015040598809719086,0.03918816149234772
0.036990709602832794,-0.0013847202062606812,0.0015040598809719086,0.03918816149234772
0.036990709602832794,-0.0013847202062606812,0.0015040598809719086,0.03918816149234772
0.036990709602832794,-0.0013847202062606812,0.0015040598809719086,0.03918816149234772
0.036990709602832794,-0.0013847202062606812,0.0015040598809719086,0.03918816149234772
0.036990709602832794,-0.0013847202062606812,0.0015040598809719086,0.03918816149234772
0.036990709602832794,-0.0013847202062606812,0.0015040598809719086,0.03918816149234772
0.036990709602832794,-0.0013847202062606812,0.0015040598809719086,0.03918816149234772
0.036990709602832794,-0.0013847202062606812,0.0015040598809719086,0.03918816149234772
0.036990709602832794,-0.0013847202062606812,0.0015040598809719086,0.03918816149234772
0.036990709602832794,-0.0013847202062606812,0.0015040598809719086,0.03918816149234772
0.036990709602832794,-0.0013847202062606812,0.0015040598809719086,0.03918816149234772
0.036990709602832794,-0.0013847202062606812,0.0015040598809719086,0.03918816149234772
0.036990709602832794,-0.0013847202062606812,0.0015040598809719086,0.03918816149234772
0.036990709602832794,-0.0013847202062606812,0.0015040598809719086,0.03918816149234772
0.036990709602832794,-0.0013847202062606812,0.0015040598809719086,0.03918816149234772
0.036990709602832794,-0.0013847202062606812,0.0015040598809719086,0.03918816149234772
0.036990709602832794,-0.0013847202062606812,0.0015040598809719086,0.03918816149234772
0.036990709602832794,-0.0013847202062606812,0.0015040598809719086,0.03918816149234772
0.036990709602832794,-0.0013847202062606812,0.0015040598809719086,0.03918816149234772
0.036990709602832794,-0.0013847202062606812,0.0015040598809719086,0.03918816149234772
0.036990709602832794,-0.0013847202062606812,0.0015040598809719086,0.03918816149234772
0.036990709602832794,-0.0013847202062606812,0.0015040598809719086,0.03918816149234772
0.036990709602832794,-0.0013847202062606812,0.0015040598809719086,0.03918816149234772
0.036990709602832794,-0.0013847202062606812,0.0015040598809719086,0.03918816149234772
0.036990709602832794,-0.0013847202062606812,0.0015040598809719086,0.03918816149234772
0.036990709602832794,-0.0013847202062606812,0.0015040598809719086,0.03918816149234772
0.036990709602832794,-0.0013847202062606812,0.0015040598809719086,0.03918816149234772
0.036990709602832794,-0.0013847202062606812,0.0015040598809719086,0.03918816149234772
0.036990709602832794,-0.0013847202062606812,0.0015040598809719086,0.03918816149234772
0.036990709602832794,-0.0013847202062606812,0.0015040598809719086,0.03918816149234772
0.036990709602832794,-0.0013847202062606812,0.0015040598809719086,0.03918816149234772
0.036990709602832794,-0.0013847202062606812,0.0015040598809719086,0.03918816149234772
0.036990709602832794,-0.0013847202062606812,0.0015040598809719086,0.03918816149234772
0.036990709602832794,-0.0013847202062606812,0.0015040598809719086,0.03918816149234772
0.036990709602832794,-0.0013847202062606812,0.0015040598809719086,0.03918816149234772
0.036990709602832794,-0.0013847202062606812,0.0015040598809719086,0.03918816149234772
0.036990709602832794,-0.0013847202062606812,0.0015040598809719086,0.03918816149234772
0.036990709602832794,-0.0013847202062606812,0.0015040598809719086,0.03918816149234772
0.036990709602832794,-0.0013847202062606812,0.0015040598809719086,0.03918816149234772
0.036990709602832794,-0.0013847202062606812,0.0015040598809719086,0.03918816149234772
0.036990709602832794,-0.0013847202062606812,0.0015040598809719086,0.03918816149234772
0.036990709602832794,-0.0013847202062606812,0.0015040598809719086,0.03918816149234772
0.036990709602832794,-0.0013847202062606812,0.0015040598809719086,0.03918816149234772
0.036990709602832794,-0.0013847202062606812,0.0015040598809719086,0.03918816149234772
0.036990709602832794,-0.0013847202062606812,0.0015040598809719086,0.03918816149234772
0.036990709602832794,-0.0013847202062606812,0.0015040598809719086,0.03918816149234772
0.036990709602832794,-0.0013847202062606812,0.0015040598809719086,0.03918816149234772
0.036990709602832794,-0.0013847202062606812,0.0015040598809719086,0.03918816149234772
0.036990709602832794,-0.0013847202062606812,0.0015040598809719086,0.03918816149234772
0.036990709602832794,-0.0013847202062606812,0.0015040598809719086,0.03918816149234772
0.036990709602832794,-0.0013847202062606812,0.0015040598809719086,0.03918816149234772
0.036990709602832794,-0.0013847202062606812,0.0015040598809719086,0.03918816149234772
0.036990709602832794,-0.0013847202062606812,0.0015040598809719086,0.03918816149234772
0.036990709602832794,-0.0013847202062606812,0.0015040598809719086,0.03918816149234772
0.036990709602832794,-0.0013847202062606812,0.0015040598809719086,0.03918816149234772
0.036990709602832794,-0.0013847202062606812,0.0015040598809719086,0.03918816149234772
0.036990709602832794,-0.0013847202062606812,0.0015040598809719086,0.03918816149234772
0.036990709602832794,-0.0013847202062606812,0.0015040598809719086,0.03918816149234772
0.036990709602832794,-0.0013847202062606812,0.0015040598809719086,0.03918816149234772
0.036990709602832794,-0.0013847202062606812,0.0015040598809719086,0.03918816149234772
0.036990709602832794,-0.0013847202062606812,0.0015040598809719086,0.03918816149234772
0.036990709602832794,-0.0013847202062606812,0.0015040598809719086,0.03918816149234772
0.036990709602832794,-0.0013847202062606812,0.0015040598809719086,0.03918816149234772
0.036990709602832794,-0.0013847202062606812,0.0015040598809719086,0.03918816149234772
0.036990709602832794,-0.0013847202062606812,0.0015040598809719086,0.03918816149234772
0.036990709602832794,-0.0013847202062606812,0.0015040598809719086,0.03918816149234772
0.036990709602832794,-0.0013847202062606812,0.0015040598809719086,0.03918816149234772
0.036990709602832794,-0.0013847202062606812,0.0015040598809719086,0.03918816149234772
0.036990709602832794,-0.0013847202062606812,0.0015040598809719086,0.03918816149234772
0.036990709602832794,-0.0013847202062606812,0.0015040598809719086,0.03918816149234772
0.036990709602832794,-0.0013847202062606812,0.0015040598809719086,0.03918816149234772
0.036990709602832794,-0.0013847202062606812,0.0015040598809719086,0.03918816149234772
0.036990709602832794,-0.0013847202062606812,0.0015040598809719086,0.03918816149234772
0.036990709602832794,-0.0013847202062606812,0.0015040598809719086,0.03918816149234772
0.036990709602832794,-0.0013847202062606812,0.0015040598809719086,0.03918816149234772
0.036990709602832794,-0.0013847202062606812,0.0015040598809719086,0.03918816149234772
0.036990709602832794,-0.0013847202062606812,0.0015040598809719086,0.03918816149234772
0.036990709602832794,-0.0013847202062606812,0.0015040598809719086,0.03918816149234772
0.036990709602832794,-0.0013847202062606812,0.0015040598809719086,0.03918816149234772
0.036990709602832794,-0.0013847202062606812,0.0015040598809719086,0.03918816149234772
0.036990709602832794,-0.0013847202062606812,0.0015040598809719086,0.03918816149234772
0.036990709602832794,-0.0013847202062606812,0.0015040598809719086,0.03918816149234772
0.036990709602832794,-0.0013847202062606812,0.0015040598809719086,0.03918816149234772
0.036990709602832794,-0.0013847202062606812,0.0015040598809719086,0.03918816149234772
0.036990709602832794,-0.0013847202062606812,0.0015040598809719086,0.03918816149234772
0.036990709602832794,-0.0013847202062606812,0.0015040598809719086,0.03918816149234772
0.036990709602832794,-0.0013847202062606812,0.0015040598809719086,0.03918816149234772
0.036990709602832794,-0.0013847202062606812,0.0015040598809719086,0.03918816149234772
0.036990709602832794,-0.0013847202062606812,0.0015040598809719086,0.03918816149234772
0.036990709602832794,-0.0013847202062606812,0.0015040598809719086,0.03918816149234772
0.036990709602832794,-0.0013847202062606812,0.0015040598809719086,0.03918816149234772
0.036990709602832794,-0.0013847202062606812,0.0015040598809719086,0.03918816149234772
0.036990709602832794,-0.0013847202062606812,0.0015040598809719086,0.03918816149234772
0.036990709602832794,-0.0013847202062606812,0.0015040598809719086,0.03918816149234772
0.036990709602832794,-0.0013847202062606812,0.0015040598809719086,0.03918816149234772
0.036990709602832794,-0.0013847202062606812,0.0015040598809719086,0.03918816149234772
0.036990709602832794,-0.0013847202062606812,0.0015040598809719086,0.03918816149234772
0.036990709602832794,-0.0013847202062606812,0.0015040598809719086,0.03918816149234772
0.036990709602832794,-0.0013847202062606812,0.0015040598809719086,0.03918816149234772
0.036990709602832794,-0.0013847202062606812,0.0015040598809719086,0.03918816149234772
0.036990709602832794,-0.0013847202062606812,0.0015040598809719086,0.03918816149234772
0.036990709602832794,-0.0013847202062606812,0.0015040598809719086,0.03918816149234772
0.036990709602832794,-0.0013847202062606812,0.0015040598809719086,0.03918816149234772
0.036990709602832794,-0.0013847202062606812,0.0015040598809719086,0.03918816149234772
0.036990709602832794,-0.0013847202062606812,0.0015040598809719086,0.03918816149234772
0.036990709602832794,-0.0013847202062606812,0.0015040598809719086,0.03918816149234772
0.036990709602832794,-0.0013847202062606812,0.0015040598809719086,0.03918816149234772
0.036990709602832794,-0.0013847202062606812,0.0015040598809719086,0.03918816149234772
0.036990709602832794,-0.0013847202062606812,0.0015040598809719086,0.03918816149234772
0.036990709602832794,-0.0013847202062606812,0.0015040598809719086,0.03918816149234772
0.036990709602832794,-0.0013847202062606812,0.0015040598809719086,0.03918816149234772
0.036990709602832794,-0.0013847202062606812,0.0015040598809719086,0.03918816149234772
0.036990709602832794,-0.0013847202062606812,0.0015040598809719086,0.03918816149234772
0.036990709602832794,-0.0013847202062606812,0.0015040598809719086,0.03918816149234772
0.036990709602832794,-0.0013847202062606812,0.0015040598809719086,0.03918816149234772
0.036990709602832794,-0.0013847202062606812,0.0015040598809719086,0.03918816149234772
0.036990709602832794,-0.0013847202062606812,0.0015040598809719086,0.03918816149234772
0.036990709602832794,-0.0013847202062606812,0.0015040598809719086,0.03918816149234772
0.036990709602832794,-0.0013847202062606812,0.0015040598809719086,0.03918816149234772
0.036990709602832794,-0.0013847202062606812,0.0015040598809719086,0.03918816149234772
0.036990709602832794,-0.0013847202062606812,0.0015040598809719086,0.03918816149234772
0.036990709602832794,-0.0013847202062606812,0.0015040598809719086,0.03918816149234772
0.036990709602832794,-0.0013847202062606812,0.0015040598809719086,0.03918816149234772
0.036990709602832794,-0.0013847202062606812,0.0015040598809719086,0.03918816149234772
0.036990709602832794,-0.0013847202062606812,0.0015040598809719086,0.03918816149234772
0.036990709602832794,-0.0013847202062606812,0.0015040598809719086,0.03918816149234772
0.036990709602832794,-0.0013847202062606812,0.0015040598809719086,0.03918816149234772
0.036990709602832794,-0.0013847202062606812,0.0015040598809719086,0.03918816149234772
0.036990709602832794,-0.0013847202062606812,0.0015040598809719086,0.03918816149234772
0.036990709602832794,-0.0013847202062606812,0.0015040598809719086,0.03918816149234772
0.036990709602832794,-0.0013847202062606812,0.0015040598809719086,0.03918816149234772
0.036990709602832794,-0.0013847202062606812,0.0015040598809719086,0.03918816149234772
0.036990709602832794,-0.0013847202062606812,0.0015040598809719086,0.03918816149234772
0.036990709602832794,-0.0013847202062606812,0.0015040598809719086,0.03918816149234772
0.036990709602832794,-0.0013847202062606812,0.0015040598809719086,0.03918816149234772
0.036990709602832794,-0.0013847202062606812,0.0015040598809719086,0.03918816149234772
0.036990709602832794,-0.0013847202062606812,0.0015040598809719086,0.03918816149234772
0.036990709602832794,-0.0013847202062606812,0.0015040598809719086,0.03918816149234772
0.036990709602832794,-0.0013847202062606812,0.0015040598809719086,0.03918816149234772
0.036990709602832794,-0.0013847202062606812,0.0015040598809719086,0.03918816149234772
0.036990709602832794,-0.0013847202062606812,0.0015040598809719086,0.03918816149234772
0.036990709602832794,-0.0013847202062606812,0.0015040598809719086,0.03918816149234772
0.036990709602832794,-0.0013847202062606812,0.0015040598809719086,0.03918816149234772
0.036990709602832794,-0.0013847202062606812,0.0015040598809719086,0.03918816149234772
0.036990709602832794,-0.0013847202062606812,0.0015040598809719086,0.03918816149234772
0.036990709602832794,-0.0013847202062606812,0.0015040598809719086,0.03918816149234772
0.036990709602832794,-0.0013847202062606812,0.0015040598809719086,0.03918816149234772
0.036990709602832794,-0.0013847202062606812,0.0015040598809719086,0.03918816149234772
0.036990709602832794,-0.0013847202062606812,0.0015040598809719086,0.03918816149234772
0.036990709602832794,-0.0013847202062606812,0.0015040598809719086,0.03918816149234772
0.036990709602832794,-0.0013847202062606812,0.0015040598809719086,0.03918816149234772
0.036990709602832794,-0.0013847202062606812,0.0015040598809719086,0.03918816149234772
0.036990709602832794,-0.0013847202062606812,0.0015040598809719086,0.03918816149234772
0.036990709602832794,-0.0013847202062606812,0.0015040598809719086,0.03918816149234772
0.036990709602832794,-0.0013847202062606812,0.0015040598809719086,0.03918816149234772
0.036990709602832794,-0.0013847202062606812,0.0015040598809719086,0.03918816149234772
0.036990709602832794,-0.0013847202062606812,0.0015040598809719086,0.03918816149234772
0.036990709602832794,-0.0013847202062606812,0.0015040598809719086,0.03918816149234772
0.036990709602832794,-0.0013847202062606812,0.0015040598809719086,0.03918816149234772
0.036990709602832794,-0.0013847202062606812,0.0015040598809719086,0.03918816149234772
0.036990709602832794,-0.0013847202062606812,0.0015040598809719086,0.03918816149234772
0.036990709602832794,-0.0013847202062606812,0.0015040598809719086,0.03918816149234772
0.036990709602832794,-0.0013847202062606812,0.0015040598809719086,0.03918816149234772
0.036990709602832794,-0.0013847202062606812,0.0015040598809719086,0.03918816149234772
0.036990709602832794,-0.0013847202062606812,0.0015040598809719086,0.03918816149234772
0.036990709602832794,-0.0013847202062606812,0.0015040598809719086,0.03918816149234772
0.036990709602832794,-0.0013847202062606812,0.0015040598809719086,0.03918816149234772
0.036990709602832794,-0.0013847202062606812,0.0015040598809719086,0.03918816149234772
0.036990709602832794,-0.0013847202062606812,0.0015040598809719086,0.03918816149234772
0.036990709602832794,-0.0013847202062606812,0.0015040598809719086,0.03918816149234772
0.036990709602832794,-0.0013847202062606812,0.0015040598809719086,0.03918816149234772
0.036990709602832794,-0.0013847202062606812,0.0015040598809719086,0.03918816149234772
0.036990709602832794,-0.0013847202062606812,0.0015040598809719086,0.03918816149234772
0.036990709602832794,-0.0013847202062606812,0.0015040598809719086,0.03918816149234772
0.036990709602832794,-0.0013847202062606812,0.0015040598809719086,0.03918816149234772
0.036990709602832794,-0.0013847202062606812,0.0015040598809719086,0.03918816149234772
