vx,vy,vz,omega_z
-0.05288521200418472,0.05125358700752258,0.22630321979522705,1.2415921688079834
-0.11904538422822952,0.026640206575393677,0.183859720826149,1.2570269107818604
-0.12306756526231766,0.021530427038669586,0.1834523230791092,1.2544529438018799
-0.11478186398744583,0.013359971344470978,0.20392382144927979,1.2393248081207275
-0.11116846650838852,0.006919786334037781,0.20513397455215454,1.237457513809204
-0.12697258591651917,0.018896669149398804,0.18957862257957458,1.2581901550292969
-0.13315999507904053,0.028537675738334656,0.18896836042404175,1.260016679763794
-0.12650462985038757,0.02871774137020111,0.19768500328063965,1.2552483081817627
-0.12384163588285446,0.02637791633605957,0.19788751006126404,1.2547285556793213
-0.11008704453706741,0.03186723589897156,0.20727720856666565,1.2359073162078857
-0.10517147928476334,0.028115883469581604,0.20558997988700867,1.2338788509368896
-0.09172373265028,0.02973286807537079,0.19127506017684937,1.1860496997833252
-0.0862448439002037,0.025639981031417847,0.18740488588809967,1.1810953617095947
-0.08849459141492844,0.009170033037662506,0.17012426257133484,1.1983082294464111
-0.08911482244729996,0.009967133402824402,0.17088451981544495,1.1997082233428955
-0.09120019525289536,0.018314197659492493,0.18701326847076416,1.150475263595581
-0.09165444225072861,0.015415795147418976,0.18840117752552032,1.1448419094085693
-0.0866822823882103,0.025158166885375977,0.1914157271385193,1.0767450332641602
-0.08172202855348587,0.025777846574783325,0.19101011753082275,1.069516897201538
-0.08648509532213211,0.009652428328990936,0.17527912557125092,1.0845038890838623
-0.08620204776525497,0.010377824306488037,0.17489294707775116,1.0874483585357666
-0.08525369316339493,0.008224785327911377,0.1630592942237854,1.0513114929199219
-0.08228868991136551,0.010635226964950562,0.1613653004169464,1.047452688217163
-0.07637626677751541,0.009907357394695282,0.16548871994018555,1.0448455810546875
-0.07314486056566238,0.010340467095375061,0.1650175303220749,1.04523766040802
-0.07269614189863205,0.010357797145843506,0.16499020159244537,1.045263409614563
-0.06932152062654495,0.008567102253437042,0.15933668613433838,1.0401945114135742
-0.06809837371110916,0.008749008178710938,0.15793967247009277,1.0397670269012451
-0.07573647052049637,0.007160410284996033,0.15963995456695557,1.0013771057128906
-0.062491483986377716,0.0030885040760040283,0.16077353060245514,0.9831730127334595
-0.05657944828271866,0.0031302720308303833,0.16170845925807953,0.981718897819519
-0.0557638481259346,0.0031880810856819153,0.16175831854343414,0.9816873669624329
-0.0542454794049263,0.003577388823032379,0.15963776409626007,0.9680858850479126
-0.05194840580224991,0.004488229751586914,0.16053161025047302,0.9668784737586975
-0.06594648212194443,0.004640951752662659,0.14619289338588715,0.9515179991722107
-0.05593273788690567,-9.268522262573242e-06,0.14036965370178223,0.9550908803939819
-0.05134550482034683,-0.002470932900905609,0.13944238424301147,0.9562418460845947
-0.05075488239526749,-0.0032720714807510376,0.1394137442111969,0.9562792181968689
-0.04060798138380051,-0.01241493970155716,0.13653317093849182,0.9205591082572937
-0.03653784841299057,-0.021085694432258606,0.13490843772888184,0.900460422039032
-0.035045646131038666,-0.02198643982410431,0.13488571345806122,0.898483395576477
-0.034860216081142426,-0.022174589335918427,0.13487116992473602,0.8984438180923462
-0.03563690930604935,-0.018312200903892517,0.14885711669921875,0.8593252897262573
-0.03482159227132797,-0.0173228457570076,0.1501152217388153,0.8539527058601379
-0.04402259737253189,-0.016411378979682922,0.1342601776123047,0.8462950587272644
-0.04682645946741104,-0.016583047807216644,0.1328524351119995,0.8449143767356873
-0.047686122357845306,-0.022782690823078156,0.11518409848213196,0.8270233273506165
-0.046488888561725616,-0.023536495864391327,0.11282706260681152,0.8248855471611023
-0.05055416375398636,-0.025492645800113678,0.10828584432601929,0.8037721514701843
-0.05067003518342972,-0.025294646620750427,0.107529416680336,0.8005390167236328
-0.051809169352054596,-0.02773018181324005,0.1158171147108078,0.7909084558486938
-0.05183552950620651,-0.027868852019309998,0.11579380929470062,0.7892062067985535
-0.056070975959300995,-0.03285934031009674,0.10356833040714264,0.775886595249176
-0.05586152523756027,-0.03418407589197159,0.10189355909824371,0.7741496562957764
-0.05387631803750992,-0.040061816573143005,0.09818094968795776,0.7626748085021973
-0.05339578539133072,-0.04303660988807678,0.09701679646968842,0.7611234188079834
-0.050683341920375824,-0.0394674614071846,0.0967692881822586,0.737943172454834
-0.049578167498111725,-0.038069676607847214,0.09561045467853546,0.734596312046051
-0.052137039601802826,-0.039305564016103745,0.09511950612068176,0.7231816053390503
-0.05235426872968674,-0.03925500065088272,0.09345279633998871,0.7215575575828552
-0.05233689397573471,-0.03912505879998207,0.09334170818328857,0.7214879989624023
-0.05300574749708176,-0.036898158490657806,0.0951937735080719,0.698735237121582
-0.047632671892642975,-0.0317363515496254,0.0954023152589798,0.6805348992347717
-0.046212874352931976,-0.030079185962677002,0.09464485943317413,0.6780987977981567
-0.04812907427549362,-0.03124041110277176,0.08355511724948883,0.6717979311943054
-0.04825051873922348,-0.030826948583126068,0.08203157782554626,0.6705340147018433
-0.047502897679805756,-0.03818377107381821,0.0648871511220932,0.6495593786239624
-0.04640953987836838,-0.03911555930972099,0.06190579757094383,0.6459727883338928
-0.04405713826417923,-0.04252111539244652,0.0674627423286438,0.6527795195579529
-0.04452765733003616,-0.04436593875288963,0.06866209208965302,0.6538974046707153
-0.046607352793216705,-0.04139276221394539,0.07729564607143402,0.6368752717971802
-0.046734534204006195,-0.04020775482058525,0.0788087397813797,0.634915828704834
-0.05066000670194626,-0.04022635892033577,0.0688885748386383,0.6195752620697021
-0.050588466227054596,-0.03935874626040459,0.06843926012516022,0.6177158355712891
-0.04722846299409866,-0.04733020067214966,0.06913267076015472,0.6072533130645752
-0.04686290770769119,-0.050142090767621994,0.06911386549472809,0.6059218645095825
-0.04155906289815903,-0.0545194037258625,0.06473737955093384,0.6010889410972595
-0.0407576784491539,-0.05557885393500328,0.06408466398715973,0.6012066602706909
-0.039711274206638336,-0.05622907355427742,0.052706990391016006,0.5766456127166748
-0.038528017699718475,-0.05600087344646454,0.05084848776459694,0.573424220085144
-0.036498911678791046,-0.05608141049742699,0.05339213088154793,0.5681405067443848
-0.03845357149839401,-0.05238637328147888,0.06015719100832939,0.5505971908569336
-0.0384724959731102,-0.05085223540663719,0.06125841662287712,0.548491358757019
-0.03880658000707626,-0.050256337970495224,0.062405552715063095,0.5440007448196411
-0.038864679634571075,-0.0497935488820076,0.06292638182640076,0.5438253879547119
-0.03888263553380966,-0.04972296953201294,0.06296086311340332,0.5438401699066162
-0.036787115037441254,-0.05549052357673645,0.06228908523917198,0.5383651256561279
-0.036551766097545624,-0.05722557380795479,0.06266143918037415,0.5380373001098633
-0.03436475247144699,-0.06282678991556168,0.06242110952734947,0.5241899490356445
-0.03506528586149216,-0.06417258083820343,0.053601231426000595,0.5080108642578125
-0.03428798168897629,-0.06441305577754974,0.05221673473715782,0.5058964490890503
-0.034153662621974945,-0.0645386129617691,0.05208202078938484,0.505789577960968
-0.032470621168613434,-0.06549990177154541,0.04927120730280876,0.5037429332733154
-0.03203205019235611,-0.06595110893249512,0.04872513934969902,0.5034815073013306
-0.03283628076314926,-0.06758685410022736,0.04407187178730965,0.4938490688800812
-0.03226710110902786,-0.06752265989780426,0.04290507361292839,0.4922815263271332
-0.03118707984685898,-0.06498593091964722,0.042180467396974564,0.4766504168510437
-0.030336208641529083,-0.0667782723903656,0.033434394747018814,0.4659501016139984
-0.029297135770320892,-0.0668564885854721,0.03156927600502968,0.4643233120441437
-0.0291285440325737,-0.0668916180729866,0.03139792010188103,0.4642084836959839
-0.03094828873872757,-0.0657782107591629,0.0368109755218029,0.45614099502563477
-0.030882753431797028,-0.06473647058010101,0.03697410598397255,0.45471906661987305
-0.030652813613414764,-0.06237378716468811,0.03874358907341957,0.44860365986824036
-0.030258245766162872,-0.061381008476018906,0.038197752088308334,0.4474104344844818
-0.029101170599460602,-0.05842001736164093,0.03761497512459755,0.4460129141807556
-0.028783686459064484,-0.057767294347286224,0.03753181919455528,0.445760577917099
-0.02916041761636734,-0.05763988196849823,0.040113385766744614,0.43798545002937317
-0.02887410670518875,-0.05729344114661217,0.04040856286883354,0.43635356426239014
-0.029392369091510773,-0.055529020726680756,0.036139924079179764,0.426960289478302
-0.028591908514499664,-0.05415885150432587,0.0347972996532917,0.4247816205024719
-0.031673602759838104,-0.05296789109706879,0.03253662958741188,0.4173448085784912
-0.03160210698843002,-0.05151211842894554,0.031831126660108566,0.41595155000686646
-0.031311146914958954,-0.05144812911748886,0.03382961079478264,0.4089525640010834
-0.03101586550474167,-0.05076545476913452,0.03340081498026848,0.4079087972640991
-0.031589679419994354,-0.0509418249130249,0.032841671258211136,0.3986937999725342
-0.031063638627529144,-0.05012240633368492,0.03185473009943962,0.3967689275741577
-0.029451407492160797,-0.05177132412791252,0.030420053750276566,0.3879005014896393
-0.02856261283159256,-0.05200221762061119,0.02929861471056938,0.3856791853904724
-0.024459995329380035,-0.049821216613054276,0.031072039157152176,0.3748437762260437
-0.02333059161901474,-0.049352794885635376,0.030203770846128464,0.37206172943115234
-0.02225039154291153,-0.0501946397125721,0.027423936873674393,0.36898231506347656
-0.021728314459323883,-0.05046788975596428,0.02653399482369423,0.3679787218570709
-0.020755402743816376,-0.050623442977666855,0.032135915011167526,0.3684881031513214
-0.020946599543094635,-0.05092714726924896,0.033044617623090744,0.3690425753593445
-0.02045787125825882,-0.05143389850854874,0.02916591241955757,0.3668537735939026
-0.02003534883260727,-0.05103171989321709,0.028053563088178635,0.36617332696914673
-0.020929940044879913,-0.05101795494556427,0.027699891477823257,0.36043375730514526
-0.02058319002389908,-0.05055433139204979,0.02675073966383934,0.3583402633666992
-0.023043103516101837,-0.04993776977062225,0.02627464011311531,0.3539227545261383
-0.021810226142406464,-0.05015610530972481,0.02541019394993782,0.3447502851486206
-0.02115904539823532,-0.04958682507276535,0.024286378175020218,0.34202682971954346
-0.021046452224254608,-0.0493803508579731,0.02415173128247261,0.34175699949264526
-0.019199587404727936,-0.048468101769685745,0.025531981140375137,0.335612952709198
-0.018550895154476166,-0.046939667314291,0.02521275356411934,0.33365845680236816
-0.018092073500156403,-0.046242449432611465,0.026077989488840103,0.33051884174346924
-0.015918903052806854,-0.04625430330634117,0.0235099159181118,0.32138365507125854
-0.01512233167886734,-0.04539076238870621,0.023058708757162094,0.3184697926044464
-0.014934994280338287,-0.04478739574551582,0.02421826496720314,0.31044065952301025
-0.01458892971277237,-0.04432005435228348,0.023711632937192917,0.30768364667892456
-0.014527760446071625,-0.044113460928201675,0.02364809438586235,0.3074338436126709
-0.015124328434467316,-0.04461519047617912,0.020366575568914413,0.3057008385658264
-0.015101142227649689,-0.044654205441474915,0.019974324852228165,0.30506160855293274
-0.014695368707180023,-0.04416877031326294,0.023934435099363327,0.29867807030677795
-0.01445690542459488,-0.04405282065272331,0.02438686415553093,0.29641252756118774
-0.01417524367570877,-0.04386955127120018,0.021951008588075638,0.2904556393623352
-0.013831250369548798,-0.043827325105667114,0.021436627954244614,0.2884809672832489
-0.013794876635074615,-0.042721688747406006,0.023274201899766922,0.282857209444046
-0.013653047382831573,-0.042630136013031006,0.023323696106672287,0.2811276316642761
-0.01338794082403183,-0.04208263382315636,0.02025916799902916,0.2765350341796875
-0.013029031455516815,-0.042020414024591446,0.019344601780176163,0.27488601207733154
-0.01194830983877182,-0.041424915194511414,0.01676357164978981,0.26942014694213867
-0.011405952274799347,-0.04123346135020256,0.01554342731833458,0.267446905374527
-0.010623089969158173,-0.039806388318538666,0.018112797290086746,0.2641807794570923
-0.010453037917613983,-0.039966437965631485,0.018167536705732346,0.2632089853286743
-0.010398127138614655,-0.0396382212638855,0.019065406173467636,0.26089000701904297
-0.010220222175121307,-0.03933558613061905,0.018312502652406693,0.25995829701423645
-0.010020636022090912,-0.038343366235494614,0.018739480525255203,0.2596524953842163
-0.009944640100002289,-0.03824756294488907,0.018577244132757187,0.2593882083892822
-0.009684659540653229,-0.037402406334877014,0.0160992331802845,0.25837185978889465
-0.00909869372844696,-0.03651004284620285,0.017612796276807785,0.25248223543167114
-0.008894696831703186,-0.036811552941799164,0.017668720334768295,0.25098979473114014
-0.00814627856016159,-0.036934420466423035,0.020027223974466324,0.24825918674468994
-0.00795987993478775,-0.03713724762201309,0.02026108279824257,0.24752777814865112
-0.007939249277114868,-0.03715422749519348,0.02027251198887825,0.2474721074104309
-0.006489701569080353,-0.03553026169538498,0.022924136370420456,0.2372882068157196
-0.006021969020366669,-0.03610249608755112,0.02272443100810051,0.23469333350658417
-0.004621550440788269,-0.035402171313762665,0.024193625897169113,0.22291646897792816
-0.004158094525337219,-0.03631042689085007,0.0240001417696476,0.22005504369735718
-0.003250718116760254,-0.036179155111312866,0.020239319652318954,0.2178296148777008
-0.002862691879272461,-0.03648073971271515,0.0193185918033123,0.21688978374004364
-0.004137173295021057,-0.03621963411569595,0.017162438482046127,0.21410150825977325
-0.004099786281585693,-0.036196671426296234,0.016025159507989883,0.21322160959243774
-0.0041832998394966125,-0.03632888197898865,0.017008434981107712,0.21142053604125977
-0.004049710929393768,-0.03660952299833298,0.016622114926576614,0.21083030104637146
-0.004955783486366272,-0.03770347684621811,0.016012724488973618,0.2071424126625061
-0.004891932010650635,-0.03845815733075142,0.015123564749956131,0.20627646148204803
-0.0050995126366615295,-0.03832219913601875,0.017772290855646133,0.2019505500793457
-0.0051004961133003235,-0.03926505893468857,0.017851870507001877,0.20143955945968628
-0.004522480070590973,-0.03897944092750549,0.01727922633290291,0.19811856746673584
-0.004304662346839905,-0.039393745362758636,0.01691271737217903,0.1974639594554901
-0.003391936421394348,-0.03831428661942482,0.016640041023492813,0.1936788558959961
-0.0032534003257751465,-0.03863033279776573,0.016656864434480667,0.1930694580078125
-0.0018084868788719177,-0.03752212971448898,0.018705595284700394,0.1894502341747284
-0.001571469008922577,-0.03756827861070633,0.01757921651005745,0.18658727407455444
-0.0014645904302597046,-0.03768222779035568,0.017352718859910965,0.1860911250114441
-0.0014507845044136047,-0.037737563252449036,0.01733637973666191,0.18606092035770416
-0.0007486864924430847,-0.0373087152838707,0.016491029411554337,0.18273578584194183
0.00024337321519851685,-0.03812108561396599,0.01642962172627449,0.1798986792564392
0.0004291832447052002,-0.03868447616696358,0.01631467416882515,0.17937757074832916
0.0009559020400047302,-0.038740936666727066,0.017641406506299973,0.17615333199501038
0.00105372816324234,-0.03921222686767578,0.017699357122182846,0.17568860948085785
0.0012627243995666504,-0.03895508497953415,0.018822599202394485,0.17307201027870178
0.0012819692492485046,-0.0394027940928936,0.01902233436703682,0.17289839684963226
0.0025259554386138916,-0.038825079798698425,0.0188782699406147,0.16896963119506836
0.002825535833835602,-0.039307717233896255,0.01884869858622551,0.1682385951280594
0.003480099141597748,-0.03875871002674103,0.015696022659540176,0.1665124148130417
0.005078621208667755,-0.038207948207855225,0.015335116535425186,0.16424871981143951
0.005308419466018677,-0.03856651857495308,0.015579607337713242,0.16389921307563782
0.006114736199378967,-0.03786415606737137,0.015140723437070847,0.16125115752220154
0.006282024085521698,-0.03808174654841423,0.015178311616182327,0.16080710291862488
0.006884001195430756,-0.03717973083257675,0.015055965632200241,0.15837472677230835
0.006997644901275635,-0.03738023340702057,0.015142682939767838,0.15798866748809814
0.007611922919750214,-0.03632014989852905,0.016439270228147507,0.15665696561336517
0.007630996406078339,-0.03631775081157684,0.01683196797966957,0.15657465159893036
0.008087404072284698,-0.03599615395069122,0.01677222177386284,0.15302975475788116
0.008223146200180054,-0.036139219999313354,0.01672803983092308,0.15245270729064941
0.00823783129453659,-0.036184147000312805,0.016729798167943954,0.1524118185043335
0.008889719843864441,-0.03509202599525452,0.015819285064935684,0.15008337795734406
0.00899958610534668,-0.035116828978061676,0.015857215970754623,0.1497267335653305
0.009668581187725067,-0.034639641642570496,0.013754356652498245,0.14567653834819794
0.010518677532672882,-0.03403981029987335,0.012127954512834549,0.14290198683738708
0.010691449046134949,-0.034247107803821564,0.012021388858556747,0.14247404038906097
0.010709777474403381,-0.034342728555202484,0.012018684297800064,0.14244194328784943
0.01096382737159729,-0.03375504910945892,0.011278841644525528,0.13927465677261353
0.01091872900724411,-0.033573076128959656,0.01032288745045662,0.13647668063640594
0.010919228196144104,-0.03360544145107269,0.010280434042215347,0.13595303893089294
0.010917998850345612,-0.03365760296583176,0.01028023287653923,0.13590912520885468
0.010297350585460663,-0.033211685717105865,0.009252246469259262,0.13554373383522034
0.01001981645822525,-0.032870814204216,0.009432222694158554,0.13364167511463165
0.009970366954803467,-0.032939888536930084,0.009546462446451187,0.13339461386203766
0.010148867964744568,-0.03254710137844086,0.010565172880887985,0.12916871905326843
0.01019906997680664,-0.032721467316150665,0.010915372520685196,0.12842215597629547
0.010848060250282288,-0.03272420912981033,0.010505493730306625,0.1250735968351364
0.011016689240932465,-0.03292974829673767,0.010516833513975143,0.124270960688591
0.011222004890441895,-0.03355422616004944,0.009639929980039597,0.12222238630056381
0.011325746774673462,-0.0336444154381752,0.009515475481748581,0.12169523537158966
0.011876657605171204,-0.03280619531869888,0.010280963033437729,0.12014312297105789
0.011976249516010284,-0.03275337070226669,0.010484177619218826,0.11987505853176117
0.012960076332092285,-0.03191661834716797,0.009087417274713516,0.11665987223386765
0.013231486082077026,-0.03171712905168533,0.008934762328863144,0.1158422976732254
0.013427823781967163,-0.03148431330919266,0.00830911472439766,0.11573831737041473
0.01346096396446228,-0.0314713716506958,0.008307617157697678,0.11567240953445435
0.01458480954170227,-0.03064431995153427,0.008621763437986374,0.1130015105009079
0.014782942831516266,-0.030871592462062836,0.008644159883260727,0.11249934881925583
0.015034615993499756,-0.0304880291223526,0.007587078958749771,0.11034522205591202
0.015123441815376282,-0.030450575053691864,0.007389631122350693,0.10979178547859192
0.015418820083141327,-0.030187182128429413,0.007576879113912582,0.10980596393346786
0.015497900545597076,-0.0299435555934906,0.007681634277105331,0.10985966771841049
0.016539178788661957,-0.02929038554430008,0.009222868829965591,0.10895852744579315
0.016134418547153473,-0.02876332402229309,0.009313438087701797,0.10888286679983139
0.016076087951660156,-0.02867521345615387,0.009311001747846603,0.10888224095106125
0.015750065445899963,-0.028775230050086975,0.00947912409901619,0.10797923803329468
0.015701450407505035,-0.02868935465812683,0.009540420025587082,0.10787166655063629
0.016736015677452087,-0.02801407128572464,0.011368829756975174,0.10310646146535873
0.016934871673583984,-0.028110139071941376,0.011713188141584396,0.10231000185012817
0.017514482140541077,-0.02784581482410431,0.011172641068696976,0.10004660487174988
0.017665110528469086,-0.0277382954955101,0.011132057756185532,0.0995301604270935
0.01755392551422119,-0.027484729886054993,0.0119369737803936,0.09876157343387604
0.017493031919002533,-0.027547240257263184,0.0121128149330616,0.09868845343589783
0.017484039068222046,-0.027577564120292664,0.01212390884757042,0.09868514537811279
0.01751263439655304,-0.02736659348011017,0.011471394449472427,0.09725309908390045
0.017543204128742218,-0.027627669274806976,0.011299435049295425,0.09700053930282593
0.01828644424676895,-0.02691233903169632,0.011471021920442581,0.09369596093893051
0.018472060561180115,-0.026982039213180542,0.011449012905359268,0.09311484545469284
0.018367566168308258,-0.0261494442820549,0.010644089430570602,0.09279429912567139
0.01856345683336258,-0.02591477334499359,0.008797120302915573,0.09206820279359818
0.01867762953042984,-0.02574104815721512,0.008450072258710861,0.09178247302770615
0.0186941996216774,-0.02572064846754074,0.008427012711763382,0.09175779670476913
0.019025884568691254,-0.02601734548807144,0.008266616612672806,0.0921650305390358
0.020030111074447632,-0.025307387113571167,0.00888151302933693,0.09072591364383698
0.02015327662229538,-0.02527916431427002,0.00897914543747902,0.0905434787273407
0.02057059109210968,-0.0252377912402153,0.007669057697057724,0.08877082169055939
0.02068178355693817,-0.025289759039878845,0.007349606603384018,0.0882720947265625
0.020928628742694855,-0.025038622319698334,0.004961509257555008,0.08567651361227036
0.021103233098983765,-0.024836212396621704,0.004403423517942429,0.08479329943656921
0.0214608833193779,-0.02426646649837494,0.004623729735612869,0.08513469249010086
0.021576888859272003,-0.023861728608608246,0.004827331751585007,0.08514481782913208
0.021696411073207855,-0.023945488035678864,0.004517760127782822,0.0841461718082428
0.02178344875574112,-0.02357780933380127,0.0045280493795871735,0.08392826467752457
0.022521868348121643,-0.023132212460041046,0.003266315907239914,0.08222568035125732
0.02273429185152054,-0.02298583835363388,0.0029991306364536285,0.08176366239786148
0.022899501025676727,-0.023570172488689423,0.002302352339029312,0.07996942847967148
0.022934913635253906,-0.023639284074306488,0.002146568149328232,0.0795687586069107
0.022794209420681,-0.024118781089782715,0.0021825693547725677,0.08019015938043594
0.02273230254650116,-0.024376437067985535,0.002177927643060684,0.08037896454334259
0.02287161350250244,-0.024081557989120483,0.003211233764886856,0.07934314757585526
0.022844016551971436,-0.024113118648529053,0.003433000296354294,0.07927016168832779
0.0227968692779541,-0.023584336042404175,0.004441741853952408,0.07854858785867691
0.022779539227485657,-0.02353847026824951,0.004644658416509628,0.0785011276602745
0.02331448346376419,-0.022274993360042572,0.005374256521463394,0.0769822970032692
0.023446835577487946,-0.022068485617637634,0.0055078379809856415,0.07679050415754318
0.023842476308345795,-0.021557055413722992,0.0050574056804180145,0.07529562711715698
0.023960210382938385,-0.021701455116271973,0.004842016845941544,0.07505360245704651
0.023911163210868835,-0.021379664540290833,0.0050208307802677155,0.07462776452302933
0.023927763104438782,-0.021242238581180573,0.005070004612207413,0.07461118698120117
0.02347860485315323,-0.021036222577095032,0.004638779908418655,0.07424909621477127
0.023443348705768585,-0.020956434309482574,0.004578735679388046,0.07421638071537018
0.023130014538764954,-0.020793460309505463,0.004290509968996048,0.07461698353290558
0.02310841530561447,-0.020404644310474396,0.004066202789545059,0.0738997533917427
0.023165538907051086,-0.020295850932598114,0.0040519870817661285,0.07375086843967438
0.023936055600643158,-0.019178137183189392,0.0041046105325222015,0.07174466550350189
0.024144358932971954,-0.018879584968090057,0.004104036837816238,0.07136625051498413
0.0245099738240242,-0.018623627722263336,0.004346746951341629,0.07089617848396301
0.024588190019130707,-0.018450558185577393,0.004402864724397659,0.07081879675388336
0.02488742768764496,-0.018113233149051666,0.004245799034833908,0.07102486491203308
0.024939119815826416,-0.017928652465343475,0.004297453910112381,0.07096398621797562
0.025252118706703186,-0.017675012350082397,0.0029532797634601593,0.07063498347997665
0.025347426533699036,-0.017537489533424377,0.002713661640882492,0.07035485655069351
0.025533005595207214,-0.017768092453479767,0.002428162842988968,0.07010143995285034
0.025581784546375275,-0.017841830849647522,0.0023920051753520966,0.07000663131475449
0.0254657045006752,-0.017333418130874634,0.002802077680826187,0.06946700811386108
0.025479532778263092,-0.017182588577270508,0.002886403352022171,0.06941620260477066
0.025608815252780914,-0.01644831895828247,0.0030747540295124054,0.06849686056375504
0.02567208558320999,-0.016280420124530792,0.0030884332954883575,0.06831429153680801
0.025795139372348785,-0.0158630833029747,0.0032300464808940887,0.06756963580846786
0.025833234190940857,-0.01569211483001709,0.003262300044298172,0.06736166030168533
0.02619536966085434,-0.015132926404476166,0.002720598131418228,0.06506019085645676
0.026332005858421326,-0.014949791133403778,0.002562265843153,0.06450914591550827
0.02657463401556015,-0.015011847019195557,0.002363096922636032,0.06322397291660309
0.025859899818897247,-0.015291549265384674,0.0012756213545799255,0.06239376962184906
0.025756947696208954,-0.015288032591342926,0.0010240040719509125,0.06216650456190109
0.02574758231639862,-0.01526353508234024,0.0010089762508869171,0.062136583030223846
0.02663586288690567,-0.015193216502666473,0.0016772709786891937,0.05943065136671066
0.02676244080066681,-0.015213951468467712,0.001804102212190628,0.05902635306119919
0.027025319635868073,-0.01533113420009613,0.0023716427385807037,0.058469511568546295
0.027017347514629364,-0.015336446464061737,0.0023307539522647858,0.057869888842105865
0.02700888365507126,-0.015280954539775848,0.0023244060575962067,0.05770590156316757
0.026900283992290497,-0.015004701912403107,0.002064075320959091,0.05728723108768463
0.02689266949892044,-0.014952093362808228,0.0019984059035778046,0.057159557938575745
0.02666620910167694,-0.01510889083147049,0.0027877427637577057,0.057634927332401276
0.026592500507831573,-0.015203304588794708,0.0029171444475650787,0.05790013074874878
0.026473209261894226,-0.01501292735338211,0.0033364929258823395,0.05821981281042099
0.026435576379299164,-0.014960125088691711,0.0034208036959171295,0.05835522711277008
0.026433132588863373,-0.014508500695228577,0.0027103684842586517,0.05782124400138855
0.026798516511917114,-0.013651818037033081,0.0021423064172267914,0.05661608278751373
0.026882261037826538,-0.013387992978096008,0.0020798929035663605,0.05619090795516968
0.027102693915367126,-0.013029001653194427,0.0022778399288654327,0.05527443438768387
0.027158692479133606,-0.012822367250919342,0.00232904776930809,0.05508715659379959
0.027805417776107788,-0.01230776309967041,0.0026985444128513336,0.05397411435842514
0.027918681502342224,-0.012107372283935547,0.00283171609044075,0.053663238883018494
0.02813919633626938,-0.012399666011333466,0.0025838278234004974,0.05387677252292633
0.028193004429340363,-0.012406840920448303,0.0025184713304042816,0.05391721427440643
0.028262637555599213,-0.01242874562740326,0.0030205361545085907,0.05416059494018555
0.028250016272068024,-0.012530013918876648,0.003104422241449356,0.054272204637527466
0.028230145573616028,-0.012075535953044891,0.003224339336156845,0.054056599736213684
0.028202585875988007,-0.012069851160049438,0.0032311640679836273,0.05401526391506195
0.028238952159881592,-0.012134775519371033,0.0023812316358089447,0.05370255559682846
0.028240695595741272,-0.012110285460948944,0.0021940357983112335,0.053550854325294495
0.027827680110931396,-0.011837504804134369,0.0015961267054080963,0.053566306829452515
0.02777063101530075,-0.011636815965175629,0.0015108250081539154,0.053466275334358215
0.027220942080020905,-0.012151487171649933,0.0018770508468151093,0.05339096486568451
0.027018681168556213,-0.012740150094032288,0.0018183104693889618,0.053064994513988495
0.027007929980754852,-0.01288304477930069,0.001735243946313858,0.053106486797332764
0.027420945465564728,-0.01303759217262268,0.0022432319819927216,0.05307245999574661
0.027476303279399872,-0.01306489109992981,0.002351861447095871,0.053082436323165894
0.027795016765594482,-0.012966342270374298,0.0017685405910015106,0.05270925164222717
0.02786426991224289,-0.012845486402511597,0.001698952168226242,0.05239373445510864
0.02839776873588562,-0.012714393436908722,0.0033471323549747467,0.05145411938428879
0.028421789407730103,-0.01285184919834137,0.0037065260112285614,0.05139993131160736
0.02902873605489731,-0.012450918555259705,0.0046098195016384125,0.05101810395717621
0.029118075966835022,-0.012496404349803925,0.004806879907846451,0.05098072439432144
0.0293719619512558,-0.012459725141525269,0.004837598651647568,0.05096369981765747
0.02942316234111786,-0.012439355254173279,0.00487774983048439,0.050889573991298676
0.029723800718784332,-0.01231144368648529,0.004543047398328781,0.050968363881111145
0.02979397028684616,-0.012204557657241821,0.0045360662043094635,0.05083587020635605
0.029752880334854126,-0.012158051133155823,0.004326026886701584,0.051773250102996826
0.029739491641521454,-0.012050233781337738,0.004292864352464676,0.05195065587759018
0.02956569194793701,-0.012576133012771606,0.00394367054104805,0.05179592967033386
0.02956438809633255,-0.01257564127445221,0.0038291774690151215,0.05176812410354614
0.029690824449062347,-0.013090245425701141,0.0037233568727970123,0.05145519971847534
0.029713429510593414,-0.013236314058303833,0.0036691762506961823,0.051400817930698395
0.029615342617034912,-0.01357927918434143,0.003382820636034012,0.05123979598283768
0.029618509113788605,-0.013653300702571869,0.0032951273024082184,0.051233455538749695
0.029754191637039185,-0.013451501727104187,0.002920035272836685,0.05146609991788864
0.029542282223701477,-0.013555772602558136,0.003490190953016281,0.05141185224056244
0.029490269720554352,-0.013605132699012756,0.0036004669964313507,0.05153513699769974
0.02945992350578308,-0.013256333768367767,0.004109594970941544,0.051309734582901
0.02946457266807556,-0.013159707188606262,0.004225458949804306,0.05136287212371826
0.03007536381483078,-0.012322664260864258,0.004774894565343857,0.04987485706806183
0.030231662094593048,-0.012131467461585999,0.004868898540735245,0.04964637756347656
0.030762434005737305,-0.011476404964923859,0.004363168030977249,0.04894956201314926
0.030901148915290833,-0.011288769543170929,0.004256080836057663,0.04875260591506958
0.031139709055423737,-0.011107183992862701,0.004538308829069138,0.047778911888599396
0.031176649034023285,-0.011105678975582123,0.004574771970510483,0.04763270914554596
0.03160560131072998,-0.010901875793933868,0.0043131448328495026,0.047830626368522644
0.03166906535625458,-0.010734140872955322,0.004330027848482132,0.04767549782991409
0.03175653517246246,-0.010493338108062744,0.004560854285955429,0.04763583838939667
0.031761541962623596,-0.010438360273838043,0.0046178363263607025,0.04768132418394089
0.03197164088487625,-0.010196931660175323,0.004476618021726608,0.047780632972717285
0.032009661197662354,-0.010134696960449219,0.004457388073205948,0.047768786549568176
0.03234066069126129,-0.009823821485042572,0.004271160811185837,0.0477050319314003
0.03241456300020218,-0.00974004715681076,0.004252877086400986,0.04763997346162796
0.03225235641002655,-0.009313799440860748,0.0041611529886722565,0.04705328494310379
0.03224632889032364,-0.009058013558387756,0.003982309252023697,0.046786509454250336
0.032290346920490265,-0.008960902690887451,0.003937836736440659,0.046724796295166016
0.032296620309352875,-0.008952602744102478,0.003934565931558609,0.046720728278160095
0.03228432685136795,-0.00918453186750412,0.0035751350224018097,0.04685892164707184
0.03236687183380127,-0.009062707424163818,0.0032691098749637604,0.04656771570444107
0.03240428864955902,-0.009059391915798187,0.0032290704548358917,0.046458564698696136
0.03239799290895462,-0.008625432848930359,0.002673152834177017,0.04609019309282303
0.03242747485637665,-0.008456729352474213,0.002604406327009201,0.04585668444633484
0.03255382925271988,-0.008153349161148071,0.0022976361215114594,0.04609572887420654
0.03257954865694046,-0.008037149906158447,0.0022650696337223053,0.04611092805862427
0.032629385590553284,-0.007962599396705627,0.0016333498060703278,0.04602786898612976
0.032638467848300934,-0.007956117391586304,0.0014839284121990204,0.045945800840854645
0.03256276994943619,-0.007656104862689972,0.0013657324016094208,0.04591935873031616
0.032518237829208374,-0.0076525285840034485,0.0013621114194393158,0.045897409319877625
0.03265754133462906,-0.007331006228923798,0.0017351023852825165,0.045435234904289246
0.03268596529960632,-0.0073385536670684814,0.0017846710979938507,0.045404575765132904
0.03241525590419769,-0.007239766418933868,0.001844298094511032,0.0448661744594574
0.03245406597852707,-0.007545039057731628,0.0012757591903209686,0.04477270692586899
0.032444700598716736,-0.00755726546049118,0.0011505819857120514,0.04469218850135803
0.03244418650865555,-0.007541224360466003,0.0011411979794502258,0.044680334627628326
0.032361581921577454,-0.007620982825756073,0.0009925104677677155,0.04476749151945114
0.03242575377225876,-0.007180251181125641,0.0013421140611171722,0.04390706121921539
0.0324665904045105,-0.007101431488990784,0.0014022551476955414,0.04381151497364044
0.03253905475139618,-0.0068660154938697815,0.0019707418978214264,0.04284656047821045
0.03253918141126633,-0.006831660866737366,0.0020675919950008392,0.0427774041891098
0.032962411642074585,-0.00705573707818985,0.0028014518320560455,0.042139701545238495
0.03303477168083191,-0.007108904421329498,0.0029421187937259674,0.042066022753715515
0.0330471470952034,-0.007084950804710388,0.0023420192301273346,0.04212760925292969
0.03308461606502533,-0.007012553513050079,0.0021950341761112213,0.04205358028411865
0.03327444940805435,-0.007020227611064911,0.002221163362264633,0.04175674915313721
0.03331558406352997,-0.007037036120891571,0.002221081405878067,0.04167516529560089
0.03335260599851608,-0.006998904049396515,0.002098802477121353,0.04146880656480789
0.03336244076490402,-0.007009260356426239,0.0020657815039157867,0.04141522943973541
0.033472590148448944,-0.006940312683582306,0.0020750947296619415,0.04107256233692169
0.03349175304174423,-0.006936371326446533,0.002055194228887558,0.040966346859931946
0.03345625102519989,-0.007039971649646759,0.001965481787919998,0.04097530245780945
0.03344032168388367,-0.007095798850059509,0.0019636638462543488,0.040972426533699036
0.03330524265766144,-0.007150523364543915,0.0016438551247119904,0.04102110117673874
0.033310793340206146,-0.00710807740688324,0.0014695413410663605,0.041611142456531525
0.03329542279243469,-0.007075473666191101,0.0014698691666126251,0.041708916425704956
0.03331335633993149,-0.007153667509555817,0.001511555165052414,0.04182755947113037
0.03333253413438797,-0.007155455648899078,0.0015172772109508514,0.04184715449810028
0.033334746956825256,-0.007166117429733276,0.001517999917268753,0.041848763823509216
0.03345217555761337,-0.006895884871482849,0.0015956126153469086,0.04211466759443283
0.033477284014225006,-0.006901979446411133,0.001425471156835556,0.041987061500549316
0.033462636172771454,-0.007004037499427795,0.0013625770807266235,0.04190231114625931
0.033461302518844604,-0.0070223212242126465,0.0013575740158557892,0.04189026355743408
0.03346867859363556,-0.007014952600002289,0.0014269538223743439,0.04157181829214096
0.033461861312389374,-0.007089249789714813,0.0014375187456607819,0.04149526357650757
0.033850982785224915,-0.006855972111225128,0.001884225755929947,0.04242875427007675
0.03388422727584839,-0.006667934358119965,0.0020382292568683624,0.04255847632884979
0.03422737866640091,-0.0071500688791275024,0.0029205046594142914,0.04322361946105957
0.034200191497802734,-0.007372237741947174,0.003090057522058487,0.04329763352870941
0.0344557911157608,-0.007297806441783905,0.0033259131014347076,0.04389159381389618
0.034487657248973846,-0.007285289466381073,0.0033696331083774567,0.04408573359251022
0.03413748741149902,-0.007848307490348816,0.002931993454694748,0.04395786672830582
0.03412022441625595,-0.007968485355377197,0.0027994997799396515,0.04387117177248001
0.034341827034950256,-0.007918082177639008,0.002759914845228195,0.04296860098838806
0.03437391668558121,-0.007828675210475922,0.0027786381542682648,0.042701348662376404
0.034569062292575836,-0.006750263273715973,0.003158207982778549,0.04379023611545563
0.034606724977493286,-0.0063414424657821655,0.0033123679459095,0.043995775282382965
0.03426842391490936,-0.005491122603416443,0.0030764006078243256,0.044495441019535065
0.03421488404273987,-0.005190260708332062,0.0030810125172138214,0.04465559870004654
0.03411875665187836,-0.0056428611278533936,0.0036317743360996246,0.04374542832374573
0.03413107246160507,-0.00591035932302475,0.00366390123963356,0.043698474764823914
0.034513652324676514,-0.005360536277294159,0.0033928416669368744,0.04292142391204834
0.03461790829896927,-0.005196325480937958,0.003341216593980789,0.04271947592496872
0.03456709533929825,-0.005657963454723358,0.0032761357724666595,0.041761599481105804
0.03455376625061035,-0.005457371473312378,0.0030687563121318817,0.04184182733297348
0.034553490579128265,-0.005309775471687317,0.0030660144984722137,0.04200609028339386
0.03447038680315018,-0.004713878035545349,0.0025549866259098053,0.04088936001062393
0.03448791056871414,-0.004546843469142914,0.0024683140218257904,0.04066542536020279
0.03461466729640961,-0.0045342519879341125,0.0020015649497509003,0.04083944857120514
0.034635476768016815,-0.0045173317193984985,0.0019189901649951935,0.04076965153217316
0.03468678891658783,-0.0048470646142959595,0.0017061270773410797,0.04089481383562088
0.034700773656368256,-0.004933178424835205,0.0016361437737941742,0.04085790365934372
0.03464307636022568,-0.004991598427295685,0.0015613250434398651,0.04078199714422226
0.03463411331176758,-0.004991374909877777,0.0015484131872653961,0.04075467586517334
0.034590087831020355,-0.00500352680683136,0.001645740121603012,0.04082430899143219
0.0345783531665802,-0.004986926913261414,0.0016729198396205902,0.04085160791873932
0.0345766618847847,-0.004982121288776398,0.0016751326620578766,0.04085386544466019
0.03449463099241257,-0.004944965243339539,0.0017971210181713104,0.041013747453689575
0.03447319567203522,-0.004942186176776886,0.001829240471124649,0.04106784611940384
0.03445613384246826,-0.00498855859041214,0.0016622133553028107,0.04115825146436691
0.03445427864789963,-0.005002610385417938,0.0016268156468868256,0.04115891456604004
0.034453198313713074,-0.005040615797042847,0.0016576088964939117,0.04115757346153259
0.03445041924715042,-0.005041427910327911,0.0016655363142490387,0.04116005450487137
0.034394651651382446,-0.005004681646823883,0.0014780126512050629,0.041169390082359314
0.03439205139875412,-0.0049955472350120544,0.0014422126114368439,0.041163355112075806
0.03436122089624405,-0.004974916577339172,0.001253034919500351,0.04133767634630203
0.03425370901823044,-0.0049578845500946045,0.0009653866291046143,0.04145696014165878
0.0342453271150589,-0.00493863970041275,0.0009173750877380371,0.041475340723991394
0.034261271357536316,-0.0050218552350997925,0.0006892047822475433,0.041328348219394684
0.03427837789058685,-0.005112513899803162,0.00060218945145607,0.04130135476589203
0.03455144166946411,-0.00542314350605011,0.0015993528068065643,0.04115273803472519
0.034564435482025146,-0.0055352672934532166,0.0017810575664043427,0.04116618633270264
0.034774474799633026,-0.0055857449769973755,0.0011253543198108673,0.041264452040195465
0.03483576327562332,-0.005595982074737549,0.0009808167815208435,0.04119303077459335
0.0347466915845871,-0.005636133253574371,0.0013291575014591217,0.04143711179494858
0.034699708223342896,-0.005741022527217865,0.0013627633452415466,0.04156598448753357
0.034874312579631805,-0.005162447690963745,0.0015335269272327423,0.04164149612188339
0.03492898494005203,-0.004882901906967163,0.0016361437737941742,0.04170679301023483
0.0351710245013237,-0.004645578563213348,0.0016079507768154144,0.042580172419548035
0.035230107605457306,-0.004509717226028442,0.0016318075358867645,0.04272329807281494
0.03518311679363251,-0.004660330712795258,0.001564960926771164,0.043370991945266724
0.035536251962184906,-0.0039846524596214294,0.0028914622962474823,0.04274953156709671
0.03558318316936493,-0.0039779990911483765,0.0031501762568950653,0.04276365041732788
0.03558674454689026,-0.0039789751172065735,0.0031666643917560577,0.04277018457651138
0.03585601598024368,-0.003673337399959564,0.003321480005979538,0.042997851967811584
0.035878054797649384,-0.0035746321082115173,0.0033956579864025116,0.04301423579454422
0.035764239728450775,-0.004620060324668884,0.002640683203935623,0.04316839575767517
0.03574119508266449,-0.005020715296268463,0.002352152019739151,0.04313772916793823
0.03591810166835785,-0.005113266408443451,0.001763131469488144,0.04234021157026291
0.03599042445421219,-0.005135565996170044,0.0015806369483470917,0.04212511330842972
0.03620116412639618,-0.005015388131141663,0.0020795874297618866,0.04092670977115631
0.03624456375837326,-0.0051857903599739075,0.002128768712282181,0.04079980403184891
0.036374710500240326,-0.005117200314998627,0.0014247335493564606,0.04062642157077789
0.036434344947338104,-0.005188904702663422,0.0012624897062778473,0.04052799940109253
0.036537788808345795,-0.0048508793115615845,0.0017508156597614288,0.04099290817975998
0.0366160050034523,-0.00469178706407547,0.002254743129014969,0.040264472365379333
0.03662613779306412,-0.004740215837955475,0.0023029781877994537,0.040134042501449585
0.03683421015739441,-0.004686981439590454,0.002358611673116684,0.03996024280786514
0.03686743974685669,-0.004721395671367645,0.0023600198328495026,0.03994808346033096
0.0368623360991478,-0.005032055079936981,0.0018539763987064362,0.03931117057800293
0.0368846133351326,-0.005141586065292358,0.0016821511089801788,0.039154477417469025
0.03678780049085617,-0.0051917582750320435,0.0013682283461093903,0.03926815837621689
0.036781974136829376,-0.005218952894210815,0.0012955330312252045,0.03925436735153198
0.03667978197336197,-0.005206264555454254,0.0011886544525623322,0.03947623819112778
0.03666301071643829,-0.005215898156166077,0.00116710364818573,0.0395202711224556
0.03669176995754242,-0.005118139088153839,0.001232694834470749,0.039519064128398895
0.036697663366794586,-0.0050590187311172485,0.001265149563550949,0.039510853588581085
0.036669544875621796,-0.004989109933376312,0.0014193542301654816,0.03954067826271057
0.036661215126514435,-0.004914514720439911,0.0014760904014110565,0.039549484848976135
0.03667590022087097,-0.004947088658809662,0.0013980977237224579,0.03957003355026245
0.03667968511581421,-0.004987709224224091,0.0013673380017280579,0.039572156965732574
0.036691270768642426,-0.004975706338882446,0.0014427714049816132,0.039570100605487823
0.036690905690193176,-0.00497310608625412,0.0014611147344112396,0.03957951068878174
0.03668716549873352,-0.0050036609172821045,0.001338321715593338,0.03954654932022095
0.03669027239084244,-0.0050339773297309875,0.0013011433184146881,0.03953177481889725
0.036680400371551514,-0.0050895437598228455,0.0012430734932422638,0.039487943053245544
0.036679744720458984,-0.0051278844475746155,0.001218494027853012,0.03948231786489487
0.03668126463890076,-0.0051642730832099915,0.0012562647461891174,0.039438605308532715
0.03667981177568436,-0.005177699029445648,0.0012606270611286163,0.03943859785795212
0.036763012409210205,-0.005194932222366333,0.0013766773045063019,0.039310820400714874
0.03677397966384888,-0.005156584084033966,0.0014115013182163239,0.03928370028734207
0.03691456466913223,-0.005073614418506622,0.0016517303884029388,0.03925126791000366
0.03698522597551346,-0.005049966275691986,0.001734454184770584,0.039108194410800934
0.036991655826568604,-0.005109459161758423,0.001727428287267685,0.03910217434167862
0.03689609467983246,-0.004813969135284424,0.0017064474523067474,0.038727886974811554
0.03689394146203995,-0.004757590591907501,0.0016978420317173004,0.03864196687936783
0.036841779947280884,-0.0047425031661987305,0.001422446221113205,0.0396835058927536
0.036836154758930206,-0.004548594355583191,0.0014402233064174652,0.039800405502319336
0.03681313991546631,-0.00438728928565979,0.0006632469594478607,0.03998502343893051
0.036568671464920044,-0.004141286015510559,0.000543300062417984,0.03949367254972458
0.036565400660037994,-0.004053093492984772,0.0004743114113807678,0.03954949229955673
0.036566466093063354,-0.0040249302983284,0.00047004595398902893,0.03955915570259094
0.03673940896987915,-0.003866061568260193,0.0008066222071647644,0.04018320143222809
0.03672489523887634,-0.0038127899169921875,0.0009788349270820618,0.04031003266572952
0.03674110025167465,-0.0033373236656188965,0.00052633136510849,0.04000856727361679
0.03677421063184738,-0.0030613169074058533,0.00048794597387313843,0.0398402214050293
0.03677874803543091,-0.0030261799693107605,0.0004880093038082123,0.03981996327638626
0.036614805459976196,-0.003009714186191559,0.00042703747749328613,0.04088963568210602
0.036575354635715485,-0.0027646422386169434,0.0004951432347297668,0.041103169322013855
0.036819688975811005,-0.002280421555042267,0.0014707930386066437,0.04066247493028641
0.03686162084341049,-0.0018522664904594421,0.0017815642058849335,0.040610380470752716
0.03682323545217514,-0.0019023790955543518,0.0015516988933086395,0.04007524996995926
0.03689165413379669,-0.001914285123348236,0.0011409521102905273,0.03925084322690964
0.03692750632762909,-0.001900792121887207,0.0010319128632545471,0.03907683491706848
0.03693303465843201,-0.0019047781825065613,0.001023419201374054,0.03906235843896866
0.03693888336420059,-0.0018653720617294312,0.0010608024895191193,0.03904774785041809
0.03693917393684387,-0.0018582791090011597,0.0010717511177062988,0.03904229402542114
0.036962419748306274,-0.0017252042889595032,0.0010594278573989868,0.039002425968647
0.036966048181056976,-0.0016879066824913025,0.0010692812502384186,0.03897424787282944
0.03695303946733475,-0.001724541187286377,0.0009841807186603546,0.03899121284484863
0.03693143278360367,-0.0017648637294769287,0.0009448342025279999,0.03906486928462982
0.036926642060279846,-0.0017752349376678467,0.0009381026029586792,0.03908328711986542
0.03692615032196045,-0.0017756149172782898,0.0009376853704452515,0.03908482939004898
0.036976635456085205,-0.0016905814409255981,0.0011242888867855072,0.03896035999059677
0.03698229044675827,-0.001678168773651123,0.0011716894805431366,0.03894954174757004
0.03699689358472824,-0.0016828998923301697,0.0011208094656467438,0.03898336738348007
0.037003807723522186,-0.0017042607069015503,0.001123126596212387,0.0390443280339241
0.037004418671131134,-0.0017075538635253906,0.001124899834394455,0.03905852138996124
0.03701076656579971,-0.0017341822385787964,0.0011206530034542084,0.039006493985652924
0.03701414912939072,-0.0017458051443099976,0.0011132210493087769,0.038997188210487366
0.03701850026845932,-0.001746051013469696,0.001090019941329956,0.038995854556560516
0.03702155500650406,-0.0017681047320365906,0.0010767057538032532,0.03899390995502472
0.037033550441265106,-0.0017718896269798279,0.001061413437128067,0.03917021304368973
0.03703175485134125,-0.0017814934253692627,0.0010616742074489594,0.03920937329530716
0.0370512381196022,-0.0018571168184280396,0.000963941216468811,0.03900174796581268
0.03706137835979462,-0.001926027238368988,0.0009152144193649292,0.03895910084247589
0.037055738270282745,-0.0018875151872634888,0.0011138319969177246,0.039037324488162994
0.03705691546201706,-0.0019254833459854126,0.0010768510401248932,0.03898927569389343
0.03706003725528717,-0.0019326657056808472,0.001055639237165451,0.03896944224834442
0.0370175763964653,-0.002085469663143158,0.0008687153458595276,0.03905683755874634
0.0370110422372818,-0.0021315887570381165,0.0008141100406646729,0.039063066244125366
0.036953628063201904,-0.0020620450377464294,0.0013314783573150635,0.039286524057388306
0.03692052513360977,-0.0019844844937324524,0.001478288322687149,0.039389461278915405
0.03691617399454117,-0.001892782747745514,0.0022812969982624054,0.03921925276517868
0.03688789904117584,-0.001906365156173706,0.002470593899488449,0.03924579173326492
0.03698953986167908,-0.001621834933757782,0.0028217844665050507,0.03955807536840439
0.036982372403144836,-0.0015730708837509155,0.0029272623360157013,0.039609409868717194
0.03681042790412903,-0.0015447810292243958,0.0029274336993694305,0.040266864001750946
0.03675887733697891,-0.0015422552824020386,0.0029301010072231293,0.0403674840927124
0.03647959977388382,-0.0017118602991104126,0.0016509480774402618,0.04067754000425339
0.036447033286094666,-0.0017284080386161804,0.0012592785060405731,0.040395431220531464
0.036459311842918396,-0.0017572492361068726,0.0011794976890087128,0.040377065539360046
0.036478228867053986,-0.0018931031227111816,0.0007917582988739014,0.0410003736615181
0.03647274523973465,-0.001998886466026306,0.0006832778453826904,0.041015058755874634
0.03647265583276749,-0.002015337347984314,0.0006738342344760895,0.041008830070495605
0.035826392471790314,-0.0014829710125923157,0.0009693168103694916,0.04050065577030182
0.035543330013751984,-0.0012319311499595642,0.002880517393350601,0.04083161801099777
0.03545640408992767,-0.0014682039618492126,0.003151301294565201,0.041155412793159485
0.03497359901666641,-0.0010941550135612488,0.002408493310213089,0.0411825031042099
0.03491859883069992,-0.0011252164840698242,0.0022634081542491913,0.04111830145120621
0.034950777888298035,-0.001197725534439087,0.0010050423443317413,0.040261536836624146
0.03503115475177765,-0.0011328533291816711,0.0007555633783340454,0.03996972739696503
0.03491228073835373,-0.0013954639434814453,0.0007879361510276794,0.040976665914058685
0.03486589342355728,-0.0015016868710517883,0.0007875226438045502,0.041178345680236816
0.03506341576576233,-0.0012853071093559265,3.769621253013611e-05,0.0420510396361351
0.03511764109134674,-0.0010971203446388245,-5.994737148284912e-05,0.04209134727716446
0.035118140280246735,-0.0010644271969795227,-7.549300789833069e-05,0.04209432005882263
0.03511791676282883,-0.0010590776801109314,-7.829070091247559e-05,0.04209277033805847
0.03495020419359207,-0.002001643180847168,3.794580698013306e-05,0.04213771969079971
0.035461217164993286,-0.002601020038127899,0.0004613734781742096,0.041910238564014435
0.03550000488758087,-0.0023948177695274353,0.0006420090794563293,0.04173970967531204
0.03598093241453171,-0.00292331725358963,0.002090703696012497,0.041900038719177246
0.03608284145593643,-0.0033014491200447083,0.002285335212945938,0.04230158030986786
0.03646744042634964,-0.003902427852153778,0.002639416605234146,0.04222232848405838
0.03646423667669296,-0.004475191235542297,0.0026149116456508636,0.04214491695165634
0.036215946078300476,-0.0041106268763542175,0.0019991733133792877,0.03935176879167557
0.03623039275407791,-0.003593169152736664,0.0019903741776943207,0.038812726736068726
0.03669484704732895,-0.0033245310187339783,0.0011281296610832214,0.03923550993204117
0.036839328706264496,-0.0032319575548171997,0.0009502731263637543,0.039237625896930695
0.036648012697696686,-0.004529744386672974,0.000736333429813385,0.039999887347221375
0.03655954450368881,-0.005191333591938019,0.0005943924188613892,0.04006405919790268
0.036640286445617676,-0.005000516772270203,0.0010254010558128357,0.0394386351108551
0.036650411784648895,-0.0050484538078308105,0.0011103861033916473,0.03938441723585129
0.03665109723806381,-0.0050617605447769165,0.0011153854429721832,0.039383649826049805
0.036651164293289185,-0.005064047873020172,0.0011157207190990448,0.039383962750434875
0.036651164293289185,-0.005064457654953003,0.0011157207190990448,0.039383985102176666
0.036651164293289185,-0.005064524710178375,0.0011157207190990448,0.03938400745391846
0.036651164293289185,-0.005064539611339569,0.0011157207190990448,0.03938400745391846
0.036651164293289185,-0.005064539611339569,0.0011157207190990448,0.03938400745391846
0.036651164293289185,-0.005064554512500763,0.0011157207190990448,0.03938400745391846
0.036651164293289185,-0.005064554512500763,0.0011157207190990448,0.03938400745391846
0.036651164293289185,-0.005064554512500763,0.0011157207190990448,0.03938400745391846
0.036651164293289185,-0.005064554512500763,0.0011157207190990448,0.03938400745391846
0.036651164293289185,-0.005064554512500763,0.0011157207190990448,0.03938400745391846
0.036651164293289185,-0.005064554512500763,0.0011157207190990448,0.03938400745391846
0.036651164293289185,-0.005064554512500763,0.0011157207190990448,0.03938400745391846
0.036651164293289185,-0.005064554512500763,0.0011157207190990448,0.03938400745391846
0.036657266318798065,-0.005074307322502136,0.0012061074376106262,0.03953412175178528
0.03680796176195145,-0.004064343869686127,0.0005221255123615265,0.039402641355991364
0.03688986599445343,-0.003772936761379242,0.0004117600619792938,0.03931453078985214
0.03673124313354492,-0.0037964433431625366,0.0020698420703411102,0.03827980160713196
0.03665224462747574,-0.0037294626235961914,0.0024108849465847015,0.03834640979766846
0.03688047081232071,-0.0037541985511779785,0.0028857477009296417,0.0378669872879982
0.03693777322769165,-0.003720812499523163,0.0030035190284252167,0.03779155761003494
0.036834217607975006,-0.0035624876618385315,0.0009802840650081635,0.038209475576877594
0.03687439113855362,-0.0033055320382118225,0.0005665533244609833,0.038016267120838165
0.036982305347919464,-0.0023285523056983948,0.0011285804212093353,0.0390210822224617
0.036992765963077545,-0.0015323832631111145,0.0014961175620555878,0.03915627300739288
0.036990173161029816,-0.0014241859316825867,0.0015031658113002777,0.03918711096048355
0.03699066489934921,-0.0013919398188591003,0.0015018023550510406,0.03918396681547165
0.036990709602832794,-0.0013866499066352844,0.0015018470585346222,0.039182744920253754
0.036990679800510406,-0.0013856440782546997,0.0015018545091152191,0.039182454347610474
0.036990679800510406,-0.0013854578137397766,0.0015018545091152191,0.03918241709470749
0.036990679800510406,-0.001385413110256195,0.0015018545091152191,0.03918241709470749
0.036990679800510406,-0.0013853982090950012,0.0015018545091152191,0.03918241709470749
0.036990679800510406,-0.0013853982090950012,0.0015018545091152191,0.03918241709470749
0.036990679800510406,-0.0013853982090950012,0.0015018545091152191,0.03918241709470749
0.036990679800510406,-0.0013853982090950012,0.0015018545091152191,0.03918241709470749
0.036990679800510406,-0.0013853982090950012,0.0015018545091152191,0.03918241709470749
0.036990679800510406,-0.0013853982090950012,0.0015018545091152191,0.03918241709470749
0.036990679800510406,-0.0013853982090950012,0.0015018545091152191,0.03918241709470749
0.036990679800510406,-0.0013853982090950012,0.0015018545091152191,0.03918241709470749
0.036990679800510406,-0.0013853982090950012,0.0015018545091152191,0.03918241709470749
0.036990679800510406,-0.0013853982090950012,0.0015018545091152191,0.03918241709470749
0.036990679800510406,-0.0013853982090950012,0.0015018545091152191,0.03918241709470749
0.036990679800510406,-0.0013853982090950012,0.0015018545091152191,0.03918241709470749
0.036990679800510406,-0.0013853982090950012,0.0015018545091152191,0.03918241709470749
0.036990679800510406,-0.0013853982090950012,0.0015018545091152191,0.03918241709470749
0.036990679800510406,-0.0013853982090950012,0.0015018545091152191,0.03918241709470749
0.036990679800510406,-0.0013853982090950012,0.0015018545091152191,0.03918241709470749
0.036990679800510406,-0.0013853982090950012,0.0015018545091152191,0.03918241709470749
0.036990679800510406,-0.0013853982090950012,0.0015018545091152191,0.03918241709470749
0.036990679800510406,-0.0013853982090950012,0.0015018545091152191,0.03918241709470749
0.036990679800510406,-0.0013853982090950012,0.0015018545091152191,0.03918241709470749
0.036990679800510406,-0.0013853982090950012,0.0015018545091152191,0.03918241709470749
0.036990679800510406,-0.0013853982090950012,0.0015018545091152191,0.03918241709470749
0.036990679800510406,-0.0013853982090950012,0.0015018545091152191,0.03918241709470749
0.036990679800510406,-0.0013853982090950012,0.0015018545091152191,0.03918241709470749
0.036990679800510406,-0.0013853982090950012,0.0015018545091152191,0.03918241709470749
0.036990679800510406,-0.0013853982090950012,0.0015018545091152191,0.03918241709470749
0.036990679800510406,-0.0013853982090950012,0.0015018545091152191,0.03918241709470749
0.03699076920747757,-0.0013854578137397766,0.0015033893287181854,0.03918702155351639
0.036990709602832794,-0.0013848692178726196,0.0015040598809719086,0.03918808698654175
0.036990709602832794,-0.001384735107421875,0.0015040598809719086,0.03918816149234772
0.036990709602832794,-0.0013847202062606812,0.0015040598809719086,0.03918816149234772
0.036990709602832794,-0.0013847202062606812,0.0015040598809719086,0.03918816149234772
0.036990709602832794,-0.0013847202062606812,0.0015040598809719086,0.03918816149234772
0.036990709602832794,-0.0013847202062606812,0.0015040598809719086,0.03918816149234772
0.036990709602832794,-0.0013847202062606812,0.0015040598809719086,0.03918816149234772
0.036990709602832794,-0.0013847202062606812,0.0015040598809719086,0.03918816149234772
0.036990709602832794,-0.0013847202062606812,0.0015040598809719086,0.03918816149234772
0.036990709602832794,-0.0013847202062606812,0.0015040598809719086,0.03918816149234772
0.036990709602832794,-0.0013847202062606812,0.0015040598809719086,0.03918816149234772
0.036990709602832794,-0.0013847202062606812,0.0015040598809719086,0.03918816149234772
0.036990709602832794,-0.0013847202062606812,0.0015040598809719086,0.03918816149234772
0.036990709602832794,-0.0013847202062606812,0.0015040598809719086,0.03918816149234772
0.036990709602832794,-0.0013847202062606812,0.0015040598809719086,0.03918816149234772
0.036990709602832794,-0.0013847202062606812,0.0015040598809719086,0.03918816149234772
0.036990709602832794,-0.0013847202062606812,0.0015040598809719086,0.03918816149234772
0.036990709602832794,-0.0013847202062606812,0.0015040598809719086,0.03918816149234772
0.036990709602832794,-0.0013847202062606812,0.0015040598809719086,0.03918816149234772
0.036990709602832794,-0.0013847202062606812,0.0015040598809719086,0.03918816149234772
0.036990709602832794,-0.0013847202062606812,0.0015040598809719086,0.03918816149234772
0.036990709602832794,-0.0013847202062606812,0.0015040598809719086,0.03918816149234772
0.036990709602832794,-0.0013847202062606812,0.0015040598809719086,0.03918816149234772
0.036990709602832794,-0.0013847202062606812,0.0015040598809719086,0.03918816149234772
0.036990709602832794,-0.0013847202062606812,0.0015040598809719086,0.03918816149234772
0.036990709602832794,-0.0013847202062606812,0.0015040598809719086,0.03918816149234772
0.036990709602832794,-0.0013847202062606812,0.0015040598809719086,0.03918816149234772
0.036990709602832794,-0.0013847202062606812,0.0015040598809719086,0.03918816149234772
0.036990709602832794,-0.0013847202062606812,0.0015040598809719086,0.03918816149234772
0.036990709602832794,-0.0013847202062606812,0.0015040598809719086,0.03918816149234772
0.036990709602832794,-0.0013847202062606812,0.0015040598809719086,0.03918816149234772
0.036990709602832794,-0.0013847202062606812,0.0015040598809719086,0.03918816149234772
0.036990709602832794,-0.0013847202062606812,0.0015040598809719086,0.03918816149234772
0.036990709602832794,-0.0013847202062606812,0.0015040598809719086,0.03918816149234772
0.036990709602832794,-0.0013847202062606812,0.0015040598809719086,0.03918816149234772
0.036990709602832794,-0.0013847202062606812,0.0015040598809719086,0.03918816149234772
0.036990709602832794,-0.0013847202062606812,0.0015040598809719086,0.03918816149234772
0.036990709602832794,-0.0013847202062606812,0.0015040598809719086,0.03918816149234772
0.036990709602832794,-0.0013847202062606812,0.0015040598809719086,0.03918816149234772
0.036990709602832794,-0.0013847202062606812,0.0015040598809719086,0.03918816149234772
0.036990709602832794,-0.0013847202062606812,0.0015040598809719086,0.03918816149234772
0.036990709602832794,-0.0013847202062606812,0.0015040598809719086,0.03918816149234772
0.036990709602832794,-0.0013847202062606812,0.0015040598809719086,0.03918816149234772
0.036990709602832794,-0.0013847202062606812,0.0015040598809719086,0.03918816149234772
0.036990709602832794,-0.0013847202062606812,0.0015040598809719086,0.03918816149234772
0.036990709602832794,-0.0013847202062606812,0.0015040598809719086,0.03918816149234772
0.036990709602832794,-0.0013847202062606812,0.0015040598809719086,0.03918816149234772
0.036990709602832794,-0.0013847202062606812,0.0015040598809719086,0.03918816149234772
0.036990709602832794,-0.0013847202062606812,0.0015040598809719086,0.03918816149234772
0.036990709602832794,-0.0013847202062606812,0.0015040598809719086,0.03918816149234772
0.036990709602832794,-0.0013847202062606812,0.0015040598809719086,0.03918816149234772
0.036990709602832794,-0.0013847202062606812,0.0015040598809719086,0.03918816149234772
0.036990709602832794,-0.0013847202062606812,0.0015040598809719086,0.03918816149234772
0.036990709602832794,-0.0013847202062606812,0.0015040598809719086,0.03918816149234772
0.036990709602832794,-0.0013847202062606812,0.0015040598809719086,0.03918816149234772
0.036990709602832794,-0.0013847202062606812,0.0015040598809719086,0.03918816149234772
0.036990709602832794,-0.0013847202062606812,0.0015040598809719086,0.03918816149234772
0.036990709602832794,-0.0013847202062606812,0.0015040598809719086,0.03918816149234772
0.036990709602832794,-0.0013847202062606812,0.0015040598809719086,0.03918816149234772
0.036990709602832794,-0.0013847202062606812,0.0015040598809719086,0.03918816149234772
0.036990709602832794,-0.0013847202062606812,0.0015040598809719086,0.03918816149234772
0.036990709602832794,-0.0013847202062606812,0.0015040598809719086,0.03918816149234772
0.036990709602832794,-0.0013847202062606812,0.0015040598809719086,0.03918816149234772
0.036990709602832794,-0.0013847202062606812,0.0015040598809719086,0.03918816149234772
0.036990709602832794,-0.0013847202062606812,0.0015040598809719086,0.03918816149234772
0.036990709602832794,-0.0013847202062606812,0.0015040598809719086,0.03918816149234772
0.036990709602832794,-0.0013847202062606812,0.0015040598809719086,0.03918816149234772
0.036990709602832794,-0.0013847202062606812,0.0015040598809719086,0.03918816149234772
0.036990709602832794,-0.0013847202062606812,0.0015040598809719086,0.03918816149234772
0.036990709602832794,-0.0013847202062606812,0.0015040598809719086,0.03918816149234772
0.036990709602832794,-0.0013847202062606812,0.0015040598809719086,0.03918816149234772
0.036990709602832794,-0.0013847202062606812,0.0015040598809719086,0.03918816149234772
0.036990709602832794,-0.0013847202062606812,0.0015040598809719086,0.03918816149234772
0.036990709602832794,-0.0013847202062606812,0.0015040598809719086,0.03918816149234772
0.036990709602832794,-0.0013847202062606812,0.0015040598809719086,0.03918816149234772
0.036990709602832794,-0.0013847202062606812,0.0015040598809719086,0.03918816149234772
0.036990709602832794,-0.0013847202062606812,0.0015040598809719086,0.03918816149234772
0.036990709602832794,-0.0013847202062606812,0.0015040598809719086,0.03918816149234772
0.036990709602832794,-0.0013847202062606812,0.0015040598809719086,0.03918816149234772
0.036990709602832794,-0.0013847202062606812,0.0015040598809719086,0.03918816149234772
0.036990709602832794,-0.0013847202062606812,0.0015040598809719086,0.03918816149234772
0.036990709602832794,-0.0013847202062606812,0.0015040598809719086,0.03918816149234772
0.036990709602832794,-0.0013847202062606812,0.0015040598809719086,0.03918816149234772
0.036990709602832794,-0.0013847202062606812,0.0015040598809719086,0.03918816149234772
0.036990709602832794,-0.0013847202062606812,0.0015040598809719086,0.03918816149234772
0.036990709602832794,-0.0013847202062606812,0.0015040598809719086,0.03918816149234772
0.036990709602832794,-0.0013847202062606812,0.0015040598809719086,0.03918816149234772
0.036990709602832794,-0.0013847202062606812,0.0015040598809719086,0.03918816149234772
0.036990709602832794,-0.0013847202062606812,0.0015040598809719086,0.03918816149234772
0.036990709602832794,-0.0013847202062606812,0.0015040598809719086,0.03918816149234772
0.036990709602832794,-0.0013847202062606812,0.0015040598809719086,0.03918816149234772
0.036990709602832794,-0.0013847202062606812,0.0015040598809719086,0.03918816149234772
0.036990709602832794,-0.0013847202062606812,0.0015040598809719086,0.03918816149234772
0.036990709602832794,-0.0013847202062606812,0.0015040598809719086,0.03918816149234772
0.036990709602832794,-0.0013847202062606812,0.0015040598809719086,0.03918816149234772
0.036990709602832794,-0.0013847202062606812,0.0015040598809719086,0.03918816149234772
0.036990709602832794,-0.0013847202062606812,0.0015040598809719086,0.03918816149234772
0.036990709602832794,-0.0013847202062606812,0.0015040598809719086,0.03918816149234772
0.036990709602832794,-0.0013847202062606812,0.0015040598809719086,0.03918816149234772
0.036990709602832794,-0.0013847202062606812,0.0015040598809719086,0.03918816149234772
0.036990709602832794,-0.0013847202062606812,0.0015040598809719086,0.03918816149234772
0.036990709602832794,-0.0013847202062606812,0.0015040598809719086,0.03918816149234772
0.036990709602832794,-0.0013847202062606812,0.0015040598809719086,0.03918816149234772
0.036990709602832794,-0.0013847202062606812,0.0015040598809719086,0.03918816149234772
0.036990709602832794,-0.0013847202062606812,0.0015040598809719086,0.03918816149234772
0.036990709602832794,-0.0013847202062606812,0.0015040598809719086,0.03918816149234772
0.036990709602832794,-0.0013847202062606812,0.0015040598809719086,0.03918816149234772
0.036990709602832794,-0.0013847202062606812,0.0015040598809719086,0.03918816149234772
0.036990709602832794,-0.0013847202062606812,0.0015040598809719086,0.03918816149234772
0.036990709602832794,-0.0013847202062606812,0.0015040598809719086,0.03918816149234772
0.036990709602832794,-0.0013847202062606812,0.0015040598809719086,0.03918816149234772
0.036990709602832794,-0.0013847202062606812,0.0015040598809719086,0.03918816149234772
0.036990709602832794,-0.0013847202062606812,0.0015040598809719086,0.03918816149234772
0.036990709602832794,-0.0013847202062606812,0.0015040598809719086,0.03918816149234772
0.036990709602832794,-0.0013847202062606812,0.0015040598809719086,0.03918816149234772
0.036990709602832794,-0.0013847202062606812,0.0015040598809719086,0.03918816149234772
0.036990709602832794,-0.0013847202062606812,0.0015040598809719086,0.03918816149234772
0.036990709602832794,-0.0013847202062606812,0.0015040598809719086,0.03918816149234772
0.036990709602832794,-0.0013847202062606812,0.0015040598809719086,0.03918816149234772
0.036990709602832794,-0.0013847202062606812,0.0015040598809719086,0.03918816149234772
0.036990709602832794,-0.0013847202062606812,0.0015040598809719086,0.03918816149234772
0.036990709602832794,-0.0013847202062606812,0.0015040598809719086,0.03918816149234772
0.036990709602832794,-0.0013847202062606812,0.0015040598809719086,0.03918816149234772
0.036990709602832794,-0.0013847202062606812,0.0015040598809719086,0.03918816149234772
0.036990709602832794,-0.0013847202062606812,0.0015040598809719086,0.03918816149234772
0.036990709602832794,-0.0013847202062606812,0.0015040598809719086,0.03918816149234772
0.036990709602832794,-0.0013847202062606812,0.0015040598809719086,0.03918816149234772
0.036990709602832794,-0.0013847202062606812,0.0015040598809719086,0.03918816149234772
0.036990709602832794,-0.0013847202062606812,0.0015040598809719086,0.03918816149234772
0.036990709602832794,-0.0013847202062606812,0.0015040598809719086,0.03918816149234772
0.036990709602832794,-0.0013847202062606812,0.0015040598809719086,0.03918816149234772
0.036990709602832794,-0.0013847202062606812,0.0015040598809719086,0.03918816149234772
0.036990709602832794,-0.0013847202062606812,0.0015040598809719086,0.03918816149234772
0.036990709602832794,-0.0013847202062606812,0.0015040598809719086,0.03918816149234772
0.036990709602832794,-0.0013847202062606812,0.0015040598809719086,0.03918816149234772
0.036990709602832794,-0.0013847202062606812,0.0015040598809719086,0.03918816149234772
0.036990709602832794,-0.0013847202062606812,0.0015040598809719086,0.03918816149234772
0.036990709602832794,-0.0013847202062606812,0.0015040598809719086,0.03918816149234772
0.036990709602832794,-0.0013847202062606812,0.0015040598809719086,0.03918816149234772
0.036990709602832794,-0.0013847202062606812,0.0015040598809719086,0.03918816149234772
0.036990709602832794,-0.0013847202062606812,0.0015040598809719086,0.03918816149234772
0.036990709602832794,-0.0013847202062606812,0.0015040598809719086,0.03918816149234772
0.036990709602832794,-0.0013847202062606812,0.0015040598809719086,0.03918816149234772
0.036990709602832794,-0.0013847202062606812,0.0015040598809719086,0.03918816149234772
0.036990709602832794,-0.0013847202062606812,0.0015040598809719086,0.03918816149234772
0.036990709602832794,-0.0013847202062606812,0.0015040598809719086,0.03918816149234772
0.036990709602832794,-0.0013847202062606812,0.0015040598809719086,0.03918816149234772
0.036990709602832794,-0.0013847202062606812,0.0015040598809719086,0.03918816149234772
0.036990709602832794,-0.0013847202062606812,0.0015040598809719086,0.03918816149234772
0.036990709602832794,-0.0013847202062606812,0.0015040598809719086,0.03918816149234772
0.036990709602832794,-0.0013847202062606812,0.0015040598809719086,0.03918816149234772
0.036990709602832794,-0.0013847202062606812,0.0015040598809719086,0.03918816149234772
0.036990709602832794,-0.0013847202062606812,0.0015040598809719086,0.03918816149234772
0.036990709602832794,-0.0013847202062606812,0.0015040598809719086,0.03918816149234772
0.036990709602832794,-0.0013847202062606812,0.0015040598809719086,0.03918816149234772
0.036990709602832794,-0.0013847202062606812,0.0015040598809719086,0.03918816149234772
0.036990709602832794,-0.0013847202062606812,0.0015040598809719086,0.03918816149234772
0.036990709602832794,-0.0013847202062606812,0.0015040598809719086,0.03918816149234772
0.036990709602832794,-0.0013847202062606812,0.0015040598809719086,0.03918816149234772
0.036990709602832794,-0.0013847202062606812,0.0015040598809719086,0.03918816149234772
0.036990709602832794,-0.0013847202062606812,0.0015040598809719086,0.03918816149234772
0.036990709602832794,-0.0013847202062606812,0.0015040598809719086,0.03918816149234772
0.036990709602832794,-0.0013847202062606812,0.0015040598809719086,0.03918816149234772
0.036990709602832794,-0.0013847202062606812,0.0015040598809719086,0.03918816149234772
0.036990709602832794,-0.0013847202062606812,0.0015040598809719086,0.03918816149234772
0.036990709602832794,-0.0013847202062606812,0.0015040598809719086,0.03918816149234772
0.036990709602832794,-0.0013847202062606812,0.0015040598809719086,0.03918816149234772
0.036990709602832794,-0.0013847202062606812,0.0015040598809719086,0.03918816149234772
0.036990709602832794,-0.0013847202062606812,0.0015040598809719086,0.03918816149234772
0.036990709602832794,-0.0013847202062606812,0.0015040598809719086,0.03918816149234772
0.036990709602832794,-0.0013847202062606812,0.0015040598809719086,0.03918816149234772
0.036990709602832794,-0.0013847202062606812,0.0015040598809719086,0.03918816149234772
0.036990709602832794,-0.0013847202062606812,0.0015040598809719086,0.03918816149234772
0.036990709602832794,-0.0013847202062606812,0.0015040598809719086,0.03918816149234772
0.036990709602832794,-0.0013847202062606812,0.0015040598809719086,0.03918816149234772
0.036990709602832794,-0.0013847202062606812,0.0015040598809719086,0.03918816149234772
0.036990709602832794,-0.0013847202062606812,0.0015040598809719086,0.03918816149234772
0.036990709602832794,-0.0013847202062606812,0.0015040598809719086,0.03918816149234772
0.036990709602832794,-0.0013847202062606812,0.0015040598809719086,0.03918816149234772
0.036990709602832794,-0.0013847202062606812,0.0015040598809719086,0.03918816149234772
0.036990709602832794,-0.0013847202062606812,0.0015040598809719086,0.03918816149234772
0.036990709602832794,-0.0013847202062606812,0.0015040598809719086,0.03918816149234772
0.036990709602832794,-0.0013847202062606812,0.0015040598809719086,0.03918816149234772
0.036990709602832794,-0.0013847202062606812,0.0015040598809719086,0.03918816149234772
0.036990709602832794,-0.0013847202062606812,0.0015040598809719086,0.03918816149234772
0.036990709602832794,-0.0013847202062606812,0.0015040598809719086,0.03918816149234772
0.036990709602832794,-0.0013847202062606812,0.0015040598809719086,0.03918816149234772
0.036990709602832794,-0.0013847202062606812,0.0015040598809719086,0.03918816149234772
0.036990709602832794,-0.0013847202062606812,0.0015040598809719086,0.03918816149234772
0.036990709602832794,-0.0013847202062606812,0.0015040598809719086,0.03918816149234772
0.036990709602832794,-0.0013847202062606812,0.0015040598809719086,0.03918816149234772
0.036990709602832794,-0.0013847202062606812,0.0015040598809719086,0.03918816149234772
0.036990709602832794,-0.0013847202062606812,0.0015040598809719086,0.03918816149234772
0.036990709602832794,-0.0013847202062606812,0.0015040598809719086,0.03918816149234772
0.036990709602832794,-0.0013847202062606812,0.0015040598809719086,0.03918816149234772
0.036990709602832794,-0.0013847202062606812,0.0015040598809719086,0.03918816149234772
0.036990709602832794,-0.0013847202062606812,0.0015040598809719086,0.03918816149234772
0.036990709602832794,-0.0013847202062606812,0.0015040598809719086,0.03918816149234772
0.036990709602832794,-0.0013847202062606812,0.0015040598809719086,0.03918816149234772
0.036990709602832794,-0.0013847202062606812,0.0015040598809719086,0.03918816149234772
0.036990709602832794,-0.0013847202062606812,0.0015040598809719086,0.03918816149234772
0.036990709602832794,-0.0013847202062606812,0.0015040598809719086,0.03918816149234772
0.036990709602832794,-0.0013847202062606812,0.0015040598809719086,0.03918816149234772
0.036990709602832794,-0.0013847202062606812,0.0015040598809719086,0.03918816149234772
0.036990709602832794,-0.0013847202062606812,0.0015040598809719086,0.03918816149234772
0.036990709602832794,-0.0013847202062606812,0.0015040598809719086,0.03918816149234772
0.036990709602832794,-0.0013847202062606812,0.0015040598809719086,0.03918816149234772
0.036990709602832794,-0.0013847202062606812,0.0015040598809719086,0.03918816149234772
0.036990709602832794,-0.0013847202062606812,0.0015040598809719086,0.03918816149234772
0.036990709602832794,-0.0013847202062606812,0.0015040598809719086,0.03918816149234772
0.036990709602832794,-0.0013847202062606812,0.0015040598809719086,0.03918816149234772
0.036990709602832794,-0.0013847202062606812,0.0015040598809719086,0.03918816149234772
0.036990709602832794,-0.0013847202062606812,0.0015040598809719086,0.03918816149234772
0.036990709602832794,-0.0013847202062606812,0.0015040598809719086,0.03918816149234772
0.036990709602832794,-0.0013847202062606812,0.0015040598809719086,0.03918816149234772
0.036990709602832794,-0.0013847202062606812,0.0015040598809719086,0.03918816149234772
0.036990709602832794,-0.0013847202062606812,0.0015040598809719086,0.03918816149234772
0.036990709602832794,-0.0013847202062606812,0.0015040598809719086,0.03918816149234772
0.036990709602832794,-0.0013847202062606812,0.0015040598809719086,0.03918816149234772
0.036990709602832794,-0.0013847202062606812,0.0015040598809719086,0.03918816149234772
0.036990709602832794,-0.0013847202062606812,0.0015040598809719086,0.03918816149234772
0.036990709602832794,-0.0013847202062606812,0.0015040598809719086,0.03918816149234772
0.036990709602832794,-0.0013847202062606812,0.0015040598809719086,0.03918816149234772
0.036990709602832794,-0.0013847202062606812,0.0015040598809719086,0.03918816149234772
0.036990709602832794,-0.0013847202062606812,0.0015040598809719086,0.03918816149234772
0.036990709602832794,-0.0013847202062606812,0.0015040598809719086,0.03918816149234772
0.036990709602832794,-0.0013847202062606812,0.0015040598809719086,0.03918816149234772
0.036990709602832794,-0.0013847202062606812,0.0015040598809719086,0.03918816149234772
0.036990709602832794,-0.0013847202062606812,0.0015040598809719086,0.03918816149234772
0.036990709602832794,-0.0013847202062606812,0.0015040598809719086,0.03918816149234772
0.036990709602832794,-0.0013847202062606812,0.0015040598809719086,0.03918816149234772
0.036990709602832794,-0.0013847202062606812,0.0015040598809719086,0.03918816149234772
0.036990709602832794,-0.0013847202062606812,0.0015040598809719086,0.03918816149234772
0.036990709602832794,-0.0013847202062606812,0.0015040598809719086,0.03918816149234772
0.036990709602832794,-0.0013847202062606812,0.0015040598809719086,0.03918816149234772
0.036990709602832794,-0.0013847202062606812,0.0015040598809719086,0.03918816149234772
0.036990709602832794,-0.0013847202062606812,0.0015040598809719086,0.03918816149234772
0.036990709602832794,-0.0013847202062606812,0.0015040598809719086,0.03918816149234772
0.036990709602832794,-0.0013847202062606812,0.0015040598809719086,0.03918816149234772
0.036990709602832794,-0.0013847202062606812,0.0015040598809719086,0.03918816149234772
0.036990709602832794,-0.0013847202062606812,0.0015040598809719086,0.03918816149234772
0.036990709602832794,-0.0013847202062606812,0.0015040598809719086,0.03918816149234772
0.036990709602832794,-0.0013847202062606812,0.0015040598809719086,0.03918816149234772
0.036990709602832794,-0.0013847202062606812,0.0015040598809719086,0.03918816149234772
0.036990709602832794,-0.0013847202062606812,0.0015040598809719086,0.03918816149234772
0.036990709602832794,-0.0013847202062606812,0.0015040598809719086,0.03918816149234772
0.036990709602832794,-0.0013847202062606812,0.0015040598809719086,0.03918816149234772
0.036990709602832794,-0.0013847202062606812,0.0015040598809719086,0.03918816149234772
0.036990709602832794,-0.0013847202062606812,0.0015040598809719086,0.03918816149234772
0.036990709602832794,-0.0013847202062606812,0.0015040598809719086,0.03918816149234772
0.036990709602832794,-0.0013847202062606812,0.0015040598809719086,0.03918816149234772
0.036990709602832794,-0.0013847202062606812,0.0015040598809719086,0.03918816149234772
0.036990709602832794,-0.0013847202062606812,0.0015040598809719086,0.03918816149234772
0.036990709602832794,-0.0013847202062606812,0.0015040598809719086,0.03918816149234772
0.036990709602832794,-0.0013847202062606812,0.0015040598809719086,0.03918816149234772
0.036990709602832794,-0.0013847202062606812,0.0015040598809719086,0.03918816149234772
0.036990709602832794,-0.0013847202062606812,0.0015040598809719086,0.03918816149234772
0.036990709602832794,-0.0013847202062606812,0.0015040598809719086,0.03918816149234772
0.036990709602832794,-0.0013847202062606812,0.0015040598809719086,0.03918816149234772
0.036990709602832794,-0.0013847202062606812,0.0015040598809719086,0.03918816149234772
0.036990709602832794,-0.0013847202062606812,0.0015040598809719086,0.03918816149234772
0.036990709602832794,-0.0013847202062606812,0.0015040598809719086,0.03918816149234772
0.036990709602832794,-0.0013847202062606812,0.0015040598809719086,0.03918816149234772
0.036990709602832794,-0.0013847202062606812,0.0015040598809719086,0.03918816149234772
0.036990709602832794,-0.0013847202062606812,0.0015040598809719086,0.03918816149234772
0.036990709602832794,-0.0013847202062606812,0.0015040598809719086,0.03918816149234772
0.036990709602832794,-0.0013847202062606812,0.0015040598809719086,0.03918816149234772
0.036990709602832794,-0.0013847202062606812,0.0015040598809719086,0.03918816149234772
0.036990709602832794,-0.0013847202062606812,0.0015040598809719086,0.03918816149234772
0.036990709602832794,-0.0013847202062606812,0.0015040598809719086,0.03918816149234772
0.036990709602832794,-0.0013847202062606812,0.0015040598809719086,0.03918816149234772
0.036990709602832794,-0.0013847202062606812,0.0015040598809719086,0.03918816149234772
0.036990709602832794,-0.0013847202062606812,0.0015040598809719086,0.03918816149234772
0.036990709602832794,-0.0013847202062606812,0.0015040598809719086,0.03918816149234772
0.036990709602832794,-0.0013847202062606812,0.0015040598809719086,0.03918816149234772
0.036990709602832794,-0.0013847202062606812,0.0015040598809719086,0.03918816149234772
0.036990709602832794,-0.0013847202062606812,0.0015040598809719086,0.03918816149234772
0.036990709602832794,-0.0013847202062606812,0.0015040598809719086,0.03918816149234772
0.036990709602832794,-0.0013847202062606812,0.0015040598809719086,0.03918816149234772
0.036990709602832794,-0.0013847202062606812,0.0015040598809719086,0.03918816149234772
0.036990709602832794,-0.0013847202062606812,0.0015040598809719086,0.03918816149234772
0.036990709602832794,-0.0013847202062606812,0.0015040598809719086,0.03918816149234772
0.036990709602832794,-0.0013847202062606812,0.0015040598809719086,0.03918816149234772
0.036990709602832794,-0.0013847202062606812,0.0015040598809719086,0.03918816149234772
0.036990709602832794,-0.0013847202062606812,0.0015040598809719086,0.03918816149234772
0.036990709602832794,-0.0013847202062606812,0.0015040598809719086,0.03918816149234772
0.036990709602832794,-0.0013847202062606812,0.0015040598809719086,0.03918816149234772
0.036990709602832794,-0.0013847202062606812,0.0015040598809719086,0.03918816149234772
0.036990709602832794,-0.0013847202062606812,0.0015040598809719086,0.03918816149234772
0.036990709602832794,-0.0013847202062606812,0.0015040598809719086,0.03918816149234772
0.036990709602832794,-0.0013847202062606812,0.0015040598809719086,0.03918816149234772
0.036990709602832794,-0.0013847202062606812,0.0015040598809719086,0.03918816149234772
0.036990709602832794,-0.0013847202062606812,0.0015040598809719086,0.03918816149234772
0.036990709602832794,-0.0013847202062606812,0.0015040598809719086,0.03918816149234772
0.036990709602832794,-0.0013847202062606812,0.0015040598809719086,0.03918816149234772
0.036990709602832794,-0.0013847202062606812,0.0015040598809719086,0.03918816149234772
0.036990709602832794,-0.0013847202062606812,0.0015040598809719086,0.03918816149234772
0.036990709602832794,-0.0013847202062606812,0.0015040598809719086,0.03918816149234772
0.036990709602832794,-0.0013847202062606812,0.0015040598809719086,0.03918816149234772
0.036990709602832794,-0.0013847202062606812,0.0015040598809719086,0.03918816149234772
0.036990709602832794,-0.0013847202062606812,0.0015040598809719086,0.03918816149234772
0.036990709602832794,-0.0013847202062606812,0.0015040598809719086,0.03918816149234772
0.036990709602832794,-0.0013847202062606812,0.0015040598809719086,0.03918816149234772
0.036990709602832794,-0.0013847202062606812,0.0015040598809719086,0.03918816149234772
0.036990709602832794,-0.0013847202062606812,0.0015040598809719086,0.03918816149234772
0.036990709602832794,-0.0013847202062606812,0.0015040598809719086,0.03918816149234772
0.036990709602832794,-0.0013847202062606812,0.0015040598809719086,0.03918816149234772
0.036990709602832794,-0.0013847202062606812,0.0015040598809719086,0.03918816149234772
0.036990709602832794,-0.0013847202062606812,0.0015040598809719086,0.03918816149234772
0.036990709602832794,-0.0013847202062606812,0.0015040598809719086,0.03918816149234772
0.036990709602832794,-0.0013847202062606812,0.0015040598809719086,0.03918816149234772
0.036990709602832794,-0.0013847202062606812,0.0015040598809719086,0.03918816149234772
0.036990709602832794,-0.0013847202062606812,0.0015040598809719086,0.03918816149234772
0.036990709602832794,-0.0013847202062606812,0.0015040598809719086,0.03918816149234772
0.036990709602832794,-0.0013847202062606812,0.0015040598809719086,0.03918816149234772
0.036990709602832794,-0.0013847202062606812,0.0015040598809719086,0.03918816149234772
0.036990709602832794,-0.0013847202062606812,0.0015040598809719086,0.03918816149234772
0.036990709602832794,-0.0013847202062606812,0.0015040598809719086,0.03918816149234772
0.036990709602832794,-0.0013847202062606812,0.0015040598809719086,0.03918816149234772
0.036990709602832794,-0.0013847202062606812,0.0015040598809719086,0.03918816149234772
0.036990709602832794,-0.0013847202062606812,0.0015040598809719086,0.03918816149234772
0.036990709602832794,-0.0013847202062606812,0.0015040598809719086,0.03918816149234772
0.036990709602832794,-0.0013847202062606812,0.0015040598809719086,0.03918816149234772
0.036990709602832794,-0.0013847202062606812,0.0015040598809719086,0.03918816149234772
0.036990709602832794,-0.0013847202062606812,0.0015040598809719086,0.03918816149234772
0.036990709602832794,-0.0013847202062606812,0.0015040598809719086,0.03918816149234772
0.036990709602832794,-0.0013847202062606812,0.0015040598809719086,0.03918816149234772
0.036990709602832794,-0.0013847202062606812,0.0015040598809719086,0.03918816149234772
0.036990709602832794,-0.0013847202062606812,0.0015040598809719086,0.03918816149234772
0.036990709602832794,-0.0013847202062606812,0.0015040598809719086,0.03918816149234772
0.036990709602832794,-0.0013847202062606812,0.0015040598809719086,0.03918816149234772
0.036990709602832794,-0.0013847202062606812,0.0015040598809719086,0.03918816149234772
0.036990709602832794,-0.0013847202062606812,0.0015040598809719086,0.03918816149234772
0.036990709602832794,-0.0013847202062606812,0.0015040598809719086,0.03918816149234772
0.036990709602832794,-0.0013847202062606812,0.0015040598809719086,0.03918816149234772
0.036990709602832794,-0.0013847202062606812,0.0015040598809719086,0.03918816149234772
0.036990709602832794,-0.0013847202062606812,0.0015040598809719086,0.03918816149234772
0.036990709602832794,-0.0013847202062606812,0.0015040598809719086,0.03918816149234772
0.036990709602832794,-0.0013847202062606812,0.0015040598809719086,0.03918816149234772
0.036990709602832794,-0.0013847202062606812,0.0015040598809719086,0.03918816149234772
0.036990709602832794,-0.0013847202062606812,0.0015040598809719086,0.03918816149234772
0.036990709602832794,-0.0013847202062606812,0.0015040598809719086,0.03918816149234772
0.036990709602832794,-0.0013847202062606812,0.0015040598809719086,0.03918816149234772
0.036990709602832794,-0.0013847202062606812,0.0015040598809719086,0.03918816149234772
0.036990709602832794,-0.0013847202062606812,0.0015040598809719086,0.03918816149234772
0.036990709602832794,-0.0013847202062606812,0.0015040598809719086,0.03918816149234772
0.036990709602832794,-0.0013847202062606812,0.0015040598809719086,0.03918816149234772
0.036990709602832794,-0.0013847202062606812,0.0015040598809719086,0.03918816149234772
0.036990709602832794,-0.0013847202062606812,0.0015040598809719086,0.03918816149234772
0.036990709602832794,-0.0013847202062606812,0.0015040598809719086,0.03918816149234772
0.036990709602832794,-0.0013847202062606812,0.0015040598809719086,0.03918816149234772
0.036990709602832794,-0.0013847202062606812,0.0015040598809719086,0.03918816149234772
0.036990709602832794,-0.0013847202062606812,0.0015040598809719086,0.03918816149234772
0.036990709602832794,-0.0013847202062606812,0.0015040598809719086,0.03918816149234772
0.036990709602832794,-0.0013847202062606812,0.0015040598809719086,0.03918816149234772
0.036990709602832794,-0.0013847202062606812,0.0015040598809719086,0.03918816149234772
0.036990709602832794,-0.0013847202062606812,0.0015040598809719086,0.03918816149234772
0.036990709602832794,-0.0013847202062606812,0.0015040598809719086,0.03918816149234772
0.036990709602832794,-0.0013847202062606812,0.0015040598809719086,0.03918816149234772
0.036990709602832794,-0.0013847202062606812,0.0015040598809719086,0.03918816149234772
0.036990709602832794,-0.0013847202062606812,0.0015040598809719086,0.03918816149234772
0.036990709602832794,-0.0013847202062606812,0.0015040598809719086,0.03918816149234772
0.036990709602832794,-0.0013847202062606812,0.0015040598809719086,0.03918816149234772
0.036990709602832794,-0.0013847202062606812,0.0015040598809719086,0.03918816149234772
0.036990709602832794,-0.0013847202062606812,0.0015040598809719086,0.03918816149234772
0.036990709602832794,-0.0013847202062606812,0.0015040598809719086,0.03918816149234772
0.036990709602832794,-0.0013847202062606812,0.0015040598809719086,0.03918816149234772
0.036990709602832794,-0.0013847202062606812,0.0015040598809719086,0.03918816149234772
0.036990709602832794,-0.0013847202062606812,0.0015040598809719086,0.03918816149234772
0.036990709602832794,-0.0013847202062606812,0.0015040598809719086,0.03918816149234772
0.036990709602832794,-0.0013847202062606812,0.0015040598809719086,0.03918816149234772
0.036990709602832794,-0.0013847202062606812,0.0015040598809719086,0.03918816149234772
0.036990709602832794,-0.0013847202062606812,0.0015040598809719086,0.03918816149234772
0.036990709602832794,-0.0013847202062606812,0.0015040598809719086,0.03918816149234772
0.036990709602832794,-0.0013847202062606812,0.0015040598809719086,0.03918816149234772
0.036990709602832794,-0.0013847202062606812,0.0015040598809719086,0.03918816149234772
0.036990709602832794,-0.0013847202062606812,0.0015040598809719086,0.03918816149234772
0.036990709602832794,-0.0013847202062606812,0.0015040598809719086,0.03918816149234772
0.036990709602832794,-0.0013847202062606812,0.0015040598809719086,0.03918816149234772
0.036990709602832794,-0.0013847202062606812,0.0015040598809719086,0.03918816149234772
0.036990709602832794,-0.0013847202062606812,0.0015040598809719086,0.03918816149234772
0.036990709602832794,-0.0013847202062606812,0.0015040598809719086,0.03918816149234772
0.036990709602832794,-0.0013847202062606812,0.0015040598809719086,0.03918816149234772
0.036990709602832794,-0.0013847202062606812,0.0015040598809719086,0.03918816149234772
0.036990709602832794,-0.0013847202062606812,0.0015040598809719086,0.03918816149234772
0.036990709602832794,-0.0013847202062606812,0.0015040598809719086,0.03918816149234772
0.036990709602832794,-0.0013847202062606812,0.0015040598809719086,0.03918816149234772
0.036990709602832794,-0.0013847202062606812,0.0015040598809719086,0.03918816149234772
0.036990709602832794,-0.0013847202062606812,0.0015040598809719086,0.03918816149234772
0.036990709602832794,-0.0013847202062606812,0.0015040598809719086,0.03918816149234772
0.036990709602832794,-0.0013847202062606812,0.0015040598809719086,0.03918816149234772
0.036990709602832794,-0.0013847202062606812,0.0015040598809719086,0.03918816149234772
0.036990709602832794,-0.0013847202062606812,0.0015040598809719086,0.03918816149234772
0.036990709602832794,-0.0013847202062606812,0.0015040598809719086,0.03918816149234772
0.036990709602832794,-0.0013847202062606812,0.0015040598809719086,0.03918816149234772
0.036990709602832794,-0.0013847202062606812,0.0015040598809719086,0.03918816149234772
0.036990709602832794,-0.0013847202062606812,0.0015040598809719086,0.03918816149234772
0.036990709602832794,-0.0013847202062606812,0.0015040598809719086,0.03918816149234772
0.036990709602832794,-0.0013847202062606812,0.0015040598809719086,0.03918816149234772
0.036990709602832794,-0.0013847202062606812,0.0015040598809719086,0.03918816149234772
0.036990709602832794,-0.0013847202062606812,0.0015040598809719086,0.03918816149234772
0.036990709602832794,-0.0013847202062606812,0.0015040598809719086,0.03918816149234772
0.036990709602832794,-0.0013847202062606812,0.0015040598809719086,0.03918816149234772
0.036990709602832794,-0.0013847202062606812,0.0015040598809719086,0.03918816149234772
0.036990709602832794,-0.0013847202062606812,0.0015040598809719086,0.03918816149234772
0.036990709602832794,-0.0013847202062606812,0.0015040598809719086,0.03918816149234772
0.036990709602832794,-0.0013847202062606812,0.0015040598809719086,0.03918816149234772
0.036990709602832794,-0.0013847202062606812,0.0015040598809719086,0.03918816149234772
0.036990709602832794,-0.0013847202062606812,0.0015040598809719086,0.03918816149234772
0.036990709602832794,-0.0013847202062606812,0.0015040598809719086,0.03918816149234772
0.036990709602832794,-0.0013847202062606812,0.0015040598809719086,0.03918816149234772
0.036990709602832794,-0.0013847202062606812,0.0015040598809719086,0.03918816149234772
0.036990709602832794,-0.0013847202062606812,0.0015040598809719086,0.03918816149234772
0.036990709602832794,-0.0013847202062606812,0.0015040598809719086,0.03918816149234772
0.036990709602832794,-0.0013847202062606812,0.0015040598809719086,0.03918816149234772
0.036990709602832794,-0.0013847202062606812,0.0015040598809719086,0.03918816149234772
0.036990709602832794,-0.0013847202062606812,0.0015040598809719086,0.03918816149234772
0.036990709602832794,-0.0013847202062606812,0.0015040598809719086,0.03918816149234772
0.036990709602832794,-0.0013847202062606812,0.0015040598809719086,0.03918816149234772
0.036990709602832794,-0.0013847202062606812,0.0015040598809719086,0.03918816149234772
0.036990709602832794,-0.0013847202062606812,0.0015040598809719086,0.03918816149234772
0.036990709602832794,-0.0013847202062606812,0.0015040598809719086,0.03918816149234772
0.036990709602832794,-0.0013847202062606812,0.0015040598809719086,0.03918816149234772
0.036990709602832794,-0.0013847202062606812,0.0015040598809719086,0.03918816149234772
0.036990709602832794,-0.0013847202062606812,0.0015040598809719086,0.03918816149234772
0.036990709602832794,-0.0013847202062606812,0.0015040598809719086,0.03918816149234772
0.036990709602832794,-0.0013847202062606812,0.0015040598809719086,0.03918816149234772
0.036990709602832794,-0.0013847202062606812,0.0015040598809719086,0.03918816149234772
0.036990709602832794,-0.0013847202062606812,0.0015040598809719086,0.03918816149234772
0.036990709602832794,-0.0013847202062606812,0.0015040598809719086,0.03918816149234772
0.036990709602832794,-0.0013847202062606812,0.0015040598809719086,0.03918816149234772
0.036990709602832794,-0.0013847202062606812,0.0015040598809719086,0.03918816149234772
0.036990709602832794,-0.0013847202062606812,0.0015040598809719086,0.03918816149234772
0.036990709602832794,-0.0013847202062606812,0.0015040598809719086,0.03918816149234772
0.036990709602832794,-0.0013847202062606812,0.0015040598809719086,0.03918816149234772
0.036990709602832794,-0.0013847202062606812,0.0015040598809719086,0.03918816149234772
0.036990709602832794,-0.0013847202062606812,0.0015040598809719086,0.03918816149234772
0.036990709602832794,-0.0013847202062606812,0.0015040598809719086,0.03918816149234772
0.036990709602832794,-0.0013847202062606812,0.0015040598809719086,0.03918816149234772
0.036990709602832794,-0.0013847202062606812,0.0015040598809719086,0.03918816149234772
0.036990709602832794,-0.0013847202062606812,0.0015040598809719086,0.03918816149234772
0.036990709602832794,-0.0013847202062606812,0.0015040598809719086,0.03918816149234772
0.036990709602832794,-0.0013847202062606812,0.0015040598809719086,0.03918816149234772
0.036990709602832794,-0.0013847202062606812,0.0015040598809719086,0.03918816149234772
0.036990709602832794,-0.0013847202062606812,0.0015040598809719086,0.03918816149234772
0.036990709602832794,-0.0013847202062606812,0.0015040598809719086,0.03918816149234772
0.036990709602832794,-0.0013847202062606812,0.0015040598809719086,0.03918816149234772
0.036990709602832794,-0.0013847202062606812,0.0015040598809719086,0.03918816149234772
0.036990709602832794,-0.0013847202062606812,0.0015040598809719086,0.03918816149234772
0.036990709602832794,-0.0013847202062606812,0.0015040598809719086,0.03918816149234772
0.036990709602832794,-0.0013847202062606812,0.0015040598809719086,0.03918816149234772
0.036990709602832794,-0.0013847202062606812,0.0015040598809719086,0.03918816149234772
0.036990709602832794,-0.0013847202062606812,0.0015040598809719086,0.03918816149234772
0.036990709602832794,-0.0013847202062606812,0.0015040598809719086,0.03918816149234772
0.036990709602832794,-0.0013847202062606812,0.0015040598809719086,0.03918816149234772
0.036990709602832794,-0.0013847202062606812,0.0015040598809719086,0.03918816149234772
0.036990709602832794,-0.0013847202062606812,0.0015040598809719086,0.03918816149234772
0.036990709602832794,-0.0013847202062606812,0.0015040598809719086,0.03918816149234772
0.036990709602832794,-0.0013847202062606812,0.0015040598809719086,0.03918816149234772
0.036990709602832794,-0.0013847202062606812,0.0015040598809719086,0.03918816149234772
0.036990709602832794,-0.0013847202062606812,0.0015040598809719086,0.03918816149234772
0.036990709602832794,-0.0013847202062606812,0.0015040598809719086,0.03918816149234772
0.036990709602832794,-0.0013847202062606812,0.0015040598809719086,0.03918816149234772
0.036990709602832794,-0.0013847202062606812,0.0015040598809719086,0.03918816149234772
0.036990709602832794,-0.0013847202062606812,0.0015040598809719086,0.03918816149234772
0.036990709602832794,-0.0013847202062606812,0.0015040598809719086,0.03918816149234772
0.036990709602832794,-0.0013847202062606812,0.0015040598809719086,0.03918816149234772
0.036990709602832794,-0.0013847202062606812,0.0015040598809719086,0.03918816149234772
0.036990709602832794,-0.0013847202062606812,0.0015040598809719086,0.03918816149234772
0.036990709602832794,-0.0013847202062606812,0.0015040598809719086,0.03918816149234772
0.036990709602832794,-0.0013847202062606812,0.0015040598809719086,0.03918816149234772
0.036990709602832794,-0.0013847202062606812,0.0015040598809719086,0.03918816149234772
0.036990709602832794,-0.0013847202062606812,0.0015040598809719086,0.03918816149234772
0.036990709602832794,-0.0013847202062606812,0.0015040598809719086,0.03918816149234772
0.036990709602832794,-0.0013847202062606812,0.0015040598809719086,0.03918816149234772
0.036990709602832794,-0.0013847202062606812,0.0015040598809719086,0.03918816149234772
0.036990709602832794,-0.0013847202062606812,0.0015040598809719086,0.03918816149234772
0.036990709602832794,-0.0013847202062606812,0.0015040598809719086,0.03918816149234772
0.036990709602832794,-0.0013847202062606812,0.0015040598809719086,0.03918816149234772
0.036990709602832794,-0.0013847202062606812,0.0015040598809719086,0.03918816149234772
0.036990709602832794,-0.0013847202062606812,0.0015040598809719086,0.03918816149234772
0.036990709602832794,-0.0013847202062606812,0.0015040598809719086,0.03918816149234772
0.036990709602832794,-0.0013847202062606812,0.0015040598809719086,0.03918816149234772
0.036990709602832794,-0.0013847202062606812,0.0015040598809719086,0.03918816149234772
0.036990709602832794,-0.0013847202062606812,0.0015040598809719086,0.03918816149234772
0.036990709602832794,-0.0013847202062606812,0.0015040598809719086,0.03918816149234772
0.036990709602832794,-0.0013847202062606812,0.0015040598809719086,0.03918816149234772
0.036990709602832794,-0.0013847202062606812,0.0015040598809719086,0.03918816149234772
0.036990709602832794,-0.0013847202062606812,0.0015040598809719086,0.03918816149234772
0.036990709602832794,-0.0013847202062606812,0.0015040598809719086,0.03918816149234772
0.036990709602832794,-0.0013847202062606812,0.0015040598809719086,0.03918816149234772
0.036990709602832794,-0.0013847202062606812,0.0015040598809719086,0.03918816149234772
0.036990709602832794,-0.0013847202062606812,0.0015040598809719086,0.03918816149234772
0.036990709602832794,-0.0013847202062606812,0.0015040598809719086,0.03918816149234772
0.036990709602832794,-0.0013847202062606812,0.0015040598809719086,0.03918816149234772
0.036990709602832794,-0.0013847202062606812,0.0015040598809719086,0.03918816149234772
0.036990709602832794,-0.0013847202062606812,0.0015040598809719086,0.03918816149234772
0.036990709602832794,-0.0013847202062606812,0.0015040598809719086,0.03918816149234772
0.036990709602832794,-0.0013847202062606812,0.0015040598809719086,0.03918816149234772
0.036990709602832794,-0.0013847202062606812,0.0015040598809719086,0.03918816149234772
0.036990709602832794,-0.0013847202062606812,0.0015040598809719086,0.03918816149234772
0.036990709602832794,-0.0013847202062606812,0.0015040598809719086,0.03918816149234772
0.036990709602832794,-0.0013847202062606812,0.0015040598809719086,0.03918816149234772
0.036990709602832794,-0.0013847202062606812,0.0015040598809719086,0.03918816149234772
0.036990709602832794,-0.0013847202062606812,0.0015040598809719086,0.03918816149234772
0.036990709602832794,-0.0013847202062606812,0.0015040598809719086,0.03918816149234772
0.036990709602832794,-0.0013847202062606812,0.0015040598809719086,0.03918816149234772
0.036990709602832794,-0.0013847202062606812,0.0015040598809719086,0.03918816149234772
0.036990709602832794,-0.0013847202062606812,0.0015040598809719086,0.03918816149234772
0.036990709602832794,-0.0013847202062606812,0.0015040598809719086,0.03918816149234772
0.036990709602832794,-0.0013847202062606812,0.0015040598809719086,0.03918816149234772
0.036990709602832794,-0.0013847202062606812,0.0015040598809719086,0.03918816149234772
0.036990709602832794,-0.0013847202062606812,0.0015040598809719086,0.03918816149234772
0.036990709602832794,-0.0013847202062606812,0.0015040598809719086,0.03918816149234772
0.036990709602832794,-0.0013847202062606812,0.0015040598809719086,0.03918816149234772
0.036990709602832794,-0.0013847202062606812,0.0015040598809719086,0.03918816149234772
0.036990709602832794,-0.0013847202062606812,0.0015040598809719086,0.03918816149234772
0.036990709602832794,-0.0013847202062606812,0.0015040598809719086,0.03918816149234772
0.036990709602832794,-0.0013847202062606812,0.0015040598809719086,0.03918816149234772
0.036990709602832794,-0.0013847202062606812,0.0015040598809719086,0.03918816149234772
0.036990709602832794,-0.0013847202062606812,0.0015040598809719086,0.03918816149234772
0.036990709602832794,-0.0013847202062606812,0.0015040598809719086,0.03918816149234772
0.036990709602832794,-0.0013847202062606812,0.0015040598809719086,0.03918816149234772
0.036990709602832794,-0.0013847202062606812,0.0015040598809719086,0.03918816149234772
0.036990709602832794,-0.0013847202062606812,0.0015040598809719086,0.03918816149234772
0.036990709602832794,-0.0013847202062606812,0.0015040598809719086,0.03918816149234772
0.036990709602832794,-0.0013847202062606812,0.0015040598809719086,0.03918816149234772
0.036990709602832794,-0.0013847202062606812,0.0015040598809719086,0.03918816149234772
0.036990709602832794,-0.0013847202062606812,0.0015040598809719086,0.03918816149234772
0.036990709602832794,-0.0013847202062606812,0.0015040598809719086,0.03918816149234772
0.036990709602832794,-0.0013847202062606812,0.0015040598809719086,0.03918816149234772
0.036990709602832794,-0.0013847202062606812,0.0015040598809719086,0.03918816149234772
0.036990709602832794,-0.0013847202062606812,0.0015040598809719086,0.03918816149234772
0.036990709602832794,-0.0013847202062606812,0.0015040598809719086,0.03918816149234772
0.036990709602832794,-0.0013847202062606812,0.0015040598809719086,0.03918816149234772
0.036990709602832794,-0.0013847202062606812,0.0015040598809719086,0.03918816149234772
0.036990709602832794,-0.0013847202062606812,0.0015040598809719086,0.03918816149234772
0.036990709602832794,-0.0013847202062606812,0.0015040598809719086,0.03918816149234772
0.036990709602832794,-0.0013847202062606812,0.0015040598809719086,0.03918816149234772
0.036990709602832794,-0.0013847202062606812,0.0015040598809719086,0.03918816149234772
0.036990709602832794,-0.0013847202062606812,0.0015040598809719086,0.03918816149234772
0.036990709602832794,-0.0013847202062606812,0.0015040598809719086,0.03918816149234772
0.036990709602832794,-0.0013847202062606812,0.0015040598809719086,0.03918816149234772
0.036990709602832794,-0.0013847202062606812,0.0015040598809719086,0.03918816149234772
0.036990709602832794,-0.0013847202062606812,0.0015040598809719086,0.03918816149234772
0.036990709602832794,-0.0013847202062606812,0.0015040598809719086,0.03918816149234772
0.036990709602832794,-0.0013847202062606812,0.0015040598809719086,0.03918816149234772
0.036990709602832794,-0.0013847202062606812,0.0015040598809719086,0.03918816149234772
0.036990709602832794,-0.0013847202062606812,0.0015040598809719086,0.03918816149234772
0.036990709602832794,-0.0013847202062606812,0.0015040598809719086,0.03918816149234772
0.036990709602832794,-0.0013847202062606812,0.0015040598809719086,0.03918816149234772
0.036990709602832794,-0.0013847202062606812,0.0015040598809719086,0.03918816149234772
0.036990709602832794,-0.0013847202062606812,0.0015040598809719086,0.03918816149234772
0.036990709602832794,-0.0013847202062606812,0.0015040598809719086,0.03918816149234772
0.036990709602832794,-0.0013847202062606812,0.0015040598809719086,0.03918816149234772
0.036990709602832794,-0.0013847202062606812,0.0015040598809719086,0.03918816149234772
0.036990709602832794,-0.0013847202062606812,0.0015040598809719086,0.03918816149234772
0.036990709602832794,-0.0013847202062606812,0.0015040598809719086,0.03918816149234772
0.036990709602832794,-0.0013847202062606812,0.0015040598809719086,0.03918816149234772
0.036990709602832794,-0.0013847202062606812,0.0015040598809719086,0.03918816149234772
0.036990709602832794,-0.0013847202062606812,0.0015040598809719086,0.03918816149234772
0.036990709602832794,-0.0013847202062606812,0.0015040598809719086,0.03918816149234772
0.036990709602832794,-0.0013847202062606812,0.0015040598809719086,0.03918816149234772
0.036990709602832794,-0.0013847202062606812,0.0015040598809719086,0.03918816149234772
0.036990709602832794,-0.0013847202062606812,0.0015040598809719086,0.03918816149234772
0.036990709602832794,-0.0013847202062606812,0.0015040598809719086,0.03918816149234772
0.036990709602832794,-0.0013847202062606812,0.0015040598809719086,0.03918816149234772
0.036990709602832794,-0.0013847202062606812,0.0015040598809719086,0.03918816149234772
0.036990709602832794,-0.0013847202062606812,0.0015040598809719086,0.03918816149234772
0.036990709602832794,-0.0013847202062606812,0.0015040598809719086,0.03918816149234772
0.036990709602832794,-0.0013847202062606812,0.0015040598809719086,0.03918816149234772
0.036990709602832794,-0.0013847202062606812,0.0015040598809719086,0.03918816149234772
0.036990709602832794,-0.0013847202062606812,0.0015040598809719086,0.03918816149234772
0.036990709602832794,-0.0013847202062606812,0.0015040598809719086,0.03918816149234772
0.036990709602832794,-0.0013847202062606812,0.0015040598809719086,0.03918816149234772
0.036990709602832794,-0.0013847202062606812,0.0015040598809719086,0.03918816149234772
0.036990709602832794,-0.0013847202062606812,0.0015040598809719086,0.03918816149234772
0.036990709602832794,-0.0013847202062606812,0.0015040598809719086,0.03918816149234772
0.036990709602832794,-0.0013847202062606812,0.0015040598809719086,0.03918816149234772
0.036990709602832794,-0.0013847202062606812,0.0015040598809719086,0.03918816149234772
0.036990709602832794,-0.0013847202062606812,0.0015040598809719086,0.03918816149234772
0.036990709602832794,-0.0013847202062606812,0.0015040598809719086,0.03918816149234772
0.036990709602832794,-0.0013847202062606812,0.0015040598809719086,0.03918816149234772
0.036990709602832794,-0.0013847202062606812,0.0015040598809719086,0.03918816149234772
0.036990709602832794,-0.0013847202062606812,0.0015040598809719086,0.03918816149234772
0.036990709602832794,-0.0013847202062606812,0.0015040598809719086,0.03918816149234772
0.036990709602832794,-0.0013847202062606812,0.0015040598809719086,0.03918816149234772
0.036990709602832794,-0.0013847202062606812,0.0015040598809719086,0.03918816149234772
0.036990709602832794,-0.0013847202062606812,0.0015040598809719086,0.03918816149234772
0.036990709602832794,-0.0013847202062606812,0.0015040598809719086,0.03918816149234772
0.036990709602832794,-0.0013847202062606812,0.0015040598809719086,0.03918816149234772
0.036990709602832794,-0.0013847202062606812,0.0015040598809719086,0.03918816149234772
0.036990709602832794,-0.0013847202062606812,0.0015040598809719086,0.03918816149234772
0.036990709602832794,-0.0013847202062606812,0.0015040598809719086,0.03918816149234772
0.036990709602832794,-0.0013847202062606812,0.0015040598809719086,0.03918816149234772
0.036990709602832794,-0.0013847202062606812,0.0015040598809719086,0.03918816149234772
0.036990709602832794,-0.0013847202062606812,0.0015040598809719086,0.03918816149234772
0.036990709602832794,-0.0013847202062606812,0.0015040598809719086,0.03918816149234772
0.036990709602832794,-0.0013847202062606812,0.0015040598809719086,0.03918816149234772
0.036990709602832794,-0.0013847202062606812,0.0015040598809719086,0.03918816149234772
0.036990709602832794,-0.0013847202062606812,0.0015040598809719086,0.03918816149234772
0.036990709602832794,-0.0013847202062606812,0.0015040598809719086,0.03918816149234772
0.036990709602832794,-0.0013847202062606812,0.0015040598809719086,0.03918816149234772
0.036990709602832794,-0.0013847202062606812,0.0015040598809719086,0.03918816149234772
0.036990709602832794,-0.0013847202062606812,0.0015040598809719086,0.03918816149234772
0.036990709602832794,-0.0013847202062606812,0.0015040598809719086,0.03918816149234772
0.036990709602832794,-0.0013847202062606812,0.0015040598809719086,0.03918816149234772
0.036990709602832794,-0.0013847202062606812,0.0015040598809719086,0.03918816149234772
0.036990709602832794,-0.0013847202062606812,0.0015040598809719086,0.03918816149234772
0.036990709602832794,-0.0013847202062606812,0.0015040598809719086,0.03918816149234772
0.036990709602832794,-0.0013847202062606812,0.0015040598809719086,0.03918816149234772
0.036990709602832794,-0.0013847202062606812,0.0015040598809719086,0.03918816149234772
0.036990709602832794,-0.0013847202062606812,0.0015040598809719086,0.03918816149234772
0.036990709602832794,-0.0013847202062606812,0.0015040598809719086,0.03918816149234772
0.036990709602832794,-0.0013847202062606812,0.0015040598809719086,0.03918816149234772
0.036990709602832794,-0.0013847202062606812,0.0015040598809719086,0.03918816149234772
0.036990709602832794,-0.0013847202062606812,0.0015040598809719086,0.03918816149234772
0.036990709602832794,-0.0013847202062606812,0.0015040598809719086,0.03918816149234772
0.036990709602832794,-0.0013847202062606812,0.0015040598809719086,0.03918816149234772
0.036990709602832794,-0.0013847202062606812,0.0015040598809719086,0.03918816149234772
0.036990709602832794,-0.0013847202062606812,0.0015040598809719086,0.03918816149234772
0.036990709602832794,-0.0013847202062606812,0.0015040598809719086,0.03918816149234772
0.036990709602832794,-0.0013847202062606812,0.0015040598809719086,0.03918816149234772
0.036990709602832794,-0.0013847202062606812,0.0015040598809719086,0.03918816149234772
0.036990709602832794,-0.0013847202062606812,0.0015040598809719086,0.03918816149234772
0.036990709602832794,-0.0013847202062606812,0.0015040598809719086,0.03918816149234772
0.036990709602832794,-0.0013847202062606812,0.0015040598809719086,0.03918816149234772
0.036990709602832794,-0.0013847202062606812,0.0015040598809719086,0.03918816149234772
0.036990709602832794,-0.0013847202062606812,0.0015040598809719086,0.03918816149234772
0.036990709602832794,-0.0013847202062606812,0.0015040598809719086,0.03918816149234772
0.036990709602832794,-0.0013847202062606812,0.0015040598809719086,0.03918816149234772
0.036990709602832794,-0.0013847202062606812,0.0015040598809719086,0.03918816149234772
0.036990709602832794,-0.0013847202062606812,0.0015040598809719086,0.03918816149234772
0.036990709602832794,-0.0013847202062606812,0.0015040598809719086,0.03918816149234772
0.036990709602832794,-0.0013847202062606812,0.0015040598809719086,0.03918816149234772
0.036990709602832794,-0.0013847202062606812,0.0015040598809719086,0.03918816149234772
0.036990709602832794,-0.0013847202062606812,0.0015040598809719086,0.03918816149234772
0.036990709602832794,-0.0013847202062606812,0.0015040598809719086,0.03918816149234772
0.036990709602832794,-0.0013847202062606812,0.0015040598809719086,0.03918816149234772
0.036990709602832794,-0.0013847202062606812,0.0015040598809719086,0.03918816149234772
0.036990709602832794,-0.0013847202062606812,0.0015040598809719086,0.03918816149234772
0.036990709602832794,-0.0013847202062606812,0.0015040598809719086,0.03918816149234772
0.036990709602832794,-0.0013847202062606812,0.0015040598809719086,0.03918816149234772
0.036990709602832794,-0.0013847202062606812,0.0015040598809719086,0.03918816149234772
0.036990709602832794,-0.0013847202062606812,0.0015040598809719086,0.03918816149234772
0.036990709602832794,-0.0013847202062606812,0.0015040598809719086,0.03918816149234772
0.036990709602832794,-0.0013847202062606812,0.0015040598809719086,0.03918816149234772
0.036990709602832794,-0.0013847202062606812,0.0015040598809719086,0.03918816149234772
0.036990709602832794,-0.0013847202062606812,0.0015040598809719086,0.03918816149234772
0.036990709602832794,-0.0013847202062606812,0.0015040598809719086,0.03918816149234772
0.036990709602832794,-0.0013847202062606812,0.0015040598809719086,0.03918816149234772
0.036990709602832794,-0.0013847202062606812,0.0015040598809719086,0.03918816149234772
0.036990709602832794,-0.0013847202062606812,0.0015040598809719086,0.03918816149234772
0.036990709602832794,-0.0013847202062606812,0.0015040598809719086,0.03918816149234772
0.036990709602832794,-0.0013847202062606812,0.0015040598809719086,0.03918816149234772
0.036990709602832794,-0.0013847202062606812,0.0015040598809719086,0.03918816149234772
0.036990709602832794,-0.0013847202062606812,0.0015040598809719086,0.03918816149234772
0.036990709602832794,-0.0013847202062606812,0.0015040598809719086,0.03918816149234772
0.036990709602832794,-0.0013847202062606812,0.0015040598809719086,0.03918816149234772
0.036990709602832794,-0.0013847202062606812,0.0015040598809719086,0.03918816149234772
0.036990709602832794,-0.0013847202062606812,0.0015040598809719086,0.03918816149234772
0.036990709602832794,-0.0013847202062606812,0.0015040598809719086,0.03918816149234772
0.036990709602832794,-0.0013847202062606812,0.0015040598809719086,0.03918816149234772
0.036990709602832794,-0.0013847202062606812,0.0015040598809719086,0.03918816149234772
0.036990709602832794,-0.0013847202062606812,0.0015040598809719086,0.03918816149234772
0.036990709602832794,-0.0013847202062606812,0.0015040598809719086,0.03918816149234772
0.036990709602832794,-0.0013847202062606812,0.0015040598809719086,0.03918816149234772
0.036990709602832794,-0.0013847202062606812,0.0015040598809719086,0.03918816149234772
0.036990709602832794,-0.0013847202062606812,0.0015040598809719086,0.03918816149234772
0.036990709602832794,-0.0013847202062606812,0.0015040598809719086,0.03918816149234772
0.036990709602832794,-0.0013847202062606812,0.0015040598809719086,0.03918816149234772
0.036990709602832794,-0.0013847202062606812,0.0015040598809719086,0.03918816149234772
0.036990709602832794,-0.0013847202062606812,0.0015040598809719086,0.03918816149234772
0.036990709602832794,-0.0013847202062606812,0.0015040598809719086,0.03918816149234772
0.036990709602832794,-0.0013847202062606812,0.0015040598809719086,0.03918816149234772
0.036990709602832794,-0.0013847202062606812,0.0015040598809719086,0.03918816149234772
0.036990709602832794,-0.0013847202062606812,0.0015040598809719086,0.03918816149234772
0.036990709602832794,-0.0013847202062606812,0.0015040598809719086,0.03918816149234772
0.036990709602832794,-0.0013847202062606812,0.0015040598809719086,0.03918816149234772
0.036990709602832794,-0.0013847202062606812,0.0015040598809719086,0.03918816149234772
0.036990709602832794,-0.0013847202062606812,0.0015040598809719086,0.03918816149234772
0.036990709602832794,-0.0013847202062606812,0.0015040598809719086,0.03918816149234772
0.036990709602832794,-0.0013847202062606812,0.0015040598809719086,0.03918816149234772
0.036990709602832794,-0.0013847202062606812,0.0015040598809719086,0.03918816149234772
0.036990709602832794,-0.0013847202062606812,0.0015040598809719086,0.03918816149234772
0.036990709602832794,-0.0013847202062606812,0.0015040598809719086,0.03918816149234772
0.036990709602832794,-0.0013847202062606812,0.0015040598809719086,0.03918816149234772
0.036990709602832794,-0.0013847202062606812,0.0015040598809719086,0.03918816149234772
0.036990709602832794,-0.0013847202062606812,0.0015040598809719086,0.03918816149234772
0.036990709602832794,-0.0013847202062606812,0.0015040598809719086,0.03918816149234772
0.036990709602832794,-0.0013847202062606812,0.0015040598809719086,0.03918816149234772
0.036990709602832794,-0.0013847202062606812,0.0015040598809719086,0.03918816149234772
0.036990709602832794,-0.0013847202062606812,0.0015040598809719086,0.03918816149234772
0.036990709602832794,-0.0013847202062606812,0.0015040598809719086,0.03918816149234772
0.036990709602832794,-0.0013847202062606812,0.0015040598809719086,0.03918816149234772
0.036990709602832794,-0.0013847202062606812,0.0015040598809719086,0.03918816149234772
0.036990709602832794,-0.0013847202062606812,0.0015040598809719086,0.03918816149234772
0.036990709602832794,-0.0013847202062606812,0.0015040598809719086,0.03918816149234772
0.036990709602832794,-0.0013847202062606812,0.0015040598809719086,0.03918816149234772
0.036990709602832794,-0.0013847202062606812,0.0015040598809719086,0.03918816149234772
0.036990709602832794,-0.0013847202062606812,0.0015040598809719086,0.03918816149234772
0.036990709602832794,-0.0013847202062606812,0.0015040598809719086,0.03918816149234772
0.036990709602832794,-0.0013847202062606812,0.0015040598809719086,0.03918816149234772
0.036990709602832794,-0.0013847202062606812,0.0015040598809719086,0.03918816149234772
0.036990709602832794,-0.0013847202062606812,0.0015040598809719086,0.03918816149234772
0.036990709602832794,-0.0013847202062606812,0.0015040598809719086,0.03918816149234772
0.036990709602832794,-0.0013847202062606812,0.0015040598809719086,0.03918816149234772
0.036990709602832794,-0.0013847202062606812,0.0015040598809719086,0.03918816149234772
0.036990709602832794,-0.0013847202062606812,0.0015040598809719086,0.03918816149234772
0.036990709602832794,-0.0013847202062606812,0.0015040598809719086,0.03918816149234772
0.036990709602832794,-0.0013847202062606812,0.0015040598809719086,0.03918816149234772
0.036990709602832794,-0.0013847202062606812,0.0015040598809719086,0.03918816149234772
0.036990709602832794,-0.0013847202062606812,0.0015040598809719086,0.03918816149234772
0.036990709602832794,-0.0013847202062606812,0.0015040598809719086,0.03918816149234772
0.036990709602832794,-0.0013847202062606812,0.0015040598809719086,0.03918816149234772
0.036990709602832794,-0.0013847202062606812,0.0015040598809719086,0.03918816149234772
0.036990709602832794,-0.0013847202062606812,0.0015040598809719086,0.03918816149234772
0.036990709602832794,-0.0013847202062606812,0.0015040598809719086,0.03918816149234772
0.036990709602832794,-0.0013847202062606812,0.0015040598809719086,0.03918816149234772
0.036990709602832794,-0.0013847202062606812,0.0015040598809719086,0.03918816149234772
0.036990709602832794,-0.0013847202062606812,0.0015040598809719086,0.03918816149234772
0.036990709602832794,-0.0013847202062606812,0.0015040598809719086,0.03918816149234772
0.036990709602832794,-0.0013847202062606812,0.0015040598809719086,0.03918816149234772
0.036990709602832794,-0.0013847202062606812,0.0015040598809719086,0.03918816149234772
0.036990709602832794,-0.0013847202062606812,0.0015040598809719086,0.03918816149234772
0.036990709602832794,-0.0013847202062606812,0.0015040598809719086,0.03918816149234772
0.036990709602832794,-0.0013847202062606812,0.0015040598809719086,0.03918816149234772
0.036990709602832794,-0.0013847202062606812,0.0015040598809719086,0.03918816149234772
0.036990709602832794,-0.0013847202062606812,0.0015040598809719086,0.03918816149234772
0.036990709602832794,-0.0013847202062606812,0.0015040598809719086,0.03918816149234772
0.036990709602832794,-0.0013847202062606812,0.0015040598809719086,0.03918816149234772
0.036990709602832794,-0.0013847202062606812,0.0015040598809719086,0.03918816149234772
0.036990709602832794,-0.0013847202062606812,0.0015040598809719086,0.03918816149234772
0.036990709602832794,-0.0013847202062606812,0.0015040598809719086,0.03918816149234772
0.036990709602832794,-0.0013847202062606812,0.0015040598809719086,0.03918816149234772
0.036990709602832794,-0.0013847202062606812,0.0015040598809719086,0.03918816149234772
0.036990709602832794,-0.0013847202062606812,0.0015040598809719086,0.03918816149234772
0.036990709602832794,-0.0013847202062606812,0.0015040598809719086,0.03918816149234772
0.036990709602832794,-0.0013847202062606812,0.0015040598809719086,0.03918816149234772
0.036990709602832794,-0.0013847202062606812,0.0015040598809719086,0.03918816149234772
0.036990709602832794,-0.0013847202062606812,0.0015040598809719086,0.03918816149234772
0.036990709602832794,-0.0013847202062606812,0.0015040598809719086,0.03918816149234772
0.036990709602832794,-0.0013847202062606812,0.0015040598809719086,0.03918816149234772
0.036990709602832794,-0.0013847202062606812,0.0015040598809719086,0.03918816149234772
0.036990709602832794,-0.0013847202062606812,0.0015040598809719086,0.03918816149234772
0.036990709602832794,-0.0013847202062606812,0.0015040598809719086,0.03918816149234772
0.036990709602832794,-0.0013847202062606812,0.0015040598809719086,0.03918816149234772
0.036990709602832794,-0.0013847202062606812,0.0015040598809719086,0.03918816149234772
0.036990709602832794,-0.0013847202062606812,0.0015040598809719086,0.03918816149234772
0.036990709602832794,-0.0013847202062606812,0.0015040598809719086,0.03918816149234772
0.036990709602832794,-0.0013847202062606812,0.0015040598809719086,0.03918816149234772
0.036990709602832794,-0.0013847202062606812,0.0015040598809719086,0.03918816149234772
0.036990709602832794,-0.0013847202062606812,0.0015040598809719086,0.03918816149234772
0.036990709602832794,-0.0013847202062606812,0.0015040598809719086,0.03918816149234772
0.036990709602832794,-0.0013847202062606812,0.0015040598809719086,0.03918816149234772
0.036990709602832794,-0.0013847202062606812,0.0015040598809719086,0.03918816149234772
0.036990709602832794,-0.0013847202062606812,0.0015040598809719086,0.03918816149234772
0.036990709602832794,-0.0013847202062606812,0.0015040598809719086,0.03918816149234772
0.036990709602832794,-0.0013847202062606812,0.0015040598809719086,0.03918816149234772
0.036990709602832794,-0.0013847202062606812,0.0015040598809719086,0.03918816149234772
0.036990709602832794,-0.0013847202062606812,0.0015040598809719086,0.03918816149234772
0.036990709602832794,-0.0013847202062606812,0.0015040598809719086,0.03918816149234772
0.036990709602832794,-0.0013847202062606812,0.0015040598809719086,0.03918816149234772
0.036990709602832794,-0.0013847202062606812,0.0015040598809719086,0.03918816149234772
0.036990709602832794,-0.0013847202062606812,0.0015040598809719086,0.03918816149234772
0.036990709602832794,-0.0013847202062606812,0.0015040598809719086,0.03918816149234772
0.036990709602832794,-0.0013847202062606812,0.0015040598809719086,0.03918816149234772
0.036990709602832794,-0.0013847202062606812,0.0015040598809719086,0.03918816149234772
0.036990709602832794,-0.0013847202062606812,0.0015040598809719086,0.03918816149234772
0.036990709602832794,-0.0013847202062606812,0.0015040598809719086,0.03918816149234772
0.036990709602832794,-0.0013847202062606812,0.0015040598809719086,0.03918816149234772
0.036990709602832794,-0.0013847202062606812,0.0015040598809719086,0.03918816149234772
0.036990709602832794,-0.0013847202062606812,0.0015040598809719086,0.03918816149234772
0.036990709602832794,-0.0013847202062606812,0.0015040598809719086,0.03918816149234772
0.036990709602832794,-0.0013847202062606812,0.0015040598809719086,0.03918816149234772
0.036990709602832794,-0.0013847202062606812,0.0015040598809719086,0.03918816149234772
0.036990709602832794,-0.0013847202062606812,0.0015040598809719086,0.03918816149234772
0.036990709602832794,-0.0013847202062606812,0.0015040598809719086,0.03918816149234772
0.036990709602832794,-0.0013847202062606812,0.0015040598809719086,0.03918816149234772
0.036990709602832794,-0.0013847202062606812,0.0015040598809719086,0.03918816149234772
0.036990709602832794,-0.0013847202062606812,0.0015040598809719086,0.03918816149234772
0.036990709602832794,-0.0013847202062606812,0.0015040598809719086,0.03918816149234772
0.036990709602832794,-0.0013847202062606812,0.0015040598809719086,0.03918816149234772
0.036990709602832794,-0.0013847202062606812,0.0015040598809719086,0.03918816149234772
0.036990709602832794,-0.0013847202062606812,0.0015040598809719086,0.03918816149234772
0.036990709602832794,-0.0013847202062606812,0.0015040598809719086,0.03918816149234772
0.036990709602832794,-0.0013847202062606812,0.0015040598809719086,0.03918816149234772
0.036990709602832794,-0.0013847202062606812,0.0015040598809719086,0.03918816149234772
0.036990709602832794,-0.0013847202062606812,0.0015040598809719086,0.03918816149234772
0.036990709602832794,-0.0013847202062606812,0.0015040598809719086,0.03918816149234772
0.036990709602832794,-0.0013847202062606812,0.0015040598809719086,0.03918816149234772
0.036990709602832794,-0.0013847202062606812,0.0015040598809719086,0.03918816149234772
0.036990709602832794,-0.0013847202062606812,0.0015040598809719086,0.03918816149234772
