vx,vy,vz,omega_z
0.2550847828388214,0.45993584394454956,-0.6597367525100708,1.269765853881836
0.29962632060050964,0.5500746965408325,-0.7005414366722107,1.2942981719970703
0.30582550168037415,0.5586282014846802,-0.6781371831893921,1.277327537536621
0.30563977360725403,0.5591722130775452,-0.6695339679718018,1.275777816772461
0.2947250306606293,0.5595628023147583,-0.6294893026351929,1.2860455513000488
0.2899734377861023,0.5605742335319519,-0.6246199011802673,1.2873256206512451
0.30892667174339294,0.5504729747772217,-0.6237744688987732,1.2688124179840088
0.3022831976413727,0.5328642725944519,-0.5849026441574097,1.249086618423462
0.2952147424221039,0.5275291800498962,-0.5729976296424866,1.248260498046875
0.27780038118362427,0.48169875144958496,-0.5280873775482178,1.212820291519165
0.2663173973560333,0.4605292081832886,-0.5109342336654663,1.209745168685913
0.2549167573451996,0.4064251184463501,-0.5445188283920288,1.1745760440826416
0.27319154143333435,0.3711860179901123,-0.49779653549194336,1.1569550037384033
0.27754613757133484,0.35925596952438354,-0.48867329955101013,1.1554243564605713
0.31468555331230164,0.32905441522598267,-0.49804654717445374,1.1558301448822021
0.3209918737411499,0.31046241521835327,-0.49266377091407776,1.1588948965072632
0.3090253174304962,0.29206275939941406,-0.4964001178741455,1.1526834964752197
0.3138982355594635,0.23529158532619476,-0.5132142305374146,1.0749456882476807
0.3284001052379608,0.20800231397151947,-0.4959656000137329,1.1074554920196533
0.32939836382865906,0.20267818868160248,-0.4918891191482544,1.1114161014556885
0.33509084582328796,0.18728889524936676,-0.4826285243034363,1.0721772909164429
0.33553165197372437,0.18255575001239777,-0.48147159814834595,1.0669660568237305
0.35922959446907043,0.15640492737293243,-0.4791874885559082,1.051738977432251
0.3598303496837616,0.149153470993042,-0.4799785315990448,1.0475385189056396
0.34940290451049805,0.13980941474437714,-0.4627544581890106,1.0564720630645752
0.33913540840148926,0.13555315136909485,-0.46068671345710754,1.0600297451019287
0.33646103739738464,0.12696732580661774,-0.4734749495983124,1.0888566970825195
0.3365907371044159,0.12584801018238068,-0.4750652313232422,1.0918354988098145
0.3245912492275238,0.10083538293838501,-0.43435195088386536,1.0228275060653687
0.30548936128616333,0.05327165126800537,-0.4260786771774292,1.0099332332611084
0.3019952178001404,0.04704664647579193,-0.43014511466026306,1.0098521709442139
0.2654601037502289,-0.004858769476413727,-0.42403021454811096,0.9705991148948669
0.2931705117225647,-0.003936514258384705,-0.4436858594417572,0.9809224605560303
0.299458771944046,-0.002375200390815735,-0.44720879197120667,0.9854072332382202
0.29812097549438477,-0.018483780324459076,-0.42203423380851746,0.9767877459526062
0.2944701313972473,-0.021319791674613953,-0.42143741250038147,0.9749972224235535
0.28512874245643616,-0.03800535574555397,-0.4238022267818451,0.9523695707321167
0.2844260036945343,-0.038484636694192886,-0.42423713207244873,0.9507610201835632
0.25174185633659363,-0.07638199627399445,-0.38096895813941956,0.898174524307251
0.2338627278804779,-0.07108182460069656,-0.3306151032447815,0.9020694494247437
0.24349448084831238,-0.08714907616376877,-0.3779761493206024,0.8964657783508301
0.2503482401371002,-0.08761227875947952,-0.38678663969039917,0.8932173252105713
0.2584192752838135,-0.07665597647428513,-0.3730813264846802,0.9177983403205872
0.25864848494529724,-0.07548058032989502,-0.3710779547691345,0.922822117805481
0.2363910675048828,-0.09984876960515976,-0.36144447326660156,0.8894245624542236
0.23247671127319336,-0.10177349299192429,-0.3606252670288086,0.8797168731689453
0.22523652017116547,-0.13218267261981964,-0.36490100622177124,0.8525646328926086
0.22441059350967407,-0.13399198651313782,-0.3665481209754944,0.844912588596344
0.21345394849777222,-0.14656372368335724,-0.35754474997520447,0.8189173936843872
0.2010796070098877,-0.15750375390052795,-0.35441985726356506,0.8008328080177307
0.20067158341407776,-0.1576305627822876,-0.35490015149116516,0.797066867351532
0.18266943097114563,-0.15735316276550293,-0.3285243809223175,0.8156973719596863
0.17777785658836365,-0.15761104226112366,-0.3233644664287567,0.8208441734313965
0.153789222240448,-0.16457216441631317,-0.3101102113723755,0.768174946308136
0.15144675970077515,-0.17096470296382904,-0.3026585280895233,0.7797648906707764
0.15079282224178314,-0.1712181270122528,-0.3024674654006958,0.7843821048736572
0.1451670527458191,-0.18410128355026245,-0.306888222694397,0.7371181845664978
0.14519524574279785,-0.18505892157554626,-0.30719348788261414,0.7233291268348694
0.12270902097225189,-0.18995365500450134,-0.292849600315094,0.711235523223877
0.11812477558851242,-0.18977245688438416,-0.28835564851760864,0.7129206657409668
0.12712456285953522,-0.19030523300170898,-0.2872953414916992,0.7175189256668091
0.11842942982912064,-0.1935967206954956,-0.2866876423358917,0.7075868844985962
0.11714456975460052,-0.19343775510787964,-0.28483614325523376,0.70680832862854
0.11630585789680481,-0.1913723647594452,-0.2811425030231476,0.7000454068183899
0.1158900186419487,-0.19124077260494232,-0.28025615215301514,0.6976653337478638
0.12043292820453644,-0.19025211036205292,-0.2600507438182831,0.7054530382156372
0.10962966829538345,-0.190336674451828,-0.25751882791519165,0.6991289258003235
0.10883009433746338,-0.1902783215045929,-0.2574266791343689,0.6970991492271423
0.09392035752534866,-0.19255372881889343,-0.26173317432403564,0.6822304129600525
0.09291409701108932,-0.19233936071395874,-0.2608085870742798,0.6797083020210266
0.08420911431312561,-0.1885567605495453,-0.2509342133998871,0.6669174432754517
0.08271811157464981,-0.18810498714447021,-0.24821174144744873,0.6652223467826843
0.06858449429273605,-0.1901766061782837,-0.2513614892959595,0.6237195134162903
0.06908950954675674,-0.19001832604408264,-0.25246164202690125,0.6152420043945312
0.06205441430211067,-0.19067533314228058,-0.250791072845459,0.5985183715820312
0.054547037929296494,-0.19065502285957336,-0.23511603474617004,0.5998721122741699
0.05237164348363876,-0.19053378701210022,-0.23160597681999207,0.6022204160690308
0.043422602117061615,-0.19263583421707153,-0.231761172413826,0.5947512984275818
0.043093547224998474,-0.1928442120552063,-0.2323201447725296,0.5922635197639465
0.041183993220329285,-0.18859095871448517,-0.22669483721256256,0.594029426574707
0.0408351868391037,-0.188163161277771,-0.2253810465335846,0.5953954458236694
0.044990867376327515,-0.1900726854801178,-0.21788999438285828,0.5772150754928589
0.039031438529491425,-0.18853309750556946,-0.21463583409786224,0.5614199638366699
0.038481853902339935,-0.18815967440605164,-0.2138461321592331,0.5600863695144653
0.029791004955768585,-0.18651092052459717,-0.2092881202697754,0.5477588176727295
0.0174434632062912,-0.1819147914648056,-0.20757324993610382,0.5408666729927063
0.016744911670684814,-0.18144190311431885,-0.20676679909229279,0.5405582189559937
0.01333191990852356,-0.18056219816207886,-0.2048136293888092,0.5254133343696594
0.013669595122337341,-0.18034911155700684,-0.2047777622938156,0.5231469869613647
0.00687001645565033,-0.17991429567337036,-0.1981334686279297,0.5182753801345825
0.006108276546001434,-0.1797294169664383,-0.19717973470687866,0.5181053876876831
-0.0018933489918708801,-0.17176079750061035,-0.19143855571746826,0.5212671160697937
-0.002738162875175476,-0.17108413577079773,-0.19018080830574036,0.5223655700683594
-0.006190106272697449,-0.1689189076423645,-0.19154858589172363,0.5157675743103027
-0.006190039217472076,-0.16863462328910828,-0.19147096574306488,0.5149053931236267
-0.0036429911851882935,-0.16920608282089233,-0.18092012405395508,0.5039734840393066
-0.004868529736995697,-0.17222416400909424,-0.17272450029850006,0.48645123839378357
-0.004819586873054504,-0.17239369451999664,-0.1730167418718338,0.4833703935146332
-0.004638254642486572,-0.16855114698410034,-0.1756511926651001,0.4791720509529114
-0.0036530345678329468,-0.1683478057384491,-0.17737676203250885,0.477660208940506
-0.012270800769329071,-0.16282078623771667,-0.17366547882556915,0.465632826089859
-0.01766248792409897,-0.1597951054573059,-0.16796885430812836,0.46313244104385376
-0.018631048500537872,-0.15946424007415771,-0.16667987406253815,0.46335741877555847
-0.01663113385438919,-0.1573430597782135,-0.15812695026397705,0.4613882899284363
-0.016789473593235016,-0.15728068351745605,-0.1568821370601654,0.4615386128425598
-0.017048142850399017,-0.15859824419021606,-0.15425343811511993,0.4527297019958496
-0.01688142865896225,-0.15863831341266632,-0.1540873497724533,0.4513896703720093
-0.018184088170528412,-0.15856437385082245,-0.1558838188648224,0.4468631446361542
-0.014286480844020844,-0.15524907410144806,-0.15343263745307922,0.4360846281051636
-0.013021491467952728,-0.15507234632968903,-0.1545446366071701,0.4338166117668152
-0.013934977352619171,-0.1519707590341568,-0.15161527693271637,0.42415502667427063
-0.013393081724643707,-0.1515822410583496,-0.15229476988315582,0.4219532608985901
-0.013501591980457306,-0.14811694622039795,-0.15017350018024445,0.41446453332901
-0.013112552464008331,-0.14766333997249603,-0.15051478147506714,0.4124900698661804
-0.01454567164182663,-0.1448538601398468,-0.15003973245620728,0.40894249081611633
-0.014435984194278717,-0.14444264769554138,-0.15028345584869385,0.4080119729042053
-0.012228228151798248,-0.14177651703357697,-0.1493203341960907,0.3997448682785034
-0.014521487057209015,-0.13879704475402832,-0.1425386667251587,0.3882249593734741
-0.014646746218204498,-0.13810162246227264,-0.1421642303466797,0.38619935512542725
-0.01464938372373581,-0.13801833987236023,-0.1421974003314972,0.3860572576522827
-0.021159492433071136,-0.1326238214969635,-0.13691499829292297,0.37692543864250183
-0.027509085834026337,-0.1259804368019104,-0.13765114545822144,0.3671225309371948
-0.02799040824174881,-0.12461277842521667,-0.13836120069026947,0.36459046602249146
-0.02801000326871872,-0.12441549450159073,-0.13846823573112488,0.36434856057167053
-0.026486583054065704,-0.12291082739830017,-0.13499487936496735,0.3606632947921753
-0.027151189744472504,-0.12157481908798218,-0.13112635910511017,0.35640788078308105
-0.028494320809841156,-0.12274062633514404,-0.12704716622829437,0.3535720407962799
-0.02851288765668869,-0.12237611413002014,-0.12659287452697754,0.35376280546188354
-0.025290288031101227,-0.12153158336877823,-0.12707050144672394,0.3535550534725189
-0.02472449094057083,-0.12160749733448029,-0.12697991728782654,0.3538447618484497
-0.024994082748889923,-0.11986595392227173,-0.12403179705142975,0.34733518958091736
-0.025073237717151642,-0.11930948495864868,-0.12468957901000977,0.3449977934360504
-0.027473844587802887,-0.11825733631849289,-0.1227608174085617,0.3399277925491333
-0.027580581605434418,-0.11752873659133911,-0.12329570204019547,0.3382875919342041
-0.025219552218914032,-0.11578833311796188,-0.11934833228588104,0.33573412895202637
-0.02606772631406784,-0.11537149548530579,-0.11354801058769226,0.3323124647140503
-0.026516802608966827,-0.1150483712553978,-0.11292050778865814,0.3315824568271637
-0.025619231164455414,-0.11392155289649963,-0.11013980209827423,0.327398419380188
-0.025540165603160858,-0.11338327080011368,-0.11041007936000824,0.3259814381599426
-0.027793295681476593,-0.11087644100189209,-0.10898914933204651,0.32055729627609253
-0.028104715049266815,-0.10976960510015488,-0.10956873744726181,0.3183985948562622
-0.03017822653055191,-0.10754310339689255,-0.10713797807693481,0.31203293800354004
-0.03064923733472824,-0.10651201754808426,-0.10747770965099335,0.3091892898082733
-0.031773604452610016,-0.10288995504379272,-0.1012868732213974,0.29902639985084534
-0.030698858201503754,-0.10120666772127151,-0.09950552880764008,0.2925269603729248
-0.03075515478849411,-0.10101207345724106,-0.09937416017055511,0.2909441590309143
-0.029023967683315277,-0.10171037912368774,-0.10123418271541595,0.2872075140476227
-0.02883053570985794,-0.10215018689632416,-0.1016787439584732,0.28556329011917114
-0.028091661632061005,-0.10178625583648682,-0.10214904695749283,0.2838769257068634
-0.028012774884700775,-0.10174838453531265,-0.10231892764568329,0.28307268023490906
-0.027832575142383575,-0.09840048104524612,-0.09578512609004974,0.2763703465461731
-0.025699473917484283,-0.09492935985326767,-0.08982889354228973,0.2733084261417389
-0.025741584599018097,-0.09439631551504135,-0.08876045048236847,0.2730354070663452
-0.02560945600271225,-0.09299632906913757,-0.08735908567905426,0.2713293433189392
-0.025568105280399323,-0.09193365275859833,-0.08749943971633911,0.27064478397369385
-0.02591652423143387,-0.09067762643098831,-0.08477339148521423,0.2675759196281433
-0.025894545018672943,-0.08947537839412689,-0.08485926687717438,0.2664811909198761
-0.026639096438884735,-0.08851642906665802,-0.0825430378317833,0.2631129324436188
-0.025637514889240265,-0.0875086784362793,-0.08136322349309921,0.25713396072387695
-0.02454439550638199,-0.08618690073490143,-0.08135630190372467,0.2504895031452179
-0.02423623949289322,-0.08558990806341171,-0.08171513676643372,0.24853307008743286
-0.024548925459384918,-0.0845022052526474,-0.08153899013996124,0.24699851870536804
-0.02451113611459732,-0.08381935954093933,-0.08155778795480728,0.24643632769584656
-0.026039011776447296,-0.08264124393463135,-0.07922248542308807,0.24333244562149048
-0.02433062344789505,-0.08124538511037827,-0.0749945119023323,0.23779775202274323
-0.02405739575624466,-0.08108978718519211,-0.0747864842414856,0.2363499104976654
-0.024029724299907684,-0.08102060109376907,-0.07477927207946777,0.23624250292778015
-0.023815490305423737,-0.0794815719127655,-0.0728149265050888,0.2356269508600235
-0.023022539913654327,-0.07792361080646515,-0.06978101283311844,0.22973401844501495
-0.022488810122013092,-0.07551410794258118,-0.06694954633712769,0.2248363196849823
-0.02249816805124283,-0.0749024823307991,-0.06628450006246567,0.22387313842773438
-0.021452568471431732,-0.07386551797389984,-0.06375297904014587,0.21785075962543488
-0.02136387676000595,-0.07410640269517899,-0.06324082612991333,0.21638604998588562
-0.02083592861890793,-0.07222253084182739,-0.06350439786911011,0.21395829319953918
-0.020316503942012787,-0.07187306135892868,-0.06331906467676163,0.2079068422317505
-0.02014719694852829,-0.07188437879085541,-0.06378254294395447,0.20656342804431915
-0.020367883145809174,-0.06905734539031982,-0.06257443875074387,0.2046802043914795
-0.020332925021648407,-0.06842449307441711,-0.06289399415254593,0.20442521572113037
-0.02036992460489273,-0.06739644706249237,-0.05996735394001007,0.20473815500736237
-0.020432643592357635,-0.06715220957994461,-0.06002332270145416,0.2050991952419281
-0.020023174583911896,-0.06687692552804947,-0.05641322210431099,0.2019227147102356
-0.018099598586559296,-0.06908730417490005,-0.05394231528043747,0.1983281672000885
-0.017870791256427765,-0.0700175017118454,-0.05378548428416252,0.1978072226047516
-0.01658891886472702,-0.0697360411286354,-0.05407857149839401,0.1956515610218048
-0.015575937926769257,-0.06923122704029083,-0.05424285680055618,0.19151398539543152
-0.015421263873577118,-0.06994378566741943,-0.054232608526945114,0.19087783992290497
-0.014117337763309479,-0.07040731608867645,-0.052381731569767,0.18587173521518707
-0.013998560607433319,-0.07144105434417725,-0.05219368264079094,0.18519219756126404
-0.014087013900279999,-0.07107967883348465,-0.05123567581176758,0.18231983482837677
-0.014111332595348358,-0.07160238921642303,-0.051023922860622406,0.1819579303264618
-0.013941608369350433,-0.07064643502235413,-0.049643903970718384,0.1786285936832428
-0.014687351882457733,-0.06972270458936691,-0.04775974899530411,0.1769038885831833
-0.014820821583271027,-0.06993121653795242,-0.04761712998151779,0.17696279287338257
-0.014797531068325043,-0.07073672860860825,-0.04856877774000168,0.1715794801712036
-0.01466100662946701,-0.07159429788589478,-0.049074966460466385,0.17044611275196075
-0.015865735709667206,-0.07162591069936752,-0.04674281179904938,0.16813476383686066
-0.016864381730556488,-0.06973312050104141,-0.045881398022174835,0.16737191379070282
-0.01705063134431839,-0.06902565062046051,-0.04526086151599884,0.16735194623470306
-0.016341648995876312,-0.06958819925785065,-0.04519249498844147,0.1642480492591858
-0.01616743952035904,-0.07010623812675476,-0.04531143605709076,0.16356271505355835
-0.015763141214847565,-0.06978524476289749,-0.04376228153705597,0.1616499274969101
-0.01571374386548996,-0.06991305947303772,-0.043257489800453186,0.16136538982391357
-0.01506025344133377,-0.0693456307053566,-0.040944553911685944,0.15823720395565033
-0.014901123940944672,-0.06946297734975815,-0.04069140553474426,0.1578109860420227
-0.014571018517017365,-0.06729288399219513,-0.03773213550448418,0.15576386451721191
-0.014595843851566315,-0.06711043417453766,-0.03708980977535248,0.15563318133354187
-0.01288718730211258,-0.0659436583518982,-0.03483927994966507,0.15218664705753326
-0.012700922787189484,-0.06627517938613892,-0.03439881652593613,0.15162478387355804
-0.010923974215984344,-0.06395265460014343,-0.032236821949481964,0.14885321259498596
-0.008541315793991089,-0.06210065633058548,-0.030675044283270836,0.1455567479133606
-0.00834926962852478,-0.06229550391435623,-0.030438032001256943,0.1451486498117447
-0.0061030760407447815,-0.06018511578440666,-0.030920175835490227,0.14260753989219666
-0.0038392245769500732,-0.05836701765656471,-0.029022540897130966,0.13727536797523499
-0.003518134355545044,-0.058836791664361954,-0.02877669781446457,0.13654349744319916
-0.00279352068901062,-0.05827120319008827,-0.02746773511171341,0.13448141515254974
-0.0026874393224716187,-0.05858258157968521,-0.027434930205345154,0.13439098000526428
-0.0023105069994926453,-0.05911535769701004,-0.029823586344718933,0.1318761259317398
-0.00202304869890213,-0.05935698747634888,-0.031943731009960175,0.1293957233428955
-0.001891307532787323,-0.05860203504562378,-0.03328653424978256,0.125818133354187
-0.0017965883016586304,-0.058763109147548676,-0.03358174115419388,0.12549598515033722
-0.0017832070589065552,-0.05882205814123154,-0.033597640693187714,0.12549403309822083
-0.002069629728794098,-0.05799885839223862,-0.034487321972846985,0.1240965723991394
-0.002049975097179413,-0.057969048619270325,-0.03474191948771477,0.12387105822563171
-0.0028544962406158447,-0.05773292854428291,-0.03611692786216736,0.12424861639738083
-0.0036410540342330933,-0.057340674102306366,-0.03405531495809555,0.12476293742656708
-0.0038247257471084595,-0.05718735232949257,-0.03364686667919159,0.12509404122829437
-0.003938034176826477,-0.05670872703194618,-0.031988486647605896,0.12424913793802261
-0.004000440239906311,-0.056660741567611694,-0.031729377806186676,0.12427157908678055
-0.004626244306564331,-0.05630851164460182,-0.030925873667001724,0.12342534214258194
-0.004712015390396118,-0.05624164640903473,-0.030862778425216675,0.12345995008945465
-0.004845820367336273,-0.056021492928266525,-0.030362214893102646,0.12188774347305298
-0.005591534078121185,-0.05600384250283241,-0.029384296387434006,0.12243123352527618
-0.005741983652114868,-0.05585790053009987,-0.02923169732093811,0.12273065000772476
-0.006347104907035828,-0.0557655394077301,-0.029538050293922424,0.12099583446979523
-0.006409652531147003,-0.055885374546051025,-0.02961588278412819,0.12087515741586685
-0.005027636885643005,-0.05422746762633324,-0.02923509106040001,0.11627042293548584
-0.004587642848491669,-0.05373092740774155,-0.02898002788424492,0.11440073698759079
-0.004321955144405365,-0.05343504250049591,-0.028816163539886475,0.11278551071882248
-0.004287287592887878,-0.05337090417742729,-0.028797157108783722,0.11251319944858551
-0.003706499934196472,-0.05212908983230591,-0.029582329094409943,0.11012989282608032
-0.003566466271877289,-0.05193011090159416,-0.029646292328834534,0.10957354307174683
-0.0013866722583770752,-0.04941321909427643,-0.028974246233701706,0.10589442402124405
-0.000990360975265503,-0.04923338443040848,-0.028593022376298904,0.10517477989196777
9.16793942451477e-05,-0.04740603268146515,-0.027765639126300812,0.1023821085691452
0.00028624385595321655,-0.047239333391189575,-0.027480177581310272,0.10185419023036957
0.0003560185432434082,-0.04611193761229515,-0.025905035436153412,0.10083409398794174
-0.00029449164867401123,-0.04493438079953194,-0.02624046802520752,0.10102792829275131
-0.0003557652235031128,-0.04462128132581711,-0.026277337223291397,0.10115765035152435
0.0009496212005615234,-0.0414104089140892,-0.026743628084659576,0.09832178056240082
0.0012555718421936035,-0.041111961007118225,-0.026544086635112762,0.09781207144260406
0.002975940704345703,-0.03867846727371216,-0.024863503873348236,0.09341632574796677
0.0032549872994422913,-0.03849842771887779,-0.024276208132505417,0.09256934374570847
0.0029242560267448425,-0.03770875185728073,-0.021885991096496582,0.09216080605983734
0.0028104111552238464,-0.037388600409030914,-0.021176796406507492,0.0920931026339531
0.003481946885585785,-0.0363582968711853,-0.019943837076425552,0.09214205294847488
0.004400037229061127,-0.035981424152851105,-0.01898038759827614,0.09222125262022018
0.004442282021045685,-0.03607197105884552,-0.018682684749364853,0.09227342903614044
0.004982970654964447,-0.03619885444641113,-0.018681637942790985,0.09241441637277603
0.005451567471027374,-0.03719429671764374,-0.019286513328552246,0.09173223376274109
0.005523316562175751,-0.03764120489358902,-0.019432302564382553,0.09161534160375595
0.006274014711380005,-0.03823373466730118,-0.019088823348283768,0.09186353534460068
0.006343171000480652,-0.038530752062797546,-0.018881406635046005,0.09191792458295822
0.006908923387527466,-0.03888115659356117,-0.017839595675468445,0.0913470983505249
0.00696709007024765,-0.039141442626714706,-0.01754729077219963,0.09119419753551483
0.0070732757449150085,-0.03800218179821968,-0.016451623290777206,0.08985167741775513
0.0074149370193481445,-0.03697219491004944,-0.015199948102235794,0.0891595408320427
0.007453508675098419,-0.03687429428100586,-0.01494000107049942,0.08915989100933075
0.007291167974472046,-0.03567647188901901,-0.014108162373304367,0.08703743666410446
0.007283233106136322,-0.035436905920505524,-0.01379217579960823,0.08653239160776138
0.007136210799217224,-0.0341782346367836,-0.015313573181629181,0.08478733152151108
0.007152818143367767,-0.033966757357120514,-0.015390545129776001,0.08413594961166382
0.007192783057689667,-0.03335506469011307,-0.01805003359913826,0.08251112699508667
0.00826358050107956,-0.03379223495721817,-0.02032686024904251,0.0808739885687828
0.008529722690582275,-0.03421406447887421,-0.02074510231614113,0.08043166249990463
0.010133802890777588,-0.034041956067085266,-0.020281072705984116,0.07995592802762985
0.010407939553260803,-0.034312792122364044,-0.02030358836054802,0.079949289560318
0.011327214539051056,-0.03310230374336243,-0.020112209022045135,0.07909305393695831
0.011491961777210236,-0.03309532254934311,-0.020133446902036667,0.07906604558229446
0.012418746948242188,-0.03319726884365082,-0.019914142787456512,0.07734378427267075
0.01291278749704361,-0.033178895711898804,-0.01911940425634384,0.07677805423736572
0.013000868260860443,-0.033437907695770264,-0.01906508207321167,0.0769030973315239
0.012157730758190155,-0.03287161886692047,-0.019391879439353943,0.07699333876371384
0.012060962617397308,-0.03272472321987152,-0.01937786489725113,0.07693624496459961
0.011788688600063324,-0.032019488513469696,-0.01959162950515747,0.07693816721439362
0.011811621487140656,-0.03176493942737579,-0.01950165256857872,0.07687711715698242
0.012162566184997559,-0.0308234840631485,-0.01894902065396309,0.07419239729642868
0.013037994503974915,-0.029253937304019928,-0.017928697168827057,0.07193738222122192
0.013306081295013428,-0.028436794877052307,-0.015939366072416306,0.07038553804159164
0.013303793966770172,-0.028219424188137054,-0.015546292066574097,0.0702863410115242
0.013106614351272583,-0.02795504778623581,-0.01411813497543335,0.06900031864643097
0.013064302504062653,-0.027951009571552277,-0.013813689351081848,0.06888879090547562
0.013249680399894714,-0.02732454240322113,-0.013609480112791061,0.06796561926603317
0.013310007750988007,-0.027284204959869385,-0.013669177889823914,0.0679229348897934
0.013301819562911987,-0.027577683329582214,-0.013867255300283432,0.06674546748399734
0.013558663427829742,-0.027439363300800323,-0.0137505903840065,0.06600071489810944
0.013620063662528992,-0.02732989192008972,-0.013704627752304077,0.0658905878663063
0.014107786118984222,-0.02743944525718689,-0.013496141880750656,0.06679137796163559
0.01418209820985794,-0.02725987136363983,-0.01335824653506279,0.06680305302143097
0.014751769602298737,-0.027328766882419586,-0.012975640594959259,0.06742784380912781
0.01523435115814209,-0.02706063538789749,-0.012817919254302979,0.06729703396558762
0.015304408967494965,-0.026807695627212524,-0.012764379382133484,0.0672055259346962
0.015255309641361237,-0.026214011013507843,-0.013112843036651611,0.067426897585392
0.015306748449802399,-0.026229165494441986,-0.013228792697191238,0.0674746036529541
0.015870369970798492,-0.02485993504524231,-0.012916188687086105,0.06586165726184845
0.01603706181049347,-0.024712875485420227,-0.012876167893409729,0.06563586741685867
0.01641824096441269,-0.023394741117954254,-0.012461535632610321,0.06542591750621796
0.016490504145622253,-0.023149296641349792,-0.01327429711818695,0.0669579729437828
0.016447395086288452,-0.02314673364162445,-0.013367131352424622,0.06701163947582245
0.01657305657863617,-0.023806564509868622,-0.01386859267950058,0.06754995882511139
0.016593702137470245,-0.023771382868289948,-0.013940185308456421,0.0675431489944458
0.01685706526041031,-0.02457480877637863,-0.014320779591798782,0.06756320595741272
0.016791634261608124,-0.024572886526584625,-0.014632660895586014,0.06773730367422104
0.01678786426782608,-0.024702146649360657,-0.014624092727899551,0.06772175431251526
0.016787543892860413,-0.024744130671024323,-0.014623906463384628,0.0677238255739212
0.01649700105190277,-0.0245499387383461,-0.013689171522855759,0.0690450593829155
0.017113909125328064,-0.023942284286022186,-0.011967804282903671,0.06808149069547653
0.017585203051567078,-0.02355685830116272,-0.011574037373065948,0.06463092565536499
0.01771567016839981,-0.023801714181900024,-0.011732213199138641,0.0641740933060646
0.01803748309612274,-0.023268960416316986,-0.012262105941772461,0.061239928007125854
0.018167294561862946,-0.023325718939304352,-0.012456584721803665,0.060702838003635406
0.01860080659389496,-0.022922612726688385,-0.013408482074737549,0.05689815431833267
0.018793560564517975,-0.023057304322719574,-0.01376228779554367,0.056251317262649536
0.019061066210269928,-0.022950731217861176,-0.01407533511519432,0.05403537303209305
0.019162863492965698,-0.02322256565093994,-0.014289170503616333,0.053726159036159515
0.019658081233501434,-0.02244190126657486,-0.013446751981973648,0.054573461413383484
0.020405031740665436,-0.021794453263282776,-0.011717263609170914,0.05402731895446777
0.020496748387813568,-0.02158915251493454,-0.011363312602043152,0.05397937446832657
0.02068682760000229,-0.021774709224700928,-0.010981082916259766,0.05447695404291153
0.020655155181884766,-0.021799184381961823,-0.010826528072357178,0.05443287640810013
0.020768821239471436,-0.021710634231567383,-0.008956946432590485,0.05579241365194321
0.02073085308074951,-0.021694526076316833,-0.008472628891468048,0.056197479367256165
0.020675279200077057,-0.020801380276679993,-0.0058156587183475494,0.0590265691280365
0.020866282284259796,-0.019594699144363403,-0.0047583431005477905,0.06025328487157822
0.020870089530944824,-0.01925177127122879,-0.004566829651594162,0.06028224527835846
0.02152179181575775,-0.01886233687400818,-0.005479950457811356,0.05852723866701126
0.022352464497089386,-0.01855560392141342,-0.005851544439792633,0.058354511857032776
0.02253752201795578,-0.0184902623295784,-0.0059336163103580475,0.05837709456682205
0.02265211194753647,-0.01813933253288269,-0.00642215833067894,0.05755239725112915
0.022738493978977203,-0.018141500651836395,-0.006596498191356659,0.05745620280504227
0.022861003875732422,-0.017606906592845917,-0.006166577339172363,0.05634216219186783
0.02292439341545105,-0.017808198928833008,-0.006662622094154358,0.05493854731321335
0.02297813445329666,-0.017999403178691864,-0.006826877593994141,0.05475551635026932
0.022739961743354797,-0.01860898733139038,-0.007570888847112656,0.05581466853618622
0.022696517407894135,-0.018902190029621124,-0.007760722190141678,0.05603799223899841
0.02298237383365631,-0.018746495246887207,-0.005870644003152847,0.05440683662891388
0.02299194037914276,-0.018664993345737457,-0.005494598299264908,0.054185301065444946
0.023119144141674042,-0.018205292522907257,-0.006207026541233063,0.05307875573635101
0.02316153794527054,-0.017958350479602814,-0.006311200559139252,0.052608370780944824
0.023647375404834747,-0.017033442854881287,-0.007444735616445541,0.052106037735939026
0.024344034492969513,-0.016284242272377014,-0.00793372094631195,0.051120325922966
0.024446971714496613,-0.01607567071914673,-0.008019916713237762,0.050860799849033356
0.02489088475704193,-0.015814073383808136,-0.007932256907224655,0.049454718828201294
0.02498248964548111,-0.015791691839694977,-0.007948745042085648,0.0492667630314827
0.024990923702716827,-0.015634439885616302,-0.0077611468732357025,0.04971535503864288
0.02567978948354721,-0.014886654913425446,-0.006863977760076523,0.048404380679130554
0.025802426040172577,-0.01459234207868576,-0.006655976176261902,0.048186853528022766
0.026165589690208435,-0.013444587588310242,-0.006635695695877075,0.04824042320251465
0.026207663118839264,-0.012993946671485901,-0.00654231384396553,0.048080168664455414
0.026184387505054474,-0.01246875524520874,-0.006209574639797211,0.04830184578895569
0.02617068588733673,-0.012380518019199371,-0.004481691867113113,0.04823726415634155
0.02610068768262863,-0.012364998459815979,-0.004074450582265854,0.048328980803489685
0.025831028819084167,-0.01289590448141098,-0.0037766657769680023,0.04963434487581253
0.025746621191501617,-0.012984707951545715,-0.00369943305850029,0.04990142583847046
0.025609426200389862,-0.012934267520904541,-0.004008334130048752,0.0502590537071228
0.025554746389389038,-0.01320619136095047,-0.004117555916309357,0.04924912750720978
0.02556886523962021,-0.013256646692752838,-0.0041730403900146484,0.049134425818920135
0.025400355458259583,-0.01304163783788681,-0.004643842577934265,0.050002023577690125
0.025382034480571747,-0.013008438050746918,-0.004728157073259354,0.05003765970468521
0.025259926915168762,-0.013104639947414398,-0.004531346261501312,0.04976116120815277
0.025214076042175293,-0.013055272400379181,-0.004192911088466644,0.05003686994314194
0.025177769362926483,-0.013089850544929504,-0.00409163162112236,0.05010790377855301
0.02532631903886795,-0.013016439974308014,-0.0033488310873508453,0.050887688994407654
0.02531709522008896,-0.012733891606330872,-0.003077954053878784,0.05104198306798935
0.02552768588066101,-0.012492522597312927,-0.004487592726945877,0.04981517791748047
0.025714106857776642,-0.012298047542572021,-0.005955815315246582,0.048883549869060516
0.02576107531785965,-0.012280024588108063,-0.0062563456594944,0.048573240637779236
0.02608416974544525,-0.011971212923526764,-0.0068509578704833984,0.04832008481025696
0.026588141918182373,-0.011306263506412506,-0.0065665580332279205,0.04740150272846222
0.026651747524738312,-0.011169493198394775,-0.006463788449764252,0.04720264673233032
0.026540949940681458,-0.0114121213555336,-0.0061827413737773895,0.04638921469449997
0.02651747316122055,-0.011746354401111603,-0.006209563463926315,0.046230800449848175
0.02680230885744095,-0.012222647666931152,-0.00678572803735733,0.04599588364362717
0.026866279542446136,-0.012266851961612701,-0.006880231201648712,0.04578947275876999
0.027160242199897766,-0.01223013550043106,-0.007436148822307587,0.04578313231468201
0.027263641357421875,-0.012095779180526733,-0.007518485188484192,0.045676544308662415
0.027052991092205048,-0.011995501816272736,-0.007057201117277145,0.04700399190187454
0.026746906340122223,-0.012110158801078796,-0.0070425234735012054,0.0472305566072464
0.02668001502752304,-0.012229382991790771,-0.0070910342037677765,0.04729145020246506
0.026792608201503754,-0.012255236506462097,-0.00626644492149353,0.04712553322315216
0.026963628828525543,-0.012130573391914368,-0.0060712359845638275,0.04710020124912262
0.026986658573150635,-0.012121446430683136,-0.006029456853866577,0.047058939933776855
0.027586810290813446,-0.012018099427223206,-0.0054949261248111725,0.0465560257434845
0.027646586298942566,-0.011881455779075623,-0.005307629704475403,0.04636029899120331
0.02752874046564102,-0.01205039769411087,-0.0052290186285972595,0.04557310789823532
0.02751922607421875,-0.012114323675632477,-0.005219321697950363,0.0454578772187233
0.028032436966896057,-0.011729545891284943,-0.004563193768262863,0.045001521706581116
0.028404980897903442,-0.010939307510852814,-0.00407351553440094,0.044700637459754944
0.028452575206756592,-0.010713465511798859,-0.003940187394618988,0.04461142420768738
0.028753772377967834,-0.010011017322540283,-0.0037800148129463196,0.04537966847419739
0.028821811079978943,-0.009737938642501831,-0.0036988258361816406,0.045542389154434204
0.029037155210971832,-0.009991183876991272,-0.0021926872432231903,0.04422198235988617
0.02903641015291214,-0.010205447673797607,-0.0018945969641208649,0.04415488243103027
0.028917409479618073,-0.01067795604467392,-0.0008156783878803253,0.04457196593284607
0.029021665453910828,-0.01072905957698822,-0.00014817342162132263,0.04420621693134308
0.029042504727840424,-0.010742880403995514,-7.406994700431824e-05,0.04416792839765549
0.029172830283641815,-0.01071445643901825,4.0203332901000977e-05,0.04470311850309372
0.029226504266262054,-0.010684698820114136,4.202127456665039e-06,0.04493454843759537
0.029322408139705658,-0.010441213846206665,-0.00021222978830337524,0.045862942934036255
0.029341496527194977,-0.010261379182338715,-0.00020417571067810059,0.045937828719615936
0.029456675052642822,-0.010121934115886688,0.0005409754812717438,0.04575114697217941
0.029334932565689087,-0.010178565979003906,0.0002922229468822479,0.04531408101320267
0.02932349592447281,-0.01036786288022995,0.00018757209181785583,0.04525289684534073
0.02934892475605011,-0.010415337979793549,-7.366389036178589e-05,0.04415056109428406
0.029388301074504852,-0.010597504675388336,-0.00018483027815818787,0.04401709884405136
0.02902831882238388,-0.01084543764591217,-0.0008066259324550629,0.043661631643772125
0.029156871140003204,-0.010456167161464691,-0.0009314455091953278,0.04296655207872391
0.029204457998275757,-0.010411031544208527,-0.0009589716792106628,0.042862653732299805
0.029608629643917084,-0.009825505316257477,-0.0009824484586715698,0.04327617585659027
0.02969212830066681,-0.009512513875961304,-0.0009485520422458649,0.0433158352971077
0.03033529222011566,-0.009165771305561066,-0.0006596706807613373,0.043548546731472015
0.030648842453956604,-0.008414864540100098,-0.0017808638513088226,0.04335782676935196
0.030728057026863098,-0.00828997790813446,-0.0020305849611759186,0.04305269569158554
0.0313190296292305,-0.00793207436800003,-0.002527795732021332,0.04385063797235489
0.03144550323486328,-0.007682964205741882,-0.002585478127002716,0.04387827217578888
0.03161003440618515,-0.007444053888320923,-0.0029508844017982483,0.043267980217933655
0.03164536505937576,-0.007332056760787964,-0.003020722419023514,0.04303205758333206
0.031790561974048615,-0.00728704035282135,-0.002956230193376541,0.04306627810001373
0.031803205609321594,-0.00736275315284729,-0.0031269192695617676,0.04325089603662491
0.03178807348012924,-0.007238432765007019,-0.0030700787901878357,0.04312678426504135
0.031773246824741364,-0.007399298250675201,-0.0024599283933639526,0.04214518517255783
0.03146626055240631,-0.007687613368034363,-0.0024183131754398346,0.04191914200782776
0.03141292929649353,-0.007713183760643005,-0.0024320371448993683,0.041905470192432404
0.03113570809364319,-0.007929787039756775,-0.0024816803634166718,0.04210595041513443
0.030758552253246307,-0.008284211158752441,-0.0026114247739315033,0.04210896044969559
0.030691564083099365,-0.008439488708972931,-0.002681642770767212,0.042147211730480194
0.030733317136764526,-0.007984302937984467,-0.0024504847824573517,0.04242411255836487
0.030749186873435974,-0.007807515561580658,-0.002364065498113632,0.04251363128423691
0.030766986310482025,-0.00744754821062088,-0.0023266486823558807,0.04299444705247879
0.03079347312450409,-0.007330454885959625,-0.002301052212715149,0.043067097663879395
0.030854322016239166,-0.007306486368179321,-0.0015309490263462067,0.0438232496380806
0.030846625566482544,-0.007445193827152252,-0.0013496726751327515,0.04430640488862991
0.030831709504127502,-0.007518365979194641,-0.001330539584159851,0.0443909615278244
0.03059343248605728,-0.007737934589385986,-0.0013733766973018646,0.045175135135650635
0.030527770519256592,-0.0078119635581970215,-0.001387421041727066,0.04531652480363846
0.030283302068710327,-0.007881082594394684,-0.0019566603004932404,0.04516497254371643
0.03025726228952408,-0.007930897176265717,-0.002103552222251892,0.045101627707481384
0.0306197851896286,-0.0077623650431632996,-0.0024558603763580322,0.044920772314071655
0.030644766986370087,-0.007538273930549622,-0.002899985760450363,0.04490325599908829
0.03065190464258194,-0.007514111697673798,-0.002971317619085312,0.04478316009044647
0.030688144266605377,-0.007525183260440826,-0.001900646835565567,0.04412124305963516
0.03067389875650406,-0.00763973593711853,-0.0017158538103103638,0.044148191809654236
0.03152059018611908,-0.007057406008243561,-0.0007311217486858368,0.04271610081195831
0.0323370024561882,-0.006313838064670563,-9.410455822944641e-05,0.041781410574913025
0.03247241675853729,-0.006134346127510071,5.140528082847595e-05,0.041594117879867554
0.03241531550884247,-0.006129100918769836,0.0003040321171283722,0.04154635965824127
0.032418012619018555,-0.00607261061668396,0.0003475882112979889,0.04164911061525345
0.03233884274959564,-0.006303697824478149,0.0006186254322528839,0.041876450181007385
0.032346732914447784,-0.006375662982463837,0.0006510913372039795,0.042027443647384644
0.032004937529563904,-0.007037840783596039,6.003677845001221e-05,0.04262964427471161
0.03227967023849487,-0.007621757686138153,0.0002747774124145508,0.042949073016643524
0.03232403099536896,-0.007804445922374725,0.00032997503876686096,0.043002091348171234
0.032712437212467194,-0.007607467472553253,0.0008496381342411041,0.0424589067697525
0.032765306532382965,-0.007662378251552582,0.0009329095482826233,0.0424315482378006
0.03294786810874939,-0.007748894393444061,0.0010912492871284485,0.04247557371854782
0.03294072300195694,-0.007863089442253113,0.001123327761888504,0.04249369353055954
0.03306058794260025,-0.007401622831821442,0.001292787492275238,0.042433708906173706
0.03343737870454788,-0.007499851286411285,0.0010950416326522827,0.04257023334503174
0.03349117934703827,-0.007603779435157776,0.001069735735654831,0.042518503963947296
0.03350035101175308,-0.007857494056224823,0.0006703287363052368,0.04247414320707321
0.03352091461420059,-0.007811844348907471,0.0002412833273410797,0.042599715292453766
0.03357566148042679,-0.007756978273391724,0.00014338642358779907,0.04261180758476257
0.03331182897090912,-0.007501736283302307,0.0001432374119758606,0.04074196517467499
0.03329067677259445,-0.0076246485114097595,8.984655141830444e-05,0.0403403714299202
0.03357112407684326,-0.006642147898674011,0.000234261155128479,0.0404115691781044
0.03363434225320816,-0.006141826510429382,0.0003581978380680084,0.040390536189079285
0.03349953889846802,-0.005507923662662506,-0.00020706281065940857,0.04075481742620468
0.03393663465976715,-0.005421929061412811,-0.0006385967135429382,0.041192471981048584
0.0340225026011467,-0.005144871771335602,-0.0006157271564006805,0.041169047355651855
0.03503470867872238,-0.004863187670707703,0.00045555830001831055,0.04110046476125717
0.035220399498939514,-0.004766777157783508,0.0006568878889083862,0.041169293224811554
0.034602224826812744,-0.005274422466754913,0.0008951202034950256,0.0405513271689415
0.03511685132980347,-0.005299307405948639,0.0006281286478042603,0.04077393561601639
0.035178154706954956,-0.005116894841194153,0.0006980337202548981,0.04062020778656006
0.03522714227437973,-0.005265325307846069,0.0001824609935283661,0.04066484421491623
0.035181187093257904,-0.005333602428436279,0.00021218881011009216,0.03994499891996384
0.03517569601535797,-0.005366489291191101,0.00018755346536636353,0.039782069623470306
0.03495445102453232,-0.0061528608202934265,-0.00031032785773277283,0.04002896696329117
0.035058826208114624,-0.006487734615802765,-0.00019099190831184387,0.040479689836502075
0.0350678488612175,-0.0065562427043914795,-0.00015478581190109253,0.04058333486318588
0.03506848216056824,-0.006571374833583832,-0.00015263631939888,0.04059252142906189
0.03457809239625931,-0.0060964226722717285,0.0006196275353431702,0.041740044951438904
0.034581996500492096,-0.0052682459354400635,0.0011205710470676422,0.04135225713253021
0.03460299223661423,-0.005062758922576904,0.001212678849697113,0.04129931330680847
0.034483350813388824,-0.005234420299530029,0.0012019984424114227,0.04119579493999481
0.034459978342056274,-0.0053449273109436035,0.001154102385044098,0.04121764004230499
0.03436093032360077,-0.005206100642681122,0.0015308596193790436,0.0412287712097168
0.03433524817228317,-0.0051049962639808655,0.0016372762620449066,0.041257597506046295
0.03436768054962158,-0.005000002682209015,0.0015717856585979462,0.04113346338272095
0.03441181033849716,-0.004945211112499237,0.0015239827334880829,0.041038766503334045
0.03442186117172241,-0.004943571984767914,0.0015150122344493866,0.041016966104507446
0.034458890557289124,-0.004970647394657135,0.001391727477312088,0.04091207683086395
0.03449111431837082,-0.004985056817531586,0.00137421116232872,0.040831342339515686
0.034496672451496124,-0.0049768611788749695,0.0013780705630779266,0.04082074761390686
0.03451099246740341,-0.004973031580448151,0.0013922415673732758,0.040781401097774506
0.034513190388679504,-0.004970721900463104,0.0013954080641269684,0.04077451676130295
0.034517787396907806,-0.004966370761394501,0.0014014802873134613,0.04077828675508499
0.034517839550971985,-0.004961647093296051,0.0014058314263820648,0.040778592228889465
0.03449507802724838,-0.004964619874954224,0.0014156736433506012,0.04080193489789963
0.034487418830394745,-0.004962213337421417,0.001425269991159439,0.04081088304519653
0.03448592126369476,-0.004960887134075165,0.0014273114502429962,0.04081248492002487
0.03448735922574997,-0.0049582719802856445,0.0014316998422145844,0.04081309586763382
0.03449250012636185,-0.004953883588314056,0.0014574043452739716,0.040815651416778564
0.03449193388223648,-0.004954427480697632,0.001462634652853012,0.040817782282829285
0.034492768347263336,-0.004952423274517059,0.0014677606523036957,0.04081953316926956
0.03449281305074692,-0.004951730370521545,0.0014688260853290558,0.04082019627094269
0.034492701292037964,-0.004949897527694702,0.0014785639941692352,0.04081771522760391
0.03449232876300812,-0.0049486830830574036,0.0014810450375080109,0.04081765562295914
0.034495703876018524,-0.004926376044750214,0.0014532394707202911,0.04081380367279053
0.03449665755033493,-0.004919558763504028,0.0014491267502307892,0.040808647871017456
0.03463238477706909,-0.004876464605331421,0.0011425167322158813,0.04134821146726608
0.0346546396613121,-0.004901692271232605,0.0009253136813640594,0.04154224693775177
0.034661561250686646,-0.004888176918029785,0.000905357301235199,0.041578277945518494
0.03467080742120743,-0.004678599536418915,0.000649232417345047,0.04155048727989197
0.03467734158039093,-0.0046578943729400635,0.0005920007824897766,0.04152223467826843
0.03475039452314377,-0.0046737343072891235,0.000570245087146759,0.04122447222471237
0.034744277596473694,-0.004655331373214722,0.0006261095404624939,0.040559880435466766
0.034756697714328766,-0.004674576222896576,0.0006099753081798553,0.040462225675582886
0.03473271429538727,-0.004900552332401276,0.0005678385496139526,0.040452972054481506
0.034739620983600616,-0.004939563572406769,0.0005506612360477448,0.04045005887746811
0.034962721168994904,-0.004569284617900848,0.0004279017448425293,0.04075995087623596
0.035014666616916656,-0.0044351741671562195,0.00041878223419189453,0.04083363711833954
0.03523534536361694,-0.004802107810974121,-0.0005595162510871887,0.04140842705965042
0.035293981432914734,-0.004376158118247986,-0.001484360545873642,0.04193234443664551
0.03529723733663559,-0.0042247474193573,-0.001571372151374817,0.041983045637607574
0.035195060074329376,-0.004492856562137604,-0.0016314610838890076,0.04213736951351166
0.035119831562042236,-0.004540182650089264,-0.0009943246841430664,0.041918590664863586
0.035099662840366364,-0.004518195986747742,-0.0008607730269432068,0.04191935062408447
0.03510897606611252,-0.004641339182853699,-0.0012358054518699646,0.041818007826805115
0.035124994814395905,-0.004732020199298859,-0.0013541504740715027,0.04175751656293869
0.03536292165517807,-0.0049164146184921265,-0.0012114942073822021,0.041192010045051575
0.03541083633899689,-0.004979096353054047,-0.0011938773095607758,0.04108257591724396
0.03562045097351074,-0.0048944056034088135,-0.0006938762962818146,0.04060922563076019
0.03569268435239792,-0.004738204181194305,-0.00026901811361312866,0.04050120711326599
0.03569955378770828,-0.004678711295127869,-0.0001797415316104889,0.04052300006151199
0.03569941967725754,-0.0046734437346458435,-0.00017285719513893127,0.04052530229091644
0.03597462922334671,-0.004608280956745148,-1.2248754501342773e-05,0.04118414223194122
0.03597630560398102,-0.004992686212062836,-0.00011111795902252197,0.04186484217643738
0.03598083555698395,-0.005193896591663361,-0.00019126012921333313,0.04198843985795975
0.03604502230882645,-0.004778340458869934,-5.06080687046051e-05,0.04225030541419983
0.03605134040117264,-0.004586242139339447,5.480274558067322e-05,0.042289987206459045
0.036062128841876984,-0.004476502537727356,-1.93864107131958e-05,0.04225732386112213
0.03606479614973068,-0.0047004371881484985,-0.00023810938000679016,0.04223969578742981
0.03607160598039627,-0.004801496863365173,-0.0003183707594871521,0.042221613228321075
0.0360240712761879,-0.005002997815608978,-0.0001934543251991272,0.04242260754108429
0.03615053743124008,-0.005060538649559021,-0.000667966902256012,0.0426124632358551
0.03618521988391876,-0.005139492452144623,-0.0008045956492424011,0.042603470385074615
0.03605034202337265,-0.005203679203987122,-0.00122026726603508,0.04277577996253967
0.036035388708114624,-0.00521397590637207,-0.001306101679801941,0.042756304144859314
0.0359218493103981,-0.005067192018032074,-0.001126907765865326,0.042824022471904755
0.03607509285211563,-0.004758089780807495,-0.0007361732423305511,0.04249623417854309
0.03611020743846893,-0.004713624715805054,-0.00067858025431633,0.04246359318494797
0.03612279146909714,-0.004929728806018829,-0.000747930258512497,0.042365141212940216
0.03612808138132095,-0.005022764205932617,-0.0007936768233776093,0.042335912585258484
0.035899966955184937,-0.004979997873306274,-0.0009870156645774841,0.042622171342372894
0.03591534495353699,-0.00542488694190979,-0.0012140236794948578,0.042115405201911926
0.03591558337211609,-0.005611017346382141,-0.0013056844472885132,0.04199596494436264
0.03629821538925171,-0.005404926836490631,-0.0007668323814868927,0.041439734399318695
0.03635292500257492,-0.0053802430629730225,-0.000658232718706131,0.041415199637413025
0.03657238185405731,-0.005523376166820526,0.00010511279106140137,0.0405992716550827
0.036611586809158325,-0.0056264325976371765,0.00022579357028007507,0.040529586374759674
0.03676104545593262,-0.005272857844829559,0.0012153908610343933,0.04020913690328598
0.036763712763786316,-0.005412101745605469,0.0013863034546375275,0.04028619825839996
0.03668580204248428,-0.00509294867515564,0.0011894144117832184,0.039551034569740295
0.036654479801654816,-0.005081348121166229,0.0011342428624629974,0.03939644992351532
0.03665151447057724,-0.0050733089447021484,0.0011297129094600677,0.039377905428409576
0.03665129840373993,-0.0050710514187812805,0.0011296272277832031,0.03937619924545288
0.03665129840373993,-0.005070574581623077,0.0011296384036540985,0.03937605023384094
0.03665129840373993,-0.005070477724075317,0.0011296384036540985,0.03937603533267975
0.03665129840373993,-0.005070455372333527,0.0011296384036540985,0.03937603533267975
0.03665129840373993,-0.005070455372333527,0.0011296384036540985,0.03937603533267975
0.03665129840373993,-0.005070455372333527,0.0011296384036540985,0.03937603533267975
0.03665129840373993,-0.005070455372333527,0.0011296384036540985,0.03937603533267975
0.036813884973526,-0.004651904106140137,0.0014607198536396027,0.0388355627655983
0.03685963153839111,-0.004479885101318359,0.00157826766371727,0.03876826912164688
0.036603063344955444,-0.004329316318035126,0.001856338232755661,0.038259804248809814
0.03653765469789505,-0.004180185496807098,0.0019466765224933624,0.038181111216545105
0.036641448736190796,-0.003704853355884552,0.0018513016402721405,0.03857986629009247
0.03722649812698364,-0.0022204220294952393,0.0025648586452007294,0.03689872473478317
0.03739047050476074,-0.0016308575868606567,0.00279424712061882,0.03655055910348892
0.03706029802560806,-0.001994386315345764,0.0016885362565517426,0.038792937994003296
0.03701413422822952,-0.001519910991191864,0.0015721134841442108,0.039066530764102936
0.03700084239244461,-0.0015336722135543823,0.0015494190156459808,0.03920186311006546
0.03699561953544617,-0.0014612972736358643,0.0014994405210018158,0.039177827537059784
0.03699926286935806,-0.0014234557747840881,0.0014915131032466888,0.03915923088788986
0.03699027746915817,-0.0014009848237037659,0.001502547413110733,0.03917551040649414
0.0369906947016716,-0.001385815441608429,0.0015038438141345978,0.03918702155351639
0.03699246793985367,-0.0013846755027770996,0.0015069283545017242,0.03917768597602844
0.03699098527431488,-0.001386098563671112,0.001504320651292801,0.03918641060590744
0.03699073940515518,-0.0013849660754203796,0.001504015177488327,0.03918802738189697
0.036992453038692474,-0.0013846755027770996,0.0015069283545017242,0.03917773813009262
0.036992743611335754,-0.001386001706123352,0.0015071295201778412,0.03917599469423294
0.03699282556772232,-0.0013862624764442444,0.0015072040259838104,0.0391758531332016
0.036992840468883514,-0.001386307179927826,0.0015072040259838104,0.03917583078145981
0.036992840468883514,-0.0013863220810890198,0.0015072040259838104,0.03917583078145981
0.036992840468883514,-0.0013863369822502136,0.0015072040259838104,0.03917583078145981
0.036992840468883514,-0.0013863369822502136,0.0015072040259838104,0.03917583078145981
0.03699333965778351,-0.001386299729347229,0.001507926732301712,0.0391727015376091
0.036993421614170074,-0.0013866350054740906,0.0015080608427524567,0.03917217254638672
0.03699343651533127,-0.0013867467641830444,0.0015080831944942474,0.03917211294174194
0.03699081391096115,-0.001386687159538269,0.001495901495218277,0.03916103392839432
0.03699072450399399,-0.0013882294297218323,0.0014927946031093597,0.03915773332118988
0.036990754306316376,-0.0013885349035263062,0.0014925487339496613,0.03915739059448242
0.036990754306316376,-0.0013885796070098877,0.0014925338327884674,0.03915737569332123
0.036990754306316376,-0.0013885796070098877,0.0014925338327884674,0.03915737569332123
0.036990754306316376,-0.0013885796070098877,0.0014925338327884674,0.03915737569332123
0.036990754306316376,-0.0013885796070098877,0.0014925338327884674,0.03915737569332123
0.036990754306316376,-0.0013885796070098877,0.0014925338327884674,0.03915737569332123
0.036990754306316376,-0.0013885796070098877,0.0014925338327884674,0.03915737569332123
0.0370248407125473,-0.001359403133392334,0.001681651920080185,0.03911136835813522
0.037028610706329346,-0.0016021206974983215,0.0017293281853199005,0.03931569308042526
0.03702373802661896,-0.001645699143409729,0.0017269961535930634,0.03934655338525772
0.03702300041913986,-0.0016516894102096558,0.001727040857076645,0.039346687495708466
0.03702350705862045,-0.001653231680393219,0.001730445772409439,0.03934968262910843
0.03702344000339508,-0.0016534626483917236,0.001731228083372116,0.03935041278600693
0.03702319413423538,-0.0016532093286514282,0.0017329715192317963,0.039356157183647156
0.03702300041913986,-0.0016524344682693481,0.0017336644232273102,0.03935752063989639
0.03702298551797867,-0.001652248203754425,0.0017337091267108917,0.03935763239860535
0.03702298551797867,-0.0016522184014320374,0.0017337091267108917,0.03935765475034714
0.03702298551797867,-0.0016522035002708435,0.0017337091267108917,0.03935765475034714
0.03702292591333389,-0.0016519799828529358,0.0017335601150989532,0.0393584743142128
0.03702295571565628,-0.0016514584422111511,0.0017338059842586517,0.03935858607292175
0.037023454904556274,-0.0016524791717529297,0.0017374791204929352,0.03934822976589203
0.03702317178249359,-0.0016548633575439453,0.0017374344170093536,0.0393461138010025
0.037022896111011505,-0.0016558170318603516,0.0017338506877422333,0.039340339601039886
0.03702313452959061,-0.0016580447554588318,0.0017321966588497162,0.03933895379304886
0.03702313452959061,-0.0016583651304244995,0.0017320849001407623,0.03933878242969513
0.03702311962842941,-0.0016584396362304688,0.0017320401966571808,0.03933880478143692
0.03702311962842941,-0.0016584396362304688,0.0017320550978183746,0.03933880478143692
0.03702311962842941,-0.0016584396362304688,0.0017320550978183746,0.03933880478143692
0.03702311962842941,-0.0016584396362304688,0.0017320550978183746,0.03933880478143692
0.03702311962842941,-0.0016584396362304688,0.0017320550978183746,0.03933880478143692
0.03702736645936966,-0.0016590505838394165,0.0017591528594493866,0.039351314306259155
0.03702680021524429,-0.001661457121372223,0.001764681190252304,0.03935473412275314
0.03702497482299805,-0.001610681414604187,0.00169474259018898,0.03920210897922516
0.03688156604766846,-0.0016369447112083435,0.00127406045794487,0.039793580770492554
0.03685931861400604,-0.0015931874513626099,0.0012044161558151245,0.039913877844810486
0.03693065047264099,-0.0014642700552940369,0.001277834177017212,0.03990458697080612
0.03694666922092438,-0.001486174762248993,0.0012547001242637634,0.039919912815093994
0.03704199939966202,-0.0012211650609970093,0.001175425946712494,0.04009871929883957
0.03706002235412598,-0.001130320131778717,0.0011664815247058868,0.04014592617750168
0.03705897927284241,-0.0011344850063323975,0.0009982064366340637,0.04033864289522171
0.03664782643318176,-0.0008790791034698486,0.0007279552519321442,0.04154582321643829
0.036554351449012756,-0.00104474276304245,0.0006102249026298523,0.04167436063289642
0.03648795187473297,-0.001049622893333435,0.0007124058902263641,0.041649289429187775
0.036467552185058594,-0.001046106219291687,0.0007419250905513763,0.04164261370897293
0.03645981103181839,-0.0010212287306785583,0.0005596764385700226,0.04154258221387863
0.036481522023677826,-0.0009491592645645142,0.000544469803571701,0.04154752939939499
0.03688521683216095,-0.0009077936410903931,0.0006161369383335114,0.04089340567588806
0.0369671955704689,-0.0011310204863548279,0.001016426831483841,0.040138714015483856
0.036949023604393005,-0.0011349394917488098,0.0011077485978603363,0.040080033242702484
0.036688581109046936,-0.0014516785740852356,0.0009461343288421631,0.04003918915987015
0.0364689975976944,-0.001668579876422882,0.00023972615599632263,0.03972075879573822
0.036466702818870544,-0.0018324702978134155,4.32133674621582e-05,0.03957317769527435
0.03661761432886124,-0.001708984375,0.0006675459444522858,0.03911718726158142
0.03664039075374603,-0.0016670972108840942,0.0008182674646377563,0.039087481796741486
0.036971256136894226,-0.0018023476004600525,0.001150272786617279,0.039205946028232574
0.036816954612731934,-0.0024272873997688293,0.001987408846616745,0.03809913247823715
0.03672292083501816,-0.002980545163154602,0.002031717449426651,0.038069576025009155
0.03650412708520889,-0.0044120922684669495,0.0016621612012386322,0.03824663162231445
0.036443255841732025,-0.0049051567912101746,0.0014651156961917877,0.038323014974594116
0.036686696112155914,-0.004436194896697998,0.0022778622806072235,0.03827313333749771
0.03659176826477051,-0.0039261579513549805,0.0019791312515735626,0.03861921280622482
0.03660014271736145,-0.0038196444511413574,0.0018604584038257599,0.038685403764247894
0.0365975946187973,-0.004184626042842865,0.0015698634088039398,0.03855914622545242
0.03660482168197632,-0.004322618246078491,0.0014653690159320831,0.03851797431707382
0.036844827234745026,-0.0037394165992736816,0.00033414363861083984,0.038752481341362
0.03691462427377701,-0.0036980360746383667,0.00012092292308807373,0.03858727216720581
0.036668673157691956,-0.00489700585603714,0.0005522072315216064,0.039774082601070404
0.03656566143035889,-0.005266249179840088,0.0005850456655025482,0.040034033358097076
0.03655261546373367,-0.005303382873535156,0.000585455447435379,0.04005394130945206
0.03655114024877548,-0.005310051143169403,0.0005852505564689636,0.04005570709705353
0.036632783710956573,-0.004527576267719269,0.0006329938769340515,0.04001184552907944
0.0368063747882843,-0.0038220062851905823,0.0009672157466411591,0.039597466588020325
0.03685811907052994,-0.003325723111629486,0.0010971054434776306,0.03959839046001434
0.03682992607355118,-0.0032230019569396973,0.0007257461547851562,0.03849237412214279
0.03692200034856796,-0.002312570810317993,0.0010415948927402496,0.0388311967253685
0.03693439066410065,-0.0015930905938148499,0.0012942403554916382,0.03885181248188019
0.036931805312633514,-0.0015094578266143799,0.0013172626495361328,0.03885181248188019
0.03698493540287018,-0.0014627575874328613,0.0014447160065174103,0.039121732115745544
0.03699088841676712,-0.00139666348695755,0.0014991797506809235,0.03918256610631943
0.03699079900979996,-0.0013867542147636414,0.0015037022531032562,0.039187900722026825
0.03699072450399399,-0.0013850852847099304,0.001504015177488327,0.03918816149234772
0.036990709602832794,-0.0013848096132278442,0.0015040598809719086,0.03918816149234772
0.036990709602832794,-0.001384735107421875,0.0015040598809719086,0.03918816149234772
0.036990709602832794,-0.0013847202062606812,0.0015040598809719086,0.03918816149234772
0.036990709602832794,-0.0013847202062606812,0.0015040598809719086,0.03918816149234772
0.036990709602832794,-0.0013847202062606812,0.0015040598809719086,0.03918816149234772
0.036990709602832794,-0.0013847202062606812,0.0015040598809719086,0.03918816149234772
0.036990709602832794,-0.0013847202062606812,0.0015040598809719086,0.03918816149234772
0.036990709602832794,-0.0013847202062606812,0.0015040598809719086,0.03918816149234772
0.036990709602832794,-0.0013847202062606812,0.0015040598809719086,0.03918816149234772
0.036990709602832794,-0.0013847202062606812,0.0015040598809719086,0.03918816149234772
0.036990709602832794,-0.0013847202062606812,0.0015040598809719086,0.03918816149234772
0.036990709602832794,-0.0013847202062606812,0.0015040598809719086,0.03918816149234772
0.036990709602832794,-0.0013847202062606812,0.0015040598809719086,0.03918816149234772
0.036990709602832794,-0.0013847202062606812,0.0015040598809719086,0.03918816149234772
0.036990709602832794,-0.0013847202062606812,0.0015040598809719086,0.03918816149234772
0.036990709602832794,-0.0013847202062606812,0.0015040598809719086,0.03918816149234772
0.036990709602832794,-0.0013847202062606812,0.0015040598809719086,0.03918816149234772
0.036990709602832794,-0.0013847202062606812,0.0015040598809719086,0.03918816149234772
0.036990709602832794,-0.0013847202062606812,0.0015040598809719086,0.03918816149234772
0.036990709602832794,-0.0013847202062606812,0.0015040598809719086,0.03918816149234772
0.036990709602832794,-0.0013847202062606812,0.0015040598809719086,0.03918816149234772
0.036990709602832794,-0.0013847202062606812,0.0015040598809719086,0.03918816149234772
0.036990709602832794,-0.0013847202062606812,0.0015040598809719086,0.03918816149234772
0.036990709602832794,-0.0013847202062606812,0.0015040598809719086,0.03918816149234772
0.036990709602832794,-0.0013847202062606812,0.0015040598809719086,0.03918816149234772
0.036990709602832794,-0.0013847202062606812,0.0015040598809719086,0.03918816149234772
0.036990709602832794,-0.0013847202062606812,0.0015040598809719086,0.03918816149234772
0.036990709602832794,-0.0013847202062606812,0.0015040598809719086,0.03918816149234772
0.036990709602832794,-0.0013847202062606812,0.0015040598809719086,0.03918816149234772
0.036990709602832794,-0.0013847202062606812,0.0015040598809719086,0.03918816149234772
0.036990709602832794,-0.0013847202062606812,0.0015040598809719086,0.03918816149234772
0.036990709602832794,-0.0013847202062606812,0.0015040598809719086,0.03918816149234772
0.036990709602832794,-0.0013847202062606812,0.0015040598809719086,0.03918816149234772
0.036990709602832794,-0.0013847202062606812,0.0015040598809719086,0.03918816149234772
0.036990709602832794,-0.0013847202062606812,0.0015040598809719086,0.03918816149234772
0.036990709602832794,-0.0013847202062606812,0.0015040598809719086,0.03918816149234772
0.036990709602832794,-0.0013847202062606812,0.0015040598809719086,0.03918816149234772
0.036990709602832794,-0.0013847202062606812,0.0015040598809719086,0.03918816149234772
0.036990709602832794,-0.0013847202062606812,0.0015040598809719086,0.03918816149234772
0.036990709602832794,-0.0013847202062606812,0.0015040598809719086,0.03918816149234772
0.036990709602832794,-0.0013847202062606812,0.0015040598809719086,0.03918816149234772
0.036990709602832794,-0.0013847202062606812,0.0015040598809719086,0.03918816149234772
0.036990709602832794,-0.0013847202062606812,0.0015040598809719086,0.03918816149234772
0.036990709602832794,-0.0013847202062606812,0.0015040598809719086,0.03918816149234772
0.036990709602832794,-0.0013847202062606812,0.0015040598809719086,0.03918816149234772
0.036990709602832794,-0.0013847202062606812,0.0015040598809719086,0.03918816149234772
0.036990709602832794,-0.0013847202062606812,0.0015040598809719086,0.03918816149234772
0.036990709602832794,-0.0013847202062606812,0.0015040598809719086,0.03918816149234772
0.036990709602832794,-0.0013847202062606812,0.0015040598809719086,0.03918816149234772
0.036990709602832794,-0.0013847202062606812,0.0015040598809719086,0.03918816149234772
0.036990709602832794,-0.0013847202062606812,0.0015040598809719086,0.03918816149234772
0.036990709602832794,-0.0013847202062606812,0.0015040598809719086,0.03918816149234772
0.036990709602832794,-0.0013847202062606812,0.0015040598809719086,0.03918816149234772
0.036990709602832794,-0.0013847202062606812,0.0015040598809719086,0.03918816149234772
0.036990709602832794,-0.0013847202062606812,0.0015040598809719086,0.03918816149234772
0.036990709602832794,-0.0013847202062606812,0.0015040598809719086,0.03918816149234772
0.036990709602832794,-0.0013847202062606812,0.0015040598809719086,0.03918816149234772
0.036990709602832794,-0.0013847202062606812,0.0015040598809719086,0.03918816149234772
0.036990709602832794,-0.0013847202062606812,0.0015040598809719086,0.03918816149234772
0.036990709602832794,-0.0013847202062606812,0.0015040598809719086,0.03918816149234772
0.036990709602832794,-0.0013847202062606812,0.0015040598809719086,0.03918816149234772
0.036990709602832794,-0.0013847202062606812,0.0015040598809719086,0.03918816149234772
0.036990709602832794,-0.0013847202062606812,0.0015040598809719086,0.03918816149234772
0.036990709602832794,-0.0013847202062606812,0.0015040598809719086,0.03918816149234772
0.036990709602832794,-0.0013847202062606812,0.0015040598809719086,0.03918816149234772
0.036990709602832794,-0.0013847202062606812,0.0015040598809719086,0.03918816149234772
0.036990709602832794,-0.0013847202062606812,0.0015040598809719086,0.03918816149234772
0.036990709602832794,-0.0013847202062606812,0.0015040598809719086,0.03918816149234772
0.036990709602832794,-0.0013847202062606812,0.0015040598809719086,0.03918816149234772
0.036990709602832794,-0.0013847202062606812,0.0015040598809719086,0.03918816149234772
0.036990709602832794,-0.0013847202062606812,0.0015040598809719086,0.03918816149234772
0.036990709602832794,-0.0013847202062606812,0.0015040598809719086,0.03918816149234772
0.036990709602832794,-0.0013847202062606812,0.0015040598809719086,0.03918816149234772
0.036990709602832794,-0.0013847202062606812,0.0015040598809719086,0.03918816149234772
0.036990709602832794,-0.0013847202062606812,0.0015040598809719086,0.03918816149234772
0.036990709602832794,-0.0013847202062606812,0.0015040598809719086,0.03918816149234772
0.036990709602832794,-0.0013847202062606812,0.0015040598809719086,0.03918816149234772
0.036990709602832794,-0.0013847202062606812,0.0015040598809719086,0.03918816149234772
0.036990709602832794,-0.0013847202062606812,0.0015040598809719086,0.03918816149234772
0.036990709602832794,-0.0013847202062606812,0.0015040598809719086,0.03918816149234772
0.036990709602832794,-0.0013847202062606812,0.0015040598809719086,0.03918816149234772
0.036990709602832794,-0.0013847202062606812,0.0015040598809719086,0.03918816149234772
0.036990709602832794,-0.0013847202062606812,0.0015040598809719086,0.03918816149234772
0.036990709602832794,-0.0013847202062606812,0.0015040598809719086,0.03918816149234772
0.036990709602832794,-0.0013847202062606812,0.0015040598809719086,0.03918816149234772
0.036990709602832794,-0.0013847202062606812,0.0015040598809719086,0.03918816149234772
0.036990709602832794,-0.0013847202062606812,0.0015040598809719086,0.03918816149234772
0.036990709602832794,-0.0013847202062606812,0.0015040598809719086,0.03918816149234772
0.036990709602832794,-0.0013847202062606812,0.0015040598809719086,0.03918816149234772
0.036990709602832794,-0.0013847202062606812,0.0015040598809719086,0.03918816149234772
0.036990709602832794,-0.0013847202062606812,0.0015040598809719086,0.03918816149234772
0.036990709602832794,-0.0013847202062606812,0.0015040598809719086,0.03918816149234772
0.036990709602832794,-0.0013847202062606812,0.0015040598809719086,0.03918816149234772
0.036990709602832794,-0.0013847202062606812,0.0015040598809719086,0.03918816149234772
0.036990709602832794,-0.0013847202062606812,0.0015040598809719086,0.03918816149234772
0.036990709602832794,-0.0013847202062606812,0.0015040598809719086,0.03918816149234772
0.036990709602832794,-0.0013847202062606812,0.0015040598809719086,0.03918816149234772
0.036990709602832794,-0.0013847202062606812,0.0015040598809719086,0.03918816149234772
0.036990709602832794,-0.0013847202062606812,0.0015040598809719086,0.03918816149234772
0.036990709602832794,-0.0013847202062606812,0.0015040598809719086,0.03918816149234772
0.036990709602832794,-0.0013847202062606812,0.0015040598809719086,0.03918816149234772
0.036990709602832794,-0.0013847202062606812,0.0015040598809719086,0.03918816149234772
0.036990709602832794,-0.0013847202062606812,0.0015040598809719086,0.03918816149234772
0.036990709602832794,-0.0013847202062606812,0.0015040598809719086,0.03918816149234772
0.036990709602832794,-0.0013847202062606812,0.0015040598809719086,0.03918816149234772
0.036990709602832794,-0.0013847202062606812,0.0015040598809719086,0.03918816149234772
0.036990709602832794,-0.0013847202062606812,0.0015040598809719086,0.03918816149234772
0.036990709602832794,-0.0013847202062606812,0.0015040598809719086,0.03918816149234772
0.036990709602832794,-0.0013847202062606812,0.0015040598809719086,0.03918816149234772
0.036990709602832794,-0.0013847202062606812,0.0015040598809719086,0.03918816149234772
0.036990709602832794,-0.0013847202062606812,0.0015040598809719086,0.03918816149234772
0.036990709602832794,-0.0013847202062606812,0.0015040598809719086,0.03918816149234772
0.036990709602832794,-0.0013847202062606812,0.0015040598809719086,0.03918816149234772
0.036990709602832794,-0.0013847202062606812,0.0015040598809719086,0.03918816149234772
0.036990709602832794,-0.0013847202062606812,0.0015040598809719086,0.03918816149234772
0.036990709602832794,-0.0013847202062606812,0.0015040598809719086,0.03918816149234772
0.036990709602832794,-0.0013847202062606812,0.0015040598809719086,0.03918816149234772
0.036990709602832794,-0.0013847202062606812,0.0015040598809719086,0.03918816149234772
0.036990709602832794,-0.0013847202062606812,0.0015040598809719086,0.03918816149234772
0.036990709602832794,-0.0013847202062606812,0.0015040598809719086,0.03918816149234772
0.036990709602832794,-0.0013847202062606812,0.0015040598809719086,0.03918816149234772
0.036990709602832794,-0.0013847202062606812,0.0015040598809719086,0.03918816149234772
0.036990709602832794,-0.0013847202062606812,0.0015040598809719086,0.03918816149234772
0.036990709602832794,-0.0013847202062606812,0.0015040598809719086,0.03918816149234772
0.036990709602832794,-0.0013847202062606812,0.0015040598809719086,0.03918816149234772
0.036990709602832794,-0.0013847202062606812,0.0015040598809719086,0.03918816149234772
0.036990709602832794,-0.0013847202062606812,0.0015040598809719086,0.03918816149234772
0.036990709602832794,-0.0013847202062606812,0.0015040598809719086,0.03918816149234772
0.036990709602832794,-0.0013847202062606812,0.0015040598809719086,0.03918816149234772
0.036990709602832794,-0.0013847202062606812,0.0015040598809719086,0.03918816149234772
0.036990709602832794,-0.0013847202062606812,0.0015040598809719086,0.03918816149234772
0.036990709602832794,-0.0013847202062606812,0.0015040598809719086,0.03918816149234772
0.036990709602832794,-0.0013847202062606812,0.0015040598809719086,0.03918816149234772
0.036990709602832794,-0.0013847202062606812,0.0015040598809719086,0.03918816149234772
0.036990709602832794,-0.0013847202062606812,0.0015040598809719086,0.03918816149234772
0.036990709602832794,-0.0013847202062606812,0.0015040598809719086,0.03918816149234772
0.036990709602832794,-0.0013847202062606812,0.0015040598809719086,0.03918816149234772
0.036990709602832794,-0.0013847202062606812,0.0015040598809719086,0.03918816149234772
0.036990709602832794,-0.0013847202062606812,0.0015040598809719086,0.03918816149234772
0.036990709602832794,-0.0013847202062606812,0.0015040598809719086,0.03918816149234772
0.036990709602832794,-0.0013847202062606812,0.0015040598809719086,0.03918816149234772
0.036990709602832794,-0.0013847202062606812,0.0015040598809719086,0.03918816149234772
0.036990709602832794,-0.0013847202062606812,0.0015040598809719086,0.03918816149234772
0.036990709602832794,-0.0013847202062606812,0.0015040598809719086,0.03918816149234772
0.036990709602832794,-0.0013847202062606812,0.0015040598809719086,0.03918816149234772
0.036990709602832794,-0.0013847202062606812,0.0015040598809719086,0.03918816149234772
0.036990709602832794,-0.0013847202062606812,0.0015040598809719086,0.03918816149234772
0.036990709602832794,-0.0013847202062606812,0.0015040598809719086,0.03918816149234772
0.036990709602832794,-0.0013847202062606812,0.0015040598809719086,0.03918816149234772
0.036990709602832794,-0.0013847202062606812,0.0015040598809719086,0.03918816149234772
0.036990709602832794,-0.0013847202062606812,0.0015040598809719086,0.03918816149234772
0.036990709602832794,-0.0013847202062606812,0.0015040598809719086,0.03918816149234772
0.036990709602832794,-0.0013847202062606812,0.0015040598809719086,0.03918816149234772
0.036990709602832794,-0.0013847202062606812,0.0015040598809719086,0.03918816149234772
0.036990709602832794,-0.0013847202062606812,0.0015040598809719086,0.03918816149234772
0.036990709602832794,-0.0013847202062606812,0.0015040598809719086,0.03918816149234772
0.036990709602832794,-0.0013847202062606812,0.0015040598809719086,0.03918816149234772
0.036990709602832794,-0.0013847202062606812,0.0015040598809719086,0.03918816149234772
0.036990709602832794,-0.0013847202062606812,0.0015040598809719086,0.03918816149234772
0.036990709602832794,-0.0013847202062606812,0.0015040598809719086,0.03918816149234772
0.036990709602832794,-0.0013847202062606812,0.0015040598809719086,0.03918816149234772
0.036990709602832794,-0.0013847202062606812,0.0015040598809719086,0.03918816149234772
0.036990709602832794,-0.0013847202062606812,0.0015040598809719086,0.03918816149234772
0.036990709602832794,-0.0013847202062606812,0.0015040598809719086,0.03918816149234772
0.036990709602832794,-0.0013847202062606812,0.0015040598809719086,0.03918816149234772
0.036990709602832794,-0.0013847202062606812,0.0015040598809719086,0.03918816149234772
0.036990709602832794,-0.0013847202062606812,0.0015040598809719086,0.03918816149234772
0.036990709602832794,-0.0013847202062606812,0.0015040598809719086,0.03918816149234772
0.036990709602832794,-0.0013847202062606812,0.0015040598809719086,0.03918816149234772
0.036990709602832794,-0.0013847202062606812,0.0015040598809719086,0.03918816149234772
0.036990709602832794,-0.0013847202062606812,0.0015040598809719086,0.03918816149234772
0.036990709602832794,-0.0013847202062606812,0.0015040598809719086,0.03918816149234772
0.036990709602832794,-0.0013847202062606812,0.0015040598809719086,0.03918816149234772
0.036990709602832794,-0.0013847202062606812,0.0015040598809719086,0.03918816149234772
0.036990709602832794,-0.0013847202062606812,0.0015040598809719086,0.03918816149234772
0.036990709602832794,-0.0013847202062606812,0.0015040598809719086,0.03918816149234772
0.036990709602832794,-0.0013847202062606812,0.0015040598809719086,0.03918816149234772
0.036990709602832794,-0.0013847202062606812,0.0015040598809719086,0.03918816149234772
0.036990709602832794,-0.0013847202062606812,0.0015040598809719086,0.03918816149234772
0.036990709602832794,-0.0013847202062606812,0.0015040598809719086,0.03918816149234772
0.036990709602832794,-0.0013847202062606812,0.0015040598809719086,0.03918816149234772
0.036990709602832794,-0.0013847202062606812,0.0015040598809719086,0.03918816149234772
0.036990709602832794,-0.0013847202062606812,0.0015040598809719086,0.03918816149234772
0.036990709602832794,-0.0013847202062606812,0.0015040598809719086,0.03918816149234772
0.036990709602832794,-0.0013847202062606812,0.0015040598809719086,0.03918816149234772
0.036990709602832794,-0.0013847202062606812,0.0015040598809719086,0.03918816149234772
0.036990709602832794,-0.0013847202062606812,0.0015040598809719086,0.03918816149234772
0.036990709602832794,-0.0013847202062606812,0.0015040598809719086,0.03918816149234772
0.036990709602832794,-0.0013847202062606812,0.0015040598809719086,0.03918816149234772
0.036990709602832794,-0.0013847202062606812,0.0015040598809719086,0.03918816149234772
0.036990709602832794,-0.0013847202062606812,0.0015040598809719086,0.03918816149234772
0.036990709602832794,-0.0013847202062606812,0.0015040598809719086,0.03918816149234772
0.036990709602832794,-0.0013847202062606812,0.0015040598809719086,0.03918816149234772
0.036990709602832794,-0.0013847202062606812,0.0015040598809719086,0.03918816149234772
0.036990709602832794,-0.0013847202062606812,0.0015040598809719086,0.03918816149234772
0.036990709602832794,-0.0013847202062606812,0.0015040598809719086,0.03918816149234772
0.036990709602832794,-0.0013847202062606812,0.0015040598809719086,0.03918816149234772
0.036990709602832794,-0.0013847202062606812,0.0015040598809719086,0.03918816149234772
0.036990709602832794,-0.0013847202062606812,0.0015040598809719086,0.03918816149234772
0.036990709602832794,-0.0013847202062606812,0.0015040598809719086,0.03918816149234772
0.036990709602832794,-0.0013847202062606812,0.0015040598809719086,0.03918816149234772
0.036990709602832794,-0.0013847202062606812,0.0015040598809719086,0.03918816149234772
0.036990709602832794,-0.0013847202062606812,0.0015040598809719086,0.03918816149234772
0.036990709602832794,-0.0013847202062606812,0.0015040598809719086,0.03918816149234772
0.036990709602832794,-0.0013847202062606812,0.0015040598809719086,0.03918816149234772
0.036990709602832794,-0.0013847202062606812,0.0015040598809719086,0.03918816149234772
0.036990709602832794,-0.0013847202062606812,0.0015040598809719086,0.03918816149234772
0.036990709602832794,-0.0013847202062606812,0.0015040598809719086,0.03918816149234772
0.036990709602832794,-0.0013847202062606812,0.0015040598809719086,0.03918816149234772
0.036990709602832794,-0.0013847202062606812,0.0015040598809719086,0.03918816149234772
0.036990709602832794,-0.0013847202062606812,0.0015040598809719086,0.03918816149234772
0.036990709602832794,-0.0013847202062606812,0.0015040598809719086,0.03918816149234772
0.036990709602832794,-0.0013847202062606812,0.0015040598809719086,0.03918816149234772
0.036990709602832794,-0.0013847202062606812,0.0015040598809719086,0.03918816149234772
0.036990709602832794,-0.0013847202062606812,0.0015040598809719086,0.03918816149234772
0.036990709602832794,-0.0013847202062606812,0.0015040598809719086,0.03918816149234772
0.036990709602832794,-0.0013847202062606812,0.0015040598809719086,0.03918816149234772
0.036990709602832794,-0.0013847202062606812,0.0015040598809719086,0.03918816149234772
0.036990709602832794,-0.0013847202062606812,0.0015040598809719086,0.03918816149234772
0.036990709602832794,-0.0013847202062606812,0.0015040598809719086,0.03918816149234772
0.036990709602832794,-0.0013847202062606812,0.0015040598809719086,0.03918816149234772
0.036990709602832794,-0.0013847202062606812,0.0015040598809719086,0.03918816149234772
0.036990709602832794,-0.0013847202062606812,0.0015040598809719086,0.03918816149234772
0.036990709602832794,-0.0013847202062606812,0.0015040598809719086,0.03918816149234772
0.036990709602832794,-0.0013847202062606812,0.0015040598809719086,0.03918816149234772
0.036990709602832794,-0.0013847202062606812,0.0015040598809719086,0.03918816149234772
0.036990709602832794,-0.0013847202062606812,0.0015040598809719086,0.03918816149234772
0.036990709602832794,-0.0013847202062606812,0.0015040598809719086,0.03918816149234772
0.036990709602832794,-0.0013847202062606812,0.0015040598809719086,0.03918816149234772
0.036990709602832794,-0.0013847202062606812,0.0015040598809719086,0.03918816149234772
0.036990709602832794,-0.0013847202062606812,0.0015040598809719086,0.03918816149234772
0.036990709602832794,-0.0013847202062606812,0.0015040598809719086,0.03918816149234772
0.036990709602832794,-0.0013847202062606812,0.0015040598809719086,0.03918816149234772
0.036990709602832794,-0.0013847202062606812,0.0015040598809719086,0.03918816149234772
0.036990709602832794,-0.0013847202062606812,0.0015040598809719086,0.03918816149234772
0.036990709602832794,-0.0013847202062606812,0.0015040598809719086,0.03918816149234772
0.036990709602832794,-0.0013847202062606812,0.0015040598809719086,0.03918816149234772
0.036990709602832794,-0.0013847202062606812,0.0015040598809719086,0.03918816149234772
0.036990709602832794,-0.0013847202062606812,0.0015040598809719086,0.03918816149234772
0.036990709602832794,-0.0013847202062606812,0.0015040598809719086,0.03918816149234772
0.036990709602832794,-0.0013847202062606812,0.0015040598809719086,0.03918816149234772
0.036990709602832794,-0.0013847202062606812,0.0015040598809719086,0.03918816149234772
0.036990709602832794,-0.0013847202062606812,0.0015040598809719086,0.03918816149234772
0.036990709602832794,-0.0013847202062606812,0.0015040598809719086,0.03918816149234772
0.036990709602832794,-0.0013847202062606812,0.0015040598809719086,0.03918816149234772
0.036990709602832794,-0.0013847202062606812,0.0015040598809719086,0.03918816149234772
0.036990709602832794,-0.0013847202062606812,0.0015040598809719086,0.03918816149234772
0.036990709602832794,-0.0013847202062606812,0.0015040598809719086,0.03918816149234772
0.036990709602832794,-0.0013847202062606812,0.0015040598809719086,0.03918816149234772
0.036990709602832794,-0.0013847202062606812,0.0015040598809719086,0.03918816149234772
0.036990709602832794,-0.0013847202062606812,0.0015040598809719086,0.03918816149234772
0.036990709602832794,-0.0013847202062606812,0.0015040598809719086,0.03918816149234772
0.036990709602832794,-0.0013847202062606812,0.0015040598809719086,0.03918816149234772
0.036990709602832794,-0.0013847202062606812,0.0015040598809719086,0.03918816149234772
0.036990709602832794,-0.0013847202062606812,0.0015040598809719086,0.03918816149234772
0.036990709602832794,-0.0013847202062606812,0.0015040598809719086,0.03918816149234772
0.036990709602832794,-0.0013847202062606812,0.0015040598809719086,0.03918816149234772
0.036990709602832794,-0.0013847202062606812,0.0015040598809719086,0.03918816149234772
0.036990709602832794,-0.0013847202062606812,0.0015040598809719086,0.03918816149234772
0.036990709602832794,-0.0013847202062606812,0.0015040598809719086,0.03918816149234772
0.036990709602832794,-0.0013847202062606812,0.0015040598809719086,0.03918816149234772
0.036990709602832794,-0.0013847202062606812,0.0015040598809719086,0.03918816149234772
0.036990709602832794,-0.0013847202062606812,0.0015040598809719086,0.03918816149234772
0.036990709602832794,-0.0013847202062606812,0.0015040598809719086,0.03918816149234772
0.036990709602832794,-0.0013847202062606812,0.0015040598809719086,0.03918816149234772
0.036990709602832794,-0.0013847202062606812,0.0015040598809719086,0.03918816149234772
0.036990709602832794,-0.0013847202062606812,0.0015040598809719086,0.03918816149234772
0.036990709602832794,-0.0013847202062606812,0.0015040598809719086,0.03918816149234772
0.036990709602832794,-0.0013847202062606812,0.0015040598809719086,0.03918816149234772
0.036990709602832794,-0.0013847202062606812,0.0015040598809719086,0.03918816149234772
0.036990709602832794,-0.0013847202062606812,0.0015040598809719086,0.03918816149234772
0.036990709602832794,-0.0013847202062606812,0.0015040598809719086,0.03918816149234772
0.036990709602832794,-0.0013847202062606812,0.0015040598809719086,0.03918816149234772
0.036990709602832794,-0.0013847202062606812,0.0015040598809719086,0.03918816149234772
0.036990709602832794,-0.0013847202062606812,0.0015040598809719086,0.03918816149234772
0.036990709602832794,-0.0013847202062606812,0.0015040598809719086,0.03918816149234772
0.036990709602832794,-0.0013847202062606812,0.0015040598809719086,0.03918816149234772
0.036990709602832794,-0.0013847202062606812,0.0015040598809719086,0.03918816149234772
0.036990709602832794,-0.0013847202062606812,0.0015040598809719086,0.03918816149234772
0.036990709602832794,-0.0013847202062606812,0.0015040598809719086,0.03918816149234772
0.036990709602832794,-0.0013847202062606812,0.0015040598809719086,0.03918816149234772
0.036990709602832794,-0.0013847202062606812,0.0015040598809719086,0.03918816149234772
0.036990709602832794,-0.0013847202062606812,0.0015040598809719086,0.03918816149234772
0.036990709602832794,-0.0013847202062606812,0.0015040598809719086,0.03918816149234772
0.036990709602832794,-0.0013847202062606812,0.0015040598809719086,0.03918816149234772
0.036990709602832794,-0.0013847202062606812,0.0015040598809719086,0.03918816149234772
0.036990709602832794,-0.0013847202062606812,0.0015040598809719086,0.03918816149234772
0.036990709602832794,-0.0013847202062606812,0.0015040598809719086,0.03918816149234772
0.036990709602832794,-0.0013847202062606812,0.0015040598809719086,0.03918816149234772
0.036990709602832794,-0.0013847202062606812,0.0015040598809719086,0.03918816149234772
0.036990709602832794,-0.0013847202062606812,0.0015040598809719086,0.03918816149234772
0.036990709602832794,-0.0013847202062606812,0.0015040598809719086,0.03918816149234772
0.036990709602832794,-0.0013847202062606812,0.0015040598809719086,0.03918816149234772
0.036990709602832794,-0.0013847202062606812,0.0015040598809719086,0.03918816149234772
0.036990709602832794,-0.0013847202062606812,0.0015040598809719086,0.03918816149234772
0.036990709602832794,-0.0013847202062606812,0.0015040598809719086,0.03918816149234772
0.036990709602832794,-0.0013847202062606812,0.0015040598809719086,0.03918816149234772
0.036990709602832794,-0.0013847202062606812,0.0015040598809719086,0.03918816149234772
0.036990709602832794,-0.0013847202062606812,0.0015040598809719086,0.03918816149234772
0.036990709602832794,-0.0013847202062606812,0.0015040598809719086,0.03918816149234772
0.036990709602832794,-0.0013847202062606812,0.0015040598809719086,0.03918816149234772
0.036990709602832794,-0.0013847202062606812,0.0015040598809719086,0.03918816149234772
0.036990709602832794,-0.0013847202062606812,0.0015040598809719086,0.03918816149234772
0.036990709602832794,-0.0013847202062606812,0.0015040598809719086,0.03918816149234772
0.036990709602832794,-0.0013847202062606812,0.0015040598809719086,0.03918816149234772
0.036990709602832794,-0.0013847202062606812,0.0015040598809719086,0.03918816149234772
0.036990709602832794,-0.0013847202062606812,0.0015040598809719086,0.03918816149234772
0.036990709602832794,-0.0013847202062606812,0.0015040598809719086,0.03918816149234772
0.036990709602832794,-0.0013847202062606812,0.0015040598809719086,0.03918816149234772
0.036990709602832794,-0.0013847202062606812,0.0015040598809719086,0.03918816149234772
0.036990709602832794,-0.0013847202062606812,0.0015040598809719086,0.03918816149234772
0.036990709602832794,-0.0013847202062606812,0.0015040598809719086,0.03918816149234772
0.036990709602832794,-0.0013847202062606812,0.0015040598809719086,0.03918816149234772
0.036990709602832794,-0.0013847202062606812,0.0015040598809719086,0.03918816149234772
0.036990709602832794,-0.0013847202062606812,0.0015040598809719086,0.03918816149234772
0.036990709602832794,-0.0013847202062606812,0.0015040598809719086,0.03918816149234772
0.036990709602832794,-0.0013847202062606812,0.0015040598809719086,0.03918816149234772
0.036990709602832794,-0.0013847202062606812,0.0015040598809719086,0.03918816149234772
0.036990709602832794,-0.0013847202062606812,0.0015040598809719086,0.03918816149234772
0.036990709602832794,-0.0013847202062606812,0.0015040598809719086,0.03918816149234772
0.036990709602832794,-0.0013847202062606812,0.0015040598809719086,0.03918816149234772
0.036990709602832794,-0.0013847202062606812,0.0015040598809719086,0.03918816149234772
0.036990709602832794,-0.0013847202062606812,0.0015040598809719086,0.03918816149234772
0.036990709602832794,-0.0013847202062606812,0.0015040598809719086,0.03918816149234772
0.036990709602832794,-0.0013847202062606812,0.0015040598809719086,0.03918816149234772
0.036990709602832794,-0.0013847202062606812,0.0015040598809719086,0.03918816149234772
0.036990709602832794,-0.0013847202062606812,0.0015040598809719086,0.03918816149234772
0.036990709602832794,-0.0013847202062606812,0.0015040598809719086,0.03918816149234772
0.036990709602832794,-0.0013847202062606812,0.0015040598809719086,0.03918816149234772
0.036990709602832794,-0.0013847202062606812,0.0015040598809719086,0.03918816149234772
0.036990709602832794,-0.0013847202062606812,0.0015040598809719086,0.03918816149234772
0.036990709602832794,-0.0013847202062606812,0.0015040598809719086,0.03918816149234772
0.036990709602832794,-0.0013847202062606812,0.0015040598809719086,0.03918816149234772
0.036990709602832794,-0.0013847202062606812,0.0015040598809719086,0.03918816149234772
0.036990709602832794,-0.0013847202062606812,0.0015040598809719086,0.03918816149234772
0.036990709602832794,-0.0013847202062606812,0.0015040598809719086,0.03918816149234772
0.036990709602832794,-0.0013847202062606812,0.0015040598809719086,0.03918816149234772
0.036990709602832794,-0.0013847202062606812,0.0015040598809719086,0.03918816149234772
0.036990709602832794,-0.0013847202062606812,0.0015040598809719086,0.03918816149234772
0.036990709602832794,-0.0013847202062606812,0.0015040598809719086,0.03918816149234772
0.036990709602832794,-0.0013847202062606812,0.0015040598809719086,0.03918816149234772
0.036990709602832794,-0.0013847202062606812,0.0015040598809719086,0.03918816149234772
0.036990709602832794,-0.0013847202062606812,0.0015040598809719086,0.03918816149234772
0.036990709602832794,-0.0013847202062606812,0.0015040598809719086,0.03918816149234772
0.036990709602832794,-0.0013847202062606812,0.0015040598809719086,0.03918816149234772
0.036990709602832794,-0.0013847202062606812,0.0015040598809719086,0.03918816149234772
0.036990709602832794,-0.0013847202062606812,0.0015040598809719086,0.03918816149234772
0.036990709602832794,-0.0013847202062606812,0.0015040598809719086,0.03918816149234772
0.036990709602832794,-0.0013847202062606812,0.0015040598809719086,0.03918816149234772
0.036990709602832794,-0.0013847202062606812,0.0015040598809719086,0.03918816149234772
0.036990709602832794,-0.0013847202062606812,0.0015040598809719086,0.03918816149234772
0.036990709602832794,-0.0013847202062606812,0.0015040598809719086,0.03918816149234772
0.036990709602832794,-0.0013847202062606812,0.0015040598809719086,0.03918816149234772
0.036990709602832794,-0.0013847202062606812,0.0015040598809719086,0.03918816149234772
0.036990709602832794,-0.0013847202062606812,0.0015040598809719086,0.03918816149234772
0.036990709602832794,-0.0013847202062606812,0.0015040598809719086,0.03918816149234772
0.036990709602832794,-0.0013847202062606812,0.0015040598809719086,0.03918816149234772
0.036990709602832794,-0.0013847202062606812,0.0015040598809719086,0.03918816149234772
0.036990709602832794,-0.0013847202062606812,0.0015040598809719086,0.03918816149234772
0.036990709602832794,-0.0013847202062606812,0.0015040598809719086,0.03918816149234772
0.036990709602832794,-0.0013847202062606812,0.0015040598809719086,0.03918816149234772
0.036990709602832794,-0.0013847202062606812,0.0015040598809719086,0.03918816149234772
0.036990709602832794,-0.0013847202062606812,0.0015040598809719086,0.03918816149234772
0.036990709602832794,-0.0013847202062606812,0.0015040598809719086,0.03918816149234772
0.036990709602832794,-0.0013847202062606812,0.0015040598809719086,0.03918816149234772
0.036990709602832794,-0.0013847202062606812,0.0015040598809719086,0.03918816149234772
0.036990709602832794,-0.0013847202062606812,0.0015040598809719086,0.03918816149234772
0.036990709602832794,-0.0013847202062606812,0.0015040598809719086,0.03918816149234772
0.036990709602832794,-0.0013847202062606812,0.0015040598809719086,0.03918816149234772
0.036990709602832794,-0.0013847202062606812,0.0015040598809719086,0.03918816149234772
0.036990709602832794,-0.0013847202062606812,0.0015040598809719086,0.03918816149234772
0.036990709602832794,-0.0013847202062606812,0.0015040598809719086,0.03918816149234772
0.036990709602832794,-0.0013847202062606812,0.0015040598809719086,0.03918816149234772
0.036990709602832794,-0.0013847202062606812,0.0015040598809719086,0.03918816149234772
0.036990709602832794,-0.0013847202062606812,0.0015040598809719086,0.03918816149234772
0.036990709602832794,-0.0013847202062606812,0.0015040598809719086,0.03918816149234772
0.036990709602832794,-0.0013847202062606812,0.0015040598809719086,0.03918816149234772
0.036990709602832794,-0.0013847202062606812,0.0015040598809719086,0.03918816149234772
0.036990709602832794,-0.0013847202062606812,0.0015040598809719086,0.03918816149234772
0.036990709602832794,-0.0013847202062606812,0.0015040598809719086,0.03918816149234772
0.036990709602832794,-0.0013847202062606812,0.0015040598809719086,0.03918816149234772
0.036990709602832794,-0.0013847202062606812,0.0015040598809719086,0.03918816149234772
0.036990709602832794,-0.0013847202062606812,0.0015040598809719086,0.03918816149234772
0.036990709602832794,-0.0013847202062606812,0.0015040598809719086,0.03918816149234772
0.036990709602832794,-0.0013847202062606812,0.0015040598809719086,0.03918816149234772
0.036990709602832794,-0.0013847202062606812,0.0015040598809719086,0.03918816149234772
0.036990709602832794,-0.0013847202062606812,0.0015040598809719086,0.03918816149234772
0.036990709602832794,-0.0013847202062606812,0.0015040598809719086,0.03918816149234772
0.036990709602832794,-0.0013847202062606812,0.0015040598809719086,0.03918816149234772
0.036990709602832794,-0.0013847202062606812,0.0015040598809719086,0.03918816149234772
0.036990709602832794,-0.0013847202062606812,0.0015040598809719086,0.03918816149234772
0.036990709602832794,-0.0013847202062606812,0.0015040598809719086,0.03918816149234772
0.036990709602832794,-0.0013847202062606812,0.0015040598809719086,0.03918816149234772
0.036990709602832794,-0.0013847202062606812,0.0015040598809719086,0.03918816149234772
0.036990709602832794,-0.0013847202062606812,0.0015040598809719086,0.03918816149234772
0.036990709602832794,-0.0013847202062606812,0.0015040598809719086,0.03918816149234772
0.036990709602832794,-0.0013847202062606812,0.0015040598809719086,0.03918816149234772
0.036990709602832794,-0.0013847202062606812,0.0015040598809719086,0.03918816149234772
0.036990709602832794,-0.0013847202062606812,0.0015040598809719086,0.03918816149234772
0.036990709602832794,-0.0013847202062606812,0.0015040598809719086,0.03918816149234772
0.036990709602832794,-0.0013847202062606812,0.0015040598809719086,0.03918816149234772
0.036990709602832794,-0.0013847202062606812,0.0015040598809719086,0.03918816149234772
0.036990709602832794,-0.0013847202062606812,0.0015040598809719086,0.03918816149234772
0.036990709602832794,-0.0013847202062606812,0.0015040598809719086,0.03918816149234772
0.036990709602832794,-0.0013847202062606812,0.0015040598809719086,0.03918816149234772
0.036990709602832794,-0.0013847202062606812,0.0015040598809719086,0.03918816149234772
0.036990709602832794,-0.0013847202062606812,0.0015040598809719086,0.03918816149234772
0.036990709602832794,-0.0013847202062606812,0.0015040598809719086,0.03918816149234772
0.036990709602832794,-0.0013847202062606812,0.0015040598809719086,0.03918816149234772
0.036990709602832794,-0.0013847202062606812,0.0015040598809719086,0.03918816149234772
0.036990709602832794,-0.0013847202062606812,0.0015040598809719086,0.03918816149234772
0.036990709602832794,-0.0013847202062606812,0.0015040598809719086,0.03918816149234772
0.036990709602832794,-0.0013847202062606812,0.0015040598809719086,0.03918816149234772
0.036990709602832794,-0.0013847202062606812,0.0015040598809719086,0.03918816149234772
0.036990709602832794,-0.0013847202062606812,0.0015040598809719086,0.03918816149234772
0.036990709602832794,-0.0013847202062606812,0.0015040598809719086,0.03918816149234772
0.036990709602832794,-0.0013847202062606812,0.0015040598809719086,0.03918816149234772
0.036990709602832794,-0.0013847202062606812,0.0015040598809719086,0.03918816149234772
0.036990709602832794,-0.0013847202062606812,0.0015040598809719086,0.03918816149234772
0.036990709602832794,-0.0013847202062606812,0.0015040598809719086,0.03918816149234772
0.036990709602832794,-0.0013847202062606812,0.0015040598809719086,0.03918816149234772
0.036990709602832794,-0.0013847202062606812,0.0015040598809719086,0.03918816149234772
0.036990709602832794,-0.0013847202062606812,0.0015040598809719086,0.03918816149234772
0.036990709602832794,-0.0013847202062606812,0.0015040598809719086,0.03918816149234772
0.036990709602832794,-0.0013847202062606812,0.0015040598809719086,0.03918816149234772
0.036990709602832794,-0.0013847202062606812,0.0015040598809719086,0.03918816149234772
0.036990709602832794,-0.0013847202062606812,0.0015040598809719086,0.03918816149234772
0.036990709602832794,-0.0013847202062606812,0.0015040598809719086,0.03918816149234772
0.036990709602832794,-0.0013847202062606812,0.0015040598809719086,0.03918816149234772
0.036990709602832794,-0.0013847202062606812,0.0015040598809719086,0.03918816149234772
0.036990709602832794,-0.0013847202062606812,0.0015040598809719086,0.03918816149234772
0.036990709602832794,-0.0013847202062606812,0.0015040598809719086,0.03918816149234772
0.036990709602832794,-0.0013847202062606812,0.0015040598809719086,0.03918816149234772
0.036990709602832794,-0.0013847202062606812,0.0015040598809719086,0.03918816149234772
0.036990709602832794,-0.0013847202062606812,0.0015040598809719086,0.03918816149234772
0.036990709602832794,-0.0013847202062606812,0.0015040598809719086,0.03918816149234772
0.036990709602832794,-0.0013847202062606812,0.0015040598809719086,0.03918816149234772
0.036990709602832794,-0.0013847202062606812,0.0015040598809719086,0.03918816149234772
0.036990709602832794,-0.0013847202062606812,0.0015040598809719086,0.03918816149234772
0.036990709602832794,-0.0013847202062606812,0.0015040598809719086,0.03918816149234772
0.036990709602832794,-0.0013847202062606812,0.0015040598809719086,0.03918816149234772
0.036990709602832794,-0.0013847202062606812,0.0015040598809719086,0.03918816149234772
0.036990709602832794,-0.0013847202062606812,0.0015040598809719086,0.03918816149234772
0.036990709602832794,-0.0013847202062606812,0.0015040598809719086,0.03918816149234772
0.036990709602832794,-0.0013847202062606812,0.0015040598809719086,0.03918816149234772
0.036990709602832794,-0.0013847202062606812,0.0015040598809719086,0.03918816149234772
0.036990709602832794,-0.0013847202062606812,0.0015040598809719086,0.03918816149234772
0.036990709602832794,-0.0013847202062606812,0.0015040598809719086,0.03918816149234772
0.036990709602832794,-0.0013847202062606812,0.0015040598809719086,0.03918816149234772
0.036990709602832794,-0.0013847202062606812,0.0015040598809719086,0.03918816149234772
0.036990709602832794,-0.0013847202062606812,0.0015040598809719086,0.03918816149234772
0.036990709602832794,-0.0013847202062606812,0.0015040598809719086,0.03918816149234772
0.036990709602832794,-0.0013847202062606812,0.0015040598809719086,0.03918816149234772
0.036990709602832794,-0.0013847202062606812,0.0015040598809719086,0.03918816149234772
0.036990709602832794,-0.0013847202062606812,0.0015040598809719086,0.03918816149234772
0.036990709602832794,-0.0013847202062606812,0.0015040598809719086,0.03918816149234772
0.036990709602832794,-0.0013847202062606812,0.0015040598809719086,0.03918816149234772
0.036990709602832794,-0.0013847202062606812,0.0015040598809719086,0.03918816149234772
0.036990709602832794,-0.0013847202062606812,0.0015040598809719086,0.03918816149234772
0.036990709602832794,-0.0013847202062606812,0.0015040598809719086,0.03918816149234772
0.036990709602832794,-0.0013847202062606812,0.0015040598809719086,0.03918816149234772
0.036990709602832794,-0.0013847202062606812,0.0015040598809719086,0.03918816149234772
0.036990709602832794,-0.0013847202062606812,0.0015040598809719086,0.03918816149234772
0.036990709602832794,-0.0013847202062606812,0.0015040598809719086,0.03918816149234772
0.036990709602832794,-0.0013847202062606812,0.0015040598809719086,0.03918816149234772
0.036990709602832794,-0.0013847202062606812,0.0015040598809719086,0.03918816149234772
0.036990709602832794,-0.0013847202062606812,0.0015040598809719086,0.03918816149234772
0.036990709602832794,-0.0013847202062606812,0.0015040598809719086,0.03918816149234772
0.036990709602832794,-0.0013847202062606812,0.0015040598809719086,0.03918816149234772
0.036990709602832794,-0.0013847202062606812,0.0015040598809719086,0.03918816149234772
0.036990709602832794,-0.0013847202062606812,0.0015040598809719086,0.03918816149234772
0.036990709602832794,-0.0013847202062606812,0.0015040598809719086,0.03918816149234772
0.036990709602832794,-0.0013847202062606812,0.0015040598809719086,0.03918816149234772
0.036990709602832794,-0.0013847202062606812,0.0015040598809719086,0.03918816149234772
0.036990709602832794,-0.0013847202062606812,0.0015040598809719086,0.03918816149234772
0.036990709602832794,-0.0013847202062606812,0.0015040598809719086,0.03918816149234772
0.036990709602832794,-0.0013847202062606812,0.0015040598809719086,0.03918816149234772
0.036990709602832794,-0.0013847202062606812,0.0015040598809719086,0.03918816149234772
0.036990709602832794,-0.0013847202062606812,0.0015040598809719086,0.03918816149234772
0.036990709602832794,-0.0013847202062606812,0.0015040598809719086,0.03918816149234772
0.036990709602832794,-0.0013847202062606812,0.0015040598809719086,0.03918816149234772
0.036990709602832794,-0.0013847202062606812,0.0015040598809719086,0.03918816149234772
0.036990709602832794,-0.0013847202062606812,0.0015040598809719086,0.03918816149234772
0.036990709602832794,-0.0013847202062606812,0.0015040598809719086,0.03918816149234772
0.036990709602832794,-0.0013847202062606812,0.0015040598809719086,0.03918816149234772
0.036990709602832794,-0.0013847202062606812,0.0015040598809719086,0.03918816149234772
0.036990709602832794,-0.0013847202062606812,0.0015040598809719086,0.03918816149234772
0.036990709602832794,-0.0013847202062606812,0.0015040598809719086,0.03918816149234772
0.036990709602832794,-0.0013847202062606812,0.0015040598809719086,0.03918816149234772
0.036990709602832794,-0.0013847202062606812,0.0015040598809719086,0.03918816149234772
0.036990709602832794,-0.0013847202062606812,0.0015040598809719086,0.03918816149234772
0.036990709602832794,-0.0013847202062606812,0.0015040598809719086,0.03918816149234772
0.036990709602832794,-0.0013847202062606812,0.0015040598809719086,0.03918816149234772
0.036990709602832794,-0.0013847202062606812,0.0015040598809719086,0.03918816149234772
0.036990709602832794,-0.0013847202062606812,0.0015040598809719086,0.03918816149234772
0.036990709602832794,-0.0013847202062606812,0.0015040598809719086,0.03918816149234772
0.036990709602832794,-0.0013847202062606812,0.0015040598809719086,0.03918816149234772
0.036990709602832794,-0.0013847202062606812,0.0015040598809719086,0.03918816149234772
0.036990709602832794,-0.0013847202062606812,0.0015040598809719086,0.03918816149234772
0.036990709602832794,-0.0013847202062606812,0.0015040598809719086,0.03918816149234772
0.036990709602832794,-0.0013847202062606812,0.0015040598809719086,0.03918816149234772
0.036990709602832794,-0.0013847202062606812,0.0015040598809719086,0.03918816149234772
0.036990709602832794,-0.0013847202062606812,0.0015040598809719086,0.03918816149234772
0.036990709602832794,-0.0013847202062606812,0.0015040598809719086,0.03918816149234772
0.036990709602832794,-0.0013847202062606812,0.0015040598809719086,0.03918816149234772
0.036990709602832794,-0.0013847202062606812,0.0015040598809719086,0.03918816149234772
0.036990709602832794,-0.0013847202062606812,0.0015040598809719086,0.03918816149234772
0.036990709602832794,-0.0013847202062606812,0.0015040598809719086,0.03918816149234772
0.036990709602832794,-0.0013847202062606812,0.0015040598809719086,0.03918816149234772
0.036990709602832794,-0.0013847202062606812,0.0015040598809719086,0.03918816149234772
0.036990709602832794,-0.0013847202062606812,0.0015040598809719086,0.03918816149234772
0.036990709602832794,-0.0013847202062606812,0.0015040598809719086,0.03918816149234772
0.036990709602832794,-0.0013847202062606812,0.0015040598809719086,0.03918816149234772
0.036990709602832794,-0.0013847202062606812,0.0015040598809719086,0.03918816149234772
0.036990709602832794,-0.0013847202062606812,0.0015040598809719086,0.03918816149234772
0.036990709602832794,-0.0013847202062606812,0.0015040598809719086,0.03918816149234772
0.036990709602832794,-0.0013847202062606812,0.0015040598809719086,0.03918816149234772
0.036990709602832794,-0.0013847202062606812,0.0015040598809719086,0.03918816149234772
0.036990709602832794,-0.0013847202062606812,0.0015040598809719086,0.03918816149234772
0.036990709602832794,-0.0013847202062606812,0.0015040598809719086,0.03918816149234772
0.036990709602832794,-0.0013847202062606812,0.0015040598809719086,0.03918816149234772
0.036990709602832794,-0.0013847202062606812,0.0015040598809719086,0.03918816149234772
0.036990709602832794,-0.0013847202062606812,0.0015040598809719086,0.03918816149234772
0.036990709602832794,-0.0013847202062606812,0.0015040598809719086,0.03918816149234772
0.036990709602832794,-0.0013847202062606812,0.0015040598809719086,0.03918816149234772
0.036990709602832794,-0.0013847202062606812,0.0015040598809719086,0.03918816149234772
0.036990709602832794,-0.0013847202062606812,0.0015040598809719086,0.03918816149234772
0.036990709602832794,-0.0013847202062606812,0.0015040598809719086,0.03918816149234772
0.036990709602832794,-0.0013847202062606812,0.0015040598809719086,0.03918816149234772
0.036990709602832794,-0.0013847202062606812,0.0015040598809719086,0.03918816149234772
0.036990709602832794,-0.0013847202062606812,0.0015040598809719086,0.03918816149234772
0.036990709602832794,-0.0013847202062606812,0.0015040598809719086,0.03918816149234772
0.036990709602832794,-0.0013847202062606812,0.0015040598809719086,0.03918816149234772
0.036990709602832794,-0.0013847202062606812,0.0015040598809719086,0.03918816149234772
0.036990709602832794,-0.0013847202062606812,0.0015040598809719086,0.03918816149234772
0.036990709602832794,-0.0013847202062606812,0.0015040598809719086,0.03918816149234772
0.036990709602832794,-0.0013847202062606812,0.0015040598809719086,0.03918816149234772
0.036990709602832794,-0.0013847202062606812,0.0015040598809719086,0.03918816149234772
0.036990709602832794,-0.0013847202062606812,0.0015040598809719086,0.03918816149234772
0.036990709602832794,-0.0013847202062606812,0.0015040598809719086,0.03918816149234772
0.036990709602832794,-0.0013847202062606812,0.0015040598809719086,0.03918816149234772
0.036990709602832794,-0.0013847202062606812,0.0015040598809719086,0.03918816149234772
0.036990709602832794,-0.0013847202062606812,0.0015040598809719086,0.03918816149234772
0.036990709602832794,-0.0013847202062606812,0.0015040598809719086,0.03918816149234772
0.036990709602832794,-0.0013847202062606812,0.0015040598809719086,0.03918816149234772
0.036990709602832794,-0.0013847202062606812,0.0015040598809719086,0.03918816149234772
0.036990709602832794,-0.0013847202062606812,0.0015040598809719086,0.03918816149234772
0.036990709602832794,-0.0013847202062606812,0.0015040598809719086,0.03918816149234772
0.036990709602832794,-0.0013847202062606812,0.0015040598809719086,0.03918816149234772
0.036990709602832794,-0.0013847202062606812,0.0015040598809719086,0.03918816149234772
0.036990709602832794,-0.0013847202062606812,0.0015040598809719086,0.03918816149234772
0.036990709602832794,-0.0013847202062606812,0.0015040598809719086,0.03918816149234772
0.036990709602832794,-0.0013847202062606812,0.0015040598809719086,0.03918816149234772
0.036990709602832794,-0.0013847202062606812,0.0015040598809719086,0.03918816149234772
0.036990709602832794,-0.0013847202062606812,0.0015040598809719086,0.03918816149234772
0.036990709602832794,-0.0013847202062606812,0.0015040598809719086,0.03918816149234772
0.036990709602832794,-0.0013847202062606812,0.0015040598809719086,0.03918816149234772
0.036990709602832794,-0.0013847202062606812,0.0015040598809719086,0.03918816149234772
0.036990709602832794,-0.0013847202062606812,0.0015040598809719086,0.03918816149234772
0.036990709602832794,-0.0013847202062606812,0.0015040598809719086,0.03918816149234772
0.036990709602832794,-0.0013847202062606812,0.0015040598809719086,0.03918816149234772
0.036990709602832794,-0.0013847202062606812,0.0015040598809719086,0.03918816149234772
0.036990709602832794,-0.0013847202062606812,0.0015040598809719086,0.03918816149234772
0.036990709602832794,-0.0013847202062606812,0.0015040598809719086,0.03918816149234772
0.036990709602832794,-0.0013847202062606812,0.0015040598809719086,0.03918816149234772
0.036990709602832794,-0.0013847202062606812,0.0015040598809719086,0.03918816149234772
0.036990709602832794,-0.0013847202062606812,0.0015040598809719086,0.03918816149234772
0.036990709602832794,-0.0013847202062606812,0.0015040598809719086,0.03918816149234772
0.036990709602832794,-0.0013847202062606812,0.0015040598809719086,0.03918816149234772
0.036990709602832794,-0.0013847202062606812,0.0015040598809719086,0.03918816149234772
0.036990709602832794,-0.0013847202062606812,0.0015040598809719086,0.03918816149234772
0.036990709602832794,-0.0013847202062606812,0.0015040598809719086,0.03918816149234772
0.036990709602832794,-0.0013847202062606812,0.0015040598809719086,0.03918816149234772
0.036990709602832794,-0.0013847202062606812,0.0015040598809719086,0.03918816149234772
0.036990709602832794,-0.0013847202062606812,0.0015040598809719086,0.03918816149234772
0.036990709602832794,-0.0013847202062606812,0.0015040598809719086,0.03918816149234772
0.036990709602832794,-0.0013847202062606812,0.0015040598809719086,0.03918816149234772
0.036990709602832794,-0.0013847202062606812,0.0015040598809719086,0.03918816149234772
0.036990709602832794,-0.0013847202062606812,0.0015040598809719086,0.03918816149234772
0.036990709602832794,-0.0013847202062606812,0.0015040598809719086,0.03918816149234772
0.036990709602832794,-0.0013847202062606812,0.0015040598809719086,0.03918816149234772
0.036990709602832794,-0.0013847202062606812,0.0015040598809719086,0.03918816149234772
0.036990709602832794,-0.0013847202062606812,0.0015040598809719086,0.03918816149234772
0.036990709602832794,-0.0013847202062606812,0.0015040598809719086,0.03918816149234772
0.036990709602832794,-0.0013847202062606812,0.0015040598809719086,0.03918816149234772
0.036990709602832794,-0.0013847202062606812,0.0015040598809719086,0.03918816149234772
0.036990709602832794,-0.0013847202062606812,0.0015040598809719086,0.03918816149234772
0.036990709602832794,-0.0013847202062606812,0.0015040598809719086,0.03918816149234772
0.036990709602832794,-0.0013847202062606812,0.0015040598809719086,0.03918816149234772
0.036990709602832794,-0.0013847202062606812,0.0015040598809719086,0.03918816149234772
0.036990709602832794,-0.0013847202062606812,0.0015040598809719086,0.03918816149234772
0.036990709602832794,-0.0013847202062606812,0.0015040598809719086,0.03918816149234772
0.036990709602832794,-0.0013847202062606812,0.0015040598809719086,0.03918816149234772
0.036990709602832794,-0.0013847202062606812,0.0015040598809719086,0.03918816149234772
0.036990709602832794,-0.0013847202062606812,0.0015040598809719086,0.03918816149234772
0.036990709602832794,-0.0013847202062606812,0.0015040598809719086,0.03918816149234772
0.036990709602832794,-0.0013847202062606812,0.0015040598809719086,0.03918816149234772
0.036990709602832794,-0.0013847202062606812,0.0015040598809719086,0.03918816149234772
0.036990709602832794,-0.0013847202062606812,0.0015040598809719086,0.03918816149234772
0.036990709602832794,-0.0013847202062606812,0.0015040598809719086,0.03918816149234772
0.036990709602832794,-0.0013847202062606812,0.0015040598809719086,0.03918816149234772
0.036990709602832794,-0.0013847202062606812,0.0015040598809719086,0.03918816149234772
0.036990709602832794,-0.0013847202062606812,0.0015040598809719086,0.03918816149234772
0.036990709602832794,-0.0013847202062606812,0.0015040598809719086,0.03918816149234772
0.036990709602832794,-0.0013847202062606812,0.0015040598809719086,0.03918816149234772
0.036990709602832794,-0.0013847202062606812,0.0015040598809719086,0.03918816149234772
0.036990709602832794,-0.0013847202062606812,0.0015040598809719086,0.03918816149234772
0.036990709602832794,-0.0013847202062606812,0.0015040598809719086,0.03918816149234772
0.036990709602832794,-0.0013847202062606812,0.0015040598809719086,0.03918816149234772
0.036990709602832794,-0.0013847202062606812,0.0015040598809719086,0.03918816149234772
0.036990709602832794,-0.0013847202062606812,0.0015040598809719086,0.03918816149234772
0.036990709602832794,-0.0013847202062606812,0.0015040598809719086,0.03918816149234772
0.036990709602832794,-0.0013847202062606812,0.0015040598809719086,0.03918816149234772
0.036990709602832794,-0.0013847202062606812,0.0015040598809719086,0.03918816149234772
0.036990709602832794,-0.0013847202062606812,0.0015040598809719086,0.03918816149234772
0.036990709602832794,-0.0013847202062606812,0.0015040598809719086,0.03918816149234772
0.036990709602832794,-0.0013847202062606812,0.0015040598809719086,0.03918816149234772
0.036990709602832794,-0.0013847202062606812,0.0015040598809719086,0.03918816149234772
0.036990709602832794,-0.0013847202062606812,0.0015040598809719086,0.03918816149234772
0.036990709602832794,-0.0013847202062606812,0.0015040598809719086,0.03918816149234772
0.036990709602832794,-0.0013847202062606812,0.0015040598809719086,0.03918816149234772
0.036990709602832794,-0.0013847202062606812,0.0015040598809719086,0.03918816149234772
0.036990709602832794,-0.0013847202062606812,0.0015040598809719086,0.03918816149234772
0.036990709602832794,-0.0013847202062606812,0.0015040598809719086,0.03918816149234772
0.036990709602832794,-0.0013847202062606812,0.0015040598809719086,0.03918816149234772
0.036990709602832794,-0.0013847202062606812,0.0015040598809719086,0.03918816149234772
0.036990709602832794,-0.0013847202062606812,0.0015040598809719086,0.03918816149234772
0.036990709602832794,-0.0013847202062606812,0.0015040598809719086,0.03918816149234772
0.036990709602832794,-0.0013847202062606812,0.0015040598809719086,0.03918816149234772
0.036990709602832794,-0.0013847202062606812,0.0015040598809719086,0.03918816149234772
0.036990709602832794,-0.0013847202062606812,0.0015040598809719086,0.03918816149234772
0.036990709602832794,-0.0013847202062606812,0.0015040598809719086,0.03918816149234772
0.036990709602832794,-0.0013847202062606812,0.0015040598809719086,0.03918816149234772
0.036990709602832794,-0.0013847202062606812,0.0015040598809719086,0.03918816149234772
0.036990709602832794,-0.0013847202062606812,0.0015040598809719086,0.03918816149234772
0.036990709602832794,-0.0013847202062606812,0.0015040598809719086,0.03918816149234772
0.036990709602832794,-0.0013847202062606812,0.0015040598809719086,0.03918816149234772
0.036990709602832794,-0.0013847202062606812,0.0015040598809719086,0.03918816149234772
0.036990709602832794,-0.0013847202062606812,0.0015040598809719086,0.03918816149234772
0.036990709602832794,-0.0013847202062606812,0.0015040598809719086,0.03918816149234772
0.036990709602832794,-0.0013847202062606812,0.0015040598809719086,0.03918816149234772
0.036990709602832794,-0.0013847202062606812,0.0015040598809719086,0.03918816149234772
0.036990709602832794,-0.0013847202062606812,0.0015040598809719086,0.03918816149234772
0.036990709602832794,-0.0013847202062606812,0.0015040598809719086,0.03918816149234772
0.036990709602832794,-0.0013847202062606812,0.0015040598809719086,0.03918816149234772
0.036990709602832794,-0.0013847202062606812,0.0015040598809719086,0.03918816149234772
0.036990709602832794,-0.0013847202062606812,0.0015040598809719086,0.03918816149234772
0.036990709602832794,-0.0013847202062606812,0.0015040598809719086,0.03918816149234772
0.036990709602832794,-0.0013847202062606812,0.0015040598809719086,0.03918816149234772
0.036990709602832794,-0.0013847202062606812,0.0015040598809719086,0.03918816149234772
0.036990709602832794,-0.0013847202062606812,0.0015040598809719086,0.03918816149234772
0.036990709602832794,-0.0013847202062606812,0.0015040598809719086,0.03918816149234772
0.036990709602832794,-0.0013847202062606812,0.0015040598809719086,0.03918816149234772
0.036990709602832794,-0.0013847202062606812,0.0015040598809719086,0.03918816149234772
0.036990709602832794,-0.0013847202062606812,0.0015040598809719086,0.03918816149234772
0.036990709602832794,-0.0013847202062606812,0.0015040598809719086,0.03918816149234772
0.036990709602832794,-0.0013847202062606812,0.0015040598809719086,0.03918816149234772
0.036990709602832794,-0.0013847202062606812,0.0015040598809719086,0.03918816149234772
0.036990709602832794,-0.0013847202062606812,0.0015040598809719086,0.03918816149234772
0.036990709602832794,-0.0013847202062606812,0.0015040598809719086,0.03918816149234772
0.036990709602832794,-0.0013847202062606812,0.0015040598809719086,0.03918816149234772
0.036990709602832794,-0.0013847202062606812,0.0015040598809719086,0.03918816149234772
0.036990709602832794,-0.0013847202062606812,0.0015040598809719086,0.03918816149234772
0.036990709602832794,-0.0013847202062606812,0.0015040598809719086,0.03918816149234772
0.036990709602832794,-0.0013847202062606812,0.0015040598809719086,0.03918816149234772
0.036990709602832794,-0.0013847202062606812,0.0015040598809719086,0.03918816149234772
0.036990709602832794,-0.0013847202062606812,0.0015040598809719086,0.03918816149234772
0.036990709602832794,-0.0013847202062606812,0.0015040598809719086,0.03918816149234772
0.036990709602832794,-0.0013847202062606812,0.0015040598809719086,0.03918816149234772
0.036990709602832794,-0.0013847202062606812,0.0015040598809719086,0.03918816149234772
0.036990709602832794,-0.0013847202062606812,0.0015040598809719086,0.03918816149234772
0.036990709602832794,-0.0013847202062606812,0.0015040598809719086,0.03918816149234772
0.036990709602832794,-0.0013847202062606812,0.0015040598809719086,0.03918816149234772
0.036990709602832794,-0.0013847202062606812,0.0015040598809719086,0.03918816149234772
0.036990709602832794,-0.0013847202062606812,0.0015040598809719086,0.03918816149234772
0.036990709602832794,-0.0013847202062606812,0.0015040598809719086,0.03918816149234772
0.036990709602832794,-0.0013847202062606812,0.0015040598809719086,0.03918816149234772
0.036990709602832794,-0.0013847202062606812,0.0015040598809719086,0.03918816149234772
0.036990709602832794,-0.0013847202062606812,0.0015040598809719086,0.03918816149234772
0.036990709602832794,-0.0013847202062606812,0.0015040598809719086,0.03918816149234772
0.036990709602832794,-0.0013847202062606812,0.0015040598809719086,0.03918816149234772
0.036990709602832794,-0.0013847202062606812,0.0015040598809719086,0.03918816149234772
0.036990709602832794,-0.0013847202062606812,0.0015040598809719086,0.03918816149234772
0.036990709602832794,-0.0013847202062606812,0.0015040598809719086,0.03918816149234772
0.036990709602832794,-0.0013847202062606812,0.0015040598809719086,0.03918816149234772
0.036990709602832794,-0.0013847202062606812,0.0015040598809719086,0.03918816149234772
0.036990709602832794,-0.0013847202062606812,0.0015040598809719086,0.03918816149234772
0.036990709602832794,-0.0013847202062606812,0.0015040598809719086,0.03918816149234772
0.036990709602832794,-0.0013847202062606812,0.0015040598809719086,0.03918816149234772
0.036990709602832794,-0.0013847202062606812,0.0015040598809719086,0.03918816149234772
0.036990709602832794,-0.0013847202062606812,0.0015040598809719086,0.03918816149234772
0.036990709602832794,-0.0013847202062606812,0.0015040598809719086,0.03918816149234772
0.036990709602832794,-0.0013847202062606812,0.0015040598809719086,0.03918816149234772
0.036990709602832794,-0.0013847202062606812,0.0015040598809719086,0.03918816149234772
0.036990709602832794,-0.0013847202062606812,0.0015040598809719086,0.03918816149234772
0.036990709602832794,-0.0013847202062606812,0.0015040598809719086,0.03918816149234772
0.036990709602832794,-0.0013847202062606812,0.0015040598809719086,0.03918816149234772
0.036990709602832794,-0.0013847202062606812,0.0015040598809719086,0.03918816149234772
0.036990709602832794,-0.0013847202062606812,0.0015040598809719086,0.03918816149234772
0.036990709602832794,-0.0013847202062606812,0.0015040598809719086,0.03918816149234772
0.036990709602832794,-0.0013847202062606812,0.0015040598809719086,0.03918816149234772
0.036990709602832794,-0.0013847202062606812,0.0015040598809719086,0.03918816149234772
0.036990709602832794,-0.0013847202062606812,0.0015040598809719086,0.03918816149234772
0.036990709602832794,-0.0013847202062606812,0.0015040598809719086,0.03918816149234772
0.036990709602832794,-0.0013847202062606812,0.0015040598809719086,0.03918816149234772
0.036990709602832794,-0.0013847202062606812,0.0015040598809719086,0.03918816149234772
0.036990709602832794,-0.0013847202062606812,0.0015040598809719086,0.03918816149234772
0.036990709602832794,-0.0013847202062606812,0.0015040598809719086,0.03918816149234772
0.036990709602832794,-0.0013847202062606812,0.0015040598809719086,0.03918816149234772
0.036990709602832794,-0.0013847202062606812,0.0015040598809719086,0.03918816149234772
0.036990709602832794,-0.0013847202062606812,0.0015040598809719086,0.03918816149234772
0.036990709602832794,-0.0013847202062606812,0.0015040598809719086,0.03918816149234772
0.036990709602832794,-0.0013847202062606812,0.0015040598809719086,0.03918816149234772
0.036990709602832794,-0.0013847202062606812,0.0015040598809719086,0.03918816149234772
0.036990709602832794,-0.0013847202062606812,0.0015040598809719086,0.03918816149234772
0.036990709602832794,-0.0013847202062606812,0.0015040598809719086,0.03918816149234772
0.036990709602832794,-0.0013847202062606812,0.0015040598809719086,0.03918816149234772
0.036990709602832794,-0.0013847202062606812,0.0015040598809719086,0.03918816149234772
0.036990709602832794,-0.0013847202062606812,0.0015040598809719086,0.03918816149234772
0.036990709602832794,-0.0013847202062606812,0.0015040598809719086,0.03918816149234772
0.036990709602832794,-0.0013847202062606812,0.0015040598809719086,0.03918816149234772
0.036990709602832794,-0.0013847202062606812,0.0015040598809719086,0.03918816149234772
0.036990709602832794,-0.0013847202062606812,0.0015040598809719086,0.03918816149234772
0.036990709602832794,-0.0013847202062606812,0.0015040598809719086,0.03918816149234772
0.036990709602832794,-0.0013847202062606812,0.0015040598809719086,0.03918816149234772
0.036990709602832794,-0.0013847202062606812,0.0015040598809719086,0.03918816149234772
0.036990709602832794,-0.0013847202062606812,0.0015040598809719086,0.03918816149234772
0.036990709602832794,-0.0013847202062606812,0.0015040598809719086,0.03918816149234772
0.036990709602832794,-0.0013847202062606812,0.0015040598809719086,0.03918816149234772
0.036990709602832794,-0.0013847202062606812,0.0015040598809719086,0.03918816149234772
0.036990709602832794,-0.0013847202062606812,0.0015040598809719086,0.03918816149234772
0.036990709602832794,-0.0013847202062606812,0.0015040598809719086,0.03918816149234772
0.036990709602832794,-0.0013847202062606812,0.0015040598809719086,0.03918816149234772
0.036990709602832794,-0.0013847202062606812,0.0015040598809719086,0.03918816149234772
0.036990709602832794,-0.0013847202062606812,0.0015040598809719086,0.03918816149234772
0.036990709602832794,-0.0013847202062606812,0.0015040598809719086,0.03918816149234772
0.036990709602832794,-0.0013847202062606812,0.0015040598809719086,0.03918816149234772
0.036990709602832794,-0.0013847202062606812,0.0015040598809719086,0.03918816149234772
0.036990709602832794,-0.0013847202062606812,0.0015040598809719086,0.03918816149234772
0.036990709602832794,-0.0013847202062606812,0.0015040598809719086,0.03918816149234772
0.036990709602832794,-0.0013847202062606812,0.0015040598809719086,0.03918816149234772
0.036990709602832794,-0.0013847202062606812,0.0015040598809719086,0.03918816149234772
0.036990709602832794,-0.0013847202062606812,0.0015040598809719086,0.03918816149234772
0.036990709602832794,-0.0013847202062606812,0.0015040598809719086,0.03918816149234772
0.036990709602832794,-0.0013847202062606812,0.0015040598809719086,0.03918816149234772
0.036990709602832794,-0.0013847202062606812,0.0015040598809719086,0.03918816149234772
0.036990709602832794,-0.0013847202062606812,0.0015040598809719086,0.03918816149234772
0.036990709602832794,-0.0013847202062606812,0.0015040598809719086,0.03918816149234772
0.036990709602832794,-0.0013847202062606812,0.0015040598809719086,0.03918816149234772
0.036990709602832794,-0.0013847202062606812,0.0015040598809719086,0.03918816149234772
0.036990709602832794,-0.0013847202062606812,0.0015040598809719086,0.03918816149234772
0.036990709602832794,-0.0013847202062606812,0.0015040598809719086,0.03918816149234772
0.036990709602832794,-0.0013847202062606812,0.0015040598809719086,0.03918816149234772
0.036990709602832794,-0.0013847202062606812,0.0015040598809719086,0.03918816149234772
0.036990709602832794,-0.0013847202062606812,0.0015040598809719086,0.03918816149234772
0.036990709602832794,-0.0013847202062606812,0.0015040598809719086,0.03918816149234772
0.036990709602832794,-0.0013847202062606812,0.0015040598809719086,0.03918816149234772
0.036990709602832794,-0.0013847202062606812,0.0015040598809719086,0.03918816149234772
0.036990709602832794,-0.0013847202062606812,0.0015040598809719086,0.03918816149234772
0.036990709602832794,-0.0013847202062606812,0.0015040598809719086,0.03918816149234772
0.036990709602832794,-0.0013847202062606812,0.0015040598809719086,0.03918816149234772
0.036990709602832794,-0.0013847202062606812,0.0015040598809719086,0.03918816149234772
0.036990709602832794,-0.0013847202062606812,0.0015040598809719086,0.03918816149234772
0.036990709602832794,-0.0013847202062606812,0.0015040598809719086,0.03918816149234772
0.036990709602832794,-0.0013847202062606812,0.0015040598809719086,0.03918816149234772
0.036990709602832794,-0.0013847202062606812,0.0015040598809719086,0.03918816149234772
0.036990709602832794,-0.0013847202062606812,0.0015040598809719086,0.03918816149234772
0.036990709602832794,-0.0013847202062606812,0.0015040598809719086,0.03918816149234772
0.036990709602832794,-0.0013847202062606812,0.0015040598809719086,0.03918816149234772
0.036990709602832794,-0.0013847202062606812,0.0015040598809719086,0.03918816149234772
0.036990709602832794,-0.0013847202062606812,0.0015040598809719086,0.03918816149234772
0.036990709602832794,-0.0013847202062606812,0.0015040598809719086,0.03918816149234772
0.036990709602832794,-0.0013847202062606812,0.0015040598809719086,0.03918816149234772
0.036990709602832794,-0.0013847202062606812,0.0015040598809719086,0.03918816149234772
0.036990709602832794,-0.0013847202062606812,0.0015040598809719086,0.03918816149234772
0.036990709602832794,-0.0013847202062606812,0.0015040598809719086,0.03918816149234772
0.036990709602832794,-0.0013847202062606812,0.0015040598809719086,0.03918816149234772
0.036990709602832794,-0.0013847202062606812,0.0015040598809719086,0.03918816149234772
0.036990709602832794,-0.0013847202062606812,0.0015040598809719086,0.03918816149234772
0.036990709602832794,-0.0013847202062606812,0.0015040598809719086,0.03918816149234772
