vx,vy,vz,omega_z
-0.18434235453605652,-0.12369872629642487,0.20447129011154175,0.8581824898719788
-0.2616952061653137,-0.15335553884506226,0.21163678169250488,0.9324010610580444
-0.27427199482917786,-0.15699513256549835,0.21224263310432434,0.9339568614959717
-0.27623307704925537,-0.15758444368839264,0.2122778296470642,0.9339920878410339
-0.2765370011329651,-0.15768522024154663,0.21227967739105225,0.9339931607246399
-0.25952932238578796,-0.14955267310142517,0.2109566628932953,0.9218066334724426
-0.2519072890281677,-0.1497104912996292,0.20852676033973694,0.9201284050941467
-0.2361898422241211,-0.16057589650154114,0.21381783485412598,0.924912691116333
-0.23227617144584656,-0.16345465183258057,0.21444082260131836,0.924060583114624
-0.23170846700668335,-0.163681298494339,0.21450597047805786,0.9240279793739319
-0.23275327682495117,-0.15770724415779114,0.17868240177631378,0.9017300605773926
-0.24154701828956604,-0.12936091423034668,0.1767716109752655,0.8699109554290771
-0.24391737580299377,-0.1235375627875328,0.17471040785312653,0.8668683767318726
-0.24408143758773804,-0.11083018779754639,0.1832796186208725,0.8712499737739563
-0.24309346079826355,-0.11090467870235443,0.18422967195510864,0.8715269565582275
-0.23983576893806458,-0.11495933681726456,0.1808381825685501,0.8696904182434082
-0.23965340852737427,-0.11770910769701004,0.18217681348323822,0.8692536950111389
-0.23260211944580078,-0.10764884203672409,0.1948121190071106,0.8705734014511108
-0.23048967123031616,-0.10504527390003204,0.19535699486732483,0.8706563115119934
-0.23552724719047546,-0.09995671361684799,0.17911100387573242,0.8431683778762817
-0.23591139912605286,-0.10018865019083023,0.1784965842962265,0.8383615612983704
-0.23073109984397888,-0.10043443739414215,0.16171672940254211,0.8447200059890747
-0.23032960295677185,-0.10023988783359528,0.16190297901630402,0.8441972136497498
-0.23947152495384216,-0.09698670357465744,0.17198942601680756,0.8095946311950684
-0.2423093020915985,-0.09299266338348389,0.1724032312631607,0.8056750297546387
-0.24139824509620667,-0.08467026054859161,0.16106662154197693,0.7744718194007874
-0.2393551468849182,-0.08091793209314346,0.16122888028621674,0.7709804773330688
-0.24770987033843994,-0.054276254028081894,0.16126689314842224,0.7647894620895386
-0.25191745162010193,-0.051815688610076904,0.15971751511096954,0.7644228935241699
-0.2453261911869049,-0.047574516385793686,0.16155923902988434,0.7631910443305969
-0.24348658323287964,-0.04911831021308899,0.160774365067482,0.7627468705177307
-0.24123123288154602,-0.039090417325496674,0.1579604148864746,0.7344375252723694
-0.23858579993247986,-0.03895445540547371,0.15708866715431213,0.729856014251709
-0.23818960785865784,-0.03899197652935982,0.15702073276042938,0.7297257781028748
-0.22847527265548706,-0.016174212098121643,0.16259704530239105,0.7182591557502747
-0.22692066431045532,-0.009494468569755554,0.16238071024417877,0.7165477871894836
-0.22189423441886902,-0.009289868175983429,0.15582039952278137,0.7148209810256958
-0.22113564610481262,-0.006280787289142609,0.15550437569618225,0.7157055735588074
-0.21533915400505066,-0.0031708478927612305,0.15287549793720245,0.6955665349960327
-0.20986491441726685,0.0003769025206565857,0.1524098813533783,0.6926458477973938
-0.2081109583377838,0.0069589763879776,0.13297979533672333,0.6629118919372559
-0.20345595479011536,0.00586690753698349,0.13307960331439972,0.6584197282791138
-0.20322847366333008,-0.0017251595854759216,0.12810663878917694,0.6215946674346924
-0.19652456045150757,-0.0006282851099967957,0.1279001384973526,0.6168021559715271
-0.1794368326663971,0.0045984238386154175,0.12926045060157776,0.6265201568603516
-0.17640963196754456,0.004259921610355377,0.1290796846151352,0.6274360418319702
-0.16025537252426147,0.0057511478662490845,0.11847521364688873,0.6257892847061157
-0.15691927075386047,0.006803862750530243,0.11614365875720978,0.6260104179382324
-0.16583362221717834,0.008635558187961578,0.1039302796125412,0.5855719447135925
-0.16475898027420044,0.01181098073720932,0.10069572925567627,0.5813871622085571
-0.16223105788230896,0.01187106966972351,0.0985182523727417,0.5728702545166016
-0.1617620587348938,0.01132657378911972,0.09744217991828918,0.5717384815216064
-0.15302875638008118,0.014023303985595703,0.10783669352531433,0.5858334898948669
-0.1516801118850708,0.010556057095527649,0.10877114534378052,0.5878541469573975
-0.15155422687530518,0.009734116494655609,0.10879406332969666,0.5879311561584473
-0.15076076984405518,0.009246565401554108,0.10517650842666626,0.5893762707710266
-0.14509546756744385,0.014284133911132812,0.10169349610805511,0.5418189764022827
-0.14315462112426758,0.01904064416885376,0.10036751627922058,0.5359209179878235
-0.13404375314712524,0.022515811026096344,0.09520357847213745,0.512653648853302
-0.13240006566047668,0.024524636566638947,0.09462422132492065,0.5093373656272888
-0.13334685564041138,0.02330411970615387,0.09333066642284393,0.5128383040428162
-0.13403478264808655,0.0210224911570549,0.09343928098678589,0.5129638314247131
-0.13659518957138062,0.033972665667533875,0.09795230627059937,0.5207311511039734
-0.13716506958007812,0.034824684262275696,0.09795375168323517,0.5217373371124268
-0.13146689534187317,0.03299063444137573,0.08568678796291351,0.5090904235839844
-0.129379004240036,0.0338984876871109,0.08335386216640472,0.5075793266296387
-0.12102591246366501,0.030696645379066467,0.10370083153247833,0.5056114196777344
-0.12036816030740738,0.029982298612594604,0.1067667007446289,0.5057674050331116
-0.11714103072881699,0.0262577086687088,0.09573966264724731,0.4981982409954071
-0.11592525988817215,0.027924582362174988,0.09315545856952667,0.49742597341537476
-0.11763868480920792,0.01868913322687149,0.0795859843492508,0.4796715974807739
-0.11650965362787247,0.019342154264450073,0.07725049555301666,0.47749823331832886
-0.11632967740297318,0.01950547844171524,0.0770949274301529,0.4773978888988495
-0.1146397516131401,0.012641467154026031,0.08311589062213898,0.4653122127056122
-0.10868237167596817,0.008695408701896667,0.07185637950897217,0.4552275538444519
-0.10722614079713821,0.010559126734733582,0.06903702020645142,0.45403918623924255
-0.09715656191110611,0.012017428874969482,0.06309400498867035,0.45492810010910034
-0.09550020843744278,0.012617722153663635,0.061451707035303116,0.45495936274528503
-0.09529653936624527,0.01271461695432663,0.061352577060461044,0.45493417978286743
-0.0883968248963356,0.01413416862487793,0.060916755348443985,0.44313952326774597
-0.08437306433916092,0.017046689987182617,0.05612977221608162,0.4319230914115906
-0.08348358422517776,0.018348857760429382,0.05486660078167915,0.42989030480384827
-0.07900234311819077,0.01770806312561035,0.05678287521004677,0.42469197511672974
-0.07857728749513626,0.01757345348596573,0.056665029376745224,0.4237819314002991
-0.07322870939970016,0.013626523315906525,0.054100412875413895,0.4174053370952606
-0.07190833240747452,0.013636745512485504,0.05187643691897392,0.4162633717060089
-0.06776265054941177,0.011422529816627502,0.05803852900862694,0.4046250581741333
-0.06672082096338272,0.011432342231273651,0.05757327750325203,0.40202587842941284
-0.06652183085680008,0.00642520934343338,0.05173120275139809,0.39618468284606934
-0.06565209478139877,0.006168007850646973,0.0497765876352787,0.39493024349212646
-0.05843030661344528,0.009886130690574646,0.05303895100951195,0.3859030604362488
-0.05745368450880051,0.009858526289463043,0.0536370612680912,0.3839713931083679
-0.055312372744083405,0.01072528213262558,0.05428265407681465,0.3855580687522888
-0.059159331023693085,0.002641819417476654,0.05034233257174492,0.3860374093055725
-0.05908239632844925,0.001487240195274353,0.048475053161382675,0.3852209448814392
-0.05327332764863968,-0.0020219162106513977,0.04362693056464195,0.36691030859947205
-0.050798870623111725,-0.0022947192192077637,0.03974204882979393,0.3611828684806824
-0.046407587826251984,-0.0035799816250801086,0.03969920054078102,0.3485581874847412
-0.04538143426179886,-0.0036432072520256042,0.039085086435079575,0.3456451892852783
-0.044025518000125885,-0.002878136932849884,0.03807760402560234,0.34461498260498047
-0.044030629098415375,-0.0030437111854553223,0.03865725174546242,0.3446207642555237
-0.04164082556962967,0.00037591904401779175,0.03849774971604347,0.34309840202331543
-0.04106011241674423,0.000574946403503418,0.038070809096097946,0.34239059686660767
-0.04235357791185379,-0.0007758289575576782,0.04259118065237999,0.34017544984817505
-0.04225275665521622,-0.0011638253927230835,0.042307298630476,0.3391806185245514
-0.03865038603544235,-0.0014486685395240784,0.045363206416368484,0.33400917053222656
-0.03761576861143112,-0.0022057443857192993,0.04415670409798622,0.33175039291381836
-0.035933174192905426,-0.002831302583217621,0.04572030529379845,0.32724618911743164
-0.03527671843767166,-0.0031238719820976257,0.044762056320905685,0.32573264837265015
-0.035326145589351654,-0.0034358054399490356,0.043346721678972244,0.32031962275505066
-0.03497270494699478,-0.004194147884845734,0.042567748576402664,0.3190065920352936
-0.035396672785282135,-0.007725164294242859,0.04202413931488991,0.3102447986602783
-0.03455447405576706,-0.011075764894485474,0.035125765949487686,0.3016411066055298
-0.03374921530485153,-0.011837974190711975,0.03288703039288521,0.299296498298645
-0.03221357613801956,-0.011680759489536285,0.03668234124779701,0.29424625635147095
-0.031906478106975555,-0.011445276439189911,0.03670288994908333,0.29301708936691284
-0.02994319051504135,-0.009127013385295868,0.034406628459692,0.29413890838623047
-0.02960183471441269,-0.009318836033344269,0.03429396077990532,0.2942994236946106
-0.027571208775043488,-0.012165479362010956,0.03054964914917946,0.2838592529296875
-0.02648579329252243,-0.013039730489253998,0.028068404644727707,0.2803574800491333
-0.02259577065706253,-0.015140488743782043,0.024898339062929153,0.2712348699569702
-0.021450944244861603,-0.016150087118148804,0.02298669144511223,0.2680765688419342
-0.02067653089761734,-0.015784747898578644,0.021736983209848404,0.27393174171447754
-0.020696572959423065,-0.015599802136421204,0.021971654146909714,0.27552953362464905
-0.020147718489170074,-0.014958277344703674,0.02393212541937828,0.26683080196380615
-0.019632242619991302,-0.014970444142818451,0.02313392236828804,0.26404738426208496
-0.02055317908525467,-0.009875856339931488,0.026421483606100082,0.26327794790267944
-0.020817987620830536,-0.00869443267583847,0.027137089520692825,0.2635995149612427
-0.020706482231616974,-0.005932867527008057,0.02867617830634117,0.25934621691703796
-0.020894058048725128,-0.005598187446594238,0.02630269154906273,0.25705018639564514
-0.02062932401895523,-0.005598761141300201,0.025280874222517014,0.25634992122650146
-0.020136289298534393,-0.005814261734485626,0.022557009011507034,0.2515689730644226
-0.019748426973819733,-0.00629878044128418,0.021712739020586014,0.25001299381256104
-0.019757889211177826,-0.007151320576667786,0.022367577999830246,0.2456580400466919
-0.01962023228406906,-0.007946372032165527,0.02195103093981743,0.24475550651550293
-0.01802285760641098,-0.009756788611412048,0.02394672855734825,0.2393084317445755
-0.01765788346529007,-0.01093069463968277,0.023855384439229965,0.23789843916893005
-0.01544954627752304,-0.012391693890094757,0.02666209265589714,0.23289920389652252
-0.015001289546489716,-0.013516798615455627,0.026746902614831924,0.2315034419298172
-0.01185830682516098,-0.014417082071304321,0.02658471092581749,0.22461408376693726
-0.011181019246578217,-0.015399828553199768,0.025976132601499557,0.2226749211549759
-0.009129025042057037,-0.014338068664073944,0.023445341736078262,0.21857228875160217
-0.008582867681980133,-0.014816850423812866,0.022632475942373276,0.21732202172279358
-0.007837258279323578,-0.013799324631690979,0.023703191429376602,0.21485264599323273
-0.007585190236568451,-0.014009207487106323,0.02340582385659218,0.21417203545570374
-0.0057373493909835815,-0.012043073773384094,0.02304723486304283,0.2104572057723999
-0.00534956157207489,-0.012476228177547455,0.02281048521399498,0.20953369140625
-0.00487857311964035,-0.011533685028553009,0.025546055287122726,0.21059933304786682
-0.004920825362205505,-0.011707291007041931,0.02606469765305519,0.21095889806747437
-0.002830594778060913,-0.01125771552324295,0.022958364337682724,0.20574772357940674
-0.002233646810054779,-0.011888474225997925,0.021786589175462723,0.20422139763832092
-0.001833103597164154,-0.012465320527553558,0.01993503049015999,0.20161888003349304
-0.001603931188583374,-0.012878410518169403,0.01913490518927574,0.20098215341567993
-0.001292303204536438,-0.012858591973781586,0.018859785050153732,0.19851893186569214
-0.001112028956413269,-0.013383626937866211,0.018499556928873062,0.19805997610092163
-0.00012820959091186523,-0.01398564875125885,0.019262690097093582,0.19634303450584412
0.00023069977760314941,-0.015001386404037476,0.0190582312643528,0.19324004650115967
0.00039239227771759033,-0.01539430022239685,0.01888922229409218,0.19265326857566833
0.0004418417811393738,-0.01593109220266342,0.01962241902947426,0.18915580213069916
0.0005042999982833862,-0.016258269548416138,0.01962093636393547,0.1886354386806488
0.0005112737417221069,-0.01634654402732849,0.019622918218374252,0.1886005699634552
0.0024085119366645813,-0.015516892075538635,0.021847043186426163,0.1838212013244629
0.0026765763759613037,-0.01600015163421631,0.022293906658887863,0.18307870626449585
0.0027833953499794006,-0.015087313950061798,0.02329498901963234,0.1783832609653473
0.0024745017290115356,-0.014175266027450562,0.021174710243940353,0.17414216697216034
0.0026117265224456787,-0.013975799083709717,0.020664159208536148,0.17319390177726746
0.002090737223625183,-0.01394922286272049,0.018546927720308304,0.17299097776412964
0.0020809993147850037,-0.013845264911651611,0.018269691616296768,0.17273950576782227
0.0020848363637924194,-0.013814762234687805,0.018249105662107468,0.1727200150489807
0.002239622175693512,-0.01397191733121872,0.01782746985554695,0.1701742261648178
0.0020129531621932983,-0.014512702822685242,0.015908394008874893,0.16805876791477203
0.0020025745034217834,-0.0146726593375206,0.015674103051424026,0.16759458184242249
0.002049751579761505,-0.01458626240491867,0.01323946937918663,0.1622801274061203
0.0023205578327178955,-0.014800094068050385,0.012699592858552933,0.16094107925891876
0.0022060349583625793,-0.015851497650146484,0.011237327009439468,0.15735368430614471
0.0023602470755577087,-0.016167454421520233,0.010724011808633804,0.1565406620502472
0.002385243773460388,-0.016222931444644928,0.010694365948438644,0.15646879374980927
0.0033677369356155396,-0.017014607787132263,0.011672038584947586,0.15088531374931335
0.003537006676197052,-0.017488092184066772,0.01170516386628151,0.14986960589885712
0.00331946462392807,-0.018214210867881775,0.012472394853830338,0.1494707316160202
0.004550427198410034,-0.01876867562532425,0.013918239623308182,0.14469195902347565
0.0047113001346588135,-0.019131027162075043,0.013971935957670212,0.14382004737854004
0.005641855299472809,-0.01888463646173477,0.014419015496969223,0.14183160662651062
0.0057723745703697205,-0.019099868834018707,0.014439847320318222,0.14152824878692627
0.005786910653114319,-0.019163936376571655,0.01443970575928688,0.14151215553283691
0.0074295103549957275,-0.018048204481601715,0.014065045863389969,0.13889595866203308
0.00817873328924179,-0.016298092901706696,0.013385441154241562,0.13898754119873047
0.00831739604473114,-0.016110651195049286,0.013305585831403732,0.1390085071325302
0.009025827050209045,-0.015223272144794464,0.01438765600323677,0.13763023912906647
0.009107470512390137,-0.015070497989654541,0.014494236558675766,0.1375042200088501
0.009113490581512451,-0.015074953436851501,0.01450582966208458,0.13748414814472198
0.009429708123207092,-0.013950556516647339,0.014330919831991196,0.13631103932857513
0.009571269154548645,-0.01362590491771698,0.014234837144613266,0.1360590010881424
0.010437838733196259,-0.012222029268741608,0.013810228556394577,0.13568583130836487
0.010366134345531464,-0.01216764748096466,0.012266438454389572,0.13295365869998932
0.01050422340631485,-0.012035436928272247,0.011920381337404251,0.13223569095134735
0.010523758828639984,-0.012037724256515503,0.011901360005140305,0.13215789198875427
0.011168405413627625,-0.01289377361536026,0.011040043085813522,0.1278003752231598
0.0114363431930542,-0.01292671263217926,0.010649364441633224,0.1268288940191269
0.012616351246833801,-0.013156712055206299,0.007619384676218033,0.12409170717000961
0.013554416596889496,-0.01334158331155777,0.008450429886579514,0.12248049676418304
0.01365572214126587,-0.013764500617980957,0.008695576339960098,0.12232901155948639
0.014132820069789886,-0.013895802199840546,0.007386494427919388,0.12114335596561432
0.014306493103504181,-0.013917453587055206,0.007174413651227951,0.12071165442466736
0.015141874551773071,-0.013431921601295471,0.006994325667619705,0.11773798614740372
0.015346847474575043,-0.013458482921123505,0.006921950727701187,0.11705456674098969
0.016109518706798553,-0.013684861361980438,0.005298379808664322,0.1156025156378746
0.01627272367477417,-0.013856343924999237,0.005000334233045578,0.11503202468156815
0.01692584902048111,-0.01379479467868805,0.004917558282613754,0.11548428982496262
0.017023734748363495,-0.013753324747085571,0.005027901381254196,0.1155119389295578
0.01694941520690918,-0.013231523334980011,0.004408154636621475,0.11363434791564941
0.01735394448041916,-0.012837611138820648,0.004622939974069595,0.11161132901906967
0.017472729086875916,-0.012882836163043976,0.004632089287042618,0.11132299154996872
0.01754952222108841,-0.012594610452651978,0.0049111805856227875,0.10714226961135864
0.017684943974018097,-0.012556508183479309,0.004902515560388565,0.10632090270519257
0.017896629869937897,-0.011837795376777649,0.004150595515966415,0.103752002120018
0.018040835857391357,-0.011733978986740112,0.0038735009729862213,0.10316278040409088
0.018060870468616486,-0.011778898537158966,0.0038542337715625763,0.10311509668827057
0.018212683498859406,-0.0116334930062294,0.003216911107301712,0.10201673209667206
0.018503941595554352,-0.011019617319107056,0.003901023417711258,0.1003178209066391
0.018581941723823547,-0.011051014065742493,0.003978084772825241,0.10015613585710526
0.018532127141952515,-0.011200770735740662,0.005038376897573471,0.097596175968647
0.018536746501922607,-0.011213324964046478,0.00519731268286705,0.09725791215896606
0.018536478281021118,-0.011228024959564209,0.005207020789384842,0.09724026918411255
0.01848679780960083,-0.011225871741771698,0.006148923188447952,0.09608186036348343
0.019111327826976776,-0.011017054319381714,0.006296847015619278,0.09459138661623001
0.019244737923145294,-0.010954491794109344,0.006266776472330093,0.09435424208641052
0.019764557480812073,-0.011056952178478241,0.00699591264128685,0.09312917292118073
0.01985558122396469,-0.011128135025501251,0.007071692496538162,0.09301964193582535
0.020617052912712097,-0.01071300357580185,0.0074521638453006744,0.09144161641597748
0.02107163518667221,-0.011116690933704376,0.00772775337100029,0.0904506966471672
0.021086715161800385,-0.011129997670650482,0.007810849696397781,0.0903429463505745
0.02121788263320923,-0.011707320809364319,0.007327456027269363,0.09022804349660873
0.021243944764137268,-0.011744216084480286,0.007238861173391342,0.09014517068862915
0.020978286862373352,-0.011881127953529358,0.006933566182851791,0.0888378769159317
0.02100183814764023,-0.011803589761257172,0.006829690188169479,0.08854003995656967
0.020876072347164154,-0.01183156669139862,0.005844812840223312,0.08628810197114944
0.020939335227012634,-0.011688768863677979,0.005625490099191666,0.08573712408542633
0.020577087998390198,-0.01161792129278183,0.005298007279634476,0.08472150564193726
0.020548060536384583,-0.011649876832962036,0.005252104252576828,0.08447164297103882
0.020593464374542236,-0.012130849063396454,0.004824589937925339,0.08432513475418091
0.020622149109840393,-0.012327030301094055,0.0047005899250507355,0.08431953191757202
0.020634427666664124,-0.012334592640399933,0.004549939185380936,0.08313660323619843
0.02068120241165161,-0.01244363933801651,0.0044575221836566925,0.08295316994190216
0.021305911242961884,-0.012196801602840424,0.005030956119298935,0.08142216503620148
0.02122873067855835,-0.012202411890029907,0.004774462431669235,0.08036612719297409
0.021227411925792694,-0.01220906525850296,0.004665929824113846,0.08020694553852081
0.021228410303592682,-0.012202255427837372,0.004659641534090042,0.08018919825553894
0.021539755165576935,-0.012176454067230225,0.004970092326402664,0.07924667745828629
0.021584272384643555,-0.012038156390190125,0.005028735846281052,0.07908623665571213
0.022273465991020203,-0.011663898825645447,0.005735721439123154,0.07842409610748291
0.022417373955249786,-0.011662252247333527,0.005792748183012009,0.0783815085887909
0.023048140108585358,-0.011497020721435547,0.005355674773454666,0.07691347599029541
0.023202449083328247,-0.011440940201282501,0.0052312277257442474,0.07647650688886642
0.02344793826341629,-0.011596962809562683,0.005386371165513992,0.07520778477191925
0.02348572015762329,-0.011654384434223175,0.005426730960607529,0.07482393831014633
0.02367379516363144,-0.011896990239620209,0.005731884390115738,0.07439693808555603
0.023415401577949524,-0.011663056910037994,0.0056799836456775665,0.07360197603702545
0.023402824997901917,-0.011475645005702972,0.005660679191350937,0.07337135821580887
0.023401714861392975,-0.011459901928901672,0.0056598372757434845,0.07334873080253601
0.02367880940437317,-0.011375606060028076,0.005501437932252884,0.07252124696969986
0.02404085546731949,-0.010670088231563568,0.0061524249613285065,0.07144782692193985
0.024090223014354706,-0.010612189769744873,0.006295431405305862,0.07132600992918015
0.024284727871418,-0.010185301303863525,0.005820509046316147,0.07055307179689407
0.024360232055187225,-0.010083220899105072,0.0056930892169475555,0.07031145691871643
0.024603158235549927,-0.00996255874633789,0.00561942532658577,0.07019220292568207
0.024646788835525513,-0.00991879403591156,0.0056162066757678986,0.07008533924818039
0.025009825825691223,-0.009559951722621918,0.004891049116849899,0.06917062401771545
0.02510465681552887,-0.009493723511695862,0.004748594015836716,0.0689023956656456
0.02558209002017975,-0.009877979755401611,0.005646552890539169,0.06827448308467865
0.025631919503211975,-0.01002705842256546,0.0057493336498737335,0.06827766448259354
0.025598913431167603,-0.009979866445064545,0.006228867918252945,0.06784157454967499
0.02556256204843521,-0.009970434010028839,0.006267141550779343,0.0678705945611
0.02550191432237625,-0.009888336062431335,0.005672398954629898,0.06669218838214874
0.02554239332675934,-0.009796865284442902,0.005478847771883011,0.06651009619235992
0.025039315223693848,-0.010047391057014465,0.004570994526147842,0.0661654993891716
0.024969428777694702,-0.010040335357189178,0.004354577511548996,0.06605051457881927
0.025239676237106323,-0.010303810238838196,0.00467078760266304,0.06569370627403259
0.025295644998550415,-0.010262064635753632,0.004726480692625046,0.06563495844602585
0.025628194212913513,-0.010396771132946014,0.005535069853067398,0.0655742883682251
0.02565983682870865,-0.01042678952217102,0.005680222064256668,0.06560653448104858
0.02564365416765213,-0.010704360902309418,0.0061605386435985565,0.06635820120573044
0.025605224072933197,-0.010760322213172913,0.006251003593206406,0.06650972366333008
0.025934070348739624,-0.010613538324832916,0.006911378353834152,0.06623734533786774
0.025960005819797516,-0.010670877993106842,0.007016818970441818,0.06625670194625854
0.026316910982131958,-0.010824032127857208,0.006186995655298233,0.06603360921144485
0.0268140509724617,-0.010471612215042114,0.00516119971871376,0.06342752277851105
0.026986941695213318,-0.01030394434928894,0.004888731986284256,0.06285106390714645
0.027010716497898102,-0.010301947593688965,0.0048684291541576385,0.06280593574047089
0.026623040437698364,-0.009907640516757965,0.003937337547540665,0.06087685376405716
0.026443757116794586,-0.00965145230293274,0.0032919682562351227,0.058699831366539
0.026457957923412323,-0.009597212076187134,0.0031458400189876556,0.05830088257789612
0.026179306209087372,-0.009700596332550049,0.0038951076567173004,0.05802454054355621
0.026088207960128784,-0.009722299873828888,0.004052270203828812,0.05803918093442917
0.026530146598815918,-0.009471103549003601,0.00447213277220726,0.05796656012535095
0.026591069996356964,-0.009401746094226837,0.004576731473207474,0.057996153831481934
0.027135491371154785,-0.009280115365982056,0.004632528871297836,0.058154553174972534
0.027220912277698517,-0.009203121066093445,0.004674192517995834,0.05818112939596176
0.027800820767879486,-0.009294979274272919,0.003614906221628189,0.05830301344394684
0.027946971356868744,-0.00920010358095169,0.0034213028848171234,0.05818009376525879
0.028047360479831696,-0.008922584354877472,0.0026700757443904877,0.057623639702796936
0.02810097485780716,-0.008788354694843292,0.0025110580027103424,0.05742741376161575
0.028388701379299164,-0.008317716419696808,0.002627108246088028,0.057532958686351776
0.02842089533805847,-0.00815419852733612,0.0026749558746814728,0.05753381550312042
0.028629690408706665,-0.008020862936973572,0.0024077780544757843,0.05748508870601654
0.028669878840446472,-0.00799126923084259,0.0023412592709064484,0.0574503093957901
0.02924097329378128,-0.007811591029167175,0.0019530467689037323,0.057548679411411285
0.02966945618391037,-0.007643669843673706,0.0018499307334423065,0.05754312127828598
0.0297439843416214,-0.007612645626068115,0.0018370188772678375,0.05749283730983734
0.029752478003501892,-0.007619686424732208,0.0018357522785663605,0.057485491037368774
0.03005850315093994,-0.007566049695014954,0.001893017441034317,0.05705113708972931
0.030494533479213715,-0.007393099367618561,0.002418156713247299,0.05601178854703903
0.03058686852455139,-0.00730404257774353,0.002484213560819626,0.055907562375068665
0.030329063534736633,-0.007356554269790649,0.002155456691980362,0.05552364140748978
0.03031311184167862,-0.007319316267967224,0.002077300101518631,0.05544193834066391
0.030312612652778625,-0.007306024432182312,0.002072010189294815,0.055437929928302765
0.030422747135162354,-0.007586680352687836,0.0018952898681163788,0.053895123302936554
0.03096921741962433,-0.007503576576709747,0.0022312887012958527,0.05296208709478378
0.031048983335494995,-0.007517270743846893,0.0022682808339595795,0.05281078815460205
0.0309780091047287,-0.007505431771278381,0.0017211474478244781,0.051970385015010834
0.031011641025543213,-0.007500536739826202,0.0015810094773769379,0.05180995911359787
0.031126990914344788,-0.007369682192802429,0.002070534974336624,0.05174039304256439
0.031131386756896973,-0.007348939776420593,0.0021612532436847687,0.05180993676185608
0.03144810348749161,-0.007141686975955963,0.002335038036108017,0.051109880208969116
0.031533800065517426,-0.007127314805984497,0.002309035509824753,0.05103039741516113
0.031467683613300323,-0.007239647209644318,0.002413202077150345,0.04986023157835007
0.03147798776626587,-0.007264219224452972,0.002378072589635849,0.04971591383218765
0.03153913468122482,-0.007177978754043579,0.0027070604264736176,0.04955478757619858
0.0315280482172966,-0.007143698632717133,0.0027731098234653473,0.0495169535279274
0.03133246302604675,-0.007285870611667633,0.003371451050043106,0.049872733652591705
0.031273938715457916,-0.0073608532547950745,0.003493126481771469,0.05001387000083923
0.03106442093849182,-0.007518678903579712,0.00428188219666481,0.049659885466098785
0.03099115937948227,-0.007649339735507965,0.004451092332601547,0.04962129890918732
0.03124723583459854,-0.007070489227771759,0.005141500383615494,0.04981354624032974
0.03126238286495209,-0.006933927536010742,0.005316521972417831,0.049858249723911285
0.031634874641895294,-0.006687909364700317,0.005749586969614029,0.04905790090560913
0.03171379864215851,-0.006558358669281006,0.005836371332406998,0.04894328862428665
0.03197186440229416,-0.006807602941989899,0.005579579621553421,0.04842720180749893
0.032318077981472015,-0.006551392376422882,0.004452098160982132,0.047926418483257294
0.03241874277591705,-0.0064306557178497314,0.004236187785863876,0.04764670878648758
0.032432496547698975,-0.006428040564060211,0.004220407456159592,0.047620341181755066
0.03226720541715622,-0.006077654659748077,0.0040330104529857635,0.04802088439464569
0.03224734961986542,-0.005938969552516937,0.004042219370603561,0.0480005219578743
0.03238122910261154,-0.005520552396774292,0.0037540309131145477,0.0478300005197525
0.03245951235294342,-0.005298420786857605,0.003703813999891281,0.04778045415878296
0.032708540558815,-0.00531335175037384,0.0032545290887355804,0.04738687723875046
0.032791584730148315,-0.005247868597507477,0.0031489841639995575,0.047283634543418884
0.0328776091337204,-0.005614064633846283,0.002088736742734909,0.04656113684177399
0.03294681757688522,-0.005621112883090973,0.001861337572336197,0.04634255915880203
0.03322356939315796,-0.005613632500171661,0.002039168030023575,0.045969247817993164
0.03326105326414108,-0.005569025874137878,0.002089422196149826,0.04586314409971237
0.033535122871398926,-0.005627922713756561,0.0025967396795749664,0.04546713829040527
0.033554211258888245,-0.00567096471786499,0.002689879387617111,0.045390091836452484
0.03376869857311249,-0.005917549133300781,0.003222692757844925,0.0451718345284462
0.033769652247428894,-0.006029471755027771,0.0033073313534259796,0.04515228420495987
0.03399578481912613,-0.006137929856777191,0.0035688169300556183,0.04540172964334488
0.03420049697160721,-0.006383121013641357,0.003984231501817703,0.04525166004896164
0.034228429198265076,-0.0064132362604141235,0.0040276385843753815,0.04523581266403198
0.0342731773853302,-0.006405718624591827,0.003514837473630905,0.04562683403491974
0.03430730104446411,-0.006344877183437347,0.0034081004559993744,0.04563484340906143
0.03433726727962494,-0.0060473158955574036,0.0027664341032505035,0.04547598958015442
0.03437405824661255,-0.005874499678611755,0.002674054354429245,0.04537405073642731
0.0344744473695755,-0.005318775773048401,0.002034749835729599,0.04542256146669388
0.03451263904571533,-0.0051021575927734375,0.0019699372351169586,0.045354314148426056
0.034376174211502075,-0.005123741924762726,0.0019895918667316437,0.0459364578127861
0.03433819115161896,-0.00516936182975769,0.0019770003855228424,0.04602154344320297
0.034398943185806274,-0.00499909371137619,0.0016710497438907623,0.046152956783771515
0.03442034870386124,-0.004950381815433502,0.001606237143278122,0.0461336150765419
0.03459435701370239,-0.004572547972202301,0.0010683834552764893,0.046104803681373596
0.034647613763809204,-0.00443364679813385,0.0009653531014919281,0.046008117496967316
0.034657880663871765,-0.004170931875705719,0.001057170331478119,0.04569186270236969
0.03466103971004486,-0.004124440252780914,0.001070551574230194,0.04558885842561722
0.034857749938964844,-0.004256315529346466,0.0014896504580974579,0.04471810907125473
0.03483888506889343,-0.004170753061771393,0.002124231308698654,0.04352915287017822
0.034853190183639526,-0.004230670630931854,0.002232421189546585,0.04345907270908356
0.03463931381702423,-0.004468873143196106,0.0035858415067195892,0.04326946288347244
0.03458986431360245,-0.0045897141098976135,0.0038239769637584686,0.043455131351947784
0.03452976047992706,-0.004535943269729614,0.004028845578432083,0.04369828850030899
0.034537844359874725,-0.004535838961601257,0.004045870155096054,0.04379677027463913
0.034755170345306396,-0.004792764782905579,0.0036931224167346954,0.04368852823972702
0.034800805151462555,-0.004755668342113495,0.003633011132478714,0.04364394396543503
0.03501486778259277,-0.004814937710762024,0.003502320498228073,0.0432916134595871
0.03506944328546524,-0.004751458764076233,0.003491688519716263,0.04317779093980789
0.03485329449176788,-0.005058661103248596,0.0029624812304973602,0.04285644739866257
0.03484085202217102,-0.005103126168251038,0.0028513483703136444,0.042733334004879
0.03492104262113571,-0.0052237436175346375,0.002236519008874893,0.04278566688299179
0.03517027944326401,-0.004611946642398834,0.001876693218946457,0.042122624814510345
0.03523875027894974,-0.004411585628986359,0.0018463395535945892,0.042023882269859314
0.03536655008792877,-0.004165202379226685,0.0016382448375225067,0.04196377098560333
0.03537658601999283,-0.004059910774230957,0.0016337595880031586,0.041936010122299194
0.03552562743425369,-0.003983452916145325,0.0017407871782779694,0.041565097868442535
0.035551197826862335,-0.003961354494094849,0.0017683692276477814,0.04149068892002106
0.03556820750236511,-0.003844238817691803,0.0016499347984790802,0.0414615198969841
0.035572074353694916,-0.003809496760368347,0.0016265548765659332,0.0414419025182724
0.03562881797552109,-0.0036915764212608337,0.0014032386243343353,0.04130842536687851
0.03565613925457001,-0.003666989505290985,0.0013533495366573334,0.04126082360744476
0.03572005778551102,-0.0036417245864868164,0.0012671910226345062,0.04106110334396362
0.03574191778898239,-0.003643050789833069,0.0012282207608222961,0.041013769805431366
0.03574202209711075,-0.003716692328453064,0.0012817904353141785,0.04107446223497391
0.03574145585298538,-0.003738097846508026,0.0012873858213424683,0.04109162092208862
0.035744838416576385,-0.003745339810848236,0.0013450756669044495,0.041090503334999084
0.035758599638938904,-0.003727525472640991,0.0013887770473957062,0.04107972979545593
0.03576148301362991,-0.0037183016538619995,0.0013972185552120209,0.04107849299907684
0.035761758685112,-0.0037183165550231934,0.0013978593051433563,0.041078440845012665
0.035773374140262604,-0.003653503954410553,0.0014053545892238617,0.0410805344581604
0.03576584905385971,-0.003628566861152649,0.0013528354465961456,0.04111460596323013
0.035761408507823944,-0.0036198794841766357,0.0013458244502544403,0.04110822081565857
0.03576083481311798,-0.0036190077662467957,0.001345515251159668,0.04110679030418396
0.03577122837305069,-0.0036515891551971436,0.0013320483267307281,0.041222237050533295
0.035773441195487976,-0.0036461278796195984,0.0013315193355083466,0.041244544088840485
0.035679884254932404,-0.003536723554134369,0.001129981130361557,0.04137049615383148
0.035568587481975555,-0.0033750608563423157,0.000861484557390213,0.04159379005432129
0.03556027263402939,-0.003338851034641266,0.0008114390075206757,0.041634127497673035
0.03550580143928528,-0.0031361952424049377,0.0007950365543365479,0.04164627939462662
0.03549869358539581,-0.003132559359073639,0.0007879212498664856,0.04164186120033264
0.035370081663131714,-0.0031516924500465393,0.0005062185227870941,0.041804954409599304
0.035353705286979675,-0.0031605735421180725,0.0004481561481952667,0.041804105043411255
0.035260096192359924,-0.0029217973351478577,0.00033392757177352905,0.041941531002521515
0.035239845514297485,-0.002884209156036377,0.0003125518560409546,0.04194249212741852
0.0352480486035347,-0.0030765309929847717,0.00018984824419021606,0.0422072559595108
0.035185568034648895,-0.0031968504190444946,-7.081776857376099e-06,0.042263247072696686
0.03517334163188934,-0.0032479465007781982,-5.184859037399292e-05,0.0422469899058342
0.03517230600118637,-0.0032525360584259033,-5.539506673812866e-05,0.042244307696819305
0.035292819142341614,-0.003319002687931061,5.188211798667908e-05,0.04229370504617691
0.03530048578977585,-0.0033168047666549683,8.698925375938416e-05,0.04229152202606201
0.03550586849451065,-0.0031714290380477905,0.0003526546061038971,0.042509377002716064
0.035532042384147644,-0.0031318217515945435,0.000418689101934433,0.042528197169303894
0.03574982285499573,-0.0027522221207618713,0.0001428760588169098,0.04213773459196091
0.035814061760902405,-0.002692960202693939,9.123235940933228e-05,0.041967906057834625
0.03593016415834427,-0.0025592073798179626,-0.000345524400472641,0.0419187992811203
0.03597838431596756,-0.002517014741897583,-0.0004274435341358185,0.04188375174999237
0.03592601418495178,-0.002180054783821106,-0.0010405853390693665,0.04211442917585373
0.03592450171709061,-0.0020647048950195312,-0.001129593700170517,0.04211299121379852
0.03576037287712097,-0.0018193349242210388,-0.001238301396369934,0.04235530644655228
0.03573524206876755,-0.0018800050020217896,-0.0009394288063049316,0.04230087995529175
0.03572099655866623,-0.001955747604370117,-0.0009118951857089996,0.04231220483779907
0.03576148301362991,-0.0018660202622413635,-0.0007056668400764465,0.042219147086143494
0.03577578067779541,-0.0018307119607925415,-0.0006908029317855835,0.04221928119659424
0.03580654412508011,-0.0016929283738136292,-5.8185309171676636e-05,0.04219186305999756
0.0357910618185997,-0.0016649365425109863,6.45071268081665e-05,0.04223848134279251
0.035737164318561554,-0.001850038766860962,0.00016452744603157043,0.04199940711259842
0.0357355922460556,-0.0018849298357963562,0.0001537725329399109,0.041986286640167236
0.03567301481962204,-0.0022817254066467285,0.00041788816452026367,0.042125917971134186
0.035640910267829895,-0.0023729801177978516,0.00047282874584198,0.04215245693922043
0.035680681467056274,-0.002664506435394287,0.0006722919642925262,0.04213302582502365
0.03568962961435318,-0.002712562680244446,0.0007082074880599976,0.042161501944065094
0.03558623790740967,-0.0028453171253204346,0.0006441771984100342,0.04264925420284271
0.03555889427661896,-0.0027882158756256104,0.0006910637021064758,0.04275285452604294
0.03543049097061157,-0.003041274845600128,0.0005151070654392242,0.04303658753633499
0.03541000187397003,-0.0030620768666267395,0.0005016513168811798,0.04309289902448654
0.035284191370010376,-0.002991318702697754,0.0005731396377086639,0.043583378195762634
0.03541307896375656,-0.002786099910736084,0.0007429234683513641,0.043500736355781555
0.035464175045490265,-0.0027055665850639343,0.0007719174027442932,0.04349657893180847
0.03587820380926132,-0.0027195215225219727,0.0009003803133964539,0.043716661632061005
0.03593273460865021,-0.0027239173650741577,0.000973038375377655,0.043728262186050415
0.035937875509262085,-0.0027346760034561157,0.0009787827730178833,0.04372715950012207
0.035947948694229126,-0.0030265897512435913,0.0011170022189617157,0.044179074466228485
0.03598989546298981,-0.0035039037466049194,0.0008938759565353394,0.0449337363243103
0.03599169850349426,-0.0036777183413505554,0.0008084736764431,0.04507666826248169
0.03611021488904953,-0.0038944557309150696,0.0007050856947898865,0.04449249058961868
0.03614083677530289,-0.0040109530091285706,0.0006173029541969299,0.04430907219648361
0.036433152854442596,-0.003994457423686981,0.0005483999848365784,0.041945911943912506
0.036561302840709686,-0.003921777009963989,0.0004709996283054352,0.041552551090717316
0.03653261810541153,-0.0035315603017807007,0.0005700252950191498,0.04057434946298599
0.03655797988176346,-0.0035097524523735046,0.0005437843501567841,0.04046306759119034
0.036609530448913574,-0.003365620970726013,0.0013942085206508636,0.03956954926252365
0.036597102880477905,-0.0036169812083244324,0.0015071667730808258,0.039579153060913086
0.03659529238939285,-0.0036463886499404907,0.001512330025434494,0.03958810865879059
0.03682996332645416,-0.003668561577796936,0.0014813952147960663,0.038605645298957825
0.03673877567052841,-0.00354921817779541,0.0019592680037021637,0.03901822865009308
0.03671730309724808,-0.003207296133041382,0.002194102853536606,0.03913397341966629
0.036599934101104736,-0.003344491124153137,0.001890663057565689,0.039248988032341
0.03657872974872589,-0.0034109950065612793,0.0018101520836353302,0.03923593461513519
0.03659972548484802,-0.0034379884600639343,0.0016963370144367218,0.03917296975851059
0.036606915295124054,-0.00345698744058609,0.001665223389863968,0.039147451519966125
0.036646805703639984,-0.0034596771001815796,0.0017524398863315582,0.03917384892702103
0.036652423441410065,-0.003465116024017334,0.0017731450498104095,0.03919018805027008
0.036729440093040466,-0.0033515766263008118,0.0016580186784267426,0.03890742361545563
0.036755144596099854,-0.0034138336777687073,0.0015867315232753754,0.03887411952018738
0.036481909453868866,-0.0037382766604423523,-0.0002934485673904419,0.04037517309188843
0.036461859941482544,-0.003670930862426758,-0.0006340444087982178,0.040391698479652405
0.03673061728477478,-0.0025467202067375183,0.0007059797644615173,0.04053051769733429
0.036732278764247894,-0.0020375922322273254,0.0011380165815353394,0.040706343948841095
0.03688996285200119,-0.0016554594039916992,0.0010913573205471039,0.03991393744945526
0.036933548748493195,-0.0014827102422714233,0.0010398142039775848,0.03972243517637253
0.03690413385629654,-0.0017692074179649353,0.0016377158463001251,0.039373911917209625
0.03678201884031296,-0.002265527844429016,0.0009127557277679443,0.0378720685839653
0.036787793040275574,-0.0026736408472061157,0.0005945637822151184,0.0375385507941246
0.03677792102098465,-0.002930678427219391,0.0006673149764537811,0.037516966462135315
0.03676546365022659,-0.0030445531010627747,0.0006608143448829651,0.03753266483545303
0.036764003336429596,-0.003060959279537201,0.0006597712635993958,0.037534236907958984
0.036763861775398254,-0.003063984215259552,0.0006597600877285004,0.037534505128860474
0.03676384687423706,-0.0030646249651908875,0.0006597600877285004,0.03753455728292465
0.03676384687423706,-0.0030647441744804382,0.0006597600877285004,0.03753455728292465
0.03676384687423706,-0.003064759075641632,0.0006597600877285004,0.03753455728292465
0.03676384687423706,-0.003064773976802826,0.0006597600877285004,0.03753455728292465
0.03676384687423706,-0.003064773976802826,0.0006597600877285004,0.03753455728292465
0.03676384687423706,-0.003064773976802826,0.0006597600877285004,0.03753455728292465
0.03676384687423706,-0.003064773976802826,0.0006597600877285004,0.03753455728292465
0.03673652559518814,-0.003028653562068939,0.0006813220679759979,0.03737866133451462
0.03673239052295685,-0.0030344873666763306,0.0006787851452827454,0.03734585642814636
0.036716438829898834,-0.0030467361211776733,0.000692509114742279,0.03731033205986023
0.0367131382226944,-0.0030494481325149536,0.0006931424140930176,0.03730660676956177
0.036698296666145325,-0.003032781183719635,0.0006780512630939484,0.037195757031440735
0.03669712692499161,-0.003036022186279297,0.0006683394312858582,0.03717581182718277
0.036624595522880554,-0.0031248927116394043,0.0008307509124279022,0.03722165524959564
0.036594681441783905,-0.003169342875480652,0.0008555352687835693,0.037220388650894165
0.036590687930583954,-0.0031796321272850037,0.0008568912744522095,0.03721931576728821
0.036590270698070526,-0.0031819939613342285,0.0008570849895477295,0.037219107151031494
0.03659021854400635,-0.0031825006008148193,0.0008570998907089233,0.03721906989812851
0.036590203642845154,-0.0031826049089431763,0.0008570998907089233,0.03721906989812851
0.036590203642845154,-0.00318261981010437,0.0008570998907089233,0.03721906989812851
0.03659754991531372,-0.0031992122530937195,0.0008457005023956299,0.03718852996826172
0.03659869730472565,-0.0032179057598114014,0.0008389912545681,0.03718167543411255
0.0367259755730629,-0.0034933537244796753,0.0004354901611804962,0.037090644240379333
0.0367514044046402,-0.0036572739481925964,0.00028641894459724426,0.03705046325922012
0.037058427929878235,-0.003914400935173035,-8.064508438110352e-05,0.037713684141635895
0.037110812962055206,-0.004054524004459381,-0.00016881898045539856,0.037836216390132904
0.03699579834938049,-0.003401823341846466,-0.00023345649242401123,0.038380809128284454
0.03698663413524628,-0.003195740282535553,-0.00017999112606048584,0.03842011094093323
0.03698509931564331,-0.003162972629070282,-0.00017581135034561157,0.038419269025325775
0.03698491305112839,-0.003156423568725586,-0.00017551332712173462,0.03841875493526459
0.036984898149967194,-0.0031545087695121765,-0.00017661601305007935,0.03841749578714371
0.03698498010635376,-0.003154285252094269,-0.00017694011330604553,0.03841722011566162
0.036984995007514954,-0.003154270350933075,-0.00017692521214485168,0.03841719776391983
0.036984995007514954,-0.003154270350933075,-0.00017692521214485168,0.03841719776391983
0.036984995007514954,-0.003154270350933075,-0.00017692521214485168,0.03841719776391983
0.036984995007514954,-0.003154270350933075,-0.00017692521214485168,0.03841719776391983
0.036984995007514954,-0.003154270350933075,-0.00017692521214485168,0.03841719776391983
0.03689797967672348,-0.003509633243083954,0.00012934580445289612,0.040343642234802246
0.03686138242483139,-0.003593921661376953,0.0001786835491657257,0.0407714918255806
0.03680077940225601,-0.0033990442752838135,0.0004326179623603821,0.04118473082780838
0.03679705411195755,-0.003209441900253296,0.0005390085279941559,0.041307397186756134
0.03679564595222473,-0.0031757354736328125,0.0005484409630298615,0.04131937026977539
0.03622056543827057,-0.002751357853412628,0.0031574927270412445,0.04031390696763992
0.03599879890680313,-0.0027441903948783875,0.0037211664021015167,0.0403369665145874
0.03596574813127518,-0.0027474164962768555,0.0037570632994174957,0.040335193276405334
0.035961829125881195,-0.0027470216155052185,0.0037589482963085175,0.04033292829990387
0.03596135973930359,-0.002746962010860443,0.0037591345608234406,0.04033251851797104
0.03482338786125183,-0.00192280113697052,0.0014435090124607086,0.04073376953601837
0.03473891317844391,-0.0016522854566574097,0.0009636878967285156,0.040650010108947754
0.03473387658596039,-0.001607365906238556,0.0009430311620235443,0.04066069424152374
0.03473284840583801,-0.001598075032234192,0.0009432509541511536,0.04066598415374756
0.03473275154829025,-0.0015957430005073547,0.0009432770311832428,0.04066670686006546
0.034732744097709656,-0.00159522145986557,0.0009432770311832428,0.04066677391529083
0.03474745154380798,-0.0015849098563194275,0.0009078420698642731,0.04066125303506851
0.03475051373243332,-0.0015802085399627686,0.0009021088480949402,0.040654659271240234
0.034750863909721375,-0.0015804395079612732,0.0009017623960971832,0.040653981268405914
0.03475093096494675,-0.0015805438160896301,0.000901736319065094,0.04065393656492233
0.03473573923110962,-0.0015910416841506958,0.0009360723197460175,0.040659256279468536
0.034732572734355927,-0.0015959441661834717,0.0009414590895175934,0.040665775537490845
0.03473254293203354,-0.0015955045819282532,0.0009428374469280243,0.04066656529903412
0.034732721745967865,-0.0015951767563819885,0.0009432360529899597,0.04066677391529083
0.034732572734355927,-0.0015903636813163757,0.0009332038462162018,0.04066351056098938
0.034665778279304504,-0.0016305819153785706,0.0008342638611793518,0.04076284170150757
0.03465306758880615,-0.0016587376594543457,0.0008146390318870544,0.040778741240501404
0.03465180844068527,-0.0016604065895080566,0.0008132234215736389,0.040780290961265564
0.03505407273769379,-0.0024063214659690857,5.762279033660889e-05,0.040622904896736145
0.03625693917274475,-0.00270196795463562,0.0005446374416351318,0.041170403361320496
0.03649365156888962,-0.0026391148567199707,0.0007522739470005035,0.0413198322057724
0.03678107261657715,-0.0031330138444900513,0.0007562227547168732,0.04048740863800049
0.03682488948106766,-0.0035380199551582336,0.0006253384053707123,0.040332645177841187
0.036739133298397064,-0.003305211663246155,0.0006019920110702515,0.03799225389957428
0.03676054626703262,-0.003085300326347351,0.0006514564156532288,0.037564538419246674
0.036763548851013184,-0.0030682310461997986,0.0006590187549591064,0.037536896765232086
0.03676381707191467,-0.003065556287765503,0.0006596781313419342,0.03753480315208435
0.03675827383995056,-0.003062903881072998,0.0006540156900882721,0.037518344819545746
0.036757342517375946,-0.0030627474188804626,0.0006524994969367981,0.03751489520072937
0.03675725311040878,-0.0030626803636550903,0.0006525292992591858,0.03751461207866669
0.03675725311040878,-0.003062605857849121,0.0006524994969367981,0.0375145822763443
0.03675725311040878,-0.0030625909566879272,0.0006524994969367981,0.0375145822763443
0.03675725311040878,-0.0030625909566879272,0.0006524994969367981,0.0375145822763443
0.03675725311040878,-0.0030625909566879272,0.0006524994969367981,0.0375145822763443
0.03675725311040878,-0.0030625909566879272,0.0006524994969367981,0.0375145822763443
0.03675725311040878,-0.0030625909566879272,0.0006524994969367981,0.0375145822763443
0.03675725311040878,-0.0030625909566879272,0.0006524994969367981,0.0375145822763443
0.03675725311040878,-0.0030625909566879272,0.0006524994969367981,0.0375145822763443
0.03675725311040878,-0.0030625909566879272,0.0006524994969367981,0.0375145822763443
0.03675725311040878,-0.0030625909566879272,0.0006524994969367981,0.0375145822763443
0.03675725311040878,-0.0030625909566879272,0.0006524994969367981,0.0375145822763443
0.03675725311040878,-0.0030625909566879272,0.0006524994969367981,0.0375145822763443
0.03675725311040878,-0.0030625909566879272,0.0006524994969367981,0.0375145822763443
0.03675725311040878,-0.0030625909566879272,0.0006524994969367981,0.0375145822763443
0.03675725311040878,-0.0030625909566879272,0.0006524994969367981,0.0375145822763443
0.03675725311040878,-0.0030625909566879272,0.0006524994969367981,0.0375145822763443
0.03675725311040878,-0.0030625909566879272,0.0006524994969367981,0.0375145822763443
0.03675725311040878,-0.0030625909566879272,0.0006524994969367981,0.0375145822763443
0.03675725311040878,-0.0030625909566879272,0.0006524994969367981,0.0375145822763443
0.03675725311040878,-0.0030625909566879272,0.0006524994969367981,0.0375145822763443
0.03675725311040878,-0.0030625909566879272,0.0006524994969367981,0.0375145822763443
0.03675725311040878,-0.0030625909566879272,0.0006524994969367981,0.0375145822763443
0.03675725311040878,-0.0030625909566879272,0.0006524994969367981,0.0375145822763443
0.03675725311040878,-0.0030625909566879272,0.0006524994969367981,0.0375145822763443
0.03675725311040878,-0.0030625909566879272,0.0006524994969367981,0.0375145822763443
0.03675725311040878,-0.0030625909566879272,0.0006524994969367981,0.0375145822763443
0.03675725311040878,-0.0030625909566879272,0.0006524994969367981,0.0375145822763443
0.03675725311040878,-0.0030625909566879272,0.0006524994969367981,0.0375145822763443
0.03675725311040878,-0.0030625909566879272,0.0006524994969367981,0.0375145822763443
0.03675725311040878,-0.0030625909566879272,0.0006524994969367981,0.0375145822763443
0.03675725311040878,-0.0030625909566879272,0.0006524994969367981,0.0375145822763443
0.036752648651599884,-0.0027869343757629395,0.0005816817283630371,0.03733769804239273
0.03675848990678787,-0.0026995688676834106,0.0005792602896690369,0.03729218989610672
0.03675916790962219,-0.0026899725198745728,0.0005794093012809753,0.03728831559419632
0.03675922751426697,-0.0026882439851760864,0.0005794912576675415,0.0372878760099411
0.036775141954422,-0.0028069987893104553,0.0005580931901931763,0.03729547560214996
0.03678195923566818,-0.002833336591720581,0.0005492344498634338,0.03730136901140213
0.03676903247833252,-0.0027775168418884277,0.000614069402217865,0.03745155781507492
0.036765359342098236,-0.002714581787586212,0.0006502829492092133,0.037484489381313324
0.036764420568943024,-0.0027054771780967712,0.0006535053253173828,0.037487633526325226
0.036764271557331085,-0.002703920006752014,0.0006536878645420074,0.03748781234025955
0.03673999756574631,-0.0025148317217826843,0.000628206878900528,0.03741488605737686
0.036743298172950745,-0.0024963021278381348,0.0006079412996768951,0.037419646978378296
0.03674398362636566,-0.002490818500518799,0.0006060637533664703,0.037420421838760376
0.036744073033332825,-0.0024893954396247864,0.0006058812141418457,0.037420667707920074
0.03674408793449402,-0.0024890676140785217,0.0006058812141418457,0.037420690059661865
0.03674408793449402,-0.0024889782071113586,0.0006058812141418457,0.03742070496082306
0.03674408793449402,-0.002488963305950165,0.0006058812141418457,0.03742070496082306
0.03674408793449402,-0.002488963305950165,0.0006058812141418457,0.03742070496082306
0.03674408793449402,-0.002488963305950165,0.0006058812141418457,0.03742070496082306
0.03674408793449402,-0.002488963305950165,0.0006058812141418457,0.03742070496082306
0.03674408793449402,-0.002488963305950165,0.0006058812141418457,0.03742070496082306
0.03674408793449402,-0.002488963305950165,0.0006058812141418457,0.03742070496082306
0.03674408793449402,-0.002488963305950165,0.0006058812141418457,0.03742070496082306
0.03674408793449402,-0.002488963305950165,0.0006058812141418457,0.03742070496082306
0.03674408793449402,-0.002488963305950165,0.0006058812141418457,0.03742070496082306
0.03674408793449402,-0.002488963305950165,0.0006058812141418457,0.03742070496082306
0.03674408793449402,-0.002488963305950165,0.0006058812141418457,0.03742070496082306
0.03674408793449402,-0.002488963305950165,0.0006058812141418457,0.03742070496082306
0.03674408793449402,-0.002488963305950165,0.0006058812141418457,0.03742070496082306
0.03674408793449402,-0.002488963305950165,0.0006058812141418457,0.03742070496082306
0.03674408793449402,-0.002488963305950165,0.0006058812141418457,0.03742070496082306
0.03674408793449402,-0.002488963305950165,0.0006058812141418457,0.03742070496082306
0.03674408793449402,-0.002488963305950165,0.0006058812141418457,0.03742070496082306
0.03674408793449402,-0.002488963305950165,0.0006058812141418457,0.03742070496082306
0.03674408793449402,-0.002488963305950165,0.0006058812141418457,0.03742070496082306
0.03674408793449402,-0.002488963305950165,0.0006058812141418457,0.03742070496082306
0.03674408793449402,-0.002488963305950165,0.0006058812141418457,0.03742070496082306
0.03691905736923218,-0.002235017716884613,0.0010393895208835602,0.03778780996799469
0.03692866861820221,-0.002044200897216797,0.001217227429151535,0.03785282373428345
0.03689364343881607,-0.0019605159759521484,0.0014554224908351898,0.03762587159872055
0.036879315972328186,-0.0019609257578849792,0.0015021748840808868,0.037592075765132904
0.036872498691082,-0.00196259468793869,0.0015566907823085785,0.03751462697982788
0.036869049072265625,-0.001973472535610199,0.0015649311244487762,0.037502631545066833
0.03686852753162384,-0.001975513994693756,0.0015654303133487701,0.03750164806842804
0.036868467926979065,-0.001975901424884796,0.0015654675662517548,0.037501588463783264
0.03686204552650452,-0.002112641930580139,0.001452568918466568,0.03735223412513733
0.03686370700597763,-0.002209968864917755,0.0013930164277553558,0.03731332719326019
0.03691815584897995,-0.0020674914121627808,0.0013472773134708405,0.03746863454580307
0.03693259507417679,-0.0019898787140846252,0.001357588917016983,0.0374971404671669
0.03691217303276062,-0.001841709017753601,0.0012992173433303833,0.03760312497615814
0.03691320866346359,-0.001731783151626587,0.0013210475444793701,0.03762113302946091
0.03686485439538956,-0.001736380159854889,0.0013506822288036346,0.03769475966691971
0.03685872256755829,-0.001733936369419098,0.0013513006269931793,0.0377182811498642
0.03684041649103165,-0.0018050596117973328,0.0013332292437553406,0.03815578669309616
0.036839038133621216,-0.0017624422907829285,0.0013475418090820312,0.038252055644989014
0.03686290234327316,-0.0018473193049430847,0.001309812068939209,0.038599804043769836
0.03686346113681793,-0.0018360242247581482,0.001309674233198166,0.03866948187351227
0.03689824044704437,-0.0017897188663482666,0.001369331032037735,0.038770489394664764
0.036898575723171234,-0.0017373338341712952,0.0014022700488567352,0.03878778964281082
0.03695475310087204,-0.0016029998660087585,0.001419905573129654,0.038966014981269836
0.036966294050216675,-0.0015579909086227417,0.0014394409954547882,0.03898950666189194
0.03700052201747894,-0.0014821365475654602,0.0014255605638027191,0.03936392068862915
0.0370025709271431,-0.0013867169618606567,0.0014512203633785248,0.03941381722688675
0.03700091689825058,-0.0013586059212684631,0.001463513821363449,0.03962195664644241
0.036999210715293884,-0.0013145878911018372,0.0014773495495319366,0.039654336869716644
0.03695422410964966,-0.0012989789247512817,0.001462940126657486,0.03952895849943161
0.036948174238204956,-0.0012891888618469238,0.0014571361243724823,0.03949730843305588
0.03692042827606201,-0.0012960582971572876,0.0013561360538005829,0.03936980664730072
0.03690159320831299,-0.0012830644845962524,0.001282818615436554,0.03917790949344635
0.03690115362405777,-0.0012913793325424194,0.00126546248793602,0.03913634270429611
0.03689170628786087,-0.0012987926602363586,0.0013005025684833527,0.039158858358860016
0.03688966482877731,-0.0012893006205558777,0.0013098083436489105,0.039161913096904755
0.03693109750747681,-0.0012657791376113892,0.0013119243085384369,0.0392073318362236
0.036937154829502106,-0.0012352392077445984,0.0013266578316688538,0.03920465707778931
0.03696057200431824,-0.0012020468711853027,0.001238115131855011,0.039264291524887085
0.03696677088737488,-0.0012017786502838135,0.0012197159230709076,0.039270319044589996
0.03695466369390488,-0.0011331215500831604,0.0011202432215213776,0.03922966122627258
0.03695499897003174,-0.0011291727423667908,0.0010959692299365997,0.03921610862016678
0.0369553416967392,-0.0011293143033981323,0.0010942108929157257,0.03921470046043396
0.03695540130138397,-0.0011293292045593262,0.0010940544307231903,0.0392146036028862
0.03695540130138397,-0.0011293292045593262,0.0010940544307231903,0.0392146036028862
0.03695540130138397,-0.0011293292045593262,0.0010940544307231903,0.0392146036028862
0.03695540130138397,-0.0011293292045593262,0.0010940544307231903,0.0392146036028862
0.03695540130138397,-0.0011293292045593262,0.0010940544307231903,0.0392146036028862
0.03695540130138397,-0.0011293292045593262,0.0010940544307231903,0.0392146036028862
0.03695540130138397,-0.0011293292045593262,0.0010940544307231903,0.0392146036028862
0.03695540130138397,-0.0011293292045593262,0.0010940544307231903,0.0392146036028862
0.03695540130138397,-0.0011293292045593262,0.0010940544307231903,0.0392146036028862
0.03695540130138397,-0.0011293292045593262,0.0010940544307231903,0.0392146036028862
0.03695540130138397,-0.0011293292045593262,0.0010940544307231903,0.0392146036028862
0.03695540130138397,-0.0011293292045593262,0.0010940544307231903,0.0392146036028862
0.03695540130138397,-0.0011293292045593262,0.0010940544307231903,0.0392146036028862
0.03695540130138397,-0.0011293292045593262,0.0010940544307231903,0.0392146036028862
0.03695540130138397,-0.0011293292045593262,0.0010940544307231903,0.0392146036028862
0.03695540130138397,-0.0011293292045593262,0.0010940544307231903,0.0392146036028862
0.03695540130138397,-0.0011293292045593262,0.0010940544307231903,0.0392146036028862
0.03695540130138397,-0.0011293292045593262,0.0010940544307231903,0.0392146036028862
0.03696528077125549,-0.001158013939857483,0.0011413991451263428,0.03924473375082016
0.03696611523628235,-0.0011639147996902466,0.001151900738477707,0.039253801107406616
0.036974988877773285,-0.0012067928910255432,0.0012009069323539734,0.03925280272960663
0.03697524964809418,-0.0012144744396209717,0.0012121163308620453,0.03925453871488571
0.03698109835386276,-0.0012405961751937866,0.001251067966222763,0.03926064819097519
0.03698151558637619,-0.0012454688549041748,0.0012597441673278809,0.03926374763250351
0.036990098655223846,-0.0012715011835098267,0.0013225860893726349,0.039324671030044556
0.0369919016957283,-0.0012840330600738525,0.0013558641076087952,0.03932015597820282
0.03699105978012085,-0.0012824907898902893,0.0013621337711811066,0.03931800276041031
0.03699871897697449,-0.0013585090637207031,0.0014236532151699066,0.039229296147823334
0.03699676692485809,-0.001357436180114746,0.0014420412480831146,0.03921302407979965
0.03699946403503418,-0.0013895928859710693,0.0014747567474842072,0.03919389843940735
0.03699846565723419,-0.00138777494430542,0.0014841966331005096,0.039191022515296936
0.036995477974414825,-0.0013977289199829102,0.0014975778758525848,0.03919129818677902
0.03699404001235962,-0.0013902857899665833,0.0015029646456241608,0.03919064998626709
0.0369914174079895,-0.0013890340924263,0.0015030167996883392,0.03918933868408203
0.036990851163864136,-0.001385226845741272,0.0015038736164569855,0.03918831795454025
0.03699072450399399,-0.0013847798109054565,0.0015040300786495209,0.03918817639350891
0.036990709602832794,-0.001384735107421875,0.0015040598809719086,0.03918816149234772
0.036990709602832794,-0.0013847202062606812,0.0015040598809719086,0.03918816149234772
0.036990709602832794,-0.0013847202062606812,0.0015040598809719086,0.03918816149234772
0.036990709602832794,-0.0013847202062606812,0.0015040598809719086,0.03918816149234772
0.036990709602832794,-0.0013847202062606812,0.0015040598809719086,0.03918816149234772
0.036990709602832794,-0.0013847202062606812,0.0015040598809719086,0.03918816149234772
0.036990709602832794,-0.0013847202062606812,0.0015040598809719086,0.03918816149234772
0.036990709602832794,-0.0013847202062606812,0.0015040598809719086,0.03918816149234772
0.036990709602832794,-0.0013847202062606812,0.0015040598809719086,0.03918816149234772
0.036990709602832794,-0.0013847202062606812,0.0015040598809719086,0.03918816149234772
0.036990709602832794,-0.0013847202062606812,0.0015040598809719086,0.03918816149234772
0.036990709602832794,-0.0013847202062606812,0.0015040598809719086,0.03918816149234772
0.036990709602832794,-0.0013847202062606812,0.0015040598809719086,0.03918816149234772
0.036990709602832794,-0.0013847202062606812,0.0015040598809719086,0.03918816149234772
0.036990709602832794,-0.0013847202062606812,0.0015040598809719086,0.03918816149234772
0.036990709602832794,-0.0013847202062606812,0.0015040598809719086,0.03918816149234772
0.036990709602832794,-0.0013847202062606812,0.0015040598809719086,0.03918816149234772
0.036990709602832794,-0.0013847202062606812,0.0015040598809719086,0.03918816149234772
0.036990709602832794,-0.0013847202062606812,0.0015040598809719086,0.03918816149234772
0.036990709602832794,-0.0013847202062606812,0.0015040598809719086,0.03918816149234772
0.036990709602832794,-0.0013847202062606812,0.0015040598809719086,0.03918816149234772
0.036990709602832794,-0.0013847202062606812,0.0015040598809719086,0.03918816149234772
0.036990709602832794,-0.0013847202062606812,0.0015040598809719086,0.03918816149234772
0.036990709602832794,-0.0013847202062606812,0.0015040598809719086,0.03918816149234772
0.036990709602832794,-0.0013847202062606812,0.0015040598809719086,0.03918816149234772
0.036990709602832794,-0.0013847202062606812,0.0015040598809719086,0.03918816149234772
0.036990709602832794,-0.0013847202062606812,0.0015040598809719086,0.03918816149234772
0.036990709602832794,-0.0013847202062606812,0.0015040598809719086,0.03918816149234772
0.036990709602832794,-0.0013847202062606812,0.0015040598809719086,0.03918816149234772
0.036990709602832794,-0.0013847202062606812,0.0015040598809719086,0.03918816149234772
0.036990709602832794,-0.0013847202062606812,0.0015040598809719086,0.03918816149234772
0.036990709602832794,-0.0013847202062606812,0.0015040598809719086,0.03918816149234772
0.036990709602832794,-0.0013847202062606812,0.0015040598809719086,0.03918816149234772
0.036990709602832794,-0.0013847202062606812,0.0015040598809719086,0.03918816149234772
0.036990709602832794,-0.0013847202062606812,0.0015040598809719086,0.03918816149234772
0.036990709602832794,-0.0013847202062606812,0.0015040598809719086,0.03918816149234772
0.036990709602832794,-0.0013847202062606812,0.0015040598809719086,0.03918816149234772
0.036990709602832794,-0.0013847202062606812,0.0015040598809719086,0.03918816149234772
0.036990709602832794,-0.0013847202062606812,0.0015040598809719086,0.03918816149234772
0.036990709602832794,-0.0013847202062606812,0.0015040598809719086,0.03918816149234772
0.036990709602832794,-0.0013847202062606812,0.0015040598809719086,0.03918816149234772
0.036990709602832794,-0.0013847202062606812,0.0015040598809719086,0.03918816149234772
0.036990709602832794,-0.0013847202062606812,0.0015040598809719086,0.03918816149234772
0.036990709602832794,-0.0013847202062606812,0.0015040598809719086,0.03918816149234772
0.036990709602832794,-0.0013847202062606812,0.0015040598809719086,0.03918816149234772
0.036990709602832794,-0.0013847202062606812,0.0015040598809719086,0.03918816149234772
0.036990709602832794,-0.0013847202062606812,0.0015040598809719086,0.03918816149234772
0.036990709602832794,-0.0013847202062606812,0.0015040598809719086,0.03918816149234772
0.036990709602832794,-0.0013847202062606812,0.0015040598809719086,0.03918816149234772
0.036990709602832794,-0.0013847202062606812,0.0015040598809719086,0.03918816149234772
0.036990709602832794,-0.0013847202062606812,0.0015040598809719086,0.03918816149234772
0.036990709602832794,-0.0013847202062606812,0.0015040598809719086,0.03918816149234772
0.036990709602832794,-0.0013847202062606812,0.0015040598809719086,0.03918816149234772
0.036990709602832794,-0.0013847202062606812,0.0015040598809719086,0.03918816149234772
0.036990709602832794,-0.0013847202062606812,0.0015040598809719086,0.03918816149234772
0.036990709602832794,-0.0013847202062606812,0.0015040598809719086,0.03918816149234772
0.036990709602832794,-0.0013847202062606812,0.0015040598809719086,0.03918816149234772
0.036990709602832794,-0.0013847202062606812,0.0015040598809719086,0.03918816149234772
0.036990709602832794,-0.0013847202062606812,0.0015040598809719086,0.03918816149234772
0.036990709602832794,-0.0013847202062606812,0.0015040598809719086,0.03918816149234772
0.036990709602832794,-0.0013847202062606812,0.0015040598809719086,0.03918816149234772
0.036990709602832794,-0.0013847202062606812,0.0015040598809719086,0.03918816149234772
0.036990709602832794,-0.0013847202062606812,0.0015040598809719086,0.03918816149234772
0.036990709602832794,-0.0013847202062606812,0.0015040598809719086,0.03918816149234772
0.036990709602832794,-0.0013847202062606812,0.0015040598809719086,0.03918816149234772
0.036990709602832794,-0.0013847202062606812,0.0015040598809719086,0.03918816149234772
0.036990709602832794,-0.0013847202062606812,0.0015040598809719086,0.03918816149234772
0.036990709602832794,-0.0013847202062606812,0.0015040598809719086,0.03918816149234772
0.036990709602832794,-0.0013847202062606812,0.0015040598809719086,0.03918816149234772
0.036990709602832794,-0.0013847202062606812,0.0015040598809719086,0.03918816149234772
0.036990709602832794,-0.0013847202062606812,0.0015040598809719086,0.03918816149234772
0.036990709602832794,-0.0013847202062606812,0.0015040598809719086,0.03918816149234772
0.036990709602832794,-0.0013847202062606812,0.0015040598809719086,0.03918816149234772
0.036990709602832794,-0.0013847202062606812,0.0015040598809719086,0.03918816149234772
0.036990709602832794,-0.0013847202062606812,0.0015040598809719086,0.03918816149234772
0.036990709602832794,-0.0013847202062606812,0.0015040598809719086,0.03918816149234772
0.036990709602832794,-0.0013847202062606812,0.0015040598809719086,0.03918816149234772
0.036990709602832794,-0.0013847202062606812,0.0015040598809719086,0.03918816149234772
0.036990709602832794,-0.0013847202062606812,0.0015040598809719086,0.03918816149234772
0.036990709602832794,-0.0013847202062606812,0.0015040598809719086,0.03918816149234772
0.036990709602832794,-0.0013847202062606812,0.0015040598809719086,0.03918816149234772
0.036990709602832794,-0.0013847202062606812,0.0015040598809719086,0.03918816149234772
0.036990709602832794,-0.0013847202062606812,0.0015040598809719086,0.03918816149234772
0.036990709602832794,-0.0013847202062606812,0.0015040598809719086,0.03918816149234772
0.036990709602832794,-0.0013847202062606812,0.0015040598809719086,0.03918816149234772
0.036990709602832794,-0.0013847202062606812,0.0015040598809719086,0.03918816149234772
0.036990709602832794,-0.0013847202062606812,0.0015040598809719086,0.03918816149234772
0.036990709602832794,-0.0013847202062606812,0.0015040598809719086,0.03918816149234772
0.036990709602832794,-0.0013847202062606812,0.0015040598809719086,0.03918816149234772
0.036990709602832794,-0.0013847202062606812,0.0015040598809719086,0.03918816149234772
0.036990709602832794,-0.0013847202062606812,0.0015040598809719086,0.03918816149234772
0.036990709602832794,-0.0013847202062606812,0.0015040598809719086,0.03918816149234772
0.036990709602832794,-0.0013847202062606812,0.0015040598809719086,0.03918816149234772
0.036990709602832794,-0.0013847202062606812,0.0015040598809719086,0.03918816149234772
0.036990709602832794,-0.0013847202062606812,0.0015040598809719086,0.03918816149234772
0.036990709602832794,-0.0013847202062606812,0.0015040598809719086,0.03918816149234772
0.036990709602832794,-0.0013847202062606812,0.0015040598809719086,0.03918816149234772
0.036990709602832794,-0.0013847202062606812,0.0015040598809719086,0.03918816149234772
0.036990709602832794,-0.0013847202062606812,0.0015040598809719086,0.03918816149234772
0.036990709602832794,-0.0013847202062606812,0.0015040598809719086,0.03918816149234772
0.036990709602832794,-0.0013847202062606812,0.0015040598809719086,0.03918816149234772
0.036990709602832794,-0.0013847202062606812,0.0015040598809719086,0.03918816149234772
0.036990709602832794,-0.0013847202062606812,0.0015040598809719086,0.03918816149234772
0.036990709602832794,-0.0013847202062606812,0.0015040598809719086,0.03918816149234772
0.036990709602832794,-0.0013847202062606812,0.0015040598809719086,0.03918816149234772
0.036990709602832794,-0.0013847202062606812,0.0015040598809719086,0.03918816149234772
0.036990709602832794,-0.0013847202062606812,0.0015040598809719086,0.03918816149234772
0.036990709602832794,-0.0013847202062606812,0.0015040598809719086,0.03918816149234772
0.036990709602832794,-0.0013847202062606812,0.0015040598809719086,0.03918816149234772
0.036990709602832794,-0.0013847202062606812,0.0015040598809719086,0.03918816149234772
0.036990709602832794,-0.0013847202062606812,0.0015040598809719086,0.03918816149234772
0.036990709602832794,-0.0013847202062606812,0.0015040598809719086,0.03918816149234772
0.036990709602832794,-0.0013847202062606812,0.0015040598809719086,0.03918816149234772
0.036990709602832794,-0.0013847202062606812,0.0015040598809719086,0.03918816149234772
0.036990709602832794,-0.0013847202062606812,0.0015040598809719086,0.03918816149234772
0.036990709602832794,-0.0013847202062606812,0.0015040598809719086,0.03918816149234772
0.036990709602832794,-0.0013847202062606812,0.0015040598809719086,0.03918816149234772
0.036990709602832794,-0.0013847202062606812,0.0015040598809719086,0.03918816149234772
0.036990709602832794,-0.0013847202062606812,0.0015040598809719086,0.03918816149234772
0.036990709602832794,-0.0013847202062606812,0.0015040598809719086,0.03918816149234772
0.036990709602832794,-0.0013847202062606812,0.0015040598809719086,0.03918816149234772
0.036990709602832794,-0.0013847202062606812,0.0015040598809719086,0.03918816149234772
0.036990709602832794,-0.0013847202062606812,0.0015040598809719086,0.03918816149234772
0.036990709602832794,-0.0013847202062606812,0.0015040598809719086,0.03918816149234772
0.036990709602832794,-0.0013847202062606812,0.0015040598809719086,0.03918816149234772
0.036990709602832794,-0.0013847202062606812,0.0015040598809719086,0.03918816149234772
0.036990709602832794,-0.0013847202062606812,0.0015040598809719086,0.03918816149234772
0.036990709602832794,-0.0013847202062606812,0.0015040598809719086,0.03918816149234772
0.036990709602832794,-0.0013847202062606812,0.0015040598809719086,0.03918816149234772
0.036990709602832794,-0.0013847202062606812,0.0015040598809719086,0.03918816149234772
0.036990709602832794,-0.0013847202062606812,0.0015040598809719086,0.03918816149234772
0.036990709602832794,-0.0013847202062606812,0.0015040598809719086,0.03918816149234772
0.036990709602832794,-0.0013847202062606812,0.0015040598809719086,0.03918816149234772
0.036990709602832794,-0.0013847202062606812,0.0015040598809719086,0.03918816149234772
0.036990709602832794,-0.0013847202062606812,0.0015040598809719086,0.03918816149234772
0.036990709602832794,-0.0013847202062606812,0.0015040598809719086,0.03918816149234772
0.036990709602832794,-0.0013847202062606812,0.0015040598809719086,0.03918816149234772
0.036990709602832794,-0.0013847202062606812,0.0015040598809719086,0.03918816149234772
0.036990709602832794,-0.0013847202062606812,0.0015040598809719086,0.03918816149234772
0.036990709602832794,-0.0013847202062606812,0.0015040598809719086,0.03918816149234772
0.036990709602832794,-0.0013847202062606812,0.0015040598809719086,0.03918816149234772
0.036990709602832794,-0.0013847202062606812,0.0015040598809719086,0.03918816149234772
0.036990709602832794,-0.0013847202062606812,0.0015040598809719086,0.03918816149234772
0.036990709602832794,-0.0013847202062606812,0.0015040598809719086,0.03918816149234772
0.036990709602832794,-0.0013847202062606812,0.0015040598809719086,0.03918816149234772
0.036990709602832794,-0.0013847202062606812,0.0015040598809719086,0.03918816149234772
0.036990709602832794,-0.0013847202062606812,0.0015040598809719086,0.03918816149234772
0.036990709602832794,-0.0013847202062606812,0.0015040598809719086,0.03918816149234772
0.036990709602832794,-0.0013847202062606812,0.0015040598809719086,0.03918816149234772
0.036990709602832794,-0.0013847202062606812,0.0015040598809719086,0.03918816149234772
0.036990709602832794,-0.0013847202062606812,0.0015040598809719086,0.03918816149234772
0.036990709602832794,-0.0013847202062606812,0.0015040598809719086,0.03918816149234772
0.036990709602832794,-0.0013847202062606812,0.0015040598809719086,0.03918816149234772
0.036990709602832794,-0.0013847202062606812,0.0015040598809719086,0.03918816149234772
0.036990709602832794,-0.0013847202062606812,0.0015040598809719086,0.03918816149234772
0.036990709602832794,-0.0013847202062606812,0.0015040598809719086,0.03918816149234772
0.036990709602832794,-0.0013847202062606812,0.0015040598809719086,0.03918816149234772
0.036990709602832794,-0.0013847202062606812,0.0015040598809719086,0.03918816149234772
0.036990709602832794,-0.0013847202062606812,0.0015040598809719086,0.03918816149234772
0.036990709602832794,-0.0013847202062606812,0.0015040598809719086,0.03918816149234772
0.036990709602832794,-0.0013847202062606812,0.0015040598809719086,0.03918816149234772
0.036990709602832794,-0.0013847202062606812,0.0015040598809719086,0.03918816149234772
0.036990709602832794,-0.0013847202062606812,0.0015040598809719086,0.03918816149234772
0.036990709602832794,-0.0013847202062606812,0.0015040598809719086,0.03918816149234772
0.036990709602832794,-0.0013847202062606812,0.0015040598809719086,0.03918816149234772
0.036990709602832794,-0.0013847202062606812,0.0015040598809719086,0.03918816149234772
0.036990709602832794,-0.0013847202062606812,0.0015040598809719086,0.03918816149234772
0.036990709602832794,-0.0013847202062606812,0.0015040598809719086,0.03918816149234772
0.036990709602832794,-0.0013847202062606812,0.0015040598809719086,0.03918816149234772
0.036990709602832794,-0.0013847202062606812,0.0015040598809719086,0.03918816149234772
0.036990709602832794,-0.0013847202062606812,0.0015040598809719086,0.03918816149234772
0.036990709602832794,-0.0013847202062606812,0.0015040598809719086,0.03918816149234772
0.036990709602832794,-0.0013847202062606812,0.0015040598809719086,0.03918816149234772
0.036990709602832794,-0.0013847202062606812,0.0015040598809719086,0.03918816149234772
0.036990709602832794,-0.0013847202062606812,0.0015040598809719086,0.03918816149234772
0.036990709602832794,-0.0013847202062606812,0.0015040598809719086,0.03918816149234772
0.036990709602832794,-0.0013847202062606812,0.0015040598809719086,0.03918816149234772
0.036990709602832794,-0.0013847202062606812,0.0015040598809719086,0.03918816149234772
0.036990709602832794,-0.0013847202062606812,0.0015040598809719086,0.03918816149234772
0.036990709602832794,-0.0013847202062606812,0.0015040598809719086,0.03918816149234772
0.036990709602832794,-0.0013847202062606812,0.0015040598809719086,0.03918816149234772
0.036990709602832794,-0.0013847202062606812,0.0015040598809719086,0.03918816149234772
0.036990709602832794,-0.0013847202062606812,0.0015040598809719086,0.03918816149234772
0.036990709602832794,-0.0013847202062606812,0.0015040598809719086,0.03918816149234772
0.036990709602832794,-0.0013847202062606812,0.0015040598809719086,0.03918816149234772
0.036990709602832794,-0.0013847202062606812,0.0015040598809719086,0.03918816149234772
0.036990709602832794,-0.0013847202062606812,0.0015040598809719086,0.03918816149234772
0.036990709602832794,-0.0013847202062606812,0.0015040598809719086,0.03918816149234772
0.036990709602832794,-0.0013847202062606812,0.0015040598809719086,0.03918816149234772
0.036990709602832794,-0.0013847202062606812,0.0015040598809719086,0.03918816149234772
0.036990709602832794,-0.0013847202062606812,0.0015040598809719086,0.03918816149234772
0.036990709602832794,-0.0013847202062606812,0.0015040598809719086,0.03918816149234772
0.036990709602832794,-0.0013847202062606812,0.0015040598809719086,0.03918816149234772
0.036990709602832794,-0.0013847202062606812,0.0015040598809719086,0.03918816149234772
0.036990709602832794,-0.0013847202062606812,0.0015040598809719086,0.03918816149234772
0.036990709602832794,-0.0013847202062606812,0.0015040598809719086,0.03918816149234772
0.036990709602832794,-0.0013847202062606812,0.0015040598809719086,0.03918816149234772
0.036990709602832794,-0.0013847202062606812,0.0015040598809719086,0.03918816149234772
0.036990709602832794,-0.0013847202062606812,0.0015040598809719086,0.03918816149234772
0.036990709602832794,-0.0013847202062606812,0.0015040598809719086,0.03918816149234772
0.036990709602832794,-0.0013847202062606812,0.0015040598809719086,0.03918816149234772
0.036990709602832794,-0.0013847202062606812,0.0015040598809719086,0.03918816149234772
0.036990709602832794,-0.0013847202062606812,0.0015040598809719086,0.03918816149234772
0.036990709602832794,-0.0013847202062606812,0.0015040598809719086,0.03918816149234772
0.036990709602832794,-0.0013847202062606812,0.0015040598809719086,0.03918816149234772
0.036990709602832794,-0.0013847202062606812,0.0015040598809719086,0.03918816149234772
0.036990709602832794,-0.0013847202062606812,0.0015040598809719086,0.03918816149234772
0.036990709602832794,-0.0013847202062606812,0.0015040598809719086,0.03918816149234772
0.036990709602832794,-0.0013847202062606812,0.0015040598809719086,0.03918816149234772
0.036990709602832794,-0.0013847202062606812,0.0015040598809719086,0.03918816149234772
0.036990709602832794,-0.0013847202062606812,0.0015040598809719086,0.03918816149234772
0.036990709602832794,-0.0013847202062606812,0.0015040598809719086,0.03918816149234772
0.036990709602832794,-0.0013847202062606812,0.0015040598809719086,0.03918816149234772
0.036990709602832794,-0.0013847202062606812,0.0015040598809719086,0.03918816149234772
0.036990709602832794,-0.0013847202062606812,0.0015040598809719086,0.03918816149234772
0.036990709602832794,-0.0013847202062606812,0.0015040598809719086,0.03918816149234772
0.036990709602832794,-0.0013847202062606812,0.0015040598809719086,0.03918816149234772
0.036990709602832794,-0.0013847202062606812,0.0015040598809719086,0.03918816149234772
0.036990709602832794,-0.0013847202062606812,0.0015040598809719086,0.03918816149234772
0.036990709602832794,-0.0013847202062606812,0.0015040598809719086,0.03918816149234772
0.036990709602832794,-0.0013847202062606812,0.0015040598809719086,0.03918816149234772
0.036990709602832794,-0.0013847202062606812,0.0015040598809719086,0.03918816149234772
0.036990709602832794,-0.0013847202062606812,0.0015040598809719086,0.03918816149234772
0.036990709602832794,-0.0013847202062606812,0.0015040598809719086,0.03918816149234772
0.036990709602832794,-0.0013847202062606812,0.0015040598809719086,0.03918816149234772
0.036990709602832794,-0.0013847202062606812,0.0015040598809719086,0.03918816149234772
0.036990709602832794,-0.0013847202062606812,0.0015040598809719086,0.03918816149234772
0.036990709602832794,-0.0013847202062606812,0.0015040598809719086,0.03918816149234772
0.036990709602832794,-0.0013847202062606812,0.0015040598809719086,0.03918816149234772
0.036990709602832794,-0.0013847202062606812,0.0015040598809719086,0.03918816149234772
0.036990709602832794,-0.0013847202062606812,0.0015040598809719086,0.03918816149234772
0.036990709602832794,-0.0013847202062606812,0.0015040598809719086,0.03918816149234772
0.036990709602832794,-0.0013847202062606812,0.0015040598809719086,0.03918816149234772
0.036990709602832794,-0.0013847202062606812,0.0015040598809719086,0.03918816149234772
0.036990709602832794,-0.0013847202062606812,0.0015040598809719086,0.03918816149234772
0.036990709602832794,-0.0013847202062606812,0.0015040598809719086,0.03918816149234772
0.036990709602832794,-0.0013847202062606812,0.0015040598809719086,0.03918816149234772
0.036990709602832794,-0.0013847202062606812,0.0015040598809719086,0.03918816149234772
0.036990709602832794,-0.0013847202062606812,0.0015040598809719086,0.03918816149234772
0.036990709602832794,-0.0013847202062606812,0.0015040598809719086,0.03918816149234772
0.036990709602832794,-0.0013847202062606812,0.0015040598809719086,0.03918816149234772
0.036990709602832794,-0.0013847202062606812,0.0015040598809719086,0.03918816149234772
0.036990709602832794,-0.0013847202062606812,0.0015040598809719086,0.03918816149234772
0.036990709602832794,-0.0013847202062606812,0.0015040598809719086,0.03918816149234772
0.036990709602832794,-0.0013847202062606812,0.0015040598809719086,0.03918816149234772
0.036990709602832794,-0.0013847202062606812,0.0015040598809719086,0.03918816149234772
0.036990709602832794,-0.0013847202062606812,0.0015040598809719086,0.03918816149234772
0.036990709602832794,-0.0013847202062606812,0.0015040598809719086,0.03918816149234772
0.036990709602832794,-0.0013847202062606812,0.0015040598809719086,0.03918816149234772
0.036990709602832794,-0.0013847202062606812,0.0015040598809719086,0.03918816149234772
0.036990709602832794,-0.0013847202062606812,0.0015040598809719086,0.03918816149234772
0.036990709602832794,-0.0013847202062606812,0.0015040598809719086,0.03918816149234772
0.036990709602832794,-0.0013847202062606812,0.0015040598809719086,0.03918816149234772
0.036990709602832794,-0.0013847202062606812,0.0015040598809719086,0.03918816149234772
0.036990709602832794,-0.0013847202062606812,0.0015040598809719086,0.03918816149234772
0.036990709602832794,-0.0013847202062606812,0.0015040598809719086,0.03918816149234772
0.036990709602832794,-0.0013847202062606812,0.0015040598809719086,0.03918816149234772
0.036990709602832794,-0.0013847202062606812,0.0015040598809719086,0.03918816149234772
0.036990709602832794,-0.0013847202062606812,0.0015040598809719086,0.03918816149234772
0.036990709602832794,-0.0013847202062606812,0.0015040598809719086,0.03918816149234772
0.036990709602832794,-0.0013847202062606812,0.0015040598809719086,0.03918816149234772
0.036990709602832794,-0.0013847202062606812,0.0015040598809719086,0.03918816149234772
0.036990709602832794,-0.0013847202062606812,0.0015040598809719086,0.03918816149234772
0.036990709602832794,-0.0013847202062606812,0.0015040598809719086,0.03918816149234772
0.036990709602832794,-0.0013847202062606812,0.0015040598809719086,0.03918816149234772
0.036990709602832794,-0.0013847202062606812,0.0015040598809719086,0.03918816149234772
0.036990709602832794,-0.0013847202062606812,0.0015040598809719086,0.03918816149234772
0.036990709602832794,-0.0013847202062606812,0.0015040598809719086,0.03918816149234772
0.036990709602832794,-0.0013847202062606812,0.0015040598809719086,0.03918816149234772
0.036990709602832794,-0.0013847202062606812,0.0015040598809719086,0.03918816149234772
0.036990709602832794,-0.0013847202062606812,0.0015040598809719086,0.03918816149234772
0.036990709602832794,-0.0013847202062606812,0.0015040598809719086,0.03918816149234772
0.036990709602832794,-0.0013847202062606812,0.0015040598809719086,0.03918816149234772
0.036990709602832794,-0.0013847202062606812,0.0015040598809719086,0.03918816149234772
0.036990709602832794,-0.0013847202062606812,0.0015040598809719086,0.03918816149234772
0.036990709602832794,-0.0013847202062606812,0.0015040598809719086,0.03918816149234772
0.036990709602832794,-0.0013847202062606812,0.0015040598809719086,0.03918816149234772
0.036990709602832794,-0.0013847202062606812,0.0015040598809719086,0.03918816149234772
0.036990709602832794,-0.0013847202062606812,0.0015040598809719086,0.03918816149234772
0.036990709602832794,-0.0013847202062606812,0.0015040598809719086,0.03918816149234772
0.036990709602832794,-0.0013847202062606812,0.0015040598809719086,0.03918816149234772
0.036990709602832794,-0.0013847202062606812,0.0015040598809719086,0.03918816149234772
0.036990709602832794,-0.0013847202062606812,0.0015040598809719086,0.03918816149234772
0.036990709602832794,-0.0013847202062606812,0.0015040598809719086,0.03918816149234772
0.036990709602832794,-0.0013847202062606812,0.0015040598809719086,0.03918816149234772
0.036990709602832794,-0.0013847202062606812,0.0015040598809719086,0.03918816149234772
0.036990709602832794,-0.0013847202062606812,0.0015040598809719086,0.03918816149234772
0.036990709602832794,-0.0013847202062606812,0.0015040598809719086,0.03918816149234772
0.036990709602832794,-0.0013847202062606812,0.0015040598809719086,0.03918816149234772
0.036990709602832794,-0.0013847202062606812,0.0015040598809719086,0.03918816149234772
0.036990709602832794,-0.0013847202062606812,0.0015040598809719086,0.03918816149234772
0.036990709602832794,-0.0013847202062606812,0.0015040598809719086,0.03918816149234772
0.036990709602832794,-0.0013847202062606812,0.0015040598809719086,0.03918816149234772
0.036990709602832794,-0.0013847202062606812,0.0015040598809719086,0.03918816149234772
0.036990709602832794,-0.0013847202062606812,0.0015040598809719086,0.03918816149234772
0.036990709602832794,-0.0013847202062606812,0.0015040598809719086,0.03918816149234772
0.036990709602832794,-0.0013847202062606812,0.0015040598809719086,0.03918816149234772
0.036990709602832794,-0.0013847202062606812,0.0015040598809719086,0.03918816149234772
0.036990709602832794,-0.0013847202062606812,0.0015040598809719086,0.03918816149234772
0.036990709602832794,-0.0013847202062606812,0.0015040598809719086,0.03918816149234772
0.036990709602832794,-0.0013847202062606812,0.0015040598809719086,0.03918816149234772
0.036990709602832794,-0.0013847202062606812,0.0015040598809719086,0.03918816149234772
0.036990709602832794,-0.0013847202062606812,0.0015040598809719086,0.03918816149234772
0.036990709602832794,-0.0013847202062606812,0.0015040598809719086,0.03918816149234772
0.036990709602832794,-0.0013847202062606812,0.0015040598809719086,0.03918816149234772
0.036990709602832794,-0.0013847202062606812,0.0015040598809719086,0.03918816149234772
0.036990709602832794,-0.0013847202062606812,0.0015040598809719086,0.03918816149234772
0.036990709602832794,-0.0013847202062606812,0.0015040598809719086,0.03918816149234772
0.036990709602832794,-0.0013847202062606812,0.0015040598809719086,0.03918816149234772
0.036990709602832794,-0.0013847202062606812,0.0015040598809719086,0.03918816149234772
0.036990709602832794,-0.0013847202062606812,0.0015040598809719086,0.03918816149234772
0.036990709602832794,-0.0013847202062606812,0.0015040598809719086,0.03918816149234772
0.036990709602832794,-0.0013847202062606812,0.0015040598809719086,0.03918816149234772
0.036990709602832794,-0.0013847202062606812,0.0015040598809719086,0.03918816149234772
0.036990709602832794,-0.0013847202062606812,0.0015040598809719086,0.03918816149234772
0.036990709602832794,-0.0013847202062606812,0.0015040598809719086,0.03918816149234772
0.036990709602832794,-0.0013847202062606812,0.0015040598809719086,0.03918816149234772
0.036990709602832794,-0.0013847202062606812,0.0015040598809719086,0.03918816149234772
0.036990709602832794,-0.0013847202062606812,0.0015040598809719086,0.03918816149234772
0.036990709602832794,-0.0013847202062606812,0.0015040598809719086,0.03918816149234772
0.036990709602832794,-0.0013847202062606812,0.0015040598809719086,0.03918816149234772
0.036990709602832794,-0.0013847202062606812,0.0015040598809719086,0.03918816149234772
0.036990709602832794,-0.0013847202062606812,0.0015040598809719086,0.03918816149234772
0.036990709602832794,-0.0013847202062606812,0.0015040598809719086,0.03918816149234772
0.036990709602832794,-0.0013847202062606812,0.0015040598809719086,0.03918816149234772
0.036990709602832794,-0.0013847202062606812,0.0015040598809719086,0.03918816149234772
0.036990709602832794,-0.0013847202062606812,0.0015040598809719086,0.03918816149234772
0.036990709602832794,-0.0013847202062606812,0.0015040598809719086,0.03918816149234772
0.036990709602832794,-0.0013847202062606812,0.0015040598809719086,0.03918816149234772
0.036990709602832794,-0.0013847202062606812,0.0015040598809719086,0.03918816149234772
0.036990709602832794,-0.0013847202062606812,0.0015040598809719086,0.03918816149234772
0.036990709602832794,-0.0013847202062606812,0.0015040598809719086,0.03918816149234772
0.036990709602832794,-0.0013847202062606812,0.0015040598809719086,0.03918816149234772
0.036990709602832794,-0.0013847202062606812,0.0015040598809719086,0.03918816149234772
0.036990709602832794,-0.0013847202062606812,0.0015040598809719086,0.03918816149234772
0.036990709602832794,-0.0013847202062606812,0.0015040598809719086,0.03918816149234772
0.036990709602832794,-0.0013847202062606812,0.0015040598809719086,0.03918816149234772
0.036990709602832794,-0.0013847202062606812,0.0015040598809719086,0.03918816149234772
0.036990709602832794,-0.0013847202062606812,0.0015040598809719086,0.03918816149234772
0.036990709602832794,-0.0013847202062606812,0.0015040598809719086,0.03918816149234772
0.036990709602832794,-0.0013847202062606812,0.0015040598809719086,0.03918816149234772
0.036990709602832794,-0.0013847202062606812,0.0015040598809719086,0.03918816149234772
0.036990709602832794,-0.0013847202062606812,0.0015040598809719086,0.03918816149234772
0.036990709602832794,-0.0013847202062606812,0.0015040598809719086,0.03918816149234772
0.036990709602832794,-0.0013847202062606812,0.0015040598809719086,0.03918816149234772
0.036990709602832794,-0.0013847202062606812,0.0015040598809719086,0.03918816149234772
0.036990709602832794,-0.0013847202062606812,0.0015040598809719086,0.03918816149234772
0.036990709602832794,-0.0013847202062606812,0.0015040598809719086,0.03918816149234772
0.036990709602832794,-0.0013847202062606812,0.0015040598809719086,0.03918816149234772
0.036990709602832794,-0.0013847202062606812,0.0015040598809719086,0.03918816149234772
0.036990709602832794,-0.0013847202062606812,0.0015040598809719086,0.03918816149234772
0.036990709602832794,-0.0013847202062606812,0.0015040598809719086,0.03918816149234772
0.036990709602832794,-0.0013847202062606812,0.0015040598809719086,0.03918816149234772
0.036990709602832794,-0.0013847202062606812,0.0015040598809719086,0.03918816149234772
0.036990709602832794,-0.0013847202062606812,0.0015040598809719086,0.03918816149234772
0.036990709602832794,-0.0013847202062606812,0.0015040598809719086,0.03918816149234772
0.036990709602832794,-0.0013847202062606812,0.0015040598809719086,0.03918816149234772
0.036990709602832794,-0.0013847202062606812,0.0015040598809719086,0.03918816149234772
0.036990709602832794,-0.0013847202062606812,0.0015040598809719086,0.03918816149234772
0.036990709602832794,-0.0013847202062606812,0.0015040598809719086,0.03918816149234772
0.036990709602832794,-0.0013847202062606812,0.0015040598809719086,0.03918816149234772
0.036990709602832794,-0.0013847202062606812,0.0015040598809719086,0.03918816149234772
0.036990709602832794,-0.0013847202062606812,0.0015040598809719086,0.03918816149234772
0.036990709602832794,-0.0013847202062606812,0.0015040598809719086,0.03918816149234772
0.036990709602832794,-0.0013847202062606812,0.0015040598809719086,0.03918816149234772
0.036990709602832794,-0.0013847202062606812,0.0015040598809719086,0.03918816149234772
0.036990709602832794,-0.0013847202062606812,0.0015040598809719086,0.03918816149234772
0.036990709602832794,-0.0013847202062606812,0.0015040598809719086,0.03918816149234772
0.036990709602832794,-0.0013847202062606812,0.0015040598809719086,0.03918816149234772
0.036990709602832794,-0.0013847202062606812,0.0015040598809719086,0.03918816149234772
0.036990709602832794,-0.0013847202062606812,0.0015040598809719086,0.03918816149234772
0.036990709602832794,-0.0013847202062606812,0.0015040598809719086,0.03918816149234772
0.036990709602832794,-0.0013847202062606812,0.0015040598809719086,0.03918816149234772
0.036990709602832794,-0.0013847202062606812,0.0015040598809719086,0.03918816149234772
0.036990709602832794,-0.0013847202062606812,0.0015040598809719086,0.03918816149234772
0.036990709602832794,-0.0013847202062606812,0.0015040598809719086,0.03918816149234772
0.036990709602832794,-0.0013847202062606812,0.0015040598809719086,0.03918816149234772
0.036990709602832794,-0.0013847202062606812,0.0015040598809719086,0.03918816149234772
0.036990709602832794,-0.0013847202062606812,0.0015040598809719086,0.03918816149234772
0.036990709602832794,-0.0013847202062606812,0.0015040598809719086,0.03918816149234772
0.036990709602832794,-0.0013847202062606812,0.0015040598809719086,0.03918816149234772
0.036990709602832794,-0.0013847202062606812,0.0015040598809719086,0.03918816149234772
0.036990709602832794,-0.0013847202062606812,0.0015040598809719086,0.03918816149234772
0.036990709602832794,-0.0013847202062606812,0.0015040598809719086,0.03918816149234772
0.036990709602832794,-0.0013847202062606812,0.0015040598809719086,0.03918816149234772
0.036990709602832794,-0.0013847202062606812,0.0015040598809719086,0.03918816149234772
0.036990709602832794,-0.0013847202062606812,0.0015040598809719086,0.03918816149234772
0.036990709602832794,-0.0013847202062606812,0.0015040598809719086,0.03918816149234772
0.036990709602832794,-0.0013847202062606812,0.0015040598809719086,0.03918816149234772
0.036990709602832794,-0.0013847202062606812,0.0015040598809719086,0.03918816149234772
0.036990709602832794,-0.0013847202062606812,0.0015040598809719086,0.03918816149234772
0.036990709602832794,-0.0013847202062606812,0.0015040598809719086,0.03918816149234772
0.036990709602832794,-0.0013847202062606812,0.0015040598809719086,0.03918816149234772
0.036990709602832794,-0.0013847202062606812,0.0015040598809719086,0.03918816149234772
0.036990709602832794,-0.0013847202062606812,0.0015040598809719086,0.03918816149234772
0.036990709602832794,-0.0013847202062606812,0.0015040598809719086,0.03918816149234772
0.036990709602832794,-0.0013847202062606812,0.0015040598809719086,0.03918816149234772
0.036990709602832794,-0.0013847202062606812,0.0015040598809719086,0.03918816149234772
0.036990709602832794,-0.0013847202062606812,0.0015040598809719086,0.03918816149234772
0.036990709602832794,-0.0013847202062606812,0.0015040598809719086,0.03918816149234772
0.036990709602832794,-0.0013847202062606812,0.0015040598809719086,0.03918816149234772
0.036990709602832794,-0.0013847202062606812,0.0015040598809719086,0.03918816149234772
0.036990709602832794,-0.0013847202062606812,0.0015040598809719086,0.03918816149234772
0.036990709602832794,-0.0013847202062606812,0.0015040598809719086,0.03918816149234772
0.036990709602832794,-0.0013847202062606812,0.0015040598809719086,0.03918816149234772
0.036990709602832794,-0.0013847202062606812,0.0015040598809719086,0.03918816149234772
0.036990709602832794,-0.0013847202062606812,0.0015040598809719086,0.03918816149234772
0.036990709602832794,-0.0013847202062606812,0.0015040598809719086,0.03918816149234772
0.036990709602832794,-0.0013847202062606812,0.0015040598809719086,0.03918816149234772
0.036990709602832794,-0.0013847202062606812,0.0015040598809719086,0.03918816149234772
0.036990709602832794,-0.0013847202062606812,0.0015040598809719086,0.03918816149234772
0.036990709602832794,-0.0013847202062606812,0.0015040598809719086,0.03918816149234772
0.036990709602832794,-0.0013847202062606812,0.0015040598809719086,0.03918816149234772
0.036990709602832794,-0.0013847202062606812,0.0015040598809719086,0.03918816149234772
0.036990709602832794,-0.0013847202062606812,0.0015040598809719086,0.03918816149234772
0.036990709602832794,-0.0013847202062606812,0.0015040598809719086,0.03918816149234772
0.036990709602832794,-0.0013847202062606812,0.0015040598809719086,0.03918816149234772
0.036990709602832794,-0.0013847202062606812,0.0015040598809719086,0.03918816149234772
0.036990709602832794,-0.0013847202062606812,0.0015040598809719086,0.03918816149234772
0.036990709602832794,-0.0013847202062606812,0.0015040598809719086,0.03918816149234772
0.036990709602832794,-0.0013847202062606812,0.0015040598809719086,0.03918816149234772
0.036990709602832794,-0.0013847202062606812,0.0015040598809719086,0.03918816149234772
0.036990709602832794,-0.0013847202062606812,0.0015040598809719086,0.03918816149234772
0.036990709602832794,-0.0013847202062606812,0.0015040598809719086,0.03918816149234772
0.036990709602832794,-0.0013847202062606812,0.0015040598809719086,0.03918816149234772
0.036990709602832794,-0.0013847202062606812,0.0015040598809719086,0.03918816149234772
0.036990709602832794,-0.0013847202062606812,0.0015040598809719086,0.03918816149234772
0.036990709602832794,-0.0013847202062606812,0.0015040598809719086,0.03918816149234772
0.036990709602832794,-0.0013847202062606812,0.0015040598809719086,0.03918816149234772
0.036990709602832794,-0.0013847202062606812,0.0015040598809719086,0.03918816149234772
0.036990709602832794,-0.0013847202062606812,0.0015040598809719086,0.03918816149234772
0.036990709602832794,-0.0013847202062606812,0.0015040598809719086,0.03918816149234772
0.036990709602832794,-0.0013847202062606812,0.0015040598809719086,0.03918816149234772
0.036990709602832794,-0.0013847202062606812,0.0015040598809719086,0.03918816149234772
0.036990709602832794,-0.0013847202062606812,0.0015040598809719086,0.03918816149234772
0.036990709602832794,-0.0013847202062606812,0.0015040598809719086,0.03918816149234772
0.036990709602832794,-0.0013847202062606812,0.0015040598809719086,0.03918816149234772
0.036990709602832794,-0.0013847202062606812,0.0015040598809719086,0.03918816149234772
0.036990709602832794,-0.0013847202062606812,0.0015040598809719086,0.03918816149234772
0.036990709602832794,-0.0013847202062606812,0.0015040598809719086,0.03918816149234772
0.036990709602832794,-0.0013847202062606812,0.0015040598809719086,0.03918816149234772
0.036990709602832794,-0.0013847202062606812,0.0015040598809719086,0.03918816149234772
0.036990709602832794,-0.0013847202062606812,0.0015040598809719086,0.03918816149234772
0.036990709602832794,-0.0013847202062606812,0.0015040598809719086,0.03918816149234772
0.036990709602832794,-0.0013847202062606812,0.0015040598809719086,0.03918816149234772
0.036990709602832794,-0.0013847202062606812,0.0015040598809719086,0.03918816149234772
0.036990709602832794,-0.0013847202062606812,0.0015040598809719086,0.03918816149234772
0.036990709602832794,-0.0013847202062606812,0.0015040598809719086,0.03918816149234772
0.036990709602832794,-0.0013847202062606812,0.0015040598809719086,0.03918816149234772
0.036990709602832794,-0.0013847202062606812,0.0015040598809719086,0.03918816149234772
0.036990709602832794,-0.0013847202062606812,0.0015040598809719086,0.03918816149234772
0.036990709602832794,-0.0013847202062606812,0.0015040598809719086,0.03918816149234772
0.036990709602832794,-0.0013847202062606812,0.0015040598809719086,0.03918816149234772
0.036990709602832794,-0.0013847202062606812,0.0015040598809719086,0.03918816149234772
0.036990709602832794,-0.0013847202062606812,0.0015040598809719086,0.03918816149234772
0.036990709602832794,-0.0013847202062606812,0.0015040598809719086,0.03918816149234772
0.036990709602832794,-0.0013847202062606812,0.0015040598809719086,0.03918816149234772
0.036990709602832794,-0.0013847202062606812,0.0015040598809719086,0.03918816149234772
0.036990709602832794,-0.0013847202062606812,0.0015040598809719086,0.03918816149234772
0.036990709602832794,-0.0013847202062606812,0.0015040598809719086,0.03918816149234772
0.036990709602832794,-0.0013847202062606812,0.0015040598809719086,0.03918816149234772
0.036990709602832794,-0.0013847202062606812,0.0015040598809719086,0.03918816149234772
0.036990709602832794,-0.0013847202062606812,0.0015040598809719086,0.03918816149234772
0.036990709602832794,-0.0013847202062606812,0.0015040598809719086,0.03918816149234772
0.036990709602832794,-0.0013847202062606812,0.0015040598809719086,0.03918816149234772
0.036990709602832794,-0.0013847202062606812,0.0015040598809719086,0.03918816149234772
0.036990709602832794,-0.0013847202062606812,0.0015040598809719086,0.03918816149234772
0.036990709602832794,-0.0013847202062606812,0.0015040598809719086,0.03918816149234772
0.036990709602832794,-0.0013847202062606812,0.0015040598809719086,0.03918816149234772
0.036990709602832794,-0.0013847202062606812,0.0015040598809719086,0.03918816149234772
0.036990709602832794,-0.0013847202062606812,0.0015040598809719086,0.03918816149234772
0.036990709602832794,-0.0013847202062606812,0.0015040598809719086,0.03918816149234772
0.036990709602832794,-0.0013847202062606812,0.0015040598809719086,0.03918816149234772
0.036990709602832794,-0.0013847202062606812,0.0015040598809719086,0.03918816149234772
0.036990709602832794,-0.0013847202062606812,0.0015040598809719086,0.03918816149234772
0.036990709602832794,-0.0013847202062606812,0.0015040598809719086,0.03918816149234772
0.036990709602832794,-0.0013847202062606812,0.0015040598809719086,0.03918816149234772
0.036990709602832794,-0.0013847202062606812,0.0015040598809719086,0.03918816149234772
0.036990709602832794,-0.0013847202062606812,0.0015040598809719086,0.03918816149234772
0.036990709602832794,-0.0013847202062606812,0.0015040598809719086,0.03918816149234772
0.036990709602832794,-0.0013847202062606812,0.0015040598809719086,0.03918816149234772
0.036990709602832794,-0.0013847202062606812,0.0015040598809719086,0.03918816149234772
0.036990709602832794,-0.0013847202062606812,0.0015040598809719086,0.03918816149234772
0.036990709602832794,-0.0013847202062606812,0.0015040598809719086,0.03918816149234772
0.036990709602832794,-0.0013847202062606812,0.0015040598809719086,0.03918816149234772
0.036990709602832794,-0.0013847202062606812,0.0015040598809719086,0.03918816149234772
0.036990709602832794,-0.0013847202062606812,0.0015040598809719086,0.03918816149234772
0.036990709602832794,-0.0013847202062606812,0.0015040598809719086,0.03918816149234772
0.036990709602832794,-0.0013847202062606812,0.0015040598809719086,0.03918816149234772
0.036990709602832794,-0.0013847202062606812,0.0015040598809719086,0.03918816149234772
0.036990709602832794,-0.0013847202062606812,0.0015040598809719086,0.03918816149234772
0.036990709602832794,-0.0013847202062606812,0.0015040598809719086,0.03918816149234772
0.036990709602832794,-0.0013847202062606812,0.0015040598809719086,0.03918816149234772
0.036990709602832794,-0.0013847202062606812,0.0015040598809719086,0.03918816149234772
0.036990709602832794,-0.0013847202062606812,0.0015040598809719086,0.03918816149234772
0.036990709602832794,-0.0013847202062606812,0.0015040598809719086,0.03918816149234772
0.036990709602832794,-0.0013847202062606812,0.0015040598809719086,0.03918816149234772
0.036990709602832794,-0.0013847202062606812,0.0015040598809719086,0.03918816149234772
0.036990709602832794,-0.0013847202062606812,0.0015040598809719086,0.03918816149234772
0.036990709602832794,-0.0013847202062606812,0.0015040598809719086,0.03918816149234772
0.036990709602832794,-0.0013847202062606812,0.0015040598809719086,0.03918816149234772
