vx,vy,vz,omega_z
0.12370171397924423,0.20380939543247223,-0.34174373745918274,1.2160580158233643
0.10370860248804092,0.22009317576885223,-0.3504020869731903,1.2695040702819824
0.09904386103153229,0.2194746881723404,-0.3495965003967285,1.2704033851623535
0.09826090186834335,0.2193259745836258,-0.34951210021972656,1.270434856414795
0.09813971817493439,0.21929894387722015,-0.3495059311389923,1.2704365253448486
0.0981215164065361,0.21929393708705902,-0.3495055139064789,1.2704365253448486
0.0933857411146164,0.21501524746418,-0.3415202498435974,1.1789240837097168
0.09792568534612656,0.2118823379278183,-0.3475596010684967,1.1623289585113525
0.10185013711452484,0.19266216456890106,-0.3397814929485321,1.2187225818634033
0.10091820359230042,0.18749220669269562,-0.33892691135406494,1.2239127159118652
0.10636518895626068,0.17170323431491852,-0.34011518955230713,1.2263741493225098
0.10770167410373688,0.16665323078632355,-0.3407183885574341,1.2266554832458496
0.10956932604312897,0.1547175794839859,-0.3350372314453125,1.2135930061340332
0.11037391424179077,0.15156660974025726,-0.3358076810836792,1.211862564086914
0.13128547370433807,0.137403666973114,-0.3208966553211212,1.1906554698944092
0.13599050045013428,0.13207648694515228,-0.3209153413772583,1.1881742477416992
0.1332615166902542,0.1134144514799118,-0.3176387548446655,1.1588802337646484
0.13358546793460846,0.11043889820575714,-0.3199244439601898,1.1561570167541504
0.13823196291923523,0.07880896329879761,-0.298664927482605,1.1498265266418457
0.13570405542850494,0.07292355597019196,-0.29699382185935974,1.1507844924926758
0.14349937438964844,0.09276895225048065,-0.2942875921726227,1.134164571762085
0.1448213756084442,0.09569612145423889,-0.29306936264038086,1.132241129875183
0.14199650287628174,0.06890347599983215,-0.25979888439178467,1.063064694404602
0.13386374711990356,0.0632925033569336,-0.2553735375404358,1.0563117265701294
0.13774661719799042,0.04512728750705719,-0.27399465441703796,1.073235034942627
0.14459072053432465,0.044694483280181885,-0.2785613238811493,1.0765504837036133
0.1407175064086914,0.029523834586143494,-0.2710893154144287,1.0787131786346436
0.13996124267578125,0.027944356203079224,-0.2703884243965149,1.0797480344772339
0.1437627226114273,0.01675809919834137,-0.2550298571586609,1.0362727642059326
0.13980501890182495,0.013460516929626465,-0.25384578108787537,1.0313019752502441
0.14426450431346893,-0.0075190141797065735,-0.2558225393295288,1.004941463470459
0.14366163313388824,-0.009891688823699951,-0.2567608654499054,1.003145694732666
0.1398322731256485,-0.007788807153701782,-0.2492845356464386,0.9983814358711243
0.13932353258132935,-0.0066433921456336975,-0.24707557260990143,0.9988905191421509
0.14666007459163666,-0.013287156820297241,-0.23470750451087952,0.9828663468360901
0.14516788721084595,-0.01485741138458252,-0.23281529545783997,0.9797342419624329
0.14496971666812897,-0.014895983040332794,-0.23272621631622314,0.9796501994132996
0.12221547961235046,-0.03925076872110367,-0.2427351176738739,0.9233883619308472
0.12959741055965424,-0.05277467146515846,-0.22375556826591492,0.9454947113990784
0.12934118509292603,-0.0542304627597332,-0.22264720499515533,0.9495726823806763
0.11546462029218674,-0.06740130484104156,-0.20992836356163025,0.9235154390335083
0.11255886405706406,-0.06822717934846878,-0.20817427337169647,0.9203670024871826
0.099387526512146,-0.07155121862888336,-0.18737199902534485,0.8985034823417664
0.09657285362482071,-0.07125677168369293,-0.1837501972913742,0.8941742181777954
0.09464912116527557,-0.07215603440999985,-0.18167003989219666,0.8806189894676208
0.09459526836872101,-0.07094145566225052,-0.1802269071340561,0.8781867027282715
0.07646245509386063,-0.09004174172878265,-0.1908440887928009,0.8478079438209534
0.07588908076286316,-0.0897519513964653,-0.192776158452034,0.8430018424987793
0.08411745727062225,-0.09604740887880325,-0.17968742549419403,0.8283097743988037
0.08456752449274063,-0.09746093302965164,-0.17947795987129211,0.8258193731307983
0.08808492124080658,-0.0947771668434143,-0.16976796090602875,0.8103629946708679
0.08810725808143616,-0.09479844570159912,-0.16870740056037903,0.8077436089515686
0.08167548477649689,-0.10622043907642365,-0.17242810130119324,0.8077448606491089
0.08217507600784302,-0.10673751682043076,-0.1736837923526764,0.8073702454566956
0.08462775498628616,-0.11365678906440735,-0.16674453020095825,0.7969220876693726
0.08383187651634216,-0.11420466750860214,-0.1661040186882019,0.7955950498580933
0.06556130945682526,-0.11872750520706177,-0.163039430975914,0.7685370445251465
0.06343565881252289,-0.11878080666065216,-0.16177910566329956,0.7634414434432983
0.05731663852930069,-0.12068430334329605,-0.16656455397605896,0.7539255619049072
0.056619469076395035,-0.12059672921895981,-0.16598445177078247,0.7528615593910217
0.04246050864458084,-0.12024622410535812,-0.16141359508037567,0.7326642870903015
0.040370941162109375,-0.11968845874071121,-0.1589566022157669,0.7295978665351868
0.036188021302223206,-0.12399611622095108,-0.15885025262832642,0.7173255085945129
0.03620859980583191,-0.1242862418293953,-0.15900471806526184,0.7148922085762024
0.03579656779766083,-0.12783226370811462,-0.1536587029695511,0.7135145664215088
0.03513724356889725,-0.12815885245800018,-0.152884379029274,0.7136950492858887
0.024114303290843964,-0.12756764888763428,-0.15615631639957428,0.7024891376495361
0.02453627437353134,-0.12962523102760315,-0.15440821647644043,0.6896199584007263
0.02407761663198471,-0.12960904836654663,-0.15366530418395996,0.6882699728012085
0.02325473725795746,-0.1349591314792633,-0.14979209005832672,0.673984706401825
0.0229809433221817,-0.13534677028656006,-0.14956948161125183,0.6717596054077148
0.022959403693675995,-0.13535121083259583,-0.14956942200660706,0.6716683506965637
0.00828397274017334,-0.13125482201576233,-0.14373190701007843,0.6412585377693176
0.0076399073004722595,-0.13029175996780396,-0.14292411506175995,0.6358011364936829
0.008953198790550232,-0.1334499567747116,-0.1318138688802719,0.6150036454200745
0.009357735514640808,-0.13334546983242035,-0.13114076852798462,0.6121403574943542
0.005328424274921417,-0.1377287358045578,-0.132405087351799,0.612311601638794
0.005074918270111084,-0.13799652457237244,-0.13183970749378204,0.6124757528305054
0.006944134831428528,-0.1372383087873459,-0.13233435153961182,0.5901161432266235
0.008117355406284332,-0.13705947995185852,-0.1327500343322754,0.5866936445236206
0.007081322371959686,-0.13528165221214294,-0.1291089951992035,0.5862230062484741
0.006714619696140289,-0.1351524293422699,-0.12857986986637115,0.5860404372215271
0.004792347550392151,-0.13630461692810059,-0.11921604722738266,0.5704600811004639
0.004288248717784882,-0.13592112064361572,-0.11889012157917023,0.567997932434082
-0.006413817405700684,-0.13464707136154175,-0.11398553103208542,0.5636805295944214
-0.007236197590827942,-0.13428263366222382,-0.11322338879108429,0.5629357099533081
-0.007127679884433746,-0.13818487524986267,-0.11824620515108109,0.5551052093505859
-0.006146654486656189,-0.13852769136428833,-0.11942274868488312,0.5531854629516602
-0.0011852607131004333,-0.13544508814811707,-0.11449404060840607,0.5337885618209839
-0.0005407184362411499,-0.13535597920417786,-0.11381421983242035,0.5309776663780212
-0.004647582769393921,-0.13048596680164337,-0.10649599134922028,0.5281766653060913
-0.005788370966911316,-0.12989097833633423,-0.10393448919057846,0.5289360284805298
-0.010480515658855438,-0.1303788274526596,-0.10701316595077515,0.5286035537719727
-0.010626934468746185,-0.1301163136959076,-0.10708172619342804,0.5285742282867432
-0.018822081387043,-0.12543348968029022,-0.1082446426153183,0.5096213817596436
-0.018266476690769196,-0.12412220239639282,-0.10962144285440445,0.5064009428024292
-0.018319956958293915,-0.12246208637952805,-0.10432097315788269,0.49177658557891846
-0.017757005989551544,-0.12210685014724731,-0.10427473485469818,0.48973381519317627
-0.021246321499347687,-0.12036222219467163,-0.1006787121295929,0.48400402069091797
-0.021823786199092865,-0.12029899656772614,-0.10018531233072281,0.4832489788532257
-0.021954618394374847,-0.11814595758914948,-0.09692206978797913,0.4774545729160309
-0.021720074117183685,-0.11782321333885193,-0.09718748927116394,0.47634461522102356
-0.022466130554676056,-0.11923965811729431,-0.09868814051151276,0.4706951081752777
-0.022081486880779266,-0.11930511891841888,-0.099442258477211,0.46935614943504333
-0.02446240931749344,-0.11505815386772156,-0.09757277369499207,0.4650093615055084
-0.024715520441532135,-0.1148235946893692,-0.09676709771156311,0.46453654766082764
-0.023146383464336395,-0.11334176361560822,-0.09314829111099243,0.45227691531181335
-0.02246130257844925,-0.11317596584558487,-0.09357981383800507,0.45027461647987366
-0.023407556116580963,-0.10919266194105148,-0.08587740361690521,0.4441845118999481
-0.023681677877902985,-0.10837932676076889,-0.08542502671480179,0.4431097209453583
-0.028365112841129303,-0.10383254289627075,-0.08590012788772583,0.4358648657798767
-0.02829214185476303,-0.10272277146577835,-0.08722911775112152,0.4339894950389862
-0.030841641128063202,-0.09880588948726654,-0.092434823513031,0.422279953956604
-0.029923833906650543,-0.09741636365652084,-0.09514068067073822,0.41915667057037354
-0.030940748751163483,-0.09772945195436478,-0.09748479723930359,0.41081854701042175
-0.03044443577528,-0.09702415019273758,-0.09909707307815552,0.4087393283843994
-0.031140558421611786,-0.09412789344787598,-0.09299274533987045,0.4008618891239166
-0.031104959547519684,-0.09304766356945038,-0.09308966994285583,0.3992858827114105
-0.03116849809885025,-0.09129364788532257,-0.09030752629041672,0.38729530572891235
-0.030498318374156952,-0.09017960727214813,-0.09132792800664902,0.384630024433136
-0.028131119906902313,-0.09134945273399353,-0.08545321226119995,0.3803202509880066
-0.027678094804286957,-0.09129749238491058,-0.08564572036266327,0.37933459877967834
-0.026692606508731842,-0.09144734591245651,-0.0789048969745636,0.3770316243171692
-0.028424568474292755,-0.09050074219703674,-0.07560070604085922,0.3726574182510376
-0.028648056089878082,-0.0897885113954544,-0.0755014419555664,0.37156200408935547
-0.032149143517017365,-0.0885922759771347,-0.07584646344184875,0.3671948313713074
-0.03242021054029465,-0.0878237783908844,-0.07652030885219574,0.3654528260231018
-0.03465580195188522,-0.08851700276136398,-0.08005597442388535,0.3640151619911194
-0.034623123705387115,-0.08759923279285431,-0.08033916354179382,0.36108699440956116
-0.03447616845369339,-0.08698852360248566,-0.08079307526350021,0.3601098358631134
-0.03444255143404007,-0.08684611320495605,-0.08085513114929199,0.3600034713745117
-0.03456219285726547,-0.08569338917732239,-0.07540236413478851,0.35769933462142944
-0.03252915292978287,-0.08436775952577591,-0.0726047083735466,0.347717821598053
-0.03201017528772354,-0.08381174504756927,-0.07366619259119034,0.34399017691612244
-0.03014472872018814,-0.08215820789337158,-0.06749902665615082,0.3363907039165497
-0.030023150146007538,-0.0816706120967865,-0.06763195991516113,0.33325591683387756
-0.0279432013630867,-0.08173759281635284,-0.06756959110498428,0.3278898596763611
-0.027239225804805756,-0.08147604763507843,-0.06871163845062256,0.325833261013031
-0.02770339697599411,-0.08183525502681732,-0.06741604954004288,0.3201390504837036
-0.027660764753818512,-0.08115062117576599,-0.06814852356910706,0.3178839683532715
-0.026234902441501617,-0.0792320966720581,-0.06737446039915085,0.30910247564315796
-0.023998819291591644,-0.07637592405080795,-0.06169382855296135,0.2982500195503235
-0.023850329220294952,-0.07520467042922974,-0.06141120567917824,0.2956092953681946
-0.023833639919757843,-0.0748782828450203,-0.06141655892133713,0.2953900098800659
-0.023075155913829803,-0.07389388233423233,-0.058687008917331696,0.29273521900177
-0.023048512637615204,-0.07309310883283615,-0.05844806879758835,0.2917913496494293
-0.022787056863307953,-0.07136524468660355,-0.05757572501897812,0.292411744594574
-0.02290412038564682,-0.06985989212989807,-0.05727666988968849,0.29250991344451904
-0.022239722311496735,-0.06856665015220642,-0.05614934116601944,0.28962063789367676
-0.022191978991031647,-0.06749432533979416,-0.05592017620801926,0.2885359525680542
-0.020939521491527557,-0.0669085681438446,-0.05268579721450806,0.2830287516117096
-0.019556574523448944,-0.06650427728891373,-0.050805069506168365,0.279401034116745
-0.019459404051303864,-0.06591369211673737,-0.050351958721876144,0.2785070240497589
-0.018932513892650604,-0.06531041860580444,-0.05148080736398697,0.2758530378341675
-0.018845923244953156,-0.06531226634979248,-0.05120328441262245,0.2748764753341675
-0.01897718757390976,-0.06441010534763336,-0.04846397042274475,0.27028724551200867
-0.0189644917845726,-0.0637083649635315,-0.04798844829201698,0.26870912313461304
-0.017690084874629974,-0.062467269599437714,-0.044006235897541046,0.2637972831726074
-0.01749882847070694,-0.062105804681777954,-0.043723829090595245,0.2620791494846344
-0.018243901431560516,-0.06222863122820854,-0.04120013117790222,0.2561652362346649
-0.018190689384937286,-0.06263576447963715,-0.04154326394200325,0.2543017864227295
-0.017611779272556305,-0.06278294324874878,-0.038373589515686035,0.2502448558807373
-0.017454303801059723,-0.06301893293857574,-0.03854502737522125,0.24894583225250244
-0.018223784863948822,-0.06280447542667389,-0.03721196576952934,0.24335980415344238
-0.018224753439426422,-0.06313128769397736,-0.03731853514909744,0.24182602763175964
-0.017715848982334137,-0.061838049441576004,-0.03566065430641174,0.2370949387550354
-0.017625294625759125,-0.06213399022817612,-0.03541996330022812,0.23584458231925964
-0.01583407074213028,-0.060196634382009506,-0.036287784576416016,0.23282307386398315
-0.01592438668012619,-0.05718787759542465,-0.035318098962306976,0.22882011532783508
-0.015965469181537628,-0.05681644752621651,-0.03488975018262863,0.22804492712020874
-0.01691833883523941,-0.05545970797538757,-0.03518527001142502,0.22696809470653534
-0.01703990250825882,-0.05558888241648674,-0.03512783348560333,0.22685222327709198
-0.017777271568775177,-0.05514572933316231,-0.03882346302270889,0.21932214498519897
-0.01759464293718338,-0.055580150336027145,-0.03959425538778305,0.21735306084156036
-0.018607981503009796,-0.055102333426475525,-0.040293410420417786,0.21724988520145416
-0.018805496394634247,-0.055660609155893326,-0.04041416570544243,0.21768119931221008
-0.018829070031642914,-0.05582132562994957,-0.04040966182947159,0.2177269607782364
-0.017713002860546112,-0.05477249622344971,-0.039497505873441696,0.21341390907764435
-0.017585135996341705,-0.05544866994023323,-0.03937748819589615,0.21272052824497223
-0.015627093613147736,-0.05521228909492493,-0.03613213449716568,0.20755183696746826
-0.015370942652225494,-0.055956147611141205,-0.035727158188819885,0.20655305683612823
-0.014375753700733185,-0.05581677332520485,-0.033042456954717636,0.20286917686462402
-0.014297984540462494,-0.05631890892982483,-0.03272224962711334,0.20225828886032104
-0.013161234557628632,-0.05716376006603241,-0.03190286457538605,0.19711729884147644
-0.011548124253749847,-0.057013534009456635,-0.029849089682102203,0.19202052056789398
-0.011307604610919952,-0.05730290710926056,-0.029565338045358658,0.19104814529418945
-0.009241044521331787,-0.0563214085996151,-0.027973219752311707,0.18804775178432465
-0.009034328162670135,-0.05692105367779732,-0.02769918367266655,0.18761049211025238
-0.00863669067621231,-0.05585373193025589,-0.023967139422893524,0.18553273379802704
-0.008733280003070831,-0.05601540207862854,-0.023569241166114807,0.18546177446842194
-0.007423065602779388,-0.05547613650560379,-0.024168040603399277,0.18150752782821655
-0.007172860205173492,-0.05598766356706619,-0.024307452142238617,0.180567666888237
-0.006605863571166992,-0.05673976615071297,-0.02533511072397232,0.1766263246536255
-0.006435111165046692,-0.05717162415385246,-0.025755014270544052,0.17565494775772095
-0.0061496347188949585,-0.055797405540943146,-0.02595798298716545,0.1726669818162918
-0.00604671984910965,-0.05584161356091499,-0.02591785043478012,0.17212605476379395
-0.004849709570407867,-0.05390691012144089,-0.02451954036951065,0.16765737533569336
-0.004673071205615997,-0.054303430020809174,-0.024257302284240723,0.16696935892105103
-0.004358857870101929,-0.052396684885025024,-0.0226430781185627,0.16311807930469513
-0.004265159368515015,-0.05251595377922058,-0.022301245480775833,0.16266882419586182
-0.004258647561073303,-0.05260065197944641,-0.02227850630879402,0.16265352070331573
-0.0046007707715034485,-0.05092755705118179,-0.022197872400283813,0.15922336280345917
-0.0047173574566841125,-0.05004740506410599,-0.02432488650083542,0.15720060467720032
-0.00459887832403183,-0.05006289482116699,-0.024630218744277954,0.15677553415298462
-0.004385747015476227,-0.0489499531686306,-0.023171886801719666,0.15464019775390625
-0.004384234547615051,-0.049388885498046875,-0.02283376455307007,0.15456539392471313
-0.004747495055198669,-0.04925299435853958,-0.020598433911800385,0.15307697653770447
-0.004776574671268463,-0.04935070127248764,-0.020254533737897873,0.15315550565719604
-0.0052300915122032166,-0.04861339181661606,-0.01958821341395378,0.15112169086933136
-0.005222730338573456,-0.04865476116538048,-0.01949946954846382,0.15088914334774017
-0.004855506122112274,-0.047402914613485336,-0.0186680406332016,0.14939439296722412
-0.004788435995578766,-0.047327879816293716,-0.018424026668071747,0.14929832518100739
-0.005131855607032776,-0.04717530310153961,-0.017663266509771347,0.14692851901054382
-0.004210963845252991,-0.04646119102835655,-0.015236429870128632,0.14408597350120544
-0.004098266363143921,-0.046821705996990204,-0.014817561954259872,0.14397616684436798
-0.001821167767047882,-0.045975539833307266,-0.012490157037973404,0.14004282653331757
-0.001511983573436737,-0.04631440341472626,-0.01190698891878128,0.13942928612232208
-0.00204651802778244,-0.04666314274072647,-0.01445220410823822,0.13808543980121613
-0.001973778009414673,-0.04666377231478691,-0.014912545680999756,0.1376594752073288
-0.0008988454937934875,-0.045051660388708115,-0.01578935608267784,0.13526539504528046
-0.0006913319230079651,-0.04490088298916817,-0.015776939690113068,0.13467611372470856
5.577504634857178e-05,-0.043649785220623016,-0.015261366963386536,0.13179129362106323
0.00020044296979904175,-0.04353999346494675,-0.01512230560183525,0.1312956064939499
0.00030066072940826416,-0.04244709387421608,-0.014152687042951584,0.13064001500606537
0.0003000423312187195,-0.042116012424230576,-0.013885535299777985,0.13058674335479736
0.0005453974008560181,-0.04022834822535515,-0.013014372438192368,0.1276017427444458
0.0005722269415855408,-0.03995656967163086,-0.01278119906783104,0.12711966037750244
0.0008348077535629272,-0.03801896795630455,-0.012753810733556747,0.12381961941719055
0.0009313002228736877,-0.037890657782554626,-0.012653116136789322,0.12317296862602234
0.0013750046491622925,-0.03723099082708359,-0.013786163181066513,0.12142285704612732
0.0017882362008094788,-0.03639604151248932,-0.01298036053776741,0.11856484413146973
0.0018549710512161255,-0.03648222237825394,-0.012645084410905838,0.11801795661449432
0.0031593069434165955,-0.03562444448471069,-0.012430783361196518,0.11373220384120941
0.003379635512828827,-0.03563999384641647,-0.012179642915725708,0.11291258037090302
0.003511205315589905,-0.03547824174165726,-0.010840892791748047,0.11294548213481903
0.003446139395236969,-0.03551866114139557,-0.01050778478384018,0.11309003829956055
0.004299759864807129,-0.036508746445178986,-0.009996246546506882,0.1114223524928093
0.00438380241394043,-0.036949522793293,-0.009942375123500824,0.11114063858985901
0.0047458261251449585,-0.0364823192358017,-0.011108871549367905,0.1090083122253418
0.0047981515526771545,-0.03638947010040283,-0.011190973222255707,0.10858223587274551
0.004840336740016937,-0.03618486225605011,-0.012479867786169052,0.10894723236560822
0.00486503541469574,-0.03616950660943985,-0.012657221406698227,0.10892190039157867
0.005241625010967255,-0.037601009011268616,-0.012419886887073517,0.1089758425951004
0.0052554309368133545,-0.037926942110061646,-0.01229369267821312,0.10895033925771713
0.005573764443397522,-0.03795758634805679,-0.012940477579832077,0.10904350876808167
0.0055814459919929504,-0.03808347508311272,-0.012923195958137512,0.10908118635416031
0.005874119699001312,-0.03757583349943161,-0.011488266289234161,0.1069774180650711
0.005872763693332672,-0.03760877996683121,-0.01099834218621254,0.10647831857204437
0.006982497870922089,-0.03826991841197014,-0.010238494724035263,0.10246844589710236
0.007879920303821564,-0.03818804398179054,-0.010544739663600922,0.10074538737535477
0.007979512214660645,-0.03857830911874771,-0.010624468326568604,0.10046195983886719
0.008594222366809845,-0.03806065768003464,-0.010559093207120895,0.09906980395317078
0.008688472211360931,-0.03837035596370697,-0.01050637662410736,0.09871046245098114
0.009405061602592468,-0.03695012629032135,-0.010974496603012085,0.09600462764501572
0.009591497480869293,-0.036989979445934296,-0.010916978120803833,0.09541010111570358
0.010577782988548279,-0.0348636656999588,-0.009773951023817062,0.09484849870204926
0.010750502347946167,-0.03465527296066284,-0.00934506580233574,0.09480199217796326
0.01145249605178833,-0.03412507474422455,-0.012247037142515182,0.0938730239868164
0.01169886440038681,-0.034374892711639404,-0.012847136706113815,0.09341152012348175
0.012725606560707092,-0.03426150977611542,-0.014652948826551437,0.09069662541151047
0.013021677732467651,-0.034370966255664825,-0.01502678170800209,0.09001587331295013
0.012775592505931854,-0.03512698411941528,-0.015635337680578232,0.08875136822462082
0.012769795954227448,-0.03514356166124344,-0.01571529731154442,0.08837482333183289
0.013193279504776001,-0.0343421995639801,-0.012804120779037476,0.08765164017677307
0.013227537274360657,-0.03394196927547455,-0.012170080095529556,0.08761774748563766
0.013329043984413147,-0.03165725618600845,-0.010788146406412125,0.08645803481340408
0.013383708894252777,-0.03132721781730652,-0.010572366416454315,0.08637221157550812
0.013795413076877594,-0.029367685317993164,-0.010767634958028793,0.08351379632949829
0.013939127326011658,-0.02878756821155548,-0.010855548083782196,0.0828242152929306
0.01384713500738144,-0.027903467416763306,-0.011545736342668533,0.08263338357210159
0.01388547569513321,-0.027527205646038055,-0.011664159595966339,0.08240649849176407
0.014207825064659119,-0.026295319199562073,-0.010657716542482376,0.0796324759721756
0.014312803745269775,-0.025866784155368805,-0.010461993515491486,0.07918398082256317
0.014185801148414612,-0.0260072723031044,-0.00843210518360138,0.0764276310801506
0.014158286154270172,-0.02572866529226303,-0.008050389587879181,0.07630906999111176
0.014421433210372925,-0.02631261944770813,-0.008112430572509766,0.07798163592815399
0.014421835541725159,-0.026199758052825928,-0.008043516427278519,0.07831262052059174
0.014435961842536926,-0.026622258126735687,-0.009440883994102478,0.07917927205562592
0.014451459050178528,-0.026576370000839233,-0.009738117456436157,0.07923699170351028
0.014970608055591583,-0.026621706783771515,-0.010570526123046875,0.0780932605266571
0.01506449282169342,-0.026589982211589813,-0.0106748566031456,0.07763389497995377
0.015427328646183014,-0.025534093379974365,-0.009818505495786667,0.07703525573015213
0.015493884682655334,-0.02525993436574936,-0.009560201317071915,0.07692259550094604
0.016182512044906616,-0.024731777608394623,-0.009326588362455368,0.07411780953407288
0.017527997493743896,-0.02450559288263321,-0.008872892707586288,0.07252073287963867
0.017746731638908386,-0.024504370987415314,-0.00876804068684578,0.07241323590278625
0.017770275473594666,-0.024500533938407898,-0.008760534226894379,0.07240989059209824
0.01739589124917984,-0.023366495966911316,-0.0077901072800159454,0.07379049062728882
0.01731349527835846,-0.023029036819934845,-0.00738106295466423,0.07397516071796417
0.01714836061000824,-0.022654369473457336,-0.006662566214799881,0.0754314437508583
0.017069295048713684,-0.022610895335674286,-0.006358511745929718,0.07564500719308853
0.01823868602514267,-0.02308761328458786,-0.007779598236083984,0.07471299916505814
0.01843685656785965,-0.023173004388809204,-0.008125681430101395,0.07434601336717606
0.019517764449119568,-0.023556217551231384,-0.009768132120370865,0.07216093689203262
0.020687468349933624,-0.02385225147008896,-0.011029094457626343,0.07142049819231033
0.02089782804250717,-0.023990638554096222,-0.01127869263291359,0.07132313400506973
0.02062533050775528,-0.02372284233570099,-0.00860949233174324,0.07119133323431015
0.020508043467998505,-0.023877620697021484,-0.00798189640045166,0.07148701697587967
0.019968293607234955,-0.023534059524536133,-0.006067674607038498,0.06987827271223068
0.019841931760311127,-0.02375427633523941,-0.005696237087249756,0.06980999559164047
0.020361922681331635,-0.023557379841804504,-0.004635322839021683,0.0682997852563858
0.020442567765712738,-0.023794300854206085,-0.004504416137933731,0.06817619502544403
0.021121926605701447,-0.023117907345294952,-0.00436720997095108,0.06687678396701813
0.021272577345371246,-0.022989973425865173,-0.004419032484292984,0.06662581115961075
0.020762518048286438,-0.02266821265220642,-0.006610538810491562,0.0655907616019249
0.020817473530769348,-0.0224321186542511,-0.007066071033477783,0.06518589705228806
0.02113582193851471,-0.022159621119499207,-0.0069715045392513275,0.06483544409275055
0.021187767386436462,-0.022102437913417816,-0.00695926696062088,0.06475640088319778
0.021583959460258484,-0.021458610892295837,-0.006140857934951782,0.06545143574476242
0.02238292247056961,-0.020727314054965973,-0.0058891065418720245,0.06414303928613663
0.022540338337421417,-0.020846396684646606,-0.005963422358036041,0.06395535916090012
0.02336990088224411,-0.020430877804756165,-0.0049132369458675385,0.06276430934667587
0.023501254618167877,-0.02055314928293228,-0.004735074937343597,0.06276867538690567
0.023321717977523804,-0.01994050294160843,-0.0034669116139411926,0.06393403559923172
0.023296095430850983,-0.0196082666516304,-0.003061864525079727,0.064275823533535
0.023226894438266754,-0.019302740693092346,-0.0019235759973526,0.0628972202539444
0.02323777973651886,-0.019093617796897888,-0.0016333311796188354,0.06269748508930206
0.02342545986175537,-0.018413260579109192,-0.001082051545381546,0.06192012131214142
0.023483984172344208,-0.0181601420044899,-0.000909898430109024,0.061766304075717926
0.02353949099779129,-0.0178004652261734,-0.0014934875071048737,0.061963506042957306
0.023583024740219116,-0.01764082908630371,-0.0015713423490524292,0.06190759688615799
0.023638874292373657,-0.0176733136177063,-0.00410156324505806,0.0608920156955719
0.023744702339172363,-0.01769038289785385,-0.004697278141975403,0.06048019975423813
0.02393011748790741,-0.017035894095897675,-0.005762863904237747,0.06076963245868683
0.024008162319660187,-0.016715645790100098,-0.005953583866357803,0.060654111206531525
0.02394958585500717,-0.016147248446941376,-0.006054438650608063,0.061996378004550934
0.02394183725118637,-0.01569151133298874,-0.005989134311676025,0.06212303787469864
0.023798808455467224,-0.015233002603054047,-0.005336463451385498,0.061621785163879395
0.023778751492500305,-0.014859110116958618,-0.005154963582754135,0.06156258285045624
0.024169951677322388,-0.014315731823444366,-0.004019707441329956,0.05921308696269989
0.02422069013118744,-0.014380142092704773,-0.0037755779922008514,0.058814726769924164
0.024331659078598022,-0.013526596128940582,-0.003379981964826584,0.057023338973522186
0.02437613159418106,-0.013448253273963928,-0.0032947883009910583,0.05667490512132645
0.024533189833164215,-0.01332905888557434,-0.004423569887876511,0.055508293211460114
0.02461230754852295,-0.013359680771827698,-0.00469762459397316,0.055130571126937866
0.024832844734191895,-0.013184867799282074,-0.004822187125682831,0.05369684100151062
0.024877779185771942,-0.013296671211719513,-0.004895199090242386,0.053394950926303864
0.02554791420698166,-0.01316957175731659,-0.004232589155435562,0.05189526081085205
0.025664813816547394,-0.013014033436775208,-0.00409441813826561,0.05161060392856598
0.02642495185136795,-0.012732475996017456,-0.003177344799041748,0.05017188936471939
0.02652672678232193,-0.012652494013309479,-0.003033626824617386,0.04999665170907974
0.02645242214202881,-0.012867532670497894,-0.002984520047903061,0.04974815249443054
0.025793462991714478,-0.01329457014799118,-0.003342747688293457,0.05070696771144867
0.02565404772758484,-0.013128601014614105,-0.0033344924449920654,0.050766125321388245
0.02573174238204956,-0.013029992580413818,-0.00309048593044281,0.05081100016832352
0.0257258340716362,-0.012876629829406738,-0.0030068978667259216,0.0508338138461113
0.02547241747379303,-0.01298186182975769,-0.0026623792946338654,0.051134318113327026
0.025397278368473053,-0.012988545000553131,-0.0025620125234127045,0.05120972543954849
0.02521929144859314,-0.013132572174072266,-0.003023143857717514,0.05131381005048752
0.025170914828777313,-0.013336509466171265,-0.003131929785013199,0.05121541768312454
0.025155842304229736,-0.013326533138751984,-0.003177449107170105,0.05083685368299484
0.025151275098323822,-0.013525523245334625,-0.0032395459711551666,0.05078204721212387
0.025337904691696167,-0.013343311846256256,-0.0026668570935726166,0.05078844726085663
0.02533237636089325,-0.01332150399684906,-0.0025060847401618958,0.05077303200960159
0.025731228291988373,-0.01253720372915268,-0.002360694110393524,0.050088852643966675
0.025457307696342468,-0.01254262775182724,-0.00281650573015213,0.05115119367837906
0.02541925013065338,-0.012393146753311157,-0.0028823725879192352,0.05129942297935486
0.025415129959583282,-0.012362688779830933,-0.0028859861195087433,0.05131179839372635
0.025456026196479797,-0.012444645166397095,-0.0027045495808124542,0.05136668682098389
0.02600710839033127,-0.012037582695484161,-0.001771390438079834,0.051475316286087036
0.02607347071170807,-0.01176338642835617,-0.0015417113900184631,0.05152037739753723
0.02641383558511734,-0.012181811034679413,-0.001089930534362793,0.05171329528093338
0.026427336037158966,-0.012073919177055359,-0.0009868256747722626,0.05187287926673889
0.026955820620059967,-0.012305796146392822,-0.001524757593870163,0.05141149461269379
0.027086690068244934,-0.012349240481853485,-0.001615867018699646,0.05122654139995575
0.027184724807739258,-0.012489542365074158,-0.0021773017942905426,0.05038100481033325
0.02722092717885971,-0.012512318789958954,-0.0023510046303272247,0.05024109035730362
0.027423381805419922,-0.01207512617111206,-0.003003031015396118,0.04993061721324921
0.027482599020004272,-0.011918626725673676,-0.003130827099084854,0.049724847078323364
0.027614809572696686,-0.011469312012195587,-0.0029333680868148804,0.05005974322557449
0.027647532522678375,-0.011286117136478424,-0.0028708092868328094,0.050150156021118164
0.028002247214317322,-0.011015146970748901,-0.0026122257113456726,0.049365147948265076
0.028073035180568695,-0.010959625244140625,-0.0025613009929656982,0.04921022802591324
0.02829355001449585,-0.010777130722999573,-0.002665642648935318,0.04829604923725128
0.028352417051792145,-0.01079026609659195,-0.002685386687517166,0.048070311546325684
0.028648868203163147,-0.010438486933708191,-0.002395171672105789,0.04678279161453247
0.02887462079524994,-0.010367080569267273,-0.0012884251773357391,0.04676827788352966
0.028866052627563477,-0.010360486805438995,-0.0010287389159202576,0.04685831815004349
0.02864830195903778,-0.01065017282962799,-0.0003029853105545044,0.04744322597980499
0.028586000204086304,-0.010617949068546295,-0.00014672428369522095,0.047666408121585846
0.028228335082530975,-0.010760180652141571,-6.310269236564636e-05,0.048230379819869995
0.02816034108400345,-0.01086319237947464,-7.689371705055237e-05,0.04847606271505356
0.02831243723630905,-0.010821036994457245,4.367157816886902e-05,0.04809144139289856
0.028361238539218903,-0.010830245912075043,6.400048732757568e-06,0.048107683658599854
0.028786376118659973,-0.010695584118366241,0.0006084181368350983,0.0470094159245491
0.028864607214927673,-0.010648764669895172,0.0007097981870174408,0.046848051249980927
0.029152020812034607,-0.010729126632213593,0.0009983479976654053,0.04658760130405426
0.029191702604293823,-0.010851167142391205,0.000999540090560913,0.04662051051855087
0.029413975775241852,-0.010428793728351593,0.0008561909198760986,0.04808930307626724
0.02944815903902054,-0.010290682315826416,0.0008664913475513458,0.04836384207010269
0.029180295765399933,-0.010538622736930847,0.001094430685043335,0.048024892807006836
0.029097966849803925,-0.010583251714706421,0.0011657774448394775,0.04796115309000015
0.02919720858335495,-0.010703720152378082,0.0017405785620212555,0.04692676663398743
0.02920948714017868,-0.0108422189950943,0.0018572770059108734,0.046819932758808136
0.0293068066239357,-0.010456167161464691,0.0013516731560230255,0.045577168464660645
0.02937576174736023,-0.010449782013893127,0.001211516559123993,0.04529966413974762
0.02952595055103302,-0.010076001286506653,0.0004953555762767792,0.04559074342250824
0.029585890471935272,-0.009917616844177246,0.00036534667015075684,0.04556594789028168
0.029976285994052887,-0.009600415825843811,0.00010508671402931213,0.04536239802837372
0.03005175292491913,-0.009609311819076538,3.049522638320923e-05,0.04527042806148529
0.030629068613052368,-0.00927317887544632,0.0006474517285823822,0.04469115287065506
0.03072427213191986,-0.009153909981250763,0.0007935091853141785,0.044568680226802826
0.03092828392982483,-0.008735783398151398,0.0001460835337638855,0.0442206934094429
0.030984193086624146,-0.008487865328788757,7.026270031929016e-05,0.04394323378801346
0.030900202691555023,-0.008295126259326935,-0.0008336193859577179,0.04365023970603943
0.03090028464794159,-0.008183717727661133,-0.0010035745799541473,0.04342508316040039
0.030869320034980774,-0.008281506597995758,-0.0027699023485183716,0.04322754591703415
0.030906490981578827,-0.008172452449798584,-0.0031016208231449127,0.04290249943733215
0.030871599912643433,-0.008149638772010803,-0.0034439675509929657,0.04351143538951874
0.03087708353996277,-0.00814373791217804,-0.0034830644726753235,0.04357688128948212
0.030791372060775757,-0.007871963083744049,-0.003668077290058136,0.04436880350112915
0.030790090560913086,-0.007837817072868347,-0.0037153102457523346,0.04452873766422272
0.030726805329322815,-0.008186988532543182,-0.003457091748714447,0.04477178305387497
0.030693374574184418,-0.00819879025220871,-0.003369629383087158,0.04479791969060898
0.03061690181493759,-0.008748538792133331,-0.003081459552049637,0.044850341975688934
0.03057621419429779,-0.008841440081596375,-0.0030063390731811523,0.04483941197395325
0.030494295060634613,-0.008572489023208618,-0.0028047114610671997,0.04501903057098389
0.03048890084028244,-0.008473850786685944,-0.0027564652264118195,0.045095860958099365
0.03028237074613571,-0.008719302713871002,-0.0020092688500881195,0.04483916610479355
0.030538655817508698,-0.008466668426990509,-0.0014861002564430237,0.04479101300239563
0.030560560524463654,-0.008430317044258118,-0.0013737529516220093,0.044758737087249756
0.03085874766111374,-0.00798042118549347,-0.001062285155057907,0.04468759149312973
0.030919060111045837,-0.0077162012457847595,-0.0009617917239665985,0.04471692442893982
0.03114287555217743,-0.007352158427238464,-0.000751398503780365,0.044146351516246796
0.031183898448944092,-0.007241196930408478,-0.0007039792835712433,0.044044867157936096
0.03134239464998245,-0.007180728018283844,8.356943726539612e-05,0.04350034147500992
0.031326889991760254,-0.007214106619358063,0.0002554766833782196,0.04347173869609833
0.03158588707447052,-0.0069221556186676025,0.00020695477724075317,0.04316060245037079
0.031645871698856354,-0.006857171654701233,0.00020651891827583313,0.043064288794994354
0.031600214540958405,-0.006960757076740265,0.00024491921067237854,0.04321904480457306
0.03160867840051651,-0.006971307098865509,0.0002562180161476135,0.04321054369211197
0.03181135654449463,-0.006966970860958099,0.0008097626268863678,0.043386347591876984
0.0318593829870224,-0.006979882717132568,0.0009117387235164642,0.04353432357311249
0.03215799480676651,-0.006810247898101807,0.0007409453392028809,0.043634139001369476
0.0322648286819458,-0.006693102419376373,0.0007254704833030701,0.04359615594148636
0.03248930722475052,-0.006719015538692474,0.0009778589010238647,0.04315967112779617
0.03253103047609329,-0.006828077137470245,0.0010104477405548096,0.043079033493995667
0.032645389437675476,-0.006994985044002533,0.0012344196438789368,0.041951268911361694
0.03265386074781418,-0.007127217948436737,0.0012516826391220093,0.04181322455406189
0.03298381716012955,-0.007077530026435852,0.001646537333726883,0.04135584831237793
0.03318408131599426,-0.007184609770774841,0.0011343397200107574,0.041981041431427
0.033222757279872894,-0.0071026235818862915,0.001063760370016098,0.04200511425733566
0.03322731703519821,-0.007096379995346069,0.0010597333312034607,0.042004600167274475
0.033280931413173676,-0.007256396114826202,0.0011792033910751343,0.042470782995224
0.0332736074924469,-0.007289901375770569,0.0012328475713729858,0.042540520429611206
0.03333097696304321,-0.007372312247753143,0.0014835633337497711,0.04241415858268738
0.033401645720005035,-0.007173940539360046,0.0013590268790721893,0.042175643146038055
0.03341599553823471,-0.007170930504798889,0.001289214938879013,0.04211495816707611
0.03341815620660782,-0.007176026701927185,0.0012836568057537079,0.04210697114467621
0.03350257873535156,-0.007124505937099457,0.0014597512781620026,0.04165869206190109
0.03350651264190674,-0.007186181843280792,0.001475069671869278,0.04156368225812912
0.03362741321325302,-0.007262669503688812,0.0014356784522533417,0.041491344571113586
0.03363010287284851,-0.007388129830360413,0.0014190040528774261,0.04145296663045883
0.03349991887807846,-0.007818713784217834,0.0014323852956295013,0.041293345391750336
0.0337739959359169,-0.007564239203929901,0.001600753515958786,0.04138645529747009
0.03386741131544113,-0.007346555590629578,0.0016620568931102753,0.04148832708597183
0.033968277275562286,-0.0065236762166023254,0.001215808093547821,0.04169488698244095
0.034010715782642365,-0.006315566599369049,0.0011262409389019012,0.04163185507059097
0.03383110463619232,-0.006127595901489258,0.0010657832026481628,0.040927134454250336
0.033776894211769104,-0.005976095795631409,0.0011104382574558258,0.0406104251742363
0.03449082374572754,-0.0059526413679122925,0.00034896284341812134,0.04245453327894211
0.034597575664520264,-0.005607970058917999,0.0003499053418636322,0.04261080175638199
0.03486128896474838,-0.00573807954788208,0.001535993069410324,0.04394371807575226
0.0348665714263916,-0.005875803530216217,0.001734863966703415,0.044357411563396454
0.03460875153541565,-0.00601021945476532,0.0017034299671649933,0.04254860430955887
0.03471716493368149,-0.0057135894894599915,0.0018881447613239288,0.041854627430438995
0.03471886366605759,-0.005541078746318817,0.002027709037065506,0.04172380268573761
0.03422662615776062,-0.005669578909873962,0.001139868050813675,0.042445726692676544
0.03415733575820923,-0.005741022527217865,0.0009427294135093689,0.042547352612018585
0.034368425607681274,-0.005993179976940155,0.001046590507030487,0.04215574264526367
0.034398384392261505,-0.0061118826270103455,0.0010316260159015656,0.04205871373414993
0.03448161482810974,-0.005498960614204407,0.0017034076154232025,0.041290588676929474
0.034492380917072296,-0.005352497100830078,0.0018343590199947357,0.04130123555660248
0.034314610064029694,-0.005145564675331116,0.0016574077308177948,0.041184380650520325
0.034338027238845825,-0.0049597471952438354,0.0014939568936824799,0.04095675051212311
0.03435534983873367,-0.004926174879074097,0.0014703460037708282,0.04088509827852249
0.03435782343149185,-0.004924856126308441,0.0014684610068798065,0.040879473090171814
0.03440094739198685,-0.004943810403347015,0.0014278702437877655,0.04093842953443527
0.034444913268089294,-0.004987120628356934,0.0013013891875743866,0.04087487608194351
0.03445681929588318,-0.005007818341255188,0.0012668110430240631,0.040848322212696075
0.03447972983121872,-0.005002230405807495,0.0012856125831604004,0.04079495370388031
0.03448374569416046,-0.004989825189113617,0.0012927688658237457,0.04078621417284012
0.03448417782783508,-0.0049895718693733215,0.001293472945690155,0.04078551381826401
0.034500814974308014,-0.004985131323337555,0.0013096258044242859,0.04075422137975693
0.034503273665905,-0.004981912672519684,0.0013140365481376648,0.040748946368694305
0.034501902759075165,-0.004974782466888428,0.0013454630970954895,0.040767669677734375
0.034499384462833405,-0.004970677196979523,0.0013549402356147766,0.04077298194169998
0.034485213458538055,-0.004976682364940643,0.0014512576162815094,0.040848977863788605
0.034477315843105316,-0.0049837082624435425,0.0014703162014484406,0.04087044298648834
0.03447611629962921,-0.00498422235250473,0.0014708898961544037,0.040870264172554016
0.03447609394788742,-0.004984088242053986,0.0014708898961544037,0.04086998850107193
0.03447609394788742,-0.004984088242053986,0.0014708898961544037,0.04086998850107193
0.03447609394788742,-0.004984088242053986,0.0014708898961544037,0.04086998850107193
0.03447609394788742,-0.004984088242053986,0.0014708898961544037,0.04086998850107193
0.03447609394788742,-0.004984088242053986,0.0014708898961544037,0.04086998850107193
0.03447609394788742,-0.004984088242053986,0.0014708898961544037,0.04086998850107193
0.034474827349185944,-0.004984118044376373,0.0014635510742664337,0.04086870700120926
0.03447490930557251,-0.0049835070967674255,0.0014622919261455536,0.04086770862340927
0.034474924206733704,-0.004983380436897278,0.0014622248709201813,0.0408676341176033
0.034474924206733704,-0.004983380436897278,0.0014622248709201813,0.0408676341176033
0.034476324915885925,-0.004983104765415192,0.001462455838918686,0.040864497423172
0.034524522721767426,-0.004915960133075714,0.0013003535568714142,0.04092860966920853
0.034537918865680695,-0.004894852638244629,0.0012689419090747833,0.040910497307777405
0.034636445343494415,-0.004872582852840424,0.0010836906731128693,0.041323669254779816
0.0346512496471405,-0.004826828837394714,0.0010708868503570557,0.041337087750434875
0.034699536859989166,-0.004908554255962372,0.0009752288460731506,0.041585877537727356
0.034708715975284576,-0.004900716245174408,0.0009768381714820862,0.04162859171628952
0.03470737487077713,-0.004719763994216919,0.0010091476142406464,0.04152969270944595
0.03470676392316818,-0.004711315035820007,0.0010038502514362335,0.04153795540332794
0.03478814661502838,-0.004561953246593475,0.0008360259234905243,0.04147522151470184
0.034821078181266785,-0.00453658401966095,0.0007963851094245911,0.041460439562797546
0.034724146127700806,-0.004987455904483795,0.0007977597415447235,0.04141222685575485
0.03470858186483383,-0.005119770765304565,0.00076274573802948,0.04142428934574127
0.0348968580365181,-0.00507509708404541,0.000763382762670517,0.04094205051660538
0.03495170921087265,-0.005026139318943024,0.0007534846663475037,0.04086931049823761
0.03494742512702942,-0.004778049886226654,0.0007024817168712616,0.04229508340358734
0.03492705523967743,-0.004611752927303314,0.0007543191313743591,0.042560212314128876
0.03497517108917236,-0.004539161920547485,-7.985532283782959e-05,0.042161740362644196
0.03501515835523605,-0.004529260098934174,-0.00025777891278266907,0.041997045278549194
0.03536009043455124,-0.004744000732898712,-0.0010864660143852234,0.041654281318187714
0.035419657826423645,-0.005041874945163727,-0.0013001039624214172,0.04116411507129669
0.03543306887149811,-0.0051484256982803345,-0.0013563074171543121,0.0411468967795372
0.0355057418346405,-0.004968620836734772,-0.0007152147591114044,0.041850894689559937
0.03552684932947159,-0.004788719117641449,-0.0005190670490264893,0.0420500710606575
0.03560405224561691,-0.005061574280261993,-0.0003502294421195984,0.04218561202287674
0.035624317824840546,-0.005123764276504517,-0.00032357126474380493,0.04219953715801239
0.03562655299901962,-0.005131863057613373,-0.000322587788105011,0.04220017045736313
0.035789765417575836,-0.004861459136009216,-0.0004943870007991791,0.042676351964473724
0.035814762115478516,-0.004693359136581421,-0.0004211030900478363,0.042683474719524384
0.035987235605716705,-0.004381872713565826,3.89590859413147e-05,0.041745081543922424
0.036033712327480316,-0.0043710991740226746,4.882737994194031e-05,0.041644543409347534
0.036185652017593384,-0.004768751561641693,-0.00022443383932113647,0.04242908954620361
0.03619223088026047,-0.004965350031852722,-0.00027470290660858154,0.0425497367978096
0.03621046990156174,-0.004475243389606476,-0.00011270865797996521,0.042244210839271545
0.036239705979824066,-0.004337415099143982,-9.533390402793884e-05,0.04223647713661194
0.03632310777902603,-0.004738427698612213,-0.00031986460089683533,0.04247019439935684
0.036323368549346924,-0.0049615949392318726,-0.0004066973924636841,0.04249142110347748
0.03620228171348572,-0.00521637499332428,-0.0007032938301563263,0.04230909049510956
0.03641091287136078,-0.005168214440345764,7.582828402519226e-05,0.04054878652095795
0.0364655926823616,-0.005218885838985443,0.0001541711390018463,0.04032313823699951
0.036557696759700775,-0.00516895204782486,0.0005261339247226715,0.0401679202914238
0.03656681627035141,-0.005288861691951752,0.0005650632083415985,0.0401996374130249
0.036695562303066254,-0.004874728620052338,0.001304328441619873,0.039797864854335785
0.036702461540699005,-0.004964299499988556,0.0014399327337741852,0.039826489984989166
0.03672517091035843,-0.005082212388515472,0.0013088323175907135,0.03962434083223343
0.036729589104652405,-0.005085676908493042,0.0012874901294708252,0.03956190496683121
0.03673414885997772,-0.005132138729095459,0.001240413635969162,0.03952571749687195
0.03673526644706726,-0.005113191902637482,0.0012374594807624817,0.03951070457696915
0.03673534095287323,-0.005111001431941986,0.001237630844116211,0.03950878232717514
0.036735355854034424,-0.0051107704639434814,0.0012376755475997925,0.03950849175453186
0.036728329956531525,-0.005111619830131531,0.0012190565466880798,0.03955297917127609
0.03672705590724945,-0.005106806755065918,0.0012157633900642395,0.03955977410078049
0.03672099858522415,-0.005082413554191589,0.0012334920465946198,0.039557039737701416
0.03672008961439133,-0.005092635750770569,0.0012343302369117737,0.03956034779548645
0.03672005981206894,-0.005093716084957123,0.0012342073023319244,0.03956097364425659
0.036725640296936035,-0.00506407767534256,0.0012811049818992615,0.03956690430641174
0.03672616183757782,-0.005080327391624451,0.0012846961617469788,0.0395747572183609
0.03681638836860657,-0.005200222134590149,0.0014392249286174774,0.039812393486499786
0.036824047565460205,-0.005216002464294434,0.0014828331768512726,0.039844006299972534
0.03652505576610565,-0.004858843982219696,0.0008902661502361298,0.04045620560646057
0.03647644817829132,-0.004802517592906952,0.0007694177329540253,0.04056143760681152
0.03652174770832062,-0.005127713084220886,0.0011736303567886353,0.03950344771146774
0.03652891516685486,-0.005223028361797333,0.0011824071407318115,0.039400145411491394
0.03648676723241806,-0.0041121020913124084,0.0010115019977092743,0.038330331444740295
0.036500245332717896,-0.0037727802991867065,0.0010234229266643524,0.038120925426483154
0.036984167993068695,-0.003252752125263214,0.002219904214143753,0.039364151656627655
0.036958806216716766,-0.003181271255016327,0.0014074407517910004,0.039191342890262604
0.03700198233127594,-0.003215022385120392,0.0010795481503009796,0.03901653736829758
0.03700517117977142,-0.0026918500661849976,0.002094823867082596,0.03961358964443207
0.036998286843299866,-0.0017618387937545776,0.002502869814634323,0.03970694541931152
0.036936625838279724,-0.0017484799027442932,0.0014667697250843048,0.039389416575431824
0.03696587681770325,-0.0015987604856491089,0.001258760690689087,0.03922295570373535
0.036918967962265015,-0.0015772506594657898,0.0012874417006969452,0.03911982476711273
0.036911606788635254,-0.0015830472111701965,0.0012806691229343414,0.039113640785217285
0.037000805139541626,-0.0014913156628608704,0.0014473982155323029,0.0391349196434021
0.03701535612344742,-0.0014782622456550598,0.0014918260276317596,0.039153315126895905
0.03703363239765167,-0.001425236463546753,0.0016685239970684052,0.039107322692871094
0.03703376650810242,-0.0014296919107437134,0.0017071254551410675,0.039116740226745605
0.03700067102909088,-0.001539662480354309,0.0013931654393672943,0.039166875183582306
0.036991238594055176,-0.0015322044491767883,0.0013367421925067902,0.03914877027273178
0.03698951005935669,-0.0015189722180366516,0.0013390593230724335,0.03914761543273926
0.03700556606054306,-0.0014837831258773804,0.0014996044337749481,0.039217978715896606
0.037002429366111755,-0.0014691129326820374,0.0015421845018863678,0.0392448827624321
0.037024907767772675,-0.0014605075120925903,0.0017045624554157257,0.03929702192544937
0.0370224267244339,-0.001463674008846283,0.001742485910654068,0.039324983954429626
0.0369940921664238,-0.0014728531241416931,0.0016578175127506256,0.039305299520492554
0.036991484463214874,-0.0014726892113685608,0.001634102314710617,0.03929009288549423
0.036999620497226715,-0.001454465091228485,0.0017530880868434906,0.03939741104841232
0.0369955375790596,-0.0014400631189346313,0.0017848573625087738,0.03942730277776718
0.03698568791151047,-0.0013819709420204163,0.0017166920006275177,0.039363205432891846
0.03698793798685074,-0.0013751685619354248,0.0016977451741695404,0.03934615105390549
0.03698845952749252,-0.0013739392161369324,0.001696225255727768,0.03934498876333237
0.03696148842573166,-0.0013959333300590515,0.0015052668750286102,0.03911678493022919
0.03696814924478531,-0.0013783648610115051,0.0015817917883396149,0.039155013859272
0.03696513921022415,-0.001358814537525177,0.001614939421415329,0.039177730679512024
0.036945171654224396,-0.0014345496892929077,0.0015182532370090485,0.03916122764348984
0.03694502264261246,-0.0014371201395988464,0.0014975927770137787,0.03916623443365097
0.03693946450948715,-0.001469723880290985,0.0014939196407794952,0.03917977958917618
0.03693801909685135,-0.0014790520071983337,0.0014919750392436981,0.03918290138244629
0.03685983270406723,-0.0015122443437576294,0.0013937689363956451,0.03928136080503464
0.03684046119451523,-0.0013946741819381714,0.0013484396040439606,0.03948654979467392
0.03683454543352127,-0.001389913260936737,0.001328594982624054,0.03953961282968521
0.03686114400625229,-0.0014172941446304321,0.0012577064335346222,0.03977157920598984
0.03686372935771942,-0.0014404505491256714,0.001231461763381958,0.03981698304414749
0.03695608675479889,-0.0013379454612731934,0.0014804787933826447,0.0396081805229187
0.036969780921936035,-0.0013120844960212708,0.0015282370150089264,0.039595626294612885
0.037053823471069336,-0.0010224804282188416,0.001268189400434494,0.04010838270187378
0.037079356610774994,-0.000990942120552063,0.001207355409860611,0.04018620401620865
0.037046924233436584,-0.001051783561706543,0.001221202313899994,0.04026193171739578
0.03673863410949707,-0.0008926615118980408,0.0007073134183883667,0.040414728224277496
0.036687567830085754,-0.0009004473686218262,0.0006061941385269165,0.04030662029981613
0.036680616438388824,-0.0006581172347068787,0.0009466074407100677,0.04076051712036133
0.0366692915558815,-0.0007083117961883545,0.0009834244847297668,0.040847934782505035
0.036705777049064636,-0.000705718994140625,0.0009964480996131897,0.04094894975423813
0.03670663386583328,-0.0007363632321357727,0.0009765848517417908,0.040992483496665955
0.03693421930074692,-0.0012525320053100586,0.0011512301862239838,0.03994157165288925
0.036984384059906006,-0.0012243837118148804,0.0012021102011203766,0.03986155986785889
0.03695698827505112,-0.0014462918043136597,0.0006772801280021667,0.03997127711772919
0.0369555726647377,-0.0015809088945388794,0.0005209073424339294,0.03992217779159546
0.037126325070858,-0.001473449170589447,0.0011617355048656464,0.03941977769136429
0.03715858608484268,-0.0013456419110298157,0.0013783015310764313,0.03934489190578461
0.03709263354539871,-0.0017784759402275085,0.0012998133897781372,0.03963524103164673
0.03707844763994217,-0.001936689019203186,0.0012585148215293884,0.0396842435002327
0.036991558969020844,-0.0015143603086471558,0.0012709163129329681,0.03935480862855911
0.03698386996984482,-0.001378677785396576,0.0012995153665542603,0.03929911553859711
0.03697521239519119,-0.0011931657791137695,0.0013853348791599274,0.038145869970321655
0.036985307931900024,-0.0012705698609352112,0.0013672113418579102,0.03791090101003647
0.03705359250307083,-0.0014851689338684082,0.0015318803489208221,0.03762746602296829
0.037053920328617096,-0.0016183927655220032,0.0015318654477596283,0.037571318447589874
0.03713448345661163,-0.00182245671749115,0.0014314763247966766,0.03776683658361435
0.03713265061378479,-0.00192270427942276,0.0013986267149448395,0.03782172501087189
0.0370430052280426,-0.0019988492131233215,0.0013633482158184052,0.037636563181877136
0.03703279048204422,-0.0020448043942451477,0.0013376176357269287,0.03761504590511322
0.03699908405542374,-0.0024825632572174072,0.0012415871024131775,0.03801054507493973
0.03691761940717697,-0.0032586827874183655,0.0008871704339981079,0.03775724023580551
0.03689666837453842,-0.0036271214485168457,0.0007178410887718201,0.03771601617336273
0.03679969906806946,-0.0038350969552993774,0.000647716224193573,0.037536509335041046
0.03679504990577698,-0.0038926079869270325,0.0006126649677753448,0.0375095009803772
0.036656275391578674,-0.0038022324442863464,0.0012243762612342834,0.038478150963783264
0.03660842031240463,-0.0038496553897857666,0.0013306662440299988,0.03889533877372742
0.03660161793231964,-0.003834545612335205,0.0013380348682403564,0.03893929719924927
0.036728955805301666,-0.003932587802410126,0.0020114369690418243,0.038507066667079926
0.03673306852579117,-0.0041138529777526855,0.0021220408380031586,0.038497187197208405
0.03687085956335068,-0.004082739353179932,0.0015501417219638824,0.03867676854133606
0.036884650588035583,-0.004147805273532867,0.0014604441821575165,0.03856752812862396
0.03673594444990158,-0.0047309547662734985,0.0009583085775375366,0.03965824842453003
0.03670452535152435,-0.00494375079870224,0.0008104406297206879,0.03976494073867798
0.03666306287050247,-0.004961878061294556,0.001131158322095871,0.039377205073833466
0.03665674477815628,-0.004995286464691162,0.001123424619436264,0.03933463245630264
0.03665681183338165,-0.005063347518444061,0.0010868348181247711,0.039343006908893585
0.03665729612112045,-0.005072683095932007,0.0010835975408554077,0.03934399038553238
0.036657415330410004,-0.005074232816696167,0.0010833553969860077,0.039344243705272675
0.036657437682151794,-0.00507451593875885,0.0010833553969860077,0.03934429585933685
0.036657437682151794,-0.005074590444564819,0.0010833404958248138,0.03934430330991745
0.036657437682151794,-0.005074590444564819,0.0010833404958248138,0.03934430330991745
0.036657437682151794,-0.005074590444564819,0.0010833404958248138,0.03934430330991745
0.03669095039367676,-0.005033701658248901,0.0014588497579097748,0.03968116641044617
0.03668086230754852,-0.004906296730041504,0.0015885122120380402,0.039755046367645264
0.03689262270927429,-0.00393463671207428,0.0005466341972351074,0.03857914358377457
0.037008486688137054,-0.003551572561264038,0.000362589955329895,0.03826715797185898
0.036872826516628265,-0.0034583881497383118,0.0021207816898822784,0.038445815443992615
0.036814771592617035,-0.003390893340110779,0.00250452384352684,0.03876850754022598
0.036676861345767975,-0.0034643635153770447,0.000883687287569046,0.0382310152053833
0.03670103847980499,-0.003306381404399872,0.0005585812032222748,0.03783831745386124
0.036888688802719116,-0.002783164381980896,0.0006217248737812042,0.03761666268110275
0.037004537880420685,-0.002105608582496643,0.0011580660939216614,0.038888461887836456
0.03699802607297897,-0.0014757737517356873,0.0014626942574977875,0.0391373336315155
0.036992043256759644,-0.0014014914631843567,0.001490522176027298,0.03915795683860779
0.036990925669670105,-0.0013909712433815002,0.0014923997223377228,0.03915774077177048
0.03699076920747757,-0.0013890638947486877,0.001492563635110855,0.0391574501991272
0.03699076920747757,-0.0013886988162994385,0.001492563635110855,0.03915737569332123
0.03699076920747757,-0.0013886094093322754,0.0014925338327884674,0.03915737569332123
0.03699076920747757,-0.0013885945081710815,0.0014925338327884674,0.03915737569332123
0.03699076920747757,-0.0013885796070098877,0.0014925338327884674,0.03915737569332123
0.03699076920747757,-0.0013885796070098877,0.0014925338327884674,0.03915737569332123
0.03699076920747757,-0.0013885796070098877,0.0014925338327884674,0.03915737569332123
0.03699076920747757,-0.0013885796070098877,0.0014925338327884674,0.03915737569332123
0.03699076920747757,-0.0013885796070098877,0.0014925338327884674,0.03915737569332123
0.03699076920747757,-0.0013885796070098877,0.0014925338327884674,0.03915737569332123
0.03699076920747757,-0.0013885796070098877,0.0014925338327884674,0.03915737569332123
0.03699076920747757,-0.0013885796070098877,0.0014925338327884674,0.03915737569332123
0.03699076920747757,-0.0013885796070098877,0.0014925338327884674,0.03915737569332123
0.03699076920747757,-0.0013885796070098877,0.0014925338327884674,0.03915737569332123
0.03699076920747757,-0.0013885796070098877,0.0014925338327884674,0.03915737569332123
0.03699076920747757,-0.0013885796070098877,0.0014925338327884674,0.03915737569332123
0.03699076920747757,-0.0013885796070098877,0.0014925338327884674,0.03915737569332123
0.03699076920747757,-0.0013885796070098877,0.0014925338327884674,0.03915737569332123
0.03699076920747757,-0.0013885796070098877,0.0014925338327884674,0.03915737569332123
0.03699076920747757,-0.0013885796070098877,0.0014925338327884674,0.03915737569332123
0.03699076920747757,-0.0013885796070098877,0.0014925338327884674,0.03915737569332123
0.03699076920747757,-0.0013885796070098877,0.0014925338327884674,0.03915737569332123
0.03699076920747757,-0.0013885796070098877,0.0014925338327884674,0.03915737569332123
0.03699076920747757,-0.0013885796070098877,0.0014925338327884674,0.03915737569332123
0.03699076920747757,-0.0013885796070098877,0.0014925338327884674,0.03915737569332123
0.03699076920747757,-0.0013885796070098877,0.0014925338327884674,0.03915737569332123
0.03699076920747757,-0.0013885796070098877,0.0014925338327884674,0.03915737569332123
0.03699076920747757,-0.0013885796070098877,0.0014925338327884674,0.03915737569332123
0.03699076920747757,-0.0013885796070098877,0.0014925338327884674,0.03915737569332123
0.03699076920747757,-0.0013885796070098877,0.0014925338327884674,0.03915737569332123
0.03699076920747757,-0.0013885796070098877,0.0014925338327884674,0.03915737569332123
0.03699076920747757,-0.0013885796070098877,0.0014925338327884674,0.03915737569332123
0.03699076920747757,-0.0013885796070098877,0.0014925338327884674,0.03915737569332123
0.03699076920747757,-0.0013885796070098877,0.0014925338327884674,0.03915737569332123
0.03699076920747757,-0.0013885796070098877,0.0014925338327884674,0.03915737569332123
0.03699076920747757,-0.0013885796070098877,0.0014925338327884674,0.03915737569332123
0.03699076920747757,-0.0013885796070098877,0.0014925338327884674,0.03915737569332123
0.03699076920747757,-0.0013885796070098877,0.0014925338327884674,0.03915737569332123
0.03699076920747757,-0.0013885796070098877,0.0014925338327884674,0.03915737569332123
0.03699076920747757,-0.0013885796070098877,0.0014925338327884674,0.03915737569332123
0.03699076920747757,-0.0013885796070098877,0.0014925338327884674,0.03915737569332123
0.03699076920747757,-0.0013885796070098877,0.0014925338327884674,0.03915737569332123
0.03699076920747757,-0.0013885796070098877,0.0014925338327884674,0.03915737569332123
0.03699219226837158,-0.0013766884803771973,0.0015222467482089996,0.039133548736572266
0.03699198365211487,-0.0013769567012786865,0.0015277974307537079,0.039130136370658875
0.03699055314064026,-0.0013885870575904846,0.0014984272420406342,0.03915385156869888
0.036990709602832794,-0.0013882890343666077,0.0014929138123989105,0.03915722668170929
0.036991097033023834,-0.0013885274529457092,0.0014994032680988312,0.03917752206325531
0.03699081391096115,-0.001386009156703949,0.0015016533434391022,0.03918202221393585
0.036990709602832794,-0.001385509967803955,0.0015018098056316376,0.039182379841804504
0.036990679800510406,-0.001385428011417389,0.0015018545091152191,0.03918241709470749
0.036990679800510406,-0.0013853982090950012,0.0015018545091152191,0.03918241709470749
0.036990679800510406,-0.0013853982090950012,0.0015018545091152191,0.03918241709470749
0.036990679800510406,-0.0013853982090950012,0.0015018545091152191,0.03918241709470749
0.036990679800510406,-0.0013853982090950012,0.0015018545091152191,0.03918241709470749
0.036990679800510406,-0.0013853982090950012,0.0015018545091152191,0.03918241709470749
0.036990679800510406,-0.0013853982090950012,0.0015018545091152191,0.03918241709470749
0.036990679800510406,-0.0013853982090950012,0.0015018545091152191,0.03918241709470749
0.036990679800510406,-0.0013853982090950012,0.0015018545091152191,0.03918241709470749
0.036990679800510406,-0.0013853982090950012,0.0015018545091152191,0.03918241709470749
0.036990679800510406,-0.0013853982090950012,0.0015018545091152191,0.03918241709470749
0.036990679800510406,-0.0013853982090950012,0.0015018545091152191,0.03918241709470749
0.036990679800510406,-0.0013853982090950012,0.0015018545091152191,0.03918241709470749
0.036990679800510406,-0.0013853982090950012,0.0015018545091152191,0.03918241709470749
0.036990679800510406,-0.0013853982090950012,0.0015018545091152191,0.03918241709470749
0.036990679800510406,-0.0013853982090950012,0.0015018545091152191,0.03918241709470749
0.036990679800510406,-0.0013853982090950012,0.0015018545091152191,0.03918241709470749
0.036990679800510406,-0.0013853982090950012,0.0015018545091152191,0.03918241709470749
0.036990679800510406,-0.0013853982090950012,0.0015018545091152191,0.03918241709470749
0.036990679800510406,-0.0013853982090950012,0.0015018545091152191,0.03918241709470749
0.036990679800510406,-0.0013853982090950012,0.0015018545091152191,0.03918241709470749
0.036990679800510406,-0.0013853982090950012,0.0015018545091152191,0.03918241709470749
0.036990679800510406,-0.0013853982090950012,0.0015018545091152191,0.03918241709470749
0.036990679800510406,-0.0013853982090950012,0.0015018545091152191,0.03918241709470749
0.036990679800510406,-0.0013853982090950012,0.0015018545091152191,0.03918241709470749
0.036990679800510406,-0.0013853982090950012,0.0015018545091152191,0.03918241709470749
0.036990679800510406,-0.0013853982090950012,0.0015018545091152191,0.03918241709470749
0.036990679800510406,-0.0013853982090950012,0.0015018545091152191,0.03918241709470749
0.036990679800510406,-0.0013853982090950012,0.0015018545091152191,0.03918241709470749
0.036990679800510406,-0.0013853982090950012,0.0015018545091152191,0.03918241709470749
0.036990679800510406,-0.0013853982090950012,0.0015018545091152191,0.03918241709470749
0.036990679800510406,-0.0013853982090950012,0.0015018545091152191,0.03918241709470749
0.036990679800510406,-0.0013853982090950012,0.0015018545091152191,0.03918241709470749
0.036990679800510406,-0.0013853982090950012,0.0015018545091152191,0.03918241709470749
0.036990679800510406,-0.0013853982090950012,0.0015018545091152191,0.03918241709470749
0.036990679800510406,-0.0013853982090950012,0.0015018545091152191,0.03918241709470749
0.036990679800510406,-0.0013853982090950012,0.0015018545091152191,0.03918241709470749
0.036990679800510406,-0.0013853982090950012,0.0015018545091152191,0.03918241709470749
0.036990679800510406,-0.0013853982090950012,0.0015018545091152191,0.03918241709470749
0.036990679800510406,-0.0013853982090950012,0.0015018545091152191,0.03918241709470749
0.036990679800510406,-0.0013853982090950012,0.0015018545091152191,0.03918241709470749
0.036990679800510406,-0.0013853982090950012,0.0015018545091152191,0.03918241709470749
0.036990679800510406,-0.0013853982090950012,0.0015018545091152191,0.03918241709470749
0.036990679800510406,-0.0013853982090950012,0.0015018545091152191,0.03918241709470749
0.036990679800510406,-0.0013853982090950012,0.0015018545091152191,0.03918241709470749
0.036990679800510406,-0.0013853982090950012,0.0015018545091152191,0.03918241709470749
0.036990679800510406,-0.0013853982090950012,0.0015018545091152191,0.03918241709470749
0.036990679800510406,-0.0013853982090950012,0.0015018545091152191,0.03918241709470749
0.036990679800510406,-0.0013853982090950012,0.0015018545091152191,0.03918241709470749
0.036990679800510406,-0.0013853982090950012,0.0015018545091152191,0.03918241709470749
0.036990679800510406,-0.0013853982090950012,0.0015018545091152191,0.03918241709470749
0.036990679800510406,-0.0013853982090950012,0.0015018545091152191,0.03918241709470749
0.036990679800510406,-0.0013853982090950012,0.0015018545091152191,0.03918241709470749
0.036990679800510406,-0.0013853982090950012,0.0015018545091152191,0.03918241709470749
0.036990679800510406,-0.0013853982090950012,0.0015018545091152191,0.03918241709470749
0.036990679800510406,-0.0013853982090950012,0.0015018545091152191,0.03918241709470749
0.036990679800510406,-0.0013853982090950012,0.0015018545091152191,0.03918241709470749
0.036990679800510406,-0.0013853982090950012,0.0015018545091152191,0.03918241709470749
0.036990679800510406,-0.0013853982090950012,0.0015018545091152191,0.03918241709470749
0.036990679800510406,-0.0013853982090950012,0.0015018545091152191,0.03918241709470749
0.036990679800510406,-0.0013853982090950012,0.0015018545091152191,0.03918241709470749
0.036990679800510406,-0.0013853982090950012,0.0015018545091152191,0.03918241709470749
0.036990679800510406,-0.0013853982090950012,0.0015018545091152191,0.03918241709470749
0.036990679800510406,-0.0013853982090950012,0.0015018545091152191,0.03918241709470749
0.036990679800510406,-0.0013853982090950012,0.0015018545091152191,0.03918241709470749
0.036990679800510406,-0.0013853982090950012,0.0015018545091152191,0.03918241709470749
0.036990679800510406,-0.0013853982090950012,0.0015018545091152191,0.03918241709470749
0.036990679800510406,-0.0013853982090950012,0.0015018545091152191,0.03918241709470749
0.036990679800510406,-0.0013853982090950012,0.0015018545091152191,0.03918241709470749
0.036990679800510406,-0.0013853982090950012,0.0015018545091152191,0.03918241709470749
0.036990679800510406,-0.0013853982090950012,0.0015018545091152191,0.03918241709470749
0.036990679800510406,-0.0013853982090950012,0.0015018545091152191,0.03918241709470749
0.036990679800510406,-0.0013853982090950012,0.0015018545091152191,0.03918241709470749
0.036990679800510406,-0.0013853982090950012,0.0015018545091152191,0.03918241709470749
0.036990679800510406,-0.0013853982090950012,0.0015018545091152191,0.03918241709470749
0.036990679800510406,-0.0013853982090950012,0.0015018545091152191,0.03918241709470749
0.036990679800510406,-0.0013853982090950012,0.0015018545091152191,0.03918241709470749
0.036990679800510406,-0.0013853982090950012,0.0015018545091152191,0.03918241709470749
0.036990679800510406,-0.0013853982090950012,0.0015018545091152191,0.03918241709470749
0.036990679800510406,-0.0013853982090950012,0.0015018545091152191,0.03918241709470749
0.036990679800510406,-0.0013853982090950012,0.0015018545091152191,0.03918241709470749
0.036990679800510406,-0.0013853982090950012,0.0015018545091152191,0.03918241709470749
0.036990679800510406,-0.0013853982090950012,0.0015018545091152191,0.03918241709470749
0.036990679800510406,-0.0013853982090950012,0.0015018545091152191,0.03918241709470749
0.036990679800510406,-0.0013853982090950012,0.0015018545091152191,0.03918241709470749
0.036990679800510406,-0.0013853982090950012,0.0015018545091152191,0.03918241709470749
0.036990679800510406,-0.0013853982090950012,0.0015018545091152191,0.03918241709470749
0.036990679800510406,-0.0013853982090950012,0.0015018545091152191,0.03918241709470749
0.036990679800510406,-0.0013853982090950012,0.0015018545091152191,0.03918241709470749
0.036990679800510406,-0.0013853982090950012,0.0015018545091152191,0.03918241709470749
0.036990679800510406,-0.0013853982090950012,0.0015018545091152191,0.03918241709470749
0.036990679800510406,-0.0013853982090950012,0.0015018545091152191,0.03918241709470749
0.036990679800510406,-0.0013853982090950012,0.0015018545091152191,0.03918241709470749
0.036990679800510406,-0.0013853982090950012,0.0015018545091152191,0.03918241709470749
0.036990679800510406,-0.0013853982090950012,0.0015018545091152191,0.03918241709470749
0.036990679800510406,-0.0013853982090950012,0.0015018545091152191,0.03918241709470749
0.036990679800510406,-0.0013853982090950012,0.0015018545091152191,0.03918241709470749
0.036990679800510406,-0.0013853982090950012,0.0015018545091152191,0.03918241709470749
0.036990679800510406,-0.0013853982090950012,0.0015018545091152191,0.03918241709470749
0.036990679800510406,-0.0013853982090950012,0.0015018545091152191,0.03918241709470749
0.036990679800510406,-0.0013853982090950012,0.0015018545091152191,0.03918241709470749
0.036990679800510406,-0.0013853982090950012,0.0015018545091152191,0.03918241709470749
0.036990679800510406,-0.0013853982090950012,0.0015018545091152191,0.03918241709470749
0.036990679800510406,-0.0013853982090950012,0.0015018545091152191,0.03918241709470749
0.036990679800510406,-0.0013853982090950012,0.0015018545091152191,0.03918241709470749
0.036990679800510406,-0.0013853982090950012,0.0015018545091152191,0.03918241709470749
0.036990679800510406,-0.0013853982090950012,0.0015018545091152191,0.03918241709470749
0.036990679800510406,-0.0013853982090950012,0.0015018545091152191,0.03918241709470749
0.036990679800510406,-0.0013853982090950012,0.0015018545091152191,0.03918241709470749
0.036990679800510406,-0.0013853982090950012,0.0015018545091152191,0.03918241709470749
0.036990679800510406,-0.0013853982090950012,0.0015018545091152191,0.03918241709470749
0.036990679800510406,-0.0013853982090950012,0.0015018545091152191,0.03918241709470749
0.036990679800510406,-0.0013853982090950012,0.0015018545091152191,0.03918241709470749
0.036990679800510406,-0.0013853982090950012,0.0015018545091152191,0.03918241709470749
0.036990679800510406,-0.0013853982090950012,0.0015018545091152191,0.03918241709470749
0.036990679800510406,-0.0013853982090950012,0.0015018545091152191,0.03918241709470749
0.036990679800510406,-0.0013853982090950012,0.0015018545091152191,0.03918241709470749
0.036990679800510406,-0.0013853982090950012,0.0015018545091152191,0.03918241709470749
0.036990679800510406,-0.0013853982090950012,0.0015018545091152191,0.03918241709470749
0.036990679800510406,-0.0013853982090950012,0.0015018545091152191,0.03918241709470749
0.036990679800510406,-0.0013853982090950012,0.0015018545091152191,0.03918241709470749
0.036990679800510406,-0.0013853982090950012,0.0015018545091152191,0.03918241709470749
0.036990679800510406,-0.0013853982090950012,0.0015018545091152191,0.03918241709470749
0.036990679800510406,-0.0013853982090950012,0.0015018545091152191,0.03918241709470749
0.036990679800510406,-0.0013853982090950012,0.0015018545091152191,0.03918241709470749
0.036990679800510406,-0.0013853982090950012,0.0015018545091152191,0.03918241709470749
0.036990679800510406,-0.0013853982090950012,0.0015018545091152191,0.03918241709470749
0.036990679800510406,-0.0013853982090950012,0.0015018545091152191,0.03918241709470749
0.036990679800510406,-0.0013853982090950012,0.0015018545091152191,0.03918241709470749
0.036990679800510406,-0.0013853982090950012,0.0015018545091152191,0.03918241709470749
0.036990679800510406,-0.0013853982090950012,0.0015018545091152191,0.03918241709470749
0.036990679800510406,-0.0013853982090950012,0.0015018545091152191,0.03918241709470749
0.036990679800510406,-0.0013853982090950012,0.0015018545091152191,0.03918241709470749
0.03699076920747757,-0.0013854578137397766,0.0015033893287181854,0.03918702155351639
0.036990709602832794,-0.0013848692178726196,0.0015040598809719086,0.03918808698654175
0.036990709602832794,-0.001384735107421875,0.0015040598809719086,0.03918816149234772
0.036990709602832794,-0.0013847202062606812,0.0015040598809719086,0.03918816149234772
0.036990709602832794,-0.0013847202062606812,0.0015040598809719086,0.03918816149234772
0.036990709602832794,-0.0013847202062606812,0.0015040598809719086,0.03918816149234772
0.036990709602832794,-0.0013847202062606812,0.0015040598809719086,0.03918816149234772
0.036990709602832794,-0.0013847202062606812,0.0015040598809719086,0.03918816149234772
0.036990709602832794,-0.0013847202062606812,0.0015040598809719086,0.03918816149234772
0.036990709602832794,-0.0013847202062606812,0.0015040598809719086,0.03918816149234772
0.036990709602832794,-0.0013847202062606812,0.0015040598809719086,0.03918816149234772
0.036990709602832794,-0.0013847202062606812,0.0015040598809719086,0.03918816149234772
0.036990709602832794,-0.0013847202062606812,0.0015040598809719086,0.03918816149234772
0.036990709602832794,-0.0013847202062606812,0.0015040598809719086,0.03918816149234772
0.036990709602832794,-0.0013847202062606812,0.0015040598809719086,0.03918816149234772
0.036990709602832794,-0.0013847202062606812,0.0015040598809719086,0.03918816149234772
0.036990709602832794,-0.0013847202062606812,0.0015040598809719086,0.03918816149234772
0.036990709602832794,-0.0013847202062606812,0.0015040598809719086,0.03918816149234772
0.036990709602832794,-0.0013847202062606812,0.0015040598809719086,0.03918816149234772
0.036990709602832794,-0.0013847202062606812,0.0015040598809719086,0.03918816149234772
0.036990709602832794,-0.0013847202062606812,0.0015040598809719086,0.03918816149234772
0.036990709602832794,-0.0013847202062606812,0.0015040598809719086,0.03918816149234772
0.036990709602832794,-0.0013847202062606812,0.0015040598809719086,0.03918816149234772
0.036990709602832794,-0.0013847202062606812,0.0015040598809719086,0.03918816149234772
0.036990709602832794,-0.0013847202062606812,0.0015040598809719086,0.03918816149234772
0.036990709602832794,-0.0013847202062606812,0.0015040598809719086,0.03918816149234772
0.036990709602832794,-0.0013847202062606812,0.0015040598809719086,0.03918816149234772
0.036990709602832794,-0.0013847202062606812,0.0015040598809719086,0.03918816149234772
0.036990709602832794,-0.0013847202062606812,0.0015040598809719086,0.03918816149234772
0.036990709602832794,-0.0013847202062606812,0.0015040598809719086,0.03918816149234772
0.036990709602832794,-0.0013847202062606812,0.0015040598809719086,0.03918816149234772
0.036990709602832794,-0.0013847202062606812,0.0015040598809719086,0.03918816149234772
0.036990709602832794,-0.0013847202062606812,0.0015040598809719086,0.03918816149234772
0.036990709602832794,-0.0013847202062606812,0.0015040598809719086,0.03918816149234772
0.036990709602832794,-0.0013847202062606812,0.0015040598809719086,0.03918816149234772
0.036990709602832794,-0.0013847202062606812,0.0015040598809719086,0.03918816149234772
0.036990709602832794,-0.0013847202062606812,0.0015040598809719086,0.03918816149234772
0.036990709602832794,-0.0013847202062606812,0.0015040598809719086,0.03918816149234772
0.036990709602832794,-0.0013847202062606812,0.0015040598809719086,0.03918816149234772
0.036990709602832794,-0.0013847202062606812,0.0015040598809719086,0.03918816149234772
0.036990709602832794,-0.0013847202062606812,0.0015040598809719086,0.03918816149234772
0.036990709602832794,-0.0013847202062606812,0.0015040598809719086,0.03918816149234772
0.036990709602832794,-0.0013847202062606812,0.0015040598809719086,0.03918816149234772
0.036990709602832794,-0.0013847202062606812,0.0015040598809719086,0.03918816149234772
0.036990709602832794,-0.0013847202062606812,0.0015040598809719086,0.03918816149234772
0.036990709602832794,-0.0013847202062606812,0.0015040598809719086,0.03918816149234772
0.036990709602832794,-0.0013847202062606812,0.0015040598809719086,0.03918816149234772
0.036990709602832794,-0.0013847202062606812,0.0015040598809719086,0.03918816149234772
0.036990709602832794,-0.0013847202062606812,0.0015040598809719086,0.03918816149234772
0.036990709602832794,-0.0013847202062606812,0.0015040598809719086,0.03918816149234772
0.036990709602832794,-0.0013847202062606812,0.0015040598809719086,0.03918816149234772
0.036990709602832794,-0.0013847202062606812,0.0015040598809719086,0.03918816149234772
0.036990709602832794,-0.0013847202062606812,0.0015040598809719086,0.03918816149234772
0.036990709602832794,-0.0013847202062606812,0.0015040598809719086,0.03918816149234772
0.036990709602832794,-0.0013847202062606812,0.0015040598809719086,0.03918816149234772
0.036990709602832794,-0.0013847202062606812,0.0015040598809719086,0.03918816149234772
0.036990709602832794,-0.0013847202062606812,0.0015040598809719086,0.03918816149234772
0.036990709602832794,-0.0013847202062606812,0.0015040598809719086,0.03918816149234772
0.036990709602832794,-0.0013847202062606812,0.0015040598809719086,0.03918816149234772
0.036990709602832794,-0.0013847202062606812,0.0015040598809719086,0.03918816149234772
0.036990709602832794,-0.0013847202062606812,0.0015040598809719086,0.03918816149234772
0.036990709602832794,-0.0013847202062606812,0.0015040598809719086,0.03918816149234772
0.036990709602832794,-0.0013847202062606812,0.0015040598809719086,0.03918816149234772
0.036990709602832794,-0.0013847202062606812,0.0015040598809719086,0.03918816149234772
0.036990709602832794,-0.0013847202062606812,0.0015040598809719086,0.03918816149234772
0.036990709602832794,-0.0013847202062606812,0.0015040598809719086,0.03918816149234772
0.036990709602832794,-0.0013847202062606812,0.0015040598809719086,0.03918816149234772
0.036990709602832794,-0.0013847202062606812,0.0015040598809719086,0.03918816149234772
0.036990709602832794,-0.0013847202062606812,0.0015040598809719086,0.03918816149234772
0.036990709602832794,-0.0013847202062606812,0.0015040598809719086,0.03918816149234772
0.036990709602832794,-0.0013847202062606812,0.0015040598809719086,0.03918816149234772
0.036990709602832794,-0.0013847202062606812,0.0015040598809719086,0.03918816149234772
0.036990709602832794,-0.0013847202062606812,0.0015040598809719086,0.03918816149234772
0.036990709602832794,-0.0013847202062606812,0.0015040598809719086,0.03918816149234772
0.036990709602832794,-0.0013847202062606812,0.0015040598809719086,0.03918816149234772
0.036990709602832794,-0.0013847202062606812,0.0015040598809719086,0.03918816149234772
0.036990709602832794,-0.0013847202062606812,0.0015040598809719086,0.03918816149234772
0.036990709602832794,-0.0013847202062606812,0.0015040598809719086,0.03918816149234772
0.036990709602832794,-0.0013847202062606812,0.0015040598809719086,0.03918816149234772
0.036990709602832794,-0.0013847202062606812,0.0015040598809719086,0.03918816149234772
0.036990709602832794,-0.0013847202062606812,0.0015040598809719086,0.03918816149234772
0.036990709602832794,-0.0013847202062606812,0.0015040598809719086,0.03918816149234772
0.036990709602832794,-0.0013847202062606812,0.0015040598809719086,0.03918816149234772
0.036990709602832794,-0.0013847202062606812,0.0015040598809719086,0.03918816149234772
0.036990709602832794,-0.0013847202062606812,0.0015040598809719086,0.03918816149234772
0.036990709602832794,-0.0013847202062606812,0.0015040598809719086,0.03918816149234772
0.036990709602832794,-0.0013847202062606812,0.0015040598809719086,0.03918816149234772
0.036990709602832794,-0.0013847202062606812,0.0015040598809719086,0.03918816149234772
0.036990709602832794,-0.0013847202062606812,0.0015040598809719086,0.03918816149234772
0.036990709602832794,-0.0013847202062606812,0.0015040598809719086,0.03918816149234772
0.036990709602832794,-0.0013847202062606812,0.0015040598809719086,0.03918816149234772
0.036990709602832794,-0.0013847202062606812,0.0015040598809719086,0.03918816149234772
0.036990709602832794,-0.0013847202062606812,0.0015040598809719086,0.03918816149234772
0.036990709602832794,-0.0013847202062606812,0.0015040598809719086,0.03918816149234772
0.036990709602832794,-0.0013847202062606812,0.0015040598809719086,0.03918816149234772
0.036990709602832794,-0.0013847202062606812,0.0015040598809719086,0.03918816149234772
0.036990709602832794,-0.0013847202062606812,0.0015040598809719086,0.03918816149234772
0.036990709602832794,-0.0013847202062606812,0.0015040598809719086,0.03918816149234772
0.036990709602832794,-0.0013847202062606812,0.0015040598809719086,0.03918816149234772
0.036990709602832794,-0.0013847202062606812,0.0015040598809719086,0.03918816149234772
0.036990709602832794,-0.0013847202062606812,0.0015040598809719086,0.03918816149234772
0.036990709602832794,-0.0013847202062606812,0.0015040598809719086,0.03918816149234772
0.036990709602832794,-0.0013847202062606812,0.0015040598809719086,0.03918816149234772
0.036990709602832794,-0.0013847202062606812,0.0015040598809719086,0.03918816149234772
0.036990709602832794,-0.0013847202062606812,0.0015040598809719086,0.03918816149234772
0.036990709602832794,-0.0013847202062606812,0.0015040598809719086,0.03918816149234772
0.036990709602832794,-0.0013847202062606812,0.0015040598809719086,0.03918816149234772
0.036990709602832794,-0.0013847202062606812,0.0015040598809719086,0.03918816149234772
0.036990709602832794,-0.0013847202062606812,0.0015040598809719086,0.03918816149234772
0.036990709602832794,-0.0013847202062606812,0.0015040598809719086,0.03918816149234772
0.036990709602832794,-0.0013847202062606812,0.0015040598809719086,0.03918816149234772
0.036990709602832794,-0.0013847202062606812,0.0015040598809719086,0.03918816149234772
0.036990709602832794,-0.0013847202062606812,0.0015040598809719086,0.03918816149234772
0.036990709602832794,-0.0013847202062606812,0.0015040598809719086,0.03918816149234772
0.036990709602832794,-0.0013847202062606812,0.0015040598809719086,0.03918816149234772
0.036990709602832794,-0.0013847202062606812,0.0015040598809719086,0.03918816149234772
0.036990709602832794,-0.0013847202062606812,0.0015040598809719086,0.03918816149234772
0.036990709602832794,-0.0013847202062606812,0.0015040598809719086,0.03918816149234772
0.036990709602832794,-0.0013847202062606812,0.0015040598809719086,0.03918816149234772
0.036990709602832794,-0.0013847202062606812,0.0015040598809719086,0.03918816149234772
0.036990709602832794,-0.0013847202062606812,0.0015040598809719086,0.03918816149234772
0.036990709602832794,-0.0013847202062606812,0.0015040598809719086,0.03918816149234772
0.036990709602832794,-0.0013847202062606812,0.0015040598809719086,0.03918816149234772
0.036990709602832794,-0.0013847202062606812,0.0015040598809719086,0.03918816149234772
0.036990709602832794,-0.0013847202062606812,0.0015040598809719086,0.03918816149234772
0.036990709602832794,-0.0013847202062606812,0.0015040598809719086,0.03918816149234772
0.036990709602832794,-0.0013847202062606812,0.0015040598809719086,0.03918816149234772
0.036990709602832794,-0.0013847202062606812,0.0015040598809719086,0.03918816149234772
0.036990709602832794,-0.0013847202062606812,0.0015040598809719086,0.03918816149234772
0.036990709602832794,-0.0013847202062606812,0.0015040598809719086,0.03918816149234772
0.036990709602832794,-0.0013847202062606812,0.0015040598809719086,0.03918816149234772
0.036990709602832794,-0.0013847202062606812,0.0015040598809719086,0.03918816149234772
0.036990709602832794,-0.0013847202062606812,0.0015040598809719086,0.03918816149234772
0.036990709602832794,-0.0013847202062606812,0.0015040598809719086,0.03918816149234772
0.036990709602832794,-0.0013847202062606812,0.0015040598809719086,0.03918816149234772
0.036990709602832794,-0.0013847202062606812,0.0015040598809719086,0.03918816149234772
0.036990709602832794,-0.0013847202062606812,0.0015040598809719086,0.03918816149234772
0.036990709602832794,-0.0013847202062606812,0.0015040598809719086,0.03918816149234772
0.036990709602832794,-0.0013847202062606812,0.0015040598809719086,0.03918816149234772
0.036990709602832794,-0.0013847202062606812,0.0015040598809719086,0.03918816149234772
0.036990709602832794,-0.0013847202062606812,0.0015040598809719086,0.03918816149234772
0.036990709602832794,-0.0013847202062606812,0.0015040598809719086,0.03918816149234772
0.036990709602832794,-0.0013847202062606812,0.0015040598809719086,0.03918816149234772
0.036990709602832794,-0.0013847202062606812,0.0015040598809719086,0.03918816149234772
0.036990709602832794,-0.0013847202062606812,0.0015040598809719086,0.03918816149234772
0.036990709602832794,-0.0013847202062606812,0.0015040598809719086,0.03918816149234772
0.036990709602832794,-0.0013847202062606812,0.0015040598809719086,0.03918816149234772
0.036990709602832794,-0.0013847202062606812,0.0015040598809719086,0.03918816149234772
0.036990709602832794,-0.0013847202062606812,0.0015040598809719086,0.03918816149234772
0.036990709602832794,-0.0013847202062606812,0.0015040598809719086,0.03918816149234772
0.036990709602832794,-0.0013847202062606812,0.0015040598809719086,0.03918816149234772
0.036990709602832794,-0.0013847202062606812,0.0015040598809719086,0.03918816149234772
0.036990709602832794,-0.0013847202062606812,0.0015040598809719086,0.03918816149234772
0.036990709602832794,-0.0013847202062606812,0.0015040598809719086,0.03918816149234772
0.036990709602832794,-0.0013847202062606812,0.0015040598809719086,0.03918816149234772
0.036990709602832794,-0.0013847202062606812,0.0015040598809719086,0.03918816149234772
0.036990709602832794,-0.0013847202062606812,0.0015040598809719086,0.03918816149234772
0.036990709602832794,-0.0013847202062606812,0.0015040598809719086,0.03918816149234772
0.036990709602832794,-0.0013847202062606812,0.0015040598809719086,0.03918816149234772
0.036990709602832794,-0.0013847202062606812,0.0015040598809719086,0.03918816149234772
0.036990709602832794,-0.0013847202062606812,0.0015040598809719086,0.03918816149234772
0.036990709602832794,-0.0013847202062606812,0.0015040598809719086,0.03918816149234772
0.036990709602832794,-0.0013847202062606812,0.0015040598809719086,0.03918816149234772
0.036990709602832794,-0.0013847202062606812,0.0015040598809719086,0.03918816149234772
0.036990709602832794,-0.0013847202062606812,0.0015040598809719086,0.03918816149234772
0.036990709602832794,-0.0013847202062606812,0.0015040598809719086,0.03918816149234772
0.036990709602832794,-0.0013847202062606812,0.0015040598809719086,0.03918816149234772
0.036990709602832794,-0.0013847202062606812,0.0015040598809719086,0.03918816149234772
0.036990709602832794,-0.0013847202062606812,0.0015040598809719086,0.03918816149234772
0.036990709602832794,-0.0013847202062606812,0.0015040598809719086,0.03918816149234772
0.036990709602832794,-0.0013847202062606812,0.0015040598809719086,0.03918816149234772
0.036990709602832794,-0.0013847202062606812,0.0015040598809719086,0.03918816149234772
0.036990709602832794,-0.0013847202062606812,0.0015040598809719086,0.03918816149234772
0.036990709602832794,-0.0013847202062606812,0.0015040598809719086,0.03918816149234772
0.036990709602832794,-0.0013847202062606812,0.0015040598809719086,0.03918816149234772
0.036990709602832794,-0.0013847202062606812,0.0015040598809719086,0.03918816149234772
0.036990709602832794,-0.0013847202062606812,0.0015040598809719086,0.03918816149234772
0.036990709602832794,-0.0013847202062606812,0.0015040598809719086,0.03918816149234772
0.036990709602832794,-0.0013847202062606812,0.0015040598809719086,0.03918816149234772
0.036990709602832794,-0.0013847202062606812,0.0015040598809719086,0.03918816149234772
0.036990709602832794,-0.0013847202062606812,0.0015040598809719086,0.03918816149234772
0.036990709602832794,-0.0013847202062606812,0.0015040598809719086,0.03918816149234772
0.036990709602832794,-0.0013847202062606812,0.0015040598809719086,0.03918816149234772
0.036990709602832794,-0.0013847202062606812,0.0015040598809719086,0.03918816149234772
0.036990709602832794,-0.0013847202062606812,0.0015040598809719086,0.03918816149234772
0.036990709602832794,-0.0013847202062606812,0.0015040598809719086,0.03918816149234772
0.036990709602832794,-0.0013847202062606812,0.0015040598809719086,0.03918816149234772
0.036990709602832794,-0.0013847202062606812,0.0015040598809719086,0.03918816149234772
0.036990709602832794,-0.0013847202062606812,0.0015040598809719086,0.03918816149234772
0.036990709602832794,-0.0013847202062606812,0.0015040598809719086,0.03918816149234772
0.036990709602832794,-0.0013847202062606812,0.0015040598809719086,0.03918816149234772
0.036990709602832794,-0.0013847202062606812,0.0015040598809719086,0.03918816149234772
0.036990709602832794,-0.0013847202062606812,0.0015040598809719086,0.03918816149234772
0.036990709602832794,-0.0013847202062606812,0.0015040598809719086,0.03918816149234772
0.036990709602832794,-0.0013847202062606812,0.0015040598809719086,0.03918816149234772
0.036990709602832794,-0.0013847202062606812,0.0015040598809719086,0.03918816149234772
0.036990709602832794,-0.0013847202062606812,0.0015040598809719086,0.03918816149234772
0.036990709602832794,-0.0013847202062606812,0.0015040598809719086,0.03918816149234772
0.036990709602832794,-0.0013847202062606812,0.0015040598809719086,0.03918816149234772
0.036990709602832794,-0.0013847202062606812,0.0015040598809719086,0.03918816149234772
0.036990709602832794,-0.0013847202062606812,0.0015040598809719086,0.03918816149234772
0.036990709602832794,-0.0013847202062606812,0.0015040598809719086,0.03918816149234772
0.036990709602832794,-0.0013847202062606812,0.0015040598809719086,0.03918816149234772
0.036990709602832794,-0.0013847202062606812,0.0015040598809719086,0.03918816149234772
0.036990709602832794,-0.0013847202062606812,0.0015040598809719086,0.03918816149234772
0.036990709602832794,-0.0013847202062606812,0.0015040598809719086,0.03918816149234772
0.036990709602832794,-0.0013847202062606812,0.0015040598809719086,0.03918816149234772
0.036990709602832794,-0.0013847202062606812,0.0015040598809719086,0.03918816149234772
0.036990709602832794,-0.0013847202062606812,0.0015040598809719086,0.03918816149234772
0.036990709602832794,-0.0013847202062606812,0.0015040598809719086,0.03918816149234772
0.036990709602832794,-0.0013847202062606812,0.0015040598809719086,0.03918816149234772
0.036990709602832794,-0.0013847202062606812,0.0015040598809719086,0.03918816149234772
0.036990709602832794,-0.0013847202062606812,0.0015040598809719086,0.03918816149234772
0.036990709602832794,-0.0013847202062606812,0.0015040598809719086,0.03918816149234772
0.036990709602832794,-0.0013847202062606812,0.0015040598809719086,0.03918816149234772
0.036990709602832794,-0.0013847202062606812,0.0015040598809719086,0.03918816149234772
0.036990709602832794,-0.0013847202062606812,0.0015040598809719086,0.03918816149234772
0.036990709602832794,-0.0013847202062606812,0.0015040598809719086,0.03918816149234772
0.036990709602832794,-0.0013847202062606812,0.0015040598809719086,0.03918816149234772
0.036990709602832794,-0.0013847202062606812,0.0015040598809719086,0.03918816149234772
0.036990709602832794,-0.0013847202062606812,0.0015040598809719086,0.03918816149234772
0.036990709602832794,-0.0013847202062606812,0.0015040598809719086,0.03918816149234772
0.036990709602832794,-0.0013847202062606812,0.0015040598809719086,0.03918816149234772
0.036990709602832794,-0.0013847202062606812,0.0015040598809719086,0.03918816149234772
0.036990709602832794,-0.0013847202062606812,0.0015040598809719086,0.03918816149234772
0.036990709602832794,-0.0013847202062606812,0.0015040598809719086,0.03918816149234772
0.036990709602832794,-0.0013847202062606812,0.0015040598809719086,0.03918816149234772
0.036990709602832794,-0.0013847202062606812,0.0015040598809719086,0.03918816149234772
0.036990709602832794,-0.0013847202062606812,0.0015040598809719086,0.03918816149234772
0.036990709602832794,-0.0013847202062606812,0.0015040598809719086,0.03918816149234772
0.036990709602832794,-0.0013847202062606812,0.0015040598809719086,0.03918816149234772
0.036990709602832794,-0.0013847202062606812,0.0015040598809719086,0.03918816149234772
0.036990709602832794,-0.0013847202062606812,0.0015040598809719086,0.03918816149234772
0.036990709602832794,-0.0013847202062606812,0.0015040598809719086,0.03918816149234772
0.036990709602832794,-0.0013847202062606812,0.0015040598809719086,0.03918816149234772
0.036990709602832794,-0.0013847202062606812,0.0015040598809719086,0.03918816149234772
0.036990709602832794,-0.0013847202062606812,0.0015040598809719086,0.03918816149234772
0.036990709602832794,-0.0013847202062606812,0.0015040598809719086,0.03918816149234772
0.036990709602832794,-0.0013847202062606812,0.0015040598809719086,0.03918816149234772
0.036990709602832794,-0.0013847202062606812,0.0015040598809719086,0.03918816149234772
0.036990709602832794,-0.0013847202062606812,0.0015040598809719086,0.03918816149234772
0.036990709602832794,-0.0013847202062606812,0.0015040598809719086,0.03918816149234772
0.036990709602832794,-0.0013847202062606812,0.0015040598809719086,0.03918816149234772
0.036990709602832794,-0.0013847202062606812,0.0015040598809719086,0.03918816149234772
0.036990709602832794,-0.0013847202062606812,0.0015040598809719086,0.03918816149234772
0.036990709602832794,-0.0013847202062606812,0.0015040598809719086,0.03918816149234772
0.036990709602832794,-0.0013847202062606812,0.0015040598809719086,0.03918816149234772
0.036990709602832794,-0.0013847202062606812,0.0015040598809719086,0.03918816149234772
0.036990709602832794,-0.0013847202062606812,0.0015040598809719086,0.03918816149234772
0.036990709602832794,-0.0013847202062606812,0.0015040598809719086,0.03918816149234772
0.036990709602832794,-0.0013847202062606812,0.0015040598809719086,0.03918816149234772
0.036990709602832794,-0.0013847202062606812,0.0015040598809719086,0.03918816149234772
0.036990709602832794,-0.0013847202062606812,0.0015040598809719086,0.03918816149234772
0.036990709602832794,-0.0013847202062606812,0.0015040598809719086,0.03918816149234772
0.036990709602832794,-0.0013847202062606812,0.0015040598809719086,0.03918816149234772
0.036990709602832794,-0.0013847202062606812,0.0015040598809719086,0.03918816149234772
0.036990709602832794,-0.0013847202062606812,0.0015040598809719086,0.03918816149234772
0.036990709602832794,-0.0013847202062606812,0.0015040598809719086,0.03918816149234772
0.036990709602832794,-0.0013847202062606812,0.0015040598809719086,0.03918816149234772
0.036990709602832794,-0.0013847202062606812,0.0015040598809719086,0.03918816149234772
0.036990709602832794,-0.0013847202062606812,0.0015040598809719086,0.03918816149234772
0.036990709602832794,-0.0013847202062606812,0.0015040598809719086,0.03918816149234772
0.036990709602832794,-0.0013847202062606812,0.0015040598809719086,0.03918816149234772
0.036990709602832794,-0.0013847202062606812,0.0015040598809719086,0.03918816149234772
0.036990709602832794,-0.0013847202062606812,0.0015040598809719086,0.03918816149234772
0.036990709602832794,-0.0013847202062606812,0.0015040598809719086,0.03918816149234772
0.036990709602832794,-0.0013847202062606812,0.0015040598809719086,0.03918816149234772
0.036990709602832794,-0.0013847202062606812,0.0015040598809719086,0.03918816149234772
0.036990709602832794,-0.0013847202062606812,0.0015040598809719086,0.03918816149234772
0.036990709602832794,-0.0013847202062606812,0.0015040598809719086,0.03918816149234772
0.036990709602832794,-0.0013847202062606812,0.0015040598809719086,0.03918816149234772
0.036990709602832794,-0.0013847202062606812,0.0015040598809719086,0.03918816149234772
0.036990709602832794,-0.0013847202062606812,0.0015040598809719086,0.03918816149234772
0.036990709602832794,-0.0013847202062606812,0.0015040598809719086,0.03918816149234772
0.036990709602832794,-0.0013847202062606812,0.0015040598809719086,0.03918816149234772
0.036990709602832794,-0.0013847202062606812,0.0015040598809719086,0.03918816149234772
0.036990709602832794,-0.0013847202062606812,0.0015040598809719086,0.03918816149234772
0.036990709602832794,-0.0013847202062606812,0.0015040598809719086,0.03918816149234772
0.036990709602832794,-0.0013847202062606812,0.0015040598809719086,0.03918816149234772
0.036990709602832794,-0.0013847202062606812,0.0015040598809719086,0.03918816149234772
0.036990709602832794,-0.0013847202062606812,0.0015040598809719086,0.03918816149234772
0.036990709602832794,-0.0013847202062606812,0.0015040598809719086,0.03918816149234772
0.036990709602832794,-0.0013847202062606812,0.0015040598809719086,0.03918816149234772
0.036990709602832794,-0.0013847202062606812,0.0015040598809719086,0.03918816149234772
0.036990709602832794,-0.0013847202062606812,0.0015040598809719086,0.03918816149234772
0.036990709602832794,-0.0013847202062606812,0.0015040598809719086,0.03918816149234772
0.036990709602832794,-0.0013847202062606812,0.0015040598809719086,0.03918816149234772
0.036990709602832794,-0.0013847202062606812,0.0015040598809719086,0.03918816149234772
0.036990709602832794,-0.0013847202062606812,0.0015040598809719086,0.03918816149234772
0.036990709602832794,-0.0013847202062606812,0.0015040598809719086,0.03918816149234772
0.036990709602832794,-0.0013847202062606812,0.0015040598809719086,0.03918816149234772
0.036990709602832794,-0.0013847202062606812,0.0015040598809719086,0.03918816149234772
0.036990709602832794,-0.0013847202062606812,0.0015040598809719086,0.03918816149234772
0.036990709602832794,-0.0013847202062606812,0.0015040598809719086,0.03918816149234772
0.036990709602832794,-0.0013847202062606812,0.0015040598809719086,0.03918816149234772
0.036990709602832794,-0.0013847202062606812,0.0015040598809719086,0.03918816149234772
0.036990709602832794,-0.0013847202062606812,0.0015040598809719086,0.03918816149234772
0.036990709602832794,-0.0013847202062606812,0.0015040598809719086,0.03918816149234772
0.036990709602832794,-0.0013847202062606812,0.0015040598809719086,0.03918816149234772
0.036990709602832794,-0.0013847202062606812,0.0015040598809719086,0.03918816149234772
0.036990709602832794,-0.0013847202062606812,0.0015040598809719086,0.03918816149234772
0.036990709602832794,-0.0013847202062606812,0.0015040598809719086,0.03918816149234772
0.036990709602832794,-0.0013847202062606812,0.0015040598809719086,0.03918816149234772
0.036990709602832794,-0.0013847202062606812,0.0015040598809719086,0.03918816149234772
0.036990709602832794,-0.0013847202062606812,0.0015040598809719086,0.03918816149234772
0.036990709602832794,-0.0013847202062606812,0.0015040598809719086,0.03918816149234772
0.036990709602832794,-0.0013847202062606812,0.0015040598809719086,0.03918816149234772
0.036990709602832794,-0.0013847202062606812,0.0015040598809719086,0.03918816149234772
0.036990709602832794,-0.0013847202062606812,0.0015040598809719086,0.03918816149234772
0.036990709602832794,-0.0013847202062606812,0.0015040598809719086,0.03918816149234772
0.036990709602832794,-0.0013847202062606812,0.0015040598809719086,0.03918816149234772
0.036990709602832794,-0.0013847202062606812,0.0015040598809719086,0.03918816149234772
0.036990709602832794,-0.0013847202062606812,0.0015040598809719086,0.03918816149234772
0.036990709602832794,-0.0013847202062606812,0.0015040598809719086,0.03918816149234772
0.036990709602832794,-0.0013847202062606812,0.0015040598809719086,0.03918816149234772
0.036990709602832794,-0.0013847202062606812,0.0015040598809719086,0.03918816149234772
0.036990709602832794,-0.0013847202062606812,0.0015040598809719086,0.03918816149234772
0.036990709602832794,-0.0013847202062606812,0.0015040598809719086,0.03918816149234772
0.036990709602832794,-0.0013847202062606812,0.0015040598809719086,0.03918816149234772
0.036990709602832794,-0.0013847202062606812,0.0015040598809719086,0.03918816149234772
0.036990709602832794,-0.0013847202062606812,0.0015040598809719086,0.03918816149234772
0.036990709602832794,-0.0013847202062606812,0.0015040598809719086,0.03918816149234772
0.036990709602832794,-0.0013847202062606812,0.0015040598809719086,0.03918816149234772
0.036990709602832794,-0.0013847202062606812,0.0015040598809719086,0.03918816149234772
0.036990709602832794,-0.0013847202062606812,0.0015040598809719086,0.03918816149234772
0.036990709602832794,-0.0013847202062606812,0.0015040598809719086,0.03918816149234772
0.036990709602832794,-0.0013847202062606812,0.0015040598809719086,0.03918816149234772
0.036990709602832794,-0.0013847202062606812,0.0015040598809719086,0.03918816149234772
0.036990709602832794,-0.0013847202062606812,0.0015040598809719086,0.03918816149234772
0.036990709602832794,-0.0013847202062606812,0.0015040598809719086,0.03918816149234772
0.036990709602832794,-0.0013847202062606812,0.0015040598809719086,0.03918816149234772
0.036990709602832794,-0.0013847202062606812,0.0015040598809719086,0.03918816149234772
0.036990709602832794,-0.0013847202062606812,0.0015040598809719086,0.03918816149234772
0.036990709602832794,-0.0013847202062606812,0.0015040598809719086,0.03918816149234772
0.036990709602832794,-0.0013847202062606812,0.0015040598809719086,0.03918816149234772
0.036990709602832794,-0.0013847202062606812,0.0015040598809719086,0.03918816149234772
0.036990709602832794,-0.0013847202062606812,0.0015040598809719086,0.03918816149234772
0.036990709602832794,-0.0013847202062606812,0.0015040598809719086,0.03918816149234772
0.036990709602832794,-0.0013847202062606812,0.0015040598809719086,0.03918816149234772
0.036990709602832794,-0.0013847202062606812,0.0015040598809719086,0.03918816149234772
0.036990709602832794,-0.0013847202062606812,0.0015040598809719086,0.03918816149234772
0.036990709602832794,-0.0013847202062606812,0.0015040598809719086,0.03918816149234772
0.036990709602832794,-0.0013847202062606812,0.0015040598809719086,0.03918816149234772
0.036990709602832794,-0.0013847202062606812,0.0015040598809719086,0.03918816149234772
0.036990709602832794,-0.0013847202062606812,0.0015040598809719086,0.03918816149234772
0.036990709602832794,-0.0013847202062606812,0.0015040598809719086,0.03918816149234772
0.036990709602832794,-0.0013847202062606812,0.0015040598809719086,0.03918816149234772
0.036990709602832794,-0.0013847202062606812,0.0015040598809719086,0.03918816149234772
0.036990709602832794,-0.0013847202062606812,0.0015040598809719086,0.03918816149234772
0.036990709602832794,-0.0013847202062606812,0.0015040598809719086,0.03918816149234772
0.036990709602832794,-0.0013847202062606812,0.0015040598809719086,0.03918816149234772
0.036990709602832794,-0.0013847202062606812,0.0015040598809719086,0.03918816149234772
0.036990709602832794,-0.0013847202062606812,0.0015040598809719086,0.03918816149234772
0.036990709602832794,-0.0013847202062606812,0.0015040598809719086,0.03918816149234772
0.036990709602832794,-0.0013847202062606812,0.0015040598809719086,0.03918816149234772
0.036990709602832794,-0.0013847202062606812,0.0015040598809719086,0.03918816149234772
0.036990709602832794,-0.0013847202062606812,0.0015040598809719086,0.03918816149234772
0.036990709602832794,-0.0013847202062606812,0.0015040598809719086,0.03918816149234772
0.036990709602832794,-0.0013847202062606812,0.0015040598809719086,0.03918816149234772
0.036990709602832794,-0.0013847202062606812,0.0015040598809719086,0.03918816149234772
0.036990709602832794,-0.0013847202062606812,0.0015040598809719086,0.03918816149234772
0.036990709602832794,-0.0013847202062606812,0.0015040598809719086,0.03918816149234772
0.036990709602832794,-0.0013847202062606812,0.0015040598809719086,0.03918816149234772
0.036990709602832794,-0.0013847202062606812,0.0015040598809719086,0.03918816149234772
