vx,vy,vz,omega_z
0.14937886595726013,0.14241287112236023,-0.349126935005188,0.9535331726074219
0.15990795195102692,0.18411852419376373,-0.4247896075248718,1.109595775604248
0.16157984733581543,0.1909802109003067,-0.42776477336883545,1.1146284341812134
0.16185355186462402,0.19297881424427032,-0.42783892154693604,1.1148332357406616
0.16190242767333984,0.19362302124500275,-0.42784008383750916,1.1148440837860107
0.16191166639328003,0.19383080303668976,-0.42784005403518677,1.114844799041748
0.1318427175283432,0.20912261307239532,-0.3589231073856354,1.0999542474746704
0.11712802946567535,0.2145117074251175,-0.34566530585289,1.0959248542785645
0.13567711412906647,0.20837150514125824,-0.36138850450515747,1.1386146545410156
0.14488714933395386,0.20412959158420563,-0.36449137330055237,1.1446547508239746
0.15277104079723358,0.1962084323167801,-0.3666229248046875,1.14222252368927
0.15609827637672424,0.19301356375217438,-0.3692282438278198,1.1414217948913574
0.15557682514190674,0.188445582985878,-0.35971754789352417,1.1384875774383545
0.1546732485294342,0.18545497953891754,-0.3577069938182831,1.138447880744934
0.1562911719083786,0.165219247341156,-0.34789982438087463,1.1300506591796875
0.15643581748008728,0.15400879085063934,-0.34943729639053345,1.129341959953308
0.14075379073619843,0.1287391632795334,-0.3213040232658386,1.1240451335906982
0.1353711187839508,0.1201879233121872,-0.3223225474357605,1.1242139339447021
0.13100042939186096,0.10289904475212097,-0.3158179223537445,1.1130781173706055
0.12890809774398804,0.09595261514186859,-0.31800147891044617,1.1126797199249268
0.12848488986492157,0.1109059751033783,-0.2963457703590393,1.1037030220031738
0.12497664988040924,0.11527477204799652,-0.28831011056900024,1.1023600101470947
0.13487175107002258,0.08041131496429443,-0.26439759135246277,1.0655481815338135
0.1324009895324707,0.06736741960048676,-0.2620154321193695,1.061042070388794
0.11335742473602295,0.038069434463977814,-0.28136762976646423,1.056703805923462
0.11369748413562775,0.033786267042160034,-0.293243408203125,1.05550217628479
0.11833774298429489,0.02610592544078827,-0.2729261815547943,1.0466806888580322
0.11909298598766327,0.023707762360572815,-0.2704339325428009,1.0454093217849731
0.13249751925468445,0.020644403994083405,-0.26096588373184204,1.021256923675537
0.1341615468263626,0.01859566569328308,-0.2590428292751312,1.017451286315918
0.132242813706398,0.005693398416042328,-0.25228339433670044,1.0099642276763916
0.13219252228736877,0.0030955299735069275,-0.25288212299346924,1.0093857049942017
0.12479116022586823,0.008742526173591614,-0.23454329371452332,1.016752004623413
0.12071998417377472,0.00976899266242981,-0.2286342978477478,1.0185117721557617
0.11707276850938797,-0.005044706165790558,-0.2327515184879303,1.005763053894043
0.11637266725301743,-0.008311331272125244,-0.23290523886680603,1.0034210681915283
0.11626794934272766,-0.008508734405040741,-0.2328813672065735,1.003333330154419
0.11110570281744003,-0.012972556054592133,-0.23169288039207458,0.9623605608940125
0.10298154503107071,-0.03244652971625328,-0.2174517810344696,0.9479454159736633
0.09961993992328644,-0.036234352737665176,-0.21553254127502441,0.9480017423629761
0.10356878489255905,-0.04542165622115135,-0.21534210443496704,0.925220251083374
0.10291916877031326,-0.04825456067919731,-0.21797147393226624,0.9208583235740662
0.10008314251899719,-0.055246591567993164,-0.2123643457889557,0.9027204513549805
0.09769219160079956,-0.05725140869617462,-0.2104802131652832,0.8979165554046631
0.08619865775108337,-0.06126760318875313,-0.2039940059185028,0.8946056365966797
0.08152347058057785,-0.06048188358545303,-0.20115888118743896,0.8954230546951294
0.07307387888431549,-0.07363330572843552,-0.1841925084590912,0.8648328185081482
0.06810599565505981,-0.07419474422931671,-0.17870694398880005,0.8586528301239014
0.07849074900150299,-0.08259806782007217,-0.164911687374115,0.863961398601532
0.08193652331829071,-0.0844731554389,-0.164108008146286,0.8657087087631226
0.08908843249082565,-0.08422267436981201,-0.15521353483200073,0.8460862040519714
0.08996361494064331,-0.08483932167291641,-0.1538807451725006,0.8401864171028137
0.07967030256986618,-0.09126247465610504,-0.1500002145767212,0.8330637216567993
0.07735525071620941,-0.09231706708669662,-0.14941665530204773,0.8306758403778076
0.07370953261852264,-0.09746087342500687,-0.1373313069343567,0.8183562159538269
0.07119631767272949,-0.09851083159446716,-0.1358039677143097,0.8150220513343811
0.06835485994815826,-0.09843506664037704,-0.12895087897777557,0.8055306077003479
0.06834980845451355,-0.09838590025901794,-0.1280820220708847,0.8028645515441895
0.05991703271865845,-0.10044943541288376,-0.13026633858680725,0.7957907915115356
0.058539293706417084,-0.1007448062300682,-0.1305972933769226,0.793643593788147
0.049561478197574615,-0.10092747956514359,-0.13270753622055054,0.7862638831138611
0.04718198999762535,-0.10094045102596283,-0.13275766372680664,0.7842608690261841
0.04825858399271965,-0.10280270874500275,-0.12254348397254944,0.7637482285499573
0.0485711470246315,-0.10346253961324692,-0.12068039923906326,0.7583678960800171
0.0449703224003315,-0.10776599496603012,-0.11929404735565186,0.752409815788269
0.04430178925395012,-0.10848046094179153,-0.11895426362752914,0.7506126165390015
0.03884075582027435,-0.11282029747962952,-0.12129908055067062,0.7476144433021545
0.03876882791519165,-0.11515946686267853,-0.11917023360729218,0.7333291172981262
0.03809641674160957,-0.11529865115880966,-0.11861618608236313,0.7298031449317932
0.037528667598962784,-0.11877679824829102,-0.11566580832004547,0.7199938297271729
0.03728552162647247,-0.11959607154130936,-0.11459510028362274,0.7173104882240295
0.03725157305598259,-0.11962077766656876,-0.11451708525419235,0.717144250869751
0.031746719032526016,-0.12209081649780273,-0.11097564548254013,0.7037605047225952
0.03193872794508934,-0.12288188934326172,-0.10892045497894287,0.6991450786590576
0.03284887224435806,-0.1238313615322113,-0.1030188798904419,0.6902309656143188
0.033333562314510345,-0.1238742545247078,-0.10181786119937897,0.6875966787338257
0.02367652952671051,-0.12621422111988068,-0.10413923859596252,0.6771725416183472
0.022446125745773315,-0.126540869474411,-0.1031796783208847,0.6731558442115784
0.023713387548923492,-0.12698806822299957,-0.10331427305936813,0.64825439453125
0.024126708507537842,-0.12693318724632263,-0.10300000756978989,0.6403378248214722
0.02368197590112686,-0.12300850450992584,-0.09709855914115906,0.6328583359718323
0.023374661803245544,-0.12244947999715805,-0.09581603109836578,0.6307401657104492
0.024117551743984222,-0.12244978547096252,-0.08873875439167023,0.6145983934402466
0.024597741663455963,-0.12224753201007843,-0.08734963089227676,0.6098599433898926
0.01929401606321335,-0.12396202981472015,-0.08160676062107086,0.6071763038635254
0.019188791513442993,-0.1240859106183052,-0.07973191887140274,0.6058712005615234
0.014937080442905426,-0.12816303968429565,-0.08330737054347992,0.5964733362197876
0.01478385180234909,-0.12878653407096863,-0.08249691128730774,0.5928841829299927
0.01675792783498764,-0.12625806033611298,-0.08652115613222122,0.5784546136856079
0.01712588220834732,-0.1255415976047516,-0.08697004616260529,0.5738961696624756
0.014245942234992981,-0.12032893300056458,-0.08007906377315521,0.5722792148590088
0.013181895017623901,-0.11937972903251648,-0.07838079333305359,0.572182834148407
0.008875012397766113,-0.11815153062343597,-0.07691948860883713,0.5587444305419922
0.008716791868209839,-0.11763311922550201,-0.07602618634700775,0.5544393658638
0.006487101316452026,-0.11508248001337051,-0.08111847937107086,0.5473935604095459
0.00661865621805191,-0.11434567719697952,-0.08160063624382019,0.545128583908081
0.0072019994258880615,-0.11451368033885956,-0.08295314759016037,0.5467615127563477
0.006867237389087677,-0.1145264133810997,-0.08316665887832642,0.5473166704177856
0.003903992474079132,-0.11372286081314087,-0.07637477666139603,0.5293439626693726
0.004081711173057556,-0.11340008676052094,-0.07502147555351257,0.523439884185791
-0.0010600835084915161,-0.11431853473186493,-0.07421413064002991,0.5132444500923157
-0.001441270112991333,-0.1141756996512413,-0.0739118903875351,0.5100870132446289
-0.0033594071865081787,-0.11554834991693497,-0.07666096091270447,0.4981485903263092
-0.002668313682079315,-0.11558763682842255,-0.07763079553842545,0.49384307861328125
-0.007044970989227295,-0.11426796019077301,-0.08027052879333496,0.4791703522205353
-0.006828196346759796,-0.11404535919427872,-0.0811280906200409,0.4738354980945587
-0.006761990487575531,-0.11253200471401215,-0.07816699147224426,0.46640142798423767
-0.005879878997802734,-0.11235009878873825,-0.07866355776786804,0.4636903703212738
-0.004911862313747406,-0.10976389050483704,-0.0713469386100769,0.46062350273132324
-0.004326127469539642,-0.10955506563186646,-0.07061558961868286,0.4593687951564789
-0.0030486881732940674,-0.10600931942462921,-0.06956551969051361,0.45506688952445984
-0.0020477622747421265,-0.10552393645048141,-0.07034499943256378,0.4532081186771393
-0.003514803946018219,-0.102578304708004,-0.07040239870548248,0.447085440158844
-0.0026449933648109436,-0.10172972083091736,-0.07143928110599518,0.44441622495651245
-0.0014737918972969055,-0.09854818135499954,-0.06653859466314316,0.4371240735054016
-0.00035116076469421387,-0.09758923947811127,-0.0665680393576622,0.4340638518333435
-4.639476537704468e-05,-0.09311619400978088,-0.060503341257572174,0.42639586329460144
0.000546671450138092,-0.09191136807203293,-0.05947006493806839,0.4234238862991333
8.657574653625488e-06,-0.08899340033531189,-0.05040863901376724,0.41190704703330994
0.0004578828811645508,-0.08773671835660934,-0.04855751246213913,0.40746045112609863
0.0025776848196983337,-0.088955357670784,-0.0434655025601387,0.4038940370082855
0.0029454678297042847,-0.08927379548549652,-0.04270786792039871,0.40261465311050415
0.0017082691192626953,-0.09095323085784912,-0.03820464015007019,0.39671164751052856
-5.9895217418670654e-05,-0.08911138027906418,-0.03576973080635071,0.38575151562690735
0.0008702948689460754,-0.08817602694034576,-0.035817377269268036,0.3810720443725586
0.0008852258324623108,-0.08761376142501831,-0.03618787229061127,0.3749699592590332
0.001906178891658783,-0.08714184165000916,-0.03674592822790146,0.3715757727622986
0.002276301383972168,-0.0861755758523941,-0.03864238038659096,0.367920458316803
0.0027154535055160522,-0.08572033047676086,-0.041307490319013596,0.3670046329498291
0.002978108823299408,-0.08552318066358566,-0.04197137802839279,0.3669719696044922
0.003031708300113678,-0.08546926826238632,-0.042032063007354736,0.3669458329677582
0.0030806437134742737,-0.08490806072950363,-0.03971044346690178,0.36313942074775696
0.004681318998336792,-0.08259207755327225,-0.04021822661161423,0.3491901159286499
0.0065940022468566895,-0.08083193749189377,-0.041582848876714706,0.3417443633079529
0.007103875279426575,-0.07909028232097626,-0.04215158894658089,0.3336712718009949
0.008243881165981293,-0.07825161516666412,-0.04245201498270035,0.32858890295028687
0.009638108313083649,-0.07598784565925598,-0.041138824075460434,0.3256279230117798
0.010502703487873077,-0.07517503947019577,-0.04133518040180206,0.3234267234802246
0.011416412889957428,-0.07534556090831757,-0.03916552662849426,0.3178859353065491
0.012335292994976044,-0.07503849267959595,-0.0390862338244915,0.3139007091522217
0.011944472789764404,-0.07388323545455933,-0.03797801211476326,0.3103181719779968
0.011894315481185913,-0.07108624279499054,-0.03588965907692909,0.30393531918525696
0.012373104691505432,-0.06890290230512619,-0.035690635442733765,0.30068618059158325
0.012495912611484528,-0.06799361109733582,-0.035722050815820694,0.30018243193626404
0.01387062668800354,-0.06670106947422028,-0.032459259033203125,0.29525917768478394
0.014642886817455292,-0.06580094993114471,-0.03198422119021416,0.2918720245361328
0.01624908298254013,-0.06460972875356674,-0.028979502618312836,0.2865861654281616
0.01697535812854767,-0.06384528428316116,-0.028090406209230423,0.2834746241569519
0.018801197409629822,-0.0627698078751564,-0.027817700058221817,0.2779519259929657
0.01964566856622696,-0.06181349605321884,-0.027467716485261917,0.2745358347892761
0.020737498998641968,-0.06042542681097984,-0.02631209045648575,0.2695600390434265
0.020936250686645508,-0.05894831568002701,-0.024821046739816666,0.2640646696090698
0.021156251430511475,-0.057895977050065994,-0.024643395096063614,0.2619301974773407
0.021499380469322205,-0.057229332625865936,-0.02488323673605919,0.2587721645832062
0.021779417991638184,-0.056990355253219604,-0.02491035684943199,0.2568276524543762
0.02265145629644394,-0.05683973431587219,-0.02358666993677616,0.24968385696411133
0.023319967091083527,-0.05649567022919655,-0.02352883666753769,0.2453484833240509
0.024486474692821503,-0.055306464433670044,-0.02297544851899147,0.23973259329795837
0.02519974112510681,-0.05492909997701645,-0.023268844932317734,0.23628315329551697
0.025625549256801605,-0.054608628153800964,-0.023113958537578583,0.230340838432312
0.026207607239484787,-0.05461646988987923,-0.023732919245958328,0.22669997811317444
0.027345262467861176,-0.05323187634348869,-0.02182542160153389,0.2209170013666153
0.02814791351556778,-0.05293192341923714,-0.021975524723529816,0.2174195945262909
0.028770413249731064,-0.051261354237794876,-0.02149011380970478,0.21163970232009888
0.029301337897777557,-0.050822433084249496,-0.021612849086523056,0.2085128128528595
0.029013626277446747,-0.04979059845209122,-0.020335029810667038,0.205233633518219
0.02910604700446129,-0.049395397305488586,-0.020302848890423775,0.2037476748228073
0.03000425547361374,-0.047756463289260864,-0.0188556257635355,0.200151264667511
0.03060145676136017,-0.04543410241603851,-0.016946036368608475,0.19627031683921814
0.030827198177576065,-0.04498109221458435,-0.016524147242307663,0.19514629244804382
0.031319838017225266,-0.04465176910161972,-0.016063369810581207,0.1931440234184265
0.03154933825135231,-0.04495381563901901,-0.015939729288220406,0.19228138029575348
0.03112618252635002,-0.043605223298072815,-0.015929458662867546,0.188076913356781
0.031199879944324493,-0.04333067312836647,-0.01627785712480545,0.18634814023971558
0.03186863288283348,-0.04224064201116562,-0.0158324483782053,0.18139496445655823
0.03212476149201393,-0.04268794134259224,-0.015874629840254784,0.17963962256908417
0.0321711003780365,-0.042916350066661835,-0.0158664770424366,0.1794416606426239
0.03432701900601387,-0.041400060057640076,-0.015012316405773163,0.17093530297279358
0.03509358689188957,-0.042148396372795105,-0.014794917777180672,0.16755694150924683
0.03700503706932068,-0.041415758430957794,-0.015296893194317818,0.16137909889221191
0.03768535703420639,-0.04208235815167427,-0.015247011557221413,0.15901805460453033
0.03874582424759865,-0.042555805295705795,-0.016529234126210213,0.1569105088710785
0.03905460238456726,-0.042956363409757614,-0.016697151586413383,0.15611714124679565
0.040049560368061066,-0.04337773099541664,-0.015206880867481232,0.1534719169139862
0.04130958393216133,-0.0434122271835804,-0.01320912316441536,0.1493966281414032
0.041753754019737244,-0.04379868134856224,-0.01292269118130207,0.148094043135643
0.04298152029514313,-0.0438428670167923,-0.011197017505764961,0.14488384127616882
0.04333534091711044,-0.044451892375946045,-0.010748855769634247,0.14395970106124878
0.0444476492702961,-0.044133007526397705,-0.008366527035832405,0.13951781392097473
0.04502202197909355,-0.044661689549684525,-0.007839210331439972,0.13793382048606873
0.04558210074901581,-0.04428350552916527,-0.006288055330514908,0.13594812154769897
0.04579945653676987,-0.04449077695608139,-0.006020821630954742,0.13542482256889343
0.046113744378089905,-0.0443325936794281,-0.005522686988115311,0.13459265232086182
0.04634284973144531,-0.04430415481328964,-0.00541088730096817,0.1341477632522583
0.04691210389137268,-0.04275820404291153,-0.005446482449769974,0.13160154223442078
0.047106508165597916,-0.042630549520254135,-0.005120225250720978,0.1307435929775238
0.047646068036556244,-0.0409078374505043,-0.003830917179584503,0.12867826223373413
0.04785390570759773,-0.04073011130094528,-0.0032123923301696777,0.12806956470012665
0.049047138541936874,-0.03868163749575615,-0.0028801746666431427,0.1251678764820099
0.04935339465737343,-0.038737695664167404,-0.0024271421134471893,0.12438170611858368
0.049399618059396744,-0.03891704976558685,-0.0023666806519031525,0.12431054562330246
0.049637578427791595,-0.0377202183008194,-0.003224629908800125,0.12267251312732697
0.05021580681204796,-0.03647848218679428,-0.004166606813669205,0.12233023345470428
0.050260476768016815,-0.03628767654299736,-0.0040895454585552216,0.12236497551202774
0.050531741231679916,-0.035903092473745346,-0.004467558115720749,0.12043055891990662
0.05056328698992729,-0.03623124584555626,-0.004570815712213516,0.11994887888431549
0.05074143409729004,-0.036298371851444244,-0.004255533218383789,0.11806470155715942
0.050775498151779175,-0.03658246621489525,-0.004186883568763733,0.1176024079322815
0.05046716704964638,-0.03668031096458435,-0.003872733563184738,0.11650383472442627
0.0504012294113636,-0.03670419752597809,-0.004087444394826889,0.11622053384780884
0.050923317670822144,-0.03574146702885628,-0.003374159336090088,0.11398685723543167
0.050983697175979614,-0.035764310508966446,-0.0029750242829322815,0.11346439272165298
0.0510503388941288,-0.03494781628251076,-0.0024987347424030304,0.11197910457849503
0.05175032094120979,-0.0335363931953907,-0.0011470802128314972,0.1090056449174881
0.05190550535917282,-0.03367755562067032,-0.0005970969796180725,0.10830169916152954
0.05292820185422897,-0.03355109691619873,0.00022998452186584473,0.10636509954929352
0.05314379185438156,-0.03388593718409538,0.000679653137922287,0.1058286726474762
0.053500186651945114,-0.03370444476604462,8.02166759967804e-05,0.10376915335655212
0.05368945375084877,-0.03381546586751938,-0.00011103227734565735,0.10301107168197632
0.054482895880937576,-0.033236563205718994,-0.001155320554971695,0.10059931874275208
0.05477449670433998,-0.03332086652517319,-0.0012640394270420074,0.09968829154968262
0.055411964654922485,-0.032548703253269196,-0.0022382549941539764,0.0974644124507904
0.05567944049835205,-0.032461561262607574,-0.0024866946041584015,0.09660383313894272
0.05629168450832367,-0.031280066817998886,-0.0030339471995830536,0.09467457234859467
0.05655845254659653,-0.031059235334396362,-0.0029697269201278687,0.0939691960811615
0.0567106194794178,-0.029755663126707077,-0.002890925854444504,0.09261195361614227
0.056781068444252014,-0.029571346938610077,-0.0027446337044239044,0.09214179962873459
0.05700678005814552,-0.028732795268297195,-0.002924390137195587,0.09067384153604507
0.057158101350069046,-0.028632495552301407,-0.00276004895567894,0.0900983065366745
0.05755319073796272,-0.02804332971572876,-0.003496997058391571,0.08926063776016235
0.05720735341310501,-0.028540514409542084,-0.0033512748777866364,0.08825835585594177
0.057021841406822205,-0.028561171144247055,-0.0031881704926490784,0.0879293829202652
0.0568779893219471,-0.02797434851527214,-0.00387641042470932,0.08655271679162979
0.05687103793025017,-0.02777797356247902,-0.004105675965547562,0.08600864559412003
0.056694794446229935,-0.02725927159190178,-0.0036921165883541107,0.08649318665266037
0.05660049617290497,-0.02697259932756424,-0.003342006355524063,0.08675982058048248
0.0565280057489872,-0.02644965797662735,-0.0034507140517234802,0.08674877136945724
0.05648770555853844,-0.02628733590245247,-0.0033730752766132355,0.08670119941234589
0.0567227266728878,-0.025725867599248886,-0.003560371696949005,0.08585602045059204
0.05671234428882599,-0.025615144520998,-0.003440987318754196,0.08560321480035782
0.05694028362631798,-0.02548077702522278,-0.0032353661954402924,0.08535217493772507
0.05699442699551582,-0.025633759796619415,-0.0032624006271362305,0.08533576130867004
0.05734056979417801,-0.025952991098165512,-0.003157954663038254,0.08507468551397324
0.05742355436086655,-0.02619193121790886,-0.0031278878450393677,0.0850294977426529
0.05793102830648422,-0.025761675089597702,-0.0038636699318885803,0.08405282348394394
0.05807846039533615,-0.02574159950017929,-0.0039107948541641235,0.08365771919488907
0.05858369544148445,-0.02552470564842224,-0.0035630539059638977,0.08158840239048004
0.05878063291311264,-0.02578097954392433,-0.003375791013240814,0.08095521479845047
0.0591023750603199,-0.026352252811193466,-0.0037345141172409058,0.07985570281744003
0.05974288284778595,-0.025699909776449203,-0.0036456547677516937,0.07785893976688385
0.059952735900878906,-0.025852300226688385,-0.0034491047263145447,0.07740989327430725
0.05995575338602066,-0.025955624878406525,-0.0031584501266479492,0.07590113580226898
0.05989081785082817,-0.02596559002995491,-0.0028418228030204773,0.07530146092176437
0.059871867299079895,-0.025639265775680542,-0.003641698509454727,0.07369868457317352
0.0598531998693943,-0.025407783687114716,-0.0036185309290885925,0.0730435773730278
0.06025727093219757,-0.024637244641780853,-0.0036777444183826447,0.07168910652399063
0.06023651361465454,-0.024258136749267578,-0.003432661294937134,0.07099419832229614
0.060787491500377655,-0.023993752896785736,-0.004530508071184158,0.0698661208152771
0.06090812012553215,-0.023762818425893784,-0.004749473184347153,0.06934777647256851
0.06147322058677673,-0.02366350218653679,-0.005779840052127838,0.06795798242092133
0.06166201829910278,-0.02366100624203682,-0.0061364322900772095,0.06741846352815628
0.06168517470359802,-0.024145863950252533,-0.006754647940397263,0.0663636326789856
0.06168751418590546,-0.02423499897122383,-0.006919708102941513,0.06586942076683044
0.06177753210067749,-0.023992039263248444,-0.007255401462316513,0.06449653953313828
0.06185910850763321,-0.023978643119335175,-0.007325798273086548,0.06404972076416016
0.06227722018957138,-0.02264273911714554,-0.0065096355974674225,0.06272051483392715
0.06239297240972519,-0.02243844047188759,-0.006231866776943207,0.06228667497634888
0.063123419880867,-0.02141517400741577,-0.005559302866458893,0.05988101661205292
0.06326822191476822,-0.021128855645656586,-0.005319781601428986,0.0589132234454155
0.0633782148361206,-0.020411498844623566,-0.005323495715856552,0.05772637575864792
0.06344271451234818,-0.020189441740512848,-0.0052992962300777435,0.057392485439777374
0.0636032447218895,-0.019596628844738007,-0.005320660769939423,0.055684544146060944
0.0636664405465126,-0.019335463643074036,-0.005326420068740845,0.05515683442354202
0.06376712024211884,-0.019409693777561188,-0.005446713417768478,0.054818399250507355
0.06380284577608109,-0.019381649792194366,-0.00549716129899025,0.05475576967000961
0.06356097012758255,-0.019762568175792694,-0.0057661272585392,0.05548185855150223
0.06352940946817398,-0.019830867648124695,-0.0058083124458789825,0.055842794477939606
0.06312504410743713,-0.019979804754257202,-0.005900368094444275,0.056178897619247437
0.06295016407966614,-0.01984144002199173,-0.005937308073043823,0.056302234530448914
0.06285158544778824,-0.019611909985542297,-0.005530189722776413,0.055937960743904114
0.06270240992307663,-0.019412554800510406,-0.005348376929759979,0.055764131247997284
0.06283566355705261,-0.01930488646030426,-0.0058813393115997314,0.055505357682704926
0.06285321712493896,-0.019270069897174835,-0.00603509321808815,0.05532754212617874
0.06339488923549652,-0.018992885947227478,-0.006889790296554565,0.05379535257816315
0.06414398550987244,-0.018651433289051056,-0.007091790437698364,0.05297181010246277
0.06431372463703156,-0.018537446856498718,-0.006975427269935608,0.052757926285266876
0.06434033811092377,-0.01851598173379898,-0.006957501173019409,0.052728429436683655
0.0647217407822609,-0.017684288322925568,-0.006588727235794067,0.05286390334367752
0.06473691016435623,-0.01735609769821167,-0.006469562649726868,0.05277068912982941
0.06479061394929886,-0.016866981983184814,-0.005553301423788071,0.053656019270420074
0.06466954201459885,-0.016691915690898895,-0.005250692367553711,0.05398222804069519
0.06498704850673676,-0.01692301779985428,-0.005269128829240799,0.053203873336315155
0.06506189703941345,-0.01713424175977707,-0.0052691176533699036,0.05291272699832916
0.0656488686800003,-0.017089158296585083,-0.005969669669866562,0.05163269490003586
0.06620078533887863,-0.017371252179145813,-0.006747163832187653,0.050355419516563416
0.06640547513961792,-0.01751503348350525,-0.006881773471832275,0.05003345012664795
0.06648245453834534,-0.016747698187828064,-0.006168372929096222,0.0490737110376358
0.06649699807167053,-0.01663384586572647,-0.005956992506980896,0.048824526369571686
0.06617457419633865,-0.016266226768493652,-0.005885355174541473,0.048136018216609955
0.06607094407081604,-0.016102589666843414,-0.005893755704164505,0.047851547598838806
0.06569972634315491,-0.016433969140052795,-0.00577380508184433,0.04830584675073624
0.06554105132818222,-0.016374967992305756,-0.0056566111743450165,0.04840651899576187
0.06560186296701431,-0.01632138341665268,-0.005662776529788971,0.04805980622768402
0.06556518375873566,-0.01610356569290161,-0.005691602826118469,0.047796472907066345
0.06576984375715256,-0.015565931797027588,-0.006657768040895462,0.04746744781732559
0.06581608951091766,-0.015190444886684418,-0.007006365805864334,0.04712417721748352
0.06633790582418442,-0.014934860169887543,-0.006940517574548721,0.046282559633255005
0.06646212935447693,-0.014974676072597504,-0.0069434382021427155,0.045971013605594635
0.06662404537200928,-0.014493308961391449,-0.006711870431900024,0.04505032300949097
0.0671779066324234,-0.013818353414535522,-0.006782807409763336,0.042782045900821686
0.06736035645008087,-0.01380138099193573,-0.0068483129143714905,0.04200432449579239
0.06800056993961334,-0.013140030205249786,-0.006109070032835007,0.041232265532016754
0.06814628094434738,-0.012987032532691956,-0.00582069531083107,0.04109198600053787
0.06843331456184387,-0.012398608028888702,-0.005762849003076553,0.04078371077775955
0.06851993501186371,-0.012176230549812317,-0.0056341588497161865,0.04063481092453003
0.06858307123184204,-0.012030765414237976,-0.005955949425697327,0.039553202688694
0.06867825984954834,-0.01198720932006836,-0.006042156368494034,0.03916937857866287
0.06879626214504242,-0.011714309453964233,-0.006037101149559021,0.03832806646823883
0.06885740906000137,-0.011617906391620636,-0.005966015160083771,0.03800532966852188
0.06897412240505219,-0.01191343367099762,-0.005592469125986099,0.03806684911251068
0.06899557262659073,-0.012152820825576782,-0.005428679287433624,0.038161300122737885
0.06924808025360107,-0.0122499018907547,-0.005203951150178909,0.03765463829040527
0.06930242478847504,-0.01231345534324646,-0.0051476918160915375,0.03743483126163483
0.06967564672231674,-0.01173747330904007,-0.005085956305265427,0.03676225244998932
0.0697377473115921,-0.011390045285224915,-0.005039248615503311,0.03641720116138458
0.07002229988574982,-0.010631009936332703,-0.004986204206943512,0.03628503531217575
0.06999646127223969,-0.01014527678489685,-0.004948083311319351,0.036033958196640015
0.07004598528146744,-0.009903080761432648,-0.004974260926246643,0.03556647151708603
0.07006105780601501,-0.009716667234897614,-0.004997428506612778,0.03543468564748764
0.07039842009544373,-0.009124308824539185,-0.00496046245098114,0.03393993526697159
0.0705268383026123,-0.009050451219081879,-0.00498339906334877,0.033374011516571045
0.07078387588262558,-0.00863076001405716,-0.004825964570045471,0.03288789093494415
0.0708744153380394,-0.008640512824058533,-0.004748709499835968,0.03273928165435791
0.07136407494544983,-0.00804058462381363,-0.005395907908678055,0.031736090779304504
0.0715222880244255,-0.007913284003734589,-0.005605097860097885,0.031197696924209595
0.07186159491539001,-0.00775521993637085,-0.0057142674922943115,0.030248641967773438
0.07195287942886353,-0.00777861475944519,-0.005722444504499435,0.029837429523468018
0.07220036536455154,-0.007553800940513611,-0.005579493939876556,0.028704479336738586
0.07227261364459991,-0.007367365062236786,-0.005485154688358307,0.028219863772392273
0.07224461436271667,-0.0072002112865448,-0.004925791174173355,0.028594598174095154
0.07215286791324615,-0.006875433027744293,-0.004694327712059021,0.028721019625663757
0.0721726268529892,-0.0067287832498550415,-0.003968469798564911,0.02902938425540924
0.07159309834241867,-0.006918661296367645,-0.0031489357352256775,0.03019632399082184
0.0714012086391449,-0.006901398301124573,-0.0029077939689159393,0.030699029564857483
0.07148034870624542,-0.006828278303146362,-0.0030097998678684235,0.030920669436454773
0.07151609659194946,-0.006761208176612854,-0.0030374303460121155,0.031008616089820862
0.07150161266326904,-0.006650947034358978,-0.003101259469985962,0.030576422810554504
0.0715075433254242,-0.006639905273914337,-0.0030834972858428955,0.030346080660820007
0.07152896374464035,-0.006795674562454224,-0.0038221031427383423,0.03051769733428955
0.07156351208686829,-0.006897777318954468,-0.004091139882802963,0.030503034591674805
0.07154764235019684,-0.006869755685329437,-0.004472706466913223,0.030550718307495117
0.07155114412307739,-0.006883852183818817,-0.004672471433877945,0.030538111925125122
0.071642205119133,-0.006741836667060852,-0.004981528967618942,0.03019741177558899
0.0716681256890297,-0.006715252995491028,-0.005091097205877304,0.030002892017364502
0.07203859090805054,-0.005887918174266815,-0.005276992917060852,0.02921047806739807
0.07229650765657425,-0.005707181990146637,-0.005604207515716553,0.02835686504840851
0.07235269248485565,-0.005591832101345062,-0.005702361464500427,0.02807237207889557
0.07236096262931824,-0.005576223134994507,-0.005712214857339859,0.028032511472702026
0.0726228803396225,-0.005410507321357727,-0.005490954965353012,0.02797175943851471
0.07283134758472443,-0.005043156445026398,-0.004704296588897705,0.028197795152664185
0.07280173152685165,-0.004920296370983124,-0.004482537508010864,0.02835211157798767
0.07303386181592941,-0.0051025450229644775,-0.003779791295528412,0.029193401336669922
0.07297174632549286,-0.004905149340629578,-0.003490827977657318,0.029556110501289368
0.07322286814451218,-0.005603507161140442,-0.00352337583899498,0.029526084661483765
0.07330278307199478,-0.005790494382381439,-0.003503262996673584,0.02948908507823944
0.07337930798530579,-0.005952790379524231,-0.0037157610058784485,0.028691813349723816
0.07346311956644058,-0.006179533898830414,-0.003824688494205475,0.028463155031204224
0.07371161133050919,-0.0058889240026474,-0.004255332052707672,0.028212428092956543
0.07375972718000412,-0.005634769797325134,-0.004450690001249313,0.027948901057243347
0.07397425174713135,-0.0054259151220321655,-0.0045790895819664,0.028081834316253662
0.07400041073560715,-0.005256034433841705,-0.00461558997631073,0.028037458658218384
0.07392910867929459,-0.004977084696292877,-0.004349030554294586,0.027912259101867676
0.07390005886554718,-0.004881545901298523,-0.004232432693243027,0.027906328439712524
0.0739486962556839,-0.004842579364776611,-0.003958702087402344,0.02773858606815338
0.07394160330295563,-0.00481831282377243,-0.0038207359611988068,0.02772068977355957
0.07401788979768753,-0.004805304110050201,-0.003905903548002243,0.027477741241455078
0.07411613315343857,-0.0047931969165802,-0.0038779452443122864,0.027393147349357605
0.07412189990282059,-0.0047960951924324036,-0.0038730688393115997,0.027339041233062744
0.07404107600450516,-0.004813775420188904,-0.0037245824933052063,0.027269035577774048
0.0740128755569458,-0.004769153892993927,-0.003673359751701355,0.02725684642791748
0.07393031567335129,-0.00467730313539505,-0.0034460239112377167,0.027205273509025574
0.07392113655805588,-0.00470394641160965,-0.003339134156703949,0.027243614196777344
0.07383304834365845,-0.004652798175811768,-0.0030139461159706116,0.02731001377105713
0.07379932701587677,-0.004601240158081055,-0.0029386579990386963,0.027429252862930298
0.0738774910569191,-0.004372619092464447,-0.0024646110832691193,0.026997089385986328
0.07390286773443222,-0.0043707117438316345,-0.0022916942834854126,0.026944607496261597
0.07391773909330368,-0.0041573867201805115,-0.0014045387506484985,0.026633962988853455
0.07388759404420853,-0.004103481769561768,-0.0010463595390319824,0.02667275071144104
0.0739031508564949,-0.004108108580112457,-7.660314440727234e-05,0.02727586030960083
0.07380300760269165,-0.003874771296977997,0.00035839155316352844,0.02757248282432556
0.07359754294157028,-0.004167936742305756,-0.00014254078269004822,0.02705247700214386
0.0735875815153122,-0.0041444674134254456,-0.00022245943546295166,0.026725932955741882
0.07364915311336517,-0.0038857683539390564,-0.0006163343787193298,0.025723516941070557
0.073764868080616,-0.003999799489974976,-0.0008075274527072906,0.025447562336921692
0.07397991418838501,-0.003672756254673004,-0.0012064352631568909,0.02465812861919403
0.07406720519065857,-0.003518834710121155,-0.0013311505317687988,0.024334371089935303
0.07430282980203629,-0.003076218068599701,-0.0017175935208797455,0.024017110466957092
0.07434510439634323,-0.002795100212097168,-0.0018535330891609192,0.023723766207695007
0.07467875629663467,-0.0027310624718666077,-0.0020443759858608246,0.02343246340751648
0.07473384588956833,-0.002627529203891754,-0.0021003596484661102,0.023128584027290344
0.07507562637329102,-0.0026830434799194336,-0.0018214397132396698,0.023248806595802307
0.07508783042430878,-0.00251731276512146,-0.0016586333513259888,0.02324506640434265
0.07505623251199722,-0.002750784158706665,-0.00175568088889122,0.023687198758125305
0.0750320702791214,-0.0027318671345710754,-0.001761075109243393,0.023778945207595825
0.0749407410621643,-0.0026129484176635742,-0.0024438463151454926,0.02425062656402588
0.07493305206298828,-0.00261080265045166,-0.002678021788597107,0.02428625524044037
0.07493452727794647,-0.0026262328028678894,-0.0031178295612335205,0.02427785098552704
0.07494060695171356,-0.0025566890835762024,-0.0032624155282974243,0.024156615138053894
0.07499869912862778,-0.0026067346334457397,-0.0032764561474323273,0.02467462420463562
0.07502411305904388,-0.002672627568244934,-0.003245539963245392,0.024840563535690308
0.07504920661449432,-0.002739042043685913,-0.0029737353324890137,0.026210620999336243
0.07504767179489136,-0.002855941653251648,-0.0028831660747528076,0.026734203100204468
0.07526721060276031,-0.0027505680918693542,-0.002729695290327072,0.026649489998817444
0.07531599700450897,-0.0027104616165161133,-0.0026811324059963226,0.026605680584907532
0.07515765726566315,-0.002576179802417755,-0.0026874616742134094,0.02593708038330078
0.07512524724006653,-0.002569854259490967,-0.0026964806020259857,0.02565722167491913
0.07483863085508347,-0.002450406551361084,-0.0026083476841449738,0.02596081793308258
0.07474597543478012,-0.0023068711161613464,-0.0025900453329086304,0.02606751024723053
0.07440174371004105,-0.0023036450147628784,-0.0023061297833919525,0.025536194443702698
0.07411327958106995,-0.0017520785331726074,-0.0014912225306034088,0.02501837909221649
0.07394308596849442,-0.001356266438961029,-0.0012399554252624512,0.024957895278930664
0.07427787035703659,-0.0010509714484214783,-0.0014437027275562286,0.024412736296653748
0.07434062659740448,-0.0005133822560310364,-0.0014667697250843048,0.024048328399658203
0.07445579022169113,-0.00048623979091644287,-0.0011632926762104034,0.024144768714904785
0.07444260269403458,-0.0004108920693397522,-0.0010517500340938568,0.024235382676124573
0.07462306320667267,-0.00033327192068099976,-0.0008840896189212799,0.02424977719783783
0.07465149462223053,-0.00030791759490966797,-0.0008200332522392273,0.024252191185951233
0.07471205294132233,-0.0004966780543327332,-0.0010325796902179718,0.024335399270057678
0.07474335283041,-0.0006504654884338379,-0.001131359487771988,0.024324998259544373
0.07483512163162231,-0.0004834309220314026,-0.0016294978559017181,0.023979589343070984
0.07491043955087662,-0.000482313334941864,-0.0018182024359703064,0.02378055453300476
0.07479789853096008,-0.00034184008836746216,-0.00145687535405159,0.023722678422927856
0.07475022226572037,-0.00022570788860321045,-0.001294989138841629,0.023816242814064026
0.07498642057180405,-7.48857855796814e-05,-0.0013034865260124207,0.024071410298347473
0.07504891604185104,9.690970182418823e-05,-0.001291520893573761,0.02407008409500122
0.07518646121025085,0.00028308480978012085,-0.0011044777929782867,0.023804113268852234
0.07521242648363113,0.00031261146068573,-0.0010407976806163788,0.023683682084083557
0.07506796717643738,0.0002431422472000122,-0.0009542852640151978,0.023501276969909668
0.074993796646595,0.0002458617091178894,-0.0009287446737289429,0.02343478798866272
0.07513115555047989,0.00022148340940475464,-0.0008383244276046753,0.0231306254863739
0.0750846341252327,-0.00012924522161483765,-0.0010904446244239807,0.02425156533718109
0.07505198568105698,-0.0002245977520942688,-0.0011368989944458008,0.024587810039520264
0.07504580169916153,-0.00022786855697631836,-0.0011406242847442627,0.02462676167488098
0.07507996261119843,-0.0003100484609603882,-0.0012392215430736542,0.024672195315361023
0.07509462535381317,-0.00034373998641967773,-0.0012626014649868011,0.024667754769325256
0.07505053281784058,-0.00021085888147354126,-0.0010388344526290894,0.024693891406059265
0.07504753768444061,9.98377799987793e-06,-0.001040346920490265,0.024747878313064575
0.07504048198461533,0.00015072524547576904,-0.0010888874530792236,0.02468392252922058
0.07503816485404968,0.00017305463552474976,-0.0010959692299365997,0.02466772496700287
0.07511774450540543,0.00013694167137145996,-0.0011889152228832245,0.024583980441093445
0.07514216005802155,8.810311555862427e-05,-0.0012452267110347748,0.02449794113636017
0.07536811381578445,-0.0002659261226654053,-0.0011992380023002625,0.024273812770843506
0.07545864582061768,-0.0005036816000938416,-0.0011721029877662659,0.024205029010772705
0.07547660171985626,-0.0006644874811172485,-0.0013423599302768707,0.024300962686538696
0.07553417235612869,-0.0004475414752960205,-0.0016939789056777954,0.02472512423992157
0.07555846124887466,-0.00028052181005477905,-0.0018262118101119995,0.02489204704761505
0.07572860270738602,0.0005324259400367737,-0.0017527341842651367,0.025273919105529785
0.07572535425424576,0.0009164288640022278,-0.001768503338098526,0.025443285703659058
0.07577474415302277,0.0016933605074882507,-0.001096148043870926,0.025126293301582336
0.07567882537841797,0.0021554604172706604,-0.0008654743432998657,0.025063812732696533
0.07590319216251373,0.001643836498260498,-0.0023431815207004547,0.0251653790473938
0.07598424702882767,0.0016256868839263916,-0.00284697487950325,0.024805977940559387
0.07622551172971725,0.001407913863658905,-0.002366047352552414,0.026274830102920532
0.07619713246822357,0.001399211585521698,-0.0021423958241939545,0.026810303330421448
0.07623838633298874,0.0017844438552856445,-0.0023819617927074432,0.025642618536949158
0.0761556550860405,0.0028373897075653076,-0.002842668443918228,0.024634361267089844
0.07612624764442444,0.003310456871986389,-0.0029992014169692993,0.02427937090396881
0.0760510265827179,0.002914741635322571,-0.003424961119890213,0.024466395378112793
0.0761280357837677,0.0024300366640090942,-0.0036588534712791443,0.024472013115882874
0.07633080333471298,0.0029457062482833862,-0.0032752864062786102,0.023784637451171875
0.07635845988988876,0.003227829933166504,-0.003152165561914444,0.023603513836860657
0.07637134939432144,0.003786936402320862,-0.0020923689007759094,0.02298438549041748
0.07635362446308136,0.003987692296504974,-0.0016580000519752502,0.022950276732444763
0.07613210380077362,0.003855369985103607,-0.0017334334552288055,0.022904887795448303
0.07611045241355896,0.004087753593921661,-0.0018823593854904175,0.02280247211456299
0.07613667100667953,0.004153631627559662,-0.0018981322646141052,0.022695302963256836
0.07614335417747498,0.0041690245270729065,-0.0018998906016349792,0.02267862856388092
0.07612709701061249,0.004174955189228058,-0.0018390826880931854,0.022672787308692932
0.07611172646284103,0.004215240478515625,-0.001822974532842636,0.022685006260871887
0.07611178606748581,0.004214674234390259,-0.001825176179409027,0.02268613874912262
0.0761025920510292,0.0042288899421691895,-0.0017853565514087677,0.02265407145023346
0.07610052824020386,0.004223734140396118,-0.0017756186425685883,0.022654220461845398
0.07610023021697998,0.00422242283821106,-0.0017747357487678528,0.02265489101409912
0.07608632743358612,0.0041477009654045105,-0.0017872899770736694,0.022700592875480652
0.07607566565275192,0.004130281507968903,-0.0017979294061660767,0.02272816002368927
0.07607084512710571,0.004130430519580841,-0.0017822310328483582,0.022744715213775635
0.07606881111860275,0.004135727882385254,-0.0017749741673469543,0.022753208875656128
0.07605429738759995,0.0041276514530181885,-0.0017287768423557281,0.02280399203300476
0.07604353874921799,0.004143372178077698,-0.001710686832666397,0.022832810878753662
0.07604052871465683,0.004147365689277649,-0.0017114467918872833,0.022836029529571533
0.076040118932724,0.00414874404668808,-0.0017121024429798126,0.022835463285446167
0.07604005187749863,0.004149183630943298,-0.0017121583223342896,0.022835344076156616
0.07604004442691803,0.00414932519197464,-0.0017121583223342896,0.022835329174995422
0.07604003697633743,0.0041493698954582214,-0.0017121583223342896,0.022835329174995422
0.07604003697633743,0.004149384796619415,-0.0017121583223342896,0.022835329174995422
0.07604003697633743,0.004149384796619415,-0.0017121583223342896,0.022835329174995422
0.07604049891233444,0.004149153828620911,-0.0017142407596111298,0.02283450961112976
0.07604081928730011,0.0041489675641059875,-0.0017150640487670898,0.022833868861198425
0.07604090124368668,0.004148915410041809,-0.0017151422798633575,0.02283376455307007
0.07604090869426727,0.004148900508880615,-0.0017151422798633575,0.022833749651908875
0.07604221999645233,0.0041488707065582275,-0.0017174258828163147,0.022828981280326843
0.07604225724935532,0.004182741045951843,-0.0017115212976932526,0.022841036319732666
0.07603829354047775,0.004208646714687347,-0.0017048679292201996,0.02284500002861023
0.07602807879447937,0.00420331209897995,-0.001673724502325058,0.022887438535690308
0.07602187246084213,0.004211358726024628,-0.0016604028642177582,0.022913306951522827
0.07597202807664871,0.004114255309104919,-0.0015035979449748993,0.02283509075641632
0.07596480846405029,0.004046164453029633,-0.0014584138989448547,0.02283214032649994
0.07595987617969513,0.004155270755290985,-0.0014964714646339417,0.02279822528362274
0.07596448808908463,0.004182681441307068,-0.0015153400599956512,0.022796764969825745
0.07596118748188019,0.004169538617134094,-0.0016581490635871887,0.022955194115638733
0.07595981657505035,0.004143260419368744,-0.0017129331827163696,0.022982925176620483
0.07592853903770447,0.003985993564128876,-0.0017310678958892822,0.023070529103279114
0.07592237740755081,0.0038841813802719116,-0.001740865409374237,0.0230867862701416
0.07604280859231949,0.004021085798740387,-0.0018233805894851685,0.02294960618019104
0.07607975602149963,0.004128657281398773,-0.0018249526619911194,0.022907644510269165
0.07609379291534424,0.003768123686313629,-0.0017406940460205078,0.02345864474773407
0.07608237117528915,0.003614477813243866,-0.0017179958522319794,0.02371200919151306
0.07609487324953079,0.0035397782921791077,-0.0014256387948989868,0.023678481578826904
0.07609601318836212,0.003544911742210388,-0.0013030171394348145,0.023746296763420105
0.076246477663517,0.0034930408000946045,-0.0009826458990573883,0.02397903800010681
0.07625541090965271,0.0035512223839759827,-0.001085679978132248,0.023829981684684753
0.07627727091312408,0.003499537706375122,-0.0011705681681632996,0.02371259033679962
0.07649592310190201,0.0033956021070480347,-0.001310553401708603,0.023798450827598572
0.07655161619186401,0.003383263945579529,-0.0013512708246707916,0.023754000663757324
0.07673665881156921,0.0032920539379119873,-0.0012617260217666626,0.02398836612701416
0.07674092054367065,0.003265954554080963,-0.0011848211288452148,0.024028003215789795
0.0767378881573677,0.0032439082860946655,-0.0011755116283893585,0.024027258157730103
0.07682302594184875,0.003177173435688019,-0.0016963556408882141,0.024273961782455444
0.07686113566160202,0.003157205879688263,-0.0018216855823993683,0.024268552660942078
0.07678011059761047,0.0030329450964927673,-0.0018502622842788696,0.024303361773490906
0.07676969468593597,0.002915389835834503,-0.0019054077565670013,0.024311378598213196
0.0768980085849762,0.0027650222182273865,-0.001871887594461441,0.02464720606803894
0.07692664116621017,0.002659335732460022,-0.0018418431282043457,0.024771109223365784
0.07684570550918579,0.002852432429790497,-0.0022218450903892517,0.024365216493606567
0.07688206434249878,0.003004118800163269,-0.0024258755147457123,0.02417030930519104
0.07691071182489395,0.002962850034236908,-0.002272598445415497,0.024263277649879456
0.07689984887838364,0.0029049813747406006,-0.002182379364967346,0.024313658475875854
0.07699084281921387,0.0027206316590309143,-0.00214998796582222,0.024169176816940308
0.07705056667327881,0.0026793107390403748,-0.0015875771641731262,0.02353261411190033
0.07703959941864014,0.002798698842525482,-0.0014502070844173431,0.023381710052490234
0.07710994780063629,0.002888500690460205,-0.001239638775587082,0.022842228412628174
0.07713761925697327,0.0029618218541145325,-0.0012082532048225403,0.022679299116134644
0.07713247090578079,0.003245629370212555,-0.0008399412035942078,0.02275051176548004
0.07712995260953903,0.0033507123589515686,-0.0006877444684505463,0.022826850414276123
0.07708360254764557,0.003293566405773163,-0.000840265303850174,0.023018941283226013
0.07705798745155334,0.0033168718218803406,-0.0008873492479324341,0.02304995059967041
0.07703173905611038,0.0032596439123153687,-0.0009759590029716492,0.023103788495063782
0.07700973004102707,0.0032892078161239624,-0.0010045655071735382,0.02310340106487274
0.07700483500957489,0.003296896815299988,-0.0010073259472846985,0.023101091384887695
0.07700397819280624,0.003298439085483551,-0.0010075122117996216,0.023100346326828003
0.07700632512569427,0.003309600055217743,-0.0009939000010490417,0.023079216480255127
0.07700939476490021,0.0033076703548431396,-0.0009912438690662384,0.02307473123073578
0.07702072709798813,0.00334089994430542,-0.0009493604302406311,0.02305924892425537
0.07703101634979248,0.0033268630504608154,-0.0009330995380878448,0.02306339144706726
0.07703328132629395,0.0033233240246772766,-0.000931374728679657,0.02306506037712097
0.0770450010895729,0.003351271152496338,-0.0008837319910526276,0.023024439811706543
0.07705556601285934,0.003337368369102478,-0.00087013840675354,0.023019939661026
0.07707750797271729,0.003335297107696533,-0.0008820705115795135,0.02315574884414673
0.07707923650741577,0.0033444464206695557,-0.0008773095905780792,0.023193225264549255
0.077006496489048,0.0034113898873329163,-0.0010151006281375885,0.023304328322410583
0.0770043432712555,0.0033857151865959167,-0.0010887645184993744,0.023358792066574097
0.0769372284412384,0.003377102315425873,-0.0007378235459327698,0.022749602794647217
0.07693250477313995,0.0033323541283607483,-0.0006174631416797638,0.022633478045463562
0.07709131389856339,0.004174910485744476,-0.000550832599401474,0.022273719310760498
0.07706518471240997,0.004786469042301178,-0.0004830658435821533,0.02206645905971527
0.0773640051484108,0.005280844867229462,-0.0006711520254611969,0.022861793637275696
0.0775197297334671,0.005581967532634735,-0.0004295557737350464,0.022283032536506653
0.07764670997858047,0.005491830408573151,-0.0004779733717441559,0.02207191288471222
0.07792200893163681,0.005696617066860199,-0.000778738409280777,0.02138485014438629
0.07788091152906418,0.006337299942970276,-0.0008768849074840546,0.02094636857509613
0.07778985053300858,0.00619351863861084,-0.001312263309955597,0.020835503935813904
0.07773758471012115,0.006272763013839722,-0.0014964230358600616,0.020734593272209167
0.07773147523403168,0.006294533610343933,-0.0015019886195659637,0.020708724856376648
0.07773379236459732,0.0062873512506484985,-0.0014996230602264404,0.020706400275230408
0.07774359732866287,0.006329722702503204,-0.001405477523803711,0.02068580687046051
0.0777488499879837,0.006327956914901733,-0.0013675913214683533,0.02069498598575592
0.07775388658046722,0.006337858736515045,-0.001341991126537323,0.02068956196308136
0.0777568593621254,0.006334319710731506,-0.0013333074748516083,0.020690858364105225
0.07774567604064941,0.006299130618572235,-0.0014028996229171753,0.020716622471809387
0.07773126661777496,0.006285823881626129,-0.0014683157205581665,0.020725145936012268
0.07772357016801834,0.0062962546944618225,-0.0014847107231616974,0.02072151005268097
0.07773087918758392,0.006318636238574982,-0.0014432035386562347,0.02070195972919464
0.07773633301258087,0.006311088800430298,-0.0014262571930885315,0.02070276439189911
0.07773447781801224,0.006312467157840729,-0.0014258548617362976,0.02071094512939453
0.07773400098085403,0.006314903497695923,-0.0014271177351474762,0.020712941884994507
0.07774732261896133,0.006340250372886658,-0.001438383013010025,0.020588070154190063
0.0777631402015686,0.00631348043680191,-0.0014446526765823364,0.020542636513710022
0.07777436822652817,0.006313607096672058,-0.001470223069190979,0.02045080065727234
0.07778450846672058,0.0062941014766693115,-0.00148092582821846,0.02041640877723694
0.07777193188667297,0.006209611892700195,-0.0015498250722885132,0.020518675446510315
0.07775464653968811,0.006206780672073364,-0.0015802457928657532,0.020543605089187622
0.0777508020401001,0.006207063794136047,-0.001583550125360489,0.020544514060020447
0.0777544304728508,0.006219558417797089,-0.001486949622631073,0.02054448425769806
0.07775305211544037,0.006198093295097351,-0.0014930814504623413,0.020464301109313965
0.07775676995515823,0.00618860125541687,-0.0015019960701465607,0.020426452159881592
0.07778085768222809,0.006262004375457764,-0.0011793896555900574,0.020493343472480774
0.07778079062700272,0.00623774528503418,-0.0010571964085102081,0.020569607615470886
0.07779137045145035,0.006194673478603363,-0.0010589808225631714,0.020551666617393494
0.07778944075107574,0.006159849464893341,-0.00105971097946167,0.020536497235298157
0.07774342596530914,0.006089635193347931,-0.0011664554476737976,0.020802468061447144
0.07774882018566132,0.006210051476955414,-0.0012545324862003326,0.020748481154441833
0.07776498794555664,0.00622597336769104,-0.00127498060464859,0.020710766315460205
0.07778210937976837,0.006206527352333069,-0.0013273842632770538,0.020687401294708252
0.07779084146022797,0.006198860704898834,-0.0013487190008163452,0.02067074179649353
0.07783418893814087,0.006066568195819855,-0.001313377171754837,0.020496949553489685
0.07785101234912872,0.005959950387477875,-0.001310683786869049,0.020426839590072632
0.07790277898311615,0.006276994943618774,-0.0013745352625846863,0.020615875720977783
0.07792721688747406,0.006442956626415253,-0.0014038756489753723,0.020699307322502136
0.07791567593812943,0.006399907171726227,-0.0013660602271556854,0.0206630676984787
0.07779454439878464,0.006100982427597046,-0.0009694062173366547,0.021160468459129333
0.07771701365709305,0.005896933376789093,-0.0008632577955722809,0.0214223712682724
0.07766883075237274,0.005913183093070984,-0.0008250623941421509,0.02143433690071106
0.0776853859424591,0.005776800215244293,-0.0008563026785850525,0.021481305360794067
0.07770738005638123,0.005680367350578308,-0.0007301904261112213,0.02148054540157318
0.0777038037776947,0.005635388195514679,-0.0006841942667961121,0.021504536271095276
0.07785872370004654,0.005803823471069336,-0.0011414587497711182,0.020949020981788635
0.07792583107948303,0.00609956681728363,-0.0012289956212043762,0.02060529589653015
0.07796644419431686,0.006039172410964966,-0.001191403716802597,0.020556673407554626
0.0779750794172287,0.005983397364616394,-0.0011743083596229553,0.020556479692459106
0.07796120643615723,0.006144680082798004,-0.0011223778128623962,0.019999802112579346
0.07799801975488663,0.006079033017158508,-0.0011122487485408783,0.019794106483459473
0.07793796062469482,0.005945190787315369,-0.0015085116028785706,0.020146608352661133
0.0779263824224472,0.005952462553977966,-0.0016649477183818817,0.020213767886161804
0.07785671949386597,0.00598558783531189,-0.0016640424728393555,0.020711392164230347
0.07780836522579193,0.006133586168289185,-0.001638941466808319,0.020899668335914612
0.07785266637802124,0.006262548267841339,-0.0018576420843601227,0.02075617015361786
0.07790516316890717,0.006221681833267212,-0.0019590482115745544,0.020639732480049133
0.07793901115655899,0.00617644190788269,-0.0018164180219173431,0.02056802809238434
0.07794816046953201,0.00612177699804306,-0.0017662905156612396,0.02058561146259308
0.07787848263978958,0.006223894655704498,-0.0013165511190891266,0.020320340991020203
0.07784581184387207,0.0062596797943115234,-0.0011293329298496246,0.020320922136306763
0.07782018184661865,0.006233662366867065,-0.001099463552236557,0.020389214158058167
0.07781799882650375,0.006213419139385223,-0.0010989904403686523,0.020424097776412964
0.07778599113225937,0.006094634532928467,-0.0011615380644798279,0.02066326141357422
0.07771722227334976,0.005956195294857025,-0.0011590756475925446,0.02076689898967743
0.07769473642110825,0.0059282779693603516,-0.0011879391968250275,0.020829513669013977
0.07757240533828735,0.005712345242500305,-0.0012542828917503357,0.02080288529396057
0.07755380123853683,0.0055604130029678345,-0.001305021345615387,0.020773261785507202
0.07751147449016571,0.005179986357688904,-0.0011180900037288666,0.02066311240196228
0.07753455638885498,0.00486542284488678,-0.0010537058115005493,0.02073286473751068
0.07754278928041458,0.004822097718715668,-0.0010465793311595917,0.020750224590301514
0.07754433900117874,0.004711143672466278,-0.001140352338552475,0.020938441157341003
0.07754682004451752,0.0046256184577941895,-0.0011905431747436523,0.020999625325202942
0.07752147316932678,0.0041587576270103455,-0.0014780573546886444,0.021468311548233032
0.07754351198673248,0.0038348734378814697,-0.001592889428138733,0.021590828895568848
0.07744751870632172,0.0033566802740097046,-0.0014380887150764465,0.022129833698272705
0.07739836722612381,0.003131955862045288,-0.001366984099149704,0.022322475910186768
0.07718919217586517,0.00311453640460968,-0.001179974526166916,0.02290816605091095
0.07701051980257034,0.0032306015491485596,-0.0010992176830768585,0.02318572998046875
0.07697290927171707,0.003261975944042206,-0.001104608178138733,0.023235172033309937
0.07696684449911118,0.003276646137237549,-0.001105334609746933,0.023238956928253174
0.07696585357189178,0.003282003104686737,-0.0011053793132305145,0.023239195346832275
0.07696568965911865,0.003283783793449402,-0.0011053793132305145,0.023239195346832275
0.07696565985679626,0.0032843351364135742,-0.0011053793132305145,0.023239195346832275
0.07696565985679626,0.0032845288515090942,-0.0011053793132305145,0.023239195346832275
0.07696565985679626,0.0032845810055732727,-0.0011053793132305145,0.023239195346832275
0.07699485123157501,0.003217935562133789,-0.001115690916776657,0.023085832595825195
0.07702586054801941,0.003148198127746582,-0.0011645108461380005,0.023045644164085388
0.07738114893436432,0.004172042012214661,-0.0012726858258247375,0.02199248969554901
0.07745270431041718,0.004822425544261932,-0.001268133521080017,0.021552786231040955
0.07741279155015945,0.0048265159130096436,-0.0010129399597644806,0.021516337990760803
0.07742077112197876,0.004787944257259369,-0.0009178332984447479,0.021628066897392273
0.07764128595590591,0.005253888666629791,-0.0012991726398468018,0.021363958716392517
0.07775329798460007,0.005425184965133667,-0.0014541707932949066,0.021123722195625305
0.07781796902418137,0.005744270980358124,-0.0013485811650753021,0.020887479186058044
0.07781877368688583,0.005998753011226654,-0.0014824867248535156,0.02082797884941101
0.077738918364048,0.006250128149986267,-0.001522749662399292,0.020745038986206055
0.07771802693605423,0.006283752620220184,-0.0015260055661201477,0.020728841423988342
0.07771417498588562,0.0062869638204574585,-0.0015260688960552216,0.020725175738334656
0.0777135044336319,0.006287328898906708,-0.00152602419257164,0.020724400877952576
0.07771339267492294,0.006287425756454468,-0.0015260428190231323,0.02072426676750183
0.07771337777376175,0.006287433207035065,-0.0015260428190231323,0.02072426676750183
0.07771337777376175,0.0062874481081962585,-0.0015260428190231323,0.02072426676750183
0.07771337777376175,0.0062874481081962585,-0.0015260428190231323,0.02072426676750183
0.07771337777376175,0.0062874481081962585,-0.0015260428190231323,0.02072426676750183
0.07771337777376175,0.0062874481081962585,-0.0015260428190231323,0.02072426676750183
0.07771337777376175,0.0062874481081962585,-0.0015260428190231323,0.02072426676750183
0.07771337777376175,0.0062874481081962585,-0.0015260428190231323,0.02072426676750183
0.07771337777376175,0.0062874481081962585,-0.0015260428190231323,0.02072426676750183
0.07771337777376175,0.0062874481081962585,-0.0015260428190231323,0.02072426676750183
0.07771337777376175,0.0062874481081962585,-0.0015260428190231323,0.02072426676750183
0.07771337777376175,0.0062874481081962585,-0.0015260428190231323,0.02072426676750183
0.07771337777376175,0.0062874481081962585,-0.0015260428190231323,0.02072426676750183
0.07771337777376175,0.0062874481081962585,-0.0015260428190231323,0.02072426676750183
0.07771337777376175,0.0062874481081962585,-0.0015260428190231323,0.02072426676750183
0.07771337777376175,0.0062874481081962585,-0.0015260428190231323,0.02072426676750183
0.07771337777376175,0.0062874481081962585,-0.0015260428190231323,0.02072426676750183
0.07771337777376175,0.0062874481081962585,-0.0015260428190231323,0.02072426676750183
0.07771337777376175,0.0062874481081962585,-0.0015260428190231323,0.02072426676750183
0.07771337777376175,0.0062874481081962585,-0.0015260428190231323,0.02072426676750183
0.07771337777376175,0.0062874481081962585,-0.0015260428190231323,0.02072426676750183
0.07771337777376175,0.0062874481081962585,-0.0015260428190231323,0.02072426676750183
0.07771337777376175,0.0062874481081962585,-0.0015260428190231323,0.02072426676750183
0.07771337777376175,0.0062874481081962585,-0.0015260428190231323,0.02072426676750183
0.07771337777376175,0.0062874481081962585,-0.0015260428190231323,0.02072426676750183
0.07771337777376175,0.0062874481081962585,-0.0015260428190231323,0.02072426676750183
0.07771337777376175,0.0062874481081962585,-0.0015260428190231323,0.02072426676750183
0.07771337777376175,0.0062874481081962585,-0.0015260428190231323,0.02072426676750183
0.07771337777376175,0.0062874481081962585,-0.0015260428190231323,0.02072426676750183
0.07771337777376175,0.0062874481081962585,-0.0015260428190231323,0.02072426676750183
0.07771337777376175,0.0062874481081962585,-0.0015260428190231323,0.02072426676750183
0.07771337777376175,0.0062874481081962585,-0.0015260428190231323,0.02072426676750183
0.07771337777376175,0.0062874481081962585,-0.0015260428190231323,0.02072426676750183
0.07771337777376175,0.0062874481081962585,-0.0015260428190231323,0.02072426676750183
0.07771337777376175,0.0062874481081962585,-0.0015260428190231323,0.02072426676750183
0.07771337777376175,0.0062874481081962585,-0.0015260428190231323,0.02072426676750183
0.07771337777376175,0.0062874481081962585,-0.0015260428190231323,0.02072426676750183
0.07771337777376175,0.0062874481081962585,-0.0015260428190231323,0.02072426676750183
0.07771337777376175,0.0062874481081962585,-0.0015260428190231323,0.02072426676750183
0.07771337777376175,0.0062874481081962585,-0.0015260428190231323,0.02072426676750183
0.07771337777376175,0.0062874481081962585,-0.0015260428190231323,0.02072426676750183
0.07771337777376175,0.0062874481081962585,-0.0015260428190231323,0.02072426676750183
0.07771337777376175,0.0062874481081962585,-0.0015260428190231323,0.02072426676750183
0.07771337777376175,0.0062874481081962585,-0.0015260428190231323,0.02072426676750183
0.07771337777376175,0.0062874481081962585,-0.0015260428190231323,0.02072426676750183
0.07771337777376175,0.0062874481081962585,-0.0015260428190231323,0.02072426676750183
0.07771337777376175,0.0062874481081962585,-0.0015260428190231323,0.02072426676750183
0.07771337777376175,0.0062874481081962585,-0.0015260428190231323,0.02072426676750183
0.07771337777376175,0.0062874481081962585,-0.0015260428190231323,0.02072426676750183
0.07771337777376175,0.0062874481081962585,-0.0015260428190231323,0.02072426676750183
0.07771337777376175,0.0062874481081962585,-0.0015260428190231323,0.02072426676750183
0.07771337777376175,0.0062874481081962585,-0.0015260428190231323,0.02072426676750183
0.07771337777376175,0.0062874481081962585,-0.0015260428190231323,0.02072426676750183
0.07771337777376175,0.0062874481081962585,-0.0015260428190231323,0.02072426676750183
0.07771337777376175,0.0062874481081962585,-0.0015260428190231323,0.02072426676750183
0.07771337777376175,0.0062874481081962585,-0.0015260428190231323,0.02072426676750183
0.07771337777376175,0.0062874481081962585,-0.0015260428190231323,0.02072426676750183
0.07771337777376175,0.0062874481081962585,-0.0015260428190231323,0.02072426676750183
0.07771337777376175,0.0062874481081962585,-0.0015260428190231323,0.02072426676750183
0.07771337777376175,0.0062874481081962585,-0.0015260428190231323,0.02072426676750183
0.07771337777376175,0.0062874481081962585,-0.0015260428190231323,0.02072426676750183
0.07771337777376175,0.0062874481081962585,-0.0015260428190231323,0.02072426676750183
0.07771337777376175,0.0062874481081962585,-0.0015260428190231323,0.02072426676750183
0.07771337777376175,0.0062874481081962585,-0.0015260428190231323,0.02072426676750183
0.07771337777376175,0.0062874481081962585,-0.0015260428190231323,0.02072426676750183
0.07771337777376175,0.0062874481081962585,-0.0015260428190231323,0.02072426676750183
0.07771337777376175,0.0062874481081962585,-0.0015260428190231323,0.02072426676750183
0.07771337777376175,0.0062874481081962585,-0.0015260428190231323,0.02072426676750183
0.07771337777376175,0.0062874481081962585,-0.0015260428190231323,0.02072426676750183
0.07771337777376175,0.0062874481081962585,-0.0015260428190231323,0.02072426676750183
0.07771337777376175,0.0062874481081962585,-0.0015260428190231323,0.02072426676750183
0.07771337777376175,0.0062874481081962585,-0.0015260428190231323,0.02072426676750183
0.07771337777376175,0.0062874481081962585,-0.0015260428190231323,0.02072426676750183
0.07771337777376175,0.0062874481081962585,-0.0015260428190231323,0.02072426676750183
0.07771337777376175,0.0062874481081962585,-0.0015260428190231323,0.02072426676750183
0.07771337777376175,0.0062874481081962585,-0.0015260428190231323,0.02072426676750183
0.07771337777376175,0.0062874481081962585,-0.0015260428190231323,0.02072426676750183
0.07771337777376175,0.0062874481081962585,-0.0015260428190231323,0.02072426676750183
0.07771337777376175,0.0062874481081962585,-0.0015260428190231323,0.02072426676750183
0.07771337777376175,0.0062874481081962585,-0.0015260428190231323,0.02072426676750183
0.07771337777376175,0.0062874481081962585,-0.0015260428190231323,0.02072426676750183
0.07771337777376175,0.0062874481081962585,-0.0015260428190231323,0.02072426676750183
0.07771337777376175,0.0062874481081962585,-0.0015260428190231323,0.02072426676750183
0.07771337777376175,0.0062874481081962585,-0.0015260428190231323,0.02072426676750183
0.07771337777376175,0.0062874481081962585,-0.0015260428190231323,0.02072426676750183
0.07771337777376175,0.0062874481081962585,-0.0015260428190231323,0.02072426676750183
0.07771337777376175,0.0062874481081962585,-0.0015260428190231323,0.02072426676750183
0.07771337777376175,0.0062874481081962585,-0.0015260428190231323,0.02072426676750183
0.07771337777376175,0.0062874481081962585,-0.0015260428190231323,0.02072426676750183
0.07771337777376175,0.0062874481081962585,-0.0015260428190231323,0.02072426676750183
0.07771337777376175,0.0062874481081962585,-0.0015260428190231323,0.02072426676750183
0.07771337777376175,0.0062874481081962585,-0.0015260428190231323,0.02072426676750183
0.07771337777376175,0.0062874481081962585,-0.0015260428190231323,0.02072426676750183
0.07771337777376175,0.0062874481081962585,-0.0015260428190231323,0.02072426676750183
0.07771337777376175,0.0062874481081962585,-0.0015260428190231323,0.02072426676750183
0.07771337777376175,0.0062874481081962585,-0.0015260428190231323,0.02072426676750183
0.07771337777376175,0.0062874481081962585,-0.0015260428190231323,0.02072426676750183
0.07771337777376175,0.0062874481081962585,-0.0015260428190231323,0.02072426676750183
0.07771337777376175,0.0062874481081962585,-0.0015260428190231323,0.02072426676750183
0.07771337777376175,0.0062874481081962585,-0.0015260428190231323,0.02072426676750183
0.07771337777376175,0.0062874481081962585,-0.0015260428190231323,0.02072426676750183
0.07771337777376175,0.0062874481081962585,-0.0015260428190231323,0.02072426676750183
0.07771337777376175,0.0062874481081962585,-0.0015260428190231323,0.02072426676750183
0.07771337777376175,0.0062874481081962585,-0.0015260428190231323,0.02072426676750183
0.07771337777376175,0.0062874481081962585,-0.0015260428190231323,0.02072426676750183
0.07771337777376175,0.0062874481081962585,-0.0015260428190231323,0.02072426676750183
0.07771337777376175,0.0062874481081962585,-0.0015260428190231323,0.02072426676750183
0.07771337777376175,0.0062874481081962585,-0.0015260428190231323,0.02072426676750183
0.07771337777376175,0.0062874481081962585,-0.0015260428190231323,0.02072426676750183
0.07771337777376175,0.0062874481081962585,-0.0015260428190231323,0.02072426676750183
0.07771337777376175,0.0062874481081962585,-0.0015260428190231323,0.02072426676750183
0.07771337777376175,0.0062874481081962585,-0.0015260428190231323,0.02072426676750183
0.07771337777376175,0.0062874481081962585,-0.0015260428190231323,0.02072426676750183
0.07771337777376175,0.0062874481081962585,-0.0015260428190231323,0.02072426676750183
0.07771337777376175,0.0062874481081962585,-0.0015260428190231323,0.02072426676750183
0.07771337777376175,0.0062874481081962585,-0.0015260428190231323,0.02072426676750183
0.07771337777376175,0.0062874481081962585,-0.0015260428190231323,0.02072426676750183
0.07771337777376175,0.0062874481081962585,-0.0015260428190231323,0.02072426676750183
0.07771337777376175,0.0062874481081962585,-0.0015260428190231323,0.02072426676750183
0.07771337777376175,0.0062874481081962585,-0.0015260428190231323,0.02072426676750183
0.07771337777376175,0.0062874481081962585,-0.0015260428190231323,0.02072426676750183
0.07771337777376175,0.0062874481081962585,-0.0015260428190231323,0.02072426676750183
0.07771337777376175,0.0062874481081962585,-0.0015260428190231323,0.02072426676750183
0.07771337777376175,0.0062874481081962585,-0.0015260428190231323,0.02072426676750183
0.07771337777376175,0.0062874481081962585,-0.0015260428190231323,0.02072426676750183
0.07771337777376175,0.0062874481081962585,-0.0015260428190231323,0.02072426676750183
0.07771337777376175,0.0062874481081962585,-0.0015260428190231323,0.02072426676750183
0.07771337777376175,0.0062874481081962585,-0.0015260428190231323,0.02072426676750183
0.07771337777376175,0.0062874481081962585,-0.0015260428190231323,0.02072426676750183
0.07771337777376175,0.0062874481081962585,-0.0015260428190231323,0.02072426676750183
0.07771337777376175,0.0062874481081962585,-0.0015260428190231323,0.02072426676750183
0.07771337777376175,0.0062874481081962585,-0.0015260428190231323,0.02072426676750183
0.07771337777376175,0.0062874481081962585,-0.0015260428190231323,0.02072426676750183
0.07771337777376175,0.0062874481081962585,-0.0015260428190231323,0.02072426676750183
0.07771337777376175,0.0062874481081962585,-0.0015260428190231323,0.02072426676750183
0.07771337777376175,0.0062874481081962585,-0.0015260428190231323,0.02072426676750183
0.07771337777376175,0.0062874481081962585,-0.0015260428190231323,0.02072426676750183
0.07771337777376175,0.0062874481081962585,-0.0015260428190231323,0.02072426676750183
0.07771337777376175,0.0062874481081962585,-0.0015260428190231323,0.02072426676750183
0.07771337777376175,0.0062874481081962585,-0.0015260428190231323,0.02072426676750183
0.07771337777376175,0.0062874481081962585,-0.0015260428190231323,0.02072426676750183
0.07771337777376175,0.0062874481081962585,-0.0015260428190231323,0.02072426676750183
0.07771337777376175,0.0062874481081962585,-0.0015260428190231323,0.02072426676750183
0.07771337777376175,0.0062874481081962585,-0.0015260428190231323,0.02072426676750183
0.07771337777376175,0.0062874481081962585,-0.0015260428190231323,0.02072426676750183
0.07771337777376175,0.0062874481081962585,-0.0015260428190231323,0.02072426676750183
0.07771337777376175,0.0062874481081962585,-0.0015260428190231323,0.02072426676750183
0.07771337777376175,0.0062874481081962585,-0.0015260428190231323,0.02072426676750183
0.07771337777376175,0.0062874481081962585,-0.0015260428190231323,0.02072426676750183
0.07771337777376175,0.0062874481081962585,-0.0015260428190231323,0.02072426676750183
0.07771337777376175,0.0062874481081962585,-0.0015260428190231323,0.02072426676750183
0.07771337777376175,0.0062874481081962585,-0.0015260428190231323,0.02072426676750183
0.07771337777376175,0.0062874481081962585,-0.0015260428190231323,0.02072426676750183
0.07771337777376175,0.0062874481081962585,-0.0015260428190231323,0.02072426676750183
0.07771337777376175,0.0062874481081962585,-0.0015260428190231323,0.02072426676750183
0.07771337777376175,0.0062874481081962585,-0.0015260428190231323,0.02072426676750183
0.07771337777376175,0.0062874481081962585,-0.0015260428190231323,0.02072426676750183
0.07771337777376175,0.0062874481081962585,-0.0015260428190231323,0.02072426676750183
0.07771337777376175,0.0062874481081962585,-0.0015260428190231323,0.02072426676750183
0.07771337777376175,0.0062874481081962585,-0.0015260428190231323,0.02072426676750183
0.07771337777376175,0.0062874481081962585,-0.0015260428190231323,0.02072426676750183
0.07771337777376175,0.0062874481081962585,-0.0015260428190231323,0.02072426676750183
0.07771337777376175,0.0062874481081962585,-0.0015260428190231323,0.02072426676750183
0.07771337777376175,0.0062874481081962585,-0.0015260428190231323,0.02072426676750183
0.07771337777376175,0.0062874481081962585,-0.0015260428190231323,0.02072426676750183
0.07771337777376175,0.0062874481081962585,-0.0015260428190231323,0.02072426676750183
0.07771337777376175,0.0062874481081962585,-0.0015260428190231323,0.02072426676750183
0.07771337777376175,0.0062874481081962585,-0.0015260428190231323,0.02072426676750183
0.07771337777376175,0.0062874481081962585,-0.0015260428190231323,0.02072426676750183
0.07771337777376175,0.0062874481081962585,-0.0015260428190231323,0.02072426676750183
0.07771337777376175,0.0062874481081962585,-0.0015260428190231323,0.02072426676750183
0.07771337777376175,0.0062874481081962585,-0.0015260428190231323,0.02072426676750183
0.07771337777376175,0.0062874481081962585,-0.0015260428190231323,0.02072426676750183
0.07771337777376175,0.0062874481081962585,-0.0015260428190231323,0.02072426676750183
0.07771337777376175,0.0062874481081962585,-0.0015260428190231323,0.02072426676750183
0.07771337777376175,0.0062874481081962585,-0.0015260428190231323,0.02072426676750183
0.07771337777376175,0.0062874481081962585,-0.0015260428190231323,0.02072426676750183
0.07771337777376175,0.0062874481081962585,-0.0015260428190231323,0.02072426676750183
0.07771337777376175,0.0062874481081962585,-0.0015260428190231323,0.02072426676750183
0.07771337777376175,0.0062874481081962585,-0.0015260428190231323,0.02072426676750183
0.07771337777376175,0.0062874481081962585,-0.0015260428190231323,0.02072426676750183
0.07771337777376175,0.0062874481081962585,-0.0015260428190231323,0.02072426676750183
0.07771337777376175,0.0062874481081962585,-0.0015260428190231323,0.02072426676750183
0.07771337777376175,0.0062874481081962585,-0.0015260428190231323,0.02072426676750183
0.07771337777376175,0.0062874481081962585,-0.0015260428190231323,0.02072426676750183
0.07771337777376175,0.0062874481081962585,-0.0015260428190231323,0.02072426676750183
0.07771337777376175,0.0062874481081962585,-0.0015260428190231323,0.02072426676750183
0.07771337777376175,0.0062874481081962585,-0.0015260428190231323,0.02072426676750183
0.07771337777376175,0.0062874481081962585,-0.0015260428190231323,0.02072426676750183
0.07771337777376175,0.0062874481081962585,-0.0015260428190231323,0.02072426676750183
0.07771337777376175,0.0062874481081962585,-0.0015260428190231323,0.02072426676750183
0.07771337777376175,0.0062874481081962585,-0.0015260428190231323,0.02072426676750183
0.07771337777376175,0.0062874481081962585,-0.0015260428190231323,0.02072426676750183
0.07771337777376175,0.0062874481081962585,-0.0015260428190231323,0.02072426676750183
0.07771337777376175,0.0062874481081962585,-0.0015260428190231323,0.02072426676750183
0.07771337777376175,0.0062874481081962585,-0.0015260428190231323,0.02072426676750183
0.07771337777376175,0.0062874481081962585,-0.0015260428190231323,0.02072426676750183
0.07771337777376175,0.0062874481081962585,-0.0015260428190231323,0.02072426676750183
0.07771337777376175,0.0062874481081962585,-0.0015260428190231323,0.02072426676750183
0.07771337777376175,0.0062874481081962585,-0.0015260428190231323,0.02072426676750183
0.07771337777376175,0.0062874481081962585,-0.0015260428190231323,0.02072426676750183
0.07771337777376175,0.0062874481081962585,-0.0015260428190231323,0.02072426676750183
0.07771337777376175,0.0062874481081962585,-0.0015260428190231323,0.02072426676750183
0.07771337777376175,0.0062874481081962585,-0.0015260428190231323,0.02072426676750183
0.07771337777376175,0.0062874481081962585,-0.0015260428190231323,0.02072426676750183
0.07771337777376175,0.0062874481081962585,-0.0015260428190231323,0.02072426676750183
0.07771337777376175,0.0062874481081962585,-0.0015260428190231323,0.02072426676750183
0.07771337777376175,0.0062874481081962585,-0.0015260428190231323,0.02072426676750183
0.07771337777376175,0.0062874481081962585,-0.0015260428190231323,0.02072426676750183
0.07771337777376175,0.0062874481081962585,-0.0015260428190231323,0.02072426676750183
0.07771337777376175,0.0062874481081962585,-0.0015260428190231323,0.02072426676750183
0.07771337777376175,0.0062874481081962585,-0.0015260428190231323,0.02072426676750183
0.07771337777376175,0.0062874481081962585,-0.0015260428190231323,0.02072426676750183
0.07771337777376175,0.0062874481081962585,-0.0015260428190231323,0.02072426676750183
0.07771337777376175,0.0062874481081962585,-0.0015260428190231323,0.02072426676750183
0.07771337777376175,0.0062874481081962585,-0.0015260428190231323,0.02072426676750183
0.07771337777376175,0.0062874481081962585,-0.0015260428190231323,0.02072426676750183
0.07771337777376175,0.0062874481081962585,-0.0015260428190231323,0.02072426676750183
0.07771337777376175,0.0062874481081962585,-0.0015260428190231323,0.02072426676750183
0.07771337777376175,0.0062874481081962585,-0.0015260428190231323,0.02072426676750183
0.07771337777376175,0.0062874481081962585,-0.0015260428190231323,0.02072426676750183
0.07771337777376175,0.0062874481081962585,-0.0015260428190231323,0.02072426676750183
0.07771337777376175,0.0062874481081962585,-0.0015260428190231323,0.02072426676750183
0.07771337777376175,0.0062874481081962585,-0.0015260428190231323,0.02072426676750183
0.07771337777376175,0.0062874481081962585,-0.0015260428190231323,0.02072426676750183
0.07771337777376175,0.0062874481081962585,-0.0015260428190231323,0.02072426676750183
0.07771337777376175,0.0062874481081962585,-0.0015260428190231323,0.02072426676750183
0.07771337777376175,0.0062874481081962585,-0.0015260428190231323,0.02072426676750183
0.07771337777376175,0.0062874481081962585,-0.0015260428190231323,0.02072426676750183
0.07771337777376175,0.0062874481081962585,-0.0015260428190231323,0.02072426676750183
0.07771337777376175,0.0062874481081962585,-0.0015260428190231323,0.02072426676750183
0.07771337777376175,0.0062874481081962585,-0.0015260428190231323,0.02072426676750183
0.07771337777376175,0.0062874481081962585,-0.0015260428190231323,0.02072426676750183
0.07771337777376175,0.0062874481081962585,-0.0015260428190231323,0.02072426676750183
0.07771337777376175,0.0062874481081962585,-0.0015260428190231323,0.02072426676750183
0.07771337777376175,0.0062874481081962585,-0.0015260428190231323,0.02072426676750183
0.07771337777376175,0.0062874481081962585,-0.0015260428190231323,0.02072426676750183
0.07771337777376175,0.0062874481081962585,-0.0015260428190231323,0.02072426676750183
0.07771337777376175,0.0062874481081962585,-0.0015260428190231323,0.02072426676750183
0.07771337777376175,0.0062874481081962585,-0.0015260428190231323,0.02072426676750183
0.07771337777376175,0.0062874481081962585,-0.0015260428190231323,0.02072426676750183
0.07771337777376175,0.0062874481081962585,-0.0015260428190231323,0.02072426676750183
0.07771337777376175,0.0062874481081962585,-0.0015260428190231323,0.02072426676750183
0.07771337777376175,0.0062874481081962585,-0.0015260428190231323,0.02072426676750183
0.07771337777376175,0.0062874481081962585,-0.0015260428190231323,0.02072426676750183
0.07771337777376175,0.0062874481081962585,-0.0015260428190231323,0.02072426676750183
0.07771337777376175,0.0062874481081962585,-0.0015260428190231323,0.02072426676750183
0.07771337777376175,0.0062874481081962585,-0.0015260428190231323,0.02072426676750183
0.07771337777376175,0.0062874481081962585,-0.0015260428190231323,0.02072426676750183
0.07771337777376175,0.0062874481081962585,-0.0015260428190231323,0.02072426676750183
0.07771337777376175,0.0062874481081962585,-0.0015260428190231323,0.02072426676750183
0.07771337777376175,0.0062874481081962585,-0.0015260428190231323,0.02072426676750183
0.07771337777376175,0.0062874481081962585,-0.0015260428190231323,0.02072426676750183
0.07771337777376175,0.0062874481081962585,-0.0015260428190231323,0.02072426676750183
0.07771337777376175,0.0062874481081962585,-0.0015260428190231323,0.02072426676750183
0.07771337777376175,0.0062874481081962585,-0.0015260428190231323,0.02072426676750183
0.07771337777376175,0.0062874481081962585,-0.0015260428190231323,0.02072426676750183
0.07771337777376175,0.0062874481081962585,-0.0015260428190231323,0.02072426676750183
0.07771337777376175,0.0062874481081962585,-0.0015260428190231323,0.02072426676750183
0.07771337777376175,0.0062874481081962585,-0.0015260428190231323,0.02072426676750183
0.07771337777376175,0.0062874481081962585,-0.0015260428190231323,0.02072426676750183
0.07771337777376175,0.0062874481081962585,-0.0015260428190231323,0.02072426676750183
0.07771337777376175,0.0062874481081962585,-0.0015260428190231323,0.02072426676750183
0.07771337777376175,0.0062874481081962585,-0.0015260428190231323,0.02072426676750183
0.07771337777376175,0.0062874481081962585,-0.0015260428190231323,0.02072426676750183
0.07771337777376175,0.0062874481081962585,-0.0015260428190231323,0.02072426676750183
0.07771337777376175,0.0062874481081962585,-0.0015260428190231323,0.02072426676750183
0.07771337777376175,0.0062874481081962585,-0.0015260428190231323,0.02072426676750183
0.07771337777376175,0.0062874481081962585,-0.0015260428190231323,0.02072426676750183
0.07771337777376175,0.0062874481081962585,-0.0015260428190231323,0.02072426676750183
0.07771337777376175,0.0062874481081962585,-0.0015260428190231323,0.02072426676750183
0.07771337777376175,0.0062874481081962585,-0.0015260428190231323,0.02072426676750183
0.07771337777376175,0.0062874481081962585,-0.0015260428190231323,0.02072426676750183
0.07771337777376175,0.0062874481081962585,-0.0015260428190231323,0.02072426676750183
0.07771337777376175,0.0062874481081962585,-0.0015260428190231323,0.02072426676750183
0.07771337777376175,0.0062874481081962585,-0.0015260428190231323,0.02072426676750183
0.07771337777376175,0.0062874481081962585,-0.0015260428190231323,0.02072426676750183
0.07771337777376175,0.0062874481081962585,-0.0015260428190231323,0.02072426676750183
0.07771337777376175,0.0062874481081962585,-0.0015260428190231323,0.02072426676750183
0.07771337777376175,0.0062874481081962585,-0.0015260428190231323,0.02072426676750183
0.07771337777376175,0.0062874481081962585,-0.0015260428190231323,0.02072426676750183
0.07771337777376175,0.0062874481081962585,-0.0015260428190231323,0.02072426676750183
0.07771337777376175,0.0062874481081962585,-0.0015260428190231323,0.02072426676750183
0.07771337777376175,0.0062874481081962585,-0.0015260428190231323,0.02072426676750183
0.07771337777376175,0.0062874481081962585,-0.0015260428190231323,0.02072426676750183
0.07771337777376175,0.0062874481081962585,-0.0015260428190231323,0.02072426676750183
0.07771337777376175,0.0062874481081962585,-0.0015260428190231323,0.02072426676750183
0.07771337777376175,0.0062874481081962585,-0.0015260428190231323,0.02072426676750183
0.07771337777376175,0.0062874481081962585,-0.0015260428190231323,0.02072426676750183
0.07771337777376175,0.0062874481081962585,-0.0015260428190231323,0.02072426676750183
0.07771337777376175,0.0062874481081962585,-0.0015260428190231323,0.02072426676750183
0.07771337777376175,0.0062874481081962585,-0.0015260428190231323,0.02072426676750183
0.07771337777376175,0.0062874481081962585,-0.0015260428190231323,0.02072426676750183
0.07771337777376175,0.0062874481081962585,-0.0015260428190231323,0.02072426676750183
0.07771337777376175,0.0062874481081962585,-0.0015260428190231323,0.02072426676750183
0.07771337777376175,0.0062874481081962585,-0.0015260428190231323,0.02072426676750183
0.07771337777376175,0.0062874481081962585,-0.0015260428190231323,0.02072426676750183
0.07771337777376175,0.0062874481081962585,-0.0015260428190231323,0.02072426676750183
0.07771337777376175,0.0062874481081962585,-0.0015260428190231323,0.02072426676750183
0.07771337777376175,0.0062874481081962585,-0.0015260428190231323,0.02072426676750183
0.07771337777376175,0.0062874481081962585,-0.0015260428190231323,0.02072426676750183
0.07771337777376175,0.0062874481081962585,-0.0015260428190231323,0.02072426676750183
0.07771337777376175,0.0062874481081962585,-0.0015260428190231323,0.02072426676750183
0.07771337777376175,0.0062874481081962585,-0.0015260428190231323,0.02072426676750183
0.07771337777376175,0.0062874481081962585,-0.0015260428190231323,0.02072426676750183
0.07771337777376175,0.0062874481081962585,-0.0015260428190231323,0.02072426676750183
0.07771337777376175,0.0062874481081962585,-0.0015260428190231323,0.02072426676750183
0.07771337777376175,0.0062874481081962585,-0.0015260428190231323,0.02072426676750183
0.07771337777376175,0.0062874481081962585,-0.0015260428190231323,0.02072426676750183
0.07771337777376175,0.0062874481081962585,-0.0015260428190231323,0.02072426676750183
0.07771337777376175,0.0062874481081962585,-0.0015260428190231323,0.02072426676750183
0.07771337777376175,0.0062874481081962585,-0.0015260428190231323,0.02072426676750183
0.07771337777376175,0.0062874481081962585,-0.0015260428190231323,0.02072426676750183
0.07771337777376175,0.0062874481081962585,-0.0015260428190231323,0.02072426676750183
0.07771337777376175,0.0062874481081962585,-0.0015260428190231323,0.02072426676750183
0.07771337777376175,0.0062874481081962585,-0.0015260428190231323,0.02072426676750183
0.07771337777376175,0.0062874481081962585,-0.0015260428190231323,0.02072426676750183
0.07771337777376175,0.0062874481081962585,-0.0015260428190231323,0.02072426676750183
0.07771337777376175,0.0062874481081962585,-0.0015260428190231323,0.02072426676750183
0.07771337777376175,0.0062874481081962585,-0.0015260428190231323,0.02072426676750183
0.07771337777376175,0.0062874481081962585,-0.0015260428190231323,0.02072426676750183
0.07771337777376175,0.0062874481081962585,-0.0015260428190231323,0.02072426676750183
0.07771337777376175,0.0062874481081962585,-0.0015260428190231323,0.02072426676750183
0.07771337777376175,0.0062874481081962585,-0.0015260428190231323,0.02072426676750183
0.07771337777376175,0.0062874481081962585,-0.0015260428190231323,0.02072426676750183
0.07771337777376175,0.0062874481081962585,-0.0015260428190231323,0.02072426676750183
0.07771337777376175,0.0062874481081962585,-0.0015260428190231323,0.02072426676750183
0.07771337777376175,0.0062874481081962585,-0.0015260428190231323,0.02072426676750183
0.07771337777376175,0.0062874481081962585,-0.0015260428190231323,0.02072426676750183
0.07771337777376175,0.0062874481081962585,-0.0015260428190231323,0.02072426676750183
0.07771337777376175,0.0062874481081962585,-0.0015260428190231323,0.02072426676750183
0.07771337777376175,0.0062874481081962585,-0.0015260428190231323,0.02072426676750183
0.07771337777376175,0.0062874481081962585,-0.0015260428190231323,0.02072426676750183
0.07771337777376175,0.0062874481081962585,-0.0015260428190231323,0.02072426676750183
0.07771337777376175,0.0062874481081962585,-0.0015260428190231323,0.02072426676750183
0.07771337777376175,0.0062874481081962585,-0.0015260428190231323,0.02072426676750183
0.07771337777376175,0.0062874481081962585,-0.0015260428190231323,0.02072426676750183
0.07771337777376175,0.0062874481081962585,-0.0015260428190231323,0.02072426676750183
0.07771337777376175,0.0062874481081962585,-0.0015260428190231323,0.02072426676750183
0.07771337777376175,0.0062874481081962585,-0.0015260428190231323,0.02072426676750183
0.07771337777376175,0.0062874481081962585,-0.0015260428190231323,0.02072426676750183
0.07771337777376175,0.0062874481081962585,-0.0015260428190231323,0.02072426676750183
0.07771337777376175,0.0062874481081962585,-0.0015260428190231323,0.02072426676750183
0.07771337777376175,0.0062874481081962585,-0.0015260428190231323,0.02072426676750183
0.07771337777376175,0.0062874481081962585,-0.0015260428190231323,0.02072426676750183
0.07771337777376175,0.0062874481081962585,-0.0015260428190231323,0.02072426676750183
0.07771337777376175,0.0062874481081962585,-0.0015260428190231323,0.02072426676750183
0.07771337777376175,0.0062874481081962585,-0.0015260428190231323,0.02072426676750183
0.07771337777376175,0.0062874481081962585,-0.0015260428190231323,0.02072426676750183
0.07771337777376175,0.0062874481081962585,-0.0015260428190231323,0.02072426676750183
0.07771337777376175,0.0062874481081962585,-0.0015260428190231323,0.02072426676750183
0.07771337777376175,0.0062874481081962585,-0.0015260428190231323,0.02072426676750183
0.07771337777376175,0.0062874481081962585,-0.0015260428190231323,0.02072426676750183
0.07771337777376175,0.0062874481081962585,-0.0015260428190231323,0.02072426676750183
0.07771337777376175,0.0062874481081962585,-0.0015260428190231323,0.02072426676750183
0.07771337777376175,0.0062874481081962585,-0.0015260428190231323,0.02072426676750183
0.07771337777376175,0.0062874481081962585,-0.0015260428190231323,0.02072426676750183
0.07771337777376175,0.0062874481081962585,-0.0015260428190231323,0.02072426676750183
0.07771337777376175,0.0062874481081962585,-0.0015260428190231323,0.02072426676750183
0.07771337777376175,0.0062874481081962585,-0.0015260428190231323,0.02072426676750183
0.07771337777376175,0.0062874481081962585,-0.0015260428190231323,0.02072426676750183
0.07771337777376175,0.0062874481081962585,-0.0015260428190231323,0.02072426676750183
0.07771337777376175,0.0062874481081962585,-0.0015260428190231323,0.02072426676750183
0.07771337777376175,0.0062874481081962585,-0.0015260428190231323,0.02072426676750183
0.07771337777376175,0.0062874481081962585,-0.0015260428190231323,0.02072426676750183
0.07771337777376175,0.0062874481081962585,-0.0015260428190231323,0.02072426676750183
0.07771337777376175,0.0062874481081962585,-0.0015260428190231323,0.02072426676750183
0.07771337777376175,0.0062874481081962585,-0.0015260428190231323,0.02072426676750183
0.07771337777376175,0.0062874481081962585,-0.0015260428190231323,0.02072426676750183
0.07771337777376175,0.0062874481081962585,-0.0015260428190231323,0.02072426676750183
0.07771337777376175,0.0062874481081962585,-0.0015260428190231323,0.02072426676750183
0.07771337777376175,0.0062874481081962585,-0.0015260428190231323,0.02072426676750183
0.07771337777376175,0.0062874481081962585,-0.0015260428190231323,0.02072426676750183
0.07771337777376175,0.0062874481081962585,-0.0015260428190231323,0.02072426676750183
0.07771337777376175,0.0062874481081962585,-0.0015260428190231323,0.02072426676750183
0.07771337777376175,0.0062874481081962585,-0.0015260428190231323,0.02072426676750183
0.07771337777376175,0.0062874481081962585,-0.0015260428190231323,0.02072426676750183
0.07771337777376175,0.0062874481081962585,-0.0015260428190231323,0.02072426676750183
0.07771337777376175,0.0062874481081962585,-0.0015260428190231323,0.02072426676750183
0.07771337777376175,0.0062874481081962585,-0.0015260428190231323,0.02072426676750183
0.07771337777376175,0.0062874481081962585,-0.0015260428190231323,0.02072426676750183
0.07771337777376175,0.0062874481081962585,-0.0015260428190231323,0.02072426676750183
0.07771337777376175,0.0062874481081962585,-0.0015260428190231323,0.02072426676750183
0.07771337777376175,0.0062874481081962585,-0.0015260428190231323,0.02072426676750183
0.07771337777376175,0.0062874481081962585,-0.0015260428190231323,0.02072426676750183
0.07771337777376175,0.0062874481081962585,-0.0015260428190231323,0.02072426676750183
0.07771337777376175,0.0062874481081962585,-0.0015260428190231323,0.02072426676750183
0.07771337777376175,0.0062874481081962585,-0.0015260428190231323,0.02072426676750183
0.07771337777376175,0.0062874481081962585,-0.0015260428190231323,0.02072426676750183
0.07771337777376175,0.0062874481081962585,-0.0015260428190231323,0.02072426676750183
0.07771337777376175,0.0062874481081962585,-0.0015260428190231323,0.02072426676750183
0.07771337777376175,0.0062874481081962585,-0.0015260428190231323,0.02072426676750183
0.07771337777376175,0.0062874481081962585,-0.0015260428190231323,0.02072426676750183
0.07771337777376175,0.0062874481081962585,-0.0015260428190231323,0.02072426676750183
0.07771337777376175,0.0062874481081962585,-0.0015260428190231323,0.02072426676750183
0.07771337777376175,0.0062874481081962585,-0.0015260428190231323,0.02072426676750183
0.07771337777376175,0.0062874481081962585,-0.0015260428190231323,0.02072426676750183
0.07771337777376175,0.0062874481081962585,-0.0015260428190231323,0.02072426676750183
0.07771337777376175,0.0062874481081962585,-0.0015260428190231323,0.02072426676750183
0.07771337777376175,0.0062874481081962585,-0.0015260428190231323,0.02072426676750183
0.07771337777376175,0.0062874481081962585,-0.0015260428190231323,0.02072426676750183
0.07771337777376175,0.0062874481081962585,-0.0015260428190231323,0.02072426676750183
0.07771337777376175,0.0062874481081962585,-0.0015260428190231323,0.02072426676750183
0.07771337777376175,0.0062874481081962585,-0.0015260428190231323,0.02072426676750183
0.07771337777376175,0.0062874481081962585,-0.0015260428190231323,0.02072426676750183
0.07771337777376175,0.0062874481081962585,-0.0015260428190231323,0.02072426676750183
0.07771337777376175,0.0062874481081962585,-0.0015260428190231323,0.02072426676750183
0.07771337777376175,0.0062874481081962585,-0.0015260428190231323,0.02072426676750183
0.07771337777376175,0.0062874481081962585,-0.0015260428190231323,0.02072426676750183
0.07771337777376175,0.0062874481081962585,-0.0015260428190231323,0.02072426676750183
0.07771337777376175,0.0062874481081962585,-0.0015260428190231323,0.02072426676750183
0.07771337777376175,0.0062874481081962585,-0.0015260428190231323,0.02072426676750183
0.07771337777376175,0.0062874481081962585,-0.0015260428190231323,0.02072426676750183
0.07771337777376175,0.0062874481081962585,-0.0015260428190231323,0.02072426676750183
0.07771337777376175,0.0062874481081962585,-0.0015260428190231323,0.02072426676750183
0.07771337777376175,0.0062874481081962585,-0.0015260428190231323,0.02072426676750183
0.07771337777376175,0.0062874481081962585,-0.0015260428190231323,0.02072426676750183
0.07771337777376175,0.0062874481081962585,-0.0015260428190231323,0.02072426676750183
0.07771337777376175,0.0062874481081962585,-0.0015260428190231323,0.02072426676750183
0.07771337777376175,0.0062874481081962585,-0.0015260428190231323,0.02072426676750183
0.07771337777376175,0.0062874481081962585,-0.0015260428190231323,0.02072426676750183
0.07771337777376175,0.0062874481081962585,-0.0015260428190231323,0.02072426676750183
0.07771337777376175,0.0062874481081962585,-0.0015260428190231323,0.02072426676750183
0.07771337777376175,0.0062874481081962585,-0.0015260428190231323,0.02072426676750183
0.07771337777376175,0.0062874481081962585,-0.0015260428190231323,0.02072426676750183
0.07771337777376175,0.0062874481081962585,-0.0015260428190231323,0.02072426676750183
0.07771337777376175,0.0062874481081962585,-0.0015260428190231323,0.02072426676750183
0.07771337777376175,0.0062874481081962585,-0.0015260428190231323,0.02072426676750183
0.07771337777376175,0.0062874481081962585,-0.0015260428190231323,0.02072426676750183
0.07771337777376175,0.0062874481081962585,-0.0015260428190231323,0.02072426676750183
0.07771337777376175,0.0062874481081962585,-0.0015260428190231323,0.02072426676750183
0.07771337777376175,0.0062874481081962585,-0.0015260428190231323,0.02072426676750183
0.07771337777376175,0.0062874481081962585,-0.0015260428190231323,0.02072426676750183
0.07771337777376175,0.0062874481081962585,-0.0015260428190231323,0.02072426676750183
0.07771337777376175,0.0062874481081962585,-0.0015260428190231323,0.02072426676750183
0.07771337777376175,0.0062874481081962585,-0.0015260428190231323,0.02072426676750183
0.07771337777376175,0.0062874481081962585,-0.0015260428190231323,0.02072426676750183
0.07771337777376175,0.0062874481081962585,-0.0015260428190231323,0.02072426676750183
0.07771337777376175,0.0062874481081962585,-0.0015260428190231323,0.02072426676750183
0.07771337777376175,0.0062874481081962585,-0.0015260428190231323,0.02072426676750183
0.07771337777376175,0.0062874481081962585,-0.0015260428190231323,0.02072426676750183
0.07771337777376175,0.0062874481081962585,-0.0015260428190231323,0.02072426676750183
0.07771337777376175,0.0062874481081962585,-0.0015260428190231323,0.02072426676750183
0.07771337777376175,0.0062874481081962585,-0.0015260428190231323,0.02072426676750183
0.07771337777376175,0.0062874481081962585,-0.0015260428190231323,0.02072426676750183
0.07771337777376175,0.0062874481081962585,-0.0015260428190231323,0.02072426676750183
0.07771337777376175,0.0062874481081962585,-0.0015260428190231323,0.02072426676750183
0.07771337777376175,0.0062874481081962585,-0.0015260428190231323,0.02072426676750183
0.07771337777376175,0.0062874481081962585,-0.0015260428190231323,0.02072426676750183
0.07771337777376175,0.0062874481081962585,-0.0015260428190231323,0.02072426676750183
0.07771337777376175,0.0062874481081962585,-0.0015260428190231323,0.02072426676750183
0.07771337777376175,0.0062874481081962585,-0.0015260428190231323,0.02072426676750183
0.07771337777376175,0.0062874481081962585,-0.0015260428190231323,0.02072426676750183
0.07771337777376175,0.0062874481081962585,-0.0015260428190231323,0.02072426676750183
0.07771337777376175,0.0062874481081962585,-0.0015260428190231323,0.02072426676750183
0.07771337777376175,0.0062874481081962585,-0.0015260428190231323,0.02072426676750183
0.07771337777376175,0.0062874481081962585,-0.0015260428190231323,0.02072426676750183
0.07771337777376175,0.0062874481081962585,-0.0015260428190231323,0.02072426676750183
0.07771337777376175,0.0062874481081962585,-0.0015260428190231323,0.02072426676750183
0.07771337777376175,0.0062874481081962585,-0.0015260428190231323,0.02072426676750183
0.07771337777376175,0.0062874481081962585,-0.0015260428190231323,0.02072426676750183
0.07771337777376175,0.0062874481081962585,-0.0015260428190231323,0.02072426676750183
0.07771337777376175,0.0062874481081962585,-0.0015260428190231323,0.02072426676750183
0.07771337777376175,0.0062874481081962585,-0.0015260428190231323,0.02072426676750183
0.07771337777376175,0.0062874481081962585,-0.0015260428190231323,0.02072426676750183
0.07771337777376175,0.0062874481081962585,-0.0015260428190231323,0.02072426676750183
0.07771337777376175,0.0062874481081962585,-0.0015260428190231323,0.02072426676750183
0.07771337777376175,0.0062874481081962585,-0.0015260428190231323,0.02072426676750183
0.07771337777376175,0.0062874481081962585,-0.0015260428190231323,0.02072426676750183
0.07771337777376175,0.0062874481081962585,-0.0015260428190231323,0.02072426676750183
0.07771337777376175,0.0062874481081962585,-0.0015260428190231323,0.02072426676750183
0.07771337777376175,0.0062874481081962585,-0.0015260428190231323,0.02072426676750183
0.07771337777376175,0.0062874481081962585,-0.0015260428190231323,0.02072426676750183
0.07771337777376175,0.0062874481081962585,-0.0015260428190231323,0.02072426676750183
0.07771337777376175,0.0062874481081962585,-0.0015260428190231323,0.02072426676750183
0.07771337777376175,0.0062874481081962585,-0.0015260428190231323,0.02072426676750183
0.07771337777376175,0.0062874481081962585,-0.0015260428190231323,0.02072426676750183
0.07771337777376175,0.0062874481081962585,-0.0015260428190231323,0.02072426676750183
0.07771337777376175,0.0062874481081962585,-0.0015260428190231323,0.02072426676750183
0.07771337777376175,0.0062874481081962585,-0.0015260428190231323,0.02072426676750183
0.07771337777376175,0.0062874481081962585,-0.0015260428190231323,0.02072426676750183
0.07771337777376175,0.0062874481081962585,-0.0015260428190231323,0.02072426676750183
0.07771337777376175,0.0062874481081962585,-0.0015260428190231323,0.02072426676750183
0.07771337777376175,0.0062874481081962585,-0.0015260428190231323,0.02072426676750183
0.07771337777376175,0.0062874481081962585,-0.0015260428190231323,0.02072426676750183
0.07771337777376175,0.0062874481081962585,-0.0015260428190231323,0.02072426676750183
0.07771337777376175,0.0062874481081962585,-0.0015260428190231323,0.02072426676750183
0.07771337777376175,0.0062874481081962585,-0.0015260428190231323,0.02072426676750183
0.07771337777376175,0.0062874481081962585,-0.0015260428190231323,0.02072426676750183
0.07771337777376175,0.0062874481081962585,-0.0015260428190231323,0.02072426676750183
0.07771337777376175,0.0062874481081962585,-0.0015260428190231323,0.02072426676750183
0.07771337777376175,0.0062874481081962585,-0.0015260428190231323,0.02072426676750183
0.07771337777376175,0.0062874481081962585,-0.0015260428190231323,0.02072426676750183
0.07771337777376175,0.0062874481081962585,-0.0015260428190231323,0.02072426676750183
0.07771337777376175,0.0062874481081962585,-0.0015260428190231323,0.02072426676750183
0.07771337777376175,0.0062874481081962585,-0.0015260428190231323,0.02072426676750183
0.07771337777376175,0.0062874481081962585,-0.0015260428190231323,0.02072426676750183
0.07771337777376175,0.0062874481081962585,-0.0015260428190231323,0.02072426676750183
0.07771337777376175,0.0062874481081962585,-0.0015260428190231323,0.02072426676750183
0.07771337777376175,0.0062874481081962585,-0.0015260428190231323,0.02072426676750183
0.07771337777376175,0.0062874481081962585,-0.0015260428190231323,0.02072426676750183
0.07771337777376175,0.0062874481081962585,-0.0015260428190231323,0.02072426676750183
0.07771337777376175,0.0062874481081962585,-0.0015260428190231323,0.02072426676750183
0.07771337777376175,0.0062874481081962585,-0.0015260428190231323,0.02072426676750183
0.07771337777376175,0.0062874481081962585,-0.0015260428190231323,0.02072426676750183
0.07771337777376175,0.0062874481081962585,-0.0015260428190231323,0.02072426676750183
0.07771337777376175,0.0062874481081962585,-0.0015260428190231323,0.02072426676750183
0.07771337777376175,0.0062874481081962585,-0.0015260428190231323,0.02072426676750183
0.07771337777376175,0.0062874481081962585,-0.0015260428190231323,0.02072426676750183
0.07771337777376175,0.0062874481081962585,-0.0015260428190231323,0.02072426676750183
0.07771337777376175,0.0062874481081962585,-0.0015260428190231323,0.02072426676750183
0.07771337777376175,0.0062874481081962585,-0.0015260428190231323,0.02072426676750183
0.07771337777376175,0.0062874481081962585,-0.0015260428190231323,0.02072426676750183
0.07771337777376175,0.0062874481081962585,-0.0015260428190231323,0.02072426676750183
0.07771337777376175,0.0062874481081962585,-0.0015260428190231323,0.02072426676750183
0.07771337777376175,0.0062874481081962585,-0.0015260428190231323,0.02072426676750183
0.07771337777376175,0.0062874481081962585,-0.0015260428190231323,0.02072426676750183
0.07771337777376175,0.0062874481081962585,-0.0015260428190231323,0.02072426676750183
0.07771337777376175,0.0062874481081962585,-0.0015260428190231323,0.02072426676750183
0.07771337777376175,0.0062874481081962585,-0.0015260428190231323,0.02072426676750183
0.07771337777376175,0.0062874481081962585,-0.0015260428190231323,0.02072426676750183
0.07771337777376175,0.0062874481081962585,-0.0015260428190231323,0.02072426676750183
0.07771337777376175,0.0062874481081962585,-0.0015260428190231323,0.02072426676750183
0.07771337777376175,0.0062874481081962585,-0.0015260428190231323,0.02072426676750183
0.07771337777376175,0.0062874481081962585,-0.0015260428190231323,0.02072426676750183
0.07771337777376175,0.0062874481081962585,-0.0015260428190231323,0.02072426676750183
0.07771337777376175,0.0062874481081962585,-0.0015260428190231323,0.02072426676750183
0.07771337777376175,0.0062874481081962585,-0.0015260428190231323,0.02072426676750183
0.07771337777376175,0.0062874481081962585,-0.0015260428190231323,0.02072426676750183
0.07771337777376175,0.0062874481081962585,-0.0015260428190231323,0.02072426676750183
0.07771337777376175,0.0062874481081962585,-0.0015260428190231323,0.02072426676750183
0.07771337777376175,0.0062874481081962585,-0.0015260428190231323,0.02072426676750183
0.07771337777376175,0.0062874481081962585,-0.0015260428190231323,0.02072426676750183
0.07771337777376175,0.0062874481081962585,-0.0015260428190231323,0.02072426676750183
0.07771337777376175,0.0062874481081962585,-0.0015260428190231323,0.02072426676750183
0.07771337777376175,0.0062874481081962585,-0.0015260428190231323,0.02072426676750183
0.07771337777376175,0.0062874481081962585,-0.0015260428190231323,0.02072426676750183
0.07771337777376175,0.0062874481081962585,-0.0015260428190231323,0.02072426676750183
0.07771337777376175,0.0062874481081962585,-0.0015260428190231323,0.02072426676750183
0.07771337777376175,0.0062874481081962585,-0.0015260428190231323,0.02072426676750183
0.07771337777376175,0.0062874481081962585,-0.0015260428190231323,0.02072426676750183
0.07771337777376175,0.0062874481081962585,-0.0015260428190231323,0.02072426676750183
0.07771337777376175,0.0062874481081962585,-0.0015260428190231323,0.02072426676750183
0.07771337777376175,0.0062874481081962585,-0.0015260428190231323,0.02072426676750183
0.07771337777376175,0.0062874481081962585,-0.0015260428190231323,0.02072426676750183
0.07771337777376175,0.0062874481081962585,-0.0015260428190231323,0.02072426676750183
