vx,vy,vz,omega_z
0.03309740498661995,-0.14304114878177643,-0.03315510228276253,0.587531328201294
-0.0039058327674865723,-0.1655636727809906,-0.05512047931551933,0.7641189098358154
-0.0037805214524269104,-0.1619989573955536,-0.04969025030732155,0.7767318487167358
-0.002091802656650543,-0.1611158549785614,-0.04839033633470535,0.7786908745765686
0.0047810375690460205,-0.15662381052970886,-0.03257656842470169,0.7830103635787964
0.005779601633548737,-0.15340739488601685,-0.01422274112701416,0.7886356115341187
0.005510054528713226,-0.15416929125785828,-0.010709995403885841,0.7895377278327942
0.005416899919509888,-0.15429401397705078,-0.010400259867310524,0.7895930409431458
0.0004989132285118103,-0.15158933401107788,0.0018437542021274567,0.780788779258728
-0.0005994290113449097,-0.1509857177734375,0.0032088272273540497,0.7782421708106995
-0.004191674292087555,-0.14620628952980042,0.016642503440380096,0.7571574449539185
-0.010166428983211517,-0.1392010599374771,0.02390953153371811,0.7434111833572388
-0.010652445256710052,-0.13705910742282867,0.02451653778553009,0.7406032681465149
-0.01816175878047943,-0.1366775631904602,0.03208541125059128,0.7317305207252502
-0.019068293273448944,-0.13625980913639069,0.03393042832612991,0.7293083667755127
-0.019180916249752045,-0.13591063022613525,0.03406864404678345,0.7291685938835144
-0.02121887356042862,-0.1375560164451599,0.036740414798259735,0.7194597125053406
-0.021338753402233124,-0.13764193654060364,0.03717208653688431,0.7167472839355469
-0.021703869104385376,-0.133844256401062,0.03882697969675064,0.7098685503005981
-0.02159079909324646,-0.13246770203113556,0.038710713386535645,0.7081020474433899
-0.025961734354496002,-0.12561149895191193,0.042742036283016205,0.6950474381446838
-0.02627585083246231,-0.12335392832756042,0.043389901518821716,0.6913514137268066
-0.027215734124183655,-0.11872133612632751,0.047721415758132935,0.6843268275260925
-0.02731601893901825,-0.11736859381198883,0.04844836890697479,0.6825290322303772
-0.02597866952419281,-0.11256007105112076,0.04183468222618103,0.6731104254722595
-0.028396405279636383,-0.11497191339731216,0.034754544496536255,0.6639336943626404
-0.028611965477466583,-0.11537672579288483,0.03423392027616501,0.6617677211761475
-0.028713032603263855,-0.11876583099365234,0.03890487551689148,0.6565327644348145
-0.02900947630405426,-0.12000607699155807,0.0407433807849884,0.655097484588623
-0.03040698915719986,-0.11929171532392502,0.04274448752403259,0.6464740633964539
-0.030403032898902893,-0.1188708171248436,0.04314574599266052,0.6441031098365784
-0.03416988253593445,-0.11355768144130707,0.030239179730415344,0.6406441926956177
-0.034430816769599915,-0.11055974662303925,0.02613137662410736,0.6397103071212769
-0.03699059784412384,-0.10528808832168579,0.01780923455953598,0.6348364353179932
-0.03706356883049011,-0.10315924137830734,0.015771519392728806,0.6330719590187073
-0.03949226438999176,-0.10075388848781586,0.009633421897888184,0.6288979053497314
-0.03976677358150482,-0.09954556822776794,0.008233774453401566,0.6275498867034912
-0.041141003370285034,-0.09378491342067719,0.005297601222991943,0.6156234741210938
-0.04062838852405548,-0.09153008460998535,0.005163535475730896,0.6118922233581543
-0.041120320558547974,-0.08883412182331085,0.008286569267511368,0.5919151306152344
-0.04031798243522644,-0.08746444433927536,0.009939037263393402,0.5858601927757263
-0.03856419026851654,-0.08848008513450623,0.010111246258020401,0.568170964717865
-0.03733983635902405,-0.08853968977928162,0.010107334703207016,0.5630334615707397
-0.03591672331094742,-0.08843974024057388,0.012663058936595917,0.5406891107559204
-0.03460846096277237,-0.08808758109807968,0.013150990009307861,0.5340701341629028
-0.034340761601924896,-0.08608219027519226,0.016994502395391464,0.529751181602478
-0.034158773720264435,-0.08564868569374084,0.0183919295668602,0.5283733606338501
-0.03423980623483658,-0.08518733829259872,0.016253385692834854,0.5256685018539429
-0.033922530710697174,-0.0849883183836937,0.015657126903533936,0.5246422290802002
-0.03040125221014023,-0.08442123234272003,0.012407433241605759,0.5220189690589905
-0.029285676777362823,-0.08485667407512665,0.011235620826482773,0.5210351943969727
-0.03177577257156372,-0.08511396497488022,0.008103184401988983,0.5126572847366333
-0.031564824283123016,-0.08430413156747818,0.007356811314821243,0.5099779367446899
-0.03082677721977234,-0.08308717608451843,0.005201343446969986,0.5018459558486938
-0.030045658349990845,-0.08290740847587585,0.0046564266085624695,0.49908775091171265
-0.02831028401851654,-0.07990749180316925,0.0033799447119235992,0.4942971467971802
-0.02578466385602951,-0.07984312623739243,0.007155619561672211,0.48760801553726196
-0.02493433654308319,-0.08011464029550552,0.00845419242978096,0.4855521023273468
-0.022807076573371887,-0.07750038057565689,0.015665844082832336,0.47367268800735474
-0.021905481815338135,-0.07675234973430634,0.01701192930340767,0.46942824125289917
-0.020331576466560364,-0.07749587297439575,0.018504995852708817,0.46218907833099365
-0.019825242459774017,-0.07748235017061234,0.01872676983475685,0.45988571643829346
-0.02143862098455429,-0.0780501663684845,0.019665662199258804,0.44503843784332275
-0.021188601851463318,-0.07827366143465042,0.018301792442798615,0.4353213608264923
-0.02063319832086563,-0.07849039882421494,0.017550494521856308,0.43305492401123047
-0.02119912952184677,-0.07743994891643524,0.014877602458000183,0.4276587963104248
-0.020693950355052948,-0.077359639108181,0.014232084155082703,0.42537420988082886
-0.01887945830821991,-0.07652798295021057,0.012348536401987076,0.4216949939727783
-0.01815319061279297,-0.07666564732789993,0.011645875871181488,0.4201507568359375
-0.01954788714647293,-0.07615183293819427,0.013252131640911102,0.41002267599105835
-0.01883096992969513,-0.0753340795636177,0.01354425773024559,0.4057050943374634
-0.02067118138074875,-0.07342832535505295,0.01738474890589714,0.396250456571579
-0.020187146961688995,-0.07201516628265381,0.018132608383893967,0.3922001123428345
-0.020933493971824646,-0.07016178220510483,0.020889658480882645,0.38587281107902527
-0.020321130752563477,-0.06832494586706161,0.02138853445649147,0.38284462690353394
-0.01997380703687668,-0.06538759917020798,0.022727925330400467,0.38120514154434204
-0.019638024270534515,-0.06386569142341614,0.023003697395324707,0.3803105354309082
-0.01813751459121704,-0.06139938533306122,0.023186303675174713,0.37001287937164307
-0.01622692495584488,-0.059138428419828415,0.022281520068645477,0.36426571011543274
-0.013117820024490356,-0.05764397606253624,0.01674072816967964,0.3559545874595642
-0.010908529162406921,-0.0564458966255188,0.014263011515140533,0.35098105669021606
-0.009128041565418243,-0.05652007460594177,0.012727819383144379,0.34116244316101074
-0.007622197270393372,-0.055893391370773315,0.011810250580310822,0.335914671421051
-0.005507320165634155,-0.05481404811143875,0.010532047599554062,0.33317065238952637
0.0009215250611305237,-0.05354098230600357,0.009898610413074493,0.32762670516967773
0.0031619444489479065,-0.05375544726848602,0.009935542941093445,0.32412418723106384
0.006206966936588287,-0.05250953137874603,0.013812843710184097,0.3193610906600952
0.00758197158575058,-0.052472881972789764,0.014254555106163025,0.3160122036933899
0.008928470313549042,-0.050818588584661484,0.016636036336421967,0.3105992078781128
0.009939156472682953,-0.05019337311387062,0.016340866684913635,0.3070828914642334
0.011086530983448029,-0.048012007027864456,0.013492003083229065,0.30036860704421997
0.012133695185184479,-0.04690103977918625,0.011924002319574356,0.29620712995529175
0.012294434010982513,-0.04376886785030365,0.014321781694889069,0.28738534450531006
0.013151101768016815,-0.04250817745923996,0.01142473891377449,0.28057390451431274
0.013561628758907318,-0.041357044130563736,0.01007140800356865,0.2786343991756439
0.013208739459514618,-0.04188743606209755,0.0101793073117733,0.2757612466812134
0.013429760932922363,-0.04206656292080879,0.009251818060874939,0.27393749356269836
0.014589928090572357,-0.04219896346330643,0.011531814932823181,0.26777902245521545
0.015340045094490051,-0.04286729171872139,0.011570483446121216,0.2640465199947357
0.01815212517976761,-0.04232111945748329,0.01303119957447052,0.25740116834640503
0.019339092075824738,-0.04320443421602249,0.01350417360663414,0.2533683180809021
0.020731277763843536,-0.042918361723423004,0.015576016157865524,0.24576538801193237
0.0216565802693367,-0.04328516125679016,0.015613306313753128,0.24134068191051483
0.02285073697566986,-0.04165513068437576,0.015983473509550095,0.23365062475204468
0.02369469404220581,-0.04101867601275444,0.015543587505817413,0.22939912974834442
0.024664252996444702,-0.03867297247052193,0.016658738255500793,0.22540183365345
0.02523127943277359,-0.03773995116353035,0.016245529055595398,0.22307606041431427
0.025253988802433014,-0.03605681657791138,0.017038390040397644,0.21998614072799683
0.025576874613761902,-0.035050034523010254,0.016765188425779343,0.21799218654632568
0.026049301028251648,-0.034085601568222046,0.016300030052661896,0.21495026350021362
0.02639319747686386,-0.03353830426931381,0.016195110976696014,0.21322642266750336
0.02697264403104782,-0.032816026359796524,0.014170154929161072,0.20939065515995026
0.028043489903211594,-0.03172631934285164,0.01267387717962265,0.20420308411121368
0.02851128578186035,-0.03134019672870636,0.012253627181053162,0.20224036276340485
0.028603743761777878,-0.03119901940226555,0.012208234518766403,0.20197312533855438
0.029387440532445908,-0.03027699515223503,0.012418229132890701,0.1974012553691864
0.031061850488185883,-0.02906414493918419,0.013187136501073837,0.1911601722240448
0.03162883222103119,-0.02882658690214157,0.01310841366648674,0.18905580043792725
0.032917965203523636,-0.0274665504693985,0.015836022794246674,0.18577277660369873
0.03326009586453438,-0.027502119541168213,0.016399219632148743,0.18469560146331787
0.03331655636429787,-0.027567032724618912,0.016450054943561554,0.1845771074295044
0.03432901203632355,-0.026732496917247772,0.017838675528764725,0.17987266182899475
0.03554495424032211,-0.02710229530930519,0.016835138201713562,0.17633330821990967
0.035941604524850845,-0.027278169989585876,0.016318872570991516,0.17525359988212585
0.03544478490948677,-0.027403898537158966,0.017647795379161835,0.17345373332500458
0.03539322689175606,-0.027379419654607773,0.01745901256799698,0.1728438436985016
0.036467526108026505,-0.026597760617733,0.017691198736429214,0.16855160892009735
0.03691622614860535,-0.027042079716920853,0.017446350306272507,0.16692160069942474
0.03794499859213829,-0.027023207396268845,0.015872523188591003,0.1638919860124588
0.037973154336214066,-0.027317561209201813,0.016591884195804596,0.16198612749576569
0.03788508102297783,-0.02769302949309349,0.016789183020591736,0.16182008385658264
0.03883979097008705,-0.027235355228185654,0.016770273447036743,0.1580565869808197
0.039050955325365067,-0.027816656976938248,0.016997966915369034,0.15698261559009552
0.040234461426734924,-0.02801239863038063,0.01648113504052162,0.1523616909980774
0.04062693938612938,-0.028719700872898102,0.016802802681922913,0.15073895454406738
0.04166902229189873,-0.02832990139722824,0.015194505453109741,0.14774803817272186
0.042621370404958725,-0.027657024562358856,0.012999333441257477,0.1461879163980484
0.042861539870500565,-0.02764032408595085,0.012898657470941544,0.14594392478466034
0.042899347841739655,-0.027731820940971375,0.012904755771160126,0.1459251046180725
0.04331129044294357,-0.026322446763515472,0.013005752116441727,0.14519329369068146
0.043386492878198624,-0.02585897222161293,0.013419397175312042,0.14506956934928894
0.04391564428806305,-0.024104919284582138,0.013616874814033508,0.1447199583053589
0.04407656192779541,-0.023660659790039062,0.013978816568851471,0.14463026821613312
0.04424317181110382,-0.02252473309636116,0.013472393155097961,0.14371047914028168
0.04440777748823166,-0.02220206707715988,0.013444740325212479,0.143275186419487
0.044404178857803345,-0.02140682190656662,0.013606030493974686,0.14276103675365448
0.04439060762524605,-0.021268904209136963,0.013808228075504303,0.1427503079175949
0.04505079612135887,-0.020561635494232178,0.011356398463249207,0.13979046046733856
0.045718684792518616,-0.020301058888435364,0.011078741401433945,0.1355651319026947
0.0459158830344677,-0.020818419754505157,0.011257924139499664,0.1344890147447586
0.047508612275123596,-0.020266585052013397,0.00970672070980072,0.1304536908864975
0.048092424869537354,-0.020563200116157532,0.009748987853527069,0.1287980079650879
0.049448560923337936,-0.019408278167247772,0.009178247302770615,0.12521906197071075
0.04991569370031357,-0.01952042430639267,0.00936804711818695,0.12386177480220795
0.05046078562736511,-0.018894769251346588,0.009372197091579437,0.1222548857331276
0.05065453425049782,-0.018964573740959167,0.00945667177438736,0.12166038155555725
0.0506867840886116,-0.018657632172107697,0.00870254635810852,0.121581070125103
0.05071510374546051,-0.01887887716293335,0.008382055908441544,0.12145892530679703
0.05086025595664978,-0.019619546830654144,0.008962702006101608,0.12029773741960526
0.05091376230120659,-0.020224548876285553,0.009030461311340332,0.11989745497703552
0.05057520791888237,-0.020833611488342285,0.010512851178646088,0.12083841860294342
0.050355903804302216,-0.02099187672138214,0.010654065757989883,0.12138506770133972
0.049490801990032196,-0.02116035670042038,0.011467929929494858,0.12115900218486786
0.04924967885017395,-0.02102760225534439,0.011270727962255478,0.12127437442541122
0.049007996916770935,-0.020518295466899872,0.01167803630232811,0.12082110345363617
0.048688873648643494,-0.01977788656949997,0.012172259390354156,0.11909553408622742
0.04855884239077568,-0.019593864679336548,0.012161802500486374,0.11872419714927673
0.04865230992436409,-0.019771844148635864,0.012128178030252457,0.11684991419315338
0.04870679974555969,-0.020067930221557617,0.012094493955373764,0.11628150194883347
0.04871857538819313,-0.020176105201244354,0.012099765241146088,0.1162145733833313
0.04936403036117554,-0.020314432680606842,0.011884104460477829,0.11307483911514282
0.05045747011899948,-0.020148545503616333,0.01211075484752655,0.10756345093250275
0.05077587068080902,-0.02052370458841324,0.012477736920118332,0.10595593601465225
0.0517149344086647,-0.020417511463165283,0.012222297489643097,0.10271934419870377
0.051981691271066666,-0.020666763186454773,0.012348469346761703,0.10154406726360321
0.05272455886006355,-0.020456276834011078,0.012590613216161728,0.09891290217638016
0.052907317876815796,-0.02063433825969696,0.012911558151245117,0.09815499931573868
0.053275030106306076,-0.020055651664733887,0.012088175863027573,0.09681225568056107
0.05352006480097771,-0.020080693066120148,0.01100771501660347,0.09594035893678665
0.05365375056862831,-0.020111151039600372,0.010844588279724121,0.09559118002653122
0.05401329696178436,-0.01970907300710678,0.009914051741361618,0.09459826350212097
0.05417310819029808,-0.019649773836135864,0.009682070463895798,0.09416788071393967
0.054447174072265625,-0.019352898001670837,0.00819503515958786,0.09238491952419281
0.055095165967941284,-0.0193270742893219,0.00604880228638649,0.08954131603240967
0.055313073098659515,-0.019448325037956238,0.005535781383514404,0.08847463876008987
0.056027233600616455,-0.01964157074689865,0.004912585020065308,0.08587144315242767
0.05632489547133446,-0.0198839008808136,0.004758212715387344,0.08489610999822617
0.057153698056936264,-0.020397834479808807,0.0036926046013832092,0.08470199257135391
0.05741649866104126,-0.020757995545864105,0.003365863114595413,0.08448288589715958
0.05812142789363861,-0.019883625209331512,0.0036237910389900208,0.08282946795225143
0.05831586942076683,-0.019886083900928497,0.003771994262933731,0.08233129978179932
0.05829290300607681,-0.019624829292297363,0.0029369257390499115,0.08110292255878448
0.0583047941327095,-0.019615590572357178,0.0026342347264289856,0.08052311837673187
0.05862133949995041,-0.019247092306613922,0.0018754638731479645,0.07847154140472412
0.05921444296836853,-0.01835762709379196,0.0019502341747283936,0.0776485949754715
0.05932530760765076,-0.018327035009860992,0.002070687711238861,0.0775117576122284
0.05933940038084984,-0.01841074973344803,0.0020849108695983887,0.07748952507972717
0.059831179678440094,-0.017951354384422302,0.0025016702711582184,0.07662034034729004
0.06036205589771271,-0.017363302409648895,0.00335581973195076,0.07528561353683472
0.06036171317100525,-0.0172116756439209,0.0035319067537784576,0.07484515011310577
0.06065996736288071,-0.017225034534931183,0.0032848604023456573,0.07378565520048141
0.06074967980384827,-0.017287053167819977,0.003179360181093216,0.073401540517807
0.06128111481666565,-0.017101988196372986,0.0034661591053009033,0.07335785031318665
0.0613279789686203,-0.01707526296377182,0.003574918955564499,0.07324899733066559
0.06146790459752083,-0.017267175018787384,0.002796012908220291,0.0718335285782814
0.06116224825382233,-0.017603613436222076,0.0020860619843006134,0.07057042419910431
0.06116577982902527,-0.017768144607543945,0.0019122399389743805,0.07029921561479568
0.06117458641529083,-0.01776835322380066,0.0018995776772499084,0.07027403265237808
0.06139001250267029,-0.017508849501609802,0.0010329633951187134,0.06954315304756165
0.06148868799209595,-0.0173175111413002,0.0008045248687267303,0.06913544982671738
0.06162162497639656,-0.01748928427696228,0.0008736029267311096,0.06800130009651184
0.06158788502216339,-0.01738407462835312,0.0008505247533321381,0.06748414039611816
0.061522748321294785,-0.017732053995132446,0.0002790205180644989,0.06671524792909622
0.06168931722640991,-0.01762356609106064,-0.0002803616225719452,0.06529548019170761
0.06169097125530243,-0.01747419685125351,-0.00042973458766937256,0.06478890776634216
0.061687033623456955,-0.017504096031188965,-0.0004444047808647156,0.06472660601139069
0.06201397627592087,-0.01714254915714264,-0.0009214207530021667,0.06374313682317734
0.06229355186223984,-0.01625727117061615,-0.0003851689398288727,0.06193210184574127
0.06243354454636574,-0.016198761761188507,-0.00016665831208229065,0.061592087149620056
0.062379732728004456,-0.01574895530939102,0.00028398260474205017,0.06070442497730255
0.06235776096582413,-0.015546396374702454,0.00034576281905174255,0.06040511280298233
0.06270954012870789,-0.015250921249389648,0.0007147267460823059,0.059786342084407806
0.06269757449626923,-0.015004172921180725,0.0008301436901092529,0.05947979539632797
0.06268611550331116,-0.014923632144927979,0.0007537156343460083,0.05886776000261307
0.06265603005886078,-0.014723099768161774,0.0007935278117656708,0.05862865597009659
0.06272199749946594,-0.014368124306201935,0.0013735294342041016,0.05780419707298279
0.06270420551300049,-0.014175482094287872,0.0015727542340755463,0.05757606029510498
0.062377430498600006,-0.01432163268327713,0.0005833469331264496,0.05622097849845886
0.06262309849262238,-0.01382119208574295,-0.00023150816559791565,0.053721070289611816
0.06272408366203308,-0.013698086142539978,-0.00042590126395225525,0.05288964509963989
0.06291305273771286,-0.013736478984355927,-0.00017958134412765503,0.051649294793605804
0.06289328634738922,-0.013665743172168732,-2.473592758178711e-05,0.051092781126499176
0.06303181499242783,-0.013534396886825562,0.0007688738405704498,0.05091483145952225
0.063070148229599,-0.01365586370229721,0.0010502077639102936,0.05108340084552765
0.06339506059885025,-0.013042256236076355,0.0020265094935894012,0.050986893475055695
0.06345249712467194,-0.013000719249248505,0.002299778163433075,0.051107749342918396
0.063259556889534,-0.013174161314964294,0.0021959878504276276,0.05121156573295593
0.06318602710962296,-0.013088293373584747,0.0022083744406700134,0.05118201673030853
0.06339243054389954,-0.013019397854804993,0.001872386783361435,0.04962170124053955
0.06355160474777222,-0.013118542730808258,0.0017467699944972992,0.04908870905637741
0.06354984641075134,-0.013240702450275421,0.0023292899131774902,0.04896630346775055
0.06351787596940994,-0.01325235515832901,0.002547372132539749,0.04894878715276718
0.06377753615379333,-0.012600354850292206,0.0024112537503242493,0.04760614037513733
0.06387299299240112,-0.012441202998161316,0.002348441630601883,0.04707767069339752
0.06455878168344498,-0.011411204934120178,0.0023019611835479736,0.045155614614486694
0.06481854617595673,-0.011338204145431519,0.0022714920341968536,0.04451605677604675
0.06500482559204102,-0.010733969509601593,0.0024399682879447937,0.043795205652713776
0.0654354840517044,-0.01071455329656601,0.001934196799993515,0.04308047890663147
0.06561824679374695,-0.010801278054714203,0.0018565766513347626,0.04279990494251251
0.06604728102684021,-0.010747030377388,0.0010813884437084198,0.04195888340473175
0.06622657179832458,-0.010652586817741394,0.000874105840921402,0.041568659245967865
0.06628051400184631,-0.010432757437229156,0.0011590644717216492,0.04211776703596115
0.0662505179643631,-0.010292597115039825,0.0013381578028202057,0.04223274439573288
0.06689779460430145,-0.009914122521877289,0.0005887784063816071,0.041793085634708405
0.06707993149757385,-0.00962083786725998,0.00041383132338523865,0.041257649660110474
0.06717334687709808,-0.009622983634471893,0.00010222941637039185,0.04081839323043823
0.06733629107475281,-0.009535782039165497,-0.00012636929750442505,0.03936225175857544
0.06740543246269226,-0.0095292329788208,-0.00019333139061927795,0.03900740295648575
0.06753790378570557,-0.009166620671749115,0.00010464712977409363,0.039172686636447906
0.06751976907253265,-0.008950240910053253,0.00020642206072807312,0.03927476704120636
0.06751073896884918,-0.008920162916183472,0.0002174191176891327,0.039284393191337585
0.06804933398962021,-0.008216612040996552,0.0004365406930446625,0.038752481341362
0.06834354996681213,-0.0075946226716041565,0.0006397254765033722,0.038824938237667084
0.06837654113769531,-0.007461182773113251,0.0007181987166404724,0.038862280547618866
0.06833118200302124,-0.007278613746166229,0.0008700862526893616,0.038336098194122314
0.06834474951028824,-0.00729784369468689,0.0009023770689964294,0.03818078339099884
0.0685020238161087,-0.007393479347229004,0.0004174746572971344,0.03815716505050659
0.06855862587690353,-0.007353663444519043,0.00022706761956214905,0.038015276193618774
0.0688566267490387,-0.007484309375286102,-0.00012283027172088623,0.03874165564775467
0.06889278441667557,-0.007332310080528259,-0.00023664534091949463,0.038937248289585114
0.06933421641588211,-0.006610602140426636,-7.803365588188171e-05,0.03896399587392807
0.0693955048918724,-0.00633268803358078,-3.907829523086548e-06,0.03897542506456375
0.06998968124389648,-0.005663596093654633,-0.00028938427567481995,0.037904076278209686
0.0701807290315628,-0.005411326885223389,-0.0003620460629463196,0.037395037710666656
0.07037205994129181,-0.004906304180622101,-0.000583987683057785,0.03682924062013626
0.07042568922042847,-0.004743300378322601,-0.0006498284637928009,0.03654780983924866
0.07096382230520248,-0.004349827766418457,-0.000469844788312912,0.0356077179312706
0.07110652327537537,-0.004294589161872864,-0.00037284940481185913,0.03527478128671646
0.07127411663532257,-0.003918394446372986,0.00011623278260231018,0.03463754802942276
0.0712028443813324,-0.003623664379119873,0.0003588534891605377,0.03544779121875763
0.07103738188743591,-0.0033415332436561584,0.0003674700856208801,0.035544149577617645
0.07093578577041626,-0.003970518708229065,-6.346777081489563e-05,0.03575708717107773
0.07091730833053589,-0.004230976104736328,-0.0002447851002216339,0.03583940118551254
0.07105765491724014,-0.004468582570552826,-0.00046133995056152344,0.03617987036705017
0.07107017934322357,-0.004587650299072266,-0.0005154572427272797,0.03626415878534317
0.07142259180545807,-0.0043259114027023315,-7.072463631629944e-05,0.03633805364370346
0.0714627057313919,-0.004240013659000397,0.0001505427062511444,0.03639994561672211
0.07117540389299393,-0.004230275750160217,1.524016261100769e-05,0.03655046224594116
0.07114319503307343,-0.004361554980278015,-8.318573236465454e-06,0.036689117550849915
0.07101376354694366,-0.004280842840671539,5.763396620750427e-05,0.036539651453495026
0.07101121544837952,-0.0043450891971588135,8.413940668106079e-05,0.036550119519233704
0.07112375646829605,-0.00442938506603241,0.00021522864699363708,0.03672323375940323
0.07112975418567657,-0.004357174038887024,0.00025898218154907227,0.03679054230451584
0.07124695181846619,-0.004513651132583618,0.00016130506992340088,0.03668707609176636
0.0712624117732048,-0.004437156021595001,0.00015670061111450195,0.03657935559749603
0.07167124003171921,-0.00396525114774704,0.000521581619977951,0.03568577021360397
0.07221295684576035,-0.003711886703968048,0.0007457919418811798,0.03506685048341751
0.07234411686658859,-0.0037279129028320312,0.0007920823991298676,0.034838587045669556
0.0725402683019638,-0.003434993326663971,0.0016850605607032776,0.03416930139064789
0.07254882156848907,-0.0034424811601638794,0.0019660182297229767,0.034035809338092804
0.0725448727607727,-0.003561168909072876,0.0018039867281913757,0.03358975797891617
0.07256187498569489,-0.0036208704113960266,0.0017254538834095001,0.03341063857078552
0.07251521944999695,-0.003457598388195038,0.002071566879749298,0.033458009362220764
0.0724341869354248,-0.0031772181391716003,0.002205740660429001,0.033378541469573975
0.0723295658826828,-0.002925001084804535,0.002226985991001129,0.03303660452365875
0.07229618728160858,-0.002818487584590912,0.0021723099052906036,0.032948821783065796
0.07214254140853882,-0.00297633558511734,0.001698918640613556,0.032610371708869934
0.07212208211421967,-0.0030276328325271606,0.001537509262561798,0.032483577728271484
0.072107695043087,-0.0034712180495262146,0.0017016828060150146,0.03273354470729828
0.07227427512407303,-0.003158874809741974,0.0019683465361595154,0.03219297528266907
0.07233179360628128,-0.002887643873691559,0.002080097794532776,0.03202943503856659
0.07234016805887222,-0.0028145834803581238,0.002094365656375885,0.032013073563575745
0.07234672456979752,-0.002346545457839966,0.0021429769694805145,0.032225146889686584
0.07232436537742615,-0.002043791115283966,0.0021644383668899536,0.03229396045207977
0.07221950590610504,-0.0019067302346229553,0.0018144026398658752,0.03246118128299713
0.07262460887432098,-0.001539669930934906,0.001635875552892685,0.0320366770029068
0.07274492084980011,-0.0013756006956100464,0.0016685985028743744,0.031811296939849854
0.07302332669496536,-0.0016273707151412964,0.0016460269689559937,0.031107008457183838
0.07310188561677933,-0.0016723275184631348,0.001611229032278061,0.030815333127975464
0.07316503673791885,-0.0019227191805839539,0.001221250742673874,0.03059186041355133
0.07322937250137329,-0.00214269757270813,0.0010843202471733093,0.030532747507095337
0.07358699291944504,-0.0016785413026809692,0.001321837306022644,0.030425697565078735
0.07362792640924454,-0.0014685392379760742,0.0014030858874320984,0.03035038709640503
0.07387053966522217,-0.0016505420207977295,0.0013556815683841705,0.029690340161323547
0.0739293172955513,-0.001689314842224121,0.001321442425251007,0.029431715607643127
0.07398224622011185,-0.0016051828861236572,0.0012408867478370667,0.028957396745681763
0.07400122284889221,-0.001408398151397705,0.0012144073843955994,0.02874527871608734
0.07375231385231018,-0.0013974010944366455,0.0010707713663578033,0.029439926147460938
0.0736590251326561,-0.0012925714254379272,0.0010709762573242188,0.02962478995323181
0.07364913821220398,-0.0013208240270614624,0.0010849013924598694,0.029849141836166382
0.07363107055425644,-0.001362539827823639,0.0010893791913986206,0.029888197779655457
0.07355624437332153,-0.0015956908464431763,0.0005240067839622498,0.029474273324012756
0.07359828054904938,-0.0017056763172149658,0.00033310428261756897,0.02924206852912903
0.07368681579828262,-0.0019001737236976624,2.0112842321395874e-05,0.028700992465019226
0.07373933494091034,-0.0020172148942947388,-9.137764573097229e-05,0.02847398817539215
0.0735955610871315,-0.002293981611728668,-0.0003265403211116791,0.029081299901008606
0.07328163087368011,-0.002365700900554657,-0.0006569512188434601,0.02865031361579895
0.07325886934995651,-0.0024971291422843933,-0.000794578343629837,0.028449371457099915
0.07314788550138474,-0.0025734081864356995,-0.0010514147579669952,0.02772882580757141
0.07317367196083069,-0.002741388976573944,-0.001172911375761032,0.027440547943115234
0.0733683854341507,-0.00264035165309906,-0.0012768395245075226,0.026875928044319153
0.07345637679100037,-0.0025861188769340515,-0.0012932904064655304,0.026605337858200073
0.0735364630818367,-0.0024637430906295776,-0.0014123767614364624,0.026718243956565857
0.07355456054210663,-0.0023190155625343323,-0.0014613866806030273,0.02661636471748352
0.07357655465602875,-0.0023331046104431152,-0.0014860108494758606,0.026155084371566772
0.07359529286623001,-0.002288922667503357,-0.0015056915581226349,0.02593904733657837
0.0736209973692894,-0.0022719502449035645,-0.0016978718340396881,0.025577828288078308
0.07366815209388733,-0.002283059060573578,-0.001750107854604721,0.02548302710056305
0.07383060455322266,-0.0023758485913276672,-0.0018684528768062592,0.024989783763885498
0.07387597858905792,-0.0023997649550437927,-0.0018819347023963928,0.02479150891304016
0.07385342568159103,-0.0023621022701263428,-0.0019209012389183044,0.02371346950531006
0.07386980950832367,-0.002338610589504242,-0.001954704523086548,0.02335888147354126
0.07390348613262177,-0.0025054141879081726,-0.0017025694251060486,0.02365507185459137
0.07387534528970718,-0.0025743916630744934,-0.0016056932508945465,0.023816928267478943
0.07413456588983536,-0.002341426908969879,-0.0018833205103874207,0.02370479702949524
0.07419753074645996,-0.002234712243080139,-0.0020047277212142944,0.023520171642303467
0.07430656254291534,-0.0018574371933937073,-0.002195984125137329,0.02342209219932556
0.07432083040475845,-0.0016106367111206055,-0.0022601671516895294,0.02331702411174774
0.07432503998279572,-0.0017278268933296204,-0.0019066892564296722,0.023482710123062134
0.07442420721054077,-0.0015331432223320007,-0.0014692023396492004,0.024029329419136047
0.07439979910850525,-0.0013517066836357117,-0.0012957677245140076,0.024186119437217712
0.07458122074604034,-0.0011619850993156433,-0.0010883696377277374,0.024664491415023804
0.0745525136590004,-0.0010022073984146118,-0.0009799078106880188,0.024736613035202026
0.07471253722906113,-0.0005623325705528259,-0.00042165815830230713,0.025452151894569397
0.07474114000797272,-0.0003846660256385803,-0.00021349266171455383,0.025830164551734924
0.07505625486373901,-0.0005176439881324768,-0.00014004483819007874,0.0267704576253891
0.07506558299064636,-0.00040365010499954224,-9.426847100257874e-05,0.02704724669456482
0.07510726898908615,-0.00032142549753189087,1.4960765838623047e-05,0.02719646692276001
0.07511921972036362,-0.000362396240234375,3.137439489364624e-05,0.027299582958221436
0.07517468929290771,-0.00015608221292495728,-0.0001856088638305664,0.027604863047599792
0.07520252466201782,-6.545335054397583e-05,-0.0002561993896961212,0.027728945016860962
0.07542193681001663,2.0973384380340576e-05,-0.0005173757672309875,0.027976050972938538
0.07548384368419647,9.126216173171997e-05,-0.0005992390215396881,0.02800150215625763
0.07551436126232147,0.0005805343389511108,-0.0006663687527179718,0.028577402234077454
0.07537589967250824,0.0011160746216773987,-0.0007078014314174652,0.02837701141834259
0.07534626871347427,0.0012689903378486633,-0.0007419027388095856,0.02825295925140381
0.07534214109182358,0.001305609941482544,-0.0007467977702617645,0.028232663869857788
0.07513541728258133,0.001147441565990448,-0.0008297711610794067,0.028474867343902588
0.07511216402053833,0.0011472925543785095,-0.0011925213038921356,0.028567790985107422
0.0751202255487442,0.0011672824621200562,-0.001291077584028244,0.028490781784057617
0.07504796981811523,0.0012167394161224365,-0.0016403868794441223,0.028777211904525757
0.07503271847963333,0.0012011677026748657,-0.001819852739572525,0.028813615441322327
0.07499178498983383,0.0008808150887489319,-0.001814432442188263,0.029127508401870728
0.07494068145751953,0.0007063299417495728,-0.0018277913331985474,0.02917991578578949
0.0748278871178627,0.0006227120757102966,-0.001434430480003357,0.0290897935628891
0.07517807185649872,0.0008060932159423828,-0.001171361654996872,0.028416603803634644
0.07527034729719162,0.000997878611087799,-0.0010054558515548706,0.028090238571166992
0.0752824991941452,0.0010065585374832153,-0.0009840168058872223,0.028048008680343628
0.07555421441793442,0.0009482130408287048,-0.001287657767534256,0.0270843505859375
0.07564295828342438,0.0010929480195045471,-0.0013354606926441193,0.0265980064868927
0.07592670619487762,0.0008928999304771423,-0.00159502774477005,0.025890275835990906
0.07606646418571472,0.0008698850870132446,-0.0016524791717529297,0.02571292221546173
0.07602594047784805,0.0011383742094039917,-0.0019915513694286346,0.02596697211265564
0.07602393627166748,0.001307271420955658,-0.002113964408636093,0.026007622480392456
0.0758427157998085,0.00164688378572464,-0.0022710226476192474,0.026044219732284546
0.07577037066221237,0.0018526911735534668,-0.002349201589822769,0.025994539260864258
0.0754292905330658,0.0022255629301071167,-0.0018355287611484528,0.02581760287284851
0.07530145347118378,0.0023395270109176636,-0.0016991309821605682,0.025907859206199646
0.07565473765134811,0.0029735565185546875,-0.0016301311552524567,0.024834617972373962
0.07585576921701431,0.0030256733298301697,-0.0015979781746864319,0.02440403401851654
0.07595735043287277,0.003168843686580658,-0.0017162933945655823,0.024220362305641174
0.07581550627946854,0.0035000592470169067,-0.0017598532140254974,0.02374960482120514
0.07580961287021637,0.003512173891067505,-0.0017742142081260681,0.023594245314598083
0.07596839219331741,0.003856852650642395,-0.0017941668629646301,0.023076951503753662
0.07605012506246567,0.004035517573356628,-0.0017670132219791412,0.02289240062236786
0.07606562972068787,0.0040673911571502686,-0.0017626360058784485,0.02287285029888153
0.07607146352529526,0.004058673977851868,-0.001738179475069046,0.022850647568702698
0.07606063783168793,0.0040668100118637085,-0.0017348378896713257,0.022846296429634094
0.07604015618562698,0.004111148416996002,-0.0017356984317302704,0.02286708354949951
0.07602889090776443,0.0041582584381103516,-0.0017318613827228546,0.022872284054756165
0.07602223008871078,0.004175618290901184,-0.001733936369419098,0.022872984409332275
0.07602076232433319,0.004180833697319031,-0.0017350316047668457,0.02287311851978302
0.07602053880691528,0.004182107746601105,-0.0017351582646369934,0.0228731632232666
0.0760204941034317,0.0041825249791145325,-0.0017351582646369934,0.02287319302558899
0.07602247595787048,0.004182063043117523,-0.0017021000385284424,0.02288702130317688
0.07602117955684662,0.004185639321804047,-0.0016893111169338226,0.022897526621818542
0.07602063566446304,0.004186064004898071,-0.001689516007900238,0.02289937436580658
0.0760207325220108,0.004185833036899567,-0.0016899816691875458,0.02289918065071106
0.07602112740278244,0.004186570644378662,-0.0016878582537174225,0.02289821207523346
0.07603365927934647,0.004184514284133911,-0.0016890540719032288,0.02287137508392334
0.0760393962264061,0.004178754985332489,-0.0016912072896957397,0.02286224067211151
0.0760403573513031,0.0041771456599235535,-0.0016906335949897766,0.022858142852783203
0.0760406106710434,0.004175305366516113,-0.0016907453536987305,0.022857248783111572
0.07604070752859116,0.004174746572971344,-0.0016907602548599243,0.022857099771499634
0.07604062557220459,0.004176110029220581,-0.0016892291605472565,0.02285890281200409
0.07604013383388519,0.004177838563919067,-0.001686546951532364,0.022861436009407043
0.0760398656129837,0.004178531467914581,-0.0016857646405696869,0.022862479090690613
0.07603906095027924,0.004179328680038452,-0.0016856305301189423,0.022866517305374146
0.07603872567415237,0.004179425537586212,-0.0016856193542480469,0.02286812663078308
0.07603780180215836,0.004180192947387695,-0.0016889385879039764,0.02286738157272339
0.0760369747877121,0.0041818767786026,-0.0016873739659786224,0.022869646549224854
0.07603634893894196,0.0041825175285339355,-0.001686692237854004,0.022871077060699463
0.07603656500577927,0.0041820332407951355,-0.0016868337988853455,0.0228712260723114
0.07603666186332703,0.004181757569313049,-0.0016869567334651947,0.022871345281600952
0.07603667676448822,0.004181690514087677,-0.001686975359916687,0.022871389985084534
0.07603668421506882,0.00418168306350708,-0.001686975359916687,0.022871389985084534
0.07603573054075241,0.004181504249572754,-0.0016862638294696808,0.022874027490615845
0.07603529095649719,0.004181578755378723,-0.001686137169599533,0.022874996066093445
0.07603520900011063,0.004181630909442902,-0.0016861297190189362,0.022875100374221802
0.07603519409894943,0.004181653261184692,-0.0016861297190189362,0.022875100374221802
0.07603518664836884,0.004181668162345886,-0.0016861297190189362,0.022875100374221802
0.07603518664836884,0.004181668162345886,-0.0016861297190189362,0.022875100374221802
0.07603040337562561,0.004184506833553314,-0.0016988366842269897,0.022812694311141968
0.07603631913661957,0.004162199795246124,-0.0017101876437664032,0.022785797715187073
0.07604337483644485,0.004193119704723358,-0.0017425790429115295,0.022788643836975098
0.07604523003101349,0.004213951528072357,-0.001752898097038269,0.022786647081375122
0.07603519409894943,0.004213571548461914,-0.001778777688741684,0.022808611392974854
0.07605617493391037,0.004177577793598175,-0.0018272772431373596,0.02268199622631073
0.07607080042362213,0.004142425954341888,-0.0018398724496364594,0.022624775767326355
0.07610469311475754,0.00415106862783432,-0.0018552355468273163,0.022602543234825134
0.07611307501792908,0.004166603088378906,-0.001855466514825821,0.022591784596443176
0.076109878718853,0.004161827266216278,-0.0018693581223487854,0.02273888885974884
0.07610360532999039,0.004158198833465576,-0.0018670223653316498,0.022783368825912476
0.0761190876364708,0.004185564815998077,-0.001838788390159607,0.022750049829483032
0.07612331211566925,0.004189819097518921,-0.0018345750868320465,0.022745072841644287
0.07612907886505127,0.004193022847175598,-0.0017952695488929749,0.022812217473983765
0.07612501829862595,0.0042090266942977905,-0.0017695948481559753,0.022833988070487976
0.07613638043403625,0.0041741132736206055,-0.0017591305077075958,0.02283722162246704
0.07614133507013321,0.004161566495895386,-0.0017483830451965332,0.02283993363380432
0.07614734768867493,0.004135154187679291,-0.0018067583441734314,0.022827699780464172
0.07615163922309875,0.0041421204805374146,-0.0018228106200695038,0.022810950875282288
0.07615379989147186,0.004144340753555298,-0.0018245838582515717,0.022807523608207703
0.07609383761882782,0.00406327098608017,-0.0017613768577575684,0.022766560316085815
0.07608569413423538,0.003984458744525909,-0.0017441585659980774,0.022783726453781128
0.07591012865304947,0.003725014626979828,-0.0016555488109588623,0.02289503812789917
0.07587863504886627,0.003494948148727417,-0.0016667135059833527,0.02295355498790741
0.0760536789894104,0.0035252124071121216,-0.0016321763396263123,0.023335441946983337
0.07603836804628372,0.003757476806640625,-0.0015641413629055023,0.02344132959842682
0.07598084956407547,0.003765679895877838,-0.0014637969434261322,0.023746639490127563
0.07596085965633392,0.0037246346473693848,-0.001439213752746582,0.02388206124305725
0.07615707069635391,0.0039037466049194336,-0.0014889873564243317,0.023907452821731567
0.07617869228124619,0.004165120422840118,-0.0014664456248283386,0.02382674813270569
0.07642480731010437,0.0036564096808433533,-0.001198355108499527,0.023993566632270813
0.07661169767379761,0.0034730657935142517,-0.000883985310792923,0.024116769433021545
0.07668539881706238,0.003320761024951935,-0.0007845200598239899,0.02422410249710083
0.07690422981977463,0.0028993934392929077,-0.0007546842098236084,0.024306699633598328
0.0769226923584938,0.002666786313056946,-0.0007707029581069946,0.024308323860168457
0.07700061798095703,0.0026119351387023926,-0.0010576769709587097,0.024713069200515747
0.07699131220579147,0.0027308389544487,-0.000994812697172165,0.024779006838798523
0.07726994156837463,0.002918526530265808,-0.0008266419172286987,0.023449644446372986
0.07744226604700089,0.0027760639786720276,-0.0009335950016975403,0.023011356592178345
0.07733193039894104,0.00306064635515213,-0.0005465932190418243,0.02280832827091217
0.07729636132717133,0.003309495747089386,-0.0004136897623538971,0.022789523005485535
0.07732939720153809,0.0034051910042762756,-0.0006197839975357056,0.022632837295532227
0.07726813852787018,0.00341593474149704,-0.0009475536644458771,0.02255307137966156
0.07725732773542404,0.0034642592072486877,-0.0010855421423912048,0.022516682744026184
0.07723286747932434,0.003402628004550934,-0.001332249492406845,0.022674590349197388
0.07719665765762329,0.0035127103328704834,-0.0013976767659187317,0.022682860493659973
0.07719489932060242,0.004021778702735901,-0.0015336833894252777,0.023702874779701233
0.07713834941387177,0.004332810640335083,-0.001405276358127594,0.024051010608673096
0.07745209336280823,0.004711747169494629,-0.0012807920575141907,0.023550525307655334
0.07752499729394913,0.004848785698413849,-0.0011734068393707275,0.02332136034965515
0.07747703045606613,0.004994511604309082,-0.0009505152702331543,0.02315342426300049
0.07756175100803375,0.0053527504205703735,-0.0011055804789066315,0.022518187761306763
0.07754203677177429,0.005718789994716644,-0.0012377165257930756,0.022204667329788208
0.07763244211673737,0.005919158458709717,-0.0014959610998630524,0.02145664393901825
0.07767308503389359,0.006086081266403198,-0.0015942417085170746,0.021190330386161804
0.07770687341690063,0.0062079355120658875,-0.001517999917268753,0.02086220681667328
0.07771319895982742,0.006287090480327606,-0.0015235282480716705,0.020740926265716553
0.07771342247724533,0.00629039853811264,-0.0015257373452186584,0.020726263523101807
0.07771337777376175,0.00628865510225296,-0.001525983214378357,0.02072453498840332
0.07771337777376175,0.006287835538387299,-0.00152602419257164,0.02072429656982422
0.07771337777376175,0.006287567317485809,-0.0015260428190231323,0.02072426676750183
0.07771337777376175,0.006287507712841034,-0.0015260428190231323,0.02072426676750183
0.07771337777376175,0.0062874555587768555,-0.0015260428190231323,0.02072426676750183
0.07771337777376175,0.0062874555587768555,-0.0015260428190231323,0.02072426676750183
0.07771337777376175,0.0062874481081962585,-0.0015260428190231323,0.02072426676750183
0.07771337777376175,0.0062874481081962585,-0.0015260428190231323,0.02072426676750183
0.07771337777376175,0.0062874481081962585,-0.0015260428190231323,0.02072426676750183
0.07771337777376175,0.0062874481081962585,-0.0015260428190231323,0.02072426676750183
0.07771337777376175,0.0062874481081962585,-0.0015260428190231323,0.02072426676750183
0.07771337777376175,0.0062874481081962585,-0.0015260428190231323,0.02072426676750183
0.07771337777376175,0.0062874481081962585,-0.0015260428190231323,0.02072426676750183
0.07771337777376175,0.0062874481081962585,-0.0015260428190231323,0.02072426676750183
0.07771337777376175,0.0062874481081962585,-0.0015260428190231323,0.02072426676750183
0.07771337777376175,0.0062874481081962585,-0.0015260428190231323,0.02072426676750183
0.07771337777376175,0.0062874481081962585,-0.0015260428190231323,0.02072426676750183
0.07771337777376175,0.0062874481081962585,-0.0015260428190231323,0.02072426676750183
0.07771337777376175,0.0062874481081962585,-0.0015260428190231323,0.02072426676750183
0.07771337777376175,0.0062874481081962585,-0.0015260428190231323,0.02072426676750183
0.07771337777376175,0.0062874481081962585,-0.0015260428190231323,0.02072426676750183
0.07771337777376175,0.0062874481081962585,-0.0015260428190231323,0.02072426676750183
0.07771337777376175,0.0062874481081962585,-0.0015260428190231323,0.02072426676750183
0.07771337777376175,0.0062874481081962585,-0.0015260428190231323,0.02072426676750183
0.07771337777376175,0.0062874481081962585,-0.0015260428190231323,0.02072426676750183
0.07771337777376175,0.0062874481081962585,-0.0015260428190231323,0.02072426676750183
0.07771337777376175,0.0062874481081962585,-0.0015260428190231323,0.02072426676750183
0.07771337777376175,0.0062874481081962585,-0.0015260428190231323,0.02072426676750183
0.07771337777376175,0.0062874481081962585,-0.0015260428190231323,0.02072426676750183
0.07771337777376175,0.0062874481081962585,-0.0015260428190231323,0.02072426676750183
0.07771337777376175,0.0062874481081962585,-0.0015260428190231323,0.02072426676750183
0.07771337777376175,0.0062874481081962585,-0.0015260428190231323,0.02072426676750183
0.07771337777376175,0.0062874481081962585,-0.0015260428190231323,0.02072426676750183
0.07771337777376175,0.0062874481081962585,-0.0015260428190231323,0.02072426676750183
0.07771337777376175,0.0062874481081962585,-0.0015260428190231323,0.02072426676750183
0.07771473377943039,0.006292715668678284,-0.0015166029334068298,0.020721644163131714
0.07771585881710052,0.006291575729846954,-0.0015130676329135895,0.020722299814224243
0.07772158086299896,0.00631318986415863,-0.0014738738536834717,0.02071240544319153
0.07772635668516159,0.006308369338512421,-0.0014592930674552917,0.02071520686149597
0.07772982865571976,0.0063169971108436584,-0.001440390944480896,0.020711660385131836
0.07773212343454361,0.006314717233181,-0.0014337897300720215,0.020713120698928833
0.07773943245410919,0.0063415467739105225,-0.0013855211436748505,0.020700916647911072
0.07774534821510315,0.006335541605949402,-0.0013675317168235779,0.02070428431034088
0.07774864137172699,0.006353899836540222,-0.0013722851872444153,0.020688384771347046
0.07775270938873291,0.006356038153171539,-0.0013724491000175476,0.02067585289478302
0.07774253189563751,0.006337672472000122,-0.0014233514666557312,0.02070605754852295
0.07775494456291199,0.006286971271038055,-0.001450955867767334,0.020711347460746765
0.07774194329977036,0.00618281215429306,-0.0014939866960048676,0.02065064013004303
0.07771072536706924,0.00616619735956192,-0.0014720670878887177,0.020668208599090576
0.07769306749105453,0.006200157105922699,-0.001450762152671814,0.020685866475105286
0.0776890218257904,0.006209865212440491,-0.0014475956559181213,0.020688623189926147
0.07769811153411865,0.006230786442756653,-0.0014072731137275696,0.020733952522277832
0.0777076780796051,0.006211362779140472,-0.0013886354863643646,0.02075985074043274
0.07773483544588089,0.00626111775636673,-0.0012933164834976196,0.020733073353767395
0.07774452865123749,0.006252400577068329,-0.0012519508600234985,0.020735561847686768
0.0777563527226448,0.006206035614013672,-0.0012702755630016327,0.021018385887145996
0.07770978659391403,0.006099440157413483,-0.0012878291308879852,0.021313950419425964
0.07766852527856827,0.006086714565753937,-0.0012989528477191925,0.021373197436332703
0.07767964899539948,0.006178349256515503,-0.0011393837630748749,0.02126513421535492
0.0776984915137291,0.006185419857501984,-0.0010898932814598083,0.021249398589134216
0.07767646014690399,0.006073556840419769,-0.001118481159210205,0.021158143877983093
0.07767380774021149,0.006016731262207031,-0.001120295375585556,0.021136611700057983
0.07763730734586716,0.005860470235347748,-0.0010888651013374329,0.021412372589111328
0.0776236355304718,0.005759350955486298,-0.0010570250451564789,0.02153685688972473
0.07758281379938126,0.005808092653751373,-0.0007397644221782684,0.0215434730052948
0.07759961485862732,0.005586259067058563,-0.0006288625299930573,0.02161829173564911
0.07736526429653168,0.0053238943219184875,-0.0011625215411186218,0.022672533988952637
0.07723554968833923,0.00525384396314621,-0.0006410889327526093,0.022308513522148132
0.07725699990987778,0.005206942558288574,-0.0005346052348613739,0.022219151258468628
0.07689785957336426,0.005174659192562103,-0.0002348385751247406,0.023214414715766907
0.0768376886844635,0.004998683929443359,-0.00015275180339813232,0.023651346564292908
0.07644220441579819,0.005138307809829712,-0.00020771846175193787,0.022262737154960632
0.07643235474824905,0.005043193697929382,-0.00029344484210014343,0.021862581372261047
0.07654798030853271,0.005544237792491913,0.00019513443112373352,0.021676570177078247
0.07652484625577927,0.005705654621124268,0.0003377199172973633,0.021718502044677734
0.07654274255037308,0.005245909094810486,-0.0007924884557723999,0.02266053855419159
0.07655874639749527,0.0052517130970954895,-0.0011470727622509003,0.022844046354293823
0.07613176107406616,0.0043580010533332825,-0.0013025552034378052,0.022936224937438965
0.07609441131353378,0.004253588616847992,-0.0017416737973690033,0.022836580872535706
0.07615816593170166,0.004189684987068176,-0.0018537826836109161,0.022738412022590637
0.0761747658252716,0.0041656941175460815,-0.0018644817173480988,0.022724181413650513
0.07617783546447754,0.004159405827522278,-0.0018654726445674896,0.022723287343978882
0.07618261128664017,0.004156820476055145,-0.0018744952976703644,0.02270856499671936
0.07618511468172073,0.0041547417640686035,-0.0018772073090076447,0.022701382637023926
0.07617975026369095,0.00414586067199707,-0.001890767365694046,0.022730335593223572
0.07619982212781906,0.004040338099002838,-0.001908574253320694,0.02273043990135193
0.07642315328121185,0.0036888495087623596,-0.0018147751688957214,0.023377060890197754
0.07638745754957199,0.0038371607661247253,-0.0016849972307682037,0.023546189069747925
0.0768229067325592,0.004340790212154388,-0.001652635633945465,0.022783279418945312
0.0769822746515274,0.004322446882724762,-0.001669071614742279,0.022468075156211853
0.0771193653345108,0.00408056378364563,-0.0009669624269008636,0.022532999515533447
0.07708320021629333,0.00413147360086441,-0.0006885156035423279,0.022738128900527954
0.07702097296714783,0.0033930540084838867,-0.0010027028620243073,0.02326597273349762
0.07696749269962311,0.003318570554256439,-0.0011018067598342896,0.023340240120887756
0.07703255116939545,0.0031524524092674255,-0.001358669251203537,0.022969111800193787
0.07747089117765427,0.004093147814273834,-0.0013592131435871124,0.021481454372406006
0.07756394892930984,0.004721358418464661,-0.0012572519481182098,0.020957887172698975
0.07750813663005829,0.004616834223270416,-0.0009589940309524536,0.021175161004066467
0.07749313116073608,0.004529938101768494,-0.0008616745471954346,0.02138538658618927
0.07753639668226242,0.005013041198253632,-0.0011138394474983215,0.02128194272518158
0.07754775136709213,0.005360744893550873,-0.0012093819677829742,0.021105080842971802
0.07776474952697754,0.005760818719863892,-0.0014886707067489624,0.020954757928848267
0.07774040102958679,0.006188780069351196,-0.0015119612216949463,0.020780816674232483
0.07771894335746765,0.006261907517910004,-0.0015218555927276611,0.02074052393436432
0.07771431654691696,0.006280913949012756,-0.0015255585312843323,0.02072697877883911
0.07771352678537369,0.006285473704338074,-0.00152597576379776,0.020724669098854065
0.07771340012550354,0.00628681480884552,-0.00152602419257164,0.02072429656982422
0.07771337777376175,0.006287246942520142,-0.0015260428190231323,0.02072426676750183
0.07771337777376175,0.006287388503551483,-0.0015260428190231323,0.02072426676750183
0.07771337777376175,0.006287425756454468,-0.0015260428190231323,0.02072426676750183
0.07771337777376175,0.0062874481081962585,-0.0015260428190231323,0.02072426676750183
0.07771337777376175,0.0062874481081962585,-0.0015260428190231323,0.02072426676750183
0.07771337777376175,0.0062874481081962585,-0.0015260428190231323,0.02072426676750183
0.07771337777376175,0.0062874481081962585,-0.0015260428190231323,0.02072426676750183
0.07771337777376175,0.0062874481081962585,-0.0015260428190231323,0.02072426676750183
0.07771337777376175,0.0062874481081962585,-0.0015260428190231323,0.02072426676750183
0.07771337777376175,0.0062874481081962585,-0.0015260428190231323,0.02072426676750183
0.07771337777376175,0.0062874481081962585,-0.0015260428190231323,0.02072426676750183
0.07771337777376175,0.0062874481081962585,-0.0015260428190231323,0.02072426676750183
0.07771337777376175,0.0062874481081962585,-0.0015260428190231323,0.02072426676750183
0.07771337777376175,0.0062874481081962585,-0.0015260428190231323,0.02072426676750183
0.07771337777376175,0.0062874481081962585,-0.0015260428190231323,0.02072426676750183
0.07771337777376175,0.0062874481081962585,-0.0015260428190231323,0.02072426676750183
0.07771337777376175,0.0062874481081962585,-0.0015260428190231323,0.02072426676750183
0.07771337777376175,0.0062874481081962585,-0.0015260428190231323,0.02072426676750183
0.07771337777376175,0.0062874481081962585,-0.0015260428190231323,0.02072426676750183
0.07771337777376175,0.0062874481081962585,-0.0015260428190231323,0.02072426676750183
0.07771337777376175,0.0062874481081962585,-0.0015260428190231323,0.02072426676750183
0.07771337777376175,0.0062874481081962585,-0.0015260428190231323,0.02072426676750183
0.07771337777376175,0.0062874481081962585,-0.0015260428190231323,0.02072426676750183
0.07771337777376175,0.0062874481081962585,-0.0015260428190231323,0.02072426676750183
0.07771337777376175,0.0062874481081962585,-0.0015260428190231323,0.02072426676750183
0.07771337777376175,0.0062874481081962585,-0.0015260428190231323,0.02072426676750183
0.07771337777376175,0.0062874481081962585,-0.0015260428190231323,0.02072426676750183
0.07771337777376175,0.0062874481081962585,-0.0015260428190231323,0.02072426676750183
0.07771337777376175,0.0062874481081962585,-0.0015260428190231323,0.02072426676750183
0.07771337777376175,0.0062874481081962585,-0.0015260428190231323,0.02072426676750183
0.07771337777376175,0.0062874481081962585,-0.0015260428190231323,0.02072426676750183
0.07771337777376175,0.0062874481081962585,-0.0015260428190231323,0.02072426676750183
0.07771337777376175,0.0062874481081962585,-0.0015260428190231323,0.02072426676750183
0.07771337777376175,0.0062874481081962585,-0.0015260428190231323,0.02072426676750183
0.07771337777376175,0.0062874481081962585,-0.0015260428190231323,0.02072426676750183
0.07771337777376175,0.0062874481081962585,-0.0015260428190231323,0.02072426676750183
0.07771337777376175,0.0062874481081962585,-0.0015260428190231323,0.02072426676750183
0.07771337777376175,0.0062874481081962585,-0.0015260428190231323,0.02072426676750183
0.07771337777376175,0.0062874481081962585,-0.0015260428190231323,0.02072426676750183
0.07771337777376175,0.0062874481081962585,-0.0015260428190231323,0.02072426676750183
0.07771337777376175,0.0062874481081962585,-0.0015260428190231323,0.02072426676750183
0.07771337777376175,0.0062874481081962585,-0.0015260428190231323,0.02072426676750183
0.07771337777376175,0.0062874481081962585,-0.0015260428190231323,0.02072426676750183
0.07771337777376175,0.0062874481081962585,-0.0015260428190231323,0.02072426676750183
0.07771337777376175,0.0062874481081962585,-0.0015260428190231323,0.02072426676750183
0.07771337777376175,0.0062874481081962585,-0.0015260428190231323,0.02072426676750183
0.07771337777376175,0.0062874481081962585,-0.0015260428190231323,0.02072426676750183
0.07771337777376175,0.0062874481081962585,-0.0015260428190231323,0.02072426676750183
0.07771337777376175,0.0062874481081962585,-0.0015260428190231323,0.02072426676750183
0.07771337777376175,0.0062874481081962585,-0.0015260428190231323,0.02072426676750183
0.07771337777376175,0.0062874481081962585,-0.0015260428190231323,0.02072426676750183
0.07771337777376175,0.0062874481081962585,-0.0015260428190231323,0.02072426676750183
0.07771337777376175,0.0062874481081962585,-0.0015260428190231323,0.02072426676750183
0.07771337777376175,0.0062874481081962585,-0.0015260428190231323,0.02072426676750183
0.07771337777376175,0.0062874481081962585,-0.0015260428190231323,0.02072426676750183
0.07771337777376175,0.0062874481081962585,-0.0015260428190231323,0.02072426676750183
0.07771337777376175,0.0062874481081962585,-0.0015260428190231323,0.02072426676750183
0.07771337777376175,0.0062874481081962585,-0.0015260428190231323,0.02072426676750183
0.07771337777376175,0.0062874481081962585,-0.0015260428190231323,0.02072426676750183
0.07771337777376175,0.0062874481081962585,-0.0015260428190231323,0.02072426676750183
0.07771337777376175,0.0062874481081962585,-0.0015260428190231323,0.02072426676750183
0.07771337777376175,0.0062874481081962585,-0.0015260428190231323,0.02072426676750183
0.07771337777376175,0.0062874481081962585,-0.0015260428190231323,0.02072426676750183
0.07771337777376175,0.0062874481081962585,-0.0015260428190231323,0.02072426676750183
0.07771337777376175,0.0062874481081962585,-0.0015260428190231323,0.02072426676750183
0.07771337777376175,0.0062874481081962585,-0.0015260428190231323,0.02072426676750183
0.07771337777376175,0.0062874481081962585,-0.0015260428190231323,0.02072426676750183
0.07771337777376175,0.0062874481081962585,-0.0015260428190231323,0.02072426676750183
0.07771337777376175,0.0062874481081962585,-0.0015260428190231323,0.02072426676750183
0.07771337777376175,0.0062874481081962585,-0.0015260428190231323,0.02072426676750183
0.07771337777376175,0.0062874481081962585,-0.0015260428190231323,0.02072426676750183
0.07771337777376175,0.0062874481081962585,-0.0015260428190231323,0.02072426676750183
0.07771337777376175,0.0062874481081962585,-0.0015260428190231323,0.02072426676750183
0.07771337777376175,0.0062874481081962585,-0.0015260428190231323,0.02072426676750183
0.07771337777376175,0.0062874481081962585,-0.0015260428190231323,0.02072426676750183
0.07771337777376175,0.0062874481081962585,-0.0015260428190231323,0.02072426676750183
0.07771337777376175,0.0062874481081962585,-0.0015260428190231323,0.02072426676750183
0.07771337777376175,0.0062874481081962585,-0.0015260428190231323,0.02072426676750183
0.07771337777376175,0.0062874481081962585,-0.0015260428190231323,0.02072426676750183
0.07771337777376175,0.0062874481081962585,-0.0015260428190231323,0.02072426676750183
0.07771337777376175,0.0062874481081962585,-0.0015260428190231323,0.02072426676750183
0.07771337777376175,0.0062874481081962585,-0.0015260428190231323,0.02072426676750183
0.07771337777376175,0.0062874481081962585,-0.0015260428190231323,0.02072426676750183
0.07771337777376175,0.0062874481081962585,-0.0015260428190231323,0.02072426676750183
0.07771337777376175,0.0062874481081962585,-0.0015260428190231323,0.02072426676750183
0.07771337777376175,0.0062874481081962585,-0.0015260428190231323,0.02072426676750183
0.07771337777376175,0.0062874481081962585,-0.0015260428190231323,0.02072426676750183
0.07771337777376175,0.0062874481081962585,-0.0015260428190231323,0.02072426676750183
0.07771337777376175,0.0062874481081962585,-0.0015260428190231323,0.02072426676750183
0.07771337777376175,0.0062874481081962585,-0.0015260428190231323,0.02072426676750183
0.07771337777376175,0.0062874481081962585,-0.0015260428190231323,0.02072426676750183
0.07771337777376175,0.0062874481081962585,-0.0015260428190231323,0.02072426676750183
0.07771337777376175,0.0062874481081962585,-0.0015260428190231323,0.02072426676750183
0.07771337777376175,0.0062874481081962585,-0.0015260428190231323,0.02072426676750183
0.07771337777376175,0.0062874481081962585,-0.0015260428190231323,0.02072426676750183
0.07771337777376175,0.0062874481081962585,-0.0015260428190231323,0.02072426676750183
0.07771337777376175,0.0062874481081962585,-0.0015260428190231323,0.02072426676750183
0.07771337777376175,0.0062874481081962585,-0.0015260428190231323,0.02072426676750183
0.07771337777376175,0.0062874481081962585,-0.0015260428190231323,0.02072426676750183
0.07771337777376175,0.0062874481081962585,-0.0015260428190231323,0.02072426676750183
0.07771337777376175,0.0062874481081962585,-0.0015260428190231323,0.02072426676750183
0.07771337777376175,0.0062874481081962585,-0.0015260428190231323,0.02072426676750183
0.07771337777376175,0.0062874481081962585,-0.0015260428190231323,0.02072426676750183
0.07771337777376175,0.0062874481081962585,-0.0015260428190231323,0.02072426676750183
0.07771337777376175,0.0062874481081962585,-0.0015260428190231323,0.02072426676750183
0.07771337777376175,0.0062874481081962585,-0.0015260428190231323,0.02072426676750183
0.07771337777376175,0.0062874481081962585,-0.0015260428190231323,0.02072426676750183
0.07771337777376175,0.0062874481081962585,-0.0015260428190231323,0.02072426676750183
0.07771337777376175,0.0062874481081962585,-0.0015260428190231323,0.02072426676750183
0.07771337777376175,0.0062874481081962585,-0.0015260428190231323,0.02072426676750183
0.07771337777376175,0.0062874481081962585,-0.0015260428190231323,0.02072426676750183
0.07771337777376175,0.0062874481081962585,-0.0015260428190231323,0.02072426676750183
0.07771337777376175,0.0062874481081962585,-0.0015260428190231323,0.02072426676750183
0.07771337777376175,0.0062874481081962585,-0.0015260428190231323,0.02072426676750183
0.07771337777376175,0.0062874481081962585,-0.0015260428190231323,0.02072426676750183
0.07771337777376175,0.0062874481081962585,-0.0015260428190231323,0.02072426676750183
0.07771337777376175,0.0062874481081962585,-0.0015260428190231323,0.02072426676750183
0.07771337777376175,0.0062874481081962585,-0.0015260428190231323,0.02072426676750183
0.07771337777376175,0.0062874481081962585,-0.0015260428190231323,0.02072426676750183
0.07771337777376175,0.0062874481081962585,-0.0015260428190231323,0.02072426676750183
0.07771337777376175,0.0062874481081962585,-0.0015260428190231323,0.02072426676750183
0.07771337777376175,0.0062874481081962585,-0.0015260428190231323,0.02072426676750183
0.07771337777376175,0.0062874481081962585,-0.0015260428190231323,0.02072426676750183
0.07771337777376175,0.0062874481081962585,-0.0015260428190231323,0.02072426676750183
0.07771337777376175,0.0062874481081962585,-0.0015260428190231323,0.02072426676750183
0.07771337777376175,0.0062874481081962585,-0.0015260428190231323,0.02072426676750183
0.07771337777376175,0.0062874481081962585,-0.0015260428190231323,0.02072426676750183
0.07771337777376175,0.0062874481081962585,-0.0015260428190231323,0.02072426676750183
0.07771337777376175,0.0062874481081962585,-0.0015260428190231323,0.02072426676750183
0.07771337777376175,0.0062874481081962585,-0.0015260428190231323,0.02072426676750183
0.07771337777376175,0.0062874481081962585,-0.0015260428190231323,0.02072426676750183
0.07771337777376175,0.0062874481081962585,-0.0015260428190231323,0.02072426676750183
0.07771337777376175,0.0062874481081962585,-0.0015260428190231323,0.02072426676750183
0.07771337777376175,0.0062874481081962585,-0.0015260428190231323,0.02072426676750183
0.07771337777376175,0.0062874481081962585,-0.0015260428190231323,0.02072426676750183
0.07771337777376175,0.0062874481081962585,-0.0015260428190231323,0.02072426676750183
0.07771337777376175,0.0062874481081962585,-0.0015260428190231323,0.02072426676750183
0.07771337777376175,0.0062874481081962585,-0.0015260428190231323,0.02072426676750183
0.07771337777376175,0.0062874481081962585,-0.0015260428190231323,0.02072426676750183
0.07771337777376175,0.0062874481081962585,-0.0015260428190231323,0.02072426676750183
0.07771337777376175,0.0062874481081962585,-0.0015260428190231323,0.02072426676750183
0.07771337777376175,0.0062874481081962585,-0.0015260428190231323,0.02072426676750183
0.07771337777376175,0.0062874481081962585,-0.0015260428190231323,0.02072426676750183
0.07771337777376175,0.0062874481081962585,-0.0015260428190231323,0.02072426676750183
0.07771337777376175,0.0062874481081962585,-0.0015260428190231323,0.02072426676750183
0.07771337777376175,0.0062874481081962585,-0.0015260428190231323,0.02072426676750183
0.07771337777376175,0.0062874481081962585,-0.0015260428190231323,0.02072426676750183
0.07771337777376175,0.0062874481081962585,-0.0015260428190231323,0.02072426676750183
0.07771337777376175,0.0062874481081962585,-0.0015260428190231323,0.02072426676750183
0.07771337777376175,0.0062874481081962585,-0.0015260428190231323,0.02072426676750183
0.07771337777376175,0.0062874481081962585,-0.0015260428190231323,0.02072426676750183
0.07771337777376175,0.0062874481081962585,-0.0015260428190231323,0.02072426676750183
0.07771337777376175,0.0062874481081962585,-0.0015260428190231323,0.02072426676750183
0.07771337777376175,0.0062874481081962585,-0.0015260428190231323,0.02072426676750183
0.07771337777376175,0.0062874481081962585,-0.0015260428190231323,0.02072426676750183
0.07771337777376175,0.0062874481081962585,-0.0015260428190231323,0.02072426676750183
0.07771337777376175,0.0062874481081962585,-0.0015260428190231323,0.02072426676750183
0.07771337777376175,0.0062874481081962585,-0.0015260428190231323,0.02072426676750183
0.07771337777376175,0.0062874481081962585,-0.0015260428190231323,0.02072426676750183
0.07771337777376175,0.0062874481081962585,-0.0015260428190231323,0.02072426676750183
0.07771337777376175,0.0062874481081962585,-0.0015260428190231323,0.02072426676750183
0.07771337777376175,0.0062874481081962585,-0.0015260428190231323,0.02072426676750183
0.07771337777376175,0.0062874481081962585,-0.0015260428190231323,0.02072426676750183
0.07771337777376175,0.0062874481081962585,-0.0015260428190231323,0.02072426676750183
0.07771337777376175,0.0062874481081962585,-0.0015260428190231323,0.02072426676750183
0.07771337777376175,0.0062874481081962585,-0.0015260428190231323,0.02072426676750183
0.07771337777376175,0.0062874481081962585,-0.0015260428190231323,0.02072426676750183
0.07771337777376175,0.0062874481081962585,-0.0015260428190231323,0.02072426676750183
0.07771337777376175,0.0062874481081962585,-0.0015260428190231323,0.02072426676750183
0.07771337777376175,0.0062874481081962585,-0.0015260428190231323,0.02072426676750183
0.07771337777376175,0.0062874481081962585,-0.0015260428190231323,0.02072426676750183
0.07771337777376175,0.0062874481081962585,-0.0015260428190231323,0.02072426676750183
0.07771337777376175,0.0062874481081962585,-0.0015260428190231323,0.02072426676750183
0.07771337777376175,0.0062874481081962585,-0.0015260428190231323,0.02072426676750183
0.07771337777376175,0.0062874481081962585,-0.0015260428190231323,0.02072426676750183
0.07771337777376175,0.0062874481081962585,-0.0015260428190231323,0.02072426676750183
0.07771337777376175,0.0062874481081962585,-0.0015260428190231323,0.02072426676750183
0.07771337777376175,0.0062874481081962585,-0.0015260428190231323,0.02072426676750183
0.07771337777376175,0.0062874481081962585,-0.0015260428190231323,0.02072426676750183
0.07771337777376175,0.0062874481081962585,-0.0015260428190231323,0.02072426676750183
0.07771337777376175,0.0062874481081962585,-0.0015260428190231323,0.02072426676750183
0.07771337777376175,0.0062874481081962585,-0.0015260428190231323,0.02072426676750183
0.07771337777376175,0.0062874481081962585,-0.0015260428190231323,0.02072426676750183
0.07771337777376175,0.0062874481081962585,-0.0015260428190231323,0.02072426676750183
0.07771337777376175,0.0062874481081962585,-0.0015260428190231323,0.02072426676750183
0.07771337777376175,0.0062874481081962585,-0.0015260428190231323,0.02072426676750183
0.07771337777376175,0.0062874481081962585,-0.0015260428190231323,0.02072426676750183
0.07771337777376175,0.0062874481081962585,-0.0015260428190231323,0.02072426676750183
0.07771337777376175,0.0062874481081962585,-0.0015260428190231323,0.02072426676750183
0.07771337777376175,0.0062874481081962585,-0.0015260428190231323,0.02072426676750183
0.07771337777376175,0.0062874481081962585,-0.0015260428190231323,0.02072426676750183
0.07771337777376175,0.0062874481081962585,-0.0015260428190231323,0.02072426676750183
0.07771337777376175,0.0062874481081962585,-0.0015260428190231323,0.02072426676750183
0.07771337777376175,0.0062874481081962585,-0.0015260428190231323,0.02072426676750183
0.07771337777376175,0.0062874481081962585,-0.0015260428190231323,0.02072426676750183
0.07771337777376175,0.0062874481081962585,-0.0015260428190231323,0.02072426676750183
0.07771337777376175,0.0062874481081962585,-0.0015260428190231323,0.02072426676750183
0.07771337777376175,0.0062874481081962585,-0.0015260428190231323,0.02072426676750183
0.07771337777376175,0.0062874481081962585,-0.0015260428190231323,0.02072426676750183
0.07771337777376175,0.0062874481081962585,-0.0015260428190231323,0.02072426676750183
0.07771337777376175,0.0062874481081962585,-0.0015260428190231323,0.02072426676750183
0.07771337777376175,0.0062874481081962585,-0.0015260428190231323,0.02072426676750183
0.07771337777376175,0.0062874481081962585,-0.0015260428190231323,0.02072426676750183
0.07771337777376175,0.0062874481081962585,-0.0015260428190231323,0.02072426676750183
0.07771337777376175,0.0062874481081962585,-0.0015260428190231323,0.02072426676750183
0.07771337777376175,0.0062874481081962585,-0.0015260428190231323,0.02072426676750183
0.07771337777376175,0.0062874481081962585,-0.0015260428190231323,0.02072426676750183
0.07771337777376175,0.0062874481081962585,-0.0015260428190231323,0.02072426676750183
0.07771337777376175,0.0062874481081962585,-0.0015260428190231323,0.02072426676750183
0.07771337777376175,0.0062874481081962585,-0.0015260428190231323,0.02072426676750183
0.07771337777376175,0.0062874481081962585,-0.0015260428190231323,0.02072426676750183
0.07771337777376175,0.0062874481081962585,-0.0015260428190231323,0.02072426676750183
0.07771337777376175,0.0062874481081962585,-0.0015260428190231323,0.02072426676750183
0.07771337777376175,0.0062874481081962585,-0.0015260428190231323,0.02072426676750183
0.07771337777376175,0.0062874481081962585,-0.0015260428190231323,0.02072426676750183
0.07771337777376175,0.0062874481081962585,-0.0015260428190231323,0.02072426676750183
0.07771337777376175,0.0062874481081962585,-0.0015260428190231323,0.02072426676750183
0.07771337777376175,0.0062874481081962585,-0.0015260428190231323,0.02072426676750183
0.07771337777376175,0.0062874481081962585,-0.0015260428190231323,0.02072426676750183
0.07771337777376175,0.0062874481081962585,-0.0015260428190231323,0.02072426676750183
0.07771337777376175,0.0062874481081962585,-0.0015260428190231323,0.02072426676750183
0.07771337777376175,0.0062874481081962585,-0.0015260428190231323,0.02072426676750183
0.07771337777376175,0.0062874481081962585,-0.0015260428190231323,0.02072426676750183
0.07771337777376175,0.0062874481081962585,-0.0015260428190231323,0.02072426676750183
0.07771337777376175,0.0062874481081962585,-0.0015260428190231323,0.02072426676750183
0.07771337777376175,0.0062874481081962585,-0.0015260428190231323,0.02072426676750183
0.07771337777376175,0.0062874481081962585,-0.0015260428190231323,0.02072426676750183
0.07771337777376175,0.0062874481081962585,-0.0015260428190231323,0.02072426676750183
0.07771337777376175,0.0062874481081962585,-0.0015260428190231323,0.02072426676750183
0.07771337777376175,0.0062874481081962585,-0.0015260428190231323,0.02072426676750183
0.07771337777376175,0.0062874481081962585,-0.0015260428190231323,0.02072426676750183
0.07771337777376175,0.0062874481081962585,-0.0015260428190231323,0.02072426676750183
0.07771337777376175,0.0062874481081962585,-0.0015260428190231323,0.02072426676750183
0.07771337777376175,0.0062874481081962585,-0.0015260428190231323,0.02072426676750183
0.07771337777376175,0.0062874481081962585,-0.0015260428190231323,0.02072426676750183
0.07771337777376175,0.0062874481081962585,-0.0015260428190231323,0.02072426676750183
0.07771337777376175,0.0062874481081962585,-0.0015260428190231323,0.02072426676750183
0.07771337777376175,0.0062874481081962585,-0.0015260428190231323,0.02072426676750183
0.07771337777376175,0.0062874481081962585,-0.0015260428190231323,0.02072426676750183
0.07771337777376175,0.0062874481081962585,-0.0015260428190231323,0.02072426676750183
0.07771337777376175,0.0062874481081962585,-0.0015260428190231323,0.02072426676750183
0.07771337777376175,0.0062874481081962585,-0.0015260428190231323,0.02072426676750183
0.07771337777376175,0.0062874481081962585,-0.0015260428190231323,0.02072426676750183
0.07771337777376175,0.0062874481081962585,-0.0015260428190231323,0.02072426676750183
0.07771337777376175,0.0062874481081962585,-0.0015260428190231323,0.02072426676750183
0.07771337777376175,0.0062874481081962585,-0.0015260428190231323,0.02072426676750183
0.07771337777376175,0.0062874481081962585,-0.0015260428190231323,0.02072426676750183
0.07771337777376175,0.0062874481081962585,-0.0015260428190231323,0.02072426676750183
0.07771337777376175,0.0062874481081962585,-0.0015260428190231323,0.02072426676750183
0.07771337777376175,0.0062874481081962585,-0.0015260428190231323,0.02072426676750183
0.07771337777376175,0.0062874481081962585,-0.0015260428190231323,0.02072426676750183
0.07771337777376175,0.0062874481081962585,-0.0015260428190231323,0.02072426676750183
0.07771337777376175,0.0062874481081962585,-0.0015260428190231323,0.02072426676750183
0.07771337777376175,0.0062874481081962585,-0.0015260428190231323,0.02072426676750183
0.07771337777376175,0.0062874481081962585,-0.0015260428190231323,0.02072426676750183
0.07771337777376175,0.0062874481081962585,-0.0015260428190231323,0.02072426676750183
0.07771337777376175,0.0062874481081962585,-0.0015260428190231323,0.02072426676750183
0.07771337777376175,0.0062874481081962585,-0.0015260428190231323,0.02072426676750183
0.07771337777376175,0.0062874481081962585,-0.0015260428190231323,0.02072426676750183
0.07771337777376175,0.0062874481081962585,-0.0015260428190231323,0.02072426676750183
0.07771337777376175,0.0062874481081962585,-0.0015260428190231323,0.02072426676750183
0.07771337777376175,0.0062874481081962585,-0.0015260428190231323,0.02072426676750183
0.07771337777376175,0.0062874481081962585,-0.0015260428190231323,0.02072426676750183
0.07771337777376175,0.0062874481081962585,-0.0015260428190231323,0.02072426676750183
0.07771337777376175,0.0062874481081962585,-0.0015260428190231323,0.02072426676750183
0.07771337777376175,0.0062874481081962585,-0.0015260428190231323,0.02072426676750183
0.07771337777376175,0.0062874481081962585,-0.0015260428190231323,0.02072426676750183
0.07771337777376175,0.0062874481081962585,-0.0015260428190231323,0.02072426676750183
0.07771337777376175,0.0062874481081962585,-0.0015260428190231323,0.02072426676750183
0.07771337777376175,0.0062874481081962585,-0.0015260428190231323,0.02072426676750183
0.07771337777376175,0.0062874481081962585,-0.0015260428190231323,0.02072426676750183
0.07771337777376175,0.0062874481081962585,-0.0015260428190231323,0.02072426676750183
0.07771337777376175,0.0062874481081962585,-0.0015260428190231323,0.02072426676750183
0.07771337777376175,0.0062874481081962585,-0.0015260428190231323,0.02072426676750183
0.07771337777376175,0.0062874481081962585,-0.0015260428190231323,0.02072426676750183
0.07771337777376175,0.0062874481081962585,-0.0015260428190231323,0.02072426676750183
0.07771337777376175,0.0062874481081962585,-0.0015260428190231323,0.02072426676750183
0.07771337777376175,0.0062874481081962585,-0.0015260428190231323,0.02072426676750183
0.07771337777376175,0.0062874481081962585,-0.0015260428190231323,0.02072426676750183
0.07771337777376175,0.0062874481081962585,-0.0015260428190231323,0.02072426676750183
0.07771337777376175,0.0062874481081962585,-0.0015260428190231323,0.02072426676750183
0.07771337777376175,0.0062874481081962585,-0.0015260428190231323,0.02072426676750183
0.07771337777376175,0.0062874481081962585,-0.0015260428190231323,0.02072426676750183
0.07771337777376175,0.0062874481081962585,-0.0015260428190231323,0.02072426676750183
0.07771337777376175,0.0062874481081962585,-0.0015260428190231323,0.02072426676750183
0.07771337777376175,0.0062874481081962585,-0.0015260428190231323,0.02072426676750183
0.07771337777376175,0.0062874481081962585,-0.0015260428190231323,0.02072426676750183
0.07771337777376175,0.0062874481081962585,-0.0015260428190231323,0.02072426676750183
0.07771337777376175,0.0062874481081962585,-0.0015260428190231323,0.02072426676750183
0.07771337777376175,0.0062874481081962585,-0.0015260428190231323,0.02072426676750183
0.07771337777376175,0.0062874481081962585,-0.0015260428190231323,0.02072426676750183
0.07771337777376175,0.0062874481081962585,-0.0015260428190231323,0.02072426676750183
0.07771337777376175,0.0062874481081962585,-0.0015260428190231323,0.02072426676750183
0.07771337777376175,0.0062874481081962585,-0.0015260428190231323,0.02072426676750183
0.07771337777376175,0.0062874481081962585,-0.0015260428190231323,0.02072426676750183
0.07771337777376175,0.0062874481081962585,-0.0015260428190231323,0.02072426676750183
0.07771337777376175,0.0062874481081962585,-0.0015260428190231323,0.02072426676750183
0.07771337777376175,0.0062874481081962585,-0.0015260428190231323,0.02072426676750183
0.07771337777376175,0.0062874481081962585,-0.0015260428190231323,0.02072426676750183
0.07771337777376175,0.0062874481081962585,-0.0015260428190231323,0.02072426676750183
0.07771337777376175,0.0062874481081962585,-0.0015260428190231323,0.02072426676750183
0.07771337777376175,0.0062874481081962585,-0.0015260428190231323,0.02072426676750183
0.07771337777376175,0.0062874481081962585,-0.0015260428190231323,0.02072426676750183
0.07771337777376175,0.0062874481081962585,-0.0015260428190231323,0.02072426676750183
0.07771337777376175,0.0062874481081962585,-0.0015260428190231323,0.02072426676750183
0.07771337777376175,0.0062874481081962585,-0.0015260428190231323,0.02072426676750183
0.07771337777376175,0.0062874481081962585,-0.0015260428190231323,0.02072426676750183
0.07771337777376175,0.0062874481081962585,-0.0015260428190231323,0.02072426676750183
0.07771337777376175,0.0062874481081962585,-0.0015260428190231323,0.02072426676750183
0.07771337777376175,0.0062874481081962585,-0.0015260428190231323,0.02072426676750183
0.07771337777376175,0.0062874481081962585,-0.0015260428190231323,0.02072426676750183
0.07771337777376175,0.0062874481081962585,-0.0015260428190231323,0.02072426676750183
0.07771337777376175,0.0062874481081962585,-0.0015260428190231323,0.02072426676750183
0.07771337777376175,0.0062874481081962585,-0.0015260428190231323,0.02072426676750183
0.07771337777376175,0.0062874481081962585,-0.0015260428190231323,0.02072426676750183
0.07771337777376175,0.0062874481081962585,-0.0015260428190231323,0.02072426676750183
0.07771337777376175,0.0062874481081962585,-0.0015260428190231323,0.02072426676750183
0.07771337777376175,0.0062874481081962585,-0.0015260428190231323,0.02072426676750183
0.07771337777376175,0.0062874481081962585,-0.0015260428190231323,0.02072426676750183
0.07771337777376175,0.0062874481081962585,-0.0015260428190231323,0.02072426676750183
0.07771337777376175,0.0062874481081962585,-0.0015260428190231323,0.02072426676750183
0.07771337777376175,0.0062874481081962585,-0.0015260428190231323,0.02072426676750183
0.07771337777376175,0.0062874481081962585,-0.0015260428190231323,0.02072426676750183
0.07771337777376175,0.0062874481081962585,-0.0015260428190231323,0.02072426676750183
0.07771337777376175,0.0062874481081962585,-0.0015260428190231323,0.02072426676750183
0.07771337777376175,0.0062874481081962585,-0.0015260428190231323,0.02072426676750183
0.07771337777376175,0.0062874481081962585,-0.0015260428190231323,0.02072426676750183
0.07771337777376175,0.0062874481081962585,-0.0015260428190231323,0.02072426676750183
0.07771337777376175,0.0062874481081962585,-0.0015260428190231323,0.02072426676750183
0.07771337777376175,0.0062874481081962585,-0.0015260428190231323,0.02072426676750183
0.07771337777376175,0.0062874481081962585,-0.0015260428190231323,0.02072426676750183
0.07771337777376175,0.0062874481081962585,-0.0015260428190231323,0.02072426676750183
0.07771337777376175,0.0062874481081962585,-0.0015260428190231323,0.02072426676750183
0.07771337777376175,0.0062874481081962585,-0.0015260428190231323,0.02072426676750183
0.07771337777376175,0.0062874481081962585,-0.0015260428190231323,0.02072426676750183
0.07771337777376175,0.0062874481081962585,-0.0015260428190231323,0.02072426676750183
0.07771337777376175,0.0062874481081962585,-0.0015260428190231323,0.02072426676750183
0.07771337777376175,0.0062874481081962585,-0.0015260428190231323,0.02072426676750183
0.07771337777376175,0.0062874481081962585,-0.0015260428190231323,0.02072426676750183
0.07771337777376175,0.0062874481081962585,-0.0015260428190231323,0.02072426676750183
0.07771337777376175,0.0062874481081962585,-0.0015260428190231323,0.02072426676750183
0.07771337777376175,0.0062874481081962585,-0.0015260428190231323,0.02072426676750183
0.07771337777376175,0.0062874481081962585,-0.0015260428190231323,0.02072426676750183
0.07771337777376175,0.0062874481081962585,-0.0015260428190231323,0.02072426676750183
0.07771337777376175,0.0062874481081962585,-0.0015260428190231323,0.02072426676750183
0.07771337777376175,0.0062874481081962585,-0.0015260428190231323,0.02072426676750183
0.07771337777376175,0.0062874481081962585,-0.0015260428190231323,0.02072426676750183
0.07771337777376175,0.0062874481081962585,-0.0015260428190231323,0.02072426676750183
0.07771337777376175,0.0062874481081962585,-0.0015260428190231323,0.02072426676750183
0.07771337777376175,0.0062874481081962585,-0.0015260428190231323,0.02072426676750183
0.07771337777376175,0.0062874481081962585,-0.0015260428190231323,0.02072426676750183
0.07771337777376175,0.0062874481081962585,-0.0015260428190231323,0.02072426676750183
0.07771337777376175,0.0062874481081962585,-0.0015260428190231323,0.02072426676750183
0.07771337777376175,0.0062874481081962585,-0.0015260428190231323,0.02072426676750183
0.07771337777376175,0.0062874481081962585,-0.0015260428190231323,0.02072426676750183
0.07771337777376175,0.0062874481081962585,-0.0015260428190231323,0.02072426676750183
0.07771337777376175,0.0062874481081962585,-0.0015260428190231323,0.02072426676750183
0.07771337777376175,0.0062874481081962585,-0.0015260428190231323,0.02072426676750183
0.07771337777376175,0.0062874481081962585,-0.0015260428190231323,0.02072426676750183
0.07771337777376175,0.0062874481081962585,-0.0015260428190231323,0.02072426676750183
0.07771337777376175,0.0062874481081962585,-0.0015260428190231323,0.02072426676750183
0.07771337777376175,0.0062874481081962585,-0.0015260428190231323,0.02072426676750183
0.07771337777376175,0.0062874481081962585,-0.0015260428190231323,0.02072426676750183
0.07771337777376175,0.0062874481081962585,-0.0015260428190231323,0.02072426676750183
0.07771337777376175,0.0062874481081962585,-0.0015260428190231323,0.02072426676750183
0.07771337777376175,0.0062874481081962585,-0.0015260428190231323,0.02072426676750183
0.07771337777376175,0.0062874481081962585,-0.0015260428190231323,0.02072426676750183
0.07771337777376175,0.0062874481081962585,-0.0015260428190231323,0.02072426676750183
0.07771337777376175,0.0062874481081962585,-0.0015260428190231323,0.02072426676750183
0.07771337777376175,0.0062874481081962585,-0.0015260428190231323,0.02072426676750183
0.07771337777376175,0.0062874481081962585,-0.0015260428190231323,0.02072426676750183
0.07771337777376175,0.0062874481081962585,-0.0015260428190231323,0.02072426676750183
0.07771337777376175,0.0062874481081962585,-0.0015260428190231323,0.02072426676750183
0.07771337777376175,0.0062874481081962585,-0.0015260428190231323,0.02072426676750183
0.07771337777376175,0.0062874481081962585,-0.0015260428190231323,0.02072426676750183
0.07771337777376175,0.0062874481081962585,-0.0015260428190231323,0.02072426676750183
0.07771337777376175,0.0062874481081962585,-0.0015260428190231323,0.02072426676750183
0.07771337777376175,0.0062874481081962585,-0.0015260428190231323,0.02072426676750183
0.07771337777376175,0.0062874481081962585,-0.0015260428190231323,0.02072426676750183
0.07771337777376175,0.0062874481081962585,-0.0015260428190231323,0.02072426676750183
0.07771337777376175,0.0062874481081962585,-0.0015260428190231323,0.02072426676750183
0.07771337777376175,0.0062874481081962585,-0.0015260428190231323,0.02072426676750183
0.07771337777376175,0.0062874481081962585,-0.0015260428190231323,0.02072426676750183
0.07771337777376175,0.0062874481081962585,-0.0015260428190231323,0.02072426676750183
0.07771337777376175,0.0062874481081962585,-0.0015260428190231323,0.02072426676750183
0.07771337777376175,0.0062874481081962585,-0.0015260428190231323,0.02072426676750183
0.07771337777376175,0.0062874481081962585,-0.0015260428190231323,0.02072426676750183
0.07771337777376175,0.0062874481081962585,-0.0015260428190231323,0.02072426676750183
0.07771337777376175,0.0062874481081962585,-0.0015260428190231323,0.02072426676750183
0.07771337777376175,0.0062874481081962585,-0.0015260428190231323,0.02072426676750183
0.07771337777376175,0.0062874481081962585,-0.0015260428190231323,0.02072426676750183
0.07771337777376175,0.0062874481081962585,-0.0015260428190231323,0.02072426676750183
0.07771337777376175,0.0062874481081962585,-0.0015260428190231323,0.02072426676750183
0.07771337777376175,0.0062874481081962585,-0.0015260428190231323,0.02072426676750183
0.07771337777376175,0.0062874481081962585,-0.0015260428190231323,0.02072426676750183
0.07771337777376175,0.0062874481081962585,-0.0015260428190231323,0.02072426676750183
0.07771337777376175,0.0062874481081962585,-0.0015260428190231323,0.02072426676750183
0.07771337777376175,0.0062874481081962585,-0.0015260428190231323,0.02072426676750183
0.07771337777376175,0.0062874481081962585,-0.0015260428190231323,0.02072426676750183
0.07771337777376175,0.0062874481081962585,-0.0015260428190231323,0.02072426676750183
0.07771337777376175,0.0062874481081962585,-0.0015260428190231323,0.02072426676750183
0.07771337777376175,0.0062874481081962585,-0.0015260428190231323,0.02072426676750183
0.07771337777376175,0.0062874481081962585,-0.0015260428190231323,0.02072426676750183
0.07771337777376175,0.0062874481081962585,-0.0015260428190231323,0.02072426676750183
0.07771337777376175,0.0062874481081962585,-0.0015260428190231323,0.02072426676750183
0.07771337777376175,0.0062874481081962585,-0.0015260428190231323,0.02072426676750183
0.07771337777376175,0.0062874481081962585,-0.0015260428190231323,0.02072426676750183
0.07771337777376175,0.0062874481081962585,-0.0015260428190231323,0.02072426676750183
0.07771337777376175,0.0062874481081962585,-0.0015260428190231323,0.02072426676750183
0.07771337777376175,0.0062874481081962585,-0.0015260428190231323,0.02072426676750183
0.07771337777376175,0.0062874481081962585,-0.0015260428190231323,0.02072426676750183
0.07771337777376175,0.0062874481081962585,-0.0015260428190231323,0.02072426676750183
0.07771337777376175,0.0062874481081962585,-0.0015260428190231323,0.02072426676750183
0.07771337777376175,0.0062874481081962585,-0.0015260428190231323,0.02072426676750183
0.07771337777376175,0.0062874481081962585,-0.0015260428190231323,0.02072426676750183
0.07771337777376175,0.0062874481081962585,-0.0015260428190231323,0.02072426676750183
0.07771337777376175,0.0062874481081962585,-0.0015260428190231323,0.02072426676750183
0.07771337777376175,0.0062874481081962585,-0.0015260428190231323,0.02072426676750183
0.07771337777376175,0.0062874481081962585,-0.0015260428190231323,0.02072426676750183
0.07771337777376175,0.0062874481081962585,-0.0015260428190231323,0.02072426676750183
0.07771337777376175,0.0062874481081962585,-0.0015260428190231323,0.02072426676750183
0.07771337777376175,0.0062874481081962585,-0.0015260428190231323,0.02072426676750183
0.07771337777376175,0.0062874481081962585,-0.0015260428190231323,0.02072426676750183
0.07771337777376175,0.0062874481081962585,-0.0015260428190231323,0.02072426676750183
0.07771337777376175,0.0062874481081962585,-0.0015260428190231323,0.02072426676750183
0.07771337777376175,0.0062874481081962585,-0.0015260428190231323,0.02072426676750183
0.07771337777376175,0.0062874481081962585,-0.0015260428190231323,0.02072426676750183
0.07771337777376175,0.0062874481081962585,-0.0015260428190231323,0.02072426676750183
0.07771337777376175,0.0062874481081962585,-0.0015260428190231323,0.02072426676750183
0.07771337777376175,0.0062874481081962585,-0.0015260428190231323,0.02072426676750183
0.07771337777376175,0.0062874481081962585,-0.0015260428190231323,0.02072426676750183
0.07771337777376175,0.0062874481081962585,-0.0015260428190231323,0.02072426676750183
0.07771337777376175,0.0062874481081962585,-0.0015260428190231323,0.02072426676750183
0.07771337777376175,0.0062874481081962585,-0.0015260428190231323,0.02072426676750183
0.07771337777376175,0.0062874481081962585,-0.0015260428190231323,0.02072426676750183
0.07771337777376175,0.0062874481081962585,-0.0015260428190231323,0.02072426676750183
0.07771337777376175,0.0062874481081962585,-0.0015260428190231323,0.02072426676750183
0.07771337777376175,0.0062874481081962585,-0.0015260428190231323,0.02072426676750183
0.07771337777376175,0.0062874481081962585,-0.0015260428190231323,0.02072426676750183
0.07771337777376175,0.0062874481081962585,-0.0015260428190231323,0.02072426676750183
0.07771337777376175,0.0062874481081962585,-0.0015260428190231323,0.02072426676750183
0.07771337777376175,0.0062874481081962585,-0.0015260428190231323,0.02072426676750183
0.07771337777376175,0.0062874481081962585,-0.0015260428190231323,0.02072426676750183
0.07771337777376175,0.0062874481081962585,-0.0015260428190231323,0.02072426676750183
0.07771337777376175,0.0062874481081962585,-0.0015260428190231323,0.02072426676750183
0.07771337777376175,0.0062874481081962585,-0.0015260428190231323,0.02072426676750183
0.07771337777376175,0.0062874481081962585,-0.0015260428190231323,0.02072426676750183
0.07771337777376175,0.0062874481081962585,-0.0015260428190231323,0.02072426676750183
0.07771337777376175,0.0062874481081962585,-0.0015260428190231323,0.02072426676750183
0.07771337777376175,0.0062874481081962585,-0.0015260428190231323,0.02072426676750183
0.07771337777376175,0.0062874481081962585,-0.0015260428190231323,0.02072426676750183
0.07771337777376175,0.0062874481081962585,-0.0015260428190231323,0.02072426676750183
0.07771337777376175,0.0062874481081962585,-0.0015260428190231323,0.02072426676750183
0.07771337777376175,0.0062874481081962585,-0.0015260428190231323,0.02072426676750183
0.07771337777376175,0.0062874481081962585,-0.0015260428190231323,0.02072426676750183
0.07771337777376175,0.0062874481081962585,-0.0015260428190231323,0.02072426676750183
0.07771337777376175,0.0062874481081962585,-0.0015260428190231323,0.02072426676750183
0.07771337777376175,0.0062874481081962585,-0.0015260428190231323,0.02072426676750183
0.07771337777376175,0.0062874481081962585,-0.0015260428190231323,0.02072426676750183
0.07771337777376175,0.0062874481081962585,-0.0015260428190231323,0.02072426676750183
0.07771337777376175,0.0062874481081962585,-0.0015260428190231323,0.02072426676750183
0.07771337777376175,0.0062874481081962585,-0.0015260428190231323,0.02072426676750183
0.07771337777376175,0.0062874481081962585,-0.0015260428190231323,0.02072426676750183
0.07771337777376175,0.0062874481081962585,-0.0015260428190231323,0.02072426676750183
0.07771337777376175,0.0062874481081962585,-0.0015260428190231323,0.02072426676750183
0.07771337777376175,0.0062874481081962585,-0.0015260428190231323,0.02072426676750183
0.07771337777376175,0.0062874481081962585,-0.0015260428190231323,0.02072426676750183
0.07771337777376175,0.0062874481081962585,-0.0015260428190231323,0.02072426676750183
0.07771337777376175,0.0062874481081962585,-0.0015260428190231323,0.02072426676750183
0.07771337777376175,0.0062874481081962585,-0.0015260428190231323,0.02072426676750183
0.07771337777376175,0.0062874481081962585,-0.0015260428190231323,0.02072426676750183
0.07771337777376175,0.0062874481081962585,-0.0015260428190231323,0.02072426676750183
0.07771337777376175,0.0062874481081962585,-0.0015260428190231323,0.02072426676750183
0.07771337777376175,0.0062874481081962585,-0.0015260428190231323,0.02072426676750183
0.07771337777376175,0.0062874481081962585,-0.0015260428190231323,0.02072426676750183
0.07771337777376175,0.0062874481081962585,-0.0015260428190231323,0.02072426676750183
0.07771337777376175,0.0062874481081962585,-0.0015260428190231323,0.02072426676750183
0.07771337777376175,0.0062874481081962585,-0.0015260428190231323,0.02072426676750183
0.07771337777376175,0.0062874481081962585,-0.0015260428190231323,0.02072426676750183
0.07771337777376175,0.0062874481081962585,-0.0015260428190231323,0.02072426676750183
0.07771337777376175,0.0062874481081962585,-0.0015260428190231323,0.02072426676750183
0.07771337777376175,0.0062874481081962585,-0.0015260428190231323,0.02072426676750183
0.07771337777376175,0.0062874481081962585,-0.0015260428190231323,0.02072426676750183
0.07771337777376175,0.0062874481081962585,-0.0015260428190231323,0.02072426676750183
0.07771337777376175,0.0062874481081962585,-0.0015260428190231323,0.02072426676750183
0.07771337777376175,0.0062874481081962585,-0.0015260428190231323,0.02072426676750183
0.07771337777376175,0.0062874481081962585,-0.0015260428190231323,0.02072426676750183
0.07771337777376175,0.0062874481081962585,-0.0015260428190231323,0.02072426676750183
0.07771337777376175,0.0062874481081962585,-0.0015260428190231323,0.02072426676750183
0.07771337777376175,0.0062874481081962585,-0.0015260428190231323,0.02072426676750183
0.07771337777376175,0.0062874481081962585,-0.0015260428190231323,0.02072426676750183
0.07771337777376175,0.0062874481081962585,-0.0015260428190231323,0.02072426676750183
0.07771337777376175,0.0062874481081962585,-0.0015260428190231323,0.02072426676750183
0.07771337777376175,0.0062874481081962585,-0.0015260428190231323,0.02072426676750183
0.07771337777376175,0.0062874481081962585,-0.0015260428190231323,0.02072426676750183
0.07771337777376175,0.0062874481081962585,-0.0015260428190231323,0.02072426676750183
0.07771337777376175,0.0062874481081962585,-0.0015260428190231323,0.02072426676750183
0.07771337777376175,0.0062874481081962585,-0.0015260428190231323,0.02072426676750183
0.07771337777376175,0.0062874481081962585,-0.0015260428190231323,0.02072426676750183
0.07771337777376175,0.0062874481081962585,-0.0015260428190231323,0.02072426676750183
0.07771337777376175,0.0062874481081962585,-0.0015260428190231323,0.02072426676750183
0.07771337777376175,0.0062874481081962585,-0.0015260428190231323,0.02072426676750183
0.07771337777376175,0.0062874481081962585,-0.0015260428190231323,0.02072426676750183
0.07771337777376175,0.0062874481081962585,-0.0015260428190231323,0.02072426676750183
0.07771337777376175,0.0062874481081962585,-0.0015260428190231323,0.02072426676750183
0.07771337777376175,0.0062874481081962585,-0.0015260428190231323,0.02072426676750183
0.07771337777376175,0.0062874481081962585,-0.0015260428190231323,0.02072426676750183
0.07771337777376175,0.0062874481081962585,-0.0015260428190231323,0.02072426676750183
0.07771337777376175,0.0062874481081962585,-0.0015260428190231323,0.02072426676750183
0.07771337777376175,0.0062874481081962585,-0.0015260428190231323,0.02072426676750183
0.07771337777376175,0.0062874481081962585,-0.0015260428190231323,0.02072426676750183
0.07771337777376175,0.0062874481081962585,-0.0015260428190231323,0.02072426676750183
0.07771337777376175,0.0062874481081962585,-0.0015260428190231323,0.02072426676750183
0.07771337777376175,0.0062874481081962585,-0.0015260428190231323,0.02072426676750183
0.07771337777376175,0.0062874481081962585,-0.0015260428190231323,0.02072426676750183
0.07771337777376175,0.0062874481081962585,-0.0015260428190231323,0.02072426676750183
0.07771337777376175,0.0062874481081962585,-0.0015260428190231323,0.02072426676750183
0.07771337777376175,0.0062874481081962585,-0.0015260428190231323,0.02072426676750183
0.07771337777376175,0.0062874481081962585,-0.0015260428190231323,0.02072426676750183
0.07771337777376175,0.0062874481081962585,-0.0015260428190231323,0.02072426676750183
0.07771337777376175,0.0062874481081962585,-0.0015260428190231323,0.02072426676750183
0.07771337777376175,0.0062874481081962585,-0.0015260428190231323,0.02072426676750183
0.07771337777376175,0.0062874481081962585,-0.0015260428190231323,0.02072426676750183
0.07771337777376175,0.0062874481081962585,-0.0015260428190231323,0.02072426676750183
0.07771337777376175,0.0062874481081962585,-0.0015260428190231323,0.02072426676750183
0.07771337777376175,0.0062874481081962585,-0.0015260428190231323,0.02072426676750183
0.07771337777376175,0.0062874481081962585,-0.0015260428190231323,0.02072426676750183
0.07771337777376175,0.0062874481081962585,-0.0015260428190231323,0.02072426676750183
0.07771337777376175,0.0062874481081962585,-0.0015260428190231323,0.02072426676750183
0.07771337777376175,0.0062874481081962585,-0.0015260428190231323,0.02072426676750183
0.07771337777376175,0.0062874481081962585,-0.0015260428190231323,0.02072426676750183
0.07771337777376175,0.0062874481081962585,-0.0015260428190231323,0.02072426676750183
0.07771337777376175,0.0062874481081962585,-0.0015260428190231323,0.02072426676750183
0.07771337777376175,0.0062874481081962585,-0.0015260428190231323,0.02072426676750183
0.07771337777376175,0.0062874481081962585,-0.0015260428190231323,0.02072426676750183
0.07771337777376175,0.0062874481081962585,-0.0015260428190231323,0.02072426676750183
0.07771337777376175,0.0062874481081962585,-0.0015260428190231323,0.02072426676750183
0.07771337777376175,0.0062874481081962585,-0.0015260428190231323,0.02072426676750183
0.07771337777376175,0.0062874481081962585,-0.0015260428190231323,0.02072426676750183
0.07771337777376175,0.0062874481081962585,-0.0015260428190231323,0.02072426676750183
0.07771337777376175,0.0062874481081962585,-0.0015260428190231323,0.02072426676750183
0.07771337777376175,0.0062874481081962585,-0.0015260428190231323,0.02072426676750183
0.07771337777376175,0.0062874481081962585,-0.0015260428190231323,0.02072426676750183
0.07771337777376175,0.0062874481081962585,-0.0015260428190231323,0.02072426676750183
0.07771337777376175,0.0062874481081962585,-0.0015260428190231323,0.02072426676750183
0.07771337777376175,0.0062874481081962585,-0.0015260428190231323,0.02072426676750183
0.07771337777376175,0.0062874481081962585,-0.0015260428190231323,0.02072426676750183
0.07771337777376175,0.0062874481081962585,-0.0015260428190231323,0.02072426676750183
0.07771337777376175,0.0062874481081962585,-0.0015260428190231323,0.02072426676750183
0.07771337777376175,0.0062874481081962585,-0.0015260428190231323,0.02072426676750183
0.07771337777376175,0.0062874481081962585,-0.0015260428190231323,0.02072426676750183
0.07771337777376175,0.0062874481081962585,-0.0015260428190231323,0.02072426676750183
0.07771337777376175,0.0062874481081962585,-0.0015260428190231323,0.02072426676750183
0.07771337777376175,0.0062874481081962585,-0.0015260428190231323,0.02072426676750183
0.07771337777376175,0.0062874481081962585,-0.0015260428190231323,0.02072426676750183
0.07771337777376175,0.0062874481081962585,-0.0015260428190231323,0.02072426676750183
0.07771337777376175,0.0062874481081962585,-0.0015260428190231323,0.02072426676750183
0.07771337777376175,0.0062874481081962585,-0.0015260428190231323,0.02072426676750183
0.07771337777376175,0.0062874481081962585,-0.0015260428190231323,0.02072426676750183
0.07771337777376175,0.0062874481081962585,-0.0015260428190231323,0.02072426676750183
0.07771337777376175,0.0062874481081962585,-0.0015260428190231323,0.02072426676750183
0.07771337777376175,0.0062874481081962585,-0.0015260428190231323,0.02072426676750183
0.07771337777376175,0.0062874481081962585,-0.0015260428190231323,0.02072426676750183
0.07771337777376175,0.0062874481081962585,-0.0015260428190231323,0.02072426676750183
0.07771337777376175,0.0062874481081962585,-0.0015260428190231323,0.02072426676750183
0.07771337777376175,0.0062874481081962585,-0.0015260428190231323,0.02072426676750183
0.07771337777376175,0.0062874481081962585,-0.0015260428190231323,0.02072426676750183
0.07771337777376175,0.0062874481081962585,-0.0015260428190231323,0.02072426676750183
0.07771337777376175,0.0062874481081962585,-0.0015260428190231323,0.02072426676750183
0.07771337777376175,0.0062874481081962585,-0.0015260428190231323,0.02072426676750183
0.07771337777376175,0.0062874481081962585,-0.0015260428190231323,0.02072426676750183
0.07771337777376175,0.0062874481081962585,-0.0015260428190231323,0.02072426676750183
0.07771337777376175,0.0062874481081962585,-0.0015260428190231323,0.02072426676750183
0.07771337777376175,0.0062874481081962585,-0.0015260428190231323,0.02072426676750183
0.07771337777376175,0.0062874481081962585,-0.0015260428190231323,0.02072426676750183
0.07771337777376175,0.0062874481081962585,-0.0015260428190231323,0.02072426676750183
0.07771337777376175,0.0062874481081962585,-0.0015260428190231323,0.02072426676750183
0.07771337777376175,0.0062874481081962585,-0.0015260428190231323,0.02072426676750183
0.07771337777376175,0.0062874481081962585,-0.0015260428190231323,0.02072426676750183
0.07771337777376175,0.0062874481081962585,-0.0015260428190231323,0.02072426676750183
0.07771337777376175,0.0062874481081962585,-0.0015260428190231323,0.02072426676750183
0.07771337777376175,0.0062874481081962585,-0.0015260428190231323,0.02072426676750183
0.07771337777376175,0.0062874481081962585,-0.0015260428190231323,0.02072426676750183
0.07771337777376175,0.0062874481081962585,-0.0015260428190231323,0.02072426676750183
0.07771337777376175,0.0062874481081962585,-0.0015260428190231323,0.02072426676750183
0.07771337777376175,0.0062874481081962585,-0.0015260428190231323,0.02072426676750183
0.07771337777376175,0.0062874481081962585,-0.0015260428190231323,0.02072426676750183
0.07771337777376175,0.0062874481081962585,-0.0015260428190231323,0.02072426676750183
0.07771337777376175,0.0062874481081962585,-0.0015260428190231323,0.02072426676750183
0.07771337777376175,0.0062874481081962585,-0.0015260428190231323,0.02072426676750183
0.07771337777376175,0.0062874481081962585,-0.0015260428190231323,0.02072426676750183
0.07771337777376175,0.0062874481081962585,-0.0015260428190231323,0.02072426676750183
0.07771337777376175,0.0062874481081962585,-0.0015260428190231323,0.02072426676750183
0.07771337777376175,0.0062874481081962585,-0.0015260428190231323,0.02072426676750183
0.07771337777376175,0.0062874481081962585,-0.0015260428190231323,0.02072426676750183
0.07771337777376175,0.0062874481081962585,-0.0015260428190231323,0.02072426676750183
0.07771337777376175,0.0062874481081962585,-0.0015260428190231323,0.02072426676750183
0.07771337777376175,0.0062874481081962585,-0.0015260428190231323,0.02072426676750183
0.07771337777376175,0.0062874481081962585,-0.0015260428190231323,0.02072426676750183
0.07771337777376175,0.0062874481081962585,-0.0015260428190231323,0.02072426676750183
0.07771337777376175,0.0062874481081962585,-0.0015260428190231323,0.02072426676750183
0.07771337777376175,0.0062874481081962585,-0.0015260428190231323,0.02072426676750183
0.07771337777376175,0.0062874481081962585,-0.0015260428190231323,0.02072426676750183
0.07771337777376175,0.0062874481081962585,-0.0015260428190231323,0.02072426676750183
0.07771337777376175,0.0062874481081962585,-0.0015260428190231323,0.02072426676750183
0.07771337777376175,0.0062874481081962585,-0.0015260428190231323,0.02072426676750183
0.07771337777376175,0.0062874481081962585,-0.0015260428190231323,0.02072426676750183
0.07771337777376175,0.0062874481081962585,-0.0015260428190231323,0.02072426676750183
0.07771337777376175,0.0062874481081962585,-0.0015260428190231323,0.02072426676750183
