vx,vy,vz,omega_z
-0.013112783432006836,-0.0005710497498512268,-0.2552649974822998,0.8185205459594727
-0.06893961131572723,-0.004670843482017517,-0.3362080752849579,0.9908559918403625
-0.0813981145620346,-0.005586199462413788,-0.33981597423553467,0.9970204830169678
-0.08402663469314575,-0.005514822900295258,-0.3399738073348999,0.9972552061080933
-0.08457830548286438,-0.005472123622894287,-0.339981347322464,0.9972655177116394
-0.08469398319721222,-0.005458816885948181,-0.3399817943572998,0.9972659945487976
-0.08471821248531342,-0.005454994738101959,-0.3399818539619446,0.9972660541534424
-0.08472329378128052,-0.005453929305076599,-0.3399818539619446,0.9972660541534424
-0.08472438156604767,-0.005453638732433319,-0.3399818539619446,0.9972660541534424
-0.08472457528114319,-0.005453534424304962,-0.3399818539619446,0.9972660541534424
-0.08472463488578796,-0.005453519523143768,-0.3399818539619446,0.9972660541534424
-0.08472466468811035,-0.005453519523143768,-0.3399818539619446,0.9972660541534424
-0.08472466468811035,-0.005453519523143768,-0.3399818539619446,0.9972660541534424
-0.08472466468811035,-0.005453519523143768,-0.3399818539619446,0.9972660541534424
-0.08472466468811035,-0.005453519523143768,-0.3399818539619446,0.9972660541534424
-0.08472466468811035,-0.005453519523143768,-0.3399818539619446,0.9972660541534424
-0.08472466468811035,-0.005453519523143768,-0.3399818539619446,0.9972660541534424
-0.08472466468811035,-0.005453519523143768,-0.3399818539619446,0.9972660541534424
-0.08472466468811035,-0.005453519523143768,-0.3399818539619446,0.9972660541534424
-0.08472466468811035,-0.005453519523143768,-0.3399818539619446,0.9972660541534424
-0.08472466468811035,-0.005453519523143768,-0.3399818539619446,0.9972660541534424
-0.08472466468811035,-0.005453519523143768,-0.3399818539619446,0.9972660541534424
-0.08472466468811035,-0.005453519523143768,-0.3399818539619446,0.9972660541534424
-0.08472466468811035,-0.005453519523143768,-0.3399818539619446,0.9972660541534424
-0.08472466468811035,-0.005453519523143768,-0.3399818539619446,0.9972660541534424
-0.08472466468811035,-0.005453519523143768,-0.3399818539619446,0.9972660541534424
-0.08472466468811035,-0.005453519523143768,-0.3399818539619446,0.9972660541534424
-0.08472466468811035,-0.005453519523143768,-0.3399818539619446,0.9972660541534424
-0.08472466468811035,-0.005453519523143768,-0.3399818539619446,0.9972660541534424
-0.08472466468811035,-0.005453519523143768,-0.3399818539619446,0.9972660541534424
-0.08472466468811035,-0.005453519523143768,-0.3399818539619446,0.9972660541534424
-0.08472466468811035,-0.005453519523143768,-0.3399818539619446,0.9972660541534424
-0.08472466468811035,-0.005453519523143768,-0.3399818539619446,0.9972660541534424
-0.08472466468811035,-0.005453519523143768,-0.3399818539619446,0.9972660541534424
-0.08472466468811035,-0.005453519523143768,-0.3399818539619446,0.9972660541534424
-0.08472466468811035,-0.005453519523143768,-0.3399818539619446,0.9972660541534424
-0.08472466468811035,-0.005453519523143768,-0.3399818539619446,0.9972660541534424
-0.0806538313627243,-0.011185236275196075,-0.31679216027259827,0.9801626801490784
-0.08088293671607971,-0.01659267395734787,-0.3097558617591858,0.9774913787841797
-0.08606958389282227,-0.012096203863620758,-0.3065131902694702,0.9734575152397156
-0.08842252194881439,-0.010579735040664673,-0.30405867099761963,0.9733842015266418
-0.08594308793544769,-0.012034118175506592,-0.30113455653190613,0.9667782187461853
-0.08559462428092957,-0.014266759157180786,-0.3002842962741852,0.9657171964645386
-0.0855969488620758,-0.014908917248249054,-0.3002265691757202,0.9656869769096375
-0.0807822197675705,-0.015828393399715424,-0.2972741723060608,0.9557252526283264
-0.080593541264534,-0.018500491976737976,-0.28785809874534607,0.9486526846885681
-0.08130356669425964,-0.01937481015920639,-0.2857493460178375,0.9479936361312866
-0.08331295847892761,-0.015845589339733124,-0.2808375656604767,0.9344491362571716
-0.08474132418632507,-0.015230521559715271,-0.2795754671096802,0.9308372735977173
-0.08138406276702881,-0.015438184142112732,-0.27418115735054016,0.9220820069313049
-0.08039911091327667,-0.016243740916252136,-0.27305927872657776,0.9200518727302551
-0.07531547546386719,-0.0163167342543602,-0.2628832459449768,0.9172991514205933
-0.07400719821453094,-0.01719798892736435,-0.26088887453079224,0.9173916578292847
-0.06926493346691132,-0.021308869123458862,-0.2500290274620056,0.9038582444190979
-0.06774595379829407,-0.023591600358486176,-0.24784070253372192,0.900530993938446
-0.06911121308803558,-0.024967674165964127,-0.24034377932548523,0.8905696272850037
-0.07039813697338104,-0.025888435542583466,-0.23866388201713562,0.8886548280715942
-0.07506878674030304,-0.023900412023067474,-0.23326778411865234,0.8760556578636169
-0.07768653333187103,-0.023311633616685867,-0.23188373446464539,0.8721864223480225
-0.07564778625965118,-0.024296559393405914,-0.22940698266029358,0.8524911999702454
-0.07476839423179626,-0.024773232638835907,-0.2287997305393219,0.8464771509170532
-0.07111388444900513,-0.024526327848434448,-0.22403877973556519,0.816321074962616
-0.06929366290569305,-0.026489034295082092,-0.22180703282356262,0.8072660565376282
-0.0647142082452774,-0.029254332184791565,-0.21844547986984253,0.783484935760498
-0.061985284090042114,-0.031215257942676544,-0.21746206283569336,0.7760242223739624
-0.059728026390075684,-0.03335045278072357,-0.20974978804588318,0.7609911561012268
-0.05780702829360962,-0.03494475036859512,-0.20744279026985168,0.756786584854126
-0.05931757390499115,-0.03687556833028793,-0.21273505687713623,0.7375118136405945
-0.0553467720746994,-0.038245510309934616,-0.212971031665802,0.729470431804657
-0.04846946895122528,-0.03599892556667328,-0.2126293182373047,0.7011961936950684
-0.041351333260536194,-0.036007270216941833,-0.21104523539543152,0.6899430155754089
-0.03945690393447876,-0.03722534328699112,-0.19446545839309692,0.6750836372375488
-0.039959728717803955,-0.03948606923222542,-0.18864181637763977,0.6602401733398438
-0.03925587236881256,-0.039939943701028824,-0.18788555264472961,0.6568455100059509
-0.039097860455513,-0.03995412588119507,-0.187843918800354,0.6566295623779297
-0.033355653285980225,-0.03625676780939102,-0.1866409182548523,0.6498571634292603
-0.030725203454494476,-0.035730812698602676,-0.18624484539031982,0.6475147008895874
-0.02819528430700302,-0.036169424653053284,-0.18253517150878906,0.6408182382583618
-0.02762582153081894,-0.036380644887685776,-0.1815178394317627,0.6390202641487122
-0.023258879780769348,-0.04055172577500343,-0.1790442168712616,0.622564435005188
-0.018670178949832916,-0.03911174088716507,-0.17190158367156982,0.610785722732544
-0.018008224666118622,-0.03835371136665344,-0.17039936780929565,0.6086136102676392
-0.015610016882419586,-0.04650173708796501,-0.1632973849773407,0.6113874912261963
-0.02440773695707321,-0.05401328578591347,-0.16012656688690186,0.605569064617157
-0.026727639138698578,-0.05503750219941139,-0.1589171588420868,0.6037253141403198
-0.026610828936100006,-0.0523659810423851,-0.15392713248729706,0.583892822265625
-0.024980612099170685,-0.05138586834073067,-0.1524500846862793,0.5772790312767029
-0.0240536630153656,-0.04928440973162651,-0.1530826836824417,0.5642863512039185
-0.022444002330303192,-0.04843348637223244,-0.15346232056617737,0.5596116781234741
-0.019810616970062256,-0.04645746946334839,-0.1465257704257965,0.5511210560798645
-0.01831648498773575,-0.04587968438863754,-0.14484071731567383,0.5486737489700317
-0.016680710017681122,-0.04373393952846527,-0.13959720730781555,0.5399505496025085
-0.015278249979019165,-0.04294339567422867,-0.13917548954486847,0.536729097366333
-0.0092945396900177,-0.04445544630289078,-0.13495120406150818,0.5301135182380676
-0.007234759628772736,-0.04515176638960838,-0.13462646305561066,0.5275918841362
-0.003211505711078644,-0.04582060128450394,-0.13213017582893372,0.5184603929519653
-0.0012566745281219482,-0.045883629471063614,-0.13253390789031982,0.5146676301956177
0.0018202215433120728,-0.04391522705554962,-0.13347555696964264,0.5020240545272827
0.004008464515209198,-0.043105918914079666,-0.13444671034812927,0.49685633182525635
0.004663601517677307,-0.04089757427573204,-0.1320955455303192,0.48704496026039124
0.006298907101154327,-0.03709264099597931,-0.12934833765029907,0.4755886197090149
0.007690228521823883,-0.035326529294252396,-0.12972331047058105,0.47164732217788696
0.009417809545993805,-0.031267665326595306,-0.13188540935516357,0.4633723199367523
0.010697878897190094,-0.02956998720765114,-0.13280053436756134,0.4595603942871094
0.012948229908943176,-0.027799800038337708,-0.1283469796180725,0.4482004642486572
0.01441674679517746,-0.02665068954229355,-0.1285652220249176,0.4431692957878113
0.014935627579689026,-0.028739620000123978,-0.12015381455421448,0.43987011909484863
0.01460176706314087,-0.029215071350336075,-0.11801779270172119,0.4394516050815582
0.012832105159759521,-0.032190073281526566,-0.11405473947525024,0.44021347165107727
0.011836141347885132,-0.03283485397696495,-0.11261893808841705,0.4411192834377289
0.006972618401050568,-0.03489036485552788,-0.11414133757352829,0.43523046374320984
0.006252273917198181,-0.035122089087963104,-0.11404231190681458,0.4331997036933899
0.0066722482442855835,-0.03629259020090103,-0.10973542928695679,0.4254877269268036
0.007008649408817291,-0.036555077880620956,-0.10879673063755035,0.4228948950767517
0.0067895203828811646,-0.03771179914474487,-0.10697866976261139,0.41247686743736267
0.007580623030662537,-0.037566449493169785,-0.10722512006759644,0.4081035256385803
0.009507060050964355,-0.03926226124167442,-0.10586272925138474,0.40379783511161804
0.010578326880931854,-0.044366370886564255,-0.10359278321266174,0.404019832611084
0.010336577892303467,-0.04574587568640709,-0.10305860638618469,0.4050684869289398
0.012197732925415039,-0.04713767021894455,-0.10037802159786224,0.4006088376045227
0.013119637966156006,-0.047338858246803284,-0.10029131174087524,0.3981997072696686
0.011851020157337189,-0.047342896461486816,-0.09588097780942917,0.3961015045642853
0.011291459202766418,-0.04713822528719902,-0.09468084573745728,0.39580756425857544
0.010787904262542725,-0.04705481603741646,-0.09008541703224182,0.39221495389938354
0.010713733732700348,-0.046815305948257446,-0.0891817957162857,0.390857994556427
0.01020020991563797,-0.05109838768839836,-0.08744318038225174,0.38414424657821655
0.010752864181995392,-0.052092745900154114,-0.08800622820854187,0.38106924295425415
0.01378677785396576,-0.05209677666425705,-0.0893908143043518,0.37066513299942017
0.015583008527755737,-0.0522087998688221,-0.09014564752578735,0.3655509054660797
0.016280099749565125,-0.053108926862478256,-0.08495160937309265,0.3581439256668091
0.01681290566921234,-0.05305401608347893,-0.08439601212739944,0.35491347312927246
0.016989953815937042,-0.0527067594230175,-0.08346041291952133,0.3519997298717499
0.017686419188976288,-0.05117117241024971,-0.08286277204751968,0.3429563641548157
0.01862943172454834,-0.05008992552757263,-0.08335398137569427,0.3383188247680664
0.022352464497089386,-0.04943716898560524,-0.07921374589204788,0.33310654759407043
0.023652270436286926,-0.04896007478237152,-0.07910557091236115,0.3301079273223877
0.025541678071022034,-0.048646219074726105,-0.0753168910741806,0.31778132915496826
0.027312535792589188,-0.047805991023778915,-0.07522384822368622,0.30984777212142944
0.030275795608758926,-0.04708798602223396,-0.07356499135494232,0.3070581555366516
0.031152848154306412,-0.047072187066078186,-0.07282927632331848,0.30551210045814514
0.03278832510113716,-0.04684336483478546,-0.07011926919221878,0.3011866807937622
0.03366495668888092,-0.04621187224984169,-0.06985974311828613,0.29812344908714294
0.032686226069927216,-0.04649791494011879,-0.06577921658754349,0.292189359664917
0.032959163188934326,-0.0455639623105526,-0.06532027572393417,0.2885086238384247
0.032454825937747955,-0.04417528957128525,-0.061997007578611374,0.28174611926078796
0.03304492309689522,-0.04276946932077408,-0.06203855201601982,0.27722281217575073
0.03339327126741409,-0.04163574427366257,-0.06065747141838074,0.272468626499176
0.03393729031085968,-0.040724534541368484,-0.060590311884880066,0.2695738971233368
0.03434225544333458,-0.041255880147218704,-0.06044679507613182,0.2660796642303467
0.034812986850738525,-0.04126032441854477,-0.06079377233982086,0.2637506127357483
0.03517358377575874,-0.03975895792245865,-0.05840218812227249,0.2594901919364929
0.03569362685084343,-0.03891460970044136,-0.05779556930065155,0.25660866498947144
0.03634055331349373,-0.037473805248737335,-0.05514088273048401,0.2537996768951416
0.03677288815379143,-0.0367586612701416,-0.05429069325327873,0.2518655061721802
0.037043917924165726,-0.03503330796957016,-0.05206773430109024,0.2466956079006195
0.03843825310468674,-0.033574219793081284,-0.04938483238220215,0.23935401439666748
0.03916126862168312,-0.03233397752046585,-0.04928431287407875,0.23613017797470093
0.041103754192590714,-0.030658233910799026,-0.047901056706905365,0.23176085948944092
0.04187556728720665,-0.030000828206539154,-0.0474301278591156,0.22914358973503113
0.042372457683086395,-0.027923189103603363,-0.04905030503869057,0.22646161913871765
0.043523021042346954,-0.026334822177886963,-0.05047352984547615,0.22275124490261078
0.043979912996292114,-0.025584228336811066,-0.05081365630030632,0.22122067213058472
0.04570211470127106,-0.024182327091693878,-0.05029718205332756,0.2180054485797882
0.04635629430413246,-0.0240451842546463,-0.04993337392807007,0.21612679958343506
0.04647858068346977,-0.023967277258634567,-0.049897223711013794,0.21586105227470398
0.04754520580172539,-0.02236885577440262,-0.04728475585579872,0.21011176705360413
0.048987798392772675,-0.021041832864284515,-0.045419152826070786,0.2023816555738449
0.04960015043616295,-0.020714059472084045,-0.04524314031004906,0.19956497848033905
0.049951810389757156,-0.020764708518981934,-0.041507087647914886,0.19641287624835968
0.05022255331277847,-0.020882651209831238,-0.040897998958826065,0.19484072923660278
0.05028047040104866,-0.020751960575580597,-0.04084283486008644,0.19462992250919342
0.05019574984908104,-0.021652035415172577,-0.039045754820108414,0.1926676630973816
0.05000077933073044,-0.02205563709139824,-0.035087089985609055,0.188407763838768
0.05012674257159233,-0.02209913358092308,-0.034726377576589584,0.1867353618144989
0.050716593861579895,-0.02166873961687088,-0.032564982771873474,0.1838192343711853
0.051077891141176224,-0.02173064649105072,-0.03228183835744858,0.18242403864860535
0.051077231764793396,-0.021399617195129395,-0.031169723719358444,0.178270161151886
0.05128924176096916,-0.021686725318431854,-0.03153948113322258,0.1764967292547226
0.051843415945768356,-0.021783672273159027,-0.028518065810203552,0.17232613265514374
0.05209480971097946,-0.022730574011802673,-0.028128977864980698,0.1708734929561615
0.052379995584487915,-0.023303981870412827,-0.025615733116865158,0.16728053987026215
0.05258282646536827,-0.023994766175746918,-0.0254460871219635,0.1661078929901123
0.05323774367570877,-0.023788519203662872,-0.02620144933462143,0.16487382352352142
0.053525377064943314,-0.023983199149370193,-0.02650323137640953,0.1643439680337906
0.05386657267808914,-0.0233534574508667,-0.027627211064100266,0.1624203622341156
0.054016031324863434,-0.02333850786089897,-0.02788263000547886,0.16169950366020203
0.0543648898601532,-0.022390536963939667,-0.027387989684939384,0.1586325317621231
0.054467055946588516,-0.022625166922807693,-0.027237283065915108,0.15766577422618866
0.05487446114420891,-0.021807201206684113,-0.026983369141817093,0.15421167016029358
0.05608968809247017,-0.02062433958053589,-0.02685399353504181,0.1490643322467804
0.0564478375017643,-0.020957939326763153,-0.02674262598156929,0.14764927327632904
0.05705732852220535,-0.019873254001140594,-0.025117266923189163,0.14310312271118164
0.05720929801464081,-0.02032354474067688,-0.02463940531015396,0.14181944727897644
0.05814196169376373,-0.01929921656847,-0.023989325389266014,0.1386575698852539
0.058452390134334564,-0.019632942974567413,-0.023585258051753044,0.13770002126693726
0.058928482234478,-0.01844627410173416,-0.022056492045521736,0.1356072872877121
0.05922982841730118,-0.017391078174114227,-0.0195954367518425,0.13078288733959198
0.059374742209911346,-0.017857126891613007,-0.01937989518046379,0.12956127524375916
0.05940018594264984,-0.01812417060136795,-0.01935405656695366,0.12944389879703522
0.06048598885536194,-0.017872385680675507,-0.019224202260375023,0.1260737180709839
0.06086311489343643,-0.018529146909713745,-0.01928647793829441,0.12502312660217285
0.06121440231800079,-0.018579348921775818,-0.018459366634488106,0.12272515892982483
0.06143549084663391,-0.01925833523273468,-0.018632348626852036,0.12229759246110916
0.06179046630859375,-0.018915437161922455,-0.017650263383984566,0.11933603137731552
0.061906296759843826,-0.019278153777122498,-0.017511267215013504,0.1185927465558052
0.0619053915143013,-0.019306205213069916,-0.01774532161653042,0.1180017739534378
0.061981912702322006,-0.019380152225494385,-0.01785178668797016,0.11782678961753845
0.06185975670814514,-0.018875762820243835,-0.017921853810548782,0.11698392033576965
0.06206795200705528,-0.018500186502933502,-0.017482422292232513,0.11432566493749619
0.06213106960058212,-0.018694370985031128,-0.017387857660651207,0.11361910402774811
0.061695002019405365,-0.018945492804050446,-0.01714269071817398,0.11216320097446442
0.06159168481826782,-0.018956944346427917,-0.0170584786683321,0.11175841838121414
0.06177016720175743,-0.018859490752220154,-0.017037980258464813,0.11025667190551758
0.0618220791220665,-0.01888515055179596,-0.017075499519705772,0.1098264753818512
0.061420463025569916,-0.018389999866485596,-0.016251996159553528,0.11083101481199265
0.06114349886775017,-0.018138311803340912,-0.015955829992890358,0.11124789714813232
0.06161721050739288,-0.01740548014640808,-0.015917949378490448,0.1103222668170929
0.061709411442279816,-0.017374001443386078,-0.01581413298845291,0.10998368263244629
0.06166308373212814,-0.016895733773708344,-0.014344589784741402,0.10996593534946442
0.061489008367061615,-0.016730673611164093,-0.013879654929041862,0.1100488230586052
0.06125936657190323,-0.017124488949775696,-0.012968184426426888,0.10959196090698242
0.06105125695466995,-0.017192207276821136,-0.012617062777280807,0.10948961228132248
0.0614984929561615,-0.01731693744659424,-0.013461140915751457,0.1075838953256607
0.0616467222571373,-0.017480388283729553,-0.013604972511529922,0.10681459307670593
0.06215541064739227,-0.0177147313952446,-0.014629198238253593,0.10449424386024475
0.06237298250198364,-0.018054954707622528,-0.015058353543281555,0.10362375527620316
0.06257063150405884,-0.01828105002641678,-0.015239998698234558,0.10222424566745758
0.06261403113603592,-0.018501490354537964,-0.015245229005813599,0.1017642468214035
0.0630948543548584,-0.018957465887069702,-0.015098590403795242,0.09854434430599213
0.06316328048706055,-0.019376792013645172,-0.01501600444316864,0.097500279545784
0.06347576528787613,-0.019379757344722748,-0.014593452215194702,0.09581223875284195
0.06351930648088455,-0.01976170390844345,-0.014439471065998077,0.09529491513967514
0.06360264122486115,-0.020249493420124054,-0.015017583966255188,0.09359732270240784
0.06370300054550171,-0.020158521831035614,-0.014903794974088669,0.09189730882644653
0.06369717419147491,-0.0201849564909935,-0.014825616031885147,0.09140077233314514
0.06401300430297852,-0.019741840660572052,-0.015077874064445496,0.09039600938558578
0.06410209089517593,-0.019762970507144928,-0.015138501301407814,0.09000270813703537
0.06411629915237427,-0.01984439790248871,-0.015140697360038757,0.0899464413523674
0.06428086012601852,-0.019484765827655792,-0.013853954151272774,0.08885426074266434
0.06454167515039444,-0.01933874934911728,-0.012617873027920723,0.0870312750339508
0.0646565854549408,-0.019306600093841553,-0.012175742536783218,0.08644498139619827
0.06478534638881683,-0.019010618329048157,-0.0122957993298769,0.08601425588130951
0.06478430330753326,-0.018781371414661407,-0.012264136224985123,0.08583606034517288
0.06478479504585266,-0.018616124987602234,-0.011740082874894142,0.08562059700489044
0.06476360559463501,-0.018349304795265198,-0.011316955089569092,0.08549844473600388
0.06504200398921967,-0.01790725439786911,-0.010499166324734688,0.08395824581384659
0.06512667238712311,-0.0178060382604599,-0.010093092918395996,0.08350315690040588
0.06553876399993896,-0.017290405929088593,-0.010656863451004028,0.0816383883357048
0.06567570567131042,-0.017029546201229095,-0.010834062471985817,0.0808873325586319
0.06595969200134277,-0.016952134668827057,-0.010345617309212685,0.07938651740550995
0.06601357460021973,-0.016891472041606903,-0.010091185569763184,0.07895680516958237
0.06621755659580231,-0.01759529858827591,-0.009003052487969398,0.07681117206811905
0.06626373529434204,-0.01790016144514084,-0.008682141080498695,0.07615815103054047
0.0661715492606163,-0.017748676240444183,-0.008084101602435112,0.07470520585775375
0.06633861362934113,-0.017974093556404114,-0.007113475352525711,0.07305882126092911
0.06634022295475006,-0.018072545528411865,-0.00684598833322525,0.07264015823602676
0.06625456362962723,-0.018013134598731995,-0.006663762032985687,0.07162237912416458
0.06617087125778198,-0.0178067609667778,-0.006673317402601242,0.07118832319974899
0.0663452222943306,-0.01737312227487564,-0.006356768310070038,0.07025621831417084
0.06630919128656387,-0.017170757055282593,-0.006274692714214325,0.06980050355195999
0.06680159270763397,-0.016698040068149567,-0.006012853235006332,0.06839392334222794
0.06693994998931885,-0.016598761081695557,-0.005912963300943375,0.06784029304981232
0.06729457527399063,-0.015791982412338257,-0.00565781444311142,0.06658326089382172
0.06785394251346588,-0.015782520174980164,-0.006300661712884903,0.06437843292951584
0.06808029115200043,-0.016004905104637146,-0.0066523477435112,0.06369917839765549
0.06812535971403122,-0.016109779477119446,-0.006686028093099594,0.06362000852823257
0.06870344281196594,-0.015255086123943329,-0.007450558245182037,0.06292036920785904
0.06935421377420425,-0.014563798904418945,-0.008191553875803947,0.061808645725250244
0.0695139542222023,-0.014533989131450653,-0.008466465398669243,0.06139025837182999
0.0692371279001236,-0.014150343835353851,-0.007971484214067459,0.060630880296230316
0.06909608095884323,-0.013948813080787659,-0.007830023765563965,0.06045559048652649
0.06891018897294998,-0.013871878385543823,-0.008183779194951057,0.05950605869293213
0.06879307329654694,-0.013614289462566376,-0.008294902741909027,0.05903296917676926
0.06872859597206116,-0.013690665364265442,-0.009160326793789864,0.05800556391477585
0.06876030564308167,-0.013606078922748566,-0.009473826736211777,0.05760102719068527
0.0687405914068222,-0.013198845088481903,-0.008672291412949562,0.0564233660697937
0.06869138777256012,-0.01296958327293396,-0.008300134912133217,0.05611784756183624
0.06891511380672455,-0.01277124136686325,-0.007698033004999161,0.05547820031642914
0.06893718987703323,-0.01272226870059967,-0.007468122988939285,0.05524172633886337
0.06934966146945953,-0.012492731213569641,-0.007698751986026764,0.05368249863386154
0.06972511857748032,-0.012909263372421265,-0.00781765952706337,0.05281311273574829
0.06981058418750763,-0.013301417231559753,-0.007789436727762222,0.05264158546924591
0.06982573866844177,-0.013431362807750702,-0.007783751934766769,0.052621811628341675
0.06979260593652725,-0.013686798512935638,-0.00690479576587677,0.052601322531700134
0.06998243182897568,-0.013563476502895355,-0.006175227463245392,0.05219721794128418
0.0699770450592041,-0.013335421681404114,-0.005957517772912979,0.05195523798465729
0.06996888667345047,-0.013321161270141602,-0.005934804677963257,0.051917992532253265
0.07031488418579102,-0.013022109866142273,-0.0056297630071640015,0.05160176753997803
0.0709092766046524,-0.012019887566566467,-0.005892857909202576,0.049982406198978424
0.07110550999641418,-0.011719606816768646,-0.006045185029506683,0.04938526451587677
0.07141048461198807,-0.011099956929683685,-0.005747724324464798,0.04877409338951111
0.07152724266052246,-0.010944969952106476,-0.005647383630275726,0.04868781566619873
0.07125036418437958,-0.010849110782146454,-0.00553160160779953,0.048742830753326416
0.0712072104215622,-0.010790280997753143,-0.005471579730510712,0.04884602874517441
0.07083597034215927,-0.011009007692337036,-0.005905415862798691,0.04941379278898239
0.07076306641101837,-0.011091694235801697,-0.00608363002538681,0.04959821701049805
0.07126952707767487,-0.010724052786827087,-0.006236732006072998,0.048388443887233734
0.07160785794258118,-0.010669544339179993,-0.00621216744184494,0.046833328902721405
0.07169584184885025,-0.010594606399536133,-0.006191130727529526,0.04632587730884552
0.07197924703359604,-0.010490596294403076,-0.0060419365763664246,0.045362770557403564
0.07202401757240295,-0.01027940958738327,-0.0059963613748550415,0.04486730694770813
0.07214111089706421,-0.009889855980873108,-0.0057630836963653564,0.04425077140331268
0.072170689702034,-0.009643413126468658,-0.005662593990564346,0.043993592262268066
0.07234130054712296,-0.009221725165843964,-0.0055466145277023315,0.043823227286338806
0.07230933010578156,-0.00856422632932663,-0.005370967090129852,0.04289136081933975
0.07228446751832962,-0.008323989808559418,-0.005355462431907654,0.04248206317424774
0.07254301756620407,-0.007964082062244415,-0.005345325917005539,0.041435472667217255
0.07258865982294083,-0.007789336144924164,-0.005344480276107788,0.040964581072330475
0.07259348034858704,-0.007801644504070282,-0.0053467899560928345,0.04089987277984619
0.07281174510717392,-0.007607176899909973,-0.005620662122964859,0.0398312583565712
0.07315434515476227,-0.007518112659454346,-0.006026081740856171,0.03860372304916382
0.07324476540088654,-0.007633201777935028,-0.006191868335008621,0.03826908767223358
0.07326079905033112,-0.007706359028816223,-0.006211001425981522,0.03822393715381622
0.07305105030536652,-0.007837675511837006,-0.005938239395618439,0.037903837859630585
0.07338543236255646,-0.007879890501499176,-0.005750197917222977,0.037424832582473755
0.07346034049987793,-0.00781763345003128,-0.005691912025213242,0.03718952089548111
0.07375204563140869,-0.007684133946895599,-0.006069716066122055,0.03616994619369507
0.07386098802089691,-0.00757395476102829,-0.006156746298074722,0.0356886088848114
0.07398588210344315,-0.007529117166996002,-0.006012421101331711,0.035447292029857635
0.0739770457148552,-0.007323399186134338,-0.005878351628780365,0.03529937565326691
0.0740804597735405,-0.007060594856739044,-0.005456127226352692,0.034769877791404724
0.07407266646623611,-0.006749369204044342,-0.005216360092163086,0.03457609564065933
0.0740877315402031,-0.006423629820346832,-0.004992425441741943,0.03419233858585358
0.07412704825401306,-0.006007425487041473,-0.005042862147092819,0.03398234397172928
0.07411989569664001,-0.005800433456897736,-0.0050843097269535065,0.03387443721294403
0.07426095008850098,-0.0058737024664878845,-0.0050554051995277405,0.03395335376262665
0.07425583153963089,-0.005867451429367065,-0.005055863410234451,0.033894605934619904
0.07397972047328949,-0.005886070430278778,-0.004882350564002991,0.03375866264104843
0.07390419393777847,-0.005977533757686615,-0.004870325326919556,0.033728331327438354
0.07395927608013153,-0.006151653826236725,-0.0045875199139118195,0.033651649951934814
0.07396508753299713,-0.006264694035053253,-0.004467077553272247,0.03367406874895096
0.074123814702034,-0.006254658102989197,-0.004256170243024826,0.032473355531692505
0.0741979330778122,-0.006385326385498047,-0.004238385707139969,0.03205971419811249
0.07415088266134262,-0.006352268159389496,-0.00437723845243454,0.0314810574054718
0.07417375594377518,-0.006463773548603058,-0.004449300467967987,0.03125426173210144
0.07405295222997665,-0.0064813196659088135,-0.004570137709379196,0.03139473497867584
0.07400533556938171,-0.00635160505771637,-0.004562776535749435,0.03131026029586792
0.07382338494062424,-0.00626586377620697,-0.00454460084438324,0.03135736286640167
0.07379158586263657,-0.006253033876419067,-0.004608772695064545,0.031421661376953125
0.0739298015832901,-0.005948171019554138,-0.004321794956922531,0.03134860098361969
0.07394085079431534,-0.0058188289403915405,-0.004218980669975281,0.031350940465927124
0.07411845773458481,-0.005549982190132141,-0.003955744206905365,0.031152665615081787
0.07411876320838928,-0.005323350429534912,-0.0036644525825977325,0.03156082332134247
0.07406769692897797,-0.005198530852794647,-0.0036000125110149384,0.03174717724323273
0.07420377433300018,-0.00561145693063736,-0.003398474305868149,0.03246128559112549
0.07420862466096878,-0.005688615143299103,-0.00335036963224411,0.0327269583940506
0.0740695595741272,-0.005943179130554199,-0.003382693976163864,0.03348460793495178
0.07400304079055786,-0.005950897932052612,-0.00341956689953804,0.03371436148881912
0.07394814491271973,-0.0058207884430885315,-0.0036355629563331604,0.03311978280544281
0.0739649310708046,-0.005866721272468567,-0.0037323981523513794,0.03282652795314789
0.07413680851459503,-0.005853421986103058,-0.0039223916828632355,0.03211936354637146
0.07420473545789719,-0.005826599895954132,-0.003930855542421341,0.03175981342792511
0.07425807416439056,-0.005678907036781311,-0.003658585250377655,0.031542763113975525
0.07434415072202682,-0.005353070795536041,-0.0034730732440948486,0.030958518385887146
0.07440052181482315,-0.005400240421295166,-0.0035014189779758453,0.030889660120010376
0.07442820072174072,-0.0053131356835365295,-0.003313068300485611,0.030718564987182617
0.07442935556173325,-0.005301676690578461,-0.0032852403819561005,0.030712410807609558
0.07442332804203033,-0.005236372351646423,-0.0031445473432540894,0.03031107783317566
0.07444090396165848,-0.0052370354533195496,-0.003116793930530548,0.03020666539669037
0.07466490566730499,-0.005030818283557892,-0.0031575970351696014,0.029325485229492188
0.07478290051221848,-0.0050046443939208984,-0.003146156668663025,0.029042869806289673
0.07494734227657318,-0.00491739809513092,-0.002801131457090378,0.02858009934425354
0.07499783486127853,-0.00481037050485611,-0.0025886818766593933,0.028493285179138184
0.07514864206314087,-0.004748865962028503,-0.002568807452917099,0.027616113424301147
0.07519833743572235,-0.00466492772102356,-0.002514563500881195,0.02727566659450531
0.07534223794937134,-0.004452511668205261,-0.0023807622492313385,0.026945829391479492
0.07533083856105804,-0.004251517355442047,-0.0023411549627780914,0.026727750897407532
0.07538457214832306,-0.004102163016796112,-0.0023705661296844482,0.026016488671302795
0.07545750588178635,-0.00386076420545578,-0.0018784105777740479,0.025803357362747192
0.07541855424642563,-0.0038008391857147217,-0.0017551258206367493,0.02582937479019165
0.07514169067144394,-0.003685563802719116,-0.0018599480390548706,0.026651620864868164
0.07500849664211273,-0.0034193098545074463,-0.0018274150788784027,0.026815250515937805
0.07498038560152054,-0.003337867558002472,-0.0018210150301456451,0.0268222838640213
0.07484333217144012,-0.003231428563594818,-0.0016586780548095703,0.02714747190475464
0.07501620799303055,-0.0030515119433403015,-0.0015606991946697235,0.02663654088973999
0.07508465647697449,-0.002968214452266693,-0.0014632120728492737,0.02639894187450409
0.07508400827646255,-0.0025284960865974426,-0.0010886304080486298,0.025841638445854187
0.07519470155239105,-0.0021646469831466675,-0.0014615394175052643,0.025696218013763428
0.07525531202554703,-0.0021423697471618652,-0.0016265176236629486,0.02560281753540039
0.07538649439811707,-0.0021567940711975098,-0.0024459101259708405,0.026442483067512512
0.07540049403905869,-0.002042718231678009,-0.002714201807975769,0.026536911725997925
0.07540427893400192,-0.0019078850746154785,-0.002974923700094223,0.027060091495513916
0.07536932826042175,-0.0016500875353813171,-0.0030128248035907745,0.027141854166984558
0.07564554363489151,-0.0015036240220069885,-0.0030259080231189728,0.02674943208694458
0.07576672732830048,-0.0015814974904060364,-0.0029984712600708008,0.026585817337036133
0.07602661103010178,-0.00147344172000885,-0.003135204315185547,0.026565775275230408
0.07611162960529327,-0.0014626160264015198,-0.0031520165503025055,0.026475965976715088
0.07614030689001083,-0.0013970807194709778,-0.0031699948012828827,0.026725709438323975
0.07617640495300293,-0.001429736614227295,-0.0031805820763111115,0.02682134509086609
0.07615628838539124,-0.001528330147266388,-0.0030789077281951904,0.027160421013832092
0.0761343240737915,-0.0017900392413139343,-0.002784479409456253,0.027430295944213867
0.07611106336116791,-0.0019013509154319763,-0.002712547779083252,0.027540504932403564
0.07599617540836334,-0.0018007755279541016,-0.0025074630975723267,0.02725246548652649
0.07595867663621902,-0.0017582550644874573,-0.002454496920108795,0.0271909236907959
0.07582060992717743,-0.0012871846556663513,-0.0022673271596431732,0.026849180459976196
0.07577018439769745,-0.0010499432682991028,-0.002219218760728836,0.026745960116386414
0.07549422979354858,-0.0007230415940284729,-0.002169676125049591,0.027066677808761597
0.07542156428098679,-0.0005823969841003418,-0.0021898113191127777,0.027191326022148132
0.07529796659946442,-0.000516846776008606,-0.001965876668691635,0.02716176211833954
0.07526630163192749,-0.0003845691680908203,-0.001904606819152832,0.027210235595703125
0.0752023383975029,-0.00046397745609283447,-0.0018433108925819397,0.02729339897632599
0.07516635209321976,-0.0004289373755455017,-0.0018050670623779297,0.027225777506828308
0.07510632276535034,-0.0003375932574272156,-0.001501813530921936,0.026896998286247253
0.0750395879149437,-0.0002381056547164917,-0.0013808198273181915,0.026764050126075745
0.07501612603664398,-0.00012205541133880615,-0.001269955188035965,0.02673967182636261
0.07498063147068024,-5.511194467544556e-05,-0.001232776790857315,0.026781722903251648
0.07495327293872833,-0.00023780763149261475,-0.0012749508023262024,0.027164563536643982
0.07491476833820343,-0.00010512024164199829,-0.0012812986969947815,0.02718368172645569
0.07488016784191132,-0.0003200247883796692,-0.0017256811261177063,0.027068763971328735
0.07506386935710907,-0.0002838149666786194,-0.001657038927078247,0.025937005877494812
0.07512833178043365,-0.0002759471535682678,-0.001582566648721695,0.025621891021728516
0.07522643357515335,-0.00033720582723617554,-0.00138922780752182,0.0249149352312088
0.075271837413311,-0.0004749894142150879,-0.0013442747294902802,0.024733886122703552
0.07540510594844818,-0.0004679858684539795,-0.0016335584223270416,0.024843931198120117
0.07546377182006836,-0.00046584755182266235,-0.0017388872802257538,0.024836644530296326
0.07553727179765701,-0.0007333755493164062,-0.002019401639699936,0.025229036808013916
0.07556373625993729,-0.0008423328399658203,-0.002083543688058853,0.02528969943523407
0.0756497010588646,-0.0008463636040687561,-0.0022226832807064056,0.025176063179969788
0.0756775289773941,-0.0008642822504043579,-0.0022700168192386627,0.025126218795776367
0.07564109563827515,-0.0009462088346481323,-0.002459835261106491,0.025212988257408142
0.07563647627830505,-0.0010380595922470093,-0.0025185570120811462,0.025244399905204773
0.07545851171016693,-0.0009296685457229614,-0.0025879405438899994,0.025449246168136597
0.0753951147198677,-0.000646933913230896,-0.0025261640548706055,0.02587006986141205
0.07538174837827682,-0.0005189776420593262,-0.00249403715133667,0.026048287749290466
0.07537857443094254,-0.00048269331455230713,-0.0024902373552322388,0.026073932647705078
0.07536596059799194,-7.516145706176758e-05,-0.0025283433496952057,0.026164740324020386
0.07560086995363235,0.00045081228017807007,-0.0022398121654987335,0.02618110179901123
0.0756385549902916,0.0006434917449951172,-0.0021342039108276367,0.026203393936157227
0.07574785500764847,0.0009754076600074768,-0.002180960029363632,0.02623237669467926
0.07574255019426346,0.0011934563517570496,-0.0021970681846141815,0.026161983609199524
0.07589329779148102,0.0016405284404754639,-0.00205293670296669,0.025373995304107666
0.07590150088071823,0.0019114911556243896,-0.0020024217665195465,0.025082960724830627
0.07589634507894516,0.0021204501390457153,-0.0020045414566993713,0.024899855256080627
0.07586096972227097,0.0023123621940612793,-0.001993529498577118,0.024792909622192383
0.07585413008928299,0.00228331983089447,-0.002364426851272583,0.02491079270839691
0.0758838951587677,0.0022492259740829468,-0.0024803802371025085,0.02489304542541504
0.076078861951828,0.0020479485392570496,-0.0029723085463047028,0.025647610425949097
0.07612629979848862,0.0019641444087028503,-0.003130059689283371,0.025761261582374573
0.07622919976711273,0.0017358362674713135,-0.002716340124607086,0.02632354199886322
0.07634669542312622,0.0016969963908195496,-0.0021987594664096832,0.02633582055568695
0.07636968791484833,0.0016787946224212646,-0.002056378871202469,0.026362299919128418
0.07656869292259216,0.0017978176474571228,-0.0024400055408477783,0.026068344712257385
0.07664816826581955,0.0019701942801475525,-0.0025554820895195007,0.02585446834564209
0.07646383345127106,0.002249293029308319,-0.0030509158968925476,0.024983152747154236
0.07648322731256485,0.002342119812965393,-0.0032396912574768066,0.024632394313812256
0.07644964754581451,0.0024660900235176086,-0.0035423152148723602,0.024233847856521606
0.07644393295049667,0.0025699064135551453,-0.003639552742242813,0.023978978395462036
0.07639124244451523,0.0027698352932929993,-0.003739017993211746,0.023619741201400757
0.07628785818815231,0.002955429255962372,-0.003742847591638565,0.02336326241493225
0.07621420174837112,0.003107227385044098,-0.0037209689617156982,0.023277699947357178
0.07625019550323486,0.0030892565846443176,-0.00374801829457283,0.023615136742591858
0.07624487578868866,0.0030914992094039917,-0.0037298649549484253,0.02367246150970459
0.07624270021915436,0.0030921995639801025,-0.0037278085947036743,0.023672178387641907
0.07637794315814972,0.003203175961971283,-0.00376882404088974,0.023737281560897827
0.07632869482040405,0.0033911466598510742,-0.0034704990684986115,0.02378799021244049
0.07629218697547913,0.003416977822780609,-0.003420211374759674,0.02391946315765381
0.07620921730995178,0.00356447696685791,-0.002948746085166931,0.02365216612815857
0.0762045681476593,0.0035172253847122192,-0.002782300114631653,0.02367454767227173
0.0760640874505043,0.003484100103378296,-0.0026071183383464813,0.02360422909259796
0.07603726536035538,0.003495939075946808,-0.0025268569588661194,0.023633137345314026
0.0761445164680481,0.00362396240234375,-0.002289865165948868,0.02350524067878723
0.07612405717372894,0.0037377923727035522,-0.0020758695900440216,0.023455694317817688
0.0761304646730423,0.00372401624917984,-0.0020245760679244995,0.02347797155380249
0.07601234316825867,0.0035813525319099426,-0.0018820874392986298,0.02354656159877777
0.07597760111093521,0.0035235807299613953,-0.001850619912147522,0.023631319403648376
0.07601471990346909,0.0034255385398864746,-0.0017708688974380493,0.023459330201148987
0.07601647078990936,0.003412775695323944,-0.0017456673085689545,0.023426279425621033
0.07601744681596756,0.0033358708024024963,-0.0019330158829689026,0.023408308625221252
0.07602289319038391,0.0033155307173728943,-0.0019995011389255524,0.02337932586669922
0.07605952024459839,0.0035436004400253296,-0.002046629786491394,0.023158445954322815
0.07610353827476501,0.0035526081919670105,-0.00203719362616539,0.02303534746170044
0.07619969546794891,0.0034581944346427917,-0.001903194934129715,0.023214146494865417
0.07622955739498138,0.0034295544028282166,-0.0018076971173286438,0.023445680737495422
0.07622381299734116,0.003449469804763794,-0.0017863251268863678,0.02350449562072754
0.07634341716766357,0.0034181103110313416,-0.0016828551888465881,0.023512423038482666
0.07633612304925919,0.0034940168261528015,-0.0016418620944023132,0.023475095629692078
0.0763307511806488,0.0035008490085601807,-0.0016383640468120575,0.023466184735298157
0.07636062055826187,0.0036460906267166138,-0.0014147423207759857,0.02341639995574951
0.07630787044763565,0.003645479679107666,-0.0013673007488250732,0.023397579789161682
0.076286680996418,0.0036095455288887024,-0.0013886913657188416,0.023389890789985657
0.0763164609670639,0.0034691467881202698,-0.0013425573706626892,0.02367834746837616
0.07630713284015656,0.0034422799944877625,-0.001320917159318924,0.023774027824401855
0.07652990520000458,0.0034403353929519653,-0.0012839287519454956,0.02375374734401703
0.07658335566520691,0.0034101083874702454,-0.0012692250311374664,0.023711174726486206
0.07673651725053787,0.0035182014107704163,-0.001223154366016388,0.023856520652770996
0.0767410397529602,0.0036289989948272705,-0.001167111098766327,0.023870065808296204
0.07673497498035431,0.003647454082965851,-0.0011945664882659912,0.02391117811203003
0.07677827030420303,0.003541320562362671,-0.0015097074210643768,0.024299144744873047
0.07677983492612839,0.003491505980491638,-0.0015720203518867493,0.024346351623535156
0.07670944184064865,0.0031686797738075256,-0.0017156116664409637,0.02445453405380249
0.07672546803951263,0.0029036179184913635,-0.0018585622310638428,0.024472758173942566
0.07673276960849762,0.0028499215841293335,-0.0018800273537635803,0.024472564458847046
0.07684359699487686,0.0027948394417762756,-0.002014126628637314,0.024871379137039185
0.07685540616512299,0.0027616694569587708,-0.002187419682741165,0.024804189801216125
0.0768810510635376,0.0027981027960777283,-0.002243548631668091,0.02472187578678131
0.07676336914300919,0.0028685927391052246,-0.0025997161865234375,0.02483709156513214
0.07678097486495972,0.002874016761779785,-0.002781730145215988,0.024848565459251404
0.07673725485801697,0.003078848123550415,-0.0024184733629226685,0.024927839636802673
0.07667973637580872,0.003275163471698761,-0.0022400803864002228,0.025012299418449402
0.07676917314529419,0.0031581372022628784,-0.0022701025009155273,0.02485215663909912
0.07681109756231308,0.0029816031455993652,-0.0022827312350273132,0.024780824780464172
0.07687374949455261,0.0028684139251708984,-0.002270560711622238,0.024455219507217407
0.0770166665315628,0.0027010291814804077,-0.0022058337926864624,0.02414277195930481
0.07705257087945938,0.002537749707698822,-0.002147804945707321,0.024063289165496826
0.0770641416311264,0.0025955066084861755,-0.0018436573445796967,0.02353605628013611
0.07705510407686234,0.0026809275150299072,-0.0017594732344150543,0.023405328392982483
0.07703034579753876,0.002818576991558075,-0.0015091374516487122,0.023327559232711792
0.07699377834796906,0.00301167368888855,-0.0014248453080654144,0.02331911027431488
0.07700012624263763,0.003118470311164856,-0.0011592060327529907,0.023192837834358215
0.07698452472686768,0.003247268497943878,-0.0010966882109642029,0.023179858922958374
0.07696636021137238,0.003226146101951599,-0.001139998435974121,0.023313909769058228
0.0769636258482933,0.0032005608081817627,-0.0011559203267097473,0.02335663139820099
0.07700032740831375,0.0031390488147735596,-0.001271165907382965,0.02331496775150299
0.07702985405921936,0.0030748173594474792,-0.0013300403952598572,0.023280039429664612
0.07703737914562225,0.0030597224831581116,-0.0013344325125217438,0.02325446903705597
0.07703651487827301,0.0030555203557014465,-0.0013411864638328552,0.02328696846961975
0.07703384011983871,0.003055468201637268,-0.0013370886445045471,0.02329811453819275
0.07702920585870743,0.0030665025115013123,-0.0013125278055667877,0.023291200399398804
0.07702294737100601,0.0030762851238250732,-0.0012966543436050415,0.023290976881980896
0.07700978219509125,0.0030912384390830994,-0.001260615885257721,0.023317411541938782
0.07700008153915405,0.003110267221927643,-0.0012441948056221008,0.02333366870880127
0.0769810900092125,0.003177046775817871,-0.0011373311281204224,0.023302778601646423
0.07696574926376343,0.003239162266254425,-0.00109829381108284,0.023308083415031433
0.07696179300546646,0.0032511278986930847,-0.001093592494726181,0.023309782147407532
0.07697127759456635,0.00325939804315567,-0.0011136606335639954,0.02330639958381653
0.07697515934705734,0.003270357847213745,-0.0011204257607460022,0.023291632533073425
0.076967254281044,0.003271348774433136,-0.001082051545381546,0.023327186703681946
0.07693848013877869,0.0032637864351272583,-0.0010617859661579132,0.02342092990875244
0.07692693918943405,0.0032650455832481384,-0.0010514147579669952,0.02344644069671631
0.07692001760005951,0.003302827477455139,-0.0010432228446006775,0.023127183318138123
0.07693586498498917,0.0032795220613479614,-0.0010718293488025665,0.02302420139312744
0.07693630456924438,0.0032462626695632935,-0.0010931901633739471,0.02307221293449402
0.07694125920534134,0.003201603889465332,-0.0010946393013000488,0.023097842931747437
0.07695763558149338,0.003223404288291931,-0.00113663449883461,0.022950276732444763
0.0769718810915947,0.0032199546694755554,-0.0011590123176574707,0.0228835791349411
0.07696113735437393,0.0032365694642066956,-0.0012592300772666931,0.022475600242614746
0.07697292417287827,0.0032121166586875916,-0.0013089366257190704,0.022239580750465393
0.07699096947908401,0.0031619593501091003,-0.0013260506093502045,0.02220296859741211
0.07697434723377228,0.0031680092215538025,-0.0014788508415222168,0.022679820656776428
0.07696612924337387,0.0031841397285461426,-0.0015088915824890137,0.022824540734291077
0.0769856870174408,0.0031330659985542297,-0.0015724338591098785,0.02297861874103546
0.07699773460626602,0.0030761808156967163,-0.0015874356031417847,0.023025527596473694
0.07700848579406738,0.002906583249568939,-0.001718573272228241,0.02358385920524597
0.07700710743665695,0.0028022006154060364,-0.0017392635345458984,0.023747220635414124
0.07709924131631851,0.0027751848101615906,-0.001981537789106369,0.023987457156181335
0.07716289162635803,0.0025962665677070618,-0.002070896327495575,0.024063944816589355
0.07680901139974594,0.00277092307806015,-0.002136658877134323,0.02464674413204193
0.07663517445325851,0.0037977471947669983,-0.0021643713116645813,0.02464376389980316
0.07652680575847626,0.004407986998558044,-0.0021224841475486755,0.024530649185180664
0.0765005573630333,0.00451989471912384,-0.0021135956048965454,0.024510890245437622
0.07644730806350708,0.004629127681255341,-0.0021860934793949127,0.025041118264198303
0.07706771790981293,0.005232922732830048,-0.0020517855882644653,0.02407236397266388
0.0771820992231369,0.005567573010921478,-0.00189976766705513,0.023674875497817993
0.07745788246393204,0.005940690636634827,-0.0014450959861278534,0.022186458110809326
0.07756070792675018,0.006115518510341644,-0.0013819485902786255,0.021720796823501587
0.07779274135828018,0.00659528374671936,-0.0012299343943595886,0.02114911377429962
0.07789991796016693,0.0067936331033706665,-0.0012364387512207031,0.020936280488967896
0.07775790244340897,0.006442107260227203,-0.0011310204863548279,0.021042928099632263
0.07766099274158478,0.006301842629909515,-0.001124158501625061,0.02112056314945221
0.07777313888072968,0.006423868238925934,-0.0016169734299182892,0.02116398513317108
0.07779178768396378,0.006498970091342926,-0.00165606290102005,0.020941048860549927
0.07778219878673553,0.006473273038864136,-0.001633279025554657,0.020911335945129395
0.07777933031320572,0.0064651817083358765,-0.0016280151903629303,0.02090524137020111
0.0777786374092102,0.006462089717388153,-0.0016262717545032501,0.020902827382087708
0.07783039659261703,0.006347469985485077,-0.001529749482870102,0.02012777328491211
0.07787616550922394,0.006187893450260162,-0.0014902763068675995,0.01986090838909149
0.07785779982805252,0.006125263869762421,-0.0015331245958805084,0.020027905702590942
0.0778447613120079,0.006114058196544647,-0.0015565082430839539,0.02008737623691559
0.07779651135206223,0.006176359951496124,-0.0014588311314582825,0.020457208156585693
0.07776552438735962,0.0062758177518844604,-0.001408163458108902,0.020604059100151062
0.07774211466312408,0.00625629723072052,-0.0014659054577350616,0.02070075273513794
0.07772531360387802,0.006286025047302246,-0.0014884211122989655,0.020719274878501892
0.07772154361009598,0.006294667720794678,-0.0014907121658325195,0.020720481872558594
0.07772083580493927,0.006296701729297638,-0.0014909468591213226,0.02072031795978546
0.07772069424390793,0.0062972381711006165,-0.001490909606218338,0.02072031795978546
0.07772067189216614,0.006297409534454346,-0.001490909606218338,0.020720288157463074
0.07772066444158554,0.006297476589679718,-0.001490909606218338,0.020720288157463074
0.07772066444158554,0.006297498941421509,-0.001490909606218338,0.020720288157463074
0.07772066444158554,0.006297513842582703,-0.001490909606218338,0.020720288157463074
0.07772066444158554,0.006297513842582703,-0.001490909606218338,0.020720288157463074
0.07772066444158554,0.006297513842582703,-0.001490909606218338,0.020720288157463074
0.07772066444158554,0.006297513842582703,-0.001490909606218338,0.020720288157463074
0.07772066444158554,0.006297513842582703,-0.001490909606218338,0.020720288157463074
0.07772066444158554,0.006297513842582703,-0.001490909606218338,0.020720288157463074
0.07772066444158554,0.006297513842582703,-0.001490909606218338,0.020720288157463074
0.07772066444158554,0.006297513842582703,-0.001490909606218338,0.020720288157463074
0.07772066444158554,0.006297513842582703,-0.001490909606218338,0.020720288157463074
0.07772066444158554,0.006297513842582703,-0.001490909606218338,0.020720288157463074
0.07772066444158554,0.006297513842582703,-0.001490909606218338,0.020720288157463074
0.07772066444158554,0.006297513842582703,-0.001490909606218338,0.020720288157463074
0.07772066444158554,0.006297513842582703,-0.001490909606218338,0.020720288157463074
0.07772066444158554,0.006297513842582703,-0.001490909606218338,0.020720288157463074
0.07772066444158554,0.006297513842582703,-0.001490909606218338,0.020720288157463074
0.07772066444158554,0.006297513842582703,-0.001490909606218338,0.020720288157463074
0.07772066444158554,0.006297513842582703,-0.001490909606218338,0.020720288157463074
0.07772066444158554,0.006297513842582703,-0.001490909606218338,0.020720288157463074
0.07772066444158554,0.006297513842582703,-0.001490909606218338,0.020720288157463074
0.07772066444158554,0.006297513842582703,-0.001490909606218338,0.020720288157463074
0.07772066444158554,0.006297513842582703,-0.001490909606218338,0.020720288157463074
0.07772066444158554,0.006297513842582703,-0.001490909606218338,0.020720288157463074
0.07772066444158554,0.006297513842582703,-0.001490909606218338,0.020720288157463074
0.07772066444158554,0.006297513842582703,-0.001490909606218338,0.020720288157463074
0.07772078365087509,0.006294175982475281,-0.0014949515461921692,0.02071961760520935
0.07772038877010345,0.006294079124927521,-0.0014963559806346893,0.020718857645988464
0.07772469520568848,0.00631009042263031,-0.0014673471450805664,0.02071043848991394
0.07772824168205261,0.006306208670139313,-0.0014563389122486115,0.020712286233901978
0.07773108035326004,0.006286799907684326,-0.0014825202524662018,0.020709961652755737
0.07773148268461227,0.00628083199262619,-0.0014930963516235352,0.020705223083496094
0.07773024588823318,0.0062654390931129456,-0.001503683626651764,0.020722568035125732
0.07772627472877502,0.006269216537475586,-0.0015063174068927765,0.020728468894958496
0.07774005085229874,0.006256185472011566,-0.0014869607985019684,0.02073916792869568
0.07774373888969421,0.006240978837013245,-0.0014785975217819214,0.020749717950820923
0.07779844850301743,0.006174921989440918,-0.0017732419073581696,0.020850330591201782
0.07785261422395706,0.006084054708480835,-0.0019182637333869934,0.020849332213401794
0.07788343727588654,0.006048321723937988,-0.0020315274596214294,0.020909368991851807
0.07790582627058029,0.0060018375515937805,-0.0020755305886268616,0.020921021699905396
0.07793831825256348,0.0061048343777656555,-0.002186942845582962,0.0206441730260849
0.07799031585454941,0.00607677549123764,-0.0021142475306987762,0.020486801862716675
0.0780034139752388,0.00605357438325882,-0.002066146582365036,0.02047218382358551
0.07802101224660873,0.0060440897941589355,-0.0019409805536270142,0.020443186163902283
0.07802292704582214,0.006020084023475647,-0.0018956176936626434,0.020459309220314026
0.07798218727111816,0.0060219913721084595,-0.0015889592468738556,0.020478636026382446
0.07795063406229019,0.00604325532913208,-0.0014583542943000793,0.020556792616844177
0.07790910452604294,0.006030581891536713,-0.0014387816190719604,0.02049870789051056
0.07789941877126694,0.006021812558174133,-0.001452077180147171,0.020481020212173462
0.07789158821105957,0.006066650152206421,-0.0013397447764873505,0.020432502031326294
0.07787981629371643,0.006095476448535919,-0.0012920387089252472,0.020430371165275574
0.07787543535232544,0.0060415118932724,-0.0012218505144119263,0.020569637417793274
0.07787046581506729,0.00602702796459198,-0.0011913776397705078,0.020660385489463806
0.07788611203432083,0.0060970112681388855,-0.0008106604218482971,0.020655035972595215
0.07792127132415771,0.0060370564460754395,-0.0003475286066532135,0.020490631461143494
0.07793807238340378,0.005945466458797455,-0.00021949037909507751,0.02050323784351349
0.0778893232345581,0.005596823990345001,-0.000767633318901062,0.02071686089038849
0.07787223905324936,0.00549730658531189,-0.0009811893105506897,0.02069753408432007
0.07772321999073029,0.005175337195396423,-0.0005965195596218109,0.02092316746711731
0.07766679674386978,0.004976250231266022,-0.00044580549001693726,0.02111145853996277
0.07765654474496841,0.004949562251567841,-0.000427979975938797,0.021143153309822083
0.07760383933782578,0.004748880863189697,-0.0006687194108963013,0.02110038697719574
0.0776117667555809,0.004624329507350922,-0.0008030496537685394,0.02105189859867096
0.0775812491774559,0.004448346793651581,-0.0008891969919204712,0.0212542861700058
0.07741487771272659,0.004434116184711456,-0.0006798654794692993,0.021810874342918396
0.07729912549257278,0.004616774618625641,-0.0005767643451690674,0.02197033166885376
0.07734259963035583,0.004695132374763489,-0.000651821494102478,0.021855145692825317
0.07736492902040482,0.004710540175437927,-0.0006847381591796875,0.021790266036987305
0.07716846466064453,0.003790140151977539,-0.000916551798582077,0.022548720240592957
0.07715105265378952,0.0031795501708984375,-0.001004330813884735,0.022803768515586853
0.07715510576963425,0.00308237224817276,-0.0010159872472286224,0.022832408547401428
0.07715609669685364,0.0030617862939834595,-0.0010171495378017426,0.022835850715637207
0.07715628296136856,0.003055773675441742,-0.0010172352194786072,0.022836342453956604
0.07715631276369095,0.003053896129131317,-0.0010172352194786072,0.02283644676208496
0.07715632021427155,0.0030532926321029663,-0.0010172352194786072,0.02283644676208496
0.07718478888273239,0.0035904347896575928,-0.0009925402700901031,0.02234572172164917
0.07719793915748596,0.003911763429641724,-0.0010216198861598969,0.02221827208995819
0.0775429829955101,0.00431426614522934,-0.0009018294513225555,0.0214930921792984
0.07772856950759888,0.004163406789302826,-0.0008896701037883759,0.02125014364719391
0.0776800736784935,0.004640012979507446,-0.0007490888237953186,0.021782249212265015
0.07777078449726105,0.005326129496097565,-0.0010650455951690674,0.02138182520866394
0.07778121531009674,0.005612276494503021,-0.0012201815843582153,0.021108463406562805
0.07782295346260071,0.0058606937527656555,-0.0014381371438503265,0.020926713943481445
0.07774713635444641,0.006237097084522247,-0.001487094908952713,0.020756855607032776
0.07772548496723175,0.006289362907409668,-0.0014911554753780365,0.02072732150554657
0.07772143930196762,0.006295740604400635,-0.0014912821352481842,0.02072155475616455
0.07772094756364822,0.006297700107097626,-0.0014899000525474548,0.020720139145851135
0.077721007168293,0.006297886371612549,-0.0014894306659698486,0.020720049738883972
0.07772102952003479,0.006297975778579712,-0.0014893338084220886,0.02072007954120636
0.07772102952003479,0.006297998130321503,-0.0014893338084220886,0.02072007954120636
0.07772102952003479,0.0062980130314826965,-0.0014893338084220886,0.02072007954120636
0.07772102952003479,0.0062980130314826965,-0.0014893338084220886,0.02072007954120636
0.07772102952003479,0.0062980130314826965,-0.0014893338084220886,0.02072007954120636
0.07772102952003479,0.0062980130314826965,-0.0014893338084220886,0.02072007954120636
0.07772102952003479,0.0062980130314826965,-0.0014893338084220886,0.02072007954120636
0.07772102952003479,0.0062980130314826965,-0.0014893338084220886,0.02072007954120636
0.07772102952003479,0.0062980130314826965,-0.0014893338084220886,0.02072007954120636
0.07772102952003479,0.0062980130314826965,-0.0014893338084220886,0.02072007954120636
0.07772102952003479,0.0062980130314826965,-0.0014893338084220886,0.02072007954120636
0.07772102952003479,0.0062980130314826965,-0.0014893338084220886,0.02072007954120636
0.07772102952003479,0.0062980130314826965,-0.0014893338084220886,0.02072007954120636
0.07772102952003479,0.0062980130314826965,-0.0014893338084220886,0.02072007954120636
0.07772102952003479,0.0062980130314826965,-0.0014893338084220886,0.02072007954120636
0.07772102952003479,0.0062980130314826965,-0.0014893338084220886,0.02072007954120636
0.07772102952003479,0.0062980130314826965,-0.0014893338084220886,0.02072007954120636
0.07772102952003479,0.0062980130314826965,-0.0014893338084220886,0.02072007954120636
0.07772102952003479,0.0062980130314826965,-0.0014893338084220886,0.02072007954120636
0.07772102952003479,0.0062980130314826965,-0.0014893338084220886,0.02072007954120636
0.07772102952003479,0.0062980130314826965,-0.0014893338084220886,0.02072007954120636
0.07772102952003479,0.0062980130314826965,-0.0014893338084220886,0.02072007954120636
0.07772102952003479,0.0062980130314826965,-0.0014893338084220886,0.02072007954120636
0.07772102952003479,0.0062980130314826965,-0.0014893338084220886,0.02072007954120636
0.07772102952003479,0.0062980130314826965,-0.0014893338084220886,0.02072007954120636
0.07772102952003479,0.0062980130314826965,-0.0014893338084220886,0.02072007954120636
0.07772102952003479,0.0062980130314826965,-0.0014893338084220886,0.02072007954120636
0.07772102952003479,0.0062980130314826965,-0.0014893338084220886,0.02072007954120636
0.07772102952003479,0.0062980130314826965,-0.0014893338084220886,0.02072007954120636
0.07772102952003479,0.0062980130314826965,-0.0014893338084220886,0.02072007954120636
0.07772102952003479,0.0062980130314826965,-0.0014893338084220886,0.02072007954120636
0.07772102952003479,0.0062980130314826965,-0.0014893338084220886,0.02072007954120636
0.07772102952003479,0.0062980130314826965,-0.0014893338084220886,0.02072007954120636
0.07772102952003479,0.0062980130314826965,-0.0014893338084220886,0.02072007954120636
0.07772102952003479,0.0062980130314826965,-0.0014893338084220886,0.02072007954120636
0.07772102952003479,0.0062980130314826965,-0.0014893338084220886,0.02072007954120636
0.07772102952003479,0.0062980130314826965,-0.0014893338084220886,0.02072007954120636
0.07772102952003479,0.0062980130314826965,-0.0014893338084220886,0.02072007954120636
0.07772132009267807,0.006299145519733429,-0.0014873109757900238,0.020719468593597412
0.07772156596183777,0.006299003958702087,-0.0014862753450870514,0.02071961760520935
0.07772170752286911,0.006298929452896118,-0.001486174762248993,0.020719662308692932
0.0777217298746109,0.006298929452896118,-0.001486167311668396,0.020719707012176514
0.0777217373251915,0.006298929452896118,-0.0014861561357975006,0.020719707012176514
0.0777217373251915,0.006298929452896118,-0.0014861486852169037,0.020719707012176514
0.0777217373251915,0.006298929452896118,-0.0014861486852169037,0.020719707012176514
0.0777217373251915,0.006298929452896118,-0.0014861486852169037,0.020719707012176514
0.0777217373251915,0.006298929452896118,-0.0014861486852169037,0.020719707012176514
0.0777217373251915,0.006298929452896118,-0.0014861486852169037,0.020719707012176514
0.0777217373251915,0.006298929452896118,-0.0014861486852169037,0.020719707012176514
0.0777217373251915,0.006298929452896118,-0.0014861486852169037,0.020719707012176514
0.0777217373251915,0.006298929452896118,-0.0014861486852169037,0.020719707012176514
0.0777217373251915,0.006298929452896118,-0.0014861486852169037,0.020719707012176514
0.0777217373251915,0.006298929452896118,-0.0014861486852169037,0.020719707012176514
0.0777217373251915,0.006298929452896118,-0.0014861486852169037,0.020719707012176514
0.07772163301706314,0.00629878044128418,-0.0014863498508930206,0.02071976661682129
0.07772162556648254,0.006298832595348358,-0.0014864429831504822,0.02071976661682129
0.07772162556648254,0.006298810243606567,-0.001486465334892273,0.02071976661682129
0.07772162556648254,0.006298810243606567,-0.001486465334892273,0.02071976661682129
0.07772162556648254,0.006298810243606567,-0.001486465334892273,0.02071976661682129
0.07772162556648254,0.006298810243606567,-0.001486465334892273,0.02071976661682129
0.07772162556648254,0.006298810243606567,-0.001486465334892273,0.02071976661682129
0.07772162556648254,0.006298810243606567,-0.001486465334892273,0.02071976661682129
0.07772162556648254,0.006298810243606567,-0.001486465334892273,0.02071976661682129
0.07772162556648254,0.006298810243606567,-0.001486465334892273,0.02071976661682129
0.07772162556648254,0.006298810243606567,-0.001486465334892273,0.02071976661682129
0.07772162556648254,0.006298810243606567,-0.001486465334892273,0.02071976661682129
0.07772162556648254,0.006298810243606567,-0.001486465334892273,0.02071976661682129
0.07772162556648254,0.006298810243606567,-0.001486465334892273,0.02071976661682129
0.07772162556648254,0.006298810243606567,-0.001486465334892273,0.02071976661682129
0.07772162556648254,0.006298810243606567,-0.001486465334892273,0.02071976661682129
0.07772162556648254,0.006298810243606567,-0.001486465334892273,0.02071976661682129
0.07772168517112732,0.006299033761024475,-0.0014861449599266052,0.020719662308692932
0.0777217373251915,0.006299003958702087,-0.001486029475927353,0.020719677209854126
0.07772161066532135,0.006298542022705078,-0.0014867223799228668,0.020719915628433228
0.0777214914560318,0.006298631429672241,-0.0014870241284370422,0.02071988582611084
0.07772146910429001,0.006298616528511047,-0.0014870353043079376,0.020719856023788452
0.07772146165370941,0.006298631429672241,-0.001487046480178833,0.020719856023788452
0.07772146165370941,0.006298631429672241,-0.001487046480178833,0.020719856023788452
0.07772146165370941,0.006298631429672241,-0.001487046480178833,0.020719856023788452
0.07772146165370941,0.006298631429672241,-0.001487046480178833,0.020719856023788452
0.07771754264831543,0.006283119320869446,-0.0015145428478717804,0.020727068185806274
0.07771424204111099,0.006286554038524628,-0.0015249289572238922,0.020725160837173462
0.07771351933479309,0.006287373602390289,-0.0015259087085723877,0.02072446048259735
0.07771340012550354,0.006287410855293274,-0.00152602419257164,0.02072429656982422
0.07771337777376175,0.0062874481081962585,-0.0015260428190231323,0.02072426676750183
0.07771337777376175,0.0062874481081962585,-0.0015260428190231323,0.02072426676750183
0.07771337777376175,0.0062874481081962585,-0.0015260428190231323,0.02072426676750183
0.07771337777376175,0.0062874481081962585,-0.0015260428190231323,0.02072426676750183
0.07771337777376175,0.0062874481081962585,-0.0015260428190231323,0.02072426676750183
0.07771337777376175,0.0062874481081962585,-0.0015260428190231323,0.02072426676750183
0.07771337777376175,0.0062874481081962585,-0.0015260428190231323,0.02072426676750183
0.07771337777376175,0.0062874481081962585,-0.0015260428190231323,0.02072426676750183
0.07771337777376175,0.0062874481081962585,-0.0015260428190231323,0.02072426676750183
0.07771337777376175,0.0062874481081962585,-0.0015260428190231323,0.02072426676750183
0.07771337777376175,0.0062874481081962585,-0.0015260428190231323,0.02072426676750183
0.07771337777376175,0.0062874481081962585,-0.0015260428190231323,0.02072426676750183
0.07771337777376175,0.0062874481081962585,-0.0015260428190231323,0.02072426676750183
0.07771337777376175,0.0062874481081962585,-0.0015260428190231323,0.02072426676750183
0.07771337777376175,0.0062874481081962585,-0.0015260428190231323,0.02072426676750183
0.07771337777376175,0.0062874481081962585,-0.0015260428190231323,0.02072426676750183
0.07771337777376175,0.0062874481081962585,-0.0015260428190231323,0.02072426676750183
0.07771337777376175,0.0062874481081962585,-0.0015260428190231323,0.02072426676750183
0.07771337777376175,0.0062874481081962585,-0.0015260428190231323,0.02072426676750183
0.07771337777376175,0.0062874481081962585,-0.0015260428190231323,0.02072426676750183
0.07771337777376175,0.0062874481081962585,-0.0015260428190231323,0.02072426676750183
0.07771337777376175,0.0062874481081962585,-0.0015260428190231323,0.02072426676750183
0.07771337777376175,0.0062874481081962585,-0.0015260428190231323,0.02072426676750183
0.07771337777376175,0.0062874481081962585,-0.0015260428190231323,0.02072426676750183
0.07771337777376175,0.0062874481081962585,-0.0015260428190231323,0.02072426676750183
0.07771337777376175,0.0062874481081962585,-0.0015260428190231323,0.02072426676750183
0.07771337777376175,0.0062874481081962585,-0.0015260428190231323,0.02072426676750183
0.07771337777376175,0.0062874481081962585,-0.0015260428190231323,0.02072426676750183
0.07771337777376175,0.0062874481081962585,-0.0015260428190231323,0.02072426676750183
0.07771337777376175,0.0062874481081962585,-0.0015260428190231323,0.02072426676750183
0.07771337777376175,0.0062874481081962585,-0.0015260428190231323,0.02072426676750183
0.07771337777376175,0.0062874481081962585,-0.0015260428190231323,0.02072426676750183
0.07771337777376175,0.0062874481081962585,-0.0015260428190231323,0.02072426676750183
0.07771337777376175,0.0062874481081962585,-0.0015260428190231323,0.02072426676750183
0.07771337777376175,0.0062874481081962585,-0.0015260428190231323,0.02072426676750183
0.07771337777376175,0.0062874481081962585,-0.0015260428190231323,0.02072426676750183
0.07771337777376175,0.0062874481081962585,-0.0015260428190231323,0.02072426676750183
0.07771337777376175,0.0062874481081962585,-0.0015260428190231323,0.02072426676750183
0.07771337777376175,0.0062874481081962585,-0.0015260428190231323,0.02072426676750183
0.07771337777376175,0.0062874481081962585,-0.0015260428190231323,0.02072426676750183
0.07771337777376175,0.0062874481081962585,-0.0015260428190231323,0.02072426676750183
0.07771337777376175,0.0062874481081962585,-0.0015260428190231323,0.02072426676750183
0.07771337777376175,0.0062874481081962585,-0.0015260428190231323,0.02072426676750183
0.07771337777376175,0.0062874481081962585,-0.0015260428190231323,0.02072426676750183
0.07771337777376175,0.0062874481081962585,-0.0015260428190231323,0.02072426676750183
0.07771337777376175,0.0062874481081962585,-0.0015260428190231323,0.02072426676750183
0.07771337777376175,0.0062874481081962585,-0.0015260428190231323,0.02072426676750183
0.07771337777376175,0.0062874481081962585,-0.0015260428190231323,0.02072426676750183
0.07771337777376175,0.0062874481081962585,-0.0015260428190231323,0.02072426676750183
0.07771337777376175,0.0062874481081962585,-0.0015260428190231323,0.02072426676750183
0.07771337777376175,0.0062874481081962585,-0.0015260428190231323,0.02072426676750183
0.07771337777376175,0.0062874481081962585,-0.0015260428190231323,0.02072426676750183
0.07771337777376175,0.0062874481081962585,-0.0015260428190231323,0.02072426676750183
0.07771337777376175,0.0062874481081962585,-0.0015260428190231323,0.02072426676750183
0.07771337777376175,0.0062874481081962585,-0.0015260428190231323,0.02072426676750183
0.07771337777376175,0.0062874481081962585,-0.0015260428190231323,0.02072426676750183
0.07771337777376175,0.0062874481081962585,-0.0015260428190231323,0.02072426676750183
0.07771337777376175,0.0062874481081962585,-0.0015260428190231323,0.02072426676750183
0.07771337777376175,0.0062874481081962585,-0.0015260428190231323,0.02072426676750183
0.07771337777376175,0.0062874481081962585,-0.0015260428190231323,0.02072426676750183
0.07771337777376175,0.0062874481081962585,-0.0015260428190231323,0.02072426676750183
0.07771337777376175,0.0062874481081962585,-0.0015260428190231323,0.02072426676750183
0.07771337777376175,0.0062874481081962585,-0.0015260428190231323,0.02072426676750183
0.07771337777376175,0.0062874481081962585,-0.0015260428190231323,0.02072426676750183
0.07771337777376175,0.0062874481081962585,-0.0015260428190231323,0.02072426676750183
0.07771337777376175,0.0062874481081962585,-0.0015260428190231323,0.02072426676750183
0.07771337777376175,0.0062874481081962585,-0.0015260428190231323,0.02072426676750183
0.07771337777376175,0.0062874481081962585,-0.0015260428190231323,0.02072426676750183
0.07771337777376175,0.0062874481081962585,-0.0015260428190231323,0.02072426676750183
0.07771337777376175,0.0062874481081962585,-0.0015260428190231323,0.02072426676750183
0.07771337777376175,0.0062874481081962585,-0.0015260428190231323,0.02072426676750183
0.07771337777376175,0.0062874481081962585,-0.0015260428190231323,0.02072426676750183
0.07771337777376175,0.0062874481081962585,-0.0015260428190231323,0.02072426676750183
0.07771337777376175,0.0062874481081962585,-0.0015260428190231323,0.02072426676750183
0.07771337777376175,0.0062874481081962585,-0.0015260428190231323,0.02072426676750183
0.07771337777376175,0.0062874481081962585,-0.0015260428190231323,0.02072426676750183
0.07771337777376175,0.0062874481081962585,-0.0015260428190231323,0.02072426676750183
0.07771337777376175,0.0062874481081962585,-0.0015260428190231323,0.02072426676750183
0.07771337777376175,0.0062874481081962585,-0.0015260428190231323,0.02072426676750183
0.07771337777376175,0.0062874481081962585,-0.0015260428190231323,0.02072426676750183
0.07771337777376175,0.0062874481081962585,-0.0015260428190231323,0.02072426676750183
0.07771337777376175,0.0062874481081962585,-0.0015260428190231323,0.02072426676750183
0.07771337777376175,0.0062874481081962585,-0.0015260428190231323,0.02072426676750183
0.07771337777376175,0.0062874481081962585,-0.0015260428190231323,0.02072426676750183
0.07771337777376175,0.0062874481081962585,-0.0015260428190231323,0.02072426676750183
0.07771337777376175,0.0062874481081962585,-0.0015260428190231323,0.02072426676750183
0.07771337777376175,0.0062874481081962585,-0.0015260428190231323,0.02072426676750183
0.07771337777376175,0.0062874481081962585,-0.0015260428190231323,0.02072426676750183
0.07771337777376175,0.0062874481081962585,-0.0015260428190231323,0.02072426676750183
0.07771337777376175,0.0062874481081962585,-0.0015260428190231323,0.02072426676750183
0.07771337777376175,0.0062874481081962585,-0.0015260428190231323,0.02072426676750183
0.07771337777376175,0.0062874481081962585,-0.0015260428190231323,0.02072426676750183
0.07771337777376175,0.0062874481081962585,-0.0015260428190231323,0.02072426676750183
0.07771337777376175,0.0062874481081962585,-0.0015260428190231323,0.02072426676750183
0.07771337777376175,0.0062874481081962585,-0.0015260428190231323,0.02072426676750183
0.07771337777376175,0.0062874481081962585,-0.0015260428190231323,0.02072426676750183
0.07771337777376175,0.0062874481081962585,-0.0015260428190231323,0.02072426676750183
0.07771337777376175,0.0062874481081962585,-0.0015260428190231323,0.02072426676750183
0.07771337777376175,0.0062874481081962585,-0.0015260428190231323,0.02072426676750183
0.07771337777376175,0.0062874481081962585,-0.0015260428190231323,0.02072426676750183
0.07771337777376175,0.0062874481081962585,-0.0015260428190231323,0.02072426676750183
0.07771337777376175,0.0062874481081962585,-0.0015260428190231323,0.02072426676750183
0.07771337777376175,0.0062874481081962585,-0.0015260428190231323,0.02072426676750183
0.07771337777376175,0.0062874481081962585,-0.0015260428190231323,0.02072426676750183
0.07771337777376175,0.0062874481081962585,-0.0015260428190231323,0.02072426676750183
0.07771337777376175,0.0062874481081962585,-0.0015260428190231323,0.02072426676750183
0.07771337777376175,0.0062874481081962585,-0.0015260428190231323,0.02072426676750183
0.07771337777376175,0.0062874481081962585,-0.0015260428190231323,0.02072426676750183
0.07771337777376175,0.0062874481081962585,-0.0015260428190231323,0.02072426676750183
0.07771337777376175,0.0062874481081962585,-0.0015260428190231323,0.02072426676750183
0.07771337777376175,0.0062874481081962585,-0.0015260428190231323,0.02072426676750183
0.07771337777376175,0.0062874481081962585,-0.0015260428190231323,0.02072426676750183
0.07771337777376175,0.0062874481081962585,-0.0015260428190231323,0.02072426676750183
0.07771337777376175,0.0062874481081962585,-0.0015260428190231323,0.02072426676750183
0.07771337777376175,0.0062874481081962585,-0.0015260428190231323,0.02072426676750183
0.07771337777376175,0.0062874481081962585,-0.0015260428190231323,0.02072426676750183
0.07771337777376175,0.0062874481081962585,-0.0015260428190231323,0.02072426676750183
0.07771337777376175,0.0062874481081962585,-0.0015260428190231323,0.02072426676750183
0.07771337777376175,0.0062874481081962585,-0.0015260428190231323,0.02072426676750183
0.07771337777376175,0.0062874481081962585,-0.0015260428190231323,0.02072426676750183
0.07771337777376175,0.0062874481081962585,-0.0015260428190231323,0.02072426676750183
0.07771337777376175,0.0062874481081962585,-0.0015260428190231323,0.02072426676750183
0.07771337777376175,0.0062874481081962585,-0.0015260428190231323,0.02072426676750183
0.07771337777376175,0.0062874481081962585,-0.0015260428190231323,0.02072426676750183
0.07771337777376175,0.0062874481081962585,-0.0015260428190231323,0.02072426676750183
0.07771337777376175,0.0062874481081962585,-0.0015260428190231323,0.02072426676750183
0.07771337777376175,0.0062874481081962585,-0.0015260428190231323,0.02072426676750183
0.07771337777376175,0.0062874481081962585,-0.0015260428190231323,0.02072426676750183
0.07771337777376175,0.0062874481081962585,-0.0015260428190231323,0.02072426676750183
0.07771337777376175,0.0062874481081962585,-0.0015260428190231323,0.02072426676750183
0.07771337777376175,0.0062874481081962585,-0.0015260428190231323,0.02072426676750183
0.07771337777376175,0.0062874481081962585,-0.0015260428190231323,0.02072426676750183
0.07771337777376175,0.0062874481081962585,-0.0015260428190231323,0.02072426676750183
0.07771337777376175,0.0062874481081962585,-0.0015260428190231323,0.02072426676750183
0.07771337777376175,0.0062874481081962585,-0.0015260428190231323,0.02072426676750183
0.07771337777376175,0.0062874481081962585,-0.0015260428190231323,0.02072426676750183
0.07771337777376175,0.0062874481081962585,-0.0015260428190231323,0.02072426676750183
0.07771337777376175,0.0062874481081962585,-0.0015260428190231323,0.02072426676750183
0.07771337777376175,0.0062874481081962585,-0.0015260428190231323,0.02072426676750183
0.07771337777376175,0.0062874481081962585,-0.0015260428190231323,0.02072426676750183
0.07771337777376175,0.0062874481081962585,-0.0015260428190231323,0.02072426676750183
0.07771337777376175,0.0062874481081962585,-0.0015260428190231323,0.02072426676750183
0.07771337777376175,0.0062874481081962585,-0.0015260428190231323,0.02072426676750183
0.07771337777376175,0.0062874481081962585,-0.0015260428190231323,0.02072426676750183
0.07771337777376175,0.0062874481081962585,-0.0015260428190231323,0.02072426676750183
0.07771337777376175,0.0062874481081962585,-0.0015260428190231323,0.02072426676750183
0.07771337777376175,0.0062874481081962585,-0.0015260428190231323,0.02072426676750183
0.07771337777376175,0.0062874481081962585,-0.0015260428190231323,0.02072426676750183
0.07771337777376175,0.0062874481081962585,-0.0015260428190231323,0.02072426676750183
0.07771337777376175,0.0062874481081962585,-0.0015260428190231323,0.02072426676750183
0.07771337777376175,0.0062874481081962585,-0.0015260428190231323,0.02072426676750183
0.07771337777376175,0.0062874481081962585,-0.0015260428190231323,0.02072426676750183
0.07771337777376175,0.0062874481081962585,-0.0015260428190231323,0.02072426676750183
0.07771337777376175,0.0062874481081962585,-0.0015260428190231323,0.02072426676750183
0.07771337777376175,0.0062874481081962585,-0.0015260428190231323,0.02072426676750183
0.07771337777376175,0.0062874481081962585,-0.0015260428190231323,0.02072426676750183
0.07771337777376175,0.0062874481081962585,-0.0015260428190231323,0.02072426676750183
0.07771337777376175,0.0062874481081962585,-0.0015260428190231323,0.02072426676750183
0.07771337777376175,0.0062874481081962585,-0.0015260428190231323,0.02072426676750183
0.07771337777376175,0.0062874481081962585,-0.0015260428190231323,0.02072426676750183
0.07771337777376175,0.0062874481081962585,-0.0015260428190231323,0.02072426676750183
0.07771337777376175,0.0062874481081962585,-0.0015260428190231323,0.02072426676750183
0.07771337777376175,0.0062874481081962585,-0.0015260428190231323,0.02072426676750183
0.07771337777376175,0.0062874481081962585,-0.0015260428190231323,0.02072426676750183
0.07771337777376175,0.0062874481081962585,-0.0015260428190231323,0.02072426676750183
0.07771337777376175,0.0062874481081962585,-0.0015260428190231323,0.02072426676750183
0.07771337777376175,0.0062874481081962585,-0.0015260428190231323,0.02072426676750183
0.07771337777376175,0.0062874481081962585,-0.0015260428190231323,0.02072426676750183
0.07771337777376175,0.0062874481081962585,-0.0015260428190231323,0.02072426676750183
0.07771337777376175,0.0062874481081962585,-0.0015260428190231323,0.02072426676750183
0.07771337777376175,0.0062874481081962585,-0.0015260428190231323,0.02072426676750183
0.07771337777376175,0.0062874481081962585,-0.0015260428190231323,0.02072426676750183
0.07771337777376175,0.0062874481081962585,-0.0015260428190231323,0.02072426676750183
0.07771337777376175,0.0062874481081962585,-0.0015260428190231323,0.02072426676750183
0.07771337777376175,0.0062874481081962585,-0.0015260428190231323,0.02072426676750183
0.07771337777376175,0.0062874481081962585,-0.0015260428190231323,0.02072426676750183
0.07771337777376175,0.0062874481081962585,-0.0015260428190231323,0.02072426676750183
0.07771337777376175,0.0062874481081962585,-0.0015260428190231323,0.02072426676750183
0.07771337777376175,0.0062874481081962585,-0.0015260428190231323,0.02072426676750183
0.07771337777376175,0.0062874481081962585,-0.0015260428190231323,0.02072426676750183
0.07771337777376175,0.0062874481081962585,-0.0015260428190231323,0.02072426676750183
0.07771337777376175,0.0062874481081962585,-0.0015260428190231323,0.02072426676750183
0.07771337777376175,0.0062874481081962585,-0.0015260428190231323,0.02072426676750183
0.07771337777376175,0.0062874481081962585,-0.0015260428190231323,0.02072426676750183
0.07771337777376175,0.0062874481081962585,-0.0015260428190231323,0.02072426676750183
0.07771337777376175,0.0062874481081962585,-0.0015260428190231323,0.02072426676750183
0.07771337777376175,0.0062874481081962585,-0.0015260428190231323,0.02072426676750183
0.07771337777376175,0.0062874481081962585,-0.0015260428190231323,0.02072426676750183
0.07771337777376175,0.0062874481081962585,-0.0015260428190231323,0.02072426676750183
0.07771337777376175,0.0062874481081962585,-0.0015260428190231323,0.02072426676750183
0.07771337777376175,0.0062874481081962585,-0.0015260428190231323,0.02072426676750183
0.07771337777376175,0.0062874481081962585,-0.0015260428190231323,0.02072426676750183
0.07771337777376175,0.0062874481081962585,-0.0015260428190231323,0.02072426676750183
0.07771337777376175,0.0062874481081962585,-0.0015260428190231323,0.02072426676750183
0.07771337777376175,0.0062874481081962585,-0.0015260428190231323,0.02072426676750183
0.07771337777376175,0.0062874481081962585,-0.0015260428190231323,0.02072426676750183
0.07771337777376175,0.0062874481081962585,-0.0015260428190231323,0.02072426676750183
0.07771337777376175,0.0062874481081962585,-0.0015260428190231323,0.02072426676750183
0.07771337777376175,0.0062874481081962585,-0.0015260428190231323,0.02072426676750183
0.07771337777376175,0.0062874481081962585,-0.0015260428190231323,0.02072426676750183
0.07771337777376175,0.0062874481081962585,-0.0015260428190231323,0.02072426676750183
0.07771337777376175,0.0062874481081962585,-0.0015260428190231323,0.02072426676750183
0.07771337777376175,0.0062874481081962585,-0.0015260428190231323,0.02072426676750183
0.07771337777376175,0.0062874481081962585,-0.0015260428190231323,0.02072426676750183
0.07771337777376175,0.0062874481081962585,-0.0015260428190231323,0.02072426676750183
0.07771337777376175,0.0062874481081962585,-0.0015260428190231323,0.02072426676750183
0.07771337777376175,0.0062874481081962585,-0.0015260428190231323,0.02072426676750183
0.07771337777376175,0.0062874481081962585,-0.0015260428190231323,0.02072426676750183
0.07771337777376175,0.0062874481081962585,-0.0015260428190231323,0.02072426676750183
0.07771337777376175,0.0062874481081962585,-0.0015260428190231323,0.02072426676750183
0.07771337777376175,0.0062874481081962585,-0.0015260428190231323,0.02072426676750183
0.07771337777376175,0.0062874481081962585,-0.0015260428190231323,0.02072426676750183
0.07771337777376175,0.0062874481081962585,-0.0015260428190231323,0.02072426676750183
0.07771337777376175,0.0062874481081962585,-0.0015260428190231323,0.02072426676750183
0.07771337777376175,0.0062874481081962585,-0.0015260428190231323,0.02072426676750183
0.07771337777376175,0.0062874481081962585,-0.0015260428190231323,0.02072426676750183
0.07771337777376175,0.0062874481081962585,-0.0015260428190231323,0.02072426676750183
0.07771337777376175,0.0062874481081962585,-0.0015260428190231323,0.02072426676750183
0.07771337777376175,0.0062874481081962585,-0.0015260428190231323,0.02072426676750183
0.07771337777376175,0.0062874481081962585,-0.0015260428190231323,0.02072426676750183
0.07771337777376175,0.0062874481081962585,-0.0015260428190231323,0.02072426676750183
0.07771337777376175,0.0062874481081962585,-0.0015260428190231323,0.02072426676750183
0.07771337777376175,0.0062874481081962585,-0.0015260428190231323,0.02072426676750183
0.07771337777376175,0.0062874481081962585,-0.0015260428190231323,0.02072426676750183
0.07771337777376175,0.0062874481081962585,-0.0015260428190231323,0.02072426676750183
0.07771337777376175,0.0062874481081962585,-0.0015260428190231323,0.02072426676750183
0.07771337777376175,0.0062874481081962585,-0.0015260428190231323,0.02072426676750183
0.07771337777376175,0.0062874481081962585,-0.0015260428190231323,0.02072426676750183
0.07771337777376175,0.0062874481081962585,-0.0015260428190231323,0.02072426676750183
0.07771337777376175,0.0062874481081962585,-0.0015260428190231323,0.02072426676750183
0.07771337777376175,0.0062874481081962585,-0.0015260428190231323,0.02072426676750183
0.07771337777376175,0.0062874481081962585,-0.0015260428190231323,0.02072426676750183
0.07771337777376175,0.0062874481081962585,-0.0015260428190231323,0.02072426676750183
0.07771337777376175,0.0062874481081962585,-0.0015260428190231323,0.02072426676750183
0.07771337777376175,0.0062874481081962585,-0.0015260428190231323,0.02072426676750183
0.07771337777376175,0.0062874481081962585,-0.0015260428190231323,0.02072426676750183
0.07771337777376175,0.0062874481081962585,-0.0015260428190231323,0.02072426676750183
0.07771337777376175,0.0062874481081962585,-0.0015260428190231323,0.02072426676750183
0.07771337777376175,0.0062874481081962585,-0.0015260428190231323,0.02072426676750183
0.07771337777376175,0.0062874481081962585,-0.0015260428190231323,0.02072426676750183
0.07771337777376175,0.0062874481081962585,-0.0015260428190231323,0.02072426676750183
0.07771337777376175,0.0062874481081962585,-0.0015260428190231323,0.02072426676750183
0.07771337777376175,0.0062874481081962585,-0.0015260428190231323,0.02072426676750183
0.07771337777376175,0.0062874481081962585,-0.0015260428190231323,0.02072426676750183
0.07771337777376175,0.0062874481081962585,-0.0015260428190231323,0.02072426676750183
0.07771337777376175,0.0062874481081962585,-0.0015260428190231323,0.02072426676750183
0.07771337777376175,0.0062874481081962585,-0.0015260428190231323,0.02072426676750183
0.07771337777376175,0.0062874481081962585,-0.0015260428190231323,0.02072426676750183
0.07771337777376175,0.0062874481081962585,-0.0015260428190231323,0.02072426676750183
0.07771337777376175,0.0062874481081962585,-0.0015260428190231323,0.02072426676750183
0.07771337777376175,0.0062874481081962585,-0.0015260428190231323,0.02072426676750183
0.07771337777376175,0.0062874481081962585,-0.0015260428190231323,0.02072426676750183
0.07771337777376175,0.0062874481081962585,-0.0015260428190231323,0.02072426676750183
0.07771337777376175,0.0062874481081962585,-0.0015260428190231323,0.02072426676750183
0.07771337777376175,0.0062874481081962585,-0.0015260428190231323,0.02072426676750183
0.07771337777376175,0.0062874481081962585,-0.0015260428190231323,0.02072426676750183
0.07771337777376175,0.0062874481081962585,-0.0015260428190231323,0.02072426676750183
0.07771337777376175,0.0062874481081962585,-0.0015260428190231323,0.02072426676750183
0.07771337777376175,0.0062874481081962585,-0.0015260428190231323,0.02072426676750183
0.07771337777376175,0.0062874481081962585,-0.0015260428190231323,0.02072426676750183
0.07771337777376175,0.0062874481081962585,-0.0015260428190231323,0.02072426676750183
0.07771337777376175,0.0062874481081962585,-0.0015260428190231323,0.02072426676750183
0.07771337777376175,0.0062874481081962585,-0.0015260428190231323,0.02072426676750183
0.07771337777376175,0.0062874481081962585,-0.0015260428190231323,0.02072426676750183
0.07771337777376175,0.0062874481081962585,-0.0015260428190231323,0.02072426676750183
0.07771337777376175,0.0062874481081962585,-0.0015260428190231323,0.02072426676750183
0.07771337777376175,0.0062874481081962585,-0.0015260428190231323,0.02072426676750183
0.07771337777376175,0.0062874481081962585,-0.0015260428190231323,0.02072426676750183
0.07771337777376175,0.0062874481081962585,-0.0015260428190231323,0.02072426676750183
0.07771337777376175,0.0062874481081962585,-0.0015260428190231323,0.02072426676750183
0.07771337777376175,0.0062874481081962585,-0.0015260428190231323,0.02072426676750183
0.07771337777376175,0.0062874481081962585,-0.0015260428190231323,0.02072426676750183
0.07771337777376175,0.0062874481081962585,-0.0015260428190231323,0.02072426676750183
0.07771337777376175,0.0062874481081962585,-0.0015260428190231323,0.02072426676750183
0.07771337777376175,0.0062874481081962585,-0.0015260428190231323,0.02072426676750183
0.07771337777376175,0.0062874481081962585,-0.0015260428190231323,0.02072426676750183
0.07771337777376175,0.0062874481081962585,-0.0015260428190231323,0.02072426676750183
0.07771337777376175,0.0062874481081962585,-0.0015260428190231323,0.02072426676750183
0.07771337777376175,0.0062874481081962585,-0.0015260428190231323,0.02072426676750183
0.07771337777376175,0.0062874481081962585,-0.0015260428190231323,0.02072426676750183
0.07771337777376175,0.0062874481081962585,-0.0015260428190231323,0.02072426676750183
0.07771337777376175,0.0062874481081962585,-0.0015260428190231323,0.02072426676750183
0.07771337777376175,0.0062874481081962585,-0.0015260428190231323,0.02072426676750183
0.07771337777376175,0.0062874481081962585,-0.0015260428190231323,0.02072426676750183
0.07771337777376175,0.0062874481081962585,-0.0015260428190231323,0.02072426676750183
0.07771337777376175,0.0062874481081962585,-0.0015260428190231323,0.02072426676750183
0.07771337777376175,0.0062874481081962585,-0.0015260428190231323,0.02072426676750183
0.07771337777376175,0.0062874481081962585,-0.0015260428190231323,0.02072426676750183
0.07771337777376175,0.0062874481081962585,-0.0015260428190231323,0.02072426676750183
0.07771337777376175,0.0062874481081962585,-0.0015260428190231323,0.02072426676750183
0.07771337777376175,0.0062874481081962585,-0.0015260428190231323,0.02072426676750183
0.07771337777376175,0.0062874481081962585,-0.0015260428190231323,0.02072426676750183
0.07771337777376175,0.0062874481081962585,-0.0015260428190231323,0.02072426676750183
0.07771337777376175,0.0062874481081962585,-0.0015260428190231323,0.02072426676750183
0.07771337777376175,0.0062874481081962585,-0.0015260428190231323,0.02072426676750183
0.07771337777376175,0.0062874481081962585,-0.0015260428190231323,0.02072426676750183
0.07771337777376175,0.0062874481081962585,-0.0015260428190231323,0.02072426676750183
0.07771337777376175,0.0062874481081962585,-0.0015260428190231323,0.02072426676750183
0.07771337777376175,0.0062874481081962585,-0.0015260428190231323,0.02072426676750183
0.07771337777376175,0.0062874481081962585,-0.0015260428190231323,0.02072426676750183
0.07771337777376175,0.0062874481081962585,-0.0015260428190231323,0.02072426676750183
0.07771337777376175,0.0062874481081962585,-0.0015260428190231323,0.02072426676750183
0.07771337777376175,0.0062874481081962585,-0.0015260428190231323,0.02072426676750183
0.07771337777376175,0.0062874481081962585,-0.0015260428190231323,0.02072426676750183
0.07771337777376175,0.0062874481081962585,-0.0015260428190231323,0.02072426676750183
0.07771337777376175,0.0062874481081962585,-0.0015260428190231323,0.02072426676750183
0.07771337777376175,0.0062874481081962585,-0.0015260428190231323,0.02072426676750183
0.07771337777376175,0.0062874481081962585,-0.0015260428190231323,0.02072426676750183
0.07771337777376175,0.0062874481081962585,-0.0015260428190231323,0.02072426676750183
0.07771337777376175,0.0062874481081962585,-0.0015260428190231323,0.02072426676750183
0.07771337777376175,0.0062874481081962585,-0.0015260428190231323,0.02072426676750183
0.07771337777376175,0.0062874481081962585,-0.0015260428190231323,0.02072426676750183
0.07771337777376175,0.0062874481081962585,-0.0015260428190231323,0.02072426676750183
0.07771337777376175,0.0062874481081962585,-0.0015260428190231323,0.02072426676750183
0.07771337777376175,0.0062874481081962585,-0.0015260428190231323,0.02072426676750183
0.07771337777376175,0.0062874481081962585,-0.0015260428190231323,0.02072426676750183
0.07771337777376175,0.0062874481081962585,-0.0015260428190231323,0.02072426676750183
0.07771337777376175,0.0062874481081962585,-0.0015260428190231323,0.02072426676750183
0.07771337777376175,0.0062874481081962585,-0.0015260428190231323,0.02072426676750183
0.07771337777376175,0.0062874481081962585,-0.0015260428190231323,0.02072426676750183
0.07771337777376175,0.0062874481081962585,-0.0015260428190231323,0.02072426676750183
0.07771337777376175,0.0062874481081962585,-0.0015260428190231323,0.02072426676750183
0.07771337777376175,0.0062874481081962585,-0.0015260428190231323,0.02072426676750183
0.07771337777376175,0.0062874481081962585,-0.0015260428190231323,0.02072426676750183
0.07771337777376175,0.0062874481081962585,-0.0015260428190231323,0.02072426676750183
0.07771337777376175,0.0062874481081962585,-0.0015260428190231323,0.02072426676750183
0.07771337777376175,0.0062874481081962585,-0.0015260428190231323,0.02072426676750183
0.07771337777376175,0.0062874481081962585,-0.0015260428190231323,0.02072426676750183
0.07771337777376175,0.0062874481081962585,-0.0015260428190231323,0.02072426676750183
0.07771337777376175,0.0062874481081962585,-0.0015260428190231323,0.02072426676750183
0.07771337777376175,0.0062874481081962585,-0.0015260428190231323,0.02072426676750183
0.07771337777376175,0.0062874481081962585,-0.0015260428190231323,0.02072426676750183
0.07771337777376175,0.0062874481081962585,-0.0015260428190231323,0.02072426676750183
0.07771337777376175,0.0062874481081962585,-0.0015260428190231323,0.02072426676750183
0.07771337777376175,0.0062874481081962585,-0.0015260428190231323,0.02072426676750183
0.07771337777376175,0.0062874481081962585,-0.0015260428190231323,0.02072426676750183
0.07771337777376175,0.0062874481081962585,-0.0015260428190231323,0.02072426676750183
0.07771337777376175,0.0062874481081962585,-0.0015260428190231323,0.02072426676750183
0.07771337777376175,0.0062874481081962585,-0.0015260428190231323,0.02072426676750183
0.07771337777376175,0.0062874481081962585,-0.0015260428190231323,0.02072426676750183
0.07771337777376175,0.0062874481081962585,-0.0015260428190231323,0.02072426676750183
0.07771337777376175,0.0062874481081962585,-0.0015260428190231323,0.02072426676750183
0.07771337777376175,0.0062874481081962585,-0.0015260428190231323,0.02072426676750183
0.07771337777376175,0.0062874481081962585,-0.0015260428190231323,0.02072426676750183
0.07771337777376175,0.0062874481081962585,-0.0015260428190231323,0.02072426676750183
0.07771337777376175,0.0062874481081962585,-0.0015260428190231323,0.02072426676750183
0.07771337777376175,0.0062874481081962585,-0.0015260428190231323,0.02072426676750183
0.07771337777376175,0.0062874481081962585,-0.0015260428190231323,0.02072426676750183
0.07771337777376175,0.0062874481081962585,-0.0015260428190231323,0.02072426676750183
0.07771337777376175,0.0062874481081962585,-0.0015260428190231323,0.02072426676750183
0.07771337777376175,0.0062874481081962585,-0.0015260428190231323,0.02072426676750183
0.07771337777376175,0.0062874481081962585,-0.0015260428190231323,0.02072426676750183
0.07771337777376175,0.0062874481081962585,-0.0015260428190231323,0.02072426676750183
0.07771337777376175,0.0062874481081962585,-0.0015260428190231323,0.02072426676750183
0.07771337777376175,0.0062874481081962585,-0.0015260428190231323,0.02072426676750183
0.07771337777376175,0.0062874481081962585,-0.0015260428190231323,0.02072426676750183
0.07771337777376175,0.0062874481081962585,-0.0015260428190231323,0.02072426676750183
0.07771337777376175,0.0062874481081962585,-0.0015260428190231323,0.02072426676750183
0.07771337777376175,0.0062874481081962585,-0.0015260428190231323,0.02072426676750183
0.07771337777376175,0.0062874481081962585,-0.0015260428190231323,0.02072426676750183
0.07771337777376175,0.0062874481081962585,-0.0015260428190231323,0.02072426676750183
0.07771337777376175,0.0062874481081962585,-0.0015260428190231323,0.02072426676750183
0.07771337777376175,0.0062874481081962585,-0.0015260428190231323,0.02072426676750183
0.07771337777376175,0.0062874481081962585,-0.0015260428190231323,0.02072426676750183
0.07771337777376175,0.0062874481081962585,-0.0015260428190231323,0.02072426676750183
0.07771337777376175,0.0062874481081962585,-0.0015260428190231323,0.02072426676750183
0.07771337777376175,0.0062874481081962585,-0.0015260428190231323,0.02072426676750183
0.07771337777376175,0.0062874481081962585,-0.0015260428190231323,0.02072426676750183
0.07771337777376175,0.0062874481081962585,-0.0015260428190231323,0.02072426676750183
0.07771337777376175,0.0062874481081962585,-0.0015260428190231323,0.02072426676750183
0.07771337777376175,0.0062874481081962585,-0.0015260428190231323,0.02072426676750183
0.07771337777376175,0.0062874481081962585,-0.0015260428190231323,0.02072426676750183
0.07771337777376175,0.0062874481081962585,-0.0015260428190231323,0.02072426676750183
0.07771337777376175,0.0062874481081962585,-0.0015260428190231323,0.02072426676750183
0.07771337777376175,0.0062874481081962585,-0.0015260428190231323,0.02072426676750183
0.07771337777376175,0.0062874481081962585,-0.0015260428190231323,0.02072426676750183
0.07771337777376175,0.0062874481081962585,-0.0015260428190231323,0.02072426676750183
0.07771337777376175,0.0062874481081962585,-0.0015260428190231323,0.02072426676750183
0.07771337777376175,0.0062874481081962585,-0.0015260428190231323,0.02072426676750183
0.07771337777376175,0.0062874481081962585,-0.0015260428190231323,0.02072426676750183
0.07771337777376175,0.0062874481081962585,-0.0015260428190231323,0.02072426676750183
0.07771337777376175,0.0062874481081962585,-0.0015260428190231323,0.02072426676750183
0.07771337777376175,0.0062874481081962585,-0.0015260428190231323,0.02072426676750183
0.07771337777376175,0.0062874481081962585,-0.0015260428190231323,0.02072426676750183
0.07771337777376175,0.0062874481081962585,-0.0015260428190231323,0.02072426676750183
0.07771337777376175,0.0062874481081962585,-0.0015260428190231323,0.02072426676750183
0.07771337777376175,0.0062874481081962585,-0.0015260428190231323,0.02072426676750183
0.07771337777376175,0.0062874481081962585,-0.0015260428190231323,0.02072426676750183
0.07771337777376175,0.0062874481081962585,-0.0015260428190231323,0.02072426676750183
0.07771337777376175,0.0062874481081962585,-0.0015260428190231323,0.02072426676750183
0.07771337777376175,0.0062874481081962585,-0.0015260428190231323,0.02072426676750183
0.07771337777376175,0.0062874481081962585,-0.0015260428190231323,0.02072426676750183
0.07771337777376175,0.0062874481081962585,-0.0015260428190231323,0.02072426676750183
0.07771337777376175,0.0062874481081962585,-0.0015260428190231323,0.02072426676750183
0.07771337777376175,0.0062874481081962585,-0.0015260428190231323,0.02072426676750183
0.07771337777376175,0.0062874481081962585,-0.0015260428190231323,0.02072426676750183
0.07771337777376175,0.0062874481081962585,-0.0015260428190231323,0.02072426676750183
0.07771337777376175,0.0062874481081962585,-0.0015260428190231323,0.02072426676750183
0.07771337777376175,0.0062874481081962585,-0.0015260428190231323,0.02072426676750183
0.07771337777376175,0.0062874481081962585,-0.0015260428190231323,0.02072426676750183
0.07771337777376175,0.0062874481081962585,-0.0015260428190231323,0.02072426676750183
0.07771337777376175,0.0062874481081962585,-0.0015260428190231323,0.02072426676750183
0.07771337777376175,0.0062874481081962585,-0.0015260428190231323,0.02072426676750183
0.07771337777376175,0.0062874481081962585,-0.0015260428190231323,0.02072426676750183
0.07771337777376175,0.0062874481081962585,-0.0015260428190231323,0.02072426676750183
0.07771337777376175,0.0062874481081962585,-0.0015260428190231323,0.02072426676750183
0.07771337777376175,0.0062874481081962585,-0.0015260428190231323,0.02072426676750183
0.07771337777376175,0.0062874481081962585,-0.0015260428190231323,0.02072426676750183
0.07771337777376175,0.0062874481081962585,-0.0015260428190231323,0.02072426676750183
0.07771337777376175,0.0062874481081962585,-0.0015260428190231323,0.02072426676750183
0.07771337777376175,0.0062874481081962585,-0.0015260428190231323,0.02072426676750183
0.07771337777376175,0.0062874481081962585,-0.0015260428190231323,0.02072426676750183
0.07771337777376175,0.0062874481081962585,-0.0015260428190231323,0.02072426676750183
0.07771337777376175,0.0062874481081962585,-0.0015260428190231323,0.02072426676750183
0.07771337777376175,0.0062874481081962585,-0.0015260428190231323,0.02072426676750183
0.07771337777376175,0.0062874481081962585,-0.0015260428190231323,0.02072426676750183
0.07771337777376175,0.0062874481081962585,-0.0015260428190231323,0.02072426676750183
0.07771337777376175,0.0062874481081962585,-0.0015260428190231323,0.02072426676750183
0.07771337777376175,0.0062874481081962585,-0.0015260428190231323,0.02072426676750183
0.07771337777376175,0.0062874481081962585,-0.0015260428190231323,0.02072426676750183
0.07771337777376175,0.0062874481081962585,-0.0015260428190231323,0.02072426676750183
0.07771337777376175,0.0062874481081962585,-0.0015260428190231323,0.02072426676750183
0.07771337777376175,0.0062874481081962585,-0.0015260428190231323,0.02072426676750183
0.07771337777376175,0.0062874481081962585,-0.0015260428190231323,0.02072426676750183
0.07771337777376175,0.0062874481081962585,-0.0015260428190231323,0.02072426676750183
0.07771337777376175,0.0062874481081962585,-0.0015260428190231323,0.02072426676750183
0.07771337777376175,0.0062874481081962585,-0.0015260428190231323,0.02072426676750183
0.07771337777376175,0.0062874481081962585,-0.0015260428190231323,0.02072426676750183
0.07771337777376175,0.0062874481081962585,-0.0015260428190231323,0.02072426676750183
0.07771337777376175,0.0062874481081962585,-0.0015260428190231323,0.02072426676750183
0.07771337777376175,0.0062874481081962585,-0.0015260428190231323,0.02072426676750183
0.07771337777376175,0.0062874481081962585,-0.0015260428190231323,0.02072426676750183
0.07771337777376175,0.0062874481081962585,-0.0015260428190231323,0.02072426676750183
0.07771337777376175,0.0062874481081962585,-0.0015260428190231323,0.02072426676750183
0.07771337777376175,0.0062874481081962585,-0.0015260428190231323,0.02072426676750183
0.07771337777376175,0.0062874481081962585,-0.0015260428190231323,0.02072426676750183
0.07771337777376175,0.0062874481081962585,-0.0015260428190231323,0.02072426676750183
0.07771337777376175,0.0062874481081962585,-0.0015260428190231323,0.02072426676750183
0.07771337777376175,0.0062874481081962585,-0.0015260428190231323,0.02072426676750183
0.07771337777376175,0.0062874481081962585,-0.0015260428190231323,0.02072426676750183
0.07771337777376175,0.0062874481081962585,-0.0015260428190231323,0.02072426676750183
0.07771337777376175,0.0062874481081962585,-0.0015260428190231323,0.02072426676750183
0.07771337777376175,0.0062874481081962585,-0.0015260428190231323,0.02072426676750183
0.07771337777376175,0.0062874481081962585,-0.0015260428190231323,0.02072426676750183
0.07771337777376175,0.0062874481081962585,-0.0015260428190231323,0.02072426676750183
0.07771337777376175,0.0062874481081962585,-0.0015260428190231323,0.02072426676750183
0.07771337777376175,0.0062874481081962585,-0.0015260428190231323,0.02072426676750183
0.07771337777376175,0.0062874481081962585,-0.0015260428190231323,0.02072426676750183
0.07771337777376175,0.0062874481081962585,-0.0015260428190231323,0.02072426676750183
0.07771337777376175,0.0062874481081962585,-0.0015260428190231323,0.02072426676750183
0.07771337777376175,0.0062874481081962585,-0.0015260428190231323,0.02072426676750183
0.07771337777376175,0.0062874481081962585,-0.0015260428190231323,0.02072426676750183
0.07771337777376175,0.0062874481081962585,-0.0015260428190231323,0.02072426676750183
0.07771337777376175,0.0062874481081962585,-0.0015260428190231323,0.02072426676750183
0.07771337777376175,0.0062874481081962585,-0.0015260428190231323,0.02072426676750183
0.07771337777376175,0.0062874481081962585,-0.0015260428190231323,0.02072426676750183
0.07771337777376175,0.0062874481081962585,-0.0015260428190231323,0.02072426676750183
0.07771337777376175,0.0062874481081962585,-0.0015260428190231323,0.02072426676750183
0.07771337777376175,0.0062874481081962585,-0.0015260428190231323,0.02072426676750183
0.07771337777376175,0.0062874481081962585,-0.0015260428190231323,0.02072426676750183
0.07771337777376175,0.0062874481081962585,-0.0015260428190231323,0.02072426676750183
0.07771337777376175,0.0062874481081962585,-0.0015260428190231323,0.02072426676750183
0.07771337777376175,0.0062874481081962585,-0.0015260428190231323,0.02072426676750183
0.07771337777376175,0.0062874481081962585,-0.0015260428190231323,0.02072426676750183
0.07771337777376175,0.0062874481081962585,-0.0015260428190231323,0.02072426676750183
0.07771337777376175,0.0062874481081962585,-0.0015260428190231323,0.02072426676750183
0.07771337777376175,0.0062874481081962585,-0.0015260428190231323,0.02072426676750183
0.07771337777376175,0.0062874481081962585,-0.0015260428190231323,0.02072426676750183
