vx,vy,vz,omega_z
0.2293590009212494,-0.01717018336057663,-0.2510771155357361,0.7158462405204773
0.27213603258132935,-0.017064064741134644,-0.3600858151912689,0.9102402925491333
0.2752397060394287,-0.01906341314315796,-0.33050957322120667,0.9310944676399231
0.2562679648399353,-0.03349655494093895,-0.29464221000671387,0.9249733090400696
0.2491237074136734,-0.03533483296632767,-0.2875956594944,0.9266269207000732
0.24180924892425537,-0.046519845724105835,-0.2803199589252472,0.8903868794441223
0.23847055435180664,-0.04886173829436302,-0.279039204120636,0.8831796646118164
0.24574090540409088,-0.049070972949266434,-0.2994893491268158,0.9132734537124634
0.24930737912654877,-0.04936789721250534,-0.30509358644485474,0.9195504784584045
0.24329394102096558,-0.04619382694363594,-0.29502642154693604,0.9259048104286194
0.24079354107379913,-0.045225486159324646,-0.2946619987487793,0.9279932379722595
0.2202637493610382,-0.05965961515903473,-0.262260764837265,0.8936805725097656
0.21229511499404907,-0.06286343932151794,-0.25515419244766235,0.8858761787414551
0.20261743664741516,-0.07785940915346146,-0.23385727405548096,0.8571898341178894
0.19895942509174347,-0.08015739917755127,-0.22920235991477966,0.8512121438980103
0.19166098535060883,-0.08729904890060425,-0.23200252652168274,0.8411486148834229
0.19075775146484375,-0.08736946433782578,-0.23144584894180298,0.839849054813385
0.18967223167419434,-0.09078649431467056,-0.24340343475341797,0.8119214773178101
0.1899995505809784,-0.09102178364992142,-0.24534565210342407,0.8034495115280151
0.1871260702610016,-0.1035320907831192,-0.24095231294631958,0.7652203440666199
0.1867917776107788,-0.10807161778211594,-0.24004995822906494,0.7477424740791321
0.17439180612564087,-0.11126165837049484,-0.2494755983352661,0.7498591542243958
0.17143626511096954,-0.11015722155570984,-0.2512803077697754,0.75119948387146
0.16647188365459442,-0.11565514653921127,-0.24667784571647644,0.737041175365448
0.16406023502349854,-0.11725324392318726,-0.24414989352226257,0.7320488095283508
0.15113186836242676,-0.1296917051076889,-0.23874714970588684,0.7329431176185608
0.1472960114479065,-0.13170859217643738,-0.23855242133140564,0.7351053357124329
0.14139823615550995,-0.13400425016880035,-0.2173459231853485,0.7319556474685669
0.13760888576507568,-0.13389012217521667,-0.21322134137153625,0.7318793535232544
0.13245543837547302,-0.13464465737342834,-0.21651095151901245,0.715654730796814
0.13141648471355438,-0.13395264744758606,-0.21929827332496643,0.7120922207832336
0.12697651982307434,-0.13858003914356232,-0.1951008439064026,0.7125210762023926
0.12348022311925888,-0.1384463906288147,-0.1887836456298828,0.7127661108970642
0.11119607090950012,-0.13693131506443024,-0.18506118655204773,0.7052403092384338
0.10673045367002487,-0.136907160282135,-0.18382862210273743,0.7049474120140076
0.10353007167577744,-0.14905673265457153,-0.17746710777282715,0.6847037076950073
0.10353406518697739,-0.15053457021713257,-0.17662394046783447,0.677199125289917
0.10044188797473907,-0.15299153327941895,-0.17387062311172485,0.6710611581802368
0.09977661073207855,-0.15338942408561707,-0.17238464951515198,0.6683575510978699
0.09892964363098145,-0.14596685767173767,-0.16791030764579773,0.6551595330238342
0.09830040484666824,-0.14463061094284058,-0.16506686806678772,0.6517139673233032
0.09814900904893875,-0.14457760751247406,-0.1648278534412384,0.6515423059463501
0.09317832440137863,-0.14986687898635864,-0.16675633192062378,0.6451762914657593
0.08341718465089798,-0.15759776532649994,-0.15062566101551056,0.6286429166793823
0.08151993900537491,-0.15859448909759521,-0.14691591262817383,0.6239453554153442
0.07464924454689026,-0.16026678681373596,-0.14519500732421875,0.6164636015892029
0.07376421988010406,-0.16046714782714844,-0.1443997025489807,0.6137475967407227
0.0654815137386322,-0.16466423869132996,-0.1379663497209549,0.6077278256416321
0.06353683769702911,-0.1651039570569992,-0.1355591118335724,0.6061428785324097
0.06316833198070526,-0.1650974154472351,-0.1353324055671692,0.6061441898345947
0.057402849197387695,-0.17206792533397675,-0.13182254135608673,0.5744473934173584
0.053132254630327225,-0.17316512763500214,-0.12351053208112717,0.5586581230163574
0.05230039358139038,-0.17363247275352478,-0.12035614997148514,0.5561326742172241
0.043464235961437225,-0.17073041200637817,-0.11908724904060364,0.5402292013168335
0.04236505925655365,-0.1699611246585846,-0.11806868016719818,0.5356078147888184
0.0374743789434433,-0.16977986693382263,-0.11999195069074631,0.530980110168457
0.03660031408071518,-0.1696862280368805,-0.11985570192337036,0.5296238660812378
0.03181042522192001,-0.163384810090065,-0.11531965434551239,0.5181825160980225
0.030655842274427414,-0.16234564781188965,-0.11327019333839417,0.5146116614341736
0.024004988372325897,-0.162660151720047,-0.11242593079805374,0.5008808970451355
0.023630596697330475,-0.16256985068321228,-0.11184750497341156,0.49593475461006165
0.02259601652622223,-0.16120408475399017,-0.10749750584363937,0.4920347034931183
0.02229996770620346,-0.16089144349098206,-0.10658849030733109,0.4908949136734009
0.022230371832847595,-0.16087651252746582,-0.10652810335159302,0.4908486008644104
0.020362883806228638,-0.1610657125711441,-0.10401787608861923,0.48115816712379456
0.018305525183677673,-0.1580827385187149,-0.0990746021270752,0.47163474559783936
0.018252015113830566,-0.1576959788799286,-0.0978330671787262,0.4690518379211426
0.016267552971839905,-0.15729302167892456,-0.10048927366733551,0.4635009169578552
0.0169665664434433,-0.15726235508918762,-0.10174012184143066,0.46080315113067627
0.011336855590343475,-0.15303164720535278,-0.10119657218456268,0.4540313482284546
0.011617064476013184,-0.15244582295417786,-0.10174840688705444,0.45080792903900146
0.006344214081764221,-0.1506763994693756,-0.1003628522157669,0.4437161684036255
0.006414070725440979,-0.1504155397415161,-0.10055534541606903,0.4404713809490204
0.006523698568344116,-0.1437508463859558,-0.10114827007055283,0.43936917185783386
0.006932646036148071,-0.14288419485092163,-0.1019257977604866,0.43839964270591736
0.01041356474161148,-0.14104166626930237,-0.09919637441635132,0.43039780855178833
0.011655919253826141,-0.14076989889144897,-0.09936694800853729,0.42687755823135376
0.012875355780124664,-0.13691900670528412,-0.09144075214862823,0.4186778962612152
0.013386942446231842,-0.1362331211566925,-0.08995509147644043,0.41569003462791443
0.012388855218887329,-0.13306257128715515,-0.08686241507530212,0.40903836488723755
0.01311279833316803,-0.13243257999420166,-0.08670486509799957,0.40597864985466003
0.013270914554595947,-0.13237334787845612,-0.08678333461284637,0.4056149423122406
0.01330433040857315,-0.12868942320346832,-0.08966770768165588,0.3999090790748596
0.010729119181632996,-0.12711304426193237,-0.08469775319099426,0.3921242356300354
0.0101780965924263,-0.12667983770370483,-0.08262377977371216,0.390359103679657
0.004548020660877228,-0.12767979502677917,-0.07851659506559372,0.385643869638443
0.003556661307811737,-0.12742795050144196,-0.07689610123634338,0.3842385411262512
0.0038537010550498962,-0.12411773949861526,-0.07526545226573944,0.37890657782554626
0.004330724477767944,-0.12331140041351318,-0.07518628239631653,0.3766779601573944
0.004412040114402771,-0.12324029207229614,-0.07521882653236389,0.3764738440513611
0.004199467599391937,-0.12102331221103668,-0.07526029646396637,0.36817169189453125
0.005140624940395355,-0.12022224813699722,-0.07585041224956512,0.36424195766448975
0.0027825161814689636,-0.1163983941078186,-0.07260479032993317,0.3611002564430237
0.0025693699717521667,-0.11550738662481308,-0.07161062955856323,0.3599212169647217
0.0018432214856147766,-0.11490829288959503,-0.0676969662308693,0.3570329546928406
0.001986376941204071,-0.11477749049663544,-0.066901296377182,0.35535740852355957
0.002682827413082123,-0.11433850228786469,-0.06381494551897049,0.3471573293209076
0.00579187273979187,-0.11168152838945389,-0.060594089329242706,0.3399575352668762
0.006752133369445801,-0.11116338521242142,-0.06040618568658829,0.3376261591911316
0.00591094046831131,-0.10816159844398499,-0.056523531675338745,0.3336358070373535
0.006339631974697113,-0.10710760205984116,-0.05615205317735672,0.3314637541770935
0.0075614675879478455,-0.10495048016309738,-0.055641479790210724,0.32643526792526245
0.008322760462760925,-0.10419058799743652,-0.056076571345329285,0.32381829619407654
0.007662147283554077,-0.10113184154033661,-0.056641221046447754,0.3168375790119171
0.008805572986602783,-0.09981886297464371,-0.05761537700891495,0.3118307590484619
0.009709350764751434,-0.0978870689868927,-0.05833445489406586,0.3059699535369873
0.010907776653766632,-0.09695334732532501,-0.05903967469930649,0.3015965223312378
0.012120574712753296,-0.09540563076734543,-0.05899664759635925,0.29692840576171875
0.013125911355018616,-0.0947611853480339,-0.05930338799953461,0.29332873225212097
0.013367980718612671,-0.09445104748010635,-0.05943198502063751,0.29265066981315613
0.01362774521112442,-0.09102348238229752,-0.05948469787836075,0.29034334421157837
0.014256775379180908,-0.08981218189001083,-0.05961643531918526,0.2879753112792969
0.015353873372077942,-0.08615975081920624,-0.0588453933596611,0.2826584577560425
0.016325511038303375,-0.0846293643116951,-0.05863004922866821,0.2786511182785034
0.01689761132001877,-0.08341308683156967,-0.05763882026076317,0.2737702429294586
0.017273016273975372,-0.0824451893568039,-0.057276371866464615,0.27118659019470215
0.015109695494174957,-0.07975727319717407,-0.055984437465667725,0.2638026773929596
0.015272125601768494,-0.0779084861278534,-0.055112361907958984,0.2590053081512451
0.01668417453765869,-0.07364864647388458,-0.05138150602579117,0.25540459156036377
0.017308935523033142,-0.0716748833656311,-0.05028969794511795,0.25315308570861816
0.020491234958171844,-0.07122187316417694,-0.04768673703074455,0.2504884600639343
0.02139924466609955,-0.07052627205848694,-0.04728090018033981,0.24867314100265503
0.02217317372560501,-0.06820560991764069,-0.04185868799686432,0.24181903898715973
0.022785760462284088,-0.06696054339408875,-0.040389563888311386,0.23759418725967407
0.023514188826084137,-0.06591343879699707,-0.03915147855877876,0.23368701338768005
0.0239759162068367,-0.06541932374238968,-0.03878680244088173,0.23136228322982788
0.025350697338581085,-0.06500829756259918,-0.038684505969285965,0.2287851870059967
0.02596205472946167,-0.06473623961210251,-0.038480862975120544,0.22700510919094086
0.02693219855427742,-0.06368972361087799,-0.037017736583948135,0.2252255380153656
0.028124455362558365,-0.062271129339933395,-0.03605608269572258,0.2197284698486328
0.028776779770851135,-0.06182020902633667,-0.0359797403216362,0.21677841246128082
0.03007909283041954,-0.06088874489068985,-0.035142358392477036,0.2115853726863861
0.030723340809345245,-0.06057582050561905,-0.03502273932099342,0.20878931879997253
0.03213733434677124,-0.05914122611284256,-0.03350841999053955,0.20475395023822784
0.03275551646947861,-0.05873062089085579,-0.03343202546238899,0.20258593559265137
0.032897040247917175,-0.056559670716524124,-0.031786106526851654,0.1959601640701294
0.0332535021007061,-0.0560649149119854,-0.031967949122190475,0.19281283020973206
0.03583628311753273,-0.05528289079666138,-0.0300259068608284,0.18637241423130035
0.03673261031508446,-0.05567378178238869,-0.029809091240167618,0.18357130885124207
0.03806420415639877,-0.055582351982593536,-0.028648056089878082,0.17900976538658142
0.03853260725736618,-0.05584936961531639,-0.028787124902009964,0.17722760140895844
0.03914498910307884,-0.05445382371544838,-0.02420957386493683,0.17023546993732452
0.039569780230522156,-0.05439280718564987,-0.02391328662633896,0.1676187664270401
0.039399344474077225,-0.05322638526558876,-0.022547544911503792,0.16367803514003754
0.03949010372161865,-0.05196407064795494,-0.022161878645420074,0.15841451287269592
0.039619915187358856,-0.0521448515355587,-0.02210811898112297,0.15689146518707275
0.039644815027713776,-0.052289627492427826,-0.022098461166024208,0.1567276269197464
0.03983540087938309,-0.05238980054855347,-0.022058729082345963,0.1541450321674347
0.03994091972708702,-0.05268676206469536,-0.022097837179899216,0.15323926508426666
0.040643930435180664,-0.05195873603224754,-0.02275642193853855,0.14762553572654724
0.0409269779920578,-0.05225473269820213,-0.02288094349205494,0.14570531249046326
0.04083535075187683,-0.0519869327545166,-0.02271728776395321,0.14345936477184296
0.04082941263914108,-0.05208666995167732,-0.02291194349527359,0.14287760853767395
0.041089706122875214,-0.05157726630568504,-0.021444378420710564,0.14005711674690247
0.04121473431587219,-0.05163605883717537,-0.021198531612753868,0.13929255306720734
0.04155361279845238,-0.05073052644729614,-0.021327944472432137,0.13745012879371643
0.041678864508867264,-0.05063324421644211,-0.02112746238708496,0.13687042891979218
0.04222339764237404,-0.04951232671737671,-0.02161945402622223,0.13441026210784912
0.04245069622993469,-0.04925110191106796,-0.02125323750078678,0.1334664672613144
0.04269418120384216,-0.048087961971759796,-0.020906757563352585,0.1291903555393219
0.04386703670024872,-0.047218773514032364,-0.01974119059741497,0.1244523897767067
0.04435106739401817,-0.04738418385386467,-0.019401369616389275,0.12325791269540787
0.04456568509340286,-0.04724167659878731,-0.017951689660549164,0.12197599560022354
0.04464924335479736,-0.047444991767406464,-0.0176423080265522,0.1216994971036911
0.045953769236803055,-0.046028077602386475,-0.017266398295760155,0.1194460391998291
0.04636968672275543,-0.045962750911712646,-0.01680094003677368,0.11864329874515533
0.047506943345069885,-0.045342765748500824,-0.01636110618710518,0.11751864850521088
0.047818686813116074,-0.045570168644189835,-0.016430983319878578,0.11723534762859344
0.04895051196217537,-0.04380210116505623,-0.015814242884516716,0.11546893417835236
0.0491986908018589,-0.043624602258205414,-0.015397902578115463,0.11493834853172302
0.04923137277364731,-0.04263286292552948,-0.014440594241023064,0.11250282824039459
0.04927895590662956,-0.042784057557582855,-0.014086129143834114,0.11187125742435455
0.04956761375069618,-0.042375870048999786,-0.013930017128586769,0.10973946750164032
0.0496998131275177,-0.042572785168886185,-0.014043156057596207,0.10912682116031647
0.04980538785457611,-0.042529791593551636,-0.014798492193222046,0.10705068707466125
0.049892622977495193,-0.04281928017735481,-0.015109330415725708,0.10644643008708954
0.05053957179188728,-0.04265262186527252,-0.014790477231144905,0.10388251394033432
0.05067714303731918,-0.04296090826392174,-0.014708472415804863,0.10321563482284546
0.05112980678677559,-0.04279989004135132,-0.01605217531323433,0.10140910744667053
0.05136055499315262,-0.04204114153981209,-0.016777103766798973,0.09917555004358292
0.05139945447444916,-0.042192038148641586,-0.016975369304418564,0.09862305968999863
0.0514044463634491,-0.04235325753688812,-0.016988858580589294,0.09856365621089935
0.051308587193489075,-0.042395737022161484,-0.0164465494453907,0.09773889183998108
0.051605962216854095,-0.042227353900671005,-0.016452088952064514,0.09820108115673065
0.051701515913009644,-0.042199887335300446,-0.016502397134900093,0.0984087735414505
0.05230258032679558,-0.04202984273433685,-0.01568976230919361,0.09770770370960236
0.052350837737321854,-0.04219328984618187,-0.015331879258155823,0.09762348234653473
0.052526116371154785,-0.04148465022444725,-0.015833279117941856,0.09566206485033035
0.05262367054820061,-0.041557904332876205,-0.01591239683330059,0.0950469970703125
0.05333875119686127,-0.04057065397500992,-0.013710757717490196,0.09384547173976898
0.053385429084300995,-0.04060159996151924,-0.012786157429218292,0.09372514486312866
0.05369660630822182,-0.039425332099199295,-0.012381330132484436,0.09207595139741898
0.05379003286361694,-0.039282411336898804,-0.012133568525314331,0.09160463511943817
0.0539022758603096,-0.03843281418085098,-0.01248166523873806,0.09074472635984421
0.0539969839155674,-0.038093991577625275,-0.012555353343486786,0.09042505919933319
0.05459783598780632,-0.03757493197917938,-0.012322166934609413,0.08931788057088852
0.0553135871887207,-0.0365871861577034,-0.012774918228387833,0.08777837455272675
0.05550719425082207,-0.03646911680698395,-0.012776173651218414,0.0873175710439682
0.05553843826055527,-0.03651486709713936,-0.012769926339387894,0.08726542443037033
0.055810537189245224,-0.03540210798382759,-0.013047141954302788,0.08692868053913116
0.05592913553118706,-0.03523246571421623,-0.013028779998421669,0.08666247874498367
0.05626188963651657,-0.03482037037611008,-0.013661600649356842,0.08565612882375717
0.05638619139790535,-0.03471822664141655,-0.014054698869585991,0.08518178761005402
0.05624888464808464,-0.03451257571578026,-0.014597270637750626,0.08452939987182617
0.05630941316485405,-0.034320224076509476,-0.014795687049627304,0.08423366397619247
0.056875213980674744,-0.03250008076429367,-0.01505080983042717,0.08244532346725464
0.05710167810320854,-0.03221869096159935,-0.014749271795153618,0.08172911405563354
0.05760933458805084,-0.031090430915355682,-0.013505524024367332,0.07994920015335083
0.05769924819469452,-0.030969150364398956,-0.012859934940934181,0.07932361215353012
0.05840133875608444,-0.03002939745783806,-0.012357417494058609,0.07733134180307388
0.05855065956711769,-0.029833178967237473,-0.011942155659198761,0.07675929367542267
0.05846332758665085,-0.028742287307977676,-0.01036260835826397,0.07599256187677383
0.058414656668901443,-0.028530322015285492,-0.009764429181814194,0.07595250755548477
0.05949662625789642,-0.028043072670698166,-0.009562045335769653,0.07466360926628113
0.059822358191013336,-0.02820878103375435,-0.009473292157053947,0.07432908564805984
0.06001191586256027,-0.027910899370908737,-0.009346585720777512,0.07277849316596985
0.05997384339570999,-0.027776233851909637,-0.009251641109585762,0.07223158329725266
0.059555716812610626,-0.027892637997865677,-0.008920328691601753,0.07242254167795181
0.0594206228852272,-0.027941975742578506,-0.008567098528146744,0.07247263938188553
0.05973295122385025,-0.02777682989835739,-0.008303670212626457,0.07213728129863739
0.05970931053161621,-0.02775111049413681,-0.008268631994724274,0.07201982289552689
0.059430837631225586,-0.028279274702072144,-0.007676959037780762,0.07233669608831406
0.05931184068322182,-0.028495825827121735,-0.007319651544094086,0.0724439024925232
0.059533748775720596,-0.028223808854818344,-0.007329955697059631,0.07026565074920654
0.059707868844270706,-0.028350811451673508,-0.006864756345748901,0.06957226991653442
0.060393042862415314,-0.027126219123601913,-0.007815320044755936,0.06800477206707001
0.060668766498565674,-0.02684594690799713,-0.007739804685115814,0.06749159097671509
0.059955425560474396,-0.02684684842824936,-0.00823565386235714,0.06662061810493469
0.059379011392593384,-0.027196932584047318,-0.007858369499444962,0.06646625697612762
0.05911918729543686,-0.027167782187461853,-0.007378272712230682,0.0664273202419281
0.059917151927948,-0.026820626109838486,-0.007638659328222275,0.0651555061340332
0.06006614491343498,-0.02677830681204796,-0.007422599941492081,0.06460980325937271
0.060085710138082504,-0.02684452384710312,-0.007389906793832779,0.06454233825206757
0.06102225184440613,-0.026950649917125702,-0.007738035172224045,0.06244312971830368
0.0611816942691803,-0.02675701305270195,-0.008827302604913712,0.060744039714336395
0.06127529591321945,-0.02643464133143425,-0.009061770513653755,0.06026647239923477
0.06169649958610535,-0.025441430509090424,-0.0089621152728796,0.058743998408317566
0.061858221888542175,-0.025247905403375626,-0.00883299671113491,0.0582655668258667
0.06186665594577789,-0.025347109884023666,-0.00842687301337719,0.05616835504770279
0.06183481216430664,-0.02539752796292305,-0.008303007110953331,0.05548294633626938
0.06232172250747681,-0.02528490498661995,-0.007961243391036987,0.05492839217185974
0.0624416321516037,-0.0254862941801548,-0.007758390158414841,0.05485876649618149
0.06255826354026794,-0.025345299392938614,-0.007421083748340607,0.0542043000459671
0.06250499933958054,-0.02532397210597992,-0.00739680603146553,0.05389827489852905
0.06297347694635391,-0.02450082078576088,-0.006502721458673477,0.05325490981340408
0.06294700503349304,-0.024116236716508865,-0.006337147206068039,0.052784256637096405
0.0632452517747879,-0.023484516888856888,-0.006488878279924393,0.05148562043905258
0.06322963535785675,-0.023165810853242874,-0.006682578474283218,0.05081396549940109
0.06358101963996887,-0.02286563068628311,-0.006982859224081039,0.050547100603580475
0.06365559995174408,-0.022819392383098602,-0.007083900272846222,0.050451233983039856
0.0635867491364479,-0.022918395698070526,-0.00698234885931015,0.04996694624423981
0.06347423791885376,-0.022658616304397583,-0.0068410784006118774,0.04951438307762146
0.06295965611934662,-0.021674588322639465,-0.006292764097452164,0.0495133176445961
0.06288158148527145,-0.02136678248643875,-0.005952414125204086,0.04989133030176163
0.06260775029659271,-0.020271919667720795,-0.005931418389081955,0.04859888553619385
0.06261084973812103,-0.020075976848602295,-0.00598570704460144,0.048326872289180756
0.06261654198169708,-0.02005310356616974,-0.005988255143165588,0.04831305891275406
0.0623583160340786,-0.019690021872520447,-0.006455074995756149,0.04788483679294586
0.06221354752779007,-0.01937931776046753,-0.0066631026566028595,0.047602489590644836
0.06246703118085861,-0.019565746188163757,-0.007230091840028763,0.047888435423374176
0.0628863126039505,-0.01966904103755951,-0.007852066308259964,0.047800712287425995
0.06298835575580597,-0.019729748368263245,-0.008072303608059883,0.047585539519786835
0.06351807713508606,-0.01944301277399063,-0.008670803159475327,0.04741249978542328
0.06365819275379181,-0.019357755780220032,-0.008821273222565651,0.047181278467178345
0.0645754262804985,-0.0184796079993248,-0.00882759876549244,0.04686064273118973
0.06482388824224472,-0.01843315362930298,-0.00872870348393917,0.046741291880607605
0.06456208229064941,-0.018985874950885773,-0.008551118895411491,0.04724593460559845
0.06449870020151138,-0.019148685038089752,-0.008514584973454475,0.047609858214855194
0.06463398784399033,-0.019444987177848816,-0.008353842422366142,0.04807793349027634
0.06468253582715988,-0.019625447690486908,-0.008260928094387054,0.04835117608308792
0.06526635587215424,-0.019643984735012054,-0.0086760763078928,0.04731921851634979
0.06540600955486298,-0.019403018057346344,-0.008982548490166664,0.046712860465049744
0.06545306742191315,-0.019299156963825226,-0.008946593850851059,0.046583473682403564
0.06546254456043243,-0.019252024590969086,-0.008936198428273201,0.046565793454647064
0.06566941738128662,-0.01881759613752365,-0.008976729586720467,0.0451749786734581
0.0657791793346405,-0.01797030121088028,-0.008830633014440536,0.04373851418495178
0.06583324819803238,-0.017809666693210602,-0.00877557322382927,0.04338463395833969
0.06584371626377106,-0.017812028527259827,-0.008766917511820793,0.04334838688373566
0.06590236723423004,-0.01763056218624115,-0.00925358571112156,0.04157105088233948
0.06604786217212677,-0.017722569406032562,-0.00942969135940075,0.0410926416516304
0.0661134198307991,-0.017485909163951874,-0.008697379380464554,0.04088461399078369
0.06627446413040161,-0.016914352774620056,-0.008554745465517044,0.0408211424946785
0.06629793345928192,-0.016623683273792267,-0.008551983162760735,0.04061756283044815
0.06668437272310257,-0.016465075314044952,-0.008743161335587502,0.039961718022823334
0.06678815186023712,-0.0165412575006485,-0.008786721155047417,0.03958795219659805
0.06722649931907654,-0.015895381569862366,-0.008401283994317055,0.039893314242362976
0.06722422689199448,-0.015730686485767365,-0.00819069892168045,0.03975508362054825
0.06745171546936035,-0.015336625277996063,-0.00787929818034172,0.03966919332742691
0.06744557619094849,-0.015089578926563263,-0.007680986076593399,0.039479754865169525
0.06761324405670166,-0.014284931123256683,-0.0073763541877269745,0.03915679454803467
0.06763366609811783,-0.014006838202476501,-0.007219240069389343,0.038960687816143036
0.06800596415996552,-0.013099953532218933,-0.007157269865274429,0.038884907960891724
0.06812138855457306,-0.012808717787265778,-0.007002219557762146,0.03880564868450165
0.06822366267442703,-0.0124443918466568,-0.007619433104991913,0.038269542157649994
0.06830230355262756,-0.012270919978618622,-0.007930625230073929,0.03808265179395676
0.06882046163082123,-0.012417323887348175,-0.0077827088534832,0.0376289039850235
0.06889550387859344,-0.012331932783126831,-0.0076959021389484406,0.03739988058805466
0.06951028108596802,-0.012411095201969147,-0.006967164576053619,0.03618767112493515
0.0696522444486618,-0.01258290559053421,-0.006762146949768066,0.03577033430337906
0.0701303780078888,-0.012508191168308258,-0.006173383444547653,0.03426707535982132
0.07025414705276489,-0.01256127655506134,-0.005928348749876022,0.033778928220272064
0.07021769881248474,-0.012245744466781616,-0.006038382649421692,0.03302328288555145
0.07023551315069199,-0.011960059404373169,-0.00604669377207756,0.03276833891868591
0.06994763761758804,-0.01181069016456604,-0.0062668174505233765,0.03216905891895294
0.07001648843288422,-0.011815525591373444,-0.00568973645567894,0.03235398232936859
0.07001616060733795,-0.011899977922439575,-0.005466744303703308,0.03264698386192322
0.0708254724740982,-0.011717177927494049,-0.0053473711013793945,0.03214810788631439
0.07098836451768875,-0.01159985363483429,-0.005248673260211945,0.031765297055244446
0.07100997865200043,-0.011639110743999481,-0.005238376557826996,0.03170301020145416
0.07146668434143066,-0.010945022106170654,-0.0049233026802539825,0.03139306604862213
0.07140015065670013,-0.010263018310070038,-0.004767429083585739,0.030835583806037903
0.07146641612052917,-0.009465359151363373,-0.005138661712408066,0.03046850860118866
0.07149291038513184,-0.009219169616699219,-0.005342051386833191,0.030227184295654297
0.07168887555599213,-0.00890602171421051,-0.005911178886890411,0.029630407691001892
0.07185845077037811,-0.00800999253988266,-0.005719367414712906,0.028475210070610046
0.0719040259718895,-0.007851682603359222,-0.005608096718788147,0.02812466025352478
0.0722886249423027,-0.007717132568359375,-0.006004881113767624,0.027273043990135193
0.07237210869789124,-0.007392361760139465,-0.006054960191249847,0.026813402771949768
0.07201512157917023,-0.007493749260902405,-0.006008561700582504,0.027811914682388306
0.07184864580631256,-0.007176913321018219,-0.005850266665220261,0.028104975819587708
0.07187561690807343,-0.007130518555641174,-0.005118947476148605,0.02851523458957672
0.07180634140968323,-0.007040485739707947,-0.004881460219621658,0.02873063087463379
0.07146690785884857,-0.007052138447761536,-0.0045512281358242035,0.028936222195625305
0.0714094340801239,-0.007215589284896851,-0.0044371262192726135,0.029179111123085022
0.07117220759391785,-0.007140494883060455,-0.004298120737075806,0.028894692659378052
0.07113730907440186,-0.00715966522693634,-0.004186078906059265,0.028874218463897705
0.07105827331542969,-0.0070151761174201965,-0.004721391946077347,0.0291537344455719
0.07105815410614014,-0.006820455193519592,-0.004905376583337784,0.029107019305229187
0.07105947285890579,-0.0067640990018844604,-0.004924211651086807,0.029092639684677124
0.0714099183678627,-0.006723441183567047,-0.005425926297903061,0.028784453868865967
0.07172749936580658,-0.006578005850315094,-0.005515690892934799,0.028171226382255554
0.07177551090717316,-0.0065691545605659485,-0.00552995502948761,0.027948826551437378
0.07207705080509186,-0.006167687475681305,-0.005689628422260284,0.026926323771476746
0.07217331975698471,-0.0061006322503089905,-0.005791939795017242,0.026560425758361816
0.07240739464759827,-0.00576549768447876,-0.005609825253486633,0.02640625834465027
0.07245346903800964,-0.005679264664649963,-0.005553059279918671,0.026263877749443054
0.07253313064575195,-0.005836218595504761,-0.006163623183965683,0.026155248284339905
0.07261107861995697,-0.0060312822461128235,-0.00637248158454895,0.026048660278320312
0.07292582094669342,-0.006146229803562164,-0.006240759044885635,0.026370525360107422
0.07294672727584839,-0.00607658177614212,-0.0062242113053798676,0.026471033692359924
0.07326500117778778,-0.006456479430198669,-0.006090521812438965,0.02683006227016449
0.0732797384262085,-0.006385825574398041,-0.006052367389202118,0.02701456844806671
0.07334437966346741,-0.006145872175693512,-0.005562048405408859,0.026840925216674805
0.07360486686229706,-0.006036452949047089,-0.00534631684422493,0.027299508452415466
0.07361409813165665,-0.0057579949498176575,-0.005235880613327026,0.027347564697265625
0.07385148108005524,-0.005709052085876465,-0.004947084933519363,0.02764730155467987
0.07383523881435394,-0.005542486906051636,-0.004800420254468918,0.02765318751335144
0.07395082712173462,-0.005326889455318451,-0.0049932003021240234,0.027557194232940674
0.07398347556591034,-0.005318783223628998,-0.005092501640319824,0.027482077479362488
0.07381289452314377,-0.004647791385650635,-0.00491386279463768,0.026993170380592346
0.07378421723842621,-0.004499226808547974,-0.004873931407928467,0.026917457580566406
0.07362856715917587,-0.004625678062438965,-0.004894796758890152,0.026732981204986572
0.07361672818660736,-0.004743047058582306,-0.004883691668510437,0.026748552918434143
0.07352501153945923,-0.004790753126144409,-0.004918240010738373,0.026742130517959595
0.07352525740861893,-0.0048741623759269714,-0.004924628883600235,0.02675729990005493
0.0736650601029396,-0.0048467665910720825,-0.004968598484992981,0.026300370693206787
0.07370829582214355,-0.004846327006816864,-0.0049673281610012054,0.026098772883415222
0.07376154512166977,-0.005044296383857727,-0.004773780703544617,0.026165232062339783
0.07376588135957718,-0.005057141184806824,-0.004666376858949661,0.026224792003631592
0.07374997437000275,-0.005117930471897125,-0.004071604460477829,0.026386305689811707
0.07373833656311035,-0.005095817148685455,-0.0038113147020339966,0.02659282088279724
0.07386595010757446,-0.004851259291172028,-0.0035290569067001343,0.02641010284423828
0.0738689973950386,-0.004695460200309753,-0.0034418143332004547,0.0263327956199646
0.07420019805431366,-0.004303917288780212,-0.0029700584709644318,0.02548368275165558
0.07429035753011703,-0.004280149936676025,-0.0027795545756816864,0.025270521640777588
0.07418068498373032,-0.004378363490104675,-0.0019536763429641724,0.02617955207824707
0.07405277341604233,-0.004178084433078766,-0.001549363136291504,0.02647612988948822
0.07423985004425049,-0.004349470138549805,-0.0016710497438907623,0.025048717856407166
0.07435469329357147,-0.004358068108558655,-0.0016189515590667725,0.024372294545173645
0.07454174757003784,-0.004197411239147186,-0.0019201859831809998,0.02321624755859375
0.07463228702545166,-0.004273362457752228,-0.002061888575553894,0.02286599576473236
0.07471247017383575,-0.0044405460357666016,-0.0020367614924907684,0.02241930365562439
0.07481300085783005,-0.004166550934314728,-0.0018883347511291504,0.02169935405254364
0.07487372308969498,-0.004236958920955658,-0.0019041411578655243,0.021581068634986877
0.07470190525054932,-0.003886505961418152,-0.001919582486152649,0.021813541650772095
0.07464775443077087,-0.0036783143877983093,-0.0019457228481769562,0.021956667304039
0.07482834160327911,-0.003170199692249298,-0.0019525960087776184,0.022296175360679626
0.07475534826517105,-0.002594307065010071,-0.001961156725883484,0.022157341241836548
0.07504407316446304,-0.002300448715686798,-0.002239719033241272,0.022087886929512024
0.07508977502584457,-0.0021069124341011047,-0.002313803881406784,0.02191793918609619
0.0750737339258194,-0.0021852925419807434,-0.0023293904960155487,0.022369518876075745
0.07507134228944778,-0.0021810978651046753,-0.0022868141531944275,0.022581785917282104
0.0749981701374054,-0.0026483237743377686,-0.0027125440537929535,0.02314622700214386
0.07497552037239075,-0.002826683223247528,-0.0028096474707126617,0.0232255756855011
0.07516787946224213,-0.0024559125304222107,-0.003080274909734726,0.023573845624923706
0.07515507936477661,-0.0021188482642173767,-0.0031730420887470245,0.02347743511199951
0.0752144306898117,-0.0019942596554756165,-0.0035582594573497772,0.024239078164100647
0.07526390254497528,-0.0019613131880760193,-0.003662005066871643,0.024384066462516785
0.07540350407361984,-0.0021059736609458923,-0.003972575068473816,0.02465061843395233
0.07548154890537262,-0.0023310482501983643,-0.004102293401956558,0.024726495146751404
0.07545152306556702,-0.0020318180322647095,-0.0036714859306812286,0.024454280734062195
0.07541197538375854,-0.0018390342593193054,-0.003508619964122772,0.024419888854026794
0.07527711987495422,-0.0018760338425636292,-0.003375411033630371,0.024653449654579163
0.07514171302318573,-0.0021470561623573303,-0.0030693337321281433,0.024483799934387207
0.07506995648145676,-0.0020741820335388184,-0.0029599443078041077,0.024348154664039612
0.07505421340465546,-0.0020591020584106445,-0.002947993576526642,0.024331748485565186
0.07441770285367966,-0.0020816028118133545,-0.002058781683444977,0.025028586387634277
0.07417209446430206,-0.0018763840198516846,-0.0021164193749427795,0.024510666728019714
0.07415025681257248,-0.0016451701521873474,-0.0021926723420619965,0.024173706769943237
0.0741477906703949,-0.001573115587234497,-0.002200178802013397,0.02412763237953186
0.07419980317354202,-0.0014051645994186401,-0.0019196011126041412,0.024179846048355103
0.074135422706604,-0.001050800085067749,-0.0018078796565532684,0.02413502335548401
0.07432028651237488,-0.0007472112774848938,-0.001521468162536621,0.024077817797660828
0.07432787865400314,-0.0006022900342941284,-0.0014533214271068573,0.024045437574386597
0.07453769445419312,-0.0006708726286888123,-0.0017472319304943085,0.02407124638557434
0.07457792013883591,-0.0006838887929916382,-0.0018485859036445618,0.023945659399032593
0.07467696070671082,-0.0007721111178398132,-0.0019424892961978912,0.02387566864490509
0.07475186884403229,-0.0008906722068786621,-0.0019335076212882996,0.023885488510131836
0.07477869093418121,-0.0007464289665222168,-0.0014864616096019745,0.024236977100372314
0.07474527508020401,-0.0005410239100456238,-0.0012988150119781494,0.024461597204208374
0.0749928280711174,7.981806993484497e-05,-0.0009698756039142609,0.0241251140832901
0.07503099739551544,0.0004946216940879822,-0.0008777827024459839,0.0239800363779068
0.07505487650632858,0.0006164312362670898,-0.0011732913553714752,0.023829549551010132
0.07524347305297852,0.0006870180368423462,-0.0008817724883556366,0.022368118166923523
0.0753057673573494,0.0005399435758590698,-0.0007414408028125763,0.02199295163154602
0.07522635161876678,0.00010330229997634888,-0.0009053982794284821,0.022863224148750305
0.07518220692873001,6.251037120819092e-06,-0.000918123871088028,0.023096874356269836
0.07519098371267319,-0.00017215311527252197,-0.0010357275605201721,0.023832976818084717
0.07517760992050171,-0.00026129186153411865,-0.001039806753396988,0.02405671775341034
0.07511885464191437,-0.0002605617046356201,-0.001055050641298294,0.024269089102745056
0.07509195059537888,-0.0001788809895515442,-0.0010595954954624176,0.02431260049343109
0.07512744516134262,-2.0928680896759033e-05,-0.0011579878628253937,0.024185538291931152
0.07513955980539322,8.56742262840271e-05,-0.0012222453951835632,0.02408479154109955
0.07520216703414917,6.199628114700317e-05,-0.0010997802019119263,0.023702040314674377
0.07521131634712219,7.139146327972412e-05,-0.0010811090469360352,0.023573249578475952
0.07526039332151413,8.205324411392212e-05,-0.0008256919682025909,0.023612290620803833
0.07528087496757507,-1.5951693058013916e-05,-0.0007195249199867249,0.023662671446800232
0.07523456960916519,8.639693260192871e-05,-0.000647224485874176,0.02386423945426941
0.07521538436412811,0.0001272633671760559,-0.000629771500825882,0.023936912417411804
0.07524780184030533,-2.4810433387756348e-06,-0.0008790008723735809,0.02424640953540802
0.07547381520271301,-0.00036124885082244873,-0.0011583790183067322,0.02439555525779724
0.0755656510591507,-0.0005220919847488403,-0.001237276941537857,0.024400874972343445
0.07545194029808044,-0.0006164461374282837,-0.0017453469336032867,0.024646997451782227
0.07547421008348465,-0.0007463321089744568,-0.0019314475357532501,0.024722352623939514
0.07547464221715927,0.0002140626311302185,-0.0022836029529571533,0.02497011423110962
0.07542458921670914,0.0007507652044296265,-0.0024564228951931,0.02501550316810608
0.07588759064674377,0.0017623528838157654,-0.001566380262374878,0.02463926374912262
0.07593967765569687,0.002207420766353607,-0.0012388303875923157,0.02461746335029602
0.07614079117774963,0.0016681253910064697,-0.0018109269440174103,0.024454474449157715
0.07641765475273132,0.001923888921737671,-0.0026571452617645264,0.024832680821418762
0.07648208737373352,0.0020782873034477234,-0.0028113722801208496,0.02481590211391449
0.07641094923019409,0.0026360079646110535,-0.002947963774204254,0.02444368600845337
0.07634168863296509,0.0031521692872047424,-0.0030380263924598694,0.024200811982154846
0.07645092159509659,0.003238402307033539,-0.003067862242460251,0.02361816167831421
0.07645919919013977,0.003494754433631897,-0.003032941371202469,0.023284003138542175
0.0764520913362503,0.0034418627619743347,-0.003067050129175186,0.023288562893867493
0.07651126384735107,0.003188006579875946,-0.0031764432787895203,0.023343577980995178
0.07641233503818512,0.0037310943007469177,-0.0023840107023715973,0.022990405559539795
0.07637353241443634,0.003879331052303314,-0.0020728781819343567,0.023042231798171997
0.07608866691589355,0.003810480237007141,-0.0018127746880054474,0.023073673248291016
0.07600512355566025,0.0038171708583831787,-0.0017465241253376007,0.02321535348892212
0.07607194036245346,0.003979288041591644,-0.0018791034817695618,0.022955700755119324
0.0761033296585083,0.004032909870147705,-0.0019234977662563324,0.022792458534240723
0.07611190527677536,0.004134684801101685,-0.00185311958193779,0.022726938128471375
0.07610980421304703,0.004191644489765167,-0.0018153153359889984,0.022714421153068542
0.07610786706209183,0.0042162612080574036,-0.0018405020236968994,0.022705167531967163
0.07611595839262009,0.004201970994472504,-0.0018561072647571564,0.022698059678077698
0.0761038064956665,0.004221305251121521,-0.0017963871359825134,0.022657454013824463
0.07609942555427551,0.004218704998493195,-0.0017794668674468994,0.022659361362457275
0.07608504593372345,0.004143841564655304,-0.0017894543707370758,0.022705823183059692
0.07606130838394165,0.004131384193897247,-0.0017829462885856628,0.02276061475276947
0.07605297118425369,0.004138737916946411,-0.0017753131687641144,0.022777870297431946
0.0760512724518776,0.004140906035900116,-0.001774318516254425,0.02278020977973938
0.07603824138641357,0.004136167466640472,-0.0017571821808815002,0.02280735969543457
0.07604068517684937,0.0041455477476119995,-0.0017205886542797089,0.022819042205810547
0.07604196667671204,0.004144705832004547,-0.0017096884548664093,0.02282555401325226
0.07604146003723145,0.00414421409368515,-0.0017107799649238586,0.022826343774795532
0.07604148238897324,0.004144877195358276,-0.0017110854387283325,0.022825852036476135
0.07604154944419861,0.004146493971347809,-0.0017090961337089539,0.022828683257102966
0.07604122161865234,0.004147887229919434,-0.001708243042230606,0.022829771041870117
0.07604013383388519,0.004148215055465698,-0.0017079450190067291,0.022835522890090942
0.07603970170021057,0.0041480883955955505,-0.0017081312835216522,0.022837743163108826
0.0760393887758255,0.00414932519197464,-0.001706831157207489,0.022838935256004333
0.07603917270898819,0.004149958491325378,-0.0017064809799194336,0.022839337587356567
0.07603815197944641,0.004150964319705963,-0.0017038211226463318,0.02284279465675354
0.07603751868009567,0.004151344299316406,-0.001703161746263504,0.022844433784484863
0.07603761553764343,0.004150502383708954,-0.001705273985862732,0.022844061255455017
0.07603774219751358,0.0041500478982925415,-0.0017060339450836182,0.022843703627586365
0.07603778690099716,0.004149943590164185,-0.0017061196267604828,0.022843629121780396
0.07603779435157776,0.004149921238422394,-0.0017061270773410797,0.0228436142206192
0.07602937519550323,0.004174090921878815,-0.0016698092222213745,0.02289368212223053
0.07602007687091827,0.004206739366054535,-0.001650046557188034,0.022921621799468994
0.07601773738861084,0.004215843975543976,-0.0016474351286888123,0.022925451397895813
0.07596247643232346,0.00409814715385437,-0.0014829374849796295,0.022897303104400635
0.07595140486955643,0.004025876522064209,-0.0014344342052936554,0.022922739386558533
0.07598958909511566,0.0042180344462394714,-0.0015673115849494934,0.022884562611579895
0.07600366324186325,0.004262447357177734,-0.0016247183084487915,0.022906064987182617
0.07600441575050354,0.0042535364627838135,-0.001643247902393341,0.022899135947227478
0.07593714445829391,0.0040672942996025085,-0.0016089454293251038,0.02312357723712921
0.07592339813709259,0.003932230174541473,-0.001593712717294693,0.02324981987476349
0.07605840265750885,0.003774508833885193,-0.0017147324979305267,0.023298874497413635
0.07610432058572769,0.0037518441677093506,-0.0017521455883979797,0.023313209414482117
0.07611231505870819,0.0037470683455467224,-0.0017560310661792755,0.02331751585006714
0.07610589265823364,0.0034247934818267822,-0.0017933063209056854,0.023640930652618408
0.07611783593893051,0.0032549574971199036,-0.001809883862733841,0.02382659912109375
0.07608380168676376,0.0031513646245002747,-0.0016731061041355133,0.02383705973625183
0.07629063725471497,0.003295585513114929,-0.0010916106402873993,0.02380414307117462
0.07626232504844666,0.0035763904452323914,-0.0008258484303951263,0.023773014545440674
0.07624705880880356,0.0036137253046035767,-0.0007951036095619202,0.023770347237586975
0.07628239691257477,0.003535650670528412,-0.0009718388319015503,0.02381858229637146
0.0767044797539711,0.003261573612689972,-0.001403123140335083,0.024050235748291016
0.07683024555444717,0.0031344443559646606,-0.0014991909265518188,0.023998349905014038
0.0769481360912323,0.003387041389942169,-0.0013922639191150665,0.024111703038215637
0.07691890001296997,0.0036360174417495728,-0.001278996467590332,0.024117380380630493
0.07692575454711914,0.00335799902677536,-0.0017410144209861755,0.023981362581253052
0.07706840336322784,0.002843223512172699,-0.002131126821041107,0.024129658937454224
0.07710524648427963,0.0026576295495033264,-0.0021945051848888397,0.02416151762008667
0.07696396112442017,0.0025031715631484985,-0.0026152022182941437,0.02416832745075226
0.07697877287864685,0.00241716206073761,-0.002837046980857849,0.02412186563014984
0.0768033042550087,0.002832859754562378,-0.0022967830300331116,0.024401023983955383
0.07670105248689651,0.0031857863068580627,-0.0020379945635795593,0.024625688791275024
0.07673405110836029,0.003197193145751953,-0.0020079538226127625,0.024789929389953613
0.0767480880022049,0.0031310319900512695,-0.0019809938967227936,0.024851232767105103
0.0769229531288147,0.003184497356414795,-0.0018969252705574036,0.024137169122695923
0.07700008153915405,0.003067292273044586,-0.0018486566841602325,0.02389693260192871
0.07706958800554276,0.00284750759601593,-0.0016831420361995697,0.02331945300102234
0.07706984132528305,0.0027411580085754395,-0.0016871802508831024,0.02314901351928711
0.07706896215677261,0.002703040838241577,-0.0016893558204174042,0.023126140236854553
0.07705719769001007,0.0028390735387802124,-0.001346886157989502,0.022965729236602783
0.07702524214982986,0.003038950264453888,-0.0012196525931358337,0.022958531975746155
0.07710225880146027,0.0032695233821868896,-0.0008890032768249512,0.02288508415222168
0.07714725285768509,0.003288179636001587,-0.0007778704166412354,0.02289929986000061
0.0771113857626915,0.003279291093349457,-0.000786900520324707,0.02290286123752594
0.07703682780265808,0.003184668719768524,-0.0010436363518238068,0.023208141326904297
0.0769808366894722,0.0032557621598243713,-0.0011013112962245941,0.02326291799545288
0.0769684836268425,0.0032762959599494934,-0.0011056773364543915,0.0232638418674469
0.0769662857055664,0.0032809823751449585,-0.0011058002710342407,0.023262768983840942
0.07696592062711716,0.003282301127910614,-0.0011058449745178223,0.023262470960617065
0.07696586102247238,0.0032827183604240417,-0.0011058375239372253,0.023262396454811096
0.07696585357189178,0.0032828450202941895,-0.0011058375239372253,0.023262381553649902
0.07696585357189178,0.003282874822616577,-0.0011058375239372253,0.023262381553649902
0.07696585357189178,0.003282897174358368,-0.0011058375239372253,0.023262381553649902
0.07696585357189178,0.003282904624938965,-0.0011058375239372253,0.023262381553649902
0.07696881145238876,0.0033059343695640564,-0.0010805316269397736,0.02322988212108612
0.07697703689336777,0.0032891929149627686,-0.0010752789676189423,0.023225784301757812
0.07699023187160492,0.0033121928572654724,-0.0010160766541957855,0.02313634753227234
0.07700199633836746,0.003300122916698456,-0.0010074004530906677,0.02311740815639496
0.07702786475419998,0.003300182521343231,-0.0010315924882888794,0.023311302065849304
0.07703126966953278,0.003304407000541687,-0.0010271519422531128,0.023370325565338135
0.07688165456056595,0.0032165199518203735,-0.0009998530149459839,0.02288578450679779
0.07689518481492996,0.003023393452167511,-0.0010514520108699799,0.022791758179664612
0.07713113725185394,0.004153579473495483,-0.0008155666291713715,0.022635653614997864
0.07709729671478271,0.004969775676727295,-0.000628005713224411,0.02252325415611267
0.07722684741020203,0.005260631442070007,-0.0005257725715637207,0.022528260946273804
0.07727407664060593,0.0053480565547943115,-0.00045311450958251953,0.02254500985145569
0.07771115750074387,0.005842253565788269,-0.0004327334463596344,0.021166056394577026
0.07789863646030426,0.005999110639095306,-0.0004623010754585266,0.020676255226135254
0.07784439623355865,0.0061096251010894775,-0.0009931139647960663,0.020844310522079468
0.07777099311351776,0.006425239145755768,-0.0011751465499401093,0.02071627974510193
0.0777750164270401,0.006286323070526123,-0.0013500191271305084,0.020680740475654602
0.07774702459573746,0.006310679018497467,-0.0014217719435691833,0.020672857761383057
0.0777386724948883,0.006289966404438019,-0.001453489065170288,0.02070823311805725
0.0777311623096466,0.006300650537014008,-0.0014623217284679413,0.02071540057659149
0.0777255967259407,0.006291940808296204,-0.0014819204807281494,0.02072182297706604
0.07772196829319,0.006296716630458832,-0.0014886371791362762,0.02072077989578247
0.0777212530374527,0.0062980204820632935,-0.0014888755977153778,0.020720168948173523
0.07772115617990494,0.006298087537288666,-0.00148874893784523,0.020720049738883972
0.0777278020977974,0.006324611604213715,-0.00144190713763237,0.02070777118206024
0.07773343473672867,0.006318807601928711,-0.001424252986907959,0.020711049437522888
0.07773534953594208,0.006319902837276459,-0.0014183521270751953,0.020710408687591553
0.07773615419864655,0.006319098174571991,-0.0014167539775371552,0.02071070671081543
0.07776259630918503,0.00637306272983551,-0.0014173611998558044,0.02048593759536743
0.07779276371002197,0.006323307752609253,-0.0014211870729923248,0.020407795906066895
0.07779769599437714,0.0062732994556427,-0.0014421194791793823,0.020415306091308594
0.0778006985783577,0.006258517503738403,-0.0014444589614868164,0.02038326859474182
0.07780604809522629,0.006236463785171509,-0.0014442391693592072,0.020372018218040466
0.07780743390321732,0.006230190396308899,-0.0014443248510360718,0.02037036418914795
0.07780039310455322,0.006236657500267029,-0.0013479143381118774,0.020408347249031067
0.07778714597225189,0.006236061453819275,-0.00131240114569664,0.020434394478797913
0.07776441425085068,0.006167180836200714,-0.0013568848371505737,0.02056199312210083
0.07774553447961807,0.006176687777042389,-0.0013771355152130127,0.02059917151927948
0.07773813605308533,0.006206236779689789,-0.0012650154531002045,0.02063213288784027
0.07772720605134964,0.00620809942483902,-0.001222275197505951,0.020657777786254883
0.07772094756364822,0.0061782896518707275,-0.0012481175363063812,0.020671427249908447
0.07771617919206619,0.006168864667415619,-0.0012622401118278503,0.020669803023338318
0.07772800326347351,0.006191052496433258,-0.001131262630224228,0.020687267184257507
0.07772518694400787,0.006177209317684174,-0.0010797493159770966,0.020713642239570618
0.07775387167930603,0.00615093857049942,-0.0012543685734272003,0.02067817747592926
0.07777616381645203,0.006204672157764435,-0.0013014823198318481,0.020651713013648987
0.07776838541030884,0.006222322583198547,-0.0013377964496612549,0.02068282663822174
0.07776515185832977,0.006235986948013306,-0.0013564564287662506,0.020689979195594788
0.07784280180931091,0.006359107792377472,-0.0013325288891792297,0.020611003041267395
0.07789492607116699,0.00646759569644928,-0.0014013871550559998,0.020700469613075256
0.07790961861610413,0.006511315703392029,-0.001429866999387741,0.020729750394821167
0.07783439755439758,0.006329774856567383,-0.0012350082397460938,0.0211409330368042
0.07779006659984589,0.006219267845153809,-0.0011765584349632263,0.02133229374885559
0.07770854234695435,0.0060866400599479675,-0.0008916780352592468,0.02136833965778351
0.07769130915403366,0.005815841257572174,-0.0008532442152500153,0.021471276879310608
0.0776907429099083,0.005754061043262482,-0.0008508339524269104,0.021480649709701538
0.07769083976745605,0.005738891661167145,-0.000850725919008255,0.02148158848285675
0.07769133150577545,0.005733765661716461,-0.0008549094200134277,0.021480172872543335
0.07769176363945007,0.005733177065849304,-0.0008558593690395355,0.02147875726222992
0.07786451280117035,0.005843460559844971,-0.0011911243200302124,0.020919188857078552
0.07792695611715317,0.006105653941631317,-0.0012337490916252136,0.020598948001861572
0.07796581834554672,0.00604044646024704,-0.0011911541223526,0.020555108785629272
0.0779740959405899,0.005983725190162659,-0.001173604279756546,0.02055548131465912
0.07795233279466629,0.0059817880392074585,-0.0011983253061771393,0.020573168992996216
0.07795288413763046,0.005999438464641571,-0.0011951364576816559,0.020563960075378418
0.0779535174369812,0.00600770115852356,-0.0011946074664592743,0.020563840866088867
0.07786542177200317,0.0060959383845329285,-0.0013414770364761353,0.02012471854686737
0.0779087245464325,0.006102301180362701,-0.0013822317123413086,0.019790008664131165
0.07792891561985016,0.0060719773173332214,-0.0013792067766189575,0.019707515835762024
0.07781541347503662,0.0060402825474739075,-0.0014620907604694366,0.020405665040016174
0.07774397730827332,0.006206735968589783,-0.001480448991060257,0.02065335214138031
0.07778345048427582,0.006200052797794342,-0.0017634890973567963,0.02093660831451416
0.077834852039814,0.006127201020717621,-0.0019010789692401886,0.020995795726776123
0.07787618786096573,0.0062370747327804565,-0.001957342028617859,0.02076752483844757
0.07791329175233841,0.006203189492225647,-0.0019727200269699097,0.02064734697341919
0.07793158292770386,0.006182581186294556,-0.0018396563827991486,0.02060021460056305
0.0779307410120964,0.006158508360385895,-0.0017953664064407349,0.02062278985977173
0.07789693772792816,0.006306260824203491,-0.001404743641614914,0.02040231227874756
0.07788693904876709,0.0063367560505867004,-0.001247454434633255,0.020396679639816284
0.07783626765012741,0.006164833903312683,-0.0011549107730388641,0.020518064498901367
0.07779970020055771,0.006140284240245819,-0.0011287592351436615,0.020600318908691406
0.07777266949415207,0.006090350449085236,-0.001194838434457779,0.020516738295555115
0.07777194678783417,0.006055966019630432,-0.001255035400390625,0.0204785019159317
0.0776931494474411,0.006072826683521271,-0.0013727061450481415,0.020458772778511047
0.07767029851675034,0.005625918507575989,-0.001323465257883072,0.02067089080810547
0.07765574008226395,0.005427703261375427,-0.001299053430557251,0.020799696445465088
0.0775299221277237,0.005176819860935211,-0.0011089779436588287,0.020786717534065247
0.07754075527191162,0.0049409642815589905,-0.0010837167501449585,0.020853295922279358
0.07754722237586975,0.004909805953502655,-0.0010824128985404968,0.020866230130195618
0.07751160115003586,0.0046999454498291016,-0.001183006912469864,0.02080264687538147
0.07746066898107529,0.004052847623825073,-0.0014866627752780914,0.021581515669822693
0.07744088023900986,0.003784000873565674,-0.001565929502248764,0.02182069420814514
0.07748085260391235,0.003764435648918152,-0.001358281821012497,0.021650776267051697
0.07746399939060211,0.0037536174058914185,-0.0012203045189380646,0.02156698703765869
0.07719866931438446,0.0033134743571281433,-0.001125536859035492,0.02261430025100708
0.07709095627069473,0.003175213932991028,-0.0010875537991523743,0.022990047931671143
0.07700379937887192,0.003222852945327759,-0.001119270920753479,0.02319580316543579
0.07697293907403946,0.003261089324951172,-0.0011087916791439056,0.02325555682182312
0.07696706056594849,0.0032755807042121887,-0.00110626220703125,0.023261860013008118
0.0769660472869873,0.0032805129885673523,-0.0011058636009693146,0.02326236665248871
0.07696587592363358,0.0032821446657180786,-0.0011058375239372253,0.023262381553649902
0.07696585357189178,0.0032826438546180725,-0.0011058375239372253,0.023262381553649902
0.07696585357189178,0.0032828226685523987,-0.0011058375239372253,0.023262381553649902
0.07696585357189178,0.003282874822616577,-0.0011058375239372253,0.023262381553649902
0.07717124372720718,0.00339294970035553,-0.0012312829494476318,0.022942811250686646
0.07725745439529419,0.003378137946128845,-0.0013412460684776306,0.02281339466571808
0.07731825858354568,0.003773897886276245,-0.0012548044323921204,0.02194756269454956
0.07735864073038101,0.0039970725774765015,-0.0012511834502220154,0.021709129214286804
0.07761172950267792,0.004645481705665588,-0.0007647275924682617,0.021384701132774353
0.07760850340127945,0.005105108022689819,-0.00047634169459342957,0.021317556500434875
0.07763999700546265,0.005526058375835419,-0.0009394660592079163,0.02111530303955078
0.07769814133644104,0.005744174122810364,-0.0011482425034046173,0.02091507613658905
0.07779097557067871,0.005933240056037903,-0.001467037945985794,0.02089311182498932
0.0777343139052391,0.006238862872123718,-0.0015219077467918396,0.020756661891937256
0.07771725952625275,0.006281144917011261,-0.001525983214378357,0.020730584859848022
0.07771404832601547,0.006286188960075378,-0.0015260688960552216,0.020725443959236145
0.0777134820818901,0.006287068128585815,-0.00152602419257164,0.020724430680274963
0.07771338522434235,0.006287336349487305,-0.0015260428190231323,0.02072429656982422
0.07771337777376175,0.006287410855293274,-0.0015260428190231323,0.02072426676750183
0.07771337777376175,0.006287433207035065,-0.0015260428190231323,0.02072426676750183
0.07771337777376175,0.0062874481081962585,-0.0015260428190231323,0.02072426676750183
0.07771337777376175,0.0062874481081962585,-0.0015260428190231323,0.02072426676750183
0.07771337777376175,0.0062874481081962585,-0.0015260428190231323,0.02072426676750183
0.07771337777376175,0.0062874481081962585,-0.0015260428190231323,0.02072426676750183
0.07771337777376175,0.0062874481081962585,-0.0015260428190231323,0.02072426676750183
0.07771337777376175,0.0062874481081962585,-0.0015260428190231323,0.02072426676750183
0.07771337777376175,0.0062874481081962585,-0.0015260428190231323,0.02072426676750183
0.07771337777376175,0.0062874481081962585,-0.0015260428190231323,0.02072426676750183
0.07771337777376175,0.0062874481081962585,-0.0015260428190231323,0.02072426676750183
0.07771337777376175,0.0062874481081962585,-0.0015260428190231323,0.02072426676750183
0.07771337777376175,0.0062874481081962585,-0.0015260428190231323,0.02072426676750183
0.07771337777376175,0.0062874481081962585,-0.0015260428190231323,0.02072426676750183
0.07771337777376175,0.0062874481081962585,-0.0015260428190231323,0.02072426676750183
0.07771337777376175,0.0062874481081962585,-0.0015260428190231323,0.02072426676750183
0.07771337777376175,0.0062874481081962585,-0.0015260428190231323,0.02072426676750183
0.07771337777376175,0.0062874481081962585,-0.0015260428190231323,0.02072426676750183
0.07771337777376175,0.0062874481081962585,-0.0015260428190231323,0.02072426676750183
0.07771337777376175,0.0062874481081962585,-0.0015260428190231323,0.02072426676750183
0.07771337777376175,0.0062874481081962585,-0.0015260428190231323,0.02072426676750183
0.07771337777376175,0.0062874481081962585,-0.0015260428190231323,0.02072426676750183
0.07771337777376175,0.0062874481081962585,-0.0015260428190231323,0.02072426676750183
0.07771337777376175,0.0062874481081962585,-0.0015260428190231323,0.02072426676750183
0.07771337777376175,0.0062874481081962585,-0.0015260428190231323,0.02072426676750183
0.07771337777376175,0.0062874481081962585,-0.0015260428190231323,0.02072426676750183
0.07771337777376175,0.0062874481081962585,-0.0015260428190231323,0.02072426676750183
0.07771337777376175,0.0062874481081962585,-0.0015260428190231323,0.02072426676750183
0.07771337777376175,0.0062874481081962585,-0.0015260428190231323,0.02072426676750183
0.07771337777376175,0.0062874481081962585,-0.0015260428190231323,0.02072426676750183
0.07771337777376175,0.0062874481081962585,-0.0015260428190231323,0.02072426676750183
0.07771337777376175,0.0062874481081962585,-0.0015260428190231323,0.02072426676750183
0.07771337777376175,0.0062874481081962585,-0.0015260428190231323,0.02072426676750183
0.07771337777376175,0.0062874481081962585,-0.0015260428190231323,0.02072426676750183
0.07771337777376175,0.0062874481081962585,-0.0015260428190231323,0.02072426676750183
0.07771337777376175,0.0062874481081962585,-0.0015260428190231323,0.02072426676750183
0.07771337777376175,0.0062874481081962585,-0.0015260428190231323,0.02072426676750183
0.07771337777376175,0.0062874481081962585,-0.0015260428190231323,0.02072426676750183
0.07771337777376175,0.0062874481081962585,-0.0015260428190231323,0.02072426676750183
0.07771337777376175,0.0062874481081962585,-0.0015260428190231323,0.02072426676750183
0.07771337777376175,0.0062874481081962585,-0.0015260428190231323,0.02072426676750183
0.07771337777376175,0.0062874481081962585,-0.0015260428190231323,0.02072426676750183
0.07771337777376175,0.0062874481081962585,-0.0015260428190231323,0.02072426676750183
0.07771337777376175,0.0062874481081962585,-0.0015260428190231323,0.02072426676750183
0.07771337777376175,0.0062874481081962585,-0.0015260428190231323,0.02072426676750183
0.07771337777376175,0.0062874481081962585,-0.0015260428190231323,0.02072426676750183
0.07771337777376175,0.0062874481081962585,-0.0015260428190231323,0.02072426676750183
0.07771337777376175,0.0062874481081962585,-0.0015260428190231323,0.02072426676750183
0.07771337777376175,0.0062874481081962585,-0.0015260428190231323,0.02072426676750183
0.07771337777376175,0.0062874481081962585,-0.0015260428190231323,0.02072426676750183
0.07771337777376175,0.0062874481081962585,-0.0015260428190231323,0.02072426676750183
0.07771337777376175,0.0062874481081962585,-0.0015260428190231323,0.02072426676750183
0.07771337777376175,0.0062874481081962585,-0.0015260428190231323,0.02072426676750183
0.07771337777376175,0.0062874481081962585,-0.0015260428190231323,0.02072426676750183
0.07771337777376175,0.0062874481081962585,-0.0015260428190231323,0.02072426676750183
0.07771337777376175,0.0062874481081962585,-0.0015260428190231323,0.02072426676750183
0.07771337777376175,0.0062874481081962585,-0.0015260428190231323,0.02072426676750183
0.07771337777376175,0.0062874481081962585,-0.0015260428190231323,0.02072426676750183
0.07771337777376175,0.0062874481081962585,-0.0015260428190231323,0.02072426676750183
0.07771337777376175,0.0062874481081962585,-0.0015260428190231323,0.02072426676750183
0.07771337777376175,0.0062874481081962585,-0.0015260428190231323,0.02072426676750183
0.07771337777376175,0.0062874481081962585,-0.0015260428190231323,0.02072426676750183
0.07771337777376175,0.0062874481081962585,-0.0015260428190231323,0.02072426676750183
0.07771337777376175,0.0062874481081962585,-0.0015260428190231323,0.02072426676750183
0.07771337777376175,0.0062874481081962585,-0.0015260428190231323,0.02072426676750183
0.07771337777376175,0.0062874481081962585,-0.0015260428190231323,0.02072426676750183
0.07771337777376175,0.0062874481081962585,-0.0015260428190231323,0.02072426676750183
0.07771337777376175,0.0062874481081962585,-0.0015260428190231323,0.02072426676750183
0.07771337777376175,0.0062874481081962585,-0.0015260428190231323,0.02072426676750183
0.07771337777376175,0.0062874481081962585,-0.0015260428190231323,0.02072426676750183
0.07771337777376175,0.0062874481081962585,-0.0015260428190231323,0.02072426676750183
0.07771337777376175,0.0062874481081962585,-0.0015260428190231323,0.02072426676750183
0.07771337777376175,0.0062874481081962585,-0.0015260428190231323,0.02072426676750183
0.07771337777376175,0.0062874481081962585,-0.0015260428190231323,0.02072426676750183
0.07771337777376175,0.0062874481081962585,-0.0015260428190231323,0.02072426676750183
0.07771337777376175,0.0062874481081962585,-0.0015260428190231323,0.02072426676750183
0.07771337777376175,0.0062874481081962585,-0.0015260428190231323,0.02072426676750183
0.07771337777376175,0.0062874481081962585,-0.0015260428190231323,0.02072426676750183
0.07771337777376175,0.0062874481081962585,-0.0015260428190231323,0.02072426676750183
0.07771337777376175,0.0062874481081962585,-0.0015260428190231323,0.02072426676750183
0.07771337777376175,0.0062874481081962585,-0.0015260428190231323,0.02072426676750183
0.07771337777376175,0.0062874481081962585,-0.0015260428190231323,0.02072426676750183
0.07771337777376175,0.0062874481081962585,-0.0015260428190231323,0.02072426676750183
0.07771337777376175,0.0062874481081962585,-0.0015260428190231323,0.02072426676750183
0.07771337777376175,0.0062874481081962585,-0.0015260428190231323,0.02072426676750183
0.07771337777376175,0.0062874481081962585,-0.0015260428190231323,0.02072426676750183
0.07771337777376175,0.0062874481081962585,-0.0015260428190231323,0.02072426676750183
0.07771337777376175,0.0062874481081962585,-0.0015260428190231323,0.02072426676750183
0.07771337777376175,0.0062874481081962585,-0.0015260428190231323,0.02072426676750183
0.07771337777376175,0.0062874481081962585,-0.0015260428190231323,0.02072426676750183
0.07771337777376175,0.0062874481081962585,-0.0015260428190231323,0.02072426676750183
0.07771337777376175,0.0062874481081962585,-0.0015260428190231323,0.02072426676750183
0.07771337777376175,0.0062874481081962585,-0.0015260428190231323,0.02072426676750183
0.07771337777376175,0.0062874481081962585,-0.0015260428190231323,0.02072426676750183
0.07771337777376175,0.0062874481081962585,-0.0015260428190231323,0.02072426676750183
0.07771337777376175,0.0062874481081962585,-0.0015260428190231323,0.02072426676750183
0.07771337777376175,0.0062874481081962585,-0.0015260428190231323,0.02072426676750183
0.07771337777376175,0.0062874481081962585,-0.0015260428190231323,0.02072426676750183
0.07771337777376175,0.0062874481081962585,-0.0015260428190231323,0.02072426676750183
0.07771337777376175,0.0062874481081962585,-0.0015260428190231323,0.02072426676750183
0.07771337777376175,0.0062874481081962585,-0.0015260428190231323,0.02072426676750183
0.07771337777376175,0.0062874481081962585,-0.0015260428190231323,0.02072426676750183
0.07771337777376175,0.0062874481081962585,-0.0015260428190231323,0.02072426676750183
0.07771337777376175,0.0062874481081962585,-0.0015260428190231323,0.02072426676750183
0.07771337777376175,0.0062874481081962585,-0.0015260428190231323,0.02072426676750183
0.07771337777376175,0.0062874481081962585,-0.0015260428190231323,0.02072426676750183
0.07771337777376175,0.0062874481081962585,-0.0015260428190231323,0.02072426676750183
0.07771337777376175,0.0062874481081962585,-0.0015260428190231323,0.02072426676750183
0.07771337777376175,0.0062874481081962585,-0.0015260428190231323,0.02072426676750183
0.07771337777376175,0.0062874481081962585,-0.0015260428190231323,0.02072426676750183
0.07771337777376175,0.0062874481081962585,-0.0015260428190231323,0.02072426676750183
0.07771337777376175,0.0062874481081962585,-0.0015260428190231323,0.02072426676750183
0.07771337777376175,0.0062874481081962585,-0.0015260428190231323,0.02072426676750183
0.07771337777376175,0.0062874481081962585,-0.0015260428190231323,0.02072426676750183
0.07771337777376175,0.0062874481081962585,-0.0015260428190231323,0.02072426676750183
0.07771337777376175,0.0062874481081962585,-0.0015260428190231323,0.02072426676750183
0.07771337777376175,0.0062874481081962585,-0.0015260428190231323,0.02072426676750183
0.07771337777376175,0.0062874481081962585,-0.0015260428190231323,0.02072426676750183
0.07771337777376175,0.0062874481081962585,-0.0015260428190231323,0.02072426676750183
0.07771337777376175,0.0062874481081962585,-0.0015260428190231323,0.02072426676750183
0.07771337777376175,0.0062874481081962585,-0.0015260428190231323,0.02072426676750183
0.07771337777376175,0.0062874481081962585,-0.0015260428190231323,0.02072426676750183
0.07771337777376175,0.0062874481081962585,-0.0015260428190231323,0.02072426676750183
0.07771337777376175,0.0062874481081962585,-0.0015260428190231323,0.02072426676750183
0.07771337777376175,0.0062874481081962585,-0.0015260428190231323,0.02072426676750183
0.07771337777376175,0.0062874481081962585,-0.0015260428190231323,0.02072426676750183
0.07771337777376175,0.0062874481081962585,-0.0015260428190231323,0.02072426676750183
0.07771337777376175,0.0062874481081962585,-0.0015260428190231323,0.02072426676750183
0.07771337777376175,0.0062874481081962585,-0.0015260428190231323,0.02072426676750183
0.07771337777376175,0.0062874481081962585,-0.0015260428190231323,0.02072426676750183
0.07771337777376175,0.0062874481081962585,-0.0015260428190231323,0.02072426676750183
0.07771337777376175,0.0062874481081962585,-0.0015260428190231323,0.02072426676750183
0.07771337777376175,0.0062874481081962585,-0.0015260428190231323,0.02072426676750183
0.07771337777376175,0.0062874481081962585,-0.0015260428190231323,0.02072426676750183
0.07771337777376175,0.0062874481081962585,-0.0015260428190231323,0.02072426676750183
0.07771337777376175,0.0062874481081962585,-0.0015260428190231323,0.02072426676750183
0.07771337777376175,0.0062874481081962585,-0.0015260428190231323,0.02072426676750183
0.07771337777376175,0.0062874481081962585,-0.0015260428190231323,0.02072426676750183
0.07771337777376175,0.0062874481081962585,-0.0015260428190231323,0.02072426676750183
0.07771337777376175,0.0062874481081962585,-0.0015260428190231323,0.02072426676750183
0.07771337777376175,0.0062874481081962585,-0.0015260428190231323,0.02072426676750183
0.07771337777376175,0.0062874481081962585,-0.0015260428190231323,0.02072426676750183
0.07771337777376175,0.0062874481081962585,-0.0015260428190231323,0.02072426676750183
0.07771337777376175,0.0062874481081962585,-0.0015260428190231323,0.02072426676750183
0.07771337777376175,0.0062874481081962585,-0.0015260428190231323,0.02072426676750183
0.07771337777376175,0.0062874481081962585,-0.0015260428190231323,0.02072426676750183
0.07771337777376175,0.0062874481081962585,-0.0015260428190231323,0.02072426676750183
0.07771337777376175,0.0062874481081962585,-0.0015260428190231323,0.02072426676750183
0.07771337777376175,0.0062874481081962585,-0.0015260428190231323,0.02072426676750183
0.07771337777376175,0.0062874481081962585,-0.0015260428190231323,0.02072426676750183
0.07771337777376175,0.0062874481081962585,-0.0015260428190231323,0.02072426676750183
0.07771337777376175,0.0062874481081962585,-0.0015260428190231323,0.02072426676750183
0.07771337777376175,0.0062874481081962585,-0.0015260428190231323,0.02072426676750183
0.07771337777376175,0.0062874481081962585,-0.0015260428190231323,0.02072426676750183
0.07771337777376175,0.0062874481081962585,-0.0015260428190231323,0.02072426676750183
0.07771337777376175,0.0062874481081962585,-0.0015260428190231323,0.02072426676750183
0.07771337777376175,0.0062874481081962585,-0.0015260428190231323,0.02072426676750183
0.07771337777376175,0.0062874481081962585,-0.0015260428190231323,0.02072426676750183
0.07771337777376175,0.0062874481081962585,-0.0015260428190231323,0.02072426676750183
0.07771337777376175,0.0062874481081962585,-0.0015260428190231323,0.02072426676750183
0.07771337777376175,0.0062874481081962585,-0.0015260428190231323,0.02072426676750183
0.07771337777376175,0.0062874481081962585,-0.0015260428190231323,0.02072426676750183
0.07771337777376175,0.0062874481081962585,-0.0015260428190231323,0.02072426676750183
0.07771337777376175,0.0062874481081962585,-0.0015260428190231323,0.02072426676750183
0.07771337777376175,0.0062874481081962585,-0.0015260428190231323,0.02072426676750183
0.07771337777376175,0.0062874481081962585,-0.0015260428190231323,0.02072426676750183
0.07771337777376175,0.0062874481081962585,-0.0015260428190231323,0.02072426676750183
0.07771337777376175,0.0062874481081962585,-0.0015260428190231323,0.02072426676750183
0.07771337777376175,0.0062874481081962585,-0.0015260428190231323,0.02072426676750183
0.07771337777376175,0.0062874481081962585,-0.0015260428190231323,0.02072426676750183
0.07771337777376175,0.0062874481081962585,-0.0015260428190231323,0.02072426676750183
0.07771337777376175,0.0062874481081962585,-0.0015260428190231323,0.02072426676750183
0.07771337777376175,0.0062874481081962585,-0.0015260428190231323,0.02072426676750183
0.07771337777376175,0.0062874481081962585,-0.0015260428190231323,0.02072426676750183
0.07771337777376175,0.0062874481081962585,-0.0015260428190231323,0.02072426676750183
0.07771337777376175,0.0062874481081962585,-0.0015260428190231323,0.02072426676750183
0.07771337777376175,0.0062874481081962585,-0.0015260428190231323,0.02072426676750183
0.07771337777376175,0.0062874481081962585,-0.0015260428190231323,0.02072426676750183
0.07771337777376175,0.0062874481081962585,-0.0015260428190231323,0.02072426676750183
0.07771337777376175,0.0062874481081962585,-0.0015260428190231323,0.02072426676750183
0.07771337777376175,0.0062874481081962585,-0.0015260428190231323,0.02072426676750183
0.07771337777376175,0.0062874481081962585,-0.0015260428190231323,0.02072426676750183
0.07771337777376175,0.0062874481081962585,-0.0015260428190231323,0.02072426676750183
0.07771337777376175,0.0062874481081962585,-0.0015260428190231323,0.02072426676750183
0.07771337777376175,0.0062874481081962585,-0.0015260428190231323,0.02072426676750183
0.07771337777376175,0.0062874481081962585,-0.0015260428190231323,0.02072426676750183
0.07771337777376175,0.0062874481081962585,-0.0015260428190231323,0.02072426676750183
0.07771337777376175,0.0062874481081962585,-0.0015260428190231323,0.02072426676750183
0.07771337777376175,0.0062874481081962585,-0.0015260428190231323,0.02072426676750183
0.07771337777376175,0.0062874481081962585,-0.0015260428190231323,0.02072426676750183
0.07771337777376175,0.0062874481081962585,-0.0015260428190231323,0.02072426676750183
0.07771337777376175,0.0062874481081962585,-0.0015260428190231323,0.02072426676750183
0.07771337777376175,0.0062874481081962585,-0.0015260428190231323,0.02072426676750183
0.07771337777376175,0.0062874481081962585,-0.0015260428190231323,0.02072426676750183
0.07771337777376175,0.0062874481081962585,-0.0015260428190231323,0.02072426676750183
0.07771337777376175,0.0062874481081962585,-0.0015260428190231323,0.02072426676750183
0.07771337777376175,0.0062874481081962585,-0.0015260428190231323,0.02072426676750183
0.07771337777376175,0.0062874481081962585,-0.0015260428190231323,0.02072426676750183
0.07771337777376175,0.0062874481081962585,-0.0015260428190231323,0.02072426676750183
0.07771337777376175,0.0062874481081962585,-0.0015260428190231323,0.02072426676750183
0.07771337777376175,0.0062874481081962585,-0.0015260428190231323,0.02072426676750183
0.07771337777376175,0.0062874481081962585,-0.0015260428190231323,0.02072426676750183
0.07771337777376175,0.0062874481081962585,-0.0015260428190231323,0.02072426676750183
0.07771337777376175,0.0062874481081962585,-0.0015260428190231323,0.02072426676750183
0.07771337777376175,0.0062874481081962585,-0.0015260428190231323,0.02072426676750183
0.07771337777376175,0.0062874481081962585,-0.0015260428190231323,0.02072426676750183
0.07771337777376175,0.0062874481081962585,-0.0015260428190231323,0.02072426676750183
0.07771337777376175,0.0062874481081962585,-0.0015260428190231323,0.02072426676750183
0.07771337777376175,0.0062874481081962585,-0.0015260428190231323,0.02072426676750183
0.07771337777376175,0.0062874481081962585,-0.0015260428190231323,0.02072426676750183
0.07771337777376175,0.0062874481081962585,-0.0015260428190231323,0.02072426676750183
0.07771337777376175,0.0062874481081962585,-0.0015260428190231323,0.02072426676750183
0.07771337777376175,0.0062874481081962585,-0.0015260428190231323,0.02072426676750183
0.07771337777376175,0.0062874481081962585,-0.0015260428190231323,0.02072426676750183
0.07771337777376175,0.0062874481081962585,-0.0015260428190231323,0.02072426676750183
0.07771337777376175,0.0062874481081962585,-0.0015260428190231323,0.02072426676750183
0.07771337777376175,0.0062874481081962585,-0.0015260428190231323,0.02072426676750183
0.07771337777376175,0.0062874481081962585,-0.0015260428190231323,0.02072426676750183
0.07771337777376175,0.0062874481081962585,-0.0015260428190231323,0.02072426676750183
0.07771337777376175,0.0062874481081962585,-0.0015260428190231323,0.02072426676750183
0.07771337777376175,0.0062874481081962585,-0.0015260428190231323,0.02072426676750183
0.07771337777376175,0.0062874481081962585,-0.0015260428190231323,0.02072426676750183
0.07771337777376175,0.0062874481081962585,-0.0015260428190231323,0.02072426676750183
0.07771337777376175,0.0062874481081962585,-0.0015260428190231323,0.02072426676750183
0.07771337777376175,0.0062874481081962585,-0.0015260428190231323,0.02072426676750183
0.07771337777376175,0.0062874481081962585,-0.0015260428190231323,0.02072426676750183
0.07771337777376175,0.0062874481081962585,-0.0015260428190231323,0.02072426676750183
0.07771337777376175,0.0062874481081962585,-0.0015260428190231323,0.02072426676750183
0.07771337777376175,0.0062874481081962585,-0.0015260428190231323,0.02072426676750183
0.07771337777376175,0.0062874481081962585,-0.0015260428190231323,0.02072426676750183
0.07771337777376175,0.0062874481081962585,-0.0015260428190231323,0.02072426676750183
0.07771337777376175,0.0062874481081962585,-0.0015260428190231323,0.02072426676750183
0.07771337777376175,0.0062874481081962585,-0.0015260428190231323,0.02072426676750183
0.07771337777376175,0.0062874481081962585,-0.0015260428190231323,0.02072426676750183
0.07771337777376175,0.0062874481081962585,-0.0015260428190231323,0.02072426676750183
0.07771337777376175,0.0062874481081962585,-0.0015260428190231323,0.02072426676750183
0.07771337777376175,0.0062874481081962585,-0.0015260428190231323,0.02072426676750183
0.07771337777376175,0.0062874481081962585,-0.0015260428190231323,0.02072426676750183
0.07771337777376175,0.0062874481081962585,-0.0015260428190231323,0.02072426676750183
0.07771337777376175,0.0062874481081962585,-0.0015260428190231323,0.02072426676750183
0.07771337777376175,0.0062874481081962585,-0.0015260428190231323,0.02072426676750183
0.07771337777376175,0.0062874481081962585,-0.0015260428190231323,0.02072426676750183
0.07771337777376175,0.0062874481081962585,-0.0015260428190231323,0.02072426676750183
0.07771337777376175,0.0062874481081962585,-0.0015260428190231323,0.02072426676750183
0.07771337777376175,0.0062874481081962585,-0.0015260428190231323,0.02072426676750183
0.07771337777376175,0.0062874481081962585,-0.0015260428190231323,0.02072426676750183
0.07771337777376175,0.0062874481081962585,-0.0015260428190231323,0.02072426676750183
0.07771337777376175,0.0062874481081962585,-0.0015260428190231323,0.02072426676750183
0.07771337777376175,0.0062874481081962585,-0.0015260428190231323,0.02072426676750183
0.07771337777376175,0.0062874481081962585,-0.0015260428190231323,0.02072426676750183
0.07771337777376175,0.0062874481081962585,-0.0015260428190231323,0.02072426676750183
0.07771337777376175,0.0062874481081962585,-0.0015260428190231323,0.02072426676750183
0.07771337777376175,0.0062874481081962585,-0.0015260428190231323,0.02072426676750183
0.07771337777376175,0.0062874481081962585,-0.0015260428190231323,0.02072426676750183
0.07771337777376175,0.0062874481081962585,-0.0015260428190231323,0.02072426676750183
0.07771337777376175,0.0062874481081962585,-0.0015260428190231323,0.02072426676750183
0.07771337777376175,0.0062874481081962585,-0.0015260428190231323,0.02072426676750183
0.07771337777376175,0.0062874481081962585,-0.0015260428190231323,0.02072426676750183
0.07771337777376175,0.0062874481081962585,-0.0015260428190231323,0.02072426676750183
0.07771337777376175,0.0062874481081962585,-0.0015260428190231323,0.02072426676750183
0.07771337777376175,0.0062874481081962585,-0.0015260428190231323,0.02072426676750183
0.07771337777376175,0.0062874481081962585,-0.0015260428190231323,0.02072426676750183
0.07771337777376175,0.0062874481081962585,-0.0015260428190231323,0.02072426676750183
0.07771337777376175,0.0062874481081962585,-0.0015260428190231323,0.02072426676750183
0.07771337777376175,0.0062874481081962585,-0.0015260428190231323,0.02072426676750183
0.07771337777376175,0.0062874481081962585,-0.0015260428190231323,0.02072426676750183
0.07771337777376175,0.0062874481081962585,-0.0015260428190231323,0.02072426676750183
0.07771337777376175,0.0062874481081962585,-0.0015260428190231323,0.02072426676750183
0.07771337777376175,0.0062874481081962585,-0.0015260428190231323,0.02072426676750183
0.07771337777376175,0.0062874481081962585,-0.0015260428190231323,0.02072426676750183
0.07771337777376175,0.0062874481081962585,-0.0015260428190231323,0.02072426676750183
0.07771337777376175,0.0062874481081962585,-0.0015260428190231323,0.02072426676750183
0.07771337777376175,0.0062874481081962585,-0.0015260428190231323,0.02072426676750183
0.07771337777376175,0.0062874481081962585,-0.0015260428190231323,0.02072426676750183
0.07771337777376175,0.0062874481081962585,-0.0015260428190231323,0.02072426676750183
0.07771337777376175,0.0062874481081962585,-0.0015260428190231323,0.02072426676750183
0.07771337777376175,0.0062874481081962585,-0.0015260428190231323,0.02072426676750183
0.07771337777376175,0.0062874481081962585,-0.0015260428190231323,0.02072426676750183
0.07771337777376175,0.0062874481081962585,-0.0015260428190231323,0.02072426676750183
0.07771337777376175,0.0062874481081962585,-0.0015260428190231323,0.02072426676750183
0.07771337777376175,0.0062874481081962585,-0.0015260428190231323,0.02072426676750183
0.07771337777376175,0.0062874481081962585,-0.0015260428190231323,0.02072426676750183
0.07771337777376175,0.0062874481081962585,-0.0015260428190231323,0.02072426676750183
0.07771337777376175,0.0062874481081962585,-0.0015260428190231323,0.02072426676750183
0.07771337777376175,0.0062874481081962585,-0.0015260428190231323,0.02072426676750183
0.07771337777376175,0.0062874481081962585,-0.0015260428190231323,0.02072426676750183
0.07771337777376175,0.0062874481081962585,-0.0015260428190231323,0.02072426676750183
0.07771337777376175,0.0062874481081962585,-0.0015260428190231323,0.02072426676750183
0.07771337777376175,0.0062874481081962585,-0.0015260428190231323,0.02072426676750183
0.07771337777376175,0.0062874481081962585,-0.0015260428190231323,0.02072426676750183
0.07771337777376175,0.0062874481081962585,-0.0015260428190231323,0.02072426676750183
0.07771337777376175,0.0062874481081962585,-0.0015260428190231323,0.02072426676750183
0.07771337777376175,0.0062874481081962585,-0.0015260428190231323,0.02072426676750183
0.07771337777376175,0.0062874481081962585,-0.0015260428190231323,0.02072426676750183
0.07771337777376175,0.0062874481081962585,-0.0015260428190231323,0.02072426676750183
0.07771337777376175,0.0062874481081962585,-0.0015260428190231323,0.02072426676750183
0.07771337777376175,0.0062874481081962585,-0.0015260428190231323,0.02072426676750183
0.07771337777376175,0.0062874481081962585,-0.0015260428190231323,0.02072426676750183
0.07771337777376175,0.0062874481081962585,-0.0015260428190231323,0.02072426676750183
0.07771337777376175,0.0062874481081962585,-0.0015260428190231323,0.02072426676750183
0.07771337777376175,0.0062874481081962585,-0.0015260428190231323,0.02072426676750183
0.07771337777376175,0.0062874481081962585,-0.0015260428190231323,0.02072426676750183
0.07771337777376175,0.0062874481081962585,-0.0015260428190231323,0.02072426676750183
0.07771337777376175,0.0062874481081962585,-0.0015260428190231323,0.02072426676750183
0.07771337777376175,0.0062874481081962585,-0.0015260428190231323,0.02072426676750183
0.07771337777376175,0.0062874481081962585,-0.0015260428190231323,0.02072426676750183
0.07771337777376175,0.0062874481081962585,-0.0015260428190231323,0.02072426676750183
0.07771337777376175,0.0062874481081962585,-0.0015260428190231323,0.02072426676750183
0.07771337777376175,0.0062874481081962585,-0.0015260428190231323,0.02072426676750183
0.07771337777376175,0.0062874481081962585,-0.0015260428190231323,0.02072426676750183
0.07771337777376175,0.0062874481081962585,-0.0015260428190231323,0.02072426676750183
0.07771337777376175,0.0062874481081962585,-0.0015260428190231323,0.02072426676750183
0.07771337777376175,0.0062874481081962585,-0.0015260428190231323,0.02072426676750183
0.07771337777376175,0.0062874481081962585,-0.0015260428190231323,0.02072426676750183
0.07771337777376175,0.0062874481081962585,-0.0015260428190231323,0.02072426676750183
0.07771337777376175,0.0062874481081962585,-0.0015260428190231323,0.02072426676750183
0.07771337777376175,0.0062874481081962585,-0.0015260428190231323,0.02072426676750183
0.07771337777376175,0.0062874481081962585,-0.0015260428190231323,0.02072426676750183
0.07771337777376175,0.0062874481081962585,-0.0015260428190231323,0.02072426676750183
0.07771337777376175,0.0062874481081962585,-0.0015260428190231323,0.02072426676750183
0.07771337777376175,0.0062874481081962585,-0.0015260428190231323,0.02072426676750183
0.07771337777376175,0.0062874481081962585,-0.0015260428190231323,0.02072426676750183
0.07771337777376175,0.0062874481081962585,-0.0015260428190231323,0.02072426676750183
0.07771337777376175,0.0062874481081962585,-0.0015260428190231323,0.02072426676750183
0.07771337777376175,0.0062874481081962585,-0.0015260428190231323,0.02072426676750183
0.07771337777376175,0.0062874481081962585,-0.0015260428190231323,0.02072426676750183
0.07771337777376175,0.0062874481081962585,-0.0015260428190231323,0.02072426676750183
0.07771337777376175,0.0062874481081962585,-0.0015260428190231323,0.02072426676750183
0.07771337777376175,0.0062874481081962585,-0.0015260428190231323,0.02072426676750183
0.07771337777376175,0.0062874481081962585,-0.0015260428190231323,0.02072426676750183
0.07771337777376175,0.0062874481081962585,-0.0015260428190231323,0.02072426676750183
0.07771337777376175,0.0062874481081962585,-0.0015260428190231323,0.02072426676750183
0.07771337777376175,0.0062874481081962585,-0.0015260428190231323,0.02072426676750183
0.07771337777376175,0.0062874481081962585,-0.0015260428190231323,0.02072426676750183
0.07771337777376175,0.0062874481081962585,-0.0015260428190231323,0.02072426676750183
0.07771337777376175,0.0062874481081962585,-0.0015260428190231323,0.02072426676750183
0.07771337777376175,0.0062874481081962585,-0.0015260428190231323,0.02072426676750183
0.07771337777376175,0.0062874481081962585,-0.0015260428190231323,0.02072426676750183
0.07771337777376175,0.0062874481081962585,-0.0015260428190231323,0.02072426676750183
0.07771337777376175,0.0062874481081962585,-0.0015260428190231323,0.02072426676750183
0.07771337777376175,0.0062874481081962585,-0.0015260428190231323,0.02072426676750183
0.07771337777376175,0.0062874481081962585,-0.0015260428190231323,0.02072426676750183
0.07771337777376175,0.0062874481081962585,-0.0015260428190231323,0.02072426676750183
0.07771337777376175,0.0062874481081962585,-0.0015260428190231323,0.02072426676750183
0.07771337777376175,0.0062874481081962585,-0.0015260428190231323,0.02072426676750183
0.07771337777376175,0.0062874481081962585,-0.0015260428190231323,0.02072426676750183
0.07771337777376175,0.0062874481081962585,-0.0015260428190231323,0.02072426676750183
0.07771337777376175,0.0062874481081962585,-0.0015260428190231323,0.02072426676750183
0.07771337777376175,0.0062874481081962585,-0.0015260428190231323,0.02072426676750183
0.07771337777376175,0.0062874481081962585,-0.0015260428190231323,0.02072426676750183
0.07771337777376175,0.0062874481081962585,-0.0015260428190231323,0.02072426676750183
0.07771337777376175,0.0062874481081962585,-0.0015260428190231323,0.02072426676750183
0.07771337777376175,0.0062874481081962585,-0.0015260428190231323,0.02072426676750183
0.07771337777376175,0.0062874481081962585,-0.0015260428190231323,0.02072426676750183
0.07771337777376175,0.0062874481081962585,-0.0015260428190231323,0.02072426676750183
0.07771337777376175,0.0062874481081962585,-0.0015260428190231323,0.02072426676750183
0.07771337777376175,0.0062874481081962585,-0.0015260428190231323,0.02072426676750183
0.07771337777376175,0.0062874481081962585,-0.0015260428190231323,0.02072426676750183
0.07771337777376175,0.0062874481081962585,-0.0015260428190231323,0.02072426676750183
0.07771337777376175,0.0062874481081962585,-0.0015260428190231323,0.02072426676750183
0.07771337777376175,0.0062874481081962585,-0.0015260428190231323,0.02072426676750183
0.07771337777376175,0.0062874481081962585,-0.0015260428190231323,0.02072426676750183
0.07771337777376175,0.0062874481081962585,-0.0015260428190231323,0.02072426676750183
0.07771337777376175,0.0062874481081962585,-0.0015260428190231323,0.02072426676750183
0.07771337777376175,0.0062874481081962585,-0.0015260428190231323,0.02072426676750183
0.07771337777376175,0.0062874481081962585,-0.0015260428190231323,0.02072426676750183
0.07771337777376175,0.0062874481081962585,-0.0015260428190231323,0.02072426676750183
0.07771337777376175,0.0062874481081962585,-0.0015260428190231323,0.02072426676750183
0.07771337777376175,0.0062874481081962585,-0.0015260428190231323,0.02072426676750183
0.07771337777376175,0.0062874481081962585,-0.0015260428190231323,0.02072426676750183
0.07771337777376175,0.0062874481081962585,-0.0015260428190231323,0.02072426676750183
0.07771337777376175,0.0062874481081962585,-0.0015260428190231323,0.02072426676750183
0.07771337777376175,0.0062874481081962585,-0.0015260428190231323,0.02072426676750183
0.07771337777376175,0.0062874481081962585,-0.0015260428190231323,0.02072426676750183
0.07771337777376175,0.0062874481081962585,-0.0015260428190231323,0.02072426676750183
0.07771337777376175,0.0062874481081962585,-0.0015260428190231323,0.02072426676750183
0.07771337777376175,0.0062874481081962585,-0.0015260428190231323,0.02072426676750183
0.07771337777376175,0.0062874481081962585,-0.0015260428190231323,0.02072426676750183
0.07771337777376175,0.0062874481081962585,-0.0015260428190231323,0.02072426676750183
0.07771337777376175,0.0062874481081962585,-0.0015260428190231323,0.02072426676750183
0.07771337777376175,0.0062874481081962585,-0.0015260428190231323,0.02072426676750183
0.07771337777376175,0.0062874481081962585,-0.0015260428190231323,0.02072426676750183
0.07771337777376175,0.0062874481081962585,-0.0015260428190231323,0.02072426676750183
0.07771337777376175,0.0062874481081962585,-0.0015260428190231323,0.02072426676750183
0.07771337777376175,0.0062874481081962585,-0.0015260428190231323,0.02072426676750183
0.07771337777376175,0.0062874481081962585,-0.0015260428190231323,0.02072426676750183
0.07771337777376175,0.0062874481081962585,-0.0015260428190231323,0.02072426676750183
0.07771337777376175,0.0062874481081962585,-0.0015260428190231323,0.02072426676750183
0.07771337777376175,0.0062874481081962585,-0.0015260428190231323,0.02072426676750183
0.07771337777376175,0.0062874481081962585,-0.0015260428190231323,0.02072426676750183
0.07771337777376175,0.0062874481081962585,-0.0015260428190231323,0.02072426676750183
0.07771337777376175,0.0062874481081962585,-0.0015260428190231323,0.02072426676750183
0.07771337777376175,0.0062874481081962585,-0.0015260428190231323,0.02072426676750183
0.07771337777376175,0.0062874481081962585,-0.0015260428190231323,0.02072426676750183
0.07771337777376175,0.0062874481081962585,-0.0015260428190231323,0.02072426676750183
0.07771337777376175,0.0062874481081962585,-0.0015260428190231323,0.02072426676750183
0.07771337777376175,0.0062874481081962585,-0.0015260428190231323,0.02072426676750183
0.07771337777376175,0.0062874481081962585,-0.0015260428190231323,0.02072426676750183
0.07771337777376175,0.0062874481081962585,-0.0015260428190231323,0.02072426676750183
0.07771337777376175,0.0062874481081962585,-0.0015260428190231323,0.02072426676750183
0.07771337777376175,0.0062874481081962585,-0.0015260428190231323,0.02072426676750183
0.07771337777376175,0.0062874481081962585,-0.0015260428190231323,0.02072426676750183
0.07771337777376175,0.0062874481081962585,-0.0015260428190231323,0.02072426676750183
0.07771337777376175,0.0062874481081962585,-0.0015260428190231323,0.02072426676750183
0.07771337777376175,0.0062874481081962585,-0.0015260428190231323,0.02072426676750183
0.07771337777376175,0.0062874481081962585,-0.0015260428190231323,0.02072426676750183
0.07771337777376175,0.0062874481081962585,-0.0015260428190231323,0.02072426676750183
0.07771337777376175,0.0062874481081962585,-0.0015260428190231323,0.02072426676750183
0.07771337777376175,0.0062874481081962585,-0.0015260428190231323,0.02072426676750183
0.07771337777376175,0.0062874481081962585,-0.0015260428190231323,0.02072426676750183
0.07771337777376175,0.0062874481081962585,-0.0015260428190231323,0.02072426676750183
0.07771337777376175,0.0062874481081962585,-0.0015260428190231323,0.02072426676750183
0.07771337777376175,0.0062874481081962585,-0.0015260428190231323,0.02072426676750183
0.07771337777376175,0.0062874481081962585,-0.0015260428190231323,0.02072426676750183
0.07771337777376175,0.0062874481081962585,-0.0015260428190231323,0.02072426676750183
0.07771337777376175,0.0062874481081962585,-0.0015260428190231323,0.02072426676750183
0.07771337777376175,0.0062874481081962585,-0.0015260428190231323,0.02072426676750183
0.07771337777376175,0.0062874481081962585,-0.0015260428190231323,0.02072426676750183
0.07771337777376175,0.0062874481081962585,-0.0015260428190231323,0.02072426676750183
0.07771337777376175,0.0062874481081962585,-0.0015260428190231323,0.02072426676750183
0.07771337777376175,0.0062874481081962585,-0.0015260428190231323,0.02072426676750183
0.07771337777376175,0.0062874481081962585,-0.0015260428190231323,0.02072426676750183
0.07771337777376175,0.0062874481081962585,-0.0015260428190231323,0.02072426676750183
0.07771337777376175,0.0062874481081962585,-0.0015260428190231323,0.02072426676750183
0.07771337777376175,0.0062874481081962585,-0.0015260428190231323,0.02072426676750183
0.07771337777376175,0.0062874481081962585,-0.0015260428190231323,0.02072426676750183
0.07771337777376175,0.0062874481081962585,-0.0015260428190231323,0.02072426676750183
0.07771337777376175,0.0062874481081962585,-0.0015260428190231323,0.02072426676750183
0.07771337777376175,0.0062874481081962585,-0.0015260428190231323,0.02072426676750183
0.07771337777376175,0.0062874481081962585,-0.0015260428190231323,0.02072426676750183
0.07771337777376175,0.0062874481081962585,-0.0015260428190231323,0.02072426676750183
0.07771337777376175,0.0062874481081962585,-0.0015260428190231323,0.02072426676750183
0.07771337777376175,0.0062874481081962585,-0.0015260428190231323,0.02072426676750183
0.07771337777376175,0.0062874481081962585,-0.0015260428190231323,0.02072426676750183
0.07771337777376175,0.0062874481081962585,-0.0015260428190231323,0.02072426676750183
0.07771337777376175,0.0062874481081962585,-0.0015260428190231323,0.02072426676750183
0.07771337777376175,0.0062874481081962585,-0.0015260428190231323,0.02072426676750183
0.07771337777376175,0.0062874481081962585,-0.0015260428190231323,0.02072426676750183
0.07771337777376175,0.0062874481081962585,-0.0015260428190231323,0.02072426676750183
0.07771337777376175,0.0062874481081962585,-0.0015260428190231323,0.02072426676750183
0.07771337777376175,0.0062874481081962585,-0.0015260428190231323,0.02072426676750183
0.07771337777376175,0.0062874481081962585,-0.0015260428190231323,0.02072426676750183
0.07771337777376175,0.0062874481081962585,-0.0015260428190231323,0.02072426676750183
0.07771337777376175,0.0062874481081962585,-0.0015260428190231323,0.02072426676750183
0.07771337777376175,0.0062874481081962585,-0.0015260428190231323,0.02072426676750183
0.07771337777376175,0.0062874481081962585,-0.0015260428190231323,0.02072426676750183
0.07771337777376175,0.0062874481081962585,-0.0015260428190231323,0.02072426676750183
0.07771337777376175,0.0062874481081962585,-0.0015260428190231323,0.02072426676750183
0.07771337777376175,0.0062874481081962585,-0.0015260428190231323,0.02072426676750183
0.07771337777376175,0.0062874481081962585,-0.0015260428190231323,0.02072426676750183
0.07771337777376175,0.0062874481081962585,-0.0015260428190231323,0.02072426676750183
0.07771337777376175,0.0062874481081962585,-0.0015260428190231323,0.02072426676750183
0.07771337777376175,0.0062874481081962585,-0.0015260428190231323,0.02072426676750183
0.07771337777376175,0.0062874481081962585,-0.0015260428190231323,0.02072426676750183
0.07771337777376175,0.0062874481081962585,-0.0015260428190231323,0.02072426676750183
0.07771337777376175,0.0062874481081962585,-0.0015260428190231323,0.02072426676750183
0.07771337777376175,0.0062874481081962585,-0.0015260428190231323,0.02072426676750183
0.07771337777376175,0.0062874481081962585,-0.0015260428190231323,0.02072426676750183
0.07771337777376175,0.0062874481081962585,-0.0015260428190231323,0.02072426676750183
0.07771337777376175,0.0062874481081962585,-0.0015260428190231323,0.02072426676750183
0.07771337777376175,0.0062874481081962585,-0.0015260428190231323,0.02072426676750183
0.07771337777376175,0.0062874481081962585,-0.0015260428190231323,0.02072426676750183
0.07771337777376175,0.0062874481081962585,-0.0015260428190231323,0.02072426676750183
0.07771337777376175,0.0062874481081962585,-0.0015260428190231323,0.02072426676750183
0.07771337777376175,0.0062874481081962585,-0.0015260428190231323,0.02072426676750183
0.07771337777376175,0.0062874481081962585,-0.0015260428190231323,0.02072426676750183
0.07771337777376175,0.0062874481081962585,-0.0015260428190231323,0.02072426676750183
0.07771337777376175,0.0062874481081962585,-0.0015260428190231323,0.02072426676750183
0.07771337777376175,0.0062874481081962585,-0.0015260428190231323,0.02072426676750183
0.07771337777376175,0.0062874481081962585,-0.0015260428190231323,0.02072426676750183
0.07771337777376175,0.0062874481081962585,-0.0015260428190231323,0.02072426676750183
0.07771337777376175,0.0062874481081962585,-0.0015260428190231323,0.02072426676750183
0.07771337777376175,0.0062874481081962585,-0.0015260428190231323,0.02072426676750183
0.07771337777376175,0.0062874481081962585,-0.0015260428190231323,0.02072426676750183
0.07771337777376175,0.0062874481081962585,-0.0015260428190231323,0.02072426676750183
0.07771337777376175,0.0062874481081962585,-0.0015260428190231323,0.02072426676750183
0.07771337777376175,0.0062874481081962585,-0.0015260428190231323,0.02072426676750183
0.07771337777376175,0.0062874481081962585,-0.0015260428190231323,0.02072426676750183
0.07771337777376175,0.0062874481081962585,-0.0015260428190231323,0.02072426676750183
0.07771337777376175,0.0062874481081962585,-0.0015260428190231323,0.02072426676750183
0.07771337777376175,0.0062874481081962585,-0.0015260428190231323,0.02072426676750183
0.07771337777376175,0.0062874481081962585,-0.0015260428190231323,0.02072426676750183
0.07771337777376175,0.0062874481081962585,-0.0015260428190231323,0.02072426676750183
0.07771337777376175,0.0062874481081962585,-0.0015260428190231323,0.02072426676750183
0.07771337777376175,0.0062874481081962585,-0.0015260428190231323,0.02072426676750183
0.07771337777376175,0.0062874481081962585,-0.0015260428190231323,0.02072426676750183
0.07771337777376175,0.0062874481081962585,-0.0015260428190231323,0.02072426676750183
0.07771337777376175,0.0062874481081962585,-0.0015260428190231323,0.02072426676750183
0.07771337777376175,0.0062874481081962585,-0.0015260428190231323,0.02072426676750183
0.07771337777376175,0.0062874481081962585,-0.0015260428190231323,0.02072426676750183
0.07771337777376175,0.0062874481081962585,-0.0015260428190231323,0.02072426676750183
0.07771337777376175,0.0062874481081962585,-0.0015260428190231323,0.02072426676750183
0.07771337777376175,0.0062874481081962585,-0.0015260428190231323,0.02072426676750183
0.07771337777376175,0.0062874481081962585,-0.0015260428190231323,0.02072426676750183
0.07771337777376175,0.0062874481081962585,-0.0015260428190231323,0.02072426676750183
0.07771337777376175,0.0062874481081962585,-0.0015260428190231323,0.02072426676750183
0.07771337777376175,0.0062874481081962585,-0.0015260428190231323,0.02072426676750183
0.07771337777376175,0.0062874481081962585,-0.0015260428190231323,0.02072426676750183
0.07771337777376175,0.0062874481081962585,-0.0015260428190231323,0.02072426676750183
0.07771337777376175,0.0062874481081962585,-0.0015260428190231323,0.02072426676750183
0.07771337777376175,0.0062874481081962585,-0.0015260428190231323,0.02072426676750183
0.07771337777376175,0.0062874481081962585,-0.0015260428190231323,0.02072426676750183
0.07771337777376175,0.0062874481081962585,-0.0015260428190231323,0.02072426676750183
0.07771337777376175,0.0062874481081962585,-0.0015260428190231323,0.02072426676750183
0.07771337777376175,0.0062874481081962585,-0.0015260428190231323,0.02072426676750183
0.07771337777376175,0.0062874481081962585,-0.0015260428190231323,0.02072426676750183
0.07771337777376175,0.0062874481081962585,-0.0015260428190231323,0.02072426676750183
0.07771337777376175,0.0062874481081962585,-0.0015260428190231323,0.02072426676750183
0.07771337777376175,0.0062874481081962585,-0.0015260428190231323,0.02072426676750183
0.07771337777376175,0.0062874481081962585,-0.0015260428190231323,0.02072426676750183
0.07771337777376175,0.0062874481081962585,-0.0015260428190231323,0.02072426676750183
0.07771337777376175,0.0062874481081962585,-0.0015260428190231323,0.02072426676750183
0.07771337777376175,0.0062874481081962585,-0.0015260428190231323,0.02072426676750183
0.07771337777376175,0.0062874481081962585,-0.0015260428190231323,0.02072426676750183
0.07771337777376175,0.0062874481081962585,-0.0015260428190231323,0.02072426676750183
0.07771337777376175,0.0062874481081962585,-0.0015260428190231323,0.02072426676750183
0.07771337777376175,0.0062874481081962585,-0.0015260428190231323,0.02072426676750183
0.07771337777376175,0.0062874481081962585,-0.0015260428190231323,0.02072426676750183
0.07771337777376175,0.0062874481081962585,-0.0015260428190231323,0.02072426676750183
0.07771337777376175,0.0062874481081962585,-0.0015260428190231323,0.02072426676750183
0.07771337777376175,0.0062874481081962585,-0.0015260428190231323,0.02072426676750183
0.07771337777376175,0.0062874481081962585,-0.0015260428190231323,0.02072426676750183
0.07771337777376175,0.0062874481081962585,-0.0015260428190231323,0.02072426676750183
0.07771337777376175,0.0062874481081962585,-0.0015260428190231323,0.02072426676750183
0.07771337777376175,0.0062874481081962585,-0.0015260428190231323,0.02072426676750183
0.07771337777376175,0.0062874481081962585,-0.0015260428190231323,0.02072426676750183
0.07771337777376175,0.0062874481081962585,-0.0015260428190231323,0.02072426676750183
0.07771337777376175,0.0062874481081962585,-0.0015260428190231323,0.02072426676750183
0.07771337777376175,0.0062874481081962585,-0.0015260428190231323,0.02072426676750183
0.07771337777376175,0.0062874481081962585,-0.0015260428190231323,0.02072426676750183
0.07771337777376175,0.0062874481081962585,-0.0015260428190231323,0.02072426676750183
0.07771337777376175,0.0062874481081962585,-0.0015260428190231323,0.02072426676750183
0.07771337777376175,0.0062874481081962585,-0.0015260428190231323,0.02072426676750183
0.07771337777376175,0.0062874481081962585,-0.0015260428190231323,0.02072426676750183
0.07771337777376175,0.0062874481081962585,-0.0015260428190231323,0.02072426676750183
0.07771337777376175,0.0062874481081962585,-0.0015260428190231323,0.02072426676750183
0.07771337777376175,0.0062874481081962585,-0.0015260428190231323,0.02072426676750183
0.07771337777376175,0.0062874481081962585,-0.0015260428190231323,0.02072426676750183
0.07771337777376175,0.0062874481081962585,-0.0015260428190231323,0.02072426676750183
0.07771337777376175,0.0062874481081962585,-0.0015260428190231323,0.02072426676750183
0.07771337777376175,0.0062874481081962585,-0.0015260428190231323,0.02072426676750183
0.07771337777376175,0.0062874481081962585,-0.0015260428190231323,0.02072426676750183
0.07771337777376175,0.0062874481081962585,-0.0015260428190231323,0.02072426676750183
0.07771337777376175,0.0062874481081962585,-0.0015260428190231323,0.02072426676750183
0.07771337777376175,0.0062874481081962585,-0.0015260428190231323,0.02072426676750183
0.07771337777376175,0.0062874481081962585,-0.0015260428190231323,0.02072426676750183
0.07771337777376175,0.0062874481081962585,-0.0015260428190231323,0.02072426676750183
0.07771337777376175,0.0062874481081962585,-0.0015260428190231323,0.02072426676750183
0.07771337777376175,0.0062874481081962585,-0.0015260428190231323,0.02072426676750183
0.07771337777376175,0.0062874481081962585,-0.0015260428190231323,0.02072426676750183
0.07771337777376175,0.0062874481081962585,-0.0015260428190231323,0.02072426676750183
0.07771337777376175,0.0062874481081962585,-0.0015260428190231323,0.02072426676750183
0.07771337777376175,0.0062874481081962585,-0.0015260428190231323,0.02072426676750183
0.07771337777376175,0.0062874481081962585,-0.0015260428190231323,0.02072426676750183
0.07771337777376175,0.0062874481081962585,-0.0015260428190231323,0.02072426676750183
0.07771337777376175,0.0062874481081962585,-0.0015260428190231323,0.02072426676750183
0.07771337777376175,0.0062874481081962585,-0.0015260428190231323,0.02072426676750183
0.07771337777376175,0.0062874481081962585,-0.0015260428190231323,0.02072426676750183
0.07771337777376175,0.0062874481081962585,-0.0015260428190231323,0.02072426676750183
0.07771337777376175,0.0062874481081962585,-0.0015260428190231323,0.02072426676750183
0.07771337777376175,0.0062874481081962585,-0.0015260428190231323,0.02072426676750183
0.07771337777376175,0.0062874481081962585,-0.0015260428190231323,0.02072426676750183
0.07771337777376175,0.0062874481081962585,-0.0015260428190231323,0.02072426676750183
0.07771337777376175,0.0062874481081962585,-0.0015260428190231323,0.02072426676750183
0.07771337777376175,0.0062874481081962585,-0.0015260428190231323,0.02072426676750183
