vx,vy,vz,omega_z
-0.0435357540845871,-0.09517920017242432,0.17926687002182007,0.7805423140525818
-0.10421600937843323,-0.14801369607448578,0.18188348412513733,0.9212060570716858
-0.11551985144615173,-0.15435418486595154,0.1823520064353943,0.9255759716033936
-0.11750428378582001,-0.15530288219451904,0.18239909410476685,0.9256987571716309
-0.11785075068473816,-0.15548092126846313,0.18240249156951904,0.9257022738456726
-0.11791117489337921,-0.15551745891571045,0.18240270018577576,0.9257024526596069
-0.11792171001434326,-0.15552517771720886,0.18240270018577576,0.9257024526596069
-0.1179235577583313,-0.155526801943779,0.18240270018577576,0.9257024526596069
-0.11792385578155518,-0.15552714467048645,0.18240270018577576,0.9257024526596069
-0.11792391538619995,-0.15552720427513123,0.18240270018577576,0.9257024526596069
-0.11792394518852234,-0.15552721917629242,0.18240270018577576,0.9257024526596069
-0.11792394518852234,-0.15552721917629242,0.18240270018577576,0.9257024526596069
-0.11820584535598755,-0.15674680471420288,0.17397573590278625,0.9240018129348755
-0.11836355924606323,-0.15672391653060913,0.1733739674091339,0.9238600134849548
-0.13939504325389862,-0.16548395156860352,0.18182462453842163,0.9066598415374756
-0.14685432612895966,-0.16838258504867554,0.18245452642440796,0.9045493602752686
-0.1528775691986084,-0.16437719762325287,0.18525412678718567,0.8922439217567444
-0.15467551350593567,-0.16314849257469177,0.18562915921211243,0.8894966244697571
-0.15498094260692596,-0.16296733915805817,0.18563556671142578,0.8893717527389526
-0.1503821611404419,-0.15959514677524567,0.18282750248908997,0.8790547847747803
-0.1377604603767395,-0.15778136253356934,0.17547574639320374,0.8715870380401611
-0.13330624997615814,-0.1572396457195282,0.17516648769378662,0.8699522614479065
-0.1260940432548523,-0.15672987699508667,0.16290876269340515,0.8649377226829529
-0.12433134019374847,-0.15669195353984833,0.1622735857963562,0.8632169365882874
-0.1292281299829483,-0.151699498295784,0.168878436088562,0.8404528498649597
-0.13127802312374115,-0.15029633045196533,0.1697005033493042,0.8353997468948364
-0.13829399645328522,-0.14224372804164886,0.17861759662628174,0.8374052047729492
-0.1411518156528473,-0.13931407034397125,0.17887216806411743,0.8373767137527466
-0.141679048538208,-0.1387231945991516,0.1788524091243744,0.8373647332191467
-0.14520208537578583,-0.132225900888443,0.1742933988571167,0.8315976858139038
-0.14713655412197113,-0.1284930408000946,0.17331084609031677,0.8296600580215454
-0.1475088894367218,-0.12161927670240402,0.16317352652549744,0.8236817717552185
-0.14747405052185059,-0.11747682839632034,0.16238704323768616,0.8210575580596924
-0.14718136191368103,-0.11563853919506073,0.15762841701507568,0.8133659362792969
-0.1591867059469223,-0.12111048400402069,0.14462405443191528,0.7697319388389587
-0.16219545900821686,-0.11966238915920258,0.14419317245483398,0.760779857635498
-0.16778771579265594,-0.11947005987167358,0.1333734095096588,0.7551425695419312
-0.1708575040102005,-0.11893108487129211,0.1326228678226471,0.7542760968208313
-0.16569064557552338,-0.11681827902793884,0.11778338998556137,0.741446316242218
-0.16379414498806,-0.11634714156389236,0.11535558849573135,0.7373495697975159
-0.16428761184215546,-0.10815088450908661,0.12779903411865234,0.7320500612258911
-0.1636606901884079,-0.10464084148406982,0.128584086894989,0.7304378151893616
-0.16031795740127563,-0.09798833727836609,0.11538632959127426,0.7076932191848755
-0.1566191017627716,-0.09336210042238235,0.11340699344873428,0.701143741607666
-0.15439952909946442,-0.07980141043663025,0.11778602749109268,0.6977880001068115
-0.153312087059021,-0.07519921660423279,0.11790866404771805,0.6961370706558228
-0.14897219836711884,-0.06534289568662643,0.11881948262453079,0.6762552261352539
-0.14567571878433228,-0.06178474798798561,0.1199309304356575,0.6707213521003723
-0.14678971469402313,-0.053964756429195404,0.12803813815116882,0.6562750339508057
-0.14540539681911469,-0.05123060196638107,0.1285945177078247,0.6521868705749512
-0.1433146893978119,-0.05582992732524872,0.11577724665403366,0.6374356150627136
-0.14004623889923096,-0.05367394536733627,0.1144731268286705,0.633523166179657
-0.1394006758928299,-0.05265374854207039,0.11438196152448654,0.6332927942276001
-0.1485411524772644,-0.050434667617082596,0.11526823788881302,0.6236429214477539
-0.1504964381456375,-0.05225536599755287,0.11874905973672867,0.5976801514625549
-0.15034112334251404,-0.048049602657556534,0.1192726418375969,0.5918738842010498
-0.1478506177663803,-0.048073507845401764,0.11959879845380783,0.5865576863288879
-0.146001398563385,-0.046538274735212326,0.11965904384851456,0.5850982666015625
-0.1372145116329193,-0.04511125013232231,0.11142674833536148,0.5793479681015015
-0.13225294649600983,-0.04318736866116524,0.1105651780962944,0.5773135423660278
-0.13140884041786194,-0.04051565006375313,0.11173666268587112,0.5587960481643677
-0.12917320430278778,-0.037654414772987366,0.11119600385427475,0.553920328617096
-0.12629181146621704,-0.03368929401040077,0.10909735411405563,0.5495220422744751
-0.12489984929561615,-0.03182000666856766,0.10798192769289017,0.5482867956161499
-0.1288534253835678,-0.03258741274476051,0.09923794120550156,0.5229346752166748
-0.12664927542209625,-0.030664939433336258,0.0963677391409874,0.5151482224464417
-0.12407797574996948,-0.028995491564273834,0.08897807449102402,0.5092433094978333
-0.12155388295650482,-0.027727335691452026,0.08682476729154587,0.5072309970855713
-0.11812415719032288,-0.02819860726594925,0.08844342082738876,0.4906979203224182
-0.11473503708839417,-0.02835037186741829,0.08763854950666428,0.48523905873298645
-0.11062073707580566,-0.026258643716573715,0.09104470163583755,0.4798053801059723
-0.10892541706562042,-0.026273053139448166,0.09232717007398605,0.47801142930984497
-0.10129153728485107,-0.025537144392728806,0.09469906240701675,0.4780772030353546
-0.09876076877117157,-0.026324454694986343,0.09482073038816452,0.477789968252182
-0.09407980740070343,-0.02842187136411667,0.0936388149857521,0.47180628776550293
-0.09222741425037384,-0.02842605859041214,0.09173748642206192,0.4699234068393707
-0.08486482501029968,-0.027428854256868362,0.08950228244066238,0.4674294888973236
-0.0827370136976242,-0.02768263965845108,0.08730610460042953,0.46685990691185
-0.07723920047283173,-0.024393614381551743,0.0801500752568245,0.46775373816490173
-0.07524339854717255,-0.023519694805145264,0.0783124640583992,0.46756207942962646
-0.0651521384716034,-0.019444197416305542,0.07741951942443848,0.46241527795791626
-0.0598868727684021,-0.02041814476251602,0.07186507433652878,0.4516626298427582
-0.05757845938205719,-0.020475134253501892,0.07003175467252731,0.4483136832714081
-0.05541162192821503,-0.019891388714313507,0.06690201908349991,0.4471029043197632
-0.054621756076812744,-0.01986938714981079,0.06519947201013565,0.4467568099498749
-0.054653823375701904,-0.020876683294773102,0.05927542597055435,0.4478049874305725
-0.05434809625148773,-0.02121199667453766,0.057196617126464844,0.4481898546218872
-0.053862541913986206,-0.02223384380340576,0.0562078133225441,0.44342198967933655
-0.05322293937206268,-0.021924741566181183,0.055471278727054596,0.44177013635635376
-0.05008895695209503,-0.020158253610134125,0.05621612071990967,0.43399953842163086
-0.04876977205276489,-0.01917574554681778,0.056013792753219604,0.43116822838783264
-0.04665617644786835,-0.01696263998746872,0.05743517726659775,0.42270103096961975
-0.04562823474407196,-0.016392715275287628,0.058283038437366486,0.4194527864456177
-0.04416264593601227,-0.016129523515701294,0.055759891867637634,0.41796502470970154
-0.04393957555294037,-0.016735456883907318,0.05496525019407272,0.417550265789032
-0.038782209157943726,-0.014544598758220673,0.05603181570768356,0.4095328748226166
-0.03685861825942993,-0.014193899929523468,0.05595254898071289,0.40613290667533875
-0.03315633535385132,-0.014105714857578278,0.057578131556510925,0.39709991216659546
-0.03161376714706421,-0.013735450804233551,0.05763328820466995,0.3933844566345215
-0.02685984969139099,-0.017294317483901978,0.053134724497795105,0.37874823808670044
-0.024007946252822876,-0.017963550984859467,0.05057269334793091,0.3719496428966522
-0.017752982676029205,-0.015521503984928131,0.05533677339553833,0.3714141845703125
-0.01678451895713806,-0.01609962433576584,0.0579913854598999,0.3716946244239807
-0.014819912612438202,-0.017218664288520813,0.05924417823553085,0.37407705187797546
-0.012132249772548676,-0.020629294216632843,0.05674142390489578,0.36996251344680786
-0.010636851191520691,-0.02155635505914688,0.055919721722602844,0.367134153842926
-0.009177759289741516,-0.022626634687185287,0.0523109957575798,0.36216166615486145
-0.008410103619098663,-0.022662658244371414,0.0512186661362648,0.35988104343414307
-0.004762366414070129,-0.02011983096599579,0.05228162556886673,0.3510446548461914
-0.0033735930919647217,-0.019158221781253815,0.052555643022060394,0.347173810005188
-0.002311132848262787,-0.019951514899730682,0.045457541942596436,0.3376246690750122
-0.0007800385355949402,-0.019939430058002472,0.04382415860891342,0.33253592252731323
0.0018207356333732605,-0.01988823711872101,0.0413789376616478,0.3284815549850464
0.004589468240737915,-0.020559318363666534,0.03864765167236328,0.31981873512268066
0.006243675947189331,-0.02057155966758728,0.0372098907828331,0.3154623508453369
0.0066093504428863525,-0.020457394421100616,0.036965228617191315,0.3147844076156616
0.008449941873550415,-0.01903611421585083,0.03759055584669113,0.31112754344940186
0.009332098066806793,-0.018436096608638763,0.037348806858062744,0.30900782346725464
0.010467268526554108,-0.017589688301086426,0.0403648242354393,0.3052924573421478
0.01133754849433899,-0.01759912073612213,0.04035007208585739,0.30294471979141235
0.012072160840034485,-0.01774214208126068,0.04441319406032562,0.29580438137054443
0.013026155531406403,-0.017669744789600372,0.04379338026046753,0.2916361093521118
0.014672771096229553,-0.016690783202648163,0.0477609783411026,0.2823258638381958
0.0160081684589386,-0.016122110188007355,0.047032974660396576,0.2767084240913391
0.015949830412864685,-0.015698984265327454,0.046197764575481415,0.27372556924819946
0.016289398074150085,-0.015303537249565125,0.04519689083099365,0.2719617187976837
0.016993790864944458,-0.015185661613941193,0.0427793487906456,0.2659991979598999
0.01776677370071411,-0.015356190502643585,0.041545569896698,0.262287974357605
0.01732342690229416,-0.015350870788097382,0.0417032390832901,0.252979040145874
0.01788277179002762,-0.015491649508476257,0.040488168597221375,0.24792596697807312
0.018500663340091705,-0.014468446373939514,0.0410793200135231,0.24099785089492798
0.018992401659488678,-0.014719508588314056,0.04084319621324539,0.23785299062728882
0.02029670774936676,-0.01298646628856659,0.04259498417377472,0.23228910565376282
0.0210077166557312,-0.013043232262134552,0.04308971017599106,0.22943724691867828
0.023038312792778015,-0.01139485090970993,0.04129590839147568,0.22545388340950012
0.023896582424640656,-0.011611826717853546,0.041379041969776154,0.2232035994529724
0.025028981268405914,-0.01167125254869461,0.03874848783016205,0.2209683656692505
0.02558039128780365,-0.011848509311676025,0.03777812421321869,0.21943600475788116
0.027918454259634018,-0.01102551817893982,0.0377887487411499,0.2169046550989151
0.028660383075475693,-0.011254288256168365,0.03765394538640976,0.21558406949043274
0.03037404641509056,-0.00914495438337326,0.03774040937423706,0.211439847946167
0.031072381883859634,-0.008808597922325134,0.037817999720573425,0.2093137949705124
0.03290240839123726,-0.0073759183287620544,0.03920202702283859,0.20549383759498596
0.03353063762187958,-0.007554545998573303,0.03973343223333359,0.20383720099925995
0.03412025049328804,-0.006630204617977142,0.03980015963315964,0.20103789865970612
0.03477894887328148,-0.006209447979927063,0.04304962605237961,0.19722916185855865
0.03497526794672012,-0.006433762609958649,0.04375454783439636,0.19621777534484863
0.03501157835125923,-0.006475090980529785,0.04381655901670456,0.1960979551076889
0.035501036792993546,-0.007212527096271515,0.043206460773944855,0.19297854602336884
0.03540930524468422,-0.008302249014377594,0.04126255214214325,0.1884475201368332
0.035500504076480865,-0.00864749401807785,0.04051846265792847,0.18698644638061523
0.03601733595132828,-0.00871751457452774,0.04000576585531235,0.18343371152877808
0.03625364974141121,-0.008986465632915497,0.039527058601379395,0.18207234144210815
0.036972012370824814,-0.009913012385368347,0.03823012858629227,0.17770618200302124
0.03735708072781563,-0.010394245386123657,0.03750280290842056,0.17584142088890076
0.03787204623222351,-0.010514944791793823,0.03845670819282532,0.17352841794490814
0.037991560995578766,-0.011138103902339935,0.038459815084934235,0.17312733829021454
0.03823929280042648,-0.011531732976436615,0.03652329742908478,0.17168481647968292
0.038408055901527405,-0.011820867657661438,0.03544427454471588,0.1710442751646042
0.038877323269844055,-0.010789677500724792,0.033507153391838074,0.17029504477977753
0.03906871750950813,-0.010367795825004578,0.03300910443067551,0.16977934539318085
0.039658475667238235,-0.00954551249742508,0.03217758238315582,0.16725580394268036
0.03995343670248985,-0.009479627013206482,0.031735412776470184,0.16612786054611206
0.04032698646187782,-0.00893101841211319,0.031198307871818542,0.16370177268981934
0.04065544158220291,-0.008896566927433014,0.030870892107486725,0.16243699193000793
0.041852179914712906,-0.00790482759475708,0.031494393944740295,0.15810759365558624
0.042348213493824005,-0.00819987803697586,0.03157223016023636,0.15641428530216217
0.042944252490997314,-0.007892049849033356,0.030621320009231567,0.15149478614330292
0.044494207948446274,-0.008033737540245056,0.029478609561920166,0.14622777700424194
0.04493548721075058,-0.008821621537208557,0.029455743730068207,0.14473794400691986
0.04501013085246086,-0.009208247065544128,0.02947372943162918,0.14455759525299072
0.0458485446870327,-0.0092029869556427,0.02825942635536194,0.14158660173416138
0.04727359861135483,-0.01037057489156723,0.02710805833339691,0.13875064253807068
0.04763345047831535,-0.011255227029323578,0.0268472358584404,0.13798214495182037
0.047694459557533264,-0.011575669050216675,0.02683945745229721,0.13786892592906952
0.0482700876891613,-0.010959416627883911,0.027197934687137604,0.1365366280078888
0.04988279566168785,-0.010196730494499207,0.026952818036079407,0.13422125577926636
0.05030223727226257,-0.010645896196365356,0.027185969054698944,0.1333979070186615
0.05140496790409088,-0.009250618517398834,0.02801518142223358,0.131611168384552
0.05168507993221283,-0.009300492703914642,0.028507918119430542,0.13103626668453217
0.052423473447561264,-0.009897828102111816,0.028230831027030945,0.12822869420051575
0.05276335030794144,-0.010485127568244934,0.028082042932510376,0.1271301954984665
0.05348079651594162,-0.010347940027713776,0.027841761708259583,0.12538650631904602
0.05366038531064987,-0.010540902614593506,0.02786301076412201,0.12483935058116913
0.05416504666209221,-0.010929107666015625,0.02635756880044937,0.12348146736621857
0.05437676981091499,-0.011215202510356903,0.025808915495872498,0.12281370162963867
0.05450950562953949,-0.011021971702575684,0.024221621453762054,0.12216317653656006
0.05461972579360008,-0.011019498109817505,0.023674793541431427,0.12174913287162781
0.05500120297074318,-0.011095888912677765,0.02372722327709198,0.12081684172153473
0.05511496588587761,-0.011205397546291351,0.023689091205596924,0.12048608809709549
0.055325042456388474,-0.010661154985427856,0.02407991886138916,0.11889150738716125
0.05534469708800316,-0.010657884180545807,0.02432062476873398,0.1184675544500351
0.05517572537064552,-0.01042243093252182,0.0233224555850029,0.11585159599781036
0.05530162155628204,-0.010398045182228088,0.02305307611823082,0.11470764875411987
0.05490799620747566,-0.010356999933719635,0.02232390269637108,0.11336995661258698
0.05492576211690903,-0.010333016514778137,0.022030316293239594,0.11276537925004959
0.05521894246339798,-0.010415859520435333,0.021311111748218536,0.11057677119970322
0.05537104979157448,-0.010597996413707733,0.021059550344944,0.10974196344614029
0.055444251745939255,-0.01087399572134018,0.021289341151714325,0.1085532158613205
0.05562648922204971,-0.011174269020557404,0.02052823081612587,0.1069580614566803
0.05573092773556709,-0.011364199221134186,0.020288366824388504,0.10631419718265533
0.05657725781202316,-0.011904500424861908,0.01850361004471779,0.10366103053092957
0.05685873702168465,-0.012152351438999176,0.017934218049049377,0.10250060260295868
0.05732901766896248,-0.012399300932884216,0.016618262976408005,0.10259680449962616
0.05738244205713272,-0.012400925159454346,0.016283471137285233,0.10245988517999649
0.0575384721159935,-0.01276562362909317,0.01598004624247551,0.10188521444797516
0.05758357048034668,-0.012937366962432861,0.015968389809131622,0.10168439149856567
0.058319561183452606,-0.012689188122749329,0.01596921682357788,0.10101573914289474
0.05850905179977417,-0.012897327542304993,0.0161421075463295,0.10069994628429413
0.05935949087142944,-0.013189628720283508,0.014593478292226791,0.09879996627569199
0.05987722426652908,-0.013115093111991882,0.014019288122653961,0.09639427810907364
0.05995294451713562,-0.013187065720558167,0.013860967010259628,0.09582103788852692
0.060448870062828064,-0.012101367115974426,0.013379611074924469,0.09517421573400497
0.06051751226186752,-0.011742234230041504,0.013208791613578796,0.09486519545316696
0.06074070930480957,-0.0116543248295784,0.012731138616800308,0.09328634291887283
0.06083449348807335,-0.01176401972770691,0.012556247413158417,0.09268636256456375
0.060855135321617126,-0.012007437646389008,0.012267939746379852,0.09165577590465546
0.060852501541376114,-0.012102432548999786,0.01206788420677185,0.09135611355304718
0.06090294197201729,-0.011914245784282684,0.01273227110505104,0.08945312350988388
0.061033591628074646,-0.011560730636119843,0.013262461870908737,0.08772213757038116
0.06105053797364235,-0.011554829776287079,0.013469815254211426,0.08739393204450607
0.06093645468354225,-0.011477038264274597,0.014127489179372787,0.08615554869174957
0.060790833085775375,-0.011373460292816162,0.014344863593578339,0.08581195771694183
0.06075639650225639,-0.01140642911195755,0.014373600482940674,0.08576609939336777
0.06134260818362236,-0.010873883962631226,0.014259818941354752,0.08335249125957489
0.061615951359272,-0.009644590318202972,0.01489698514342308,0.08196303248405457
0.06163521111011505,-0.009430952370166779,0.015158802270889282,0.08171575516462326
0.061730869114398956,-0.008594803512096405,0.015532009303569794,0.07899150997400284
0.06176900491118431,-0.00827845185995102,0.01558757945895195,0.07804102450609207
0.06220245361328125,-0.0077766478061676025,0.015080876648426056,0.07606300711631775
0.06234841048717499,-0.00769072026014328,0.014888368546962738,0.07515894621610641
0.06201430782675743,-0.007734805345535278,0.015062637627124786,0.07374442368745804
0.06192395091056824,-0.007468089461326599,0.01510263979434967,0.07326303422451019
0.06204768270254135,-0.007399342954158783,0.014945928007364273,0.07210163027048111
0.0620795339345932,-0.007272928953170776,0.014916609972715378,0.071675606071949
0.06221812218427658,-0.007200069725513458,0.013983752578496933,0.07073123753070831
0.0622805580496788,-0.007029004395008087,0.013684939593076706,0.07025961577892303
0.06279365718364716,-0.0068856775760650635,0.013203173875808716,0.06915728002786636
0.06288276612758636,-0.00670517235994339,0.013122506439685822,0.06863445788621902
0.06328404694795609,-0.0062912702560424805,0.013626240193843842,0.06629959493875504
0.06343631446361542,-0.006238557398319244,0.013753149658441544,0.06556947529315948
0.06346476823091507,-0.006370373070240021,0.014748718589544296,0.06484044343233109
0.06341911852359772,-0.006345637142658234,0.015142470598220825,0.06476035714149475
0.06348787248134613,-0.006428830325603485,0.015349224209785461,0.06490899622440338
0.06348128616809845,-0.006431370973587036,0.015436306595802307,0.06502219289541245
0.06363694369792938,-0.006948627531528473,0.015360169112682343,0.06324616074562073
0.06372161209583282,-0.0070484355092048645,0.015344012528657913,0.06271053850650787
0.06389658153057098,-0.006744116544723511,0.014693684875965118,0.061852701008319855
0.06407003849744797,-0.006273604929447174,0.013703495264053345,0.06079449504613876
0.0641702339053154,-0.006066903471946716,0.013468727469444275,0.060339540243148804
0.06425101310014725,-0.006086781620979309,0.01338738203048706,0.05990103632211685
0.06432953476905823,-0.006211869418621063,0.01336744800209999,0.05973941832780838
0.06448409706354141,-0.0064264461398124695,0.011863984167575836,0.058787621557712555
0.06458404660224915,-0.006334036588668823,0.011348750442266464,0.05818592756986618
0.06510382890701294,-0.0064081475138664246,0.010091159492731094,0.0573451966047287
0.06529684364795685,-0.006329074501991272,0.009694140404462814,0.056828685104846954
0.06537526845932007,-0.005876608192920685,0.009452201426029205,0.056550994515419006
0.06537894904613495,-0.005691170692443848,0.009393192827701569,0.056415729224681854
0.06552901864051819,-0.005167864263057709,0.009630732238292694,0.05558621883392334
0.06587739288806915,-0.005071282386779785,0.010276857763528824,0.05434400588274002
0.06597593426704407,-0.0051598623394966125,0.010485675185918808,0.054044678807258606
0.06632295250892639,-0.005098678171634674,0.010852593928575516,0.05276884138584137
0.06649135053157806,-0.005166642367839813,0.010937202721834183,0.052344195544719696
0.0667974054813385,-0.0051689669489860535,0.010204680263996124,0.0509062260389328
0.06694386154413223,-0.005148671567440033,0.00993993878364563,0.050299644470214844
0.06707487255334854,-0.0049475207924842834,0.00978323444724083,0.048895858228206635
0.06738783419132233,-0.004578053951263428,0.0099080391228199,0.04709877073764801
0.0674842819571495,-0.004478342831134796,0.009961944073438644,0.04663008451461792
0.06788302958011627,-0.004108205437660217,0.01000012457370758,0.04645603150129318
0.06796597689390182,-0.00396052747964859,0.010022040456533432,0.04632749408483505
0.06879669427871704,-0.0035467371344566345,0.010030832141637802,0.045821599662303925
0.06897220760583878,-0.003325052559375763,0.010006122291088104,0.04546330124139786
0.06919136643409729,-0.0034715384244918823,0.009809944778680801,0.045446380972862244
0.06925377994775772,-0.0034641101956367493,0.009732108563184738,0.045355819165706635
0.06923022121191025,-0.003833077847957611,0.009478721767663956,0.045229487121105194
0.06921283900737762,-0.0038582831621170044,0.009403806179761887,0.0451459139585495
0.06926602870225906,-0.0036519989371299744,0.009725209325551987,0.04436587542295456
0.0692640170454979,-0.0035497918725013733,0.009793229401111603,0.04413583129644394
0.06935665011405945,-0.003353029489517212,0.009281627833843231,0.04345504194498062
0.06938761472702026,-0.003146439790725708,0.009096618741750717,0.04313787817955017
0.06956598162651062,-0.002979658544063568,0.008749660104513168,0.04275234788656235
0.06962580233812332,-0.002855554223060608,0.008640453219413757,0.04251490533351898
0.06959661096334457,-0.002830289304256439,0.008717380464076996,0.042735643684864044
0.06979098170995712,-0.00259244441986084,0.008323494344949722,0.043278105556964874
0.06983254104852676,-0.0024741217494010925,0.008194562047719955,0.043271176517009735
0.07024051249027252,-0.0024559572339057922,0.007522597908973694,0.043772049248218536
0.0703359916806221,-0.002405986189842224,0.007341299206018448,0.043782979249954224
0.07069506496191025,-0.0027483925223350525,0.0065843574702739716,0.0436767116189003
0.07081334292888641,-0.0028722435235977173,0.006326548755168915,0.04348978400230408
0.07096311450004578,-0.002405978739261627,0.00663183256983757,0.043938048183918
0.0709388256072998,-0.0022663548588752747,0.0067123956978321075,0.04403061419725418
0.07092858105897903,-0.0022920221090316772,0.006718184798955917,0.044031426310539246
0.07117396593093872,-0.0018280074000358582,0.006483215838670731,0.043203555047512054
0.07146713882684708,-0.0019019842147827148,0.006252601742744446,0.04234547168016434
0.07153859734535217,-0.0020252615213394165,0.0061489008367061615,0.04214288294315338
0.07142823934555054,-0.002254188060760498,0.005833417177200317,0.04210100322961807
0.07146486639976501,-0.002471432089805603,0.005646895617246628,0.04213748872280121
0.07136499136686325,-0.002630569040775299,0.005673304200172424,0.042459309101104736
0.07135433703660965,-0.002792753279209137,0.005638334900140762,0.0426199734210968
0.07117602229118347,-0.003533601760864258,0.005260191857814789,0.04242454469203949
0.07114114612340927,-0.0036443322896957397,0.005114223808050156,0.04232124239206314
0.07117604464292526,-0.0038120150566101074,0.0049634166061878204,0.04193556308746338
0.07118823379278183,-0.003759630024433136,0.004911988973617554,0.041807860136032104
0.07152612507343292,-0.003932960331439972,0.004582483321428299,0.04162365198135376
0.07161326706409454,-0.003925353288650513,0.00451197475194931,0.04144200682640076
0.07151157408952713,-0.003775186836719513,0.004695970565080643,0.04061325639486313
0.07150991261005402,-0.0036931782960891724,0.005136206746101379,0.03973427414894104
0.07146654278039932,-0.0034517794847488403,0.005442067980766296,0.038321077823638916
0.07147543877363205,-0.0033497586846351624,0.005468092858791351,0.03791598975658417
0.07147791236639023,-0.003344886004924774,0.005469061434268951,0.03787444531917572
0.07162521779537201,-0.0033254027366638184,0.005701426416635513,0.03698056936264038
0.07167604565620422,-0.003275178372859955,0.005781043320894241,0.036699943244457245
0.07150223106145859,-0.003195837140083313,0.00586126372218132,0.036378249526023865
0.07141049206256866,-0.0029080286622047424,0.0059051513671875,0.036202095448970795
0.0716540738940239,-0.002559773623943329,0.005381360650062561,0.035652048885822296
0.07174155861139297,-0.0022665634751319885,0.005231019109487534,0.03528711944818497
0.07185856997966766,-0.0019762665033340454,0.005019284784793854,0.035193681716918945
0.07189778238534927,-0.0017208755016326904,0.0050183869898319244,0.034958235919475555
0.07190771400928497,-0.001747414469718933,0.004965983331203461,0.034931622445583344
0.07191936671733856,-0.0018062815070152283,0.004576422274112701,0.03576463460922241
0.07193591445684433,-0.001799948513507843,0.004441831260919571,0.03601590543985367
0.07217919081449509,-0.001881726086139679,0.004496786743402481,0.03583696484565735
0.07224120944738388,-0.0018434226512908936,0.004532292485237122,0.03579973429441452
0.07218989729881287,-0.0018919110298156738,0.004507783800363541,0.03410579264163971
0.07219298928976059,-0.002102971076965332,0.004423703998327255,0.03305475413799286
0.07219935208559036,-0.0021971315145492554,0.004403252154588699,0.0327955037355423
0.07220157980918884,-0.002223968505859375,0.004401151090860367,0.032763004302978516
0.0723119005560875,-0.002416647970676422,0.004147615283727646,0.03284960985183716
0.07243821769952774,-0.002239733934402466,0.004127010703086853,0.03280197083950043
0.07241345942020416,-0.0021836012601852417,0.004136465489864349,0.03272902965545654
0.07241219282150269,-0.0019962862133979797,0.004108946770429611,0.03275115787982941
0.07238025218248367,-0.0018971413373947144,0.004099588841199875,0.03274253010749817
0.07251204550266266,-0.0019386187195777893,0.0037974976003170013,0.033255621790885925
0.07251577079296112,-0.0018489137291908264,0.0036940798163414,0.033341243863105774
0.07262405008077621,-0.0017727464437484741,0.0036958158016204834,0.03353869915008545
0.07274763286113739,-0.0017779693007469177,0.00337836891412735,0.03353208303451538
0.07278652489185333,-0.0016869604587554932,0.00325876846909523,0.03337913751602173
0.07287930697202682,-0.0017565637826919556,0.003226153552532196,0.033467039465904236
0.07292255014181137,-0.0018052533268928528,0.003199804574251175,0.03347806632518768
0.07301414757966995,-0.002114519476890564,0.0025168173015117645,0.03342990577220917
0.07310589402914047,-0.002207435667514801,0.0022711679339408875,0.03328874707221985
0.07310844957828522,-0.002499222755432129,0.0018687322735786438,0.0333356112241745
0.07318107783794403,-0.0026738569140434265,0.0017231591045856476,0.033381953835487366
0.07340036332607269,-0.0024291351437568665,0.0009948685765266418,0.0325578898191452
0.07352308183908463,-0.0022737011313438416,0.0007285401225090027,0.032160982489585876
0.07364925742149353,-0.0019972994923591614,0.000795900821685791,0.031830981373786926
0.07368124276399612,-0.0018725395202636719,0.0008153021335601807,0.03172917664051056
0.07360352575778961,-0.001621343195438385,0.0011048056185245514,0.03159007430076599
0.07343471795320511,-0.0012901797890663147,0.001340232789516449,0.03095334768295288
0.07341757416725159,-0.0011980682611465454,0.0013701431453227997,0.030746638774871826
0.07335507869720459,-0.0010857731103897095,0.0013485252857208252,0.03059208393096924
0.0733613446354866,-0.0010437071323394775,0.0013235248625278473,0.03055483102798462
0.07353471219539642,-0.0014907196164131165,0.0014932192862033844,0.03129231929779053
0.07353788614273071,-0.001637876033782959,0.001618221402168274,0.03159321844577789
0.07359260320663452,-0.0016696825623512268,0.0017264001071453094,0.03168459236621857
0.07357615232467651,-0.0016575232148170471,0.0017747282981872559,0.03171691298484802
0.07357103377580643,-0.0016536116600036621,0.001779891550540924,0.03171685338020325
0.07378798723220825,-0.001156441867351532,0.0015247911214828491,0.030703425407409668
0.07384940981864929,-0.0008550658822059631,0.0014432519674301147,0.030180171132087708
0.0741218775510788,-0.000785045325756073,0.0009508728981018066,0.02921515703201294
0.07414190471172333,-0.0005359575152397156,0.0006234757602214813,0.02869972586631775
0.07413819432258606,-0.00045505911111831665,0.0005509071052074432,0.028580129146575928
0.07410436123609543,-0.00026389211416244507,0.0006703436374664307,0.02822236716747284
0.07406526058912277,-8.94591212272644e-05,0.0007048808038234711,0.0280628502368927
0.07409027963876724,0.0004745200276374817,0.0008699744939804077,0.027211323380470276
0.07407476007938385,0.0007824227213859558,0.0008662156760692596,0.026945501565933228
0.07424025982618332,0.0008780509233474731,0.0010341182351112366,0.02698133885860443
0.07424430549144745,0.0009751170873641968,0.0010914131999015808,0.026989638805389404
0.07454201579093933,0.0009445250034332275,0.001206856220960617,0.027447283267974854
0.07456198334693909,0.001018330454826355,0.001275472342967987,0.027542293071746826
0.074574775993824,0.0010405555367469788,0.0009427368640899658,0.02792254090309143
0.07453712821006775,0.001167401671409607,0.000819522887468338,0.027911007404327393
0.07458161562681198,0.0012333691120147705,0.0005177445709705353,0.028093695640563965
0.07462477684020996,0.0012559890747070312,0.00017670542001724243,0.02825276553630829
0.0746583640575409,0.0012141019105911255,8.403882384300232e-05,0.028288334608078003
0.0746985375881195,0.0012981370091438293,-0.00021498650312423706,0.028390318155288696
0.07474565505981445,0.001202501356601715,-0.0002703145146369934,0.028418973088264465
0.07477372884750366,0.0011688843369483948,-0.00026094168424606323,0.028450682759284973
0.07487281411886215,0.001279987394809723,-0.00035047903656959534,0.02848115563392639
0.07491540163755417,0.0013393238186836243,-0.0003690272569656372,0.028496459126472473
0.07491351664066315,0.0012821704149246216,-0.0006394758820533752,0.0287027508020401
0.07490766793489456,0.0012891516089439392,-0.0007570087909698486,0.028710082173347473
0.07469548285007477,0.0014017820358276367,-0.001062050461769104,0.028276711702346802
0.07460886985063553,0.0015999749302864075,-0.0011804364621639252,0.027991056442260742
0.07446402311325073,0.0015787705779075623,-0.001184161752462387,0.02784782648086548
0.07442136853933334,0.001558840274810791,-0.0011682286858558655,0.02779659628868103
0.07438722997903824,0.0015643984079360962,-0.00128946453332901,0.02776370942592621
0.07438626885414124,0.001546904444694519,-0.0013023130595684052,0.027732715010643005
0.0745057687163353,0.0015473812818527222,-0.001314997673034668,0.02786104381084442
0.07480598986148834,0.0014915019273757935,-0.0012128986418247223,0.028173819184303284
0.0748208686709404,0.0015268996357917786,-0.001148901879787445,0.02818271517753601
0.07481744140386581,0.0014993250370025635,-0.0011426210403442383,0.028176844120025635
0.07489556074142456,0.001391090452671051,-0.001199726015329361,0.02854493260383606
0.07488106191158295,0.0013673007488250732,-0.0012165121734142303,0.028616175055503845
0.07479272037744522,0.0013561546802520752,-0.0012997016310691833,0.02886296808719635
0.07477609068155289,0.0013275817036628723,-0.0013330653309822083,0.028945982456207275
0.07506141066551208,0.0015260353684425354,-0.0011434778571128845,0.02839203178882599
0.07512606680393219,0.00170193612575531,-0.0010326690971851349,0.02821168303489685
0.07515490055084229,0.0018369108438491821,-0.0005561932921409607,0.02753487229347229
0.07519256323575974,0.001741163432598114,-0.0004401169717311859,0.027456462383270264
0.07525083422660828,0.0019351020455360413,-6.81951642036438e-05,0.02698245644569397
0.07526415586471558,0.0019981712102890015,7.197633385658264e-05,0.026890963315963745
0.07537872344255447,0.001901000738143921,-0.000211372971534729,0.02607463300228119
0.07546684145927429,0.0020504146814346313,-0.0007872544229030609,0.025786250829696655
0.0755196139216423,0.0020992979407310486,-0.0009382963180541992,0.025623217225074768
0.0755317211151123,0.0021021589636802673,-0.0009546875953674316,0.02559669315814972
0.07547762989997864,0.0021332725882530212,-0.0015141889452934265,0.025483950972557068
0.0753878653049469,0.0027744099497795105,-0.0012455098330974579,0.024059444665908813
0.07540321350097656,0.0029701441526412964,-0.001127932220697403,0.0237123966217041
0.0756436288356781,0.0034724920988082886,-0.0012352801859378815,0.0234316885471344
0.07572700828313828,0.0037500858306884766,-0.0012205690145492554,0.023320302367210388
0.07579146325588226,0.003928139805793762,-0.001353338360786438,0.02297930419445038
0.0758194848895073,0.003986239433288574,-0.0014029927551746368,0.02281239628791809
0.07583887130022049,0.0039387717843055725,-0.0014065764844417572,0.022986769676208496
0.0758313462138176,0.003970339894294739,-0.0014052614569664001,0.023058950901031494
0.07589317858219147,0.004028186202049255,-0.0014367587864398956,0.023012489080429077
0.0759136974811554,0.004066981375217438,-0.0014382340013980865,0.022963792085647583
0.07596597075462341,0.004163861274719238,-0.0015012845396995544,0.022876232862472534
0.0759861022233963,0.004195049405097961,-0.0015210025012493134,0.022830232977867126
0.07600371539592743,0.004162244498729706,-0.0015217885375022888,0.022823885083198547
0.07603846490383148,0.004146084189414978,-0.001581396907567978,0.022817522287368774
0.07605216652154922,0.004139736294746399,-0.0016003623604774475,0.02279461920261383
0.0760483592748642,0.004101231694221497,-0.0016296319663524628,0.022882312536239624
0.07603861391544342,0.004106149077415466,-0.00164109468460083,0.022903412580490112
0.07604203373193741,0.004127107560634613,-0.0016616955399513245,0.02288658916950226
0.07604559510946274,0.004138968884944916,-0.0016658566892147064,0.022876083850860596
0.07603928446769714,0.004165083169937134,-0.001680724322795868,0.02286560833454132
0.0760386735200882,0.004175350069999695,-0.0016851052641868591,0.02286761999130249
0.07603846490383148,0.004177965223789215,-0.0016855262219905853,0.022869408130645752
0.0760384202003479,0.004178836941719055,-0.0016855746507644653,0.02286967635154724
0.0760384202003479,0.004179142415523529,-0.0016855746507644653,0.022869721055030823
0.07603862136602402,0.004180140793323517,-0.0016896016895771027,0.022865548729896545
0.07603906840085983,0.004180550575256348,-0.0016910098493099213,0.0228632390499115
0.07603814452886581,0.004180744290351868,-0.0016903989017009735,0.022865086793899536
0.07603785395622253,0.004180915653705597,-0.0016901753842830658,0.022865965962409973
0.07603795826435089,0.004181668162345886,-0.0016890205442905426,0.02286696434020996
0.07603785395622253,0.004181362688541412,-0.0016887709498405457,0.022867456078529358
0.07603587210178375,0.004181824624538422,-0.0016862601041793823,0.022873088717460632
0.0760347843170166,0.004182867705821991,-0.00168522447347641,0.022875532507896423
0.07603400200605392,0.004187345504760742,-0.0016906633973121643,0.02283903956413269
0.07603739202022552,0.0041759684681892395,-0.0016965009272098541,0.022825464606285095
0.07603456825017929,0.004170112311840057,-0.0017051659524440765,0.02279748022556305
0.0760374516248703,0.004157789051532745,-0.001710943877696991,0.022783800959587097
0.07604268193244934,0.004179425537586212,-0.0017267465591430664,0.022799745202064514
0.07604315876960754,0.00419597327709198,-0.0017320998013019562,0.02280305325984955
0.07603727281093597,0.004210561513900757,-0.0017785616219043732,0.022819101810455322
0.07603615522384644,0.004216119647026062,-0.0017922595143318176,0.022818654775619507
0.07604175806045532,0.004204057157039642,-0.0017985515296459198,0.02272796630859375
0.07606460899114609,0.004141367971897125,-0.0018404275178909302,0.022648349404335022
0.07607398927211761,0.004131577908992767,-0.001845475286245346,0.022619351744651794
0.07607579976320267,0.0041291117668151855,-0.0018457099795341492,0.022615879774093628
0.07609132677316666,0.004144541919231415,-0.001847006380558014,0.022613689303398132
0.0760941281914711,0.004161447286605835,-0.0018445178866386414,0.02261066436767578
0.07610893249511719,0.004158817231655121,-0.0018668696284294128,0.02268841862678528
0.07610956579446793,0.00416593998670578,-0.0018680542707443237,0.022706955671310425
0.07611887902021408,0.0041646212339401245,-0.001871161162853241,0.0227394700050354
0.07612134516239166,0.004150576889514923,-0.00186871737241745,0.022751793265342712
0.07613015174865723,0.004158325493335724,-0.0017831884324550629,0.0227745920419693
0.07612976431846619,0.004100345075130463,-0.0017182566225528717,0.022852152585983276
0.07611386477947235,0.004132874310016632,-0.001689039170742035,0.022874563932418823
0.07616222649812698,0.004262663424015045,-0.0016268454492092133,0.02245640754699707
0.07621101289987564,0.004182703793048859,-0.0016188770532608032,0.022326499223709106
0.07630661129951477,0.00421345978975296,-0.0016114749014377594,0.02175578474998474
0.07638014107942581,0.004083029925823212,-0.0016297809779644012,0.0215597003698349
0.07632379978895187,0.004045337438583374,-0.0018082484602928162,0.02163858711719513
0.07632442563772202,0.003989458084106445,-0.0018992796540260315,0.021643683314323425
0.07631838321685791,0.004016317427158356,-0.0018479116261005402,0.021983683109283447
0.0762990191578865,0.003990441560745239,-0.0018422529101371765,0.02208682894706726
0.07635706663131714,0.004075087606906891,-0.0015268586575984955,0.022561952471733093
0.07661569118499756,0.004377998411655426,-0.0008835121989250183,0.02295084297657013
0.07661676406860352,0.004707701504230499,-0.0006148666143417358,0.02308979630470276
0.07661934942007065,0.004617832601070404,-0.0003587193787097931,0.023286283016204834
0.07660414278507233,0.004549741744995117,-0.0002771057188510895,0.02340090274810791
0.07646048814058304,0.004182681441307068,0.0004014931619167328,0.023342326283454895
0.07641465961933136,0.003891780972480774,0.0006123334169387817,0.023476123809814453
0.07651747763156891,0.004057452082633972,0.001228146255016327,0.02304844558238983
0.07650607079267502,0.004171445965766907,0.0014124996960163116,0.023012548685073853
0.07626231014728546,0.003906071186065674,0.0014467202126979828,0.023477748036384583
0.0761544331908226,0.003940902650356293,0.0014746934175491333,0.023709937930107117
0.07637639343738556,0.004134215414524078,0.0014993883669376373,0.0231943279504776
0.07648263871669769,0.004124462604522705,0.0014947094023227692,0.02297396957874298
0.07666845619678497,0.004264071583747864,0.0015211515128612518,0.02372118830680847
0.07667441666126251,0.004317440092563629,0.001598011702299118,0.023912906646728516
0.07685209065675735,0.004344657063484192,0.0016549229621887207,0.02440197765827179
0.07687859982252121,0.004378870129585266,0.0018024519085884094,0.024549230933189392
0.07702884823083878,0.004211418330669403,0.0015728920698165894,0.024422720074653625
0.0771239846944809,0.0040082260966300964,0.001519870012998581,0.02435116469860077
0.07723332196474075,0.00415492057800293,0.0007256567478179932,0.02399672567844391
0.07729677855968475,0.0043409839272499084,0.0004087314009666443,0.02369309961795807
0.07728816568851471,0.004356786608695984,-0.0002681128680706024,0.023819491267204285
0.07740586996078491,0.004385136067867279,-0.0010707378387451172,0.02399536967277527
0.07746175676584244,0.004321828484535217,-0.0012838058173656464,0.023947373032569885
0.07752517610788345,0.00417105108499527,-0.0018880218267440796,0.023560747504234314
0.07753509283065796,0.004363901913166046,-0.0020651184022426605,0.023317083716392517
0.07740242779254913,0.004450343549251556,-0.0016932636499404907,0.02319374680519104
0.07732455432415009,0.004648879170417786,-0.0015819147229194641,0.023258745670318604
0.0773647353053093,0.004542246460914612,-0.0016670934855937958,0.023216798901557922
0.07736852765083313,0.004503749310970306,-0.0017285048961639404,0.02319057285785675
0.0773114562034607,0.004404902458190918,-0.0017564520239830017,0.022610366344451904
0.07740574330091476,0.004703730344772339,-0.0013951770961284637,0.022084996104240417
0.07744947820901871,0.004760242998600006,-0.0012584924697875977,0.021978184580802917
0.07745706290006638,0.004751041531562805,-0.0012446381151676178,0.021971821784973145
0.0774611234664917,0.004602983593940735,-0.0009238459169864655,0.021733224391937256
0.07757209241390228,0.004657812416553497,-0.001055106520652771,0.021464765071868896
0.07764513790607452,0.004585109651088715,-0.0011446811258792877,0.021308258175849915
0.07759412378072739,0.0044686272740364075,-0.0013105683028697968,0.02117183804512024
0.07755971699953079,0.004480801522731781,-0.0013793744146823883,0.02112191915512085
0.07737573981285095,0.004097543656826019,-0.0013540536165237427,0.02253781259059906
0.07724805176258087,0.003981731832027435,-0.0012745633721351624,0.022998645901679993
0.07700930535793304,0.0035548508167266846,-0.001161079853773117,0.023218080401420593
0.07695908844470978,0.0033326223492622375,-0.0011168383061885834,0.02331911027431488
0.07695291936397552,0.003312423825263977,-0.0011117085814476013,0.023334503173828125
0.0769520178437233,0.0033112913370132446,-0.0011113174259662628,0.02333676815032959
0.07695188373327255,0.00331135094165802,-0.0011113621294498444,0.02333711087703705
0.07695185393095016,0.003311365842819214,-0.0011113621294498444,0.023337185382843018
0.07698075473308563,0.003247566521167755,-0.001116819679737091,0.02318774163722992
0.07725872099399567,0.003612734377384186,-0.0011921226978302002,0.021973371505737305
0.07736238092184067,0.0037545040249824524,-0.0011987723410129547,0.02154560387134552
0.07738136500120163,0.003753170371055603,-0.0011980123817920685,0.021493613719940186
0.07751991599798203,0.004305660724639893,-0.0011868886649608612,0.02135235071182251
0.07753457129001617,0.004773415625095367,-0.0011902600526809692,0.021325930953025818
0.07760176807641983,0.004966042935848236,-0.0010210350155830383,0.02108822762966156
0.07762942463159561,0.004941172897815704,-0.0009544230997562408,0.020984455943107605
0.0777386948466301,0.005527026951313019,-0.0010466910898685455,0.020675882697105408
0.07775796949863434,0.005991809070110321,-0.0014351196587085724,0.020782962441444397
0.07772402465343475,0.0062139928340911865,-0.0015172362327575684,0.020741313695907593
0.07771535962820053,0.006267458200454712,-0.0015253908932209015,0.020728006958961487
0.07771369814872742,0.006281331181526184,-0.0015259459614753723,0.020724967122077942
0.07771342247724533,0.006285473704338074,-0.00152602419257164,0.020724371075630188
0.07771337777376175,0.00628681480884552,-0.0015260428190231323,0.02072426676750183
0.07771337777376175,0.006287246942520142,-0.0015260428190231323,0.02072426676750183
0.07771337777376175,0.006287388503551483,-0.0015260428190231323,0.02072426676750183
0.07771337777376175,0.006287425756454468,-0.0015260428190231323,0.02072426676750183
0.07771337777376175,0.0062874481081962585,-0.0015260428190231323,0.02072426676750183
0.07771337777376175,0.0062874481081962585,-0.0015260428190231323,0.02072426676750183
0.07771337777376175,0.0062874481081962585,-0.0015260428190231323,0.02072426676750183
0.07771598547697067,0.006292909383773804,-0.0015233047306537628,0.020760759711265564
0.07772012799978256,0.006287507712841034,-0.0015227645635604858,0.020774543285369873
0.07772332429885864,0.006292253732681274,-0.0015204213559627533,0.020807743072509766
0.07772703468799591,0.006287962198257446,-0.0015200451016426086,0.020819827914237976
0.07773170620203018,0.0062959566712379456,-0.001515951007604599,0.0208737850189209
0.0777377337217331,0.006288595497608185,-0.0015153437852859497,0.020893722772598267
0.07773279398679733,0.006275467574596405,-0.001522265374660492,0.020808100700378418
0.07772316038608551,0.006288766860961914,-0.0015234015882015228,0.020775318145751953
0.07772078365087509,0.006277315318584442,-0.0015396997332572937,0.020737603306770325
0.0777205303311348,0.006281353533267975,-0.0015425346791744232,0.020694419741630554
0.0777212530374527,0.0062798261642456055,-0.001540638506412506,0.020682722330093384
0.07776504755020142,0.006236694753170013,-0.0015314891934394836,0.02058473229408264
0.07778345793485641,0.006190493702888489,-0.0015283115208148956,0.020545288920402527
0.07780789583921432,0.006203092634677887,-0.001471351832151413,0.02035658061504364
0.07783450931310654,0.006127297878265381,-0.0014512836933135986,0.02028726041316986
0.07790163159370422,0.006099089980125427,-0.001409769058227539,0.020096540451049805
0.07792815566062927,0.006063438951969147,-0.0013950876891613007,0.02003762125968933
0.07792333513498306,0.006035052239894867,-0.0013805441558361053,0.019968733191490173
0.07792364060878754,0.006003521382808685,-0.001377306878566742,0.019946575164794922
0.07798713445663452,0.005936913192272186,-0.0015522204339504242,0.019727885723114014
0.07803012430667877,0.005854487419128418,-0.001635763794183731,0.01963561773300171
0.0779605284333229,0.005885593593120575,-0.001605439931154251,0.019915521144866943
0.07794005423784256,0.005942337214946747,-0.0015223994851112366,0.020094305276870728
0.0779406800866127,0.0059133246541023254,-0.001502346247434616,0.02013985812664032
0.07797415554523468,0.0058523863554000854,-0.001552145928144455,0.020084649324417114
0.07798747718334198,0.005771376192569733,-0.0015933401882648468,0.020055875182151794
0.07796686142683029,0.0057201385498046875,-0.0016801431775093079,0.020206347107887268
0.0779515728354454,0.0057078152894973755,-0.0017193667590618134,0.020245611667633057
0.07794483006000519,0.005667075514793396,-0.002012353390455246,0.020248889923095703
0.07797443121671677,0.005543924868106842,-0.0021499022841453552,0.020203471183776855
0.07805787771940231,0.005563311278820038,-0.001842934638261795,0.020034968852996826
0.0780787244439125,0.005560345947742462,-0.0017115920782089233,0.020034000277519226
0.07797326892614365,0.00591694563627243,-0.0010166577994823456,0.01917313039302826
0.07793799042701721,0.0060409680008888245,-0.0007472410798072815,0.01894909143447876
0.07767653465270996,0.005636334419250488,0.0001283213496208191,0.020618587732315063
0.07753056287765503,0.005438879132270813,0.00043275579810142517,0.021446824073791504
0.07721914350986481,0.0053412094712257385,4.566088318824768e-05,0.02134650945663452
0.07714588940143585,0.005218878388404846,-0.00018892809748649597,0.021270036697387695
0.07711363583803177,0.005204439163208008,-0.0003606528043746948,0.021201953291893005
0.07713092863559723,0.005165427923202515,-0.00041632726788520813,0.02114737033843994
0.07713751494884491,0.005153536796569824,-0.0004225820302963257,0.021136537194252014
0.07714352756738663,0.005144380033016205,-0.0004286244511604309,0.02113904058933258
0.07714585959911346,0.005138278007507324,-0.00042913854122161865,0.021139562129974365
0.07714579999446869,0.005136743187904358,-0.0004285052418708801,0.02114245295524597
0.07714131474494934,0.005143411457538605,-0.00042353570461273193,0.021137401461601257
0.07713944464921951,0.005148641765117645,-0.00042315199971199036,0.02113586664199829
0.07713445276021957,0.005154356360435486,-0.00042118877172470093,0.02114713191986084
0.07713176310062408,0.005159236490726471,-0.00042126327753067017,0.021151915192604065
0.07713230699300766,0.00516093522310257,-0.0004246532917022705,0.021149441599845886
0.07713320851325989,0.005161851644515991,-0.00042523816227912903,0.02114759385585785
0.07715626060962677,0.005141071975231171,-0.0002663806080818176,0.021221518516540527
0.07713992148637772,0.005162633955478668,-0.0002094842493534088,0.021272748708724976
0.07719635963439941,0.005279719829559326,-0.00019619613885879517,0.021607622504234314
0.0771905779838562,0.005451329052448273,-0.00014582276344299316,0.021717414259910583
0.07769840955734253,0.005838260054588318,-0.0006284788250923157,0.020767703652381897
0.07788512855768204,0.006198912858963013,-0.0007036849856376648,0.02023191750049591
0.07793082296848297,0.006086133420467377,-0.0010028406977653503,0.020312920212745667
0.07795877754688263,0.0059213340282440186,-0.001145821064710617,0.020296871662139893
0.07782438397407532,0.005872257053852081,-0.0014539137482643127,0.02061980962753296
0.07773830741643906,0.006180465221405029,-0.0015221498906612396,0.02070946991443634
0.07771789282560349,0.006259463727474213,-0.0015260539948940277,0.020723208785057068
0.07771415263414383,0.006279006600379944,-0.0015260465443134308,0.02072426676750183
0.0777135044336319,0.006284728646278381,-0.00152602419257164,0.02072426676750183
0.07771339267492294,0.006286583840847015,-0.0015260428190231323,0.02072426676750183
0.07771337777376175,0.0062871649861335754,-0.0015260428190231323,0.02072426676750183
0.07771337777376175,0.0062873512506484985,-0.0015260428190231323,0.02072426676750183
0.07771337777376175,0.006287425756454468,-0.0015260428190231323,0.02072426676750183
0.07771337777376175,0.006287433207035065,-0.0015260428190231323,0.02072426676750183
0.07771337777376175,0.0062874481081962585,-0.0015260428190231323,0.02072426676750183
0.07771337777376175,0.0062874481081962585,-0.0015260428190231323,0.02072426676750183
0.07771337777376175,0.0062874481081962585,-0.0015260428190231323,0.02072426676750183
0.07771337777376175,0.0062874481081962585,-0.0015260428190231323,0.02072426676750183
0.07771337777376175,0.0062874481081962585,-0.0015260428190231323,0.02072426676750183
0.07771337777376175,0.0062874481081962585,-0.0015260428190231323,0.02072426676750183
0.07771337777376175,0.0062874481081962585,-0.0015260428190231323,0.02072426676750183
0.07771337777376175,0.0062874481081962585,-0.0015260428190231323,0.02072426676750183
0.07771337777376175,0.0062874481081962585,-0.0015260428190231323,0.02072426676750183
0.07771337777376175,0.0062874481081962585,-0.0015260428190231323,0.02072426676750183
0.07771337777376175,0.0062874481081962585,-0.0015260428190231323,0.02072426676750183
0.07771337777376175,0.0062874481081962585,-0.0015260428190231323,0.02072426676750183
0.07771337777376175,0.0062874481081962585,-0.0015260428190231323,0.02072426676750183
0.07771337777376175,0.0062874481081962585,-0.0015260428190231323,0.02072426676750183
0.07771337777376175,0.0062874481081962585,-0.0015260428190231323,0.02072426676750183
0.07771337777376175,0.0062874481081962585,-0.0015260428190231323,0.02072426676750183
0.07771337777376175,0.0062874481081962585,-0.0015260428190231323,0.02072426676750183
0.07771337777376175,0.0062874481081962585,-0.0015260428190231323,0.02072426676750183
0.07771337777376175,0.0062874481081962585,-0.0015260428190231323,0.02072426676750183
0.07771337777376175,0.0062874481081962585,-0.0015260428190231323,0.02072426676750183
0.07771337777376175,0.0062874481081962585,-0.0015260428190231323,0.02072426676750183
0.07771337777376175,0.0062874481081962585,-0.0015260428190231323,0.02072426676750183
0.07771337777376175,0.0062874481081962585,-0.0015260428190231323,0.02072426676750183
0.07771337777376175,0.0062874481081962585,-0.0015260428190231323,0.02072426676750183
0.07771337777376175,0.0062874481081962585,-0.0015260428190231323,0.02072426676750183
0.07771337777376175,0.0062874481081962585,-0.0015260428190231323,0.02072426676750183
0.07771337777376175,0.0062874481081962585,-0.0015260428190231323,0.02072426676750183
0.07771337777376175,0.0062874481081962585,-0.0015260428190231323,0.02072426676750183
0.07771337777376175,0.0062874481081962585,-0.0015260428190231323,0.02072426676750183
0.07771337777376175,0.0062874481081962585,-0.0015260428190231323,0.02072426676750183
0.07771337777376175,0.0062874481081962585,-0.0015260428190231323,0.02072426676750183
0.07771337777376175,0.0062874481081962585,-0.0015260428190231323,0.02072426676750183
0.07771337777376175,0.0062874481081962585,-0.0015260428190231323,0.02072426676750183
0.07771337777376175,0.0062874481081962585,-0.0015260428190231323,0.02072426676750183
0.07771337777376175,0.0062874481081962585,-0.0015260428190231323,0.02072426676750183
0.07771337777376175,0.0062874481081962585,-0.0015260428190231323,0.02072426676750183
0.07771337777376175,0.0062874481081962585,-0.0015260428190231323,0.02072426676750183
0.07771337777376175,0.0062874481081962585,-0.0015260428190231323,0.02072426676750183
0.07771337777376175,0.0062874481081962585,-0.0015260428190231323,0.02072426676750183
0.07771337777376175,0.0062874481081962585,-0.0015260428190231323,0.02072426676750183
0.07771337777376175,0.0062874481081962585,-0.0015260428190231323,0.02072426676750183
0.07771337777376175,0.0062874481081962585,-0.0015260428190231323,0.02072426676750183
0.07771337777376175,0.0062874481081962585,-0.0015260428190231323,0.02072426676750183
0.07771337777376175,0.0062874481081962585,-0.0015260428190231323,0.02072426676750183
0.07771337777376175,0.0062874481081962585,-0.0015260428190231323,0.02072426676750183
0.07771337777376175,0.0062874481081962585,-0.0015260428190231323,0.02072426676750183
0.07771337777376175,0.0062874481081962585,-0.0015260428190231323,0.02072426676750183
0.07771337777376175,0.0062874481081962585,-0.0015260428190231323,0.02072426676750183
0.07771337777376175,0.0062874481081962585,-0.0015260428190231323,0.02072426676750183
0.07771337777376175,0.0062874481081962585,-0.0015260428190231323,0.02072426676750183
0.07771337777376175,0.0062874481081962585,-0.0015260428190231323,0.02072426676750183
0.07771337777376175,0.0062874481081962585,-0.0015260428190231323,0.02072426676750183
0.07771337777376175,0.0062874481081962585,-0.0015260428190231323,0.02072426676750183
0.07771337777376175,0.0062874481081962585,-0.0015260428190231323,0.02072426676750183
0.07771337777376175,0.0062874481081962585,-0.0015260428190231323,0.02072426676750183
0.07771337777376175,0.0062874481081962585,-0.0015260428190231323,0.02072426676750183
0.07771337777376175,0.0062874481081962585,-0.0015260428190231323,0.02072426676750183
0.07771337777376175,0.0062874481081962585,-0.0015260428190231323,0.02072426676750183
0.07771337777376175,0.0062874481081962585,-0.0015260428190231323,0.02072426676750183
0.07771337777376175,0.0062874481081962585,-0.0015260428190231323,0.02072426676750183
0.07771337777376175,0.0062874481081962585,-0.0015260428190231323,0.02072426676750183
0.07771337777376175,0.0062874481081962585,-0.0015260428190231323,0.02072426676750183
0.07771337777376175,0.0062874481081962585,-0.0015260428190231323,0.02072426676750183
0.07771337777376175,0.0062874481081962585,-0.0015260428190231323,0.02072426676750183
0.07771337777376175,0.0062874481081962585,-0.0015260428190231323,0.02072426676750183
0.07771337777376175,0.0062874481081962585,-0.0015260428190231323,0.02072426676750183
0.07771337777376175,0.0062874481081962585,-0.0015260428190231323,0.02072426676750183
0.07771337777376175,0.0062874481081962585,-0.0015260428190231323,0.02072426676750183
0.07771337777376175,0.0062874481081962585,-0.0015260428190231323,0.02072426676750183
0.07771337777376175,0.0062874481081962585,-0.0015260428190231323,0.02072426676750183
0.07771337777376175,0.0062874481081962585,-0.0015260428190231323,0.02072426676750183
0.07771337777376175,0.0062874481081962585,-0.0015260428190231323,0.02072426676750183
0.07771337777376175,0.0062874481081962585,-0.0015260428190231323,0.02072426676750183
0.07771337777376175,0.0062874481081962585,-0.0015260428190231323,0.02072426676750183
0.07771337777376175,0.0062874481081962585,-0.0015260428190231323,0.02072426676750183
0.07771337777376175,0.0062874481081962585,-0.0015260428190231323,0.02072426676750183
0.07771337777376175,0.0062874481081962585,-0.0015260428190231323,0.02072426676750183
0.07771337777376175,0.0062874481081962585,-0.0015260428190231323,0.02072426676750183
0.07771337777376175,0.0062874481081962585,-0.0015260428190231323,0.02072426676750183
0.07771337777376175,0.0062874481081962585,-0.0015260428190231323,0.02072426676750183
0.07771337777376175,0.0062874481081962585,-0.0015260428190231323,0.02072426676750183
0.07771337777376175,0.0062874481081962585,-0.0015260428190231323,0.02072426676750183
0.07771337777376175,0.0062874481081962585,-0.0015260428190231323,0.02072426676750183
0.07771337777376175,0.0062874481081962585,-0.0015260428190231323,0.02072426676750183
0.07771337777376175,0.0062874481081962585,-0.0015260428190231323,0.02072426676750183
0.07771337777376175,0.0062874481081962585,-0.0015260428190231323,0.02072426676750183
0.07771337777376175,0.0062874481081962585,-0.0015260428190231323,0.02072426676750183
0.07771337777376175,0.0062874481081962585,-0.0015260428190231323,0.02072426676750183
0.07771337777376175,0.0062874481081962585,-0.0015260428190231323,0.02072426676750183
0.07771337777376175,0.0062874481081962585,-0.0015260428190231323,0.02072426676750183
0.07771337777376175,0.0062874481081962585,-0.0015260428190231323,0.02072426676750183
0.07771337777376175,0.0062874481081962585,-0.0015260428190231323,0.02072426676750183
0.07771337777376175,0.0062874481081962585,-0.0015260428190231323,0.02072426676750183
0.07771337777376175,0.0062874481081962585,-0.0015260428190231323,0.02072426676750183
0.07771337777376175,0.0062874481081962585,-0.0015260428190231323,0.02072426676750183
0.07771337777376175,0.0062874481081962585,-0.0015260428190231323,0.02072426676750183
0.07771337777376175,0.0062874481081962585,-0.0015260428190231323,0.02072426676750183
0.07771337777376175,0.0062874481081962585,-0.0015260428190231323,0.02072426676750183
0.07771337777376175,0.0062874481081962585,-0.0015260428190231323,0.02072426676750183
0.07771337777376175,0.0062874481081962585,-0.0015260428190231323,0.02072426676750183
0.07771337777376175,0.0062874481081962585,-0.0015260428190231323,0.02072426676750183
0.07771337777376175,0.0062874481081962585,-0.0015260428190231323,0.02072426676750183
0.07771337777376175,0.0062874481081962585,-0.0015260428190231323,0.02072426676750183
0.07771337777376175,0.0062874481081962585,-0.0015260428190231323,0.02072426676750183
0.07771337777376175,0.0062874481081962585,-0.0015260428190231323,0.02072426676750183
0.07771337777376175,0.0062874481081962585,-0.0015260428190231323,0.02072426676750183
0.07771337777376175,0.0062874481081962585,-0.0015260428190231323,0.02072426676750183
0.07771337777376175,0.0062874481081962585,-0.0015260428190231323,0.02072426676750183
0.07771337777376175,0.0062874481081962585,-0.0015260428190231323,0.02072426676750183
0.07771337777376175,0.0062874481081962585,-0.0015260428190231323,0.02072426676750183
0.07771337777376175,0.0062874481081962585,-0.0015260428190231323,0.02072426676750183
0.07771337777376175,0.0062874481081962585,-0.0015260428190231323,0.02072426676750183
0.07771337777376175,0.0062874481081962585,-0.0015260428190231323,0.02072426676750183
0.07771337777376175,0.0062874481081962585,-0.0015260428190231323,0.02072426676750183
0.07771337777376175,0.0062874481081962585,-0.0015260428190231323,0.02072426676750183
0.07771337777376175,0.0062874481081962585,-0.0015260428190231323,0.02072426676750183
0.07771337777376175,0.0062874481081962585,-0.0015260428190231323,0.02072426676750183
0.07771337777376175,0.0062874481081962585,-0.0015260428190231323,0.02072426676750183
0.07771337777376175,0.0062874481081962585,-0.0015260428190231323,0.02072426676750183
0.07771337777376175,0.0062874481081962585,-0.0015260428190231323,0.02072426676750183
0.07771337777376175,0.0062874481081962585,-0.0015260428190231323,0.02072426676750183
0.07771337777376175,0.0062874481081962585,-0.0015260428190231323,0.02072426676750183
0.07771337777376175,0.0062874481081962585,-0.0015260428190231323,0.02072426676750183
0.07771337777376175,0.0062874481081962585,-0.0015260428190231323,0.02072426676750183
0.07771337777376175,0.0062874481081962585,-0.0015260428190231323,0.02072426676750183
0.07771337777376175,0.0062874481081962585,-0.0015260428190231323,0.02072426676750183
0.07771337777376175,0.0062874481081962585,-0.0015260428190231323,0.02072426676750183
0.07771337777376175,0.0062874481081962585,-0.0015260428190231323,0.02072426676750183
0.07771337777376175,0.0062874481081962585,-0.0015260428190231323,0.02072426676750183
0.07771337777376175,0.0062874481081962585,-0.0015260428190231323,0.02072426676750183
0.07771337777376175,0.0062874481081962585,-0.0015260428190231323,0.02072426676750183
0.07771337777376175,0.0062874481081962585,-0.0015260428190231323,0.02072426676750183
0.07771337777376175,0.0062874481081962585,-0.0015260428190231323,0.02072426676750183
0.07771337777376175,0.0062874481081962585,-0.0015260428190231323,0.02072426676750183
0.07771337777376175,0.0062874481081962585,-0.0015260428190231323,0.02072426676750183
0.07771337777376175,0.0062874481081962585,-0.0015260428190231323,0.02072426676750183
0.07771337777376175,0.0062874481081962585,-0.0015260428190231323,0.02072426676750183
0.07771337777376175,0.0062874481081962585,-0.0015260428190231323,0.02072426676750183
0.07771337777376175,0.0062874481081962585,-0.0015260428190231323,0.02072426676750183
0.07771337777376175,0.0062874481081962585,-0.0015260428190231323,0.02072426676750183
0.07771337777376175,0.0062874481081962585,-0.0015260428190231323,0.02072426676750183
0.07771337777376175,0.0062874481081962585,-0.0015260428190231323,0.02072426676750183
0.07771337777376175,0.0062874481081962585,-0.0015260428190231323,0.02072426676750183
0.07771337777376175,0.0062874481081962585,-0.0015260428190231323,0.02072426676750183
0.07771337777376175,0.0062874481081962585,-0.0015260428190231323,0.02072426676750183
0.07771337777376175,0.0062874481081962585,-0.0015260428190231323,0.02072426676750183
0.07771337777376175,0.0062874481081962585,-0.0015260428190231323,0.02072426676750183
0.07771337777376175,0.0062874481081962585,-0.0015260428190231323,0.02072426676750183
0.07771337777376175,0.0062874481081962585,-0.0015260428190231323,0.02072426676750183
0.07771337777376175,0.0062874481081962585,-0.0015260428190231323,0.02072426676750183
0.07771337777376175,0.0062874481081962585,-0.0015260428190231323,0.02072426676750183
0.07771337777376175,0.0062874481081962585,-0.0015260428190231323,0.02072426676750183
0.07771337777376175,0.0062874481081962585,-0.0015260428190231323,0.02072426676750183
0.07771337777376175,0.0062874481081962585,-0.0015260428190231323,0.02072426676750183
0.07771337777376175,0.0062874481081962585,-0.0015260428190231323,0.02072426676750183
0.07771337777376175,0.0062874481081962585,-0.0015260428190231323,0.02072426676750183
0.07771337777376175,0.0062874481081962585,-0.0015260428190231323,0.02072426676750183
0.07771337777376175,0.0062874481081962585,-0.0015260428190231323,0.02072426676750183
0.07771337777376175,0.0062874481081962585,-0.0015260428190231323,0.02072426676750183
0.07771337777376175,0.0062874481081962585,-0.0015260428190231323,0.02072426676750183
0.07771337777376175,0.0062874481081962585,-0.0015260428190231323,0.02072426676750183
0.07771337777376175,0.0062874481081962585,-0.0015260428190231323,0.02072426676750183
0.07771337777376175,0.0062874481081962585,-0.0015260428190231323,0.02072426676750183
0.07771337777376175,0.0062874481081962585,-0.0015260428190231323,0.02072426676750183
0.07771337777376175,0.0062874481081962585,-0.0015260428190231323,0.02072426676750183
0.07771337777376175,0.0062874481081962585,-0.0015260428190231323,0.02072426676750183
0.07771337777376175,0.0062874481081962585,-0.0015260428190231323,0.02072426676750183
0.07771337777376175,0.0062874481081962585,-0.0015260428190231323,0.02072426676750183
0.07771337777376175,0.0062874481081962585,-0.0015260428190231323,0.02072426676750183
0.07771337777376175,0.0062874481081962585,-0.0015260428190231323,0.02072426676750183
0.07771337777376175,0.0062874481081962585,-0.0015260428190231323,0.02072426676750183
0.07771337777376175,0.0062874481081962585,-0.0015260428190231323,0.02072426676750183
0.07771337777376175,0.0062874481081962585,-0.0015260428190231323,0.02072426676750183
0.07771337777376175,0.0062874481081962585,-0.0015260428190231323,0.02072426676750183
0.07771337777376175,0.0062874481081962585,-0.0015260428190231323,0.02072426676750183
0.07771337777376175,0.0062874481081962585,-0.0015260428190231323,0.02072426676750183
0.07771337777376175,0.0062874481081962585,-0.0015260428190231323,0.02072426676750183
0.07771337777376175,0.0062874481081962585,-0.0015260428190231323,0.02072426676750183
0.07771337777376175,0.0062874481081962585,-0.0015260428190231323,0.02072426676750183
0.07771337777376175,0.0062874481081962585,-0.0015260428190231323,0.02072426676750183
0.07771337777376175,0.0062874481081962585,-0.0015260428190231323,0.02072426676750183
0.07771337777376175,0.0062874481081962585,-0.0015260428190231323,0.02072426676750183
0.07771337777376175,0.0062874481081962585,-0.0015260428190231323,0.02072426676750183
0.07771337777376175,0.0062874481081962585,-0.0015260428190231323,0.02072426676750183
0.07771337777376175,0.0062874481081962585,-0.0015260428190231323,0.02072426676750183
0.07771337777376175,0.0062874481081962585,-0.0015260428190231323,0.02072426676750183
0.07771337777376175,0.0062874481081962585,-0.0015260428190231323,0.02072426676750183
0.07771337777376175,0.0062874481081962585,-0.0015260428190231323,0.02072426676750183
0.07771337777376175,0.0062874481081962585,-0.0015260428190231323,0.02072426676750183
0.07771337777376175,0.0062874481081962585,-0.0015260428190231323,0.02072426676750183
0.07771337777376175,0.0062874481081962585,-0.0015260428190231323,0.02072426676750183
0.07771337777376175,0.0062874481081962585,-0.0015260428190231323,0.02072426676750183
0.07771337777376175,0.0062874481081962585,-0.0015260428190231323,0.02072426676750183
0.07771337777376175,0.0062874481081962585,-0.0015260428190231323,0.02072426676750183
0.07771337777376175,0.0062874481081962585,-0.0015260428190231323,0.02072426676750183
0.07771337777376175,0.0062874481081962585,-0.0015260428190231323,0.02072426676750183
0.07771337777376175,0.0062874481081962585,-0.0015260428190231323,0.02072426676750183
0.07771337777376175,0.0062874481081962585,-0.0015260428190231323,0.02072426676750183
0.07771337777376175,0.0062874481081962585,-0.0015260428190231323,0.02072426676750183
0.07771337777376175,0.0062874481081962585,-0.0015260428190231323,0.02072426676750183
0.07771337777376175,0.0062874481081962585,-0.0015260428190231323,0.02072426676750183
0.07771337777376175,0.0062874481081962585,-0.0015260428190231323,0.02072426676750183
0.07771337777376175,0.0062874481081962585,-0.0015260428190231323,0.02072426676750183
0.07771337777376175,0.0062874481081962585,-0.0015260428190231323,0.02072426676750183
0.07771337777376175,0.0062874481081962585,-0.0015260428190231323,0.02072426676750183
0.07771337777376175,0.0062874481081962585,-0.0015260428190231323,0.02072426676750183
0.07771337777376175,0.0062874481081962585,-0.0015260428190231323,0.02072426676750183
0.07771337777376175,0.0062874481081962585,-0.0015260428190231323,0.02072426676750183
0.07771337777376175,0.0062874481081962585,-0.0015260428190231323,0.02072426676750183
0.07771337777376175,0.0062874481081962585,-0.0015260428190231323,0.02072426676750183
0.07771337777376175,0.0062874481081962585,-0.0015260428190231323,0.02072426676750183
0.07771337777376175,0.0062874481081962585,-0.0015260428190231323,0.02072426676750183
0.07771337777376175,0.0062874481081962585,-0.0015260428190231323,0.02072426676750183
0.07771337777376175,0.0062874481081962585,-0.0015260428190231323,0.02072426676750183
0.07771337777376175,0.0062874481081962585,-0.0015260428190231323,0.02072426676750183
0.07771337777376175,0.0062874481081962585,-0.0015260428190231323,0.02072426676750183
0.07771337777376175,0.0062874481081962585,-0.0015260428190231323,0.02072426676750183
0.07771337777376175,0.0062874481081962585,-0.0015260428190231323,0.02072426676750183
0.07771337777376175,0.0062874481081962585,-0.0015260428190231323,0.02072426676750183
0.07771337777376175,0.0062874481081962585,-0.0015260428190231323,0.02072426676750183
0.07771337777376175,0.0062874481081962585,-0.0015260428190231323,0.02072426676750183
0.07771337777376175,0.0062874481081962585,-0.0015260428190231323,0.02072426676750183
0.07771337777376175,0.0062874481081962585,-0.0015260428190231323,0.02072426676750183
0.07771337777376175,0.0062874481081962585,-0.0015260428190231323,0.02072426676750183
0.07771337777376175,0.0062874481081962585,-0.0015260428190231323,0.02072426676750183
0.07771337777376175,0.0062874481081962585,-0.0015260428190231323,0.02072426676750183
0.07771337777376175,0.0062874481081962585,-0.0015260428190231323,0.02072426676750183
0.07771337777376175,0.0062874481081962585,-0.0015260428190231323,0.02072426676750183
0.07771337777376175,0.0062874481081962585,-0.0015260428190231323,0.02072426676750183
0.07771337777376175,0.0062874481081962585,-0.0015260428190231323,0.02072426676750183
0.07771337777376175,0.0062874481081962585,-0.0015260428190231323,0.02072426676750183
0.07771337777376175,0.0062874481081962585,-0.0015260428190231323,0.02072426676750183
0.07771337777376175,0.0062874481081962585,-0.0015260428190231323,0.02072426676750183
0.07771337777376175,0.0062874481081962585,-0.0015260428190231323,0.02072426676750183
0.07771337777376175,0.0062874481081962585,-0.0015260428190231323,0.02072426676750183
0.07771337777376175,0.0062874481081962585,-0.0015260428190231323,0.02072426676750183
0.07771337777376175,0.0062874481081962585,-0.0015260428190231323,0.02072426676750183
0.07771337777376175,0.0062874481081962585,-0.0015260428190231323,0.02072426676750183
0.07771337777376175,0.0062874481081962585,-0.0015260428190231323,0.02072426676750183
0.07771337777376175,0.0062874481081962585,-0.0015260428190231323,0.02072426676750183
0.07771337777376175,0.0062874481081962585,-0.0015260428190231323,0.02072426676750183
0.07771337777376175,0.0062874481081962585,-0.0015260428190231323,0.02072426676750183
0.07771337777376175,0.0062874481081962585,-0.0015260428190231323,0.02072426676750183
0.07771337777376175,0.0062874481081962585,-0.0015260428190231323,0.02072426676750183
0.07771337777376175,0.0062874481081962585,-0.0015260428190231323,0.02072426676750183
0.07771337777376175,0.0062874481081962585,-0.0015260428190231323,0.02072426676750183
0.07771337777376175,0.0062874481081962585,-0.0015260428190231323,0.02072426676750183
0.07771337777376175,0.0062874481081962585,-0.0015260428190231323,0.02072426676750183
0.07771337777376175,0.0062874481081962585,-0.0015260428190231323,0.02072426676750183
0.07771337777376175,0.0062874481081962585,-0.0015260428190231323,0.02072426676750183
0.07771337777376175,0.0062874481081962585,-0.0015260428190231323,0.02072426676750183
0.07771337777376175,0.0062874481081962585,-0.0015260428190231323,0.02072426676750183
0.07771337777376175,0.0062874481081962585,-0.0015260428190231323,0.02072426676750183
0.07771337777376175,0.0062874481081962585,-0.0015260428190231323,0.02072426676750183
0.07771337777376175,0.0062874481081962585,-0.0015260428190231323,0.02072426676750183
0.07771337777376175,0.0062874481081962585,-0.0015260428190231323,0.02072426676750183
0.07771337777376175,0.0062874481081962585,-0.0015260428190231323,0.02072426676750183
0.07771337777376175,0.0062874481081962585,-0.0015260428190231323,0.02072426676750183
0.07771337777376175,0.0062874481081962585,-0.0015260428190231323,0.02072426676750183
0.07771337777376175,0.0062874481081962585,-0.0015260428190231323,0.02072426676750183
0.07771337777376175,0.0062874481081962585,-0.0015260428190231323,0.02072426676750183
0.07771337777376175,0.0062874481081962585,-0.0015260428190231323,0.02072426676750183
0.07771337777376175,0.0062874481081962585,-0.0015260428190231323,0.02072426676750183
0.07771337777376175,0.0062874481081962585,-0.0015260428190231323,0.02072426676750183
0.07771337777376175,0.0062874481081962585,-0.0015260428190231323,0.02072426676750183
0.07771337777376175,0.0062874481081962585,-0.0015260428190231323,0.02072426676750183
0.07771337777376175,0.0062874481081962585,-0.0015260428190231323,0.02072426676750183
0.07771337777376175,0.0062874481081962585,-0.0015260428190231323,0.02072426676750183
0.07771337777376175,0.0062874481081962585,-0.0015260428190231323,0.02072426676750183
0.07771337777376175,0.0062874481081962585,-0.0015260428190231323,0.02072426676750183
0.07771337777376175,0.0062874481081962585,-0.0015260428190231323,0.02072426676750183
0.07771337777376175,0.0062874481081962585,-0.0015260428190231323,0.02072426676750183
0.07771337777376175,0.0062874481081962585,-0.0015260428190231323,0.02072426676750183
0.07771337777376175,0.0062874481081962585,-0.0015260428190231323,0.02072426676750183
0.07771337777376175,0.0062874481081962585,-0.0015260428190231323,0.02072426676750183
0.07771337777376175,0.0062874481081962585,-0.0015260428190231323,0.02072426676750183
0.07771337777376175,0.0062874481081962585,-0.0015260428190231323,0.02072426676750183
0.07771337777376175,0.0062874481081962585,-0.0015260428190231323,0.02072426676750183
0.07771337777376175,0.0062874481081962585,-0.0015260428190231323,0.02072426676750183
0.07771337777376175,0.0062874481081962585,-0.0015260428190231323,0.02072426676750183
0.07771337777376175,0.0062874481081962585,-0.0015260428190231323,0.02072426676750183
0.07771337777376175,0.0062874481081962585,-0.0015260428190231323,0.02072426676750183
0.07771337777376175,0.0062874481081962585,-0.0015260428190231323,0.02072426676750183
0.07771337777376175,0.0062874481081962585,-0.0015260428190231323,0.02072426676750183
0.07771337777376175,0.0062874481081962585,-0.0015260428190231323,0.02072426676750183
0.07771337777376175,0.0062874481081962585,-0.0015260428190231323,0.02072426676750183
0.07771337777376175,0.0062874481081962585,-0.0015260428190231323,0.02072426676750183
0.07771337777376175,0.0062874481081962585,-0.0015260428190231323,0.02072426676750183
0.07771337777376175,0.0062874481081962585,-0.0015260428190231323,0.02072426676750183
0.07771337777376175,0.0062874481081962585,-0.0015260428190231323,0.02072426676750183
0.07771337777376175,0.0062874481081962585,-0.0015260428190231323,0.02072426676750183
0.07771337777376175,0.0062874481081962585,-0.0015260428190231323,0.02072426676750183
0.07771337777376175,0.0062874481081962585,-0.0015260428190231323,0.02072426676750183
0.07771337777376175,0.0062874481081962585,-0.0015260428190231323,0.02072426676750183
0.07771337777376175,0.0062874481081962585,-0.0015260428190231323,0.02072426676750183
0.07771337777376175,0.0062874481081962585,-0.0015260428190231323,0.02072426676750183
0.07771337777376175,0.0062874481081962585,-0.0015260428190231323,0.02072426676750183
0.07771337777376175,0.0062874481081962585,-0.0015260428190231323,0.02072426676750183
0.07771337777376175,0.0062874481081962585,-0.0015260428190231323,0.02072426676750183
0.07771337777376175,0.0062874481081962585,-0.0015260428190231323,0.02072426676750183
0.07771337777376175,0.0062874481081962585,-0.0015260428190231323,0.02072426676750183
0.07771337777376175,0.0062874481081962585,-0.0015260428190231323,0.02072426676750183
0.07771337777376175,0.0062874481081962585,-0.0015260428190231323,0.02072426676750183
0.07771337777376175,0.0062874481081962585,-0.0015260428190231323,0.02072426676750183
0.07771337777376175,0.0062874481081962585,-0.0015260428190231323,0.02072426676750183
0.07771337777376175,0.0062874481081962585,-0.0015260428190231323,0.02072426676750183
0.07771337777376175,0.0062874481081962585,-0.0015260428190231323,0.02072426676750183
0.07771337777376175,0.0062874481081962585,-0.0015260428190231323,0.02072426676750183
0.07771337777376175,0.0062874481081962585,-0.0015260428190231323,0.02072426676750183
0.07771337777376175,0.0062874481081962585,-0.0015260428190231323,0.02072426676750183
0.07771337777376175,0.0062874481081962585,-0.0015260428190231323,0.02072426676750183
0.07771337777376175,0.0062874481081962585,-0.0015260428190231323,0.02072426676750183
0.07771337777376175,0.0062874481081962585,-0.0015260428190231323,0.02072426676750183
0.07771337777376175,0.0062874481081962585,-0.0015260428190231323,0.02072426676750183
0.07771337777376175,0.0062874481081962585,-0.0015260428190231323,0.02072426676750183
0.07771337777376175,0.0062874481081962585,-0.0015260428190231323,0.02072426676750183
0.07771337777376175,0.0062874481081962585,-0.0015260428190231323,0.02072426676750183
0.07771337777376175,0.0062874481081962585,-0.0015260428190231323,0.02072426676750183
0.07771337777376175,0.0062874481081962585,-0.0015260428190231323,0.02072426676750183
0.07771337777376175,0.0062874481081962585,-0.0015260428190231323,0.02072426676750183
0.07771337777376175,0.0062874481081962585,-0.0015260428190231323,0.02072426676750183
0.07771337777376175,0.0062874481081962585,-0.0015260428190231323,0.02072426676750183
0.07771337777376175,0.0062874481081962585,-0.0015260428190231323,0.02072426676750183
0.07771337777376175,0.0062874481081962585,-0.0015260428190231323,0.02072426676750183
0.07771337777376175,0.0062874481081962585,-0.0015260428190231323,0.02072426676750183
0.07771337777376175,0.0062874481081962585,-0.0015260428190231323,0.02072426676750183
0.07771337777376175,0.0062874481081962585,-0.0015260428190231323,0.02072426676750183
0.07771337777376175,0.0062874481081962585,-0.0015260428190231323,0.02072426676750183
0.07771337777376175,0.0062874481081962585,-0.0015260428190231323,0.02072426676750183
0.07771337777376175,0.0062874481081962585,-0.0015260428190231323,0.02072426676750183
0.07771337777376175,0.0062874481081962585,-0.0015260428190231323,0.02072426676750183
0.07771337777376175,0.0062874481081962585,-0.0015260428190231323,0.02072426676750183
0.07771337777376175,0.0062874481081962585,-0.0015260428190231323,0.02072426676750183
0.07771337777376175,0.0062874481081962585,-0.0015260428190231323,0.02072426676750183
0.07771337777376175,0.0062874481081962585,-0.0015260428190231323,0.02072426676750183
0.07771337777376175,0.0062874481081962585,-0.0015260428190231323,0.02072426676750183
0.07771337777376175,0.0062874481081962585,-0.0015260428190231323,0.02072426676750183
0.07771337777376175,0.0062874481081962585,-0.0015260428190231323,0.02072426676750183
0.07771337777376175,0.0062874481081962585,-0.0015260428190231323,0.02072426676750183
0.07771337777376175,0.0062874481081962585,-0.0015260428190231323,0.02072426676750183
0.07771337777376175,0.0062874481081962585,-0.0015260428190231323,0.02072426676750183
0.07771337777376175,0.0062874481081962585,-0.0015260428190231323,0.02072426676750183
0.07771337777376175,0.0062874481081962585,-0.0015260428190231323,0.02072426676750183
0.07771337777376175,0.0062874481081962585,-0.0015260428190231323,0.02072426676750183
0.07771337777376175,0.0062874481081962585,-0.0015260428190231323,0.02072426676750183
0.07771337777376175,0.0062874481081962585,-0.0015260428190231323,0.02072426676750183
0.07771337777376175,0.0062874481081962585,-0.0015260428190231323,0.02072426676750183
0.07771337777376175,0.0062874481081962585,-0.0015260428190231323,0.02072426676750183
0.07771337777376175,0.0062874481081962585,-0.0015260428190231323,0.02072426676750183
0.07771337777376175,0.0062874481081962585,-0.0015260428190231323,0.02072426676750183
0.07771337777376175,0.0062874481081962585,-0.0015260428190231323,0.02072426676750183
0.07771337777376175,0.0062874481081962585,-0.0015260428190231323,0.02072426676750183
0.07771337777376175,0.0062874481081962585,-0.0015260428190231323,0.02072426676750183
0.07771337777376175,0.0062874481081962585,-0.0015260428190231323,0.02072426676750183
0.07771337777376175,0.0062874481081962585,-0.0015260428190231323,0.02072426676750183
0.07771337777376175,0.0062874481081962585,-0.0015260428190231323,0.02072426676750183
0.07771337777376175,0.0062874481081962585,-0.0015260428190231323,0.02072426676750183
0.07771337777376175,0.0062874481081962585,-0.0015260428190231323,0.02072426676750183
0.07771337777376175,0.0062874481081962585,-0.0015260428190231323,0.02072426676750183
0.07771337777376175,0.0062874481081962585,-0.0015260428190231323,0.02072426676750183
0.07771337777376175,0.0062874481081962585,-0.0015260428190231323,0.02072426676750183
0.07771337777376175,0.0062874481081962585,-0.0015260428190231323,0.02072426676750183
0.07771337777376175,0.0062874481081962585,-0.0015260428190231323,0.02072426676750183
0.07771337777376175,0.0062874481081962585,-0.0015260428190231323,0.02072426676750183
0.07771337777376175,0.0062874481081962585,-0.0015260428190231323,0.02072426676750183
0.07771337777376175,0.0062874481081962585,-0.0015260428190231323,0.02072426676750183
0.07771337777376175,0.0062874481081962585,-0.0015260428190231323,0.02072426676750183
0.07771337777376175,0.0062874481081962585,-0.0015260428190231323,0.02072426676750183
0.07771337777376175,0.0062874481081962585,-0.0015260428190231323,0.02072426676750183
0.07771337777376175,0.0062874481081962585,-0.0015260428190231323,0.02072426676750183
0.07771337777376175,0.0062874481081962585,-0.0015260428190231323,0.02072426676750183
0.07771337777376175,0.0062874481081962585,-0.0015260428190231323,0.02072426676750183
0.07771337777376175,0.0062874481081962585,-0.0015260428190231323,0.02072426676750183
0.07771337777376175,0.0062874481081962585,-0.0015260428190231323,0.02072426676750183
0.07771337777376175,0.0062874481081962585,-0.0015260428190231323,0.02072426676750183
0.07771337777376175,0.0062874481081962585,-0.0015260428190231323,0.02072426676750183
0.07771337777376175,0.0062874481081962585,-0.0015260428190231323,0.02072426676750183
0.07771337777376175,0.0062874481081962585,-0.0015260428190231323,0.02072426676750183
0.07771337777376175,0.0062874481081962585,-0.0015260428190231323,0.02072426676750183
0.07771337777376175,0.0062874481081962585,-0.0015260428190231323,0.02072426676750183
0.07771337777376175,0.0062874481081962585,-0.0015260428190231323,0.02072426676750183
0.07771337777376175,0.0062874481081962585,-0.0015260428190231323,0.02072426676750183
0.07771337777376175,0.0062874481081962585,-0.0015260428190231323,0.02072426676750183
0.07771337777376175,0.0062874481081962585,-0.0015260428190231323,0.02072426676750183
0.07771337777376175,0.0062874481081962585,-0.0015260428190231323,0.02072426676750183
0.07771337777376175,0.0062874481081962585,-0.0015260428190231323,0.02072426676750183
0.07771337777376175,0.0062874481081962585,-0.0015260428190231323,0.02072426676750183
0.07771337777376175,0.0062874481081962585,-0.0015260428190231323,0.02072426676750183
0.07771337777376175,0.0062874481081962585,-0.0015260428190231323,0.02072426676750183
0.07771337777376175,0.0062874481081962585,-0.0015260428190231323,0.02072426676750183
0.07771337777376175,0.0062874481081962585,-0.0015260428190231323,0.02072426676750183
0.07771337777376175,0.0062874481081962585,-0.0015260428190231323,0.02072426676750183
0.07771337777376175,0.0062874481081962585,-0.0015260428190231323,0.02072426676750183
0.07771337777376175,0.0062874481081962585,-0.0015260428190231323,0.02072426676750183
0.07771337777376175,0.0062874481081962585,-0.0015260428190231323,0.02072426676750183
0.07771337777376175,0.0062874481081962585,-0.0015260428190231323,0.02072426676750183
0.07771337777376175,0.0062874481081962585,-0.0015260428190231323,0.02072426676750183
0.07771337777376175,0.0062874481081962585,-0.0015260428190231323,0.02072426676750183
0.07771337777376175,0.0062874481081962585,-0.0015260428190231323,0.02072426676750183
0.07771337777376175,0.0062874481081962585,-0.0015260428190231323,0.02072426676750183
0.07771337777376175,0.0062874481081962585,-0.0015260428190231323,0.02072426676750183
0.07771337777376175,0.0062874481081962585,-0.0015260428190231323,0.02072426676750183
0.07771337777376175,0.0062874481081962585,-0.0015260428190231323,0.02072426676750183
0.07771337777376175,0.0062874481081962585,-0.0015260428190231323,0.02072426676750183
0.07771337777376175,0.0062874481081962585,-0.0015260428190231323,0.02072426676750183
0.07771337777376175,0.0062874481081962585,-0.0015260428190231323,0.02072426676750183
0.07771337777376175,0.0062874481081962585,-0.0015260428190231323,0.02072426676750183
0.07771337777376175,0.0062874481081962585,-0.0015260428190231323,0.02072426676750183
0.07771337777376175,0.0062874481081962585,-0.0015260428190231323,0.02072426676750183
0.07771337777376175,0.0062874481081962585,-0.0015260428190231323,0.02072426676750183
0.07771337777376175,0.0062874481081962585,-0.0015260428190231323,0.02072426676750183
0.07771337777376175,0.0062874481081962585,-0.0015260428190231323,0.02072426676750183
0.07771337777376175,0.0062874481081962585,-0.0015260428190231323,0.02072426676750183
0.07771337777376175,0.0062874481081962585,-0.0015260428190231323,0.02072426676750183
0.07771337777376175,0.0062874481081962585,-0.0015260428190231323,0.02072426676750183
0.07771337777376175,0.0062874481081962585,-0.0015260428190231323,0.02072426676750183
0.07771337777376175,0.0062874481081962585,-0.0015260428190231323,0.02072426676750183
0.07771337777376175,0.0062874481081962585,-0.0015260428190231323,0.02072426676750183
0.07771337777376175,0.0062874481081962585,-0.0015260428190231323,0.02072426676750183
0.07771337777376175,0.0062874481081962585,-0.0015260428190231323,0.02072426676750183
0.07771337777376175,0.0062874481081962585,-0.0015260428190231323,0.02072426676750183
0.07771337777376175,0.0062874481081962585,-0.0015260428190231323,0.02072426676750183
0.07771337777376175,0.0062874481081962585,-0.0015260428190231323,0.02072426676750183
0.07771337777376175,0.0062874481081962585,-0.0015260428190231323,0.02072426676750183
0.07771337777376175,0.0062874481081962585,-0.0015260428190231323,0.02072426676750183
0.07771337777376175,0.0062874481081962585,-0.0015260428190231323,0.02072426676750183
0.07771337777376175,0.0062874481081962585,-0.0015260428190231323,0.02072426676750183
0.07771337777376175,0.0062874481081962585,-0.0015260428190231323,0.02072426676750183
0.07771337777376175,0.0062874481081962585,-0.0015260428190231323,0.02072426676750183
0.07771337777376175,0.0062874481081962585,-0.0015260428190231323,0.02072426676750183
0.07771337777376175,0.0062874481081962585,-0.0015260428190231323,0.02072426676750183
0.07771337777376175,0.0062874481081962585,-0.0015260428190231323,0.02072426676750183
0.07771337777376175,0.0062874481081962585,-0.0015260428190231323,0.02072426676750183
0.07771337777376175,0.0062874481081962585,-0.0015260428190231323,0.02072426676750183
0.07771337777376175,0.0062874481081962585,-0.0015260428190231323,0.02072426676750183
0.07771337777376175,0.0062874481081962585,-0.0015260428190231323,0.02072426676750183
0.07771337777376175,0.0062874481081962585,-0.0015260428190231323,0.02072426676750183
0.07771337777376175,0.0062874481081962585,-0.0015260428190231323,0.02072426676750183
0.07771337777376175,0.0062874481081962585,-0.0015260428190231323,0.02072426676750183
0.07771337777376175,0.0062874481081962585,-0.0015260428190231323,0.02072426676750183
0.07771337777376175,0.0062874481081962585,-0.0015260428190231323,0.02072426676750183
0.07771337777376175,0.0062874481081962585,-0.0015260428190231323,0.02072426676750183
0.07771337777376175,0.0062874481081962585,-0.0015260428190231323,0.02072426676750183
0.07771337777376175,0.0062874481081962585,-0.0015260428190231323,0.02072426676750183
0.07771337777376175,0.0062874481081962585,-0.0015260428190231323,0.02072426676750183
0.07771337777376175,0.0062874481081962585,-0.0015260428190231323,0.02072426676750183
0.07771337777376175,0.0062874481081962585,-0.0015260428190231323,0.02072426676750183
0.07771337777376175,0.0062874481081962585,-0.0015260428190231323,0.02072426676750183
0.07771337777376175,0.0062874481081962585,-0.0015260428190231323,0.02072426676750183
0.07771337777376175,0.0062874481081962585,-0.0015260428190231323,0.02072426676750183
0.07771337777376175,0.0062874481081962585,-0.0015260428190231323,0.02072426676750183
0.07771337777376175,0.0062874481081962585,-0.0015260428190231323,0.02072426676750183
0.07771337777376175,0.0062874481081962585,-0.0015260428190231323,0.02072426676750183
0.07771337777376175,0.0062874481081962585,-0.0015260428190231323,0.02072426676750183
0.07771337777376175,0.0062874481081962585,-0.0015260428190231323,0.02072426676750183
0.07771337777376175,0.0062874481081962585,-0.0015260428190231323,0.02072426676750183
0.07771337777376175,0.0062874481081962585,-0.0015260428190231323,0.02072426676750183
0.07771337777376175,0.0062874481081962585,-0.0015260428190231323,0.02072426676750183
0.07771337777376175,0.0062874481081962585,-0.0015260428190231323,0.02072426676750183
0.07771337777376175,0.0062874481081962585,-0.0015260428190231323,0.02072426676750183
0.07771337777376175,0.0062874481081962585,-0.0015260428190231323,0.02072426676750183
0.07771337777376175,0.0062874481081962585,-0.0015260428190231323,0.02072426676750183
0.07771337777376175,0.0062874481081962585,-0.0015260428190231323,0.02072426676750183
0.07771337777376175,0.0062874481081962585,-0.0015260428190231323,0.02072426676750183
0.07771337777376175,0.0062874481081962585,-0.0015260428190231323,0.02072426676750183
0.07771337777376175,0.0062874481081962585,-0.0015260428190231323,0.02072426676750183
0.07771337777376175,0.0062874481081962585,-0.0015260428190231323,0.02072426676750183
0.07771337777376175,0.0062874481081962585,-0.0015260428190231323,0.02072426676750183
0.07771337777376175,0.0062874481081962585,-0.0015260428190231323,0.02072426676750183
0.07771337777376175,0.0062874481081962585,-0.0015260428190231323,0.02072426676750183
0.07771337777376175,0.0062874481081962585,-0.0015260428190231323,0.02072426676750183
0.07771337777376175,0.0062874481081962585,-0.0015260428190231323,0.02072426676750183
0.07771337777376175,0.0062874481081962585,-0.0015260428190231323,0.02072426676750183
0.07771337777376175,0.0062874481081962585,-0.0015260428190231323,0.02072426676750183
0.07771337777376175,0.0062874481081962585,-0.0015260428190231323,0.02072426676750183
0.07771337777376175,0.0062874481081962585,-0.0015260428190231323,0.02072426676750183
0.07771337777376175,0.0062874481081962585,-0.0015260428190231323,0.02072426676750183
0.07771337777376175,0.0062874481081962585,-0.0015260428190231323,0.02072426676750183
0.07771337777376175,0.0062874481081962585,-0.0015260428190231323,0.02072426676750183
0.07771337777376175,0.0062874481081962585,-0.0015260428190231323,0.02072426676750183
0.07771337777376175,0.0062874481081962585,-0.0015260428190231323,0.02072426676750183
0.07771337777376175,0.0062874481081962585,-0.0015260428190231323,0.02072426676750183
0.07771337777376175,0.0062874481081962585,-0.0015260428190231323,0.02072426676750183
0.07771337777376175,0.0062874481081962585,-0.0015260428190231323,0.02072426676750183
0.07771337777376175,0.0062874481081962585,-0.0015260428190231323,0.02072426676750183
0.07771337777376175,0.0062874481081962585,-0.0015260428190231323,0.02072426676750183
0.07771337777376175,0.0062874481081962585,-0.0015260428190231323,0.02072426676750183
0.07771337777376175,0.0062874481081962585,-0.0015260428190231323,0.02072426676750183
0.07771337777376175,0.0062874481081962585,-0.0015260428190231323,0.02072426676750183
0.07771337777376175,0.0062874481081962585,-0.0015260428190231323,0.02072426676750183
0.07771337777376175,0.0062874481081962585,-0.0015260428190231323,0.02072426676750183
0.07771337777376175,0.0062874481081962585,-0.0015260428190231323,0.02072426676750183
0.07771337777376175,0.0062874481081962585,-0.0015260428190231323,0.02072426676750183
0.07771337777376175,0.0062874481081962585,-0.0015260428190231323,0.02072426676750183
0.07771337777376175,0.0062874481081962585,-0.0015260428190231323,0.02072426676750183
0.07771337777376175,0.0062874481081962585,-0.0015260428190231323,0.02072426676750183
0.07771337777376175,0.0062874481081962585,-0.0015260428190231323,0.02072426676750183
0.07771337777376175,0.0062874481081962585,-0.0015260428190231323,0.02072426676750183
0.07771337777376175,0.0062874481081962585,-0.0015260428190231323,0.02072426676750183
0.07771337777376175,0.0062874481081962585,-0.0015260428190231323,0.02072426676750183
0.07771337777376175,0.0062874481081962585,-0.0015260428190231323,0.02072426676750183
0.07771337777376175,0.0062874481081962585,-0.0015260428190231323,0.02072426676750183
0.07771337777376175,0.0062874481081962585,-0.0015260428190231323,0.02072426676750183
0.07771337777376175,0.0062874481081962585,-0.0015260428190231323,0.02072426676750183
0.07771337777376175,0.0062874481081962585,-0.0015260428190231323,0.02072426676750183
0.07771337777376175,0.0062874481081962585,-0.0015260428190231323,0.02072426676750183
0.07771337777376175,0.0062874481081962585,-0.0015260428190231323,0.02072426676750183
0.07771337777376175,0.0062874481081962585,-0.0015260428190231323,0.02072426676750183
0.07771337777376175,0.0062874481081962585,-0.0015260428190231323,0.02072426676750183
0.07771337777376175,0.0062874481081962585,-0.0015260428190231323,0.02072426676750183
0.07771337777376175,0.0062874481081962585,-0.0015260428190231323,0.02072426676750183
0.07771337777376175,0.0062874481081962585,-0.0015260428190231323,0.02072426676750183
0.07771337777376175,0.0062874481081962585,-0.0015260428190231323,0.02072426676750183
0.07771337777376175,0.0062874481081962585,-0.0015260428190231323,0.02072426676750183
0.07771337777376175,0.0062874481081962585,-0.0015260428190231323,0.02072426676750183
0.07771337777376175,0.0062874481081962585,-0.0015260428190231323,0.02072426676750183
0.07771337777376175,0.0062874481081962585,-0.0015260428190231323,0.02072426676750183
0.07771337777376175,0.0062874481081962585,-0.0015260428190231323,0.02072426676750183
0.07771337777376175,0.0062874481081962585,-0.0015260428190231323,0.02072426676750183
0.07771337777376175,0.0062874481081962585,-0.0015260428190231323,0.02072426676750183
0.07771337777376175,0.0062874481081962585,-0.0015260428190231323,0.02072426676750183
0.07771337777376175,0.0062874481081962585,-0.0015260428190231323,0.02072426676750183
0.07771337777376175,0.0062874481081962585,-0.0015260428190231323,0.02072426676750183
0.07771337777376175,0.0062874481081962585,-0.0015260428190231323,0.02072426676750183
0.07771337777376175,0.0062874481081962585,-0.0015260428190231323,0.02072426676750183
0.07771337777376175,0.0062874481081962585,-0.0015260428190231323,0.02072426676750183
0.07771337777376175,0.0062874481081962585,-0.0015260428190231323,0.02072426676750183
0.07771337777376175,0.0062874481081962585,-0.0015260428190231323,0.02072426676750183
0.07771337777376175,0.0062874481081962585,-0.0015260428190231323,0.02072426676750183
0.07771337777376175,0.0062874481081962585,-0.0015260428190231323,0.02072426676750183
0.07771337777376175,0.0062874481081962585,-0.0015260428190231323,0.02072426676750183
0.07771337777376175,0.0062874481081962585,-0.0015260428190231323,0.02072426676750183
0.07771337777376175,0.0062874481081962585,-0.0015260428190231323,0.02072426676750183
0.07771337777376175,0.0062874481081962585,-0.0015260428190231323,0.02072426676750183
0.07771337777376175,0.0062874481081962585,-0.0015260428190231323,0.02072426676750183
0.07771337777376175,0.0062874481081962585,-0.0015260428190231323,0.02072426676750183
0.07771337777376175,0.0062874481081962585,-0.0015260428190231323,0.02072426676750183
0.07771337777376175,0.0062874481081962585,-0.0015260428190231323,0.02072426676750183
0.07771337777376175,0.0062874481081962585,-0.0015260428190231323,0.02072426676750183
0.07771337777376175,0.0062874481081962585,-0.0015260428190231323,0.02072426676750183
0.07771337777376175,0.0062874481081962585,-0.0015260428190231323,0.02072426676750183
0.07771337777376175,0.0062874481081962585,-0.0015260428190231323,0.02072426676750183
0.07771337777376175,0.0062874481081962585,-0.0015260428190231323,0.02072426676750183
0.07771337777376175,0.0062874481081962585,-0.0015260428190231323,0.02072426676750183
0.07771337777376175,0.0062874481081962585,-0.0015260428190231323,0.02072426676750183
0.07771337777376175,0.0062874481081962585,-0.0015260428190231323,0.02072426676750183
0.07771337777376175,0.0062874481081962585,-0.0015260428190231323,0.02072426676750183
0.07771337777376175,0.0062874481081962585,-0.0015260428190231323,0.02072426676750183
0.07771337777376175,0.0062874481081962585,-0.0015260428190231323,0.02072426676750183
0.07771337777376175,0.0062874481081962585,-0.0015260428190231323,0.02072426676750183
0.07771337777376175,0.0062874481081962585,-0.0015260428190231323,0.02072426676750183
0.07771337777376175,0.0062874481081962585,-0.0015260428190231323,0.02072426676750183
0.07771337777376175,0.0062874481081962585,-0.0015260428190231323,0.02072426676750183
0.07771337777376175,0.0062874481081962585,-0.0015260428190231323,0.02072426676750183
0.07771337777376175,0.0062874481081962585,-0.0015260428190231323,0.02072426676750183
0.07771337777376175,0.0062874481081962585,-0.0015260428190231323,0.02072426676750183
0.07771337777376175,0.0062874481081962585,-0.0015260428190231323,0.02072426676750183
0.07771337777376175,0.0062874481081962585,-0.0015260428190231323,0.02072426676750183
0.07771337777376175,0.0062874481081962585,-0.0015260428190231323,0.02072426676750183
0.07771337777376175,0.0062874481081962585,-0.0015260428190231323,0.02072426676750183
0.07771337777376175,0.0062874481081962585,-0.0015260428190231323,0.02072426676750183
0.07771337777376175,0.0062874481081962585,-0.0015260428190231323,0.02072426676750183
0.07771337777376175,0.0062874481081962585,-0.0015260428190231323,0.02072426676750183
0.07771337777376175,0.0062874481081962585,-0.0015260428190231323,0.02072426676750183
0.07771337777376175,0.0062874481081962585,-0.0015260428190231323,0.02072426676750183
0.07771337777376175,0.0062874481081962585,-0.0015260428190231323,0.02072426676750183
0.07771337777376175,0.0062874481081962585,-0.0015260428190231323,0.02072426676750183
0.07771337777376175,0.0062874481081962585,-0.0015260428190231323,0.02072426676750183
0.07771337777376175,0.0062874481081962585,-0.0015260428190231323,0.02072426676750183
0.07771337777376175,0.0062874481081962585,-0.0015260428190231323,0.02072426676750183
0.07771337777376175,0.0062874481081962585,-0.0015260428190231323,0.02072426676750183
0.07771337777376175,0.0062874481081962585,-0.0015260428190231323,0.02072426676750183
0.07771337777376175,0.0062874481081962585,-0.0015260428190231323,0.02072426676750183
0.07771337777376175,0.0062874481081962585,-0.0015260428190231323,0.02072426676750183
0.07771337777376175,0.0062874481081962585,-0.0015260428190231323,0.02072426676750183
0.07771337777376175,0.0062874481081962585,-0.0015260428190231323,0.02072426676750183
0.07771337777376175,0.0062874481081962585,-0.0015260428190231323,0.02072426676750183
0.07771337777376175,0.0062874481081962585,-0.0015260428190231323,0.02072426676750183
0.07771337777376175,0.0062874481081962585,-0.0015260428190231323,0.02072426676750183
0.07771337777376175,0.0062874481081962585,-0.0015260428190231323,0.02072426676750183
0.07771337777376175,0.0062874481081962585,-0.0015260428190231323,0.02072426676750183
0.07771337777376175,0.0062874481081962585,-0.0015260428190231323,0.02072426676750183
0.07771337777376175,0.0062874481081962585,-0.0015260428190231323,0.02072426676750183
0.07771337777376175,0.0062874481081962585,-0.0015260428190231323,0.02072426676750183
0.07771337777376175,0.0062874481081962585,-0.0015260428190231323,0.02072426676750183
0.07771337777376175,0.0062874481081962585,-0.0015260428190231323,0.02072426676750183
0.07771337777376175,0.0062874481081962585,-0.0015260428190231323,0.02072426676750183
0.07771337777376175,0.0062874481081962585,-0.0015260428190231323,0.02072426676750183
0.07771337777376175,0.0062874481081962585,-0.0015260428190231323,0.02072426676750183
0.07771337777376175,0.0062874481081962585,-0.0015260428190231323,0.02072426676750183
0.07771337777376175,0.0062874481081962585,-0.0015260428190231323,0.02072426676750183
0.07771337777376175,0.0062874481081962585,-0.0015260428190231323,0.02072426676750183
0.07771337777376175,0.0062874481081962585,-0.0015260428190231323,0.02072426676750183
0.07771337777376175,0.0062874481081962585,-0.0015260428190231323,0.02072426676750183
0.07771337777376175,0.0062874481081962585,-0.0015260428190231323,0.02072426676750183
0.07771337777376175,0.0062874481081962585,-0.0015260428190231323,0.02072426676750183
0.07771337777376175,0.0062874481081962585,-0.0015260428190231323,0.02072426676750183
0.07771337777376175,0.0062874481081962585,-0.0015260428190231323,0.02072426676750183
0.07771337777376175,0.0062874481081962585,-0.0015260428190231323,0.02072426676750183
0.07771337777376175,0.0062874481081962585,-0.0015260428190231323,0.02072426676750183
0.07771337777376175,0.0062874481081962585,-0.0015260428190231323,0.02072426676750183
0.07771337777376175,0.0062874481081962585,-0.0015260428190231323,0.02072426676750183
0.07771337777376175,0.0062874481081962585,-0.0015260428190231323,0.02072426676750183
0.07771337777376175,0.0062874481081962585,-0.0015260428190231323,0.02072426676750183
0.07771337777376175,0.0062874481081962585,-0.0015260428190231323,0.02072426676750183
0.07771337777376175,0.0062874481081962585,-0.0015260428190231323,0.02072426676750183
0.07771337777376175,0.0062874481081962585,-0.0015260428190231323,0.02072426676750183
0.07771337777376175,0.0062874481081962585,-0.0015260428190231323,0.02072426676750183
0.07771337777376175,0.0062874481081962585,-0.0015260428190231323,0.02072426676750183
0.07771337777376175,0.0062874481081962585,-0.0015260428190231323,0.02072426676750183
0.07771337777376175,0.0062874481081962585,-0.0015260428190231323,0.02072426676750183
0.07771337777376175,0.0062874481081962585,-0.0015260428190231323,0.02072426676750183
0.07771337777376175,0.0062874481081962585,-0.0015260428190231323,0.02072426676750183
0.07771337777376175,0.0062874481081962585,-0.0015260428190231323,0.02072426676750183
0.07771337777376175,0.0062874481081962585,-0.0015260428190231323,0.02072426676750183
0.07771337777376175,0.0062874481081962585,-0.0015260428190231323,0.02072426676750183
0.07771337777376175,0.0062874481081962585,-0.0015260428190231323,0.02072426676750183
0.07771337777376175,0.0062874481081962585,-0.0015260428190231323,0.02072426676750183
0.07771337777376175,0.0062874481081962585,-0.0015260428190231323,0.02072426676750183
0.07771337777376175,0.0062874481081962585,-0.0015260428190231323,0.02072426676750183
0.07771337777376175,0.0062874481081962585,-0.0015260428190231323,0.02072426676750183
0.07771337777376175,0.0062874481081962585,-0.0015260428190231323,0.02072426676750183
0.07771337777376175,0.0062874481081962585,-0.0015260428190231323,0.02072426676750183
0.07771337777376175,0.0062874481081962585,-0.0015260428190231323,0.02072426676750183
0.07771337777376175,0.0062874481081962585,-0.0015260428190231323,0.02072426676750183
0.07771337777376175,0.0062874481081962585,-0.0015260428190231323,0.02072426676750183
0.07771337777376175,0.0062874481081962585,-0.0015260428190231323,0.02072426676750183
0.07771337777376175,0.0062874481081962585,-0.0015260428190231323,0.02072426676750183
0.07771337777376175,0.0062874481081962585,-0.0015260428190231323,0.02072426676750183
0.07771337777376175,0.0062874481081962585,-0.0015260428190231323,0.02072426676750183
0.07771337777376175,0.0062874481081962585,-0.0015260428190231323,0.02072426676750183
0.07771337777376175,0.0062874481081962585,-0.0015260428190231323,0.02072426676750183
0.07771337777376175,0.0062874481081962585,-0.0015260428190231323,0.02072426676750183
0.07771337777376175,0.0062874481081962585,-0.0015260428190231323,0.02072426676750183
0.07771337777376175,0.0062874481081962585,-0.0015260428190231323,0.02072426676750183
0.07771337777376175,0.0062874481081962585,-0.0015260428190231323,0.02072426676750183
0.07771337777376175,0.0062874481081962585,-0.0015260428190231323,0.02072426676750183
0.07771337777376175,0.0062874481081962585,-0.0015260428190231323,0.02072426676750183
0.07771337777376175,0.0062874481081962585,-0.0015260428190231323,0.02072426676750183
0.07771337777376175,0.0062874481081962585,-0.0015260428190231323,0.02072426676750183
0.07771337777376175,0.0062874481081962585,-0.0015260428190231323,0.02072426676750183
0.07771337777376175,0.0062874481081962585,-0.0015260428190231323,0.02072426676750183
0.07771337777376175,0.0062874481081962585,-0.0015260428190231323,0.02072426676750183
0.07771337777376175,0.0062874481081962585,-0.0015260428190231323,0.02072426676750183
0.07771337777376175,0.0062874481081962585,-0.0015260428190231323,0.02072426676750183
0.07771337777376175,0.0062874481081962585,-0.0015260428190231323,0.02072426676750183
0.07771337777376175,0.0062874481081962585,-0.0015260428190231323,0.02072426676750183
0.07771337777376175,0.0062874481081962585,-0.0015260428190231323,0.02072426676750183
0.07771337777376175,0.0062874481081962585,-0.0015260428190231323,0.02072426676750183
0.07771337777376175,0.0062874481081962585,-0.0015260428190231323,0.02072426676750183
0.07771337777376175,0.0062874481081962585,-0.0015260428190231323,0.02072426676750183
0.07771337777376175,0.0062874481081962585,-0.0015260428190231323,0.02072426676750183
0.07771337777376175,0.0062874481081962585,-0.0015260428190231323,0.02072426676750183
0.07771337777376175,0.0062874481081962585,-0.0015260428190231323,0.02072426676750183
0.07771337777376175,0.0062874481081962585,-0.0015260428190231323,0.02072426676750183
0.07771337777376175,0.0062874481081962585,-0.0015260428190231323,0.02072426676750183
0.07771337777376175,0.0062874481081962585,-0.0015260428190231323,0.02072426676750183
0.07771337777376175,0.0062874481081962585,-0.0015260428190231323,0.02072426676750183
0.07771337777376175,0.0062874481081962585,-0.0015260428190231323,0.02072426676750183
0.07771337777376175,0.0062874481081962585,-0.0015260428190231323,0.02072426676750183
0.07771337777376175,0.0062874481081962585,-0.0015260428190231323,0.02072426676750183
0.07771337777376175,0.0062874481081962585,-0.0015260428190231323,0.02072426676750183
0.07771337777376175,0.0062874481081962585,-0.0015260428190231323,0.02072426676750183
0.07771337777376175,0.0062874481081962585,-0.0015260428190231323,0.02072426676750183
0.07771337777376175,0.0062874481081962585,-0.0015260428190231323,0.02072426676750183
0.07771337777376175,0.0062874481081962585,-0.0015260428190231323,0.02072426676750183
0.07771337777376175,0.0062874481081962585,-0.0015260428190231323,0.02072426676750183
0.07771337777376175,0.0062874481081962585,-0.0015260428190231323,0.02072426676750183
0.07771337777376175,0.0062874481081962585,-0.0015260428190231323,0.02072426676750183
0.07771337777376175,0.0062874481081962585,-0.0015260428190231323,0.02072426676750183
0.07771337777376175,0.0062874481081962585,-0.0015260428190231323,0.02072426676750183
0.07771337777376175,0.0062874481081962585,-0.0015260428190231323,0.02072426676750183
0.07771337777376175,0.0062874481081962585,-0.0015260428190231323,0.02072426676750183
0.07771337777376175,0.0062874481081962585,-0.0015260428190231323,0.02072426676750183
0.07771337777376175,0.0062874481081962585,-0.0015260428190231323,0.02072426676750183
0.07771337777376175,0.0062874481081962585,-0.0015260428190231323,0.02072426676750183
