vx,vy,vz,omega_z
0.11737840622663498,0.16745968163013458,0.17811721563339233,0.6312178373336792
0.07147841155529022,0.1988726109266281,0.20629796385765076,0.7879635691642761
0.061641447246074677,0.2009732872247696,0.2072245180606842,0.7951332926750183
0.05986873060464859,0.20119480788707733,0.20724797248840332,0.795466959476471
0.05860867723822594,0.20108665525913239,0.20367521047592163,0.7976999878883362
0.05796736478805542,0.20079533755779266,0.20246034860610962,0.7985976934432983
0.07826898247003555,0.1919688731431961,0.20285829901695251,0.7786086797714233
0.08545443415641785,0.1852518767118454,0.20462602376937866,0.7753669023513794
0.08357562869787216,0.18007631599903107,0.21168828010559082,0.7859393358230591
0.08222387731075287,0.17837895452976227,0.21330547332763672,0.788638710975647
0.08914976567029953,0.16921962797641754,0.19584882259368896,0.8306442499160767
0.09044953435659409,0.16432496905326843,0.19071197509765625,0.8397237062454224
0.0904955118894577,0.14819751679897308,0.1897585690021515,0.8137624263763428
0.0907173752784729,0.14065952599048615,0.19126328825950623,0.809707522392273
0.09527886658906937,0.13935096561908722,0.16658729314804077,0.7852091789245605
0.09661172330379486,0.13884805142879486,0.1596265733242035,0.7831842303276062
0.10223588347434998,0.1357334554195404,0.1589544713497162,0.7971940040588379
0.10183113068342209,0.1333063393831253,0.1591912806034088,0.8017206788063049
0.11827761679887772,0.11692832410335541,0.16531357169151306,0.8081830143928528
0.12084367871284485,0.10956801474094391,0.16874927282333374,0.8112134337425232
0.1156834214925766,0.10634651780128479,0.1658848226070404,0.8119570016860962
0.11337249726057053,0.10428458452224731,0.16551154851913452,0.8115741014480591
0.10030242055654526,0.08593437075614929,0.15499794483184814,0.792140543460846
0.09837979823350906,0.07729172706604004,0.15230530500411987,0.7889363169670105
0.09817968308925629,0.07647925615310669,0.1522826850414276,0.7888051271438599
0.10783606767654419,0.07403066754341125,0.14508551359176636,0.7860369682312012
0.10481038689613342,0.053543925285339355,0.13890066742897034,0.7606140971183777
0.10383406281471252,0.04651820659637451,0.13807284832000732,0.7559685111045837
0.0964638888835907,0.02734367549419403,0.1366174817085266,0.7415609955787659
0.09626609086990356,0.023340806365013123,0.13536864519119263,0.7395182847976685
0.09557799249887466,-0.00019146502017974854,0.13128817081451416,0.7471993565559387
0.09388332068920135,-0.004176922142505646,0.12511098384857178,0.7486354112625122
0.09927485883235931,0.005563206970691681,0.1315925419330597,0.7364457845687866
0.10086669027805328,0.009652376174926758,0.13214772939682007,0.7325687408447266
0.10014484077692032,-0.0018356814980506897,0.12702885270118713,0.7134897112846375
0.10049448907375336,0.001477748155593872,0.12037723511457443,0.7105913758277893
0.10168437659740448,0.0033344849944114685,0.11658503860235214,0.710283100605011
0.09784157574176788,-0.005244731903076172,0.13469284772872925,0.7072620987892151
0.09594244509935379,-0.007735088467597961,0.13914784789085388,0.7066029906272888
0.09563836455345154,-0.007871419191360474,0.13948732614517212,0.7065742611885071
0.09146471321582794,-0.009153664112091064,0.10478954762220383,0.6746419072151184
0.082223080098629,-0.01716754585504532,0.0972108319401741,0.6674855947494507
0.08049678057432175,-0.019589021801948547,0.09571049362421036,0.6669721603393555
0.08023972809314728,-0.019702404737472534,0.09559259563684464,0.6669341921806335
0.07443608343601227,-0.028958279639482498,0.10211189836263657,0.6812936067581177
0.07092562317848206,-0.03125970438122749,0.09893786162137985,0.6847825646400452
0.07471400499343872,-0.04321834072470665,0.10386186093091965,0.6540850400924683
0.07622714340686798,-0.04539196938276291,0.10549534112215042,0.6451499462127686
0.074102021753788,-0.05397103726863861,0.09688370674848557,0.6498388648033142
0.07250580191612244,-0.05598946660757065,0.09310200065374374,0.6516444087028503
0.06952999532222748,-0.06257951259613037,0.08842029422521591,0.6301308870315552
0.06985682994127274,-0.06387415528297424,0.08959854394197464,0.6228183507919312
0.06777318567037582,-0.06308794021606445,0.09217018634080887,0.610595703125
0.06634962558746338,-0.06258688867092133,0.09266716986894608,0.6080479621887207
0.06368322670459747,-0.05756782740354538,0.08891434222459793,0.6077070236206055
0.06325097382068634,-0.05668140947818756,0.08738759905099869,0.6070926189422607
0.06625587493181229,-0.067673459649086,0.07639092952013016,0.5898169279098511
0.0658513605594635,-0.0688469409942627,0.07397808134555817,0.5861510038375854
0.06551602482795715,-0.06988049298524857,0.07717130333185196,0.5773031711578369
0.06535279750823975,-0.07044027000665665,0.08091039955615997,0.5746183395385742
0.06078476086258888,-0.06821383535861969,0.0860084518790245,0.5664094686508179
0.06066698953509331,-0.06730594485998154,0.08798009902238846,0.5642412304878235
0.05555405095219612,-0.06750352680683136,0.07429126650094986,0.5440056324005127
0.057078417390584946,-0.06638424843549728,0.07031024247407913,0.5377267599105835
0.054350338876247406,-0.07178059965372086,0.059645943343639374,0.5173658132553101
0.05584374815225601,-0.07239584624767303,0.057905904948711395,0.5107159614562988
0.054295577108860016,-0.07282727211713791,0.05802639573812485,0.5068889856338501
0.05406465381383896,-0.07264377921819687,0.05762214958667755,0.5056846141815186
0.05000123754143715,-0.07845742255449295,0.05523622781038284,0.4961526393890381
0.04872988164424896,-0.08288202434778214,0.054879166185855865,0.4844047725200653
0.048686299473047256,-0.08328608423471451,0.054904766380786896,0.48125529289245605
0.049184899777173996,-0.08248429745435715,0.057517796754837036,0.4704534411430359
0.05006565898656845,-0.08221595734357834,0.056987226009368896,0.4663375914096832
0.04941634461283684,-0.08386208862066269,0.05901769548654556,0.45735886693000793
0.05042159557342529,-0.08404736965894699,0.059101492166519165,0.4539065659046173
0.04969501495361328,-0.08822645992040634,0.05566120892763138,0.45130598545074463
0.04963652044534683,-0.08884245157241821,0.05385100096464157,0.4505961239337921
0.046984072774648666,-0.09245769679546356,0.04896879196166992,0.44430556893348694
0.04361090809106827,-0.09141936153173447,0.04667660593986511,0.4367676377296448
0.0432918444275856,-0.09078120440244675,0.046949148178100586,0.4348352551460266
0.04321954771876335,-0.09070315957069397,0.046995386481285095,0.4347148835659027
0.03835393115878105,-0.08775384724140167,0.048554062843322754,0.4299732744693756
0.03571998327970505,-0.08554164320230484,0.05094963312149048,0.4212205111980438
0.036153268069028854,-0.0848231241106987,0.05070071667432785,0.41821348667144775
0.03603217005729675,-0.08484465628862381,0.049492113292217255,0.40764057636260986
0.0372270792722702,-0.0842987596988678,0.048518866300582886,0.40322816371917725
0.04020839184522629,-0.08443675935268402,0.04712018370628357,0.39575889706611633
0.04144531860947609,-0.08404801785945892,0.04631631076335907,0.3926422595977783
0.04269733652472496,-0.08432142436504364,0.04399813711643219,0.38731521368026733
0.043491069227457047,-0.08420763909816742,0.04331061989068985,0.38493579626083374
0.0417742095887661,-0.08455107361078262,0.04270566999912262,0.379541277885437
0.0422348752617836,-0.08424001932144165,0.04293372482061386,0.37712353467941284
0.04087938740849495,-0.08515486121177673,0.04555083066225052,0.3706664443016052
0.04155370965600014,-0.08505022525787354,0.045899711549282074,0.3674103021621704
0.0394618883728981,-0.08419881761074066,0.049050092697143555,0.3636089563369751
0.039188314229249954,-0.08376801013946533,0.04979555308818817,0.3621629774570465
0.038951676338911057,-0.08264356851577759,0.04868830740451813,0.3561311960220337
0.0398348905146122,-0.0819230005145073,0.04803261160850525,0.35300272703170776
0.04068324342370033,-0.08061980456113815,0.04380539059638977,0.34575536847114563
0.04217514023184776,-0.07920211553573608,0.03949936479330063,0.3330318331718445
0.044138986617326736,-0.07842734456062317,0.03827483952045441,0.3268434405326843
0.0442141592502594,-0.07989032566547394,0.038565248250961304,0.32015228271484375
0.04515089467167854,-0.08039286732673645,0.03821657598018646,0.31613272428512573
0.044024448841810226,-0.07664857804775238,0.0375298410654068,0.30949854850769043
0.04498077183961868,-0.07529797405004501,0.0372663214802742,0.30513617396354675
0.043271854519844055,-0.07494614273309708,0.039365313947200775,0.3025926947593689
0.043164461851119995,-0.0747729241847992,0.03969419747591019,0.30121904611587524
0.040877651423215866,-0.07257048040628433,0.040844276547431946,0.2954034209251404
0.041165050119161606,-0.07128612697124481,0.040742427110672,0.29182982444763184
0.04104163125157356,-0.07067157328128815,0.04163742810487747,0.2883249819278717
0.04146553575992584,-0.07021798938512802,0.041445061564445496,0.2861170172691345
0.04229028522968292,-0.07003597915172577,0.03942103683948517,0.28242385387420654
0.04297320544719696,-0.06997740268707275,0.03907640278339386,0.2799502909183502
0.04252740740776062,-0.06770847737789154,0.03947897255420685,0.27530163526535034
0.04222849756479263,-0.06489840149879456,0.038748495280742645,0.2687004506587982
0.04275025799870491,-0.06317844986915588,0.03842266649007797,0.2655431926250458
0.042876653373241425,-0.062460124492645264,0.03836923837661743,0.26504942774772644
0.04191949963569641,-0.06193806976079941,0.03728683292865753,0.26167571544647217
0.04222690314054489,-0.06102016195654869,0.03658708930015564,0.25919222831726074
0.04199898615479469,-0.05846822261810303,0.03522081673145294,0.2536025941371918
0.042602188885211945,-0.05717030540108681,0.034574270248413086,0.2499629259109497
0.04302889481186867,-0.055496856570243835,0.035937510430812836,0.24522677063941956
0.04304564744234085,-0.05508508160710335,0.03641635924577713,0.23970746994018555
0.04331925883889198,-0.054718077182769775,0.03585429489612579,0.23748990893363953
0.04322252422571182,-0.05526603013277054,0.03441756218671799,0.2335498183965683
0.04348061606287956,-0.0552612766623497,0.033691465854644775,0.23141740262508392
0.04420239105820656,-0.05593255162239075,0.030551843345165253,0.22705015540122986
0.04476625472307205,-0.05601581931114197,0.030056044459342957,0.22441546618938446
0.04476094990968704,-0.05603228509426117,0.0291285440325737,0.22464607656002045
0.044657692313194275,-0.056694209575653076,0.02866654098033905,0.22318220138549805
0.04474542289972305,-0.057123906910419464,0.028252601623535156,0.22217020392417908
0.045112039893865585,-0.05734273046255112,0.028622247278690338,0.21820023655891418
0.04536714777350426,-0.058118268847465515,0.02886480838060379,0.21628540754318237
0.045755185186862946,-0.05846688896417618,0.030837684869766235,0.21261900663375854
0.045957013964653015,-0.05915284901857376,0.03134748339653015,0.21102377772331238
0.04613243043422699,-0.05953562632203102,0.0323791578412056,0.20446357131004333
0.04654432088136673,-0.059826143085956573,0.032127439975738525,0.20115259289741516
0.04725920408964157,-0.05902300029993057,0.032017990946769714,0.19294501841068268
0.04783546179533005,-0.058873262256383896,0.03189052641391754,0.1891193389892578
0.04801851138472557,-0.05767427012324333,0.03201047331094742,0.18423478305339813
0.04834948852658272,-0.05732022970914841,0.031578801572322845,0.18193140625953674
0.04918164387345314,-0.05507519096136093,0.03396063297986984,0.17454084753990173
0.04955796152353287,-0.05514645203948021,0.03470084071159363,0.17205144464969635
0.050183866173028946,-0.05306965485215187,0.03394829481840134,0.16905544698238373
0.0504608117043972,-0.052680421620607376,0.03353311866521835,0.1679237335920334
0.05073869600892067,-0.05146258696913719,0.03226127475500107,0.16497601568698883
0.05087468773126602,-0.05130574852228165,0.032029882073402405,0.16410762071609497
0.05130484327673912,-0.05053185299038887,0.029661796987056732,0.16385649144649506
0.05141358822584152,-0.05011105537414551,0.02937709540128708,0.1637125015258789
0.05192827433347702,-0.04954453185200691,0.028653107583522797,0.16194990277290344
0.052075985819101334,-0.04972238838672638,0.028470367193222046,0.16143843531608582
0.05368579924106598,-0.049670737236738205,0.026843145489692688,0.15920519828796387
0.0542004257440567,-0.05028712376952171,0.026592418551445007,0.15819351375102997
0.05564459040760994,-0.05126487836241722,0.024880826473236084,0.15403014421463013
0.0568251833319664,-0.05204560607671738,0.02345099300146103,0.14852374792099
0.05728893727064133,-0.052397776395082474,0.02279040589928627,0.14660683274269104
0.05750413239002228,-0.05182315409183502,0.021549105644226074,0.14335237443447113
0.05785760283470154,-0.05166782811284065,0.02114269509911537,0.14174503087997437
0.05767596513032913,-0.05146292969584465,0.02192673087120056,0.14021912217140198
0.0578102245926857,-0.05142321437597275,0.021787971258163452,0.13952511548995972
0.05799958109855652,-0.049938447773456573,0.020559877157211304,0.1368640810251236
0.05824042856693268,-0.0495283305644989,0.02020925283432007,0.13574263453483582
0.05829034000635147,-0.049402378499507904,0.02018434926867485,0.13559550046920776
0.0582117885351181,-0.04836117476224899,0.021477103233337402,0.13287940621376038
0.05852827429771423,-0.04758216813206673,0.021657295525074005,0.1302977055311203
0.05877376347780228,-0.047472402453422546,0.021670088171958923,0.12952455878257751
0.059347011148929596,-0.046234648674726486,0.020566921681165695,0.12618175148963928
0.05978520214557648,-0.04626147076487541,0.02008640021085739,0.12491373717784882
0.06027878820896149,-0.04550371691584587,0.018526878207921982,0.12234996259212494
0.06055896729230881,-0.045408234000205994,0.01779821887612343,0.12144500017166138
0.060872748494148254,-0.0449271984398365,0.016567412763834,0.11872720718383789
0.06149936467409134,-0.044131070375442505,0.016942515969276428,0.11582288891077042
0.06179361045360565,-0.04430989921092987,0.017103705555200577,0.11511048674583435
0.061520740389823914,-0.04415613412857056,0.017485901713371277,0.11338625848293304
0.06154228746891022,-0.04409555345773697,0.017639175057411194,0.11291559040546417
0.061201222240924835,-0.043770793825387955,0.018305141478776932,0.11178262531757355
0.06115984171628952,-0.043722186237573624,0.018325865268707275,0.11154711246490479
0.060557737946510315,-0.043105512857437134,0.01811068132519722,0.11098359525203705
0.060495249927043915,-0.04280118644237518,0.018079765141010284,0.11093200743198395
0.06046799570322037,-0.042489539831876755,0.017432909458875656,0.10964730381965637
0.06055425852537155,-0.04239724949002266,0.017203979194164276,0.10916882753372192
0.06033036857843399,-0.04159777611494064,0.01750735193490982,0.10869292914867401
0.06027812883257866,-0.04128463566303253,0.017411835491657257,0.1086496040225029
0.060335464775562286,-0.04089285433292389,0.016913987696170807,0.10680454969406128
0.060395218431949615,-0.04073425754904747,0.01694783940911293,0.10619927197694778
0.06210397928953171,-0.0393349826335907,0.015565872192382812,0.10399574041366577
0.06261488795280457,-0.03952153027057648,0.015513569116592407,0.10322137176990509
0.06292876601219177,-0.03881244361400604,0.014873217791318893,0.10113834589719772
0.06295578926801682,-0.03861384093761444,0.01518990471959114,0.1004609689116478
0.06330248713493347,-0.03761059418320656,0.015033140778541565,0.09827443957328796
0.06338807940483093,-0.03646441176533699,0.015147853642702103,0.09676089137792587
0.0633353590965271,-0.036307841539382935,0.01527424156665802,0.09649817645549774
0.0641629621386528,-0.035500746220350266,0.014888666570186615,0.09404677897691727
0.06428735703229904,-0.03547234088182449,0.015190709382295609,0.09317430108785629
0.06478489190340042,-0.03495187684893608,0.015466049313545227,0.09115394949913025
0.0648721307516098,-0.03496463969349861,0.01580129936337471,0.09049563854932785
0.06532038003206253,-0.034347034990787506,0.016106802970170975,0.08852550387382507
0.06545596569776535,-0.03427362069487572,0.016455862671136856,0.08779605478048325
0.06592857092618942,-0.0338808111846447,0.01627090573310852,0.08552827686071396
0.06599511206150055,-0.0337650291621685,0.0163394995033741,0.08479586243629456
0.06569772213697433,-0.03430262953042984,0.015796463936567307,0.08291085809469223
0.06561339646577835,-0.03442302346229553,0.015638235956430435,0.08227139711380005
0.06524383276700974,-0.03427297994494438,0.015733230859041214,0.08148277550935745
0.0651327595114708,-0.03414316475391388,0.01567753404378891,0.08119790256023407
0.06485936790704727,-0.033351242542266846,0.016506992280483246,0.08135095238685608
0.0647483617067337,-0.033068589866161346,0.01693272590637207,0.08150792121887207
0.06468097865581512,-0.03271276503801346,0.016725216060876846,0.08022626489400864
0.06462244689464569,-0.03243517503142357,0.0168277807533741,0.07976888120174408
0.06476505845785141,-0.031877629458904266,0.017374929040670395,0.07865788787603378
0.06472547352313995,-0.03172338008880615,0.017781775444746017,0.07830362021923065
0.06465233862400055,-0.03091369941830635,0.017303507775068283,0.0775909349322319
0.06466624140739441,-0.03067890554666519,0.017262879759073257,0.0773271694779396
0.0644339993596077,-0.02958078309893608,0.015727266669273376,0.07623393833637238
0.06528663635253906,-0.028105512261390686,0.0157586969435215,0.07490628957748413
0.06550517678260803,-0.028021451085805893,0.016066767275333405,0.07456576824188232
0.06586365401744843,-0.027209147810935974,0.016738388687372208,0.07307259738445282
0.06590288877487183,-0.027003522962331772,0.01701761782169342,0.07263831794261932
0.06632724404335022,-0.0263817198574543,0.01684519648551941,0.07107806205749512
0.0664423257112503,-0.026237428188323975,0.01696782559156418,0.07046043872833252
0.06696119904518127,-0.025938130915164948,0.016961295157670975,0.06999645382165909
0.06706313043832779,-0.02597970888018608,0.017253752797842026,0.06969485431909561
0.06750321388244629,-0.02501445636153221,0.01709732785820961,0.06890569627285004
0.06759616732597351,-0.024661384522914886,0.017452601343393326,0.06852632761001587
0.06829819083213806,-0.023838132619857788,0.016126032918691635,0.06740645319223404
0.06877416372299194,-0.02356281876564026,0.014269586652517319,0.06603910028934479
0.06898967921733856,-0.023747194558382034,0.013797171413898468,0.06556323170661926
0.06879881024360657,-0.023967362940311432,0.013290535658597946,0.06612643599510193
0.06879885494709015,-0.024060718715190887,0.013255778700113297,0.06633083522319794
0.06875846534967422,-0.02428773045539856,0.012405771762132645,0.066086545586586
0.06885340809822083,-0.024432510137557983,0.012365125119686127,0.06595958769321442
0.06929932534694672,-0.02477382868528366,0.01040378212928772,0.06420271098613739
0.06957094371318817,-0.02486441284418106,0.009708240628242493,0.06340916454792023
0.0697314664721489,-0.024875767529010773,0.009959228336811066,0.062173664569854736
0.06980278342962265,-0.024454984813928604,0.01104036346077919,0.06155857443809509
0.06979092210531235,-0.024389412254095078,0.011451024562120438,0.061608441174030304
0.07019965350627899,-0.024621911346912384,0.011556323617696762,0.06001869589090347
0.07028535008430481,-0.024618420749902725,0.01169402152299881,0.05938619375228882
0.07029671221971512,-0.024660442024469376,0.0117114819586277,0.05931253731250763
0.07023655623197556,-0.02474069595336914,0.010827746242284775,0.059722721576690674
0.0701993852853775,-0.024448823183774948,0.010589778423309326,0.059630051255226135
0.0702764019370079,-0.023787733167409897,0.011911384761333466,0.05894654244184494
0.07019534707069397,-0.02294689416885376,0.011731468141078949,0.05866118520498276
0.07006696611642838,-0.022411677986383438,0.01165996864438057,0.05830980837345123
0.06966615468263626,-0.02191220223903656,0.011795151978731155,0.05785202234983444
0.0695144310593605,-0.02148549258708954,0.011980228126049042,0.05767664313316345
0.06936557590961456,-0.021225295960903168,0.011885646730661392,0.055611997842788696
0.06942085921764374,-0.021412253379821777,0.011692807078361511,0.05506665259599686
0.06964239478111267,-0.020681418478488922,0.0099584199488163,0.05291438847780228
0.06992208957672119,-0.020436100661754608,0.009328078478574753,0.05211810767650604
0.07014331966638565,-0.01856822520494461,0.008730683475732803,0.051836125552654266
0.07025346159934998,-0.01781029999256134,0.008616957813501358,0.05153962969779968
0.0699663981795311,-0.018026195466518402,0.008188579231500626,0.0512324795126915
0.06995189189910889,-0.018258914351463318,0.008127491921186447,0.05129404366016388
0.06978778541088104,-0.018519259989261627,0.007027838379144669,0.0513962060213089
0.06985026597976685,-0.018775776028633118,0.00659339502453804,0.05155940353870392
0.07020238041877747,-0.018688254058361053,0.006301224231719971,0.0509437620639801
0.06999899446964264,-0.019475333392620087,0.006199751049280167,0.050919026136398315
0.06990250945091248,-0.019883476197719574,0.006064567714929581,0.051102787256240845
0.06988664716482162,-0.019983120262622833,0.006045632064342499,0.051131412386894226
0.07027708739042282,-0.019976824522018433,0.0061979107558727264,0.04901989549398422
0.07023051381111145,-0.019833266735076904,0.0061416104435920715,0.04813459515571594
0.07047664374113083,-0.01999080181121826,0.0074210017919540405,0.04773027449846268
0.07071909308433533,-0.01983819156885147,0.007014922797679901,0.04731535166501999
0.07068222761154175,-0.019649997353553772,0.006866093724966049,0.046833544969558716
0.07060440629720688,-0.020529240369796753,0.005770273506641388,0.04815712571144104
0.07056403160095215,-0.02066045254468918,0.005464326590299606,0.04845806211233139
0.06992170214653015,-0.022104717791080475,0.005544897168874741,0.05008893460035324
0.06965917348861694,-0.022520143538713455,0.005545143038034439,0.05074859410524368
0.06910325586795807,-0.023036029189825058,0.006458211690187454,0.051369138062000275
0.06884611397981644,-0.02314496785402298,0.006774280220270157,0.05175342410802841
0.06937850266695023,-0.022363312542438507,0.00701112300157547,0.050404228270053864
0.07004737108945847,-0.021690577268600464,0.0073545463383197784,0.048662714660167694
0.07018962502479553,-0.02146255224943161,0.007662639021873474,0.048136934638023376
0.07041957974433899,-0.020945526659488678,0.007650628685951233,0.046203672885894775
0.07047108560800552,-0.020681343972682953,0.0077719129621982574,0.04539332538843155
0.07043059170246124,-0.020919904112815857,0.007293112576007843,0.045623183250427246
0.07040166854858398,-0.020809657871723175,0.007125295698642731,0.045503392815589905
0.07022588700056076,-0.02071192115545273,0.006778333336114883,0.0454462394118309
0.07015950232744217,-0.020548321306705475,0.006695277988910675,0.04522501677274704
0.07030801475048065,-0.019469529390335083,0.006663184612989426,0.04426003247499466
0.07031086087226868,-0.018873579800128937,0.00674772635102272,0.043727874755859375
0.0708947703242302,-0.01818758249282837,0.00696709007024765,0.04332023859024048
0.0710027739405632,-0.017905831336975098,0.007088329643011093,0.04316937178373337
0.0715014860033989,-0.01772204041481018,0.00664190948009491,0.04154802858829498
0.07172492146492004,-0.01772715151309967,0.006575729697942734,0.04104960709810257
0.07181520015001297,-0.017539188265800476,0.00683443620800972,0.0409875363111496
0.07187432050704956,-0.017155110836029053,0.006576642394065857,0.040706343948841095
0.07195907831192017,-0.017095699906349182,0.0064954087138175964,0.04062754660844803
0.07210519909858704,-0.01689206063747406,0.005633793771266937,0.04008610546588898
0.07227534055709839,-0.016928181052207947,0.005347095429897308,0.039834968745708466
0.07230255007743835,-0.016932517290115356,0.005264453589916229,0.03974977880716324
0.07232952117919922,-0.016912385821342468,0.005185727030038834,0.03971986472606659
0.07231947779655457,-0.017049536108970642,0.00484151765704155,0.039886511862277985
0.07227196544408798,-0.016764573752880096,0.0046250298619270325,0.039699092507362366
0.07257034629583359,-0.01624937355518341,0.004511792212724686,0.038345225155353546
0.07267103344202042,-0.016019195318222046,0.004481911659240723,0.03777759522199631
0.07292214035987854,-0.015190929174423218,0.003973361104726791,0.03650371730327606
0.0730273574590683,-0.014727912843227386,0.0038495324552059174,0.03580061346292496
0.07273950427770615,-0.014063850045204163,0.00343453511595726,0.036578983068466187
0.0726635754108429,-0.013632647693157196,0.0033315159380435944,0.036831893026828766
0.07294858992099762,-0.012951888144016266,0.0030865147709846497,0.036350660026073456
0.07338089495897293,-0.01260676234960556,0.002835974097251892,0.03581147640943527
0.07347693294286728,-0.012449868023395538,0.0027496516704559326,0.035606130957603455
0.07343249768018723,-0.012464255094528198,0.002441462129354477,0.03509003669023514
0.0734555795788765,-0.012357734143733978,0.0023837797343730927,0.034869179129600525
0.07333163172006607,-0.012069165706634521,0.0014850348234176636,0.035272493958473206
0.07336284965276718,-0.011809714138507843,0.0012639202177524567,0.035310693085193634
0.07378294318914413,-0.011562466621398926,0.0007423236966133118,0.034975484013557434
0.07394880801439285,-0.011466950178146362,0.0006630867719650269,0.034718215465545654
0.07466594874858856,-0.01096053421497345,0.0005717389285564423,0.033889755606651306
0.07482919096946716,-0.010724171996116638,0.0005200542509555817,0.03331620991230011
0.07504076510667801,-0.00997355580329895,0.0006099455058574677,0.03218287229537964
0.07511723041534424,-0.009714305400848389,0.0006310045719146729,0.031637221574783325
0.07519948482513428,-0.009640909731388092,0.0004800036549568176,0.030936360359191895
0.07520672678947449,-0.009436920285224915,0.00047324225306510925,0.030576586723327637
0.07519741356372833,-0.009003400802612305,0.00010778382420539856,0.03082829713821411
0.0751454159617424,-0.008502542972564697,2.785399556159973e-05,0.030781209468841553
0.07507830113172531,-0.008527837693691254,0.0002520717680454254,0.02983716130256653
0.07517814636230469,-0.008425101637840271,0.0004870295524597168,0.02886277437210083
0.07525408267974854,-0.008515365421772003,0.0005417913198471069,0.02872513234615326
0.07547765225172043,-0.008373215794563293,0.0007111616432666779,0.028506308794021606
0.07551076263189316,-0.008343793451786041,0.0007486864924430847,0.028460711240768433
0.07530095428228378,-0.008374005556106567,0.0010362714529037476,0.029500886797904968
0.07519813627004623,-0.008370168507099152,0.0010865665972232819,0.029965132474899292
0.07539644837379456,-0.008523032069206238,0.0007985681295394897,0.030584290623664856
0.07532617449760437,-0.008181162178516388,0.00022602826356887817,0.030490636825561523
0.07529150694608688,-0.007860511541366577,3.1519681215286255e-05,0.0302402526140213
0.0752839744091034,-0.007800288498401642,8.374452590942383e-06,0.030194029211997986
0.07513488829135895,-0.007795654237270355,-0.00022592023015022278,0.029497608542442322
0.07516197115182877,-0.007688112556934357,-0.0004880167543888092,0.027882158756256104
0.07524481415748596,-0.007672235369682312,-0.0005045831203460693,0.027325525879859924
0.07551669329404831,-0.007424689829349518,-0.00034476444125175476,0.02711339294910431
0.07555919885635376,-0.007149025797843933,-0.00016606226563453674,0.026980966329574585
0.07564123719930649,-0.0068436190485954285,-0.0004778839647769928,0.027232646942138672
0.07568112760782242,-0.006650418043136597,-0.0006036907434463501,0.02727609872817993
0.07577432692050934,-0.00648864358663559,-0.00039184093475341797,0.027883335947990417
0.07575993239879608,-0.006329245865345001,-0.00027748197317123413,0.02802598476409912
0.07593927532434464,-0.00597187876701355,-0.0010120347142219543,0.027882054448127747
0.0760253518819809,-0.005897313356399536,-0.001469891518354416,0.027671396732330322
0.07581032067537308,-0.005455814301967621,-0.0010930411517620087,0.02794383466243744
0.07568985968828201,-0.005250357091426849,-0.0010401904582977295,0.02816268801689148
0.07567233592271805,-0.005044527351856232,-0.0008943416178226471,0.028101056814193726
0.07563409209251404,-0.004796452820301056,-0.0008270479738712311,0.027949467301368713
0.07583960145711899,-0.005166836082935333,-0.0015551112592220306,0.027274250984191895
0.07633667439222336,-0.0057138800621032715,-0.0017674490809440613,0.026434168219566345
0.07684344798326492,-0.005822330713272095,-0.0017644427716732025,0.02487318217754364
0.07700320333242416,-0.005989871919155121,-0.001771390438079834,0.024436578154563904
0.07703319191932678,-0.0060720741748809814,-0.0017700642347335815,0.024386361241340637
0.07708045095205307,-0.005897253751754761,-0.0011883191764354706,0.023732900619506836
0.07707995176315308,-0.005907095968723297,-0.0009039565920829773,0.023538202047348022
0.0770779550075531,-0.005599379539489746,-0.00016493722796440125,0.02390490472316742
0.077121801674366,-0.0057647451758384705,0.00010626763105392456,0.024343371391296387
0.07713339477777481,-0.005910344421863556,0.00014724954962730408,0.02449902892112732
0.07709305733442307,-0.00571528822183609,0.0003946274518966675,0.02454090118408203
0.07706129550933838,-0.005480945110321045,0.0004903674125671387,0.024578407406806946
0.07687869668006897,-0.005239136517047882,0.00012792646884918213,0.024937540292739868
0.07685623317956924,-0.004975631833076477,2.4888664484024048e-05,0.025048062205314636
0.07672995328903198,-0.004453673958778381,3.254041075706482e-05,0.024958789348602295
0.07652948796749115,-0.0038735121488571167,-0.00011555850505828857,0.024693697690963745
0.07649733871221542,-0.0036766231060028076,-0.00017818808555603027,0.024626195430755615
0.07649555802345276,-0.003370635211467743,-0.0007201768457889557,0.02460220456123352
0.07651308178901672,-0.0031383857131004333,-0.0008525550365447998,0.02443365752696991
0.07648543268442154,-0.0027514249086380005,-0.0009244196116924286,0.02489510178565979
0.07639838755130768,-0.0024078115820884705,-0.0009492188692092896,0.02492751181125641
0.0762365385890007,-0.0024528130888938904,-0.0005402080714702606,0.02535368502140045
0.07614094018936157,-0.0024116039276123047,-0.00039207562804222107,0.02553345263004303
0.07612006366252899,-0.0023926571011543274,-0.0003750845789909363,0.02555270493030548
0.07583391666412354,-0.002419605851173401,8.299946784973145e-05,0.025126859545707703
0.0757913589477539,-0.002780340611934662,3.7923455238342285e-06,0.02517843246459961
0.07579047232866287,-0.0026673972606658936,-4.3895095586776733e-05,0.025146275758743286
0.07581370323896408,-0.002477310597896576,-0.00033621862530708313,0.024039357900619507
0.07587675750255585,-0.0024264827370643616,-0.000405680388212204,0.023624807596206665
0.07590685039758682,-0.002307325601577759,-0.001260850578546524,0.02241775393486023
0.07598894834518433,-0.0023591741919517517,-0.0016187913715839386,0.021863043308258057
0.07601702213287354,-0.0024029389023780823,-0.001843564212322235,0.021045997738838196
0.07606856524944305,-0.002493634819984436,-0.001879040151834488,0.02078162133693695
0.07611487805843353,-0.002526499330997467,-0.0020531974732875824,0.020417243242263794
0.07616796344518661,-0.0025104209780693054,-0.002106625586748123,0.020337209105491638
0.0759352296590805,-0.0025770440697669983,-0.002184174954891205,0.0210191011428833
0.07585214823484421,-0.002409309148788452,-0.0021919794380664825,0.021213814616203308
0.0759221762418747,-0.001997247338294983,-0.001962915062904358,0.021605834364891052
0.07592393457889557,-0.0015212297439575195,-0.001728001981973648,0.021608546376228333
0.07590257376432419,-0.0013521015644073486,-0.0016704648733139038,0.021565541625022888
0.07601732015609741,-0.0013296529650688171,-0.0015368647873401642,0.0214078426361084
0.07604857534170151,-0.0013471394777297974,-0.0014881417155265808,0.021331951022148132
0.0761619284749031,-0.00155562162399292,-0.0008680187165737152,0.021836742758750916
0.07611314207315445,-0.0015885606408119202,-0.0006640329957008362,0.022028803825378418
0.0763317421078682,-0.0016380846500396729,-0.0006913319230079651,0.022563964128494263
0.07667979598045349,-0.0016490742564201355,-0.0007624290883541107,0.022559672594070435
0.07676240801811218,-0.0017955899238586426,-0.0007871538400650024,0.022480249404907227
0.07664334028959274,-0.0017992332577705383,-0.0007455535233020782,0.023095741868019104
0.07658245414495468,-0.0017791688442230225,-0.000716131180524826,0.02336527407169342
0.0765700489282608,-0.001764550805091858,-0.0007116533815860748,0.023404672741889954
0.07636986672878265,-0.0008216649293899536,-0.0002574250102043152,0.023853570222854614
0.07613901048898697,9.725242853164673e-05,-0.0004574134945869446,0.023784294724464417
0.07611426711082458,0.00029759854078292847,-0.0005581788718700409,0.023689821362495422
0.07621295005083084,0.00011635571718215942,-0.0009040199220180511,0.023904070258140564
0.07626921683549881,5.885213613510132e-05,-0.000986337661743164,0.02392461895942688
0.07614995539188385,8.337199687957764e-05,-0.000841137021780014,0.02388662099838257
0.076100192964077,6.65709376335144e-05,-0.000818740576505661,0.023883536458015442
0.07600270211696625,-9.015947580337524e-05,-0.0008387342095375061,0.023496851325035095
0.07626207172870636,0.00012733787298202515,-0.0007102265954017639,0.02270728349685669
0.076308973133564,0.00043487548828125,-0.0006683208048343658,0.0224209725856781
0.07633914798498154,0.0007730349898338318,-0.0006609894335269928,0.022151276469230652
0.0763430967926979,0.0008620917797088623,-0.0006605163216590881,0.02205948531627655
0.07639113068580627,0.0010055825114250183,-0.0009277313947677612,0.02151373028755188
0.07643385976552963,0.0011273324489593506,-0.0010279938578605652,0.02123551070690155
0.07645918428897858,0.0012845546007156372,-0.0010789968073368073,0.020922020077705383
0.0764634907245636,0.001346006989479065,-0.0010973289608955383,0.02076070010662079
0.07640490680932999,0.0012145638465881348,-0.0008238852024078369,0.0208408385515213
0.07636873424053192,0.0011671707034111023,-0.0007449239492416382,0.020911991596221924
0.07634808123111725,0.0010993331670761108,-0.0006897449493408203,0.020871922373771667
0.07633285969495773,0.0010377243161201477,-0.0007004514336585999,0.02088862657546997
0.07632782310247421,0.00100785493850708,-0.0007138252258300781,0.02089489996433258
0.0763271152973175,0.0010016411542892456,-0.0007156655192375183,0.020894959568977356
0.07623101025819778,0.0009114816784858704,-0.0008091293275356293,0.02099040150642395
0.0762113481760025,0.0007865279912948608,-0.0008761174976825714,0.02106088399887085
0.07621628046035767,0.0007285848259925842,-0.0008942000567913055,0.021071672439575195
0.07622164487838745,0.0006891340017318726,-0.0008927024900913239,0.02122172713279724
0.07621800899505615,0.0006930530071258545,-0.0008858665823936462,0.021263539791107178
0.07618214935064316,0.0006617903709411621,-0.0009684115648269653,0.02130122482776642
0.07617737352848053,0.0006458014249801636,-0.0010030120611190796,0.021286875009536743
0.07616954296827316,0.0005784779787063599,-0.0009670108556747437,0.021290212869644165
0.0761605054140091,0.0005422830581665039,-0.0009534507989883423,0.021302029490470886
0.07615898549556732,0.0003986433148384094,-0.0010034739971160889,0.021441936492919922
0.07614925503730774,0.0001460835337638855,-0.0010897442698478699,0.021602079272270203
0.07614021003246307,0.00010526925325393677,-0.0011222586035728455,0.021620169281959534
0.07613839209079742,9.974837303161621e-05,-0.001126650720834732,0.021620094776153564
0.07619728893041611,-7.48559832572937e-05,-0.0010355152189731598,0.022298187017440796
0.07635721564292908,0.0001387074589729309,-0.0009659714996814728,0.022857055068016052
0.07637480646371841,0.0002766922116279602,-0.0009267181158065796,0.022951126098632812
0.07645541429519653,0.00036081671714782715,-0.0008175298571586609,0.023885458707809448
0.07641098648309708,0.0004470646381378174,-0.0007491633296012878,0.024144023656845093
0.076435886323452,0.0005013346672058105,-0.0005711279809474945,0.024879485368728638
0.07641015201807022,0.0005060732364654541,-0.0005310215055942535,0.025197535753250122
0.07624492049217224,0.0007561743259429932,-0.00044384226202964783,0.02530430257320404
0.0761975422501564,0.0008001849055290222,-0.0003997012972831726,0.02541297674179077
0.07623549550771713,0.00031293928623199463,-0.00023087486624717712,0.025486722588539124
0.07604184001684189,0.00036346912384033203,-0.0002130642533302307,0.0256030410528183
0.07591719180345535,0.0006039291620254517,-0.00028564780950546265,0.02546118199825287
0.07571384310722351,0.0005778670310974121,-0.0005196072161197662,0.02577786147594452
0.0756736472249031,0.0004637390375137329,-0.0006861425936222076,0.02584095299243927
0.0758281871676445,0.0005963891744613647,-0.0012946389615535736,0.026354387402534485
0.07591557502746582,0.0006308704614639282,-0.0014356672763824463,0.02646411955356598
0.07615780085325241,0.001145094633102417,-0.0017724893987178802,0.025319457054138184
0.07625897228717804,0.0015565454959869385,-0.00186099112033844,0.02483658492565155
0.07624062895774841,0.002224534749984741,-0.0015369541943073273,0.02516302466392517
0.07616342604160309,0.002622738480567932,-0.0013620518147945404,0.025269508361816406
0.0761706531047821,0.002958625555038452,-0.0004558749496936798,0.025120601058006287
0.07671047002077103,0.003638148307800293,-0.0004953667521476746,0.025017529726028442
0.07679957896471024,0.003926537930965424,-0.0004898495972156525,0.02481505274772644
0.07681062072515488,0.0037413686513900757,-0.0006780549883842468,0.02473483979701996
0.0768430307507515,0.003634147346019745,-0.0007015466690063477,0.024636700749397278
0.07683559507131577,0.003567047417163849,-0.0013209283351898193,0.024279549717903137
0.07687970995903015,0.003669440746307373,-0.0015670359134674072,0.024104580283164978
0.07705419510602951,0.004035063087940216,-0.0014163590967655182,0.023596912622451782
0.07710053771734238,0.004323117434978485,-0.0012927092611789703,0.023436561226844788
0.07738558202981949,0.004602424800395966,-0.0012025944888591766,0.02263067662715912
0.07750416547060013,0.004629909992218018,-0.0012092739343643188,0.022324740886688232
0.07756298780441284,0.0046775564551353455,-0.0010611601173877716,0.022315070033073425
0.0776156559586525,0.0045883432030677795,-0.0010130442678928375,0.02237863838672638
0.07760536670684814,0.0046416521072387695,-0.0009727180004119873,0.02210049331188202
0.07760822027921677,0.004668831825256348,-0.00099969282746315,0.022009849548339844
0.0775570422410965,0.004910968244075775,-0.0008381307125091553,0.022363081574440002
0.07746978849172592,0.005064144730567932,-0.0008024312555789948,0.022285684943199158
0.07742608338594437,0.005161285400390625,-0.0008414611220359802,0.022216245532035828
0.07740003615617752,0.00501810759305954,-0.0012996010482311249,0.02236020565032959
0.07733731716871262,0.005198925733566284,-0.0013252906501293182,0.022158309817314148
0.07730317115783691,0.005349203944206238,-0.0013128817081451416,0.022102385759353638
0.07729488611221313,0.0053729042410850525,-0.0013114474713802338,0.02209565043449402
0.07728946954011917,0.00536298006772995,-0.0013322122395038605,0.022196561098098755
0.07728520780801773,0.00535111129283905,-0.001328844577074051,0.022232234477996826
0.07729271054267883,0.005334921181201935,-0.0013649165630340576,0.022247210144996643
0.0772981271147728,0.005315802991390228,-0.0013792067766189575,0.02224782109260559
0.07729730755090714,0.005316592752933502,-0.0013694651424884796,0.022240594029426575
0.07729589194059372,0.005321778357028961,-0.0013653822243213654,0.02223944664001465
0.07728934288024902,0.005334049463272095,-0.001339409500360489,0.02223542332649231
0.07728537917137146,0.0053476616740226746,-0.001329168677330017,0.022236406803131104
0.07728591561317444,0.005354240536689758,-0.0013186261057853699,0.022198781371116638
0.07728732377290726,0.005360253155231476,-0.0013188943266868591,0.022185519337654114
0.07728872448205948,0.005364522337913513,-0.0013125874102115631,0.022163033485412598
0.07728941738605499,0.005367457866668701,-0.0013119392096996307,0.022156119346618652
0.07729076594114304,0.00537446141242981,-0.0013068914413452148,0.022112339735031128
0.07729260623455048,0.005379222333431244,-0.0013105794787406921,0.0220964252948761
0.07729420065879822,0.005379438400268555,-0.0013104118406772614,0.022087007761001587
0.0772942453622818,0.005381040275096893,-0.001310352236032486,0.022084087133407593
0.07729371637105942,0.005386471748352051,-0.0013390220701694489,0.022125229239463806
0.07728160917758942,0.0054039135575294495,-0.0013484694063663483,0.022121697664260864
0.07728012651205063,0.005408085882663727,-0.001353040337562561,0.022120356559753418
0.07729443907737732,0.0053541213274002075,-0.0014928877353668213,0.022205889225006104
0.07731261849403381,0.005301140248775482,-0.001543685793876648,0.022217392921447754
0.07733723521232605,0.005236364901065826,-0.0016380995512008667,0.02227798104286194
0.07734424620866776,0.005208007991313934,-0.0016608424484729767,0.02228708565235138
0.07737083733081818,0.005205243825912476,-0.0016374215483665466,0.022332966327667236
0.0773610770702362,0.005236499011516571,-0.0015954561531543732,0.022347882390022278
0.07740476727485657,0.0052576735615730286,-0.0015185512602329254,0.022322416305541992
0.07739895582199097,0.00526195764541626,-0.0013459883630275726,0.022278741002082825
0.077396921813488,0.005241222679615021,-0.0012984611093997955,0.022291839122772217
0.07739584147930145,0.005184046924114227,-0.0013372637331485748,0.02235330641269684
0.07741288840770721,0.005106523633003235,-0.0013629905879497528,0.022374674677848816
0.07739218324422836,0.005086734890937805,-0.0013195611536502838,0.022340446710586548
0.07739399373531342,0.005053333938121796,-0.001317434012889862,0.02234548330307007
0.07739634811878204,0.005160994827747345,-0.001066315919160843,0.02224823832511902
0.07739812135696411,0.005174197256565094,-0.000976264476776123,0.022260308265686035
0.07746677100658417,0.005315221846103668,-0.0008189044892787933,0.022324442863464355
0.077488474547863,0.005329228937625885,-0.0007378682494163513,0.022359371185302734
0.07748926430940628,0.005219206213951111,-0.0009964331984519958,0.02248862385749817
0.07749892771244049,0.005071297287940979,-0.0009675696492195129,0.022450461983680725
0.07751105725765228,0.005022309720516205,-0.0009398125112056732,0.022467032074928284
0.07751260697841644,0.0050314366817474365,-0.0009167194366455078,0.022353515028953552
0.07752065360546112,0.00502825528383255,-0.0009318999946117401,0.022315293550491333
0.07762132585048676,0.004927180707454681,-0.000874001532793045,0.022037848830223083
0.07767631113529205,0.004747085273265839,-0.0008372552692890167,0.021962612867355347
0.07757258415222168,0.004630535840988159,-0.0010383650660514832,0.02213418483734131
0.07751905173063278,0.004602573812007904,-0.0010800734162330627,0.02216242253780365
0.0775158479809761,0.004390686750411987,-0.001194927841424942,0.022525623440742493
0.07743731141090393,0.004512801766395569,-0.0013803690671920776,0.023083999752998352
0.07737727463245392,0.004722520709037781,-0.001384105533361435,0.023215636610984802
0.07736319303512573,0.004765555262565613,-0.0013819485902786255,0.02323010563850403
0.07741245627403259,0.005033016204833984,-0.0015430152416229248,0.023072004318237305
0.07737036049365997,0.005439750850200653,-0.0017932206392288208,0.023256003856658936
0.07734591513872147,0.005488507449626923,-0.0018282867968082428,0.02331504225730896
0.07727839052677155,0.005497738718986511,-0.00175577774643898,0.023579522967338562
0.0772005170583725,0.005585372447967529,-0.0017637461423873901,0.023684337735176086
0.07722345739603043,0.005723878741264343,-0.0016318410634994507,0.023320138454437256
0.07725512236356735,0.005779825150966644,-0.0016224682331085205,0.02322566509246826
0.07710544019937515,0.005713187158107758,-0.0015985369682312012,0.023212864995002747
0.0771288126707077,0.005629539489746094,-0.0016233883798122406,0.023231804370880127
0.07712039351463318,0.005591139197349548,-0.0013935528695583344,0.023072555661201477
0.07711174339056015,0.005578495562076569,-0.001325845718383789,0.023045942187309265
0.07706642150878906,0.005504436790943146,-0.001603003591299057,0.022933870553970337
0.0769815668463707,0.005729511380195618,-0.0020482391119003296,0.02187114953994751
0.07709704339504242,0.005410552024841309,-0.0022888779640197754,0.02151668071746826
0.07702530920505524,0.005418211221694946,-0.0024265795946121216,0.021456152200698853
0.07698705047369003,0.005459621548652649,-0.0023970715701580048,0.021454960107803345
0.07697970420122147,0.005470253527164459,-0.0023907124996185303,0.021458551287651062
0.07697843015193939,0.00547395646572113,-0.002389967441558838,0.021459221839904785
0.07697821408510208,0.005475208163261414,-0.002389870584011078,0.021459326148033142
0.0769781768321991,0.005475617945194244,-0.002389863133430481,0.021459341049194336
0.07691441476345062,0.005597226321697235,-0.002125084400177002,0.02128523588180542
0.0773068219423294,0.005352094769477844,-0.002317804843187332,0.022909075021743774
0.07722661644220352,0.0058741942048072815,-0.0022198334336280823,0.023377031087875366
0.077569879591465,0.0060377418994903564,-0.0014440938830375671,0.021769776940345764
0.07779733091592789,0.005657464265823364,-0.0012474358081817627,0.021309614181518555
0.07749950140714645,0.0049979835748672485,-0.0012907125055789948,0.021885007619857788
0.07729887962341309,0.005242407321929932,-0.001296546310186386,0.022093206644058228
0.07729295641183853,0.005286231637001038,-0.0015240460634231567,0.022390350699424744
0.07729998230934143,0.005258053541183472,-0.001581527292728424,0.022456809878349304
0.0773015022277832,0.005256623029708862,-0.0015875175595283508,0.02244885265827179
0.0773019939661026,0.005256772041320801,-0.0015884041786193848,0.022444352507591248
0.07730212807655334,0.005256988108158112,-0.0015885084867477417,0.022443756461143494
0.07730214297771454,0.005257099866867065,-0.0015885084867477417,0.022443681955337524
0.07730214297771454,0.005257129669189453,-0.0015885084867477417,0.022443681955337524
0.07730214297771454,0.005257152020931244,-0.0015885084867477417,0.022443681955337524
0.07730214297771454,0.005257152020931244,-0.0015885084867477417,0.022443681955337524
0.07732135057449341,0.0051369816064834595,-0.001969527453184128,0.022136196494102478
0.07738490402698517,0.005029179155826569,-0.0021836385130882263,0.021976768970489502
0.07756324857473373,0.00552145391702652,-0.0017651282250881195,0.021727904677391052
0.07761609554290771,0.005897410213947296,-0.0016058310866355896,0.02122141420841217
0.07765467464923859,0.005928151309490204,-0.001644417643547058,0.021036237478256226
0.07773523777723312,0.006183885037899017,-0.0014284402132034302,0.02078726887702942
0.0777461901307106,0.00631539523601532,-0.001335088163614273,0.02072855830192566
0.07764201611280441,0.006001949310302734,-0.0012932568788528442,0.020787090063095093
0.07769443839788437,0.005637131631374359,-0.0013385824859142303,0.020888060331344604
0.0777117982506752,0.005585826933383942,-0.0013456754386425018,0.020904257893562317
0.07771513611078262,0.005578480660915375,-0.0013464130461215973,0.020907700061798096
0.07771573215723038,0.005576863884925842,-0.001346483826637268,0.0209084153175354
0.07771583646535873,0.005576394498348236,-0.0013464950025081635,0.02090853452682495
0.07771585881710052,0.005576238036155701,-0.0013464950025081635,0.02090856432914734
0.07771585881710052,0.005576178431510925,-0.0013464950025081635,0.020908594131469727
0.07771585881710052,0.0055761635303497314,-0.0013464950025081635,0.020908594131469727
0.07771585881710052,0.0055761560797691345,-0.0013464950025081635,0.020908594131469727
0.07771585881710052,0.005576148629188538,-0.0013464950025081635,0.020908594131469727
0.07771585881710052,0.005576148629188538,-0.0013464950025081635,0.020908594131469727
0.07771585881710052,0.005576148629188538,-0.0013464950025081635,0.020908594131469727
0.07771585881710052,0.005576148629188538,-0.0013464950025081635,0.020908594131469727
0.07771585881710052,0.005576148629188538,-0.0013464950025081635,0.020908594131469727
0.07771585881710052,0.005576148629188538,-0.0013464950025081635,0.020908594131469727
0.07771585881710052,0.005576148629188538,-0.0013464950025081635,0.020908594131469727
0.07771585881710052,0.005576148629188538,-0.0013464950025081635,0.020908594131469727
0.07771585881710052,0.005576148629188538,-0.0013464950025081635,0.020908594131469727
0.07771585881710052,0.005576148629188538,-0.0013464950025081635,0.020908594131469727
0.07771585881710052,0.005576148629188538,-0.0013464950025081635,0.020908594131469727
0.07771585881710052,0.005576148629188538,-0.0013464950025081635,0.020908594131469727
0.07771585881710052,0.005576148629188538,-0.0013464950025081635,0.020908594131469727
0.07771585881710052,0.005576148629188538,-0.0013464950025081635,0.020908594131469727
0.07771585881710052,0.005576148629188538,-0.0013464950025081635,0.020908594131469727
0.07771585881710052,0.005576148629188538,-0.0013464950025081635,0.020908594131469727
0.07771585881710052,0.005576148629188538,-0.0013464950025081635,0.020908594131469727
0.07771585881710052,0.005576148629188538,-0.0013464950025081635,0.020908594131469727
0.07771585881710052,0.005576148629188538,-0.0013464950025081635,0.020908594131469727
0.07771585881710052,0.005576148629188538,-0.0013464950025081635,0.020908594131469727
0.07771547138690948,0.005575090646743774,-0.0013499297201633453,0.02091693878173828
0.07771523296833038,0.005576372146606445,-0.0013518407940864563,0.02091914415359497
0.07771516591310501,0.005576685070991516,-0.0013521313667297363,0.020919397473335266
0.07771515846252441,0.0055767446756362915,-0.001352161169052124,0.020919427275657654
0.07771515846252441,0.005576752126216888,-0.001352161169052124,0.020919427275657654
0.07771515846252441,0.005576752126216888,-0.001352161169052124,0.020919427275657654
0.07771515846252441,0.005576752126216888,-0.001352161169052124,0.020919427275657654
0.07771515846252441,0.005576752126216888,-0.001352161169052124,0.020919427275657654
0.07771515846252441,0.005576752126216888,-0.001352161169052124,0.020919427275657654
0.07771515846252441,0.005576752126216888,-0.001352161169052124,0.020919427275657654
0.07771515846252441,0.005576752126216888,-0.001352161169052124,0.020919427275657654
0.07771515846252441,0.005576752126216888,-0.001352161169052124,0.020919427275657654
0.07771515846252441,0.005576752126216888,-0.001352161169052124,0.020919427275657654
0.07771515846252441,0.005576752126216888,-0.001352161169052124,0.020919427275657654
0.07771515846252441,0.005576752126216888,-0.001352161169052124,0.020919427275657654
0.07771515846252441,0.005576752126216888,-0.001352161169052124,0.020919427275657654
0.07771515846252441,0.005576752126216888,-0.001352161169052124,0.020919427275657654
0.07771515846252441,0.005576752126216888,-0.001352161169052124,0.020919427275657654
0.07771515846252441,0.005576752126216888,-0.001352161169052124,0.020919427275657654
0.07771515846252441,0.005576752126216888,-0.001352161169052124,0.020919427275657654
0.07771515846252441,0.005576752126216888,-0.001352161169052124,0.020919427275657654
0.07771515846252441,0.005576752126216888,-0.001352161169052124,0.020919427275657654
0.07771515846252441,0.005576752126216888,-0.001352161169052124,0.020919427275657654
0.07771515846252441,0.005576752126216888,-0.001352161169052124,0.020919427275657654
0.07771515846252441,0.005576752126216888,-0.001352161169052124,0.020919427275657654
0.07771515846252441,0.005576752126216888,-0.001352161169052124,0.020919427275657654
0.07771515846252441,0.005576752126216888,-0.001352161169052124,0.020919427275657654
0.07771515846252441,0.005576752126216888,-0.001352161169052124,0.020919427275657654
0.07771515846252441,0.005576752126216888,-0.001352161169052124,0.020919427275657654
0.07771515846252441,0.005576752126216888,-0.001352161169052124,0.020919427275657654
0.07771515846252441,0.005576752126216888,-0.001352161169052124,0.020919427275657654
0.07771515846252441,0.005576752126216888,-0.001352161169052124,0.020919427275657654
0.07771515846252441,0.005576752126216888,-0.001352161169052124,0.020919427275657654
0.07771515846252441,0.005576752126216888,-0.001352161169052124,0.020919427275657654
0.07771515846252441,0.005576752126216888,-0.001352161169052124,0.020919427275657654
0.07771515846252441,0.005576752126216888,-0.001352161169052124,0.020919427275657654
0.07771515846252441,0.005576752126216888,-0.001352161169052124,0.020919427275657654
0.07771515846252441,0.005576752126216888,-0.001352161169052124,0.020919427275657654
0.07771515846252441,0.005576752126216888,-0.001352161169052124,0.020919427275657654
0.07771515846252441,0.005576752126216888,-0.001352161169052124,0.020919427275657654
0.07771515846252441,0.005576752126216888,-0.001352161169052124,0.020919427275657654
0.07771515846252441,0.005576752126216888,-0.001352161169052124,0.020919427275657654
0.07771515846252441,0.005576752126216888,-0.001352161169052124,0.020919427275657654
0.07771515846252441,0.005576752126216888,-0.001352161169052124,0.020919427275657654
0.07771515846252441,0.005576752126216888,-0.001352161169052124,0.020919427275657654
0.07771515846252441,0.005576752126216888,-0.001352161169052124,0.020919427275657654
0.07771515846252441,0.005576752126216888,-0.001352161169052124,0.020919427275657654
0.07771515846252441,0.005576752126216888,-0.001352161169052124,0.020919427275657654
0.07771515846252441,0.005576752126216888,-0.001352161169052124,0.020919427275657654
0.07771515846252441,0.005576752126216888,-0.001352161169052124,0.020919427275657654
0.07771515846252441,0.005576752126216888,-0.001352161169052124,0.020919427275657654
0.07771515846252441,0.005576752126216888,-0.001352161169052124,0.020919427275657654
0.07771515846252441,0.005576752126216888,-0.001352161169052124,0.020919427275657654
0.07771515846252441,0.005576752126216888,-0.001352161169052124,0.020919427275657654
0.07771515846252441,0.005576752126216888,-0.001352161169052124,0.020919427275657654
0.07771515846252441,0.005576752126216888,-0.001352161169052124,0.020919427275657654
0.07771515846252441,0.005576752126216888,-0.001352161169052124,0.020919427275657654
0.07771515846252441,0.005576752126216888,-0.001352161169052124,0.020919427275657654
0.07771515846252441,0.005576752126216888,-0.001352161169052124,0.020919427275657654
0.07771515846252441,0.005576752126216888,-0.001352161169052124,0.020919427275657654
0.07771515846252441,0.005576752126216888,-0.001352161169052124,0.020919427275657654
0.07771515846252441,0.005576752126216888,-0.001352161169052124,0.020919427275657654
0.07771515846252441,0.005576752126216888,-0.001352161169052124,0.020919427275657654
0.07771515846252441,0.005576752126216888,-0.001352161169052124,0.020919427275657654
0.07771515846252441,0.005576752126216888,-0.001352161169052124,0.020919427275657654
0.07771515846252441,0.005576752126216888,-0.001352161169052124,0.020919427275657654
0.07771515846252441,0.005576752126216888,-0.001352161169052124,0.020919427275657654
0.07771515846252441,0.005576752126216888,-0.001352161169052124,0.020919427275657654
0.07771515846252441,0.005576752126216888,-0.001352161169052124,0.020919427275657654
0.07770860195159912,0.005598492920398712,-0.0012921541929244995,0.020909041166305542
0.07770710438489914,0.00561186671257019,-0.0012709125876426697,0.020923912525177002
0.07769070565700531,0.005620643496513367,-0.0012406930327415466,0.02101658284664154
0.07767520844936371,0.005648680031299591,-0.001223549246788025,0.02104194462299347
0.07766926288604736,0.005762122571468353,-0.0012736357748508453,0.02092556655406952
0.07768112421035767,0.0058145672082901,-0.0012835003435611725,0.02088657021522522
0.07768398523330688,0.005830146372318268,-0.0012842081487178802,0.02088211476802826
0.07768451422452927,0.0058354660868644714,-0.0012842565774917603,0.020881742238998413
0.07768460363149643,0.005837239325046539,-0.0012842454016208649,0.020881742238998413
0.07768461853265762,0.005837827920913696,-0.0012842454016208649,0.020881742238998413
0.07768461853265762,0.005838021636009216,-0.0012842454016208649,0.020881742238998413
0.07768461853265762,0.005838081240653992,-0.0012842454016208649,0.020881742238998413
0.07768461853265762,0.0058380961418151855,-0.0012842454016208649,0.020881742238998413
0.07768461853265762,0.0058381035923957825,-0.0012842454016208649,0.020881742238998413
0.07768461853265762,0.0058381035923957825,-0.0012842454016208649,0.020881742238998413
0.07768461853265762,0.0058381035923957825,-0.0012842454016208649,0.020881742238998413
0.07768461853265762,0.0058381035923957825,-0.0012842454016208649,0.020881742238998413
0.07768461853265762,0.0058381035923957825,-0.0012842454016208649,0.020881742238998413
0.07768461853265762,0.0058381035923957825,-0.0012842454016208649,0.020881742238998413
0.07768461853265762,0.0058381035923957825,-0.0012842454016208649,0.020881742238998413
0.0776159018278122,0.005811095237731934,-0.0012420006096363068,0.020858854055404663
0.07760044187307358,0.005790479481220245,-0.0012227147817611694,0.02087000012397766
0.07760807126760483,0.00584227591753006,-0.0012499690055847168,0.020965173840522766
0.07757508009672165,0.0059480443596839905,-0.001233953982591629,0.02096332609653473
0.07768987119197845,0.005951836705207825,-0.001375831663608551,0.02133086323738098
0.07766993343830109,0.006031051278114319,-0.0013898871839046478,0.021396487951278687
0.07767271995544434,0.006056882441043854,-0.001401808112859726,0.021340250968933105
0.07767535001039505,0.006073787808418274,-0.0014112740755081177,0.02131330966949463
0.07770015299320221,0.0061514005064964294,-0.00145716592669487,0.020942628383636475
0.07770685106515884,0.0062396228313446045,-0.0014976337552070618,0.020795568823814392
0.07770735025405884,0.006247922778129578,-0.001502837985754013,0.020777225494384766
0.07770742475986481,0.006247907876968384,-0.0015033707022666931,0.020775005221366882
0.0777074322104454,0.006247721612453461,-0.0015034303069114685,0.020774707198143005
0.077707439661026,0.006247654557228088,-0.0015034303069114685,0.020774677395820618
0.077707439661026,0.006247617304325104,-0.0015034303069114685,0.020774677395820618
0.077707439661026,0.006247609853744507,-0.0015034303069114685,0.020774677395820618
0.07772558927536011,0.006266333162784576,-0.0015096105635166168,0.020747855305671692
0.07771986722946167,0.006295353174209595,-0.001509208232164383,0.020724818110466003
0.07771828770637512,0.006294175982475281,-0.0015116184949874878,0.020721018314361572
0.07771830260753632,0.006291784346103668,-0.0015127472579479218,0.020719990134239197
0.07771792262792587,0.006292201578617096,-0.0015103071928024292,0.02072003483772278
0.07771749049425125,0.0062931254506111145,-0.0015088431537151337,0.020720764994621277
0.0777173638343811,0.006293304264545441,-0.001508709043264389,0.02072097361087799
0.07771733403205872,0.006293341517448425,-0.0015086717903614044,0.02072100341320038
0.07771733403205872,0.006293356418609619,-0.0015086717903614044,0.02072100341320038
0.07771733403205872,0.006293356418609619,-0.0015086717903614044,0.02072100341320038
0.07771733403205872,0.006293363869190216,-0.0015086717903614044,0.02072100341320038
0.07771733403205872,0.006293363869190216,-0.0015086717903614044,0.02072100341320038
0.07771733403205872,0.006293363869190216,-0.0015086717903614044,0.02072100341320038
0.07771733403205872,0.006293363869190216,-0.0015086717903614044,0.02072100341320038
0.07771733403205872,0.006293363869190216,-0.0015086717903614044,0.02072100341320038
0.07771733403205872,0.006293363869190216,-0.0015086717903614044,0.02072100341320038
0.07771733403205872,0.006293363869190216,-0.0015086717903614044,0.02072100341320038
0.07771733403205872,0.006293363869190216,-0.0015086717903614044,0.02072100341320038
0.07771733403205872,0.006293363869190216,-0.0015086717903614044,0.02072100341320038
0.07771733403205872,0.006293363869190216,-0.0015086717903614044,0.02072100341320038
0.07771733403205872,0.006293363869190216,-0.0015086717903614044,0.02072100341320038
0.07771733403205872,0.006293363869190216,-0.0015086717903614044,0.02072100341320038
0.07771733403205872,0.006293363869190216,-0.0015086717903614044,0.02072100341320038
0.07771733403205872,0.006293363869190216,-0.0015086717903614044,0.02072100341320038
0.07771733403205872,0.006293363869190216,-0.0015086717903614044,0.02072100341320038
0.07771733403205872,0.006293363869190216,-0.0015086717903614044,0.02072100341320038
0.07771733403205872,0.006293363869190216,-0.0015086717903614044,0.02072100341320038
0.07771733403205872,0.006293363869190216,-0.0015086717903614044,0.02072100341320038
0.07771733403205872,0.006293363869190216,-0.0015086717903614044,0.02072100341320038
0.07771733403205872,0.006293363869190216,-0.0015086717903614044,0.02072100341320038
0.07771733403205872,0.006293363869190216,-0.0015086717903614044,0.02072100341320038
0.07771733403205872,0.006293363869190216,-0.0015086717903614044,0.02072100341320038
0.07771733403205872,0.006293363869190216,-0.0015086717903614044,0.02072100341320038
0.07771733403205872,0.006293363869190216,-0.0015086717903614044,0.02072100341320038
0.07771733403205872,0.006293363869190216,-0.0015086717903614044,0.02072100341320038
0.07771733403205872,0.006293363869190216,-0.0015086717903614044,0.02072100341320038
0.07771744579076767,0.006293289363384247,-0.001507241278886795,0.020721301436424255
0.07771741598844528,0.006293050944805145,-0.0015067309141159058,0.02072182297706604
0.07771740853786469,0.006293006241321564,-0.0015066936612129211,0.020721927285194397
0.07771740853786469,0.006293006241321564,-0.0015066936612129211,0.020721957087516785
0.07771740853786469,0.006292998790740967,-0.0015066936612129211,0.020721957087516785
0.07771740853786469,0.006292998790740967,-0.0015066936612129211,0.020721957087516785
0.07771740853786469,0.006292998790740967,-0.0015066936612129211,0.020721957087516785
0.07771740853786469,0.006292998790740967,-0.0015066936612129211,0.020721957087516785
0.07771546393632889,0.00628526508808136,-0.0015203878283500671,0.02072557806968689
0.07771380245685577,0.006287023425102234,-0.0015255138278007507,0.02072468400001526
0.07771344482898712,0.006287410855293274,-0.0015259645879268646,0.020724356174468994
0.07771338522434235,0.006287410855293274,-0.00152602419257164,0.02072426676750183
0.07771337777376175,0.0062874481081962585,-0.0015260428190231323,0.02072426676750183
0.07771337777376175,0.0062874481081962585,-0.0015260428190231323,0.02072426676750183
0.07771337777376175,0.0062874481081962585,-0.0015260428190231323,0.02072426676750183
0.07771337777376175,0.0062874481081962585,-0.0015260428190231323,0.02072426676750183
0.07771337777376175,0.0062874481081962585,-0.0015260428190231323,0.02072426676750183
0.07771337777376175,0.0062874481081962585,-0.0015260428190231323,0.02072426676750183
0.07771337777376175,0.0062874481081962585,-0.0015260428190231323,0.02072426676750183
0.07771337777376175,0.0062874481081962585,-0.0015260428190231323,0.02072426676750183
0.07771337777376175,0.0062874481081962585,-0.0015260428190231323,0.02072426676750183
0.07771337777376175,0.0062874481081962585,-0.0015260428190231323,0.02072426676750183
0.07771337777376175,0.0062874481081962585,-0.0015260428190231323,0.02072426676750183
0.07771337777376175,0.0062874481081962585,-0.0015260428190231323,0.02072426676750183
0.07771337777376175,0.0062874481081962585,-0.0015260428190231323,0.02072426676750183
0.07771337777376175,0.0062874481081962585,-0.0015260428190231323,0.02072426676750183
0.07771337777376175,0.0062874481081962585,-0.0015260428190231323,0.02072426676750183
0.07771337777376175,0.0062874481081962585,-0.0015260428190231323,0.02072426676750183
0.07771337777376175,0.0062874481081962585,-0.0015260428190231323,0.02072426676750183
0.07771337777376175,0.0062874481081962585,-0.0015260428190231323,0.02072426676750183
0.07771337777376175,0.0062874481081962585,-0.0015260428190231323,0.02072426676750183
0.07771337777376175,0.0062874481081962585,-0.0015260428190231323,0.02072426676750183
0.07771337777376175,0.0062874481081962585,-0.0015260428190231323,0.02072426676750183
0.07771337777376175,0.0062874481081962585,-0.0015260428190231323,0.02072426676750183
0.07771337777376175,0.0062874481081962585,-0.0015260428190231323,0.02072426676750183
0.07771337777376175,0.0062874481081962585,-0.0015260428190231323,0.02072426676750183
0.07771337777376175,0.0062874481081962585,-0.0015260428190231323,0.02072426676750183
0.07771337777376175,0.0062874481081962585,-0.0015260428190231323,0.02072426676750183
0.07771337777376175,0.0062874481081962585,-0.0015260428190231323,0.02072426676750183
0.07771337777376175,0.0062874481081962585,-0.0015260428190231323,0.02072426676750183
0.07771337777376175,0.0062874481081962585,-0.0015260428190231323,0.02072426676750183
0.07771337777376175,0.0062874481081962585,-0.0015260428190231323,0.02072426676750183
0.07771337777376175,0.0062874481081962585,-0.0015260428190231323,0.02072426676750183
0.07771337777376175,0.0062874481081962585,-0.0015260428190231323,0.02072426676750183
0.07771337777376175,0.0062874481081962585,-0.0015260428190231323,0.02072426676750183
0.07771337777376175,0.0062874481081962585,-0.0015260428190231323,0.02072426676750183
0.07771337777376175,0.0062874481081962585,-0.0015260428190231323,0.02072426676750183
0.07771337777376175,0.0062874481081962585,-0.0015260428190231323,0.02072426676750183
0.07771337777376175,0.0062874481081962585,-0.0015260428190231323,0.02072426676750183
0.07771337777376175,0.0062874481081962585,-0.0015260428190231323,0.02072426676750183
0.07771337777376175,0.0062874481081962585,-0.0015260428190231323,0.02072426676750183
0.07771337777376175,0.0062874481081962585,-0.0015260428190231323,0.02072426676750183
0.07771337777376175,0.0062874481081962585,-0.0015260428190231323,0.02072426676750183
0.07771337777376175,0.0062874481081962585,-0.0015260428190231323,0.02072426676750183
0.07771337777376175,0.0062874481081962585,-0.0015260428190231323,0.02072426676750183
0.07771337777376175,0.0062874481081962585,-0.0015260428190231323,0.02072426676750183
0.07771337777376175,0.0062874481081962585,-0.0015260428190231323,0.02072426676750183
0.07771337777376175,0.0062874481081962585,-0.0015260428190231323,0.02072426676750183
0.07771337777376175,0.0062874481081962585,-0.0015260428190231323,0.02072426676750183
0.07771337777376175,0.0062874481081962585,-0.0015260428190231323,0.02072426676750183
0.07771337777376175,0.0062874481081962585,-0.0015260428190231323,0.02072426676750183
0.07771337777376175,0.0062874481081962585,-0.0015260428190231323,0.02072426676750183
0.07771337777376175,0.0062874481081962585,-0.0015260428190231323,0.02072426676750183
0.07771337777376175,0.0062874481081962585,-0.0015260428190231323,0.02072426676750183
0.07771337777376175,0.0062874481081962585,-0.0015260428190231323,0.02072426676750183
0.07771337777376175,0.0062874481081962585,-0.0015260428190231323,0.02072426676750183
0.07771337777376175,0.0062874481081962585,-0.0015260428190231323,0.02072426676750183
0.07771337777376175,0.0062874481081962585,-0.0015260428190231323,0.02072426676750183
0.07771337777376175,0.0062874481081962585,-0.0015260428190231323,0.02072426676750183
0.07771337777376175,0.0062874481081962585,-0.0015260428190231323,0.02072426676750183
0.07771337777376175,0.0062874481081962585,-0.0015260428190231323,0.02072426676750183
0.07771337777376175,0.0062874481081962585,-0.0015260428190231323,0.02072426676750183
0.07771337777376175,0.0062874481081962585,-0.0015260428190231323,0.02072426676750183
0.07771337777376175,0.0062874481081962585,-0.0015260428190231323,0.02072426676750183
0.07771337777376175,0.0062874481081962585,-0.0015260428190231323,0.02072426676750183
0.07771337777376175,0.0062874481081962585,-0.0015260428190231323,0.02072426676750183
0.07771337777376175,0.0062874481081962585,-0.0015260428190231323,0.02072426676750183
0.07771337777376175,0.0062874481081962585,-0.0015260428190231323,0.02072426676750183
0.07771337777376175,0.0062874481081962585,-0.0015260428190231323,0.02072426676750183
0.07771337777376175,0.0062874481081962585,-0.0015260428190231323,0.02072426676750183
0.07771337777376175,0.0062874481081962585,-0.0015260428190231323,0.02072426676750183
0.07771337777376175,0.0062874481081962585,-0.0015260428190231323,0.02072426676750183
0.07771337777376175,0.0062874481081962585,-0.0015260428190231323,0.02072426676750183
0.07771337777376175,0.0062874481081962585,-0.0015260428190231323,0.02072426676750183
0.07771337777376175,0.0062874481081962585,-0.0015260428190231323,0.02072426676750183
0.07771337777376175,0.0062874481081962585,-0.0015260428190231323,0.02072426676750183
0.07771337777376175,0.0062874481081962585,-0.0015260428190231323,0.02072426676750183
0.07771337777376175,0.0062874481081962585,-0.0015260428190231323,0.02072426676750183
0.07771337777376175,0.0062874481081962585,-0.0015260428190231323,0.02072426676750183
0.07771337777376175,0.0062874481081962585,-0.0015260428190231323,0.02072426676750183
0.07771337777376175,0.0062874481081962585,-0.0015260428190231323,0.02072426676750183
0.07771337777376175,0.0062874481081962585,-0.0015260428190231323,0.02072426676750183
0.07771337777376175,0.0062874481081962585,-0.0015260428190231323,0.02072426676750183
0.07771337777376175,0.0062874481081962585,-0.0015260428190231323,0.02072426676750183
0.07771337777376175,0.0062874481081962585,-0.0015260428190231323,0.02072426676750183
0.07771337777376175,0.0062874481081962585,-0.0015260428190231323,0.02072426676750183
0.07771337777376175,0.0062874481081962585,-0.0015260428190231323,0.02072426676750183
0.07771337777376175,0.0062874481081962585,-0.0015260428190231323,0.02072426676750183
0.07771337777376175,0.0062874481081962585,-0.0015260428190231323,0.02072426676750183
0.07771337777376175,0.0062874481081962585,-0.0015260428190231323,0.02072426676750183
0.07771337777376175,0.0062874481081962585,-0.0015260428190231323,0.02072426676750183
0.07771337777376175,0.0062874481081962585,-0.0015260428190231323,0.02072426676750183
0.07771337777376175,0.0062874481081962585,-0.0015260428190231323,0.02072426676750183
0.07771337777376175,0.0062874481081962585,-0.0015260428190231323,0.02072426676750183
0.07771337777376175,0.0062874481081962585,-0.0015260428190231323,0.02072426676750183
0.07771337777376175,0.0062874481081962585,-0.0015260428190231323,0.02072426676750183
0.07771337777376175,0.0062874481081962585,-0.0015260428190231323,0.02072426676750183
0.07771337777376175,0.0062874481081962585,-0.0015260428190231323,0.02072426676750183
0.07771337777376175,0.0062874481081962585,-0.0015260428190231323,0.02072426676750183
0.07771337777376175,0.0062874481081962585,-0.0015260428190231323,0.02072426676750183
0.07771337777376175,0.0062874481081962585,-0.0015260428190231323,0.02072426676750183
0.07771337777376175,0.0062874481081962585,-0.0015260428190231323,0.02072426676750183
0.07771337777376175,0.0062874481081962585,-0.0015260428190231323,0.02072426676750183
0.07771337777376175,0.0062874481081962585,-0.0015260428190231323,0.02072426676750183
0.07771337777376175,0.0062874481081962585,-0.0015260428190231323,0.02072426676750183
0.07771337777376175,0.0062874481081962585,-0.0015260428190231323,0.02072426676750183
0.07771337777376175,0.0062874481081962585,-0.0015260428190231323,0.02072426676750183
0.07771337777376175,0.0062874481081962585,-0.0015260428190231323,0.02072426676750183
0.07771337777376175,0.0062874481081962585,-0.0015260428190231323,0.02072426676750183
0.07771337777376175,0.0062874481081962585,-0.0015260428190231323,0.02072426676750183
0.07771337777376175,0.0062874481081962585,-0.0015260428190231323,0.02072426676750183
0.07771337777376175,0.0062874481081962585,-0.0015260428190231323,0.02072426676750183
0.07771337777376175,0.0062874481081962585,-0.0015260428190231323,0.02072426676750183
0.07771337777376175,0.0062874481081962585,-0.0015260428190231323,0.02072426676750183
0.07771337777376175,0.0062874481081962585,-0.0015260428190231323,0.02072426676750183
0.07771337777376175,0.0062874481081962585,-0.0015260428190231323,0.02072426676750183
0.07771337777376175,0.0062874481081962585,-0.0015260428190231323,0.02072426676750183
0.07771337777376175,0.0062874481081962585,-0.0015260428190231323,0.02072426676750183
0.07771337777376175,0.0062874481081962585,-0.0015260428190231323,0.02072426676750183
0.07771337777376175,0.0062874481081962585,-0.0015260428190231323,0.02072426676750183
0.07771337777376175,0.0062874481081962585,-0.0015260428190231323,0.02072426676750183
0.07771337777376175,0.0062874481081962585,-0.0015260428190231323,0.02072426676750183
0.07771337777376175,0.0062874481081962585,-0.0015260428190231323,0.02072426676750183
0.07771337777376175,0.0062874481081962585,-0.0015260428190231323,0.02072426676750183
0.07771337777376175,0.0062874481081962585,-0.0015260428190231323,0.02072426676750183
0.07771337777376175,0.0062874481081962585,-0.0015260428190231323,0.02072426676750183
0.07771337777376175,0.0062874481081962585,-0.0015260428190231323,0.02072426676750183
0.07771337777376175,0.0062874481081962585,-0.0015260428190231323,0.02072426676750183
0.07771337777376175,0.0062874481081962585,-0.0015260428190231323,0.02072426676750183
0.07771337777376175,0.0062874481081962585,-0.0015260428190231323,0.02072426676750183
0.07771337777376175,0.0062874481081962585,-0.0015260428190231323,0.02072426676750183
0.07771337777376175,0.0062874481081962585,-0.0015260428190231323,0.02072426676750183
0.07771337777376175,0.0062874481081962585,-0.0015260428190231323,0.02072426676750183
0.07771337777376175,0.0062874481081962585,-0.0015260428190231323,0.02072426676750183
0.07771337777376175,0.0062874481081962585,-0.0015260428190231323,0.02072426676750183
0.07771337777376175,0.0062874481081962585,-0.0015260428190231323,0.02072426676750183
0.07771337777376175,0.0062874481081962585,-0.0015260428190231323,0.02072426676750183
0.07771337777376175,0.0062874481081962585,-0.0015260428190231323,0.02072426676750183
0.07771337777376175,0.0062874481081962585,-0.0015260428190231323,0.02072426676750183
0.07771337777376175,0.0062874481081962585,-0.0015260428190231323,0.02072426676750183
0.07771337777376175,0.0062874481081962585,-0.0015260428190231323,0.02072426676750183
0.07771337777376175,0.0062874481081962585,-0.0015260428190231323,0.02072426676750183
0.07771337777376175,0.0062874481081962585,-0.0015260428190231323,0.02072426676750183
0.07771337777376175,0.0062874481081962585,-0.0015260428190231323,0.02072426676750183
0.07771337777376175,0.0062874481081962585,-0.0015260428190231323,0.02072426676750183
0.07771337777376175,0.0062874481081962585,-0.0015260428190231323,0.02072426676750183
0.07771337777376175,0.0062874481081962585,-0.0015260428190231323,0.02072426676750183
0.07771337777376175,0.0062874481081962585,-0.0015260428190231323,0.02072426676750183
0.07771337777376175,0.0062874481081962585,-0.0015260428190231323,0.02072426676750183
0.07771337777376175,0.0062874481081962585,-0.0015260428190231323,0.02072426676750183
0.07771337777376175,0.0062874481081962585,-0.0015260428190231323,0.02072426676750183
0.07771337777376175,0.0062874481081962585,-0.0015260428190231323,0.02072426676750183
0.07771337777376175,0.0062874481081962585,-0.0015260428190231323,0.02072426676750183
0.07771337777376175,0.0062874481081962585,-0.0015260428190231323,0.02072426676750183
0.07771337777376175,0.0062874481081962585,-0.0015260428190231323,0.02072426676750183
0.07771337777376175,0.0062874481081962585,-0.0015260428190231323,0.02072426676750183
0.07771337777376175,0.0062874481081962585,-0.0015260428190231323,0.02072426676750183
0.07771337777376175,0.0062874481081962585,-0.0015260428190231323,0.02072426676750183
0.07771337777376175,0.0062874481081962585,-0.0015260428190231323,0.02072426676750183
0.07771337777376175,0.0062874481081962585,-0.0015260428190231323,0.02072426676750183
0.07771337777376175,0.0062874481081962585,-0.0015260428190231323,0.02072426676750183
0.07771337777376175,0.0062874481081962585,-0.0015260428190231323,0.02072426676750183
0.07771337777376175,0.0062874481081962585,-0.0015260428190231323,0.02072426676750183
0.07771337777376175,0.0062874481081962585,-0.0015260428190231323,0.02072426676750183
0.07771337777376175,0.0062874481081962585,-0.0015260428190231323,0.02072426676750183
0.07771337777376175,0.0062874481081962585,-0.0015260428190231323,0.02072426676750183
0.07771337777376175,0.0062874481081962585,-0.0015260428190231323,0.02072426676750183
0.07771337777376175,0.0062874481081962585,-0.0015260428190231323,0.02072426676750183
0.07771337777376175,0.0062874481081962585,-0.0015260428190231323,0.02072426676750183
0.07771337777376175,0.0062874481081962585,-0.0015260428190231323,0.02072426676750183
0.07771337777376175,0.0062874481081962585,-0.0015260428190231323,0.02072426676750183
0.07771337777376175,0.0062874481081962585,-0.0015260428190231323,0.02072426676750183
0.07771337777376175,0.0062874481081962585,-0.0015260428190231323,0.02072426676750183
0.07771337777376175,0.0062874481081962585,-0.0015260428190231323,0.02072426676750183
0.07771337777376175,0.0062874481081962585,-0.0015260428190231323,0.02072426676750183
0.07771337777376175,0.0062874481081962585,-0.0015260428190231323,0.02072426676750183
0.07771337777376175,0.0062874481081962585,-0.0015260428190231323,0.02072426676750183
0.07771337777376175,0.0062874481081962585,-0.0015260428190231323,0.02072426676750183
0.07771337777376175,0.0062874481081962585,-0.0015260428190231323,0.02072426676750183
0.07771337777376175,0.0062874481081962585,-0.0015260428190231323,0.02072426676750183
0.07771337777376175,0.0062874481081962585,-0.0015260428190231323,0.02072426676750183
0.07771337777376175,0.0062874481081962585,-0.0015260428190231323,0.02072426676750183
0.07771337777376175,0.0062874481081962585,-0.0015260428190231323,0.02072426676750183
0.07771337777376175,0.0062874481081962585,-0.0015260428190231323,0.02072426676750183
0.07771337777376175,0.0062874481081962585,-0.0015260428190231323,0.02072426676750183
0.07771337777376175,0.0062874481081962585,-0.0015260428190231323,0.02072426676750183
0.07771337777376175,0.0062874481081962585,-0.0015260428190231323,0.02072426676750183
0.07771337777376175,0.0062874481081962585,-0.0015260428190231323,0.02072426676750183
0.07771337777376175,0.0062874481081962585,-0.0015260428190231323,0.02072426676750183
0.07771337777376175,0.0062874481081962585,-0.0015260428190231323,0.02072426676750183
0.07771337777376175,0.0062874481081962585,-0.0015260428190231323,0.02072426676750183
0.07771337777376175,0.0062874481081962585,-0.0015260428190231323,0.02072426676750183
0.07771337777376175,0.0062874481081962585,-0.0015260428190231323,0.02072426676750183
0.07771337777376175,0.0062874481081962585,-0.0015260428190231323,0.02072426676750183
0.07771337777376175,0.0062874481081962585,-0.0015260428190231323,0.02072426676750183
0.07771337777376175,0.0062874481081962585,-0.0015260428190231323,0.02072426676750183
0.07771337777376175,0.0062874481081962585,-0.0015260428190231323,0.02072426676750183
0.07771337777376175,0.0062874481081962585,-0.0015260428190231323,0.02072426676750183
0.07771337777376175,0.0062874481081962585,-0.0015260428190231323,0.02072426676750183
0.07771337777376175,0.0062874481081962585,-0.0015260428190231323,0.02072426676750183
0.07771337777376175,0.0062874481081962585,-0.0015260428190231323,0.02072426676750183
0.07771337777376175,0.0062874481081962585,-0.0015260428190231323,0.02072426676750183
0.07771337777376175,0.0062874481081962585,-0.0015260428190231323,0.02072426676750183
0.07771337777376175,0.0062874481081962585,-0.0015260428190231323,0.02072426676750183
0.07771337777376175,0.0062874481081962585,-0.0015260428190231323,0.02072426676750183
0.07771337777376175,0.0062874481081962585,-0.0015260428190231323,0.02072426676750183
0.07771337777376175,0.0062874481081962585,-0.0015260428190231323,0.02072426676750183
0.07771337777376175,0.0062874481081962585,-0.0015260428190231323,0.02072426676750183
0.07771337777376175,0.0062874481081962585,-0.0015260428190231323,0.02072426676750183
0.07771337777376175,0.0062874481081962585,-0.0015260428190231323,0.02072426676750183
0.07771337777376175,0.0062874481081962585,-0.0015260428190231323,0.02072426676750183
0.07771337777376175,0.0062874481081962585,-0.0015260428190231323,0.02072426676750183
0.07771337777376175,0.0062874481081962585,-0.0015260428190231323,0.02072426676750183
0.07771337777376175,0.0062874481081962585,-0.0015260428190231323,0.02072426676750183
0.07771337777376175,0.0062874481081962585,-0.0015260428190231323,0.02072426676750183
0.07771337777376175,0.0062874481081962585,-0.0015260428190231323,0.02072426676750183
0.07771337777376175,0.0062874481081962585,-0.0015260428190231323,0.02072426676750183
0.07771337777376175,0.0062874481081962585,-0.0015260428190231323,0.02072426676750183
0.07771337777376175,0.0062874481081962585,-0.0015260428190231323,0.02072426676750183
0.07771337777376175,0.0062874481081962585,-0.0015260428190231323,0.02072426676750183
0.07771337777376175,0.0062874481081962585,-0.0015260428190231323,0.02072426676750183
0.07771337777376175,0.0062874481081962585,-0.0015260428190231323,0.02072426676750183
0.07771337777376175,0.0062874481081962585,-0.0015260428190231323,0.02072426676750183
0.07771337777376175,0.0062874481081962585,-0.0015260428190231323,0.02072426676750183
0.07771337777376175,0.0062874481081962585,-0.0015260428190231323,0.02072426676750183
0.07771337777376175,0.0062874481081962585,-0.0015260428190231323,0.02072426676750183
0.07771337777376175,0.0062874481081962585,-0.0015260428190231323,0.02072426676750183
0.07771337777376175,0.0062874481081962585,-0.0015260428190231323,0.02072426676750183
0.07771337777376175,0.0062874481081962585,-0.0015260428190231323,0.02072426676750183
0.07771337777376175,0.0062874481081962585,-0.0015260428190231323,0.02072426676750183
0.07771337777376175,0.0062874481081962585,-0.0015260428190231323,0.02072426676750183
0.07771337777376175,0.0062874481081962585,-0.0015260428190231323,0.02072426676750183
0.07771337777376175,0.0062874481081962585,-0.0015260428190231323,0.02072426676750183
0.07771337777376175,0.0062874481081962585,-0.0015260428190231323,0.02072426676750183
0.07771337777376175,0.0062874481081962585,-0.0015260428190231323,0.02072426676750183
0.07771337777376175,0.0062874481081962585,-0.0015260428190231323,0.02072426676750183
0.07771337777376175,0.0062874481081962585,-0.0015260428190231323,0.02072426676750183
0.07771337777376175,0.0062874481081962585,-0.0015260428190231323,0.02072426676750183
0.07771337777376175,0.0062874481081962585,-0.0015260428190231323,0.02072426676750183
0.07771337777376175,0.0062874481081962585,-0.0015260428190231323,0.02072426676750183
0.07771337777376175,0.0062874481081962585,-0.0015260428190231323,0.02072426676750183
0.07771337777376175,0.0062874481081962585,-0.0015260428190231323,0.02072426676750183
0.07771337777376175,0.0062874481081962585,-0.0015260428190231323,0.02072426676750183
0.07771337777376175,0.0062874481081962585,-0.0015260428190231323,0.02072426676750183
0.07771337777376175,0.0062874481081962585,-0.0015260428190231323,0.02072426676750183
0.07771337777376175,0.0062874481081962585,-0.0015260428190231323,0.02072426676750183
0.07771337777376175,0.0062874481081962585,-0.0015260428190231323,0.02072426676750183
0.07771337777376175,0.0062874481081962585,-0.0015260428190231323,0.02072426676750183
0.07771337777376175,0.0062874481081962585,-0.0015260428190231323,0.02072426676750183
0.07771337777376175,0.0062874481081962585,-0.0015260428190231323,0.02072426676750183
0.07771337777376175,0.0062874481081962585,-0.0015260428190231323,0.02072426676750183
0.07771337777376175,0.0062874481081962585,-0.0015260428190231323,0.02072426676750183
0.07771337777376175,0.0062874481081962585,-0.0015260428190231323,0.02072426676750183
0.07771337777376175,0.0062874481081962585,-0.0015260428190231323,0.02072426676750183
0.07771337777376175,0.0062874481081962585,-0.0015260428190231323,0.02072426676750183
0.07771337777376175,0.0062874481081962585,-0.0015260428190231323,0.02072426676750183
0.07771337777376175,0.0062874481081962585,-0.0015260428190231323,0.02072426676750183
0.07771337777376175,0.0062874481081962585,-0.0015260428190231323,0.02072426676750183
0.07771337777376175,0.0062874481081962585,-0.0015260428190231323,0.02072426676750183
0.07771337777376175,0.0062874481081962585,-0.0015260428190231323,0.02072426676750183
0.07771337777376175,0.0062874481081962585,-0.0015260428190231323,0.02072426676750183
0.07771337777376175,0.0062874481081962585,-0.0015260428190231323,0.02072426676750183
0.07771337777376175,0.0062874481081962585,-0.0015260428190231323,0.02072426676750183
0.07771337777376175,0.0062874481081962585,-0.0015260428190231323,0.02072426676750183
0.07771337777376175,0.0062874481081962585,-0.0015260428190231323,0.02072426676750183
0.07771337777376175,0.0062874481081962585,-0.0015260428190231323,0.02072426676750183
0.07771337777376175,0.0062874481081962585,-0.0015260428190231323,0.02072426676750183
0.07771337777376175,0.0062874481081962585,-0.0015260428190231323,0.02072426676750183
0.07771337777376175,0.0062874481081962585,-0.0015260428190231323,0.02072426676750183
0.07771337777376175,0.0062874481081962585,-0.0015260428190231323,0.02072426676750183
0.07771337777376175,0.0062874481081962585,-0.0015260428190231323,0.02072426676750183
0.07771337777376175,0.0062874481081962585,-0.0015260428190231323,0.02072426676750183
0.07771337777376175,0.0062874481081962585,-0.0015260428190231323,0.02072426676750183
0.07771337777376175,0.0062874481081962585,-0.0015260428190231323,0.02072426676750183
0.07771337777376175,0.0062874481081962585,-0.0015260428190231323,0.02072426676750183
0.07771337777376175,0.0062874481081962585,-0.0015260428190231323,0.02072426676750183
0.07771337777376175,0.0062874481081962585,-0.0015260428190231323,0.02072426676750183
0.07771337777376175,0.0062874481081962585,-0.0015260428190231323,0.02072426676750183
0.07771337777376175,0.0062874481081962585,-0.0015260428190231323,0.02072426676750183
0.07771337777376175,0.0062874481081962585,-0.0015260428190231323,0.02072426676750183
0.07771337777376175,0.0062874481081962585,-0.0015260428190231323,0.02072426676750183
0.07771337777376175,0.0062874481081962585,-0.0015260428190231323,0.02072426676750183
0.07771337777376175,0.0062874481081962585,-0.0015260428190231323,0.02072426676750183
0.07771337777376175,0.0062874481081962585,-0.0015260428190231323,0.02072426676750183
0.07771337777376175,0.0062874481081962585,-0.0015260428190231323,0.02072426676750183
0.07771337777376175,0.0062874481081962585,-0.0015260428190231323,0.02072426676750183
0.07771337777376175,0.0062874481081962585,-0.0015260428190231323,0.02072426676750183
0.07771337777376175,0.0062874481081962585,-0.0015260428190231323,0.02072426676750183
0.07771337777376175,0.0062874481081962585,-0.0015260428190231323,0.02072426676750183
0.07771337777376175,0.0062874481081962585,-0.0015260428190231323,0.02072426676750183
0.07771337777376175,0.0062874481081962585,-0.0015260428190231323,0.02072426676750183
0.07771337777376175,0.0062874481081962585,-0.0015260428190231323,0.02072426676750183
0.07771337777376175,0.0062874481081962585,-0.0015260428190231323,0.02072426676750183
0.07771337777376175,0.0062874481081962585,-0.0015260428190231323,0.02072426676750183
0.07771337777376175,0.0062874481081962585,-0.0015260428190231323,0.02072426676750183
0.07771337777376175,0.0062874481081962585,-0.0015260428190231323,0.02072426676750183
0.07771337777376175,0.0062874481081962585,-0.0015260428190231323,0.02072426676750183
0.07771337777376175,0.0062874481081962585,-0.0015260428190231323,0.02072426676750183
0.07771337777376175,0.0062874481081962585,-0.0015260428190231323,0.02072426676750183
0.07771337777376175,0.0062874481081962585,-0.0015260428190231323,0.02072426676750183
0.07771337777376175,0.0062874481081962585,-0.0015260428190231323,0.02072426676750183
0.07771337777376175,0.0062874481081962585,-0.0015260428190231323,0.02072426676750183
0.07771337777376175,0.0062874481081962585,-0.0015260428190231323,0.02072426676750183
0.07771337777376175,0.0062874481081962585,-0.0015260428190231323,0.02072426676750183
0.07771337777376175,0.0062874481081962585,-0.0015260428190231323,0.02072426676750183
0.07771337777376175,0.0062874481081962585,-0.0015260428190231323,0.02072426676750183
0.07771337777376175,0.0062874481081962585,-0.0015260428190231323,0.02072426676750183
0.07771337777376175,0.0062874481081962585,-0.0015260428190231323,0.02072426676750183
0.07771337777376175,0.0062874481081962585,-0.0015260428190231323,0.02072426676750183
0.07771337777376175,0.0062874481081962585,-0.0015260428190231323,0.02072426676750183
0.07771337777376175,0.0062874481081962585,-0.0015260428190231323,0.02072426676750183
0.07771337777376175,0.0062874481081962585,-0.0015260428190231323,0.02072426676750183
0.07771337777376175,0.0062874481081962585,-0.0015260428190231323,0.02072426676750183
0.07771337777376175,0.0062874481081962585,-0.0015260428190231323,0.02072426676750183
0.07771337777376175,0.0062874481081962585,-0.0015260428190231323,0.02072426676750183
0.07771337777376175,0.0062874481081962585,-0.0015260428190231323,0.02072426676750183
0.07771337777376175,0.0062874481081962585,-0.0015260428190231323,0.02072426676750183
0.07771337777376175,0.0062874481081962585,-0.0015260428190231323,0.02072426676750183
0.07771337777376175,0.0062874481081962585,-0.0015260428190231323,0.02072426676750183
0.07771337777376175,0.0062874481081962585,-0.0015260428190231323,0.02072426676750183
0.07771337777376175,0.0062874481081962585,-0.0015260428190231323,0.02072426676750183
0.07771337777376175,0.0062874481081962585,-0.0015260428190231323,0.02072426676750183
0.07771337777376175,0.0062874481081962585,-0.0015260428190231323,0.02072426676750183
0.07771337777376175,0.0062874481081962585,-0.0015260428190231323,0.02072426676750183
0.07771337777376175,0.0062874481081962585,-0.0015260428190231323,0.02072426676750183
0.07771337777376175,0.0062874481081962585,-0.0015260428190231323,0.02072426676750183
0.07771337777376175,0.0062874481081962585,-0.0015260428190231323,0.02072426676750183
0.07771337777376175,0.0062874481081962585,-0.0015260428190231323,0.02072426676750183
0.07771337777376175,0.0062874481081962585,-0.0015260428190231323,0.02072426676750183
0.07771337777376175,0.0062874481081962585,-0.0015260428190231323,0.02072426676750183
0.07771337777376175,0.0062874481081962585,-0.0015260428190231323,0.02072426676750183
0.07771337777376175,0.0062874481081962585,-0.0015260428190231323,0.02072426676750183
0.07771337777376175,0.0062874481081962585,-0.0015260428190231323,0.02072426676750183
0.07771337777376175,0.0062874481081962585,-0.0015260428190231323,0.02072426676750183
0.07771337777376175,0.0062874481081962585,-0.0015260428190231323,0.02072426676750183
0.07771337777376175,0.0062874481081962585,-0.0015260428190231323,0.02072426676750183
0.07771337777376175,0.0062874481081962585,-0.0015260428190231323,0.02072426676750183
0.07771337777376175,0.0062874481081962585,-0.0015260428190231323,0.02072426676750183
0.07771337777376175,0.0062874481081962585,-0.0015260428190231323,0.02072426676750183
0.07771337777376175,0.0062874481081962585,-0.0015260428190231323,0.02072426676750183
0.07771337777376175,0.0062874481081962585,-0.0015260428190231323,0.02072426676750183
0.07771337777376175,0.0062874481081962585,-0.0015260428190231323,0.02072426676750183
0.07771337777376175,0.0062874481081962585,-0.0015260428190231323,0.02072426676750183
0.07771337777376175,0.0062874481081962585,-0.0015260428190231323,0.02072426676750183
0.07771337777376175,0.0062874481081962585,-0.0015260428190231323,0.02072426676750183
0.07771337777376175,0.0062874481081962585,-0.0015260428190231323,0.02072426676750183
0.07771337777376175,0.0062874481081962585,-0.0015260428190231323,0.02072426676750183
0.07771337777376175,0.0062874481081962585,-0.0015260428190231323,0.02072426676750183
0.07771337777376175,0.0062874481081962585,-0.0015260428190231323,0.02072426676750183
0.07771337777376175,0.0062874481081962585,-0.0015260428190231323,0.02072426676750183
0.07771337777376175,0.0062874481081962585,-0.0015260428190231323,0.02072426676750183
0.07771337777376175,0.0062874481081962585,-0.0015260428190231323,0.02072426676750183
0.07771337777376175,0.0062874481081962585,-0.0015260428190231323,0.02072426676750183
0.07771337777376175,0.0062874481081962585,-0.0015260428190231323,0.02072426676750183
0.07771337777376175,0.0062874481081962585,-0.0015260428190231323,0.02072426676750183
0.07771337777376175,0.0062874481081962585,-0.0015260428190231323,0.02072426676750183
0.07771337777376175,0.0062874481081962585,-0.0015260428190231323,0.02072426676750183
0.07771337777376175,0.0062874481081962585,-0.0015260428190231323,0.02072426676750183
0.07771337777376175,0.0062874481081962585,-0.0015260428190231323,0.02072426676750183
0.07771337777376175,0.0062874481081962585,-0.0015260428190231323,0.02072426676750183
0.07771337777376175,0.0062874481081962585,-0.0015260428190231323,0.02072426676750183
0.07771337777376175,0.0062874481081962585,-0.0015260428190231323,0.02072426676750183
0.07771337777376175,0.0062874481081962585,-0.0015260428190231323,0.02072426676750183
0.07771337777376175,0.0062874481081962585,-0.0015260428190231323,0.02072426676750183
0.07771337777376175,0.0062874481081962585,-0.0015260428190231323,0.02072426676750183
0.07771337777376175,0.0062874481081962585,-0.0015260428190231323,0.02072426676750183
0.07771337777376175,0.0062874481081962585,-0.0015260428190231323,0.02072426676750183
0.07771337777376175,0.0062874481081962585,-0.0015260428190231323,0.02072426676750183
0.07771337777376175,0.0062874481081962585,-0.0015260428190231323,0.02072426676750183
0.07771337777376175,0.0062874481081962585,-0.0015260428190231323,0.02072426676750183
0.07771337777376175,0.0062874481081962585,-0.0015260428190231323,0.02072426676750183
0.07771337777376175,0.0062874481081962585,-0.0015260428190231323,0.02072426676750183
0.07771337777376175,0.0062874481081962585,-0.0015260428190231323,0.02072426676750183
0.07771337777376175,0.0062874481081962585,-0.0015260428190231323,0.02072426676750183
0.07771337777376175,0.0062874481081962585,-0.0015260428190231323,0.02072426676750183
0.07771337777376175,0.0062874481081962585,-0.0015260428190231323,0.02072426676750183
0.07771337777376175,0.0062874481081962585,-0.0015260428190231323,0.02072426676750183
0.07771337777376175,0.0062874481081962585,-0.0015260428190231323,0.02072426676750183
0.07771337777376175,0.0062874481081962585,-0.0015260428190231323,0.02072426676750183
0.07771337777376175,0.0062874481081962585,-0.0015260428190231323,0.02072426676750183
0.07771337777376175,0.0062874481081962585,-0.0015260428190231323,0.02072426676750183
0.07771337777376175,0.0062874481081962585,-0.0015260428190231323,0.02072426676750183
0.07771337777376175,0.0062874481081962585,-0.0015260428190231323,0.02072426676750183
0.07771337777376175,0.0062874481081962585,-0.0015260428190231323,0.02072426676750183
0.07771337777376175,0.0062874481081962585,-0.0015260428190231323,0.02072426676750183
0.07771337777376175,0.0062874481081962585,-0.0015260428190231323,0.02072426676750183
0.07771337777376175,0.0062874481081962585,-0.0015260428190231323,0.02072426676750183
0.07771337777376175,0.0062874481081962585,-0.0015260428190231323,0.02072426676750183
0.07771337777376175,0.0062874481081962585,-0.0015260428190231323,0.02072426676750183
0.07771337777376175,0.0062874481081962585,-0.0015260428190231323,0.02072426676750183
0.07771337777376175,0.0062874481081962585,-0.0015260428190231323,0.02072426676750183
0.07771337777376175,0.0062874481081962585,-0.0015260428190231323,0.02072426676750183
0.07771337777376175,0.0062874481081962585,-0.0015260428190231323,0.02072426676750183
0.07771337777376175,0.0062874481081962585,-0.0015260428190231323,0.02072426676750183
0.07771337777376175,0.0062874481081962585,-0.0015260428190231323,0.02072426676750183
0.07771337777376175,0.0062874481081962585,-0.0015260428190231323,0.02072426676750183
0.07771337777376175,0.0062874481081962585,-0.0015260428190231323,0.02072426676750183
0.07771337777376175,0.0062874481081962585,-0.0015260428190231323,0.02072426676750183
0.07771337777376175,0.0062874481081962585,-0.0015260428190231323,0.02072426676750183
0.07771337777376175,0.0062874481081962585,-0.0015260428190231323,0.02072426676750183
0.07771337777376175,0.0062874481081962585,-0.0015260428190231323,0.02072426676750183
0.07771337777376175,0.0062874481081962585,-0.0015260428190231323,0.02072426676750183
0.07771337777376175,0.0062874481081962585,-0.0015260428190231323,0.02072426676750183
0.07771337777376175,0.0062874481081962585,-0.0015260428190231323,0.02072426676750183
0.07771337777376175,0.0062874481081962585,-0.0015260428190231323,0.02072426676750183
0.07771337777376175,0.0062874481081962585,-0.0015260428190231323,0.02072426676750183
0.07771337777376175,0.0062874481081962585,-0.0015260428190231323,0.02072426676750183
0.07771337777376175,0.0062874481081962585,-0.0015260428190231323,0.02072426676750183
0.07771337777376175,0.0062874481081962585,-0.0015260428190231323,0.02072426676750183
0.07771337777376175,0.0062874481081962585,-0.0015260428190231323,0.02072426676750183
0.07771337777376175,0.0062874481081962585,-0.0015260428190231323,0.02072426676750183
0.07771337777376175,0.0062874481081962585,-0.0015260428190231323,0.02072426676750183
0.07771337777376175,0.0062874481081962585,-0.0015260428190231323,0.02072426676750183
0.07771337777376175,0.0062874481081962585,-0.0015260428190231323,0.02072426676750183
0.07771337777376175,0.0062874481081962585,-0.0015260428190231323,0.02072426676750183
0.07771337777376175,0.0062874481081962585,-0.0015260428190231323,0.02072426676750183
0.07771337777376175,0.0062874481081962585,-0.0015260428190231323,0.02072426676750183
0.07771337777376175,0.0062874481081962585,-0.0015260428190231323,0.02072426676750183
0.07771337777376175,0.0062874481081962585,-0.0015260428190231323,0.02072426676750183
0.07771337777376175,0.0062874481081962585,-0.0015260428190231323,0.02072426676750183
0.07771337777376175,0.0062874481081962585,-0.0015260428190231323,0.02072426676750183
0.07771337777376175,0.0062874481081962585,-0.0015260428190231323,0.02072426676750183
0.07771337777376175,0.0062874481081962585,-0.0015260428190231323,0.02072426676750183
0.07771337777376175,0.0062874481081962585,-0.0015260428190231323,0.02072426676750183
0.07771337777376175,0.0062874481081962585,-0.0015260428190231323,0.02072426676750183
0.07771337777376175,0.0062874481081962585,-0.0015260428190231323,0.02072426676750183
0.07771337777376175,0.0062874481081962585,-0.0015260428190231323,0.02072426676750183
0.07771337777376175,0.0062874481081962585,-0.0015260428190231323,0.02072426676750183
0.07771337777376175,0.0062874481081962585,-0.0015260428190231323,0.02072426676750183
0.07771337777376175,0.0062874481081962585,-0.0015260428190231323,0.02072426676750183
0.07771337777376175,0.0062874481081962585,-0.0015260428190231323,0.02072426676750183
0.07771337777376175,0.0062874481081962585,-0.0015260428190231323,0.02072426676750183
0.07771337777376175,0.0062874481081962585,-0.0015260428190231323,0.02072426676750183
0.07771337777376175,0.0062874481081962585,-0.0015260428190231323,0.02072426676750183
0.07771337777376175,0.0062874481081962585,-0.0015260428190231323,0.02072426676750183
0.07771337777376175,0.0062874481081962585,-0.0015260428190231323,0.02072426676750183
0.07771337777376175,0.0062874481081962585,-0.0015260428190231323,0.02072426676750183
0.07771337777376175,0.0062874481081962585,-0.0015260428190231323,0.02072426676750183
0.07771337777376175,0.0062874481081962585,-0.0015260428190231323,0.02072426676750183
0.07771337777376175,0.0062874481081962585,-0.0015260428190231323,0.02072426676750183
0.07771337777376175,0.0062874481081962585,-0.0015260428190231323,0.02072426676750183
0.07771337777376175,0.0062874481081962585,-0.0015260428190231323,0.02072426676750183
0.07771337777376175,0.0062874481081962585,-0.0015260428190231323,0.02072426676750183
0.07771337777376175,0.0062874481081962585,-0.0015260428190231323,0.02072426676750183
0.07771337777376175,0.0062874481081962585,-0.0015260428190231323,0.02072426676750183
0.07771337777376175,0.0062874481081962585,-0.0015260428190231323,0.02072426676750183
0.07771337777376175,0.0062874481081962585,-0.0015260428190231323,0.02072426676750183
0.07771337777376175,0.0062874481081962585,-0.0015260428190231323,0.02072426676750183
0.07771337777376175,0.0062874481081962585,-0.0015260428190231323,0.02072426676750183
0.07771337777376175,0.0062874481081962585,-0.0015260428190231323,0.02072426676750183
0.07771337777376175,0.0062874481081962585,-0.0015260428190231323,0.02072426676750183
0.07771337777376175,0.0062874481081962585,-0.0015260428190231323,0.02072426676750183
0.07771337777376175,0.0062874481081962585,-0.0015260428190231323,0.02072426676750183
0.07771337777376175,0.0062874481081962585,-0.0015260428190231323,0.02072426676750183
0.07771337777376175,0.0062874481081962585,-0.0015260428190231323,0.02072426676750183
0.07771337777376175,0.0062874481081962585,-0.0015260428190231323,0.02072426676750183
0.07771337777376175,0.0062874481081962585,-0.0015260428190231323,0.02072426676750183
0.07771337777376175,0.0062874481081962585,-0.0015260428190231323,0.02072426676750183
0.07771337777376175,0.0062874481081962585,-0.0015260428190231323,0.02072426676750183
0.07771337777376175,0.0062874481081962585,-0.0015260428190231323,0.02072426676750183
0.07771337777376175,0.0062874481081962585,-0.0015260428190231323,0.02072426676750183
0.07771337777376175,0.0062874481081962585,-0.0015260428190231323,0.02072426676750183
0.07771337777376175,0.0062874481081962585,-0.0015260428190231323,0.02072426676750183
0.07771337777376175,0.0062874481081962585,-0.0015260428190231323,0.02072426676750183
0.07771337777376175,0.0062874481081962585,-0.0015260428190231323,0.02072426676750183
0.07771337777376175,0.0062874481081962585,-0.0015260428190231323,0.02072426676750183
0.07771337777376175,0.0062874481081962585,-0.0015260428190231323,0.02072426676750183
0.07771337777376175,0.0062874481081962585,-0.0015260428190231323,0.02072426676750183
0.07771337777376175,0.0062874481081962585,-0.0015260428190231323,0.02072426676750183
0.07771337777376175,0.0062874481081962585,-0.0015260428190231323,0.02072426676750183
0.07771337777376175,0.0062874481081962585,-0.0015260428190231323,0.02072426676750183
0.07771337777376175,0.0062874481081962585,-0.0015260428190231323,0.02072426676750183
0.07771337777376175,0.0062874481081962585,-0.0015260428190231323,0.02072426676750183
0.07771337777376175,0.0062874481081962585,-0.0015260428190231323,0.02072426676750183
0.07771337777376175,0.0062874481081962585,-0.0015260428190231323,0.02072426676750183
0.07771337777376175,0.0062874481081962585,-0.0015260428190231323,0.02072426676750183
0.07771337777376175,0.0062874481081962585,-0.0015260428190231323,0.02072426676750183
0.07771337777376175,0.0062874481081962585,-0.0015260428190231323,0.02072426676750183
0.07771337777376175,0.0062874481081962585,-0.0015260428190231323,0.02072426676750183
0.07771337777376175,0.0062874481081962585,-0.0015260428190231323,0.02072426676750183
0.07771337777376175,0.0062874481081962585,-0.0015260428190231323,0.02072426676750183
0.07771337777376175,0.0062874481081962585,-0.0015260428190231323,0.02072426676750183
0.07771337777376175,0.0062874481081962585,-0.0015260428190231323,0.02072426676750183
0.07771337777376175,0.0062874481081962585,-0.0015260428190231323,0.02072426676750183
0.07771337777376175,0.0062874481081962585,-0.0015260428190231323,0.02072426676750183
0.07771337777376175,0.0062874481081962585,-0.0015260428190231323,0.02072426676750183
0.07771337777376175,0.0062874481081962585,-0.0015260428190231323,0.02072426676750183
0.07771337777376175,0.0062874481081962585,-0.0015260428190231323,0.02072426676750183
0.07771337777376175,0.0062874481081962585,-0.0015260428190231323,0.02072426676750183
0.07771337777376175,0.0062874481081962585,-0.0015260428190231323,0.02072426676750183
0.07771337777376175,0.0062874481081962585,-0.0015260428190231323,0.02072426676750183
0.07771337777376175,0.0062874481081962585,-0.0015260428190231323,0.02072426676750183
0.07771337777376175,0.0062874481081962585,-0.0015260428190231323,0.02072426676750183
0.07771337777376175,0.0062874481081962585,-0.0015260428190231323,0.02072426676750183
0.07771337777376175,0.0062874481081962585,-0.0015260428190231323,0.02072426676750183
0.07771337777376175,0.0062874481081962585,-0.0015260428190231323,0.02072426676750183
0.07771337777376175,0.0062874481081962585,-0.0015260428190231323,0.02072426676750183
0.07771337777376175,0.0062874481081962585,-0.0015260428190231323,0.02072426676750183
0.07771337777376175,0.0062874481081962585,-0.0015260428190231323,0.02072426676750183
0.07771337777376175,0.0062874481081962585,-0.0015260428190231323,0.02072426676750183
0.07771337777376175,0.0062874481081962585,-0.0015260428190231323,0.02072426676750183
0.07771337777376175,0.0062874481081962585,-0.0015260428190231323,0.02072426676750183
0.07771337777376175,0.0062874481081962585,-0.0015260428190231323,0.02072426676750183
0.07771337777376175,0.0062874481081962585,-0.0015260428190231323,0.02072426676750183
0.07771337777376175,0.0062874481081962585,-0.0015260428190231323,0.02072426676750183
0.07771337777376175,0.0062874481081962585,-0.0015260428190231323,0.02072426676750183
0.07771337777376175,0.0062874481081962585,-0.0015260428190231323,0.02072426676750183
0.07771337777376175,0.0062874481081962585,-0.0015260428190231323,0.02072426676750183
0.07771337777376175,0.0062874481081962585,-0.0015260428190231323,0.02072426676750183
0.07771337777376175,0.0062874481081962585,-0.0015260428190231323,0.02072426676750183
0.07771337777376175,0.0062874481081962585,-0.0015260428190231323,0.02072426676750183
0.07771337777376175,0.0062874481081962585,-0.0015260428190231323,0.02072426676750183
0.07771337777376175,0.0062874481081962585,-0.0015260428190231323,0.02072426676750183
0.07771337777376175,0.0062874481081962585,-0.0015260428190231323,0.02072426676750183
0.07771337777376175,0.0062874481081962585,-0.0015260428190231323,0.02072426676750183
0.07771337777376175,0.0062874481081962585,-0.0015260428190231323,0.02072426676750183
0.07771337777376175,0.0062874481081962585,-0.0015260428190231323,0.02072426676750183
0.07771337777376175,0.0062874481081962585,-0.0015260428190231323,0.02072426676750183
0.07771337777376175,0.0062874481081962585,-0.0015260428190231323,0.02072426676750183
0.07771337777376175,0.0062874481081962585,-0.0015260428190231323,0.02072426676750183
0.07771337777376175,0.0062874481081962585,-0.0015260428190231323,0.02072426676750183
0.07771337777376175,0.0062874481081962585,-0.0015260428190231323,0.02072426676750183
0.07771337777376175,0.0062874481081962585,-0.0015260428190231323,0.02072426676750183
0.07771337777376175,0.0062874481081962585,-0.0015260428190231323,0.02072426676750183
0.07771337777376175,0.0062874481081962585,-0.0015260428190231323,0.02072426676750183
0.07771337777376175,0.0062874481081962585,-0.0015260428190231323,0.02072426676750183
0.07771337777376175,0.0062874481081962585,-0.0015260428190231323,0.02072426676750183
0.07771337777376175,0.0062874481081962585,-0.0015260428190231323,0.02072426676750183
0.07771337777376175,0.0062874481081962585,-0.0015260428190231323,0.02072426676750183
0.07771337777376175,0.0062874481081962585,-0.0015260428190231323,0.02072426676750183
0.07771337777376175,0.0062874481081962585,-0.0015260428190231323,0.02072426676750183
0.07771337777376175,0.0062874481081962585,-0.0015260428190231323,0.02072426676750183
0.07771337777376175,0.0062874481081962585,-0.0015260428190231323,0.02072426676750183
0.07771337777376175,0.0062874481081962585,-0.0015260428190231323,0.02072426676750183
0.07771337777376175,0.0062874481081962585,-0.0015260428190231323,0.02072426676750183
0.07771337777376175,0.0062874481081962585,-0.0015260428190231323,0.02072426676750183
0.07771337777376175,0.0062874481081962585,-0.0015260428190231323,0.02072426676750183
0.07771337777376175,0.0062874481081962585,-0.0015260428190231323,0.02072426676750183
0.07771337777376175,0.0062874481081962585,-0.0015260428190231323,0.02072426676750183
0.07771337777376175,0.0062874481081962585,-0.0015260428190231323,0.02072426676750183
0.07771337777376175,0.0062874481081962585,-0.0015260428190231323,0.02072426676750183
0.07771337777376175,0.0062874481081962585,-0.0015260428190231323,0.02072426676750183
0.07771337777376175,0.0062874481081962585,-0.0015260428190231323,0.02072426676750183
0.07771337777376175,0.0062874481081962585,-0.0015260428190231323,0.02072426676750183
0.07771337777376175,0.0062874481081962585,-0.0015260428190231323,0.02072426676750183
0.07771337777376175,0.0062874481081962585,-0.0015260428190231323,0.02072426676750183
0.07771337777376175,0.0062874481081962585,-0.0015260428190231323,0.02072426676750183
0.07771337777376175,0.0062874481081962585,-0.0015260428190231323,0.02072426676750183
0.07771337777376175,0.0062874481081962585,-0.0015260428190231323,0.02072426676750183
0.07771337777376175,0.0062874481081962585,-0.0015260428190231323,0.02072426676750183
0.07771337777376175,0.0062874481081962585,-0.0015260428190231323,0.02072426676750183
0.07771337777376175,0.0062874481081962585,-0.0015260428190231323,0.02072426676750183
0.07771337777376175,0.0062874481081962585,-0.0015260428190231323,0.02072426676750183
0.07771337777376175,0.0062874481081962585,-0.0015260428190231323,0.02072426676750183
0.07771337777376175,0.0062874481081962585,-0.0015260428190231323,0.02072426676750183
0.07771337777376175,0.0062874481081962585,-0.0015260428190231323,0.02072426676750183
0.07771337777376175,0.0062874481081962585,-0.0015260428190231323,0.02072426676750183
0.07771337777376175,0.0062874481081962585,-0.0015260428190231323,0.02072426676750183
0.07771337777376175,0.0062874481081962585,-0.0015260428190231323,0.02072426676750183
0.07771337777376175,0.0062874481081962585,-0.0015260428190231323,0.02072426676750183
0.07771337777376175,0.0062874481081962585,-0.0015260428190231323,0.02072426676750183
0.07771337777376175,0.0062874481081962585,-0.0015260428190231323,0.02072426676750183
0.07771337777376175,0.0062874481081962585,-0.0015260428190231323,0.02072426676750183
0.07771337777376175,0.0062874481081962585,-0.0015260428190231323,0.02072426676750183
0.07771337777376175,0.0062874481081962585,-0.0015260428190231323,0.02072426676750183
0.07771337777376175,0.0062874481081962585,-0.0015260428190231323,0.02072426676750183
0.07771337777376175,0.0062874481081962585,-0.0015260428190231323,0.02072426676750183
0.07771337777376175,0.0062874481081962585,-0.0015260428190231323,0.02072426676750183
0.07771337777376175,0.0062874481081962585,-0.0015260428190231323,0.02072426676750183
0.07771337777376175,0.0062874481081962585,-0.0015260428190231323,0.02072426676750183
0.07771337777376175,0.0062874481081962585,-0.0015260428190231323,0.02072426676750183
0.07771337777376175,0.0062874481081962585,-0.0015260428190231323,0.02072426676750183
0.07771337777376175,0.0062874481081962585,-0.0015260428190231323,0.02072426676750183
0.07771337777376175,0.0062874481081962585,-0.0015260428190231323,0.02072426676750183
0.07771337777376175,0.0062874481081962585,-0.0015260428190231323,0.02072426676750183
0.07771337777376175,0.0062874481081962585,-0.0015260428190231323,0.02072426676750183
0.07771337777376175,0.0062874481081962585,-0.0015260428190231323,0.02072426676750183
0.07771337777376175,0.0062874481081962585,-0.0015260428190231323,0.02072426676750183
0.07771337777376175,0.0062874481081962585,-0.0015260428190231323,0.02072426676750183
0.07771337777376175,0.0062874481081962585,-0.0015260428190231323,0.02072426676750183
0.07771337777376175,0.0062874481081962585,-0.0015260428190231323,0.02072426676750183
0.07771337777376175,0.0062874481081962585,-0.0015260428190231323,0.02072426676750183
0.07771337777376175,0.0062874481081962585,-0.0015260428190231323,0.02072426676750183
0.07771337777376175,0.0062874481081962585,-0.0015260428190231323,0.02072426676750183
0.07771337777376175,0.0062874481081962585,-0.0015260428190231323,0.02072426676750183
0.07771337777376175,0.0062874481081962585,-0.0015260428190231323,0.02072426676750183
0.07771337777376175,0.0062874481081962585,-0.0015260428190231323,0.02072426676750183
0.07771337777376175,0.0062874481081962585,-0.0015260428190231323,0.02072426676750183
0.07771337777376175,0.0062874481081962585,-0.0015260428190231323,0.02072426676750183
0.07771337777376175,0.0062874481081962585,-0.0015260428190231323,0.02072426676750183
0.07771337777376175,0.0062874481081962585,-0.0015260428190231323,0.02072426676750183
0.07771337777376175,0.0062874481081962585,-0.0015260428190231323,0.02072426676750183
0.07771337777376175,0.0062874481081962585,-0.0015260428190231323,0.02072426676750183
0.07771337777376175,0.0062874481081962585,-0.0015260428190231323,0.02072426676750183
0.07771337777376175,0.0062874481081962585,-0.0015260428190231323,0.02072426676750183
0.07771337777376175,0.0062874481081962585,-0.0015260428190231323,0.02072426676750183
0.07771337777376175,0.0062874481081962585,-0.0015260428190231323,0.02072426676750183
0.07771337777376175,0.0062874481081962585,-0.0015260428190231323,0.02072426676750183
0.07771337777376175,0.0062874481081962585,-0.0015260428190231323,0.02072426676750183
0.07771337777376175,0.0062874481081962585,-0.0015260428190231323,0.02072426676750183
0.07771337777376175,0.0062874481081962585,-0.0015260428190231323,0.02072426676750183
0.07771337777376175,0.0062874481081962585,-0.0015260428190231323,0.02072426676750183
0.07771337777376175,0.0062874481081962585,-0.0015260428190231323,0.02072426676750183
0.07771337777376175,0.0062874481081962585,-0.0015260428190231323,0.02072426676750183
0.07771337777376175,0.0062874481081962585,-0.0015260428190231323,0.02072426676750183
0.07771337777376175,0.0062874481081962585,-0.0015260428190231323,0.02072426676750183
0.07771337777376175,0.0062874481081962585,-0.0015260428190231323,0.02072426676750183
0.07771337777376175,0.0062874481081962585,-0.0015260428190231323,0.02072426676750183
0.07771337777376175,0.0062874481081962585,-0.0015260428190231323,0.02072426676750183
0.07771337777376175,0.0062874481081962585,-0.0015260428190231323,0.02072426676750183
0.07771337777376175,0.0062874481081962585,-0.0015260428190231323,0.02072426676750183
0.07771337777376175,0.0062874481081962585,-0.0015260428190231323,0.02072426676750183
0.07771337777376175,0.0062874481081962585,-0.0015260428190231323,0.02072426676750183
0.07771337777376175,0.0062874481081962585,-0.0015260428190231323,0.02072426676750183
0.07771337777376175,0.0062874481081962585,-0.0015260428190231323,0.02072426676750183
0.07771337777376175,0.0062874481081962585,-0.0015260428190231323,0.02072426676750183
0.07771337777376175,0.0062874481081962585,-0.0015260428190231323,0.02072426676750183
0.07771337777376175,0.0062874481081962585,-0.0015260428190231323,0.02072426676750183
0.07771337777376175,0.0062874481081962585,-0.0015260428190231323,0.02072426676750183
0.07771337777376175,0.0062874481081962585,-0.0015260428190231323,0.02072426676750183
0.07771337777376175,0.0062874481081962585,-0.0015260428190231323,0.02072426676750183
0.07771337777376175,0.0062874481081962585,-0.0015260428190231323,0.02072426676750183
0.07771337777376175,0.0062874481081962585,-0.0015260428190231323,0.02072426676750183
0.07771337777376175,0.0062874481081962585,-0.0015260428190231323,0.02072426676750183
0.07771337777376175,0.0062874481081962585,-0.0015260428190231323,0.02072426676750183
0.07771337777376175,0.0062874481081962585,-0.0015260428190231323,0.02072426676750183
0.07771337777376175,0.0062874481081962585,-0.0015260428190231323,0.02072426676750183
0.07771337777376175,0.0062874481081962585,-0.0015260428190231323,0.02072426676750183
0.07771337777376175,0.0062874481081962585,-0.0015260428190231323,0.02072426676750183
0.07771337777376175,0.0062874481081962585,-0.0015260428190231323,0.02072426676750183
0.07771337777376175,0.0062874481081962585,-0.0015260428190231323,0.02072426676750183
0.07771337777376175,0.0062874481081962585,-0.0015260428190231323,0.02072426676750183
0.07771337777376175,0.0062874481081962585,-0.0015260428190231323,0.02072426676750183
0.07771337777376175,0.0062874481081962585,-0.0015260428190231323,0.02072426676750183
0.07771337777376175,0.0062874481081962585,-0.0015260428190231323,0.02072426676750183
0.07771337777376175,0.0062874481081962585,-0.0015260428190231323,0.02072426676750183
0.07771337777376175,0.0062874481081962585,-0.0015260428190231323,0.02072426676750183
0.07771337777376175,0.0062874481081962585,-0.0015260428190231323,0.02072426676750183
0.07771337777376175,0.0062874481081962585,-0.0015260428190231323,0.02072426676750183
0.07771337777376175,0.0062874481081962585,-0.0015260428190231323,0.02072426676750183
0.07771337777376175,0.0062874481081962585,-0.0015260428190231323,0.02072426676750183
0.07771337777376175,0.0062874481081962585,-0.0015260428190231323,0.02072426676750183
0.07771337777376175,0.0062874481081962585,-0.0015260428190231323,0.02072426676750183
0.07771337777376175,0.0062874481081962585,-0.0015260428190231323,0.02072426676750183
0.07771337777376175,0.0062874481081962585,-0.0015260428190231323,0.02072426676750183
0.07771337777376175,0.0062874481081962585,-0.0015260428190231323,0.02072426676750183
0.07771337777376175,0.0062874481081962585,-0.0015260428190231323,0.02072426676750183
0.07771337777376175,0.0062874481081962585,-0.0015260428190231323,0.02072426676750183
0.07771337777376175,0.0062874481081962585,-0.0015260428190231323,0.02072426676750183
0.07771337777376175,0.0062874481081962585,-0.0015260428190231323,0.02072426676750183
0.07771337777376175,0.0062874481081962585,-0.0015260428190231323,0.02072426676750183
0.07771337777376175,0.0062874481081962585,-0.0015260428190231323,0.02072426676750183
0.07771337777376175,0.0062874481081962585,-0.0015260428190231323,0.02072426676750183
0.07771337777376175,0.0062874481081962585,-0.0015260428190231323,0.02072426676750183
0.07771337777376175,0.0062874481081962585,-0.0015260428190231323,0.02072426676750183
0.07771337777376175,0.0062874481081962585,-0.0015260428190231323,0.02072426676750183
0.07771337777376175,0.0062874481081962585,-0.0015260428190231323,0.02072426676750183
0.07771337777376175,0.0062874481081962585,-0.0015260428190231323,0.02072426676750183
0.07771337777376175,0.0062874481081962585,-0.0015260428190231323,0.02072426676750183
0.07771337777376175,0.0062874481081962585,-0.0015260428190231323,0.02072426676750183
0.07771337777376175,0.0062874481081962585,-0.0015260428190231323,0.02072426676750183
0.07771337777376175,0.0062874481081962585,-0.0015260428190231323,0.02072426676750183
0.07771337777376175,0.0062874481081962585,-0.0015260428190231323,0.02072426676750183
0.07771337777376175,0.0062874481081962585,-0.0015260428190231323,0.02072426676750183
0.07771337777376175,0.0062874481081962585,-0.0015260428190231323,0.02072426676750183
0.07771337777376175,0.0062874481081962585,-0.0015260428190231323,0.02072426676750183
0.07771337777376175,0.0062874481081962585,-0.0015260428190231323,0.02072426676750183
0.07771337777376175,0.0062874481081962585,-0.0015260428190231323,0.02072426676750183
0.07771337777376175,0.0062874481081962585,-0.0015260428190231323,0.02072426676750183
0.07771337777376175,0.0062874481081962585,-0.0015260428190231323,0.02072426676750183
0.07771337777376175,0.0062874481081962585,-0.0015260428190231323,0.02072426676750183
0.07771337777376175,0.0062874481081962585,-0.0015260428190231323,0.02072426676750183
0.07771337777376175,0.0062874481081962585,-0.0015260428190231323,0.02072426676750183
0.07771337777376175,0.0062874481081962585,-0.0015260428190231323,0.02072426676750183
0.07771337777376175,0.0062874481081962585,-0.0015260428190231323,0.02072426676750183
0.07771337777376175,0.0062874481081962585,-0.0015260428190231323,0.02072426676750183
0.07771337777376175,0.0062874481081962585,-0.0015260428190231323,0.02072426676750183
0.07771337777376175,0.0062874481081962585,-0.0015260428190231323,0.02072426676750183
0.07771337777376175,0.0062874481081962585,-0.0015260428190231323,0.02072426676750183
0.07771337777376175,0.0062874481081962585,-0.0015260428190231323,0.02072426676750183
0.07771337777376175,0.0062874481081962585,-0.0015260428190231323,0.02072426676750183
0.07771337777376175,0.0062874481081962585,-0.0015260428190231323,0.02072426676750183
0.07771337777376175,0.0062874481081962585,-0.0015260428190231323,0.02072426676750183
0.07771337777376175,0.0062874481081962585,-0.0015260428190231323,0.02072426676750183
0.07771337777376175,0.0062874481081962585,-0.0015260428190231323,0.02072426676750183
0.07771337777376175,0.0062874481081962585,-0.0015260428190231323,0.02072426676750183
0.07771337777376175,0.0062874481081962585,-0.0015260428190231323,0.02072426676750183
0.07771337777376175,0.0062874481081962585,-0.0015260428190231323,0.02072426676750183
0.07771337777376175,0.0062874481081962585,-0.0015260428190231323,0.02072426676750183
0.07771337777376175,0.0062874481081962585,-0.0015260428190231323,0.02072426676750183
0.07771337777376175,0.0062874481081962585,-0.0015260428190231323,0.02072426676750183
0.07771337777376175,0.0062874481081962585,-0.0015260428190231323,0.02072426676750183
0.07771337777376175,0.0062874481081962585,-0.0015260428190231323,0.02072426676750183
0.07771337777376175,0.0062874481081962585,-0.0015260428190231323,0.02072426676750183
0.07771337777376175,0.0062874481081962585,-0.0015260428190231323,0.02072426676750183
0.07771337777376175,0.0062874481081962585,-0.0015260428190231323,0.02072426676750183
0.07771337777376175,0.0062874481081962585,-0.0015260428190231323,0.02072426676750183
0.07771337777376175,0.0062874481081962585,-0.0015260428190231323,0.02072426676750183
0.07771337777376175,0.0062874481081962585,-0.0015260428190231323,0.02072426676750183
0.07771337777376175,0.0062874481081962585,-0.0015260428190231323,0.02072426676750183
0.07771337777376175,0.0062874481081962585,-0.0015260428190231323,0.02072426676750183
0.07771337777376175,0.0062874481081962585,-0.0015260428190231323,0.02072426676750183
0.07771337777376175,0.0062874481081962585,-0.0015260428190231323,0.02072426676750183
0.07771337777376175,0.0062874481081962585,-0.0015260428190231323,0.02072426676750183
0.07771337777376175,0.0062874481081962585,-0.0015260428190231323,0.02072426676750183
0.07771337777376175,0.0062874481081962585,-0.0015260428190231323,0.02072426676750183
0.07771337777376175,0.0062874481081962585,-0.0015260428190231323,0.02072426676750183
0.07771337777376175,0.0062874481081962585,-0.0015260428190231323,0.02072426676750183
0.07771337777376175,0.0062874481081962585,-0.0015260428190231323,0.02072426676750183
0.07771337777376175,0.0062874481081962585,-0.0015260428190231323,0.02072426676750183
0.07771337777376175,0.0062874481081962585,-0.0015260428190231323,0.02072426676750183
0.07771337777376175,0.0062874481081962585,-0.0015260428190231323,0.02072426676750183
0.07771337777376175,0.0062874481081962585,-0.0015260428190231323,0.02072426676750183
0.07771337777376175,0.0062874481081962585,-0.0015260428190231323,0.02072426676750183
0.07771337777376175,0.0062874481081962585,-0.0015260428190231323,0.02072426676750183
0.07771337777376175,0.0062874481081962585,-0.0015260428190231323,0.02072426676750183
0.07771337777376175,0.0062874481081962585,-0.0015260428190231323,0.02072426676750183
0.07771337777376175,0.0062874481081962585,-0.0015260428190231323,0.02072426676750183
0.07771337777376175,0.0062874481081962585,-0.0015260428190231323,0.02072426676750183
0.07771337777376175,0.0062874481081962585,-0.0015260428190231323,0.02072426676750183
0.07771337777376175,0.0062874481081962585,-0.0015260428190231323,0.02072426676750183
0.07771337777376175,0.0062874481081962585,-0.0015260428190231323,0.02072426676750183
0.07771337777376175,0.0062874481081962585,-0.0015260428190231323,0.02072426676750183
0.07771337777376175,0.0062874481081962585,-0.0015260428190231323,0.02072426676750183
0.07771337777376175,0.0062874481081962585,-0.0015260428190231323,0.02072426676750183
0.07771337777376175,0.0062874481081962585,-0.0015260428190231323,0.02072426676750183
0.07771337777376175,0.0062874481081962585,-0.0015260428190231323,0.02072426676750183
0.07771337777376175,0.0062874481081962585,-0.0015260428190231323,0.02072426676750183
0.07771337777376175,0.0062874481081962585,-0.0015260428190231323,0.02072426676750183
0.07771337777376175,0.0062874481081962585,-0.0015260428190231323,0.02072426676750183
0.07771337777376175,0.0062874481081962585,-0.0015260428190231323,0.02072426676750183
0.07771337777376175,0.0062874481081962585,-0.0015260428190231323,0.02072426676750183
0.07771337777376175,0.0062874481081962585,-0.0015260428190231323,0.02072426676750183
0.07771337777376175,0.0062874481081962585,-0.0015260428190231323,0.02072426676750183
0.07771337777376175,0.0062874481081962585,-0.0015260428190231323,0.02072426676750183
0.07771337777376175,0.0062874481081962585,-0.0015260428190231323,0.02072426676750183
0.07771337777376175,0.0062874481081962585,-0.0015260428190231323,0.02072426676750183
0.07771337777376175,0.0062874481081962585,-0.0015260428190231323,0.02072426676750183
0.07771337777376175,0.0062874481081962585,-0.0015260428190231323,0.02072426676750183
0.07771337777376175,0.0062874481081962585,-0.0015260428190231323,0.02072426676750183
0.07771337777376175,0.0062874481081962585,-0.0015260428190231323,0.02072426676750183
0.07771337777376175,0.0062874481081962585,-0.0015260428190231323,0.02072426676750183
0.07771337777376175,0.0062874481081962585,-0.0015260428190231323,0.02072426676750183
0.07771337777376175,0.0062874481081962585,-0.0015260428190231323,0.02072426676750183
0.07771337777376175,0.0062874481081962585,-0.0015260428190231323,0.02072426676750183
0.07771337777376175,0.0062874481081962585,-0.0015260428190231323,0.02072426676750183
0.07771337777376175,0.0062874481081962585,-0.0015260428190231323,0.02072426676750183
0.07771337777376175,0.0062874481081962585,-0.0015260428190231323,0.02072426676750183
0.07771337777376175,0.0062874481081962585,-0.0015260428190231323,0.02072426676750183
0.07771337777376175,0.0062874481081962585,-0.0015260428190231323,0.02072426676750183
0.07771337777376175,0.0062874481081962585,-0.0015260428190231323,0.02072426676750183
0.07771337777376175,0.0062874481081962585,-0.0015260428190231323,0.02072426676750183
0.07771337777376175,0.0062874481081962585,-0.0015260428190231323,0.02072426676750183
0.07771337777376175,0.0062874481081962585,-0.0015260428190231323,0.02072426676750183
0.07771337777376175,0.0062874481081962585,-0.0015260428190231323,0.02072426676750183
0.07771337777376175,0.0062874481081962585,-0.0015260428190231323,0.02072426676750183
0.07771337777376175,0.0062874481081962585,-0.0015260428190231323,0.02072426676750183
0.07771337777376175,0.0062874481081962585,-0.0015260428190231323,0.02072426676750183
0.07771337777376175,0.0062874481081962585,-0.0015260428190231323,0.02072426676750183
0.07771337777376175,0.0062874481081962585,-0.0015260428190231323,0.02072426676750183
0.07771337777376175,0.0062874481081962585,-0.0015260428190231323,0.02072426676750183
0.07771337777376175,0.0062874481081962585,-0.0015260428190231323,0.02072426676750183
0.07771337777376175,0.0062874481081962585,-0.0015260428190231323,0.02072426676750183
0.07771337777376175,0.0062874481081962585,-0.0015260428190231323,0.02072426676750183
0.07771337777376175,0.0062874481081962585,-0.0015260428190231323,0.02072426676750183
0.07771337777376175,0.0062874481081962585,-0.0015260428190231323,0.02072426676750183
0.07771337777376175,0.0062874481081962585,-0.0015260428190231323,0.02072426676750183
0.07771337777376175,0.0062874481081962585,-0.0015260428190231323,0.02072426676750183
0.07771337777376175,0.0062874481081962585,-0.0015260428190231323,0.02072426676750183
0.07771337777376175,0.0062874481081962585,-0.0015260428190231323,0.02072426676750183
0.07771337777376175,0.0062874481081962585,-0.0015260428190231323,0.02072426676750183
0.07771337777376175,0.0062874481081962585,-0.0015260428190231323,0.02072426676750183
0.07771337777376175,0.0062874481081962585,-0.0015260428190231323,0.02072426676750183
0.07771337777376175,0.0062874481081962585,-0.0015260428190231323,0.02072426676750183
0.07771337777376175,0.0062874481081962585,-0.0015260428190231323,0.02072426676750183
0.07771337777376175,0.0062874481081962585,-0.0015260428190231323,0.02072426676750183
0.07771337777376175,0.0062874481081962585,-0.0015260428190231323,0.02072426676750183
0.07771337777376175,0.0062874481081962585,-0.0015260428190231323,0.02072426676750183
0.07771337777376175,0.0062874481081962585,-0.0015260428190231323,0.02072426676750183
0.07771337777376175,0.0062874481081962585,-0.0015260428190231323,0.02072426676750183
0.07771337777376175,0.0062874481081962585,-0.0015260428190231323,0.02072426676750183
0.07771337777376175,0.0062874481081962585,-0.0015260428190231323,0.02072426676750183
0.07771337777376175,0.0062874481081962585,-0.0015260428190231323,0.02072426676750183
0.07771337777376175,0.0062874481081962585,-0.0015260428190231323,0.02072426676750183
0.07771337777376175,0.0062874481081962585,-0.0015260428190231323,0.02072426676750183
0.07771337777376175,0.0062874481081962585,-0.0015260428190231323,0.02072426676750183
0.07771337777376175,0.0062874481081962585,-0.0015260428190231323,0.02072426676750183
0.07771337777376175,0.0062874481081962585,-0.0015260428190231323,0.02072426676750183
0.07771337777376175,0.0062874481081962585,-0.0015260428190231323,0.02072426676750183
0.07771337777376175,0.0062874481081962585,-0.0015260428190231323,0.02072426676750183
0.07771337777376175,0.0062874481081962585,-0.0015260428190231323,0.02072426676750183
0.07771337777376175,0.0062874481081962585,-0.0015260428190231323,0.02072426676750183
0.07771337777376175,0.0062874481081962585,-0.0015260428190231323,0.02072426676750183
