vx,vy,vz,omega_z
0.1306905448436737,-0.314011812210083,-0.4318513870239258,0.6079753041267395
0.12299717217683792,-0.36213773488998413,-0.4778544008731842,0.8605802655220032
0.11833688616752625,-0.3638729453086853,-0.4737730622291565,0.882177472114563
0.10440663248300552,-0.3686290383338928,-0.4472576975822449,0.9034210443496704
0.07704952359199524,-0.3635983467102051,-0.42745232582092285,0.9483978748321533
0.06628042459487915,-0.3617517352104187,-0.42294156551361084,0.9577773809432983
0.056477129459381104,-0.35637539625167847,-0.42518219351768494,0.9684424996376038
0.053794968873262405,-0.35424041748046875,-0.42685380578041077,0.9697045087814331
0.04149267449975014,-0.35873663425445557,-0.4313462972640991,0.9745934009552002
0.030747823417186737,-0.3611789345741272,-0.42989665269851685,0.9809852242469788
0.02606039121747017,-0.36165302991867065,-0.4290599226951599,0.9822416305541992
0.02313368022441864,-0.35382598638534546,-0.4332607686519623,0.981917679309845
0.020359821617603302,-0.35249054431915283,-0.43195250630378723,0.9824895262718201
0.0017914623022079468,-0.3359484076499939,-0.4428163468837738,0.9724307656288147
-0.005505487322807312,-0.3301923871040344,-0.44714874029159546,0.9684805274009705
-0.028871208429336548,-0.3280949890613556,-0.4463353455066681,0.9583300948143005
-0.04717433452606201,-0.3312603533267975,-0.44309115409851074,0.951216995716095
-0.053752779960632324,-0.3308245539665222,-0.4417712390422821,0.9511745572090149
-0.060678139328956604,-0.3241150975227356,-0.447453111410141,0.9430565237998962
-0.0636778175830841,-0.3212372660636902,-0.44957834482192993,0.9408836364746094
-0.07400928437709808,-0.3067095875740051,-0.4330825209617615,0.9372960329055786
-0.08809448778629303,-0.28408610820770264,-0.40420621633529663,0.9318358302116394
-0.09486313164234161,-0.28006964921951294,-0.39856860041618347,0.9298005104064941
-0.10531964898109436,-0.2788209319114685,-0.384355366230011,0.9231196045875549
-0.1115005761384964,-0.28013405203819275,-0.379713773727417,0.9213127493858337
-0.12402714788913727,-0.26892590522766113,-0.3773454427719116,0.9082205891609192
-0.13345631957054138,-0.2665089964866638,-0.3861491084098816,0.9088402986526489
-0.13600438833236694,-0.26444578170776367,-0.3875483274459839,0.9104961156845093
-0.13866759836673737,-0.251812219619751,-0.38566917181015015,0.9049606919288635
-0.13983069360256195,-0.24790135025978088,-0.3863368332386017,0.9020407199859619
-0.15090592205524445,-0.25744158029556274,-0.3753124177455902,0.8881229162216187
-0.15669670701026917,-0.25765305757522583,-0.3715611398220062,0.885585606098175
-0.1680329293012619,-0.24910514056682587,-0.36573922634124756,0.8718120455741882
-0.16409920156002045,-0.2248982936143875,-0.36224937438964844,0.8573676943778992
-0.16317130625247955,-0.21723289787769318,-0.36470454931259155,0.8539847731590271
-0.16982854902744293,-0.20250537991523743,-0.3321424722671509,0.8418517112731934
-0.17456890642642975,-0.20028354227542877,-0.3264845907688141,0.8391663432121277
-0.17168857157230377,-0.1986694186925888,-0.32985812425613403,0.835780143737793
-0.16996581852436066,-0.19813182950019836,-0.3321896195411682,0.8355924487113953
-0.16930754482746124,-0.1928921341896057,-0.3368109166622162,0.8362545371055603
-0.1781090348958969,-0.1816396564245224,-0.3286229372024536,0.8261663317680359
-0.18153519928455353,-0.1805068403482437,-0.32645589113235474,0.8227750658988953
-0.18369807302951813,-0.18023866415023804,-0.311797171831131,0.7978585958480835
-0.18263114988803864,-0.18237683176994324,-0.31253746151924133,0.7925204634666443
-0.18963010609149933,-0.17868268489837646,-0.309539794921875,0.7852765917778015
-0.19166810810565948,-0.17795559763908386,-0.30900678038597107,0.7826609015464783
-0.1926070600748062,-0.16751059889793396,-0.32306528091430664,0.7796857357025146
-0.191304549574852,-0.16682419180870056,-0.314296156167984,0.7621191740036011
-0.18980522453784943,-0.16756361722946167,-0.3113579750061035,0.7579790949821472
-0.18447615206241608,-0.16064156591892242,-0.3016898036003113,0.741239070892334
-0.17987127602100372,-0.16102074086666107,-0.30114150047302246,0.7357752919197083
-0.18156225979328156,-0.14749518036842346,-0.2881934642791748,0.741613507270813
-0.18433494865894318,-0.14463891088962555,-0.28683653473854065,0.7425315976142883
-0.1909370869398117,-0.1438807249069214,-0.2799166738986969,0.7249537706375122
-0.19307385385036469,-0.14419183135032654,-0.2785083055496216,0.7194989323616028
-0.19548995792865753,-0.13808631896972656,-0.26669034361839294,0.7144961953163147
-0.1962447613477707,-0.13631366193294525,-0.26472461223602295,0.7137121558189392
-0.20688901841640472,-0.12994426488876343,-0.2515273690223694,0.7017325162887573
-0.21091850101947784,-0.12149269878864288,-0.2523285448551178,0.6875802278518677
-0.21006496250629425,-0.12059380114078522,-0.2536739408969879,0.6823944449424744
-0.2095782309770584,-0.10925266146659851,-0.23717725276947021,0.662676990032196
-0.20672936737537384,-0.10756564140319824,-0.23480075597763062,0.6556455492973328
-0.20648698508739471,-0.10160212963819504,-0.22563371062278748,0.640968918800354
-0.20735909044742584,-0.09970013797283173,-0.22453057765960693,0.6367591619491577
-0.20802997052669525,-0.09409534186124802,-0.22162920236587524,0.6235698461532593
-0.20298732817173004,-0.08590013533830643,-0.21722128987312317,0.6105519533157349
-0.19948165118694305,-0.08442620933055878,-0.21620726585388184,0.6068821549415588
-0.1973772495985031,-0.08037827908992767,-0.20977723598480225,0.6009750366210938
-0.1880950778722763,-0.08623086661100388,-0.21049782633781433,0.5837286710739136
-0.1816260665655136,-0.09003446251153946,-0.21077963709831238,0.5789759159088135
-0.1795797199010849,-0.09214505553245544,-0.2058679461479187,0.5605486035346985
-0.17585067451000214,-0.09372328966856003,-0.20475462079048157,0.5546905994415283
-0.17742983996868134,-0.09605807065963745,-0.20291584730148315,0.5428184270858765
-0.17558787763118744,-0.09659901261329651,-0.2026236355304718,0.5387972593307495
-0.1733570247888565,-0.08808127045631409,-0.1904357373714447,0.5267051458358765
-0.1640416532754898,-0.08963677287101746,-0.18940621614456177,0.5175781846046448
-0.15819254517555237,-0.08529670536518097,-0.19195595383644104,0.513869047164917
-0.1564217060804367,-0.0848626121878624,-0.19233664870262146,0.5130892992019653
-0.15432339906692505,-0.0831000953912735,-0.19071614742279053,0.5092818140983582
-0.1524864286184311,-0.08288124203681946,-0.19014009833335876,0.5079814195632935
-0.1471823751926422,-0.08240553736686707,-0.19177141785621643,0.5041780471801758
-0.1436259001493454,-0.08311694860458374,-0.1921015977859497,0.5024361610412598
-0.13583973050117493,-0.07761731743812561,-0.19171899557113647,0.4969859719276428
-0.1321319341659546,-0.07756000012159348,-0.191116064786911,0.4948796331882477
-0.12350514531135559,-0.07112359255552292,-0.18139588832855225,0.4823615849018097
-0.11668209731578827,-0.07042413204908371,-0.17705583572387695,0.4750828742980957
-0.11458392441272736,-0.07085885107517242,-0.17682459950447083,0.47350865602493286
-0.10878510773181915,-0.07154993712902069,-0.1789010465145111,0.46948984265327454
-0.10266400873661041,-0.06694693118333817,-0.17813050746917725,0.46009498834609985
-0.10027284920215607,-0.06589637696743011,-0.17782831192016602,0.45662227272987366
-0.09676901996135712,-0.06670133024454117,-0.16636702418327332,0.45454198122024536
-0.09596458077430725,-0.06700675189495087,-0.16383981704711914,0.4545174241065979
-0.09511885046958923,-0.06704871356487274,-0.15834897756576538,0.4528011679649353
-0.0913582295179367,-0.062438610941171646,-0.1580864042043686,0.4474523365497589
-0.08953966200351715,-0.060891468077898026,-0.15895451605319977,0.44491180777549744
-0.09002703428268433,-0.05322977155447006,-0.15626654028892517,0.4357510805130005
-0.08956095576286316,-0.0500691756606102,-0.1555153876543045,0.43213585019111633
-0.0830976665019989,-0.05148039013147354,-0.1552201211452484,0.42544782161712646
-0.07620766758918762,-0.055150747299194336,-0.15630385279655457,0.4197283089160919
-0.07395437359809875,-0.05667698383331299,-0.1569787561893463,0.4178532361984253
-0.07198624312877655,-0.053410813212394714,-0.14585550129413605,0.4130173623561859
-0.07188478112220764,-0.05225124582648277,-0.14297503232955933,0.41218990087509155
-0.0690222829580307,-0.05095474049448967,-0.1364648938179016,0.4048050045967102
-0.06778402626514435,-0.05038221552968025,-0.13574761152267456,0.40192705392837524
-0.06534327566623688,-0.049800947308540344,-0.13458332419395447,0.3975948691368103
-0.06475342810153961,-0.04817219078540802,-0.12805894017219543,0.387838751077652
-0.06420253217220306,-0.0462384931743145,-0.12760427594184875,0.38418322801589966
-0.061118125915527344,-0.04674050584435463,-0.12387876957654953,0.3788300156593323
-0.059914350509643555,-0.04634542763233185,-0.12405892461538315,0.37619879841804504
-0.05789898335933685,-0.040606871247291565,-0.12355446815490723,0.37163475155830383
-0.057114630937576294,-0.03782321885228157,-0.12422370165586472,0.36947453022003174
-0.05535303056240082,-0.03572695329785347,-0.1221701130270958,0.3654126524925232
-0.05477844178676605,-0.034573789685964584,-0.12171418964862823,0.36357903480529785
-0.055738791823387146,-0.03602166101336479,-0.11624699085950851,0.36118870973587036
-0.055215269327163696,-0.03662187606096268,-0.11643783003091812,0.3559897541999817
-0.05449937283992767,-0.03638284653425217,-0.11717376112937927,0.3530573844909668
-0.05071172118186951,-0.03825861215591431,-0.11678246408700943,0.34971901774406433
-0.047242045402526855,-0.04081013798713684,-0.1179586797952652,0.34497570991516113
-0.04599456489086151,-0.04173297435045242,-0.11892397701740265,0.3425183594226837
-0.0419846773147583,-0.039561882615089417,-0.11829808354377747,0.3424820601940155
-0.041199371218681335,-0.03914158418774605,-0.11756361275911331,0.34241610765457153
-0.03796355426311493,-0.03763876482844353,-0.11933129280805588,0.34261152148246765
-0.03666222095489502,-0.035736825317144394,-0.1199256032705307,0.34008458256721497
-0.036179669201374054,-0.0348513200879097,-0.12035352736711502,0.3389096260070801
-0.03350737690925598,-0.0349990576505661,-0.1195778176188469,0.33335787057876587
-0.03236902505159378,-0.034870680421590805,-0.11980728060007095,0.3300076723098755
-0.03057532012462616,-0.03230999410152435,-0.11511214077472687,0.32166606187820435
-0.029646217823028564,-0.03077654540538788,-0.11432649940252304,0.31697601079940796
-0.027121372520923615,-0.02700863778591156,-0.1098543107509613,0.3051767647266388
-0.023336641490459442,-0.024871643632650375,-0.10600683838129044,0.2913738191127777
-0.021742768585681915,-0.02411852404475212,-0.10580668598413467,0.2856387495994568
-0.01826140284538269,-0.02326195314526558,-0.10344198346138,0.2832939028739929
-0.017303891479969025,-0.023183070123195648,-0.10251319408416748,0.28211164474487305
-0.013936415314674377,-0.023276977241039276,-0.09990326315164566,0.27717241644859314
-0.011303745210170746,-0.023768559098243713,-0.09518168866634369,0.2693866193294525
-0.010401226580142975,-0.023717395961284637,-0.09447039663791656,0.2660059332847595
-0.010209895670413971,-0.023551728576421738,-0.09447599947452545,0.26549410820007324
-0.008912235498428345,-0.023254193365573883,-0.08850689232349396,0.2611510753631592
-0.008286036550998688,-0.02310650423169136,-0.08777684718370438,0.2583605945110321
-0.004949003458023071,-0.02097029983997345,-0.07985702157020569,0.25327005982398987
-0.00047463923692703247,-0.017717666923999786,-0.07075171172618866,0.24790149927139282
0.0005786493420600891,-0.016845911741256714,-0.06889525055885315,0.24631907045841217
0.004153519868850708,-0.015592440962791443,-0.06401282548904419,0.2458232343196869
0.004862077534198761,-0.015211589634418488,-0.06261590123176575,0.24606627225875854
0.004622817039489746,-0.013809680938720703,-0.060752369463443756,0.24560189247131348
0.00390586256980896,-0.012541033327579498,-0.061536841094493866,0.24224676191806793
0.004259355366230011,-0.011584214866161346,-0.06242767721414566,0.2396470606327057
0.0032013654708862305,-0.011248283088207245,-0.06324277073144913,0.23744024336338043
0.0031946972012519836,-0.010598801076412201,-0.06364178657531738,0.23603078722953796
0.005135178565979004,-0.008097536861896515,-0.06476244330406189,0.23260778188705444
0.009365834295749664,-0.007906243205070496,-0.06265441328287125,0.2234155237674713
0.010957755148410797,-0.0077618882060050964,-0.06267756968736649,0.21859699487686157
0.013197362422943115,-0.008131086826324463,-0.0594714917242527,0.21401451528072357
0.013988584280014038,-0.008056141436100006,-0.058922648429870605,0.21164892613887787
0.01509162038564682,-0.007748886942863464,-0.05507738143205643,0.20710046589374542
0.01624780148267746,-0.006930902600288391,-0.05162791535258293,0.20106598734855652
0.016758598387241364,-0.007032766938209534,-0.05158966779708862,0.1988869309425354
0.017500706017017365,-0.005984745919704437,-0.04938462749123573,0.19473035633563995
0.017949998378753662,-0.006123565137386322,-0.04940677061676979,0.1927405595779419
0.018303915858268738,-0.005717620253562927,-0.047091927379369736,0.1878465712070465
0.018621645867824554,-0.005868978798389435,-0.047365687787532806,0.18570196628570557
0.020537063479423523,-0.004993081092834473,-0.04463816434144974,0.17990432679653168
0.02353602647781372,-0.004887610673904419,-0.03997279703617096,0.173597514629364
0.02438148856163025,-0.0060005784034729,-0.03888244181871414,0.17177441716194153
0.02594975382089615,-0.005693577229976654,-0.03602039813995361,0.16700884699821472
0.026444971561431885,-0.00662577897310257,-0.03544319048523903,0.16528469324111938
0.028431616723537445,-0.0066475942730903625,-0.03171052783727646,0.16098371148109436
0.029131609946489334,-0.007166288793087006,-0.030833587050437927,0.15657207369804382
0.029324982315301895,-0.007915325462818146,-0.030710794031620026,0.15526029467582703
0.030563894659280777,-0.008159466087818146,-0.032934002578258514,0.15527188777923584
0.03099067509174347,-0.008234724402427673,-0.03290025517344475,0.15493816137313843
0.030808016657829285,-0.007777966558933258,-0.03235606849193573,0.15294277667999268
0.030780352652072906,-0.007361114025115967,-0.03253425285220146,0.1522214412689209
0.030408110469579697,-0.007326915860176086,-0.03371012210845947,0.15188750624656677
0.03001236915588379,-0.0072348713874816895,-0.03217412158846855,0.14982092380523682
0.02991848811507225,-0.007360085844993591,-0.03208404779434204,0.14935579895973206
0.029987744987010956,-0.0065622106194496155,-0.03393487259745598,0.14954251050949097
0.030040834099054337,-0.006363779306411743,-0.03433043882250786,0.1496131271123886
0.029485400766134262,-0.006050698459148407,-0.03155841678380966,0.14533844590187073
0.029556941241025925,-0.006672516465187073,-0.028504006564617157,0.14116647839546204
0.029657665640115738,-0.007422052323818207,-0.028037184849381447,0.1401909738779068
0.030962098389863968,-0.006985396146774292,-0.027622971683740616,0.13829638063907623
0.03177621588110924,-0.007574267685413361,-0.027124915271997452,0.1352560669183731
0.03198069706559181,-0.008206181228160858,-0.027126438915729523,0.13434423506259918
0.032882023602724075,-0.008471444249153137,-0.027815189212560654,0.13283121585845947
0.03314480185508728,-0.008890867233276367,-0.02802656777203083,0.13220560550689697
0.03458454832434654,-0.008608877658843994,-0.026668731123209,0.12966163456439972
0.035366788506507874,-0.008422017097473145,-0.025562012568116188,0.12817691266536713
0.03548027202486992,-0.008671499788761139,-0.025325048714876175,0.12791286408901215
0.03602533042430878,-0.008732259273529053,-0.024629244580864906,0.1264546811580658
0.03612791374325752,-0.00906960666179657,-0.02441582828760147,0.12604671716690063
0.03651461377739906,-0.009036384522914886,-0.024017691612243652,0.12555667757987976
0.037133701145648956,-0.00846102088689804,-0.024170061573386192,0.12418995052576065
0.03732204809784889,-0.008519284427165985,-0.02432873658835888,0.12366539239883423
0.03854576125741005,-0.00782030075788498,-0.023475851863622665,0.12136279046535492
0.03888154774904251,-0.008192837238311768,-0.022907577455043793,0.12061705440282822
0.03954055905342102,-0.008128196001052856,-0.023153482005000114,0.1187756136059761
0.0408313125371933,-0.007576577365398407,-0.023733563721179962,0.11484982073307037
0.04116625711321831,-0.007775925099849701,-0.02369750291109085,0.11351935565471649
0.042125899344682693,-0.0071088895201683044,-0.021944591775536537,0.11186382919549942
0.042255252599716187,-0.007250234484672546,-0.021211372688412666,0.11164289712905884
0.0431615486741066,-0.006965622305870056,-0.020653340965509415,0.10980340838432312
0.043362539261579514,-0.007290765643119812,-0.020277490839362144,0.10920628905296326
0.04418930411338806,-0.00681527704000473,-0.01966453157365322,0.106780506670475
0.045865993946790695,-0.006572432816028595,-0.017932208254933357,0.1042240709066391
0.04626822471618652,-0.007083475589752197,-0.017253248021006584,0.10365261137485504
0.0468670018017292,-0.006892010569572449,-0.016148893162608147,0.10212688148021698
0.047799594700336456,-0.007032543420791626,-0.015171166509389877,0.10054080188274384
0.04807378351688385,-0.007413513958454132,-0.014911964535713196,0.1001671850681305
0.04852341115474701,-0.00740060955286026,-0.01417451910674572,0.09850418567657471
0.048665065318346024,-0.0076936036348342896,-0.01404271274805069,0.0981234461069107
0.04899601265788078,-0.007295675575733185,-0.013150917366147041,0.0977722555398941
0.04909856989979744,-0.006328947842121124,-0.011647308245301247,0.09728308022022247
0.049150221049785614,-0.00630592554807663,-0.01120639406144619,0.09719139337539673
0.04963548481464386,-0.006320245563983917,-0.011827018111944199,0.09538967162370682
0.049827221781015396,-0.00654970109462738,-0.012251142412424088,0.09467530250549316
0.05050303414463997,-0.005954928696155548,-0.012154130265116692,0.09267237037420273
0.050704192370176315,-0.006060972809791565,-0.012220213189721107,0.09202414005994797
0.051088739186525345,-0.0049048736691474915,-0.010030321776866913,0.0905517041683197
0.05108105391263962,-0.004752829670906067,-0.009441506117582321,0.09037261456251144
0.05067487433552742,-0.0049373432993888855,-0.009235838428139687,0.09033767133951187
0.050543297082185745,-0.004919812083244324,-0.00908997468650341,0.09038453549146652
0.05116748437285423,-0.0042207613587379456,-0.009154213592410088,0.0884462222456932
0.05112805590033531,-0.003407903015613556,-0.008139796555042267,0.0866435170173645
0.05111096426844597,-0.0033244863152503967,-0.007915787398815155,0.08640657365322113
0.0510476678609848,-0.0028389915823936462,-0.006883706897497177,0.08528118580579758
0.05112463980913162,-0.0028141289949417114,-0.006600659340620041,0.08506561815738678
0.051549460738897324,-0.001468747854232788,-0.005532674491405487,0.08377006649971008
0.05163721367716789,-0.0011612996459007263,-0.005192190408706665,0.08346617221832275
0.051944050937891006,-5.2578747272491455e-05,-0.005142632871866226,0.08108439296483994
0.05207512527704239,0.00021497905254364014,-0.005294833332300186,0.08029850572347641
0.05258949473500252,0.000521533191204071,-0.005497653037309647,0.07899010181427002
0.052898865193128586,0.00038314610719680786,-0.007500022649765015,0.07770856469869614
0.05306166782975197,0.00035272538661956787,-0.008196704089641571,0.07713178545236588
0.05383194610476494,0.0002560168504714966,-0.008990965783596039,0.07508713006973267
0.05408838763833046,0.00020906329154968262,-0.009220367297530174,0.0742454007267952
0.05461548641324043,0.00010363757610321045,-0.009232906624674797,0.07200855761766434
0.05487269163131714,-0.000796191394329071,-0.010122409090399742,0.06982632726430893
0.054925478994846344,-0.0010759681463241577,-0.01049669086933136,0.06911660730838776
0.05558956414461136,-0.0014264732599258423,-0.010491983965039253,0.06757407635450363
0.055825844407081604,-0.0016880333423614502,-0.010559141635894775,0.06719798594713211
0.05652017891407013,-0.0020734742283821106,-0.010490784421563148,0.0655401349067688
0.05643974244594574,-0.0024690628051757812,-0.010584479197859764,0.06524904817342758
0.05640806257724762,-0.0026500672101974487,-0.010657994076609612,0.06527968496084213
0.05664289742708206,-0.0024796724319458008,-0.010492544621229172,0.0646548718214035
0.05670082941651344,-0.00250968337059021,-0.010368192568421364,0.06438025832176208
0.05727621540427208,-0.002714380621910095,-0.00893917866051197,0.06332416087388992
0.057440370321273804,-0.002468116581439972,-0.007578365504741669,0.06299225986003876
0.05742068588733673,-0.0023838430643081665,-0.00712517648935318,0.06304006278514862
0.057815071195364,-0.002195902168750763,-0.006790999323129654,0.062152616679668427
0.05786485970020294,-0.0021898597478866577,-0.006584271788597107,0.06192076951265335
0.058485716581344604,-0.001963280141353607,-0.007525976747274399,0.061026349663734436
0.05928083136677742,-0.0018875077366828918,-0.008866505697369576,0.05973280966281891
0.05945536494255066,-0.0017747506499290466,-0.009135156869888306,0.05912785977125168
0.059940215200185776,-0.0018129050731658936,-0.010190920904278755,0.057653531432151794
0.060101401060819626,-0.0017736628651618958,-0.010513855144381523,0.05697714537382126
0.0602087676525116,-0.001634456217288971,-0.0106094591319561,0.05525984615087509
0.060213491320610046,-0.0014666318893432617,-0.01058049127459526,0.05455769598484039
0.060048773884773254,-0.0011279433965682983,-0.010075407102704048,0.0527259036898613
0.059955574572086334,-0.0009788423776626587,-0.009906332939863205,0.05218081921339035
0.05986607447266579,-0.0007307752966880798,-0.010146884247660637,0.05194234102964401
0.05996878072619438,-0.00045846402645111084,-0.009196534752845764,0.05110853910446167
0.05995601788163185,-0.0005173012614250183,-0.008881133049726486,0.0509495884180069
0.0600750669836998,0.00016794353723526,-0.008225502446293831,0.05075979232788086
0.06004805862903595,0.0005185827612876892,-0.007949724793434143,0.05064912140369415
0.060531072318553925,0.0005931258201599121,-0.0074037350714206696,0.0490533784031868
0.06073595583438873,0.0010206177830696106,-0.007313299924135208,0.048230595886707306
0.06074318289756775,0.0011413246393203735,-0.007282186299562454,0.048008233308792114
0.06097430735826492,0.0015454888343811035,-0.007466398179531097,0.048222094774246216
0.061068836599588394,0.0015015453100204468,-0.007507998496294022,0.048387497663497925
0.06136086955666542,0.001306004822254181,-0.007930133491754532,0.050247326493263245
0.061378173530101776,0.0013456791639328003,-0.008023817092180252,0.0507705882191658
0.061593182384967804,0.0012784600257873535,-0.0074969008564949036,0.05096793174743652
0.061742186546325684,0.0014049336314201355,-0.0067494213581085205,0.05067095160484314
0.06172659993171692,0.0014121606945991516,-0.0065674372017383575,0.05058769881725311
0.0621357187628746,0.0014696046710014343,-0.00585189089179039,0.04921414703130722
0.06219973415136337,0.0015686079859733582,-0.0056351833045482635,0.04870643466711044
0.06278081238269806,0.000946044921875,-0.0054792724549770355,0.04700064659118652
0.06294658780097961,0.0008398145437240601,-0.005466628819704056,0.04618982970714569
0.06330348551273346,0.0008850693702697754,-0.004753328859806061,0.04488617926836014
0.06358817219734192,0.0009351521730422974,-0.004127625375986099,0.043576568365097046
0.06366067379713058,0.0009180381894111633,-0.00401914119720459,0.043257445096969604
0.06367166340351105,0.0008965358138084412,-0.004010092467069626,0.043217338621616364
0.06414783000946045,0.0009563267230987549,-0.0029587633907794952,0.04176996648311615
0.06469959765672684,0.0004372149705886841,-0.0031879544258117676,0.04109392315149307
0.06482121348381042,0.00038405507802963257,-0.003285348415374756,0.04078052192926407
0.06481131911277771,0.00010731816291809082,-0.00322607159614563,0.04004780203104019
0.06484805047512054,-0.00011314451694488525,-0.002801906317472458,0.03907362371683121
0.06489913910627365,-0.0003369748592376709,-0.002705361694097519,0.03884177654981613
0.06500736624002457,-0.0001348927617073059,-0.002826288342475891,0.03869381546974182
0.06538266688585281,-0.0002801269292831421,-0.002922091633081436,0.03908614069223404
0.06543706357479095,-0.00027113407850265503,-0.002909686416387558,0.039226531982421875
0.06566794216632843,0.00021855533123016357,-0.0026640109717845917,0.03928425908088684
0.06579860299825668,0.0005040541291236877,-0.00263063982129097,0.03972887247800827
0.0658300444483757,0.0004456564784049988,-0.0026517659425735474,0.03990654647350311
0.06606213748455048,0.000768609344959259,-0.0026732906699180603,0.04028990864753723
0.06614963710308075,0.0007332116365432739,-0.0026718974113464355,0.0404350608587265
0.06632423400878906,0.001005709171295166,-0.002693288028240204,0.03977670520544052
0.06636416167020798,0.0011783018708229065,-0.0027214661240577698,0.03942485153675079
0.06646396964788437,0.0013093799352645874,-0.002736087888479233,0.03890217840671539
0.06663745641708374,0.0016554445028305054,-0.0030768662691116333,0.038126714527606964
0.06665503978729248,0.0018021836876869202,-0.0031915120780467987,0.03790978342294693
0.06673599779605865,0.001485683023929596,-0.003193628042936325,0.03741057962179184
0.06674672663211823,0.0013885945081710815,-0.0032476745545864105,0.0372922345995903
0.06702591478824615,0.0015604346990585327,-0.002916477620601654,0.037264786660671234
0.06744326651096344,0.0024252980947494507,-0.0028883665800094604,0.037106625735759735
0.06750321388244629,0.0027064383029937744,-0.002868007868528366,0.03692334145307541
0.06767148524522781,0.002695642411708832,-0.0025576725602149963,0.03632204234600067
0.06771008670330048,0.002692990005016327,-0.0024477094411849976,0.03616808354854584
0.06834083795547485,0.0028761401772499084,-0.002566039562225342,0.03580298274755478
0.0684925988316536,0.0030578598380088806,-0.0025542154908180237,0.03552594035863876
0.06916244328022003,0.002518370747566223,-0.0030161775648593903,0.03590366244316101
0.06932228058576584,0.002466462552547455,-0.003117252141237259,0.035803161561489105
0.06956884264945984,0.002236582338809967,-0.00316411629319191,0.03503622114658356
0.06932913511991501,0.002285204827785492,-0.0032231397926807404,0.03546850383281708
0.06924618035554886,0.002482466399669647,-0.003262382000684738,0.03568161278963089
0.06933323293924332,0.002185411751270294,-0.0030825771391391754,0.03514888882637024
0.06942585855722427,0.001820579171180725,-0.0033007971942424774,0.03506001830101013
0.06940429657697678,0.0017907246947288513,-0.003356773406267166,0.03497739136219025
0.06956245005130768,0.001671038568019867,-0.0038189776241779327,0.03475629538297653
0.06959160417318344,0.0016930773854255676,-0.0039643049240112305,0.034636929631233215
0.06980957090854645,0.0017907246947288513,-0.004859037697315216,0.034772008657455444
0.06986790895462036,0.0018770843744277954,-0.0052920132875442505,0.03477274626493454
0.06983919441699982,0.0019538551568984985,-0.005378209054470062,0.03477170318365097
0.06983135640621185,0.0019562765955924988,-0.005386557430028915,0.034772858023643494
0.07000453025102615,0.0022686272859573364,-0.00542755052447319,0.03463181108236313
0.07013475894927979,0.002675168216228485,-0.005518592894077301,0.035195134580135345
0.07016098499298096,0.002732574939727783,-0.005541540682315826,0.035458385944366455
0.07040835171937943,0.002818964421749115,-0.005648761987686157,0.03550190478563309
0.07044073194265366,0.0026812776923179626,-0.0052681416273117065,0.0355963259935379
0.0703662857413292,0.0028100162744522095,-0.00515405461192131,0.03567918390035629
0.07060036808252335,0.002872377634048462,-0.005331162363290787,0.034600384533405304
0.0704842209815979,0.0027496367692947388,-0.004798818379640579,0.033748239278793335
0.07045294344425201,0.002601437270641327,-0.004671469330787659,0.03360754996538162
0.0702245756983757,0.002784833312034607,-0.004635840654373169,0.0334693044424057
0.07017475366592407,0.002963624894618988,-0.004617877304553986,0.033406466245651245
0.07011068612337112,0.0030025839805603027,-0.004465710371732712,0.03364291787147522
0.07018694281578064,0.0031658783555030823,-0.004047408699989319,0.03364982455968857
0.07021187990903854,0.0031766369938850403,-0.0039358437061309814,0.033692628145217896
0.07054544985294342,0.0032363161444664,-0.004126392304897308,0.03279615938663483
0.07068003714084625,0.003224983811378479,-0.00421113520860672,0.032418787479400635
0.07123546302318573,0.00329425185918808,-0.0037724748253822327,0.032092541456222534
0.07134775817394257,0.003295212984085083,-0.003634665161371231,0.03207175433635712
0.07157411426305771,0.003286615014076233,-0.004070844501256943,0.031244516372680664
0.07168495655059814,0.003302663564682007,-0.0046668946743011475,0.03070846199989319
0.0717255175113678,0.0032297298312187195,-0.004881758242845535,0.030591070652008057
0.07187803089618683,0.003326795995235443,-0.004956800490617752,0.029786184430122375
0.07221707701683044,0.003354087471961975,-0.0055003054440021515,0.02857181429862976
0.07237282395362854,0.003245435655117035,-0.005692921578884125,0.028156131505966187
0.0725923627614975,0.0029584988951683044,-0.005503632128238678,0.02821984887123108
0.07260039448738098,0.002979852259159088,-0.005418688058853149,0.028212741017341614
0.07282152771949768,0.0028106272220611572,-0.005088083446025848,0.02786126732826233
0.07287798821926117,0.0027757808566093445,-0.00497601181268692,0.027751922607421875
0.07273390144109726,0.0023820772767066956,-0.004152767360210419,0.02712404727935791
0.07302413135766983,0.0019633248448371887,-0.003633607178926468,0.026348888874053955
0.07311761379241943,0.0019152164459228516,-0.0034801773726940155,0.026122644543647766
0.07321949303150177,0.0016248226165771484,-0.00315205380320549,0.0270414799451828
0.07319868355989456,0.001643255352973938,-0.0029764361679553986,0.02739483118057251
0.0732705146074295,0.0018358305096626282,-0.0032443664968013763,0.027451708912849426
0.07339129596948624,0.00209740549325943,-0.004069849848747253,0.027795851230621338
0.07343722879886627,0.0021695271134376526,-0.004301026463508606,0.027833938598632812
0.07349846512079239,0.0020780041813850403,-0.00424165278673172,0.02787119150161743
0.0735030546784401,0.002098582684993744,-0.00422576442360878,0.027914896607398987
0.07352586090564728,0.002229847013950348,-0.004070203751325607,0.027751922607421875
0.07350419461727142,0.0023292750120162964,-0.004029668867588043,0.02771492302417755
0.07363472133874893,0.0026411637663841248,-0.00432334840297699,0.027553901076316833
0.0736430361866951,0.0028291046619415283,-0.0043961405754089355,0.027431011199951172
0.07389669865369797,0.0032336339354515076,-0.004267014563083649,0.027878865599632263
0.07386723160743713,0.0035751834511756897,-0.004193291068077087,0.027981877326965332
0.0738786831498146,0.003878667950630188,-0.004417348653078079,0.02682502567768097
0.07391288876533508,0.004100695252418518,-0.004505030810832977,0.026246458292007446
0.07398556172847748,0.004110969603061676,-0.004678547382354736,0.025379672646522522
0.07402888685464859,0.0041665732860565186,-0.004760678857564926,0.02498738467693329
0.07416187226772308,0.003711029887199402,-0.00441548228263855,0.024551525712013245
0.07417061179876328,0.0036774277687072754,-0.004531342536211014,0.024287313222885132
0.07418569922447205,0.003679133951663971,-0.004602126777172089,0.02416861057281494
0.07418186217546463,0.003671504557132721,-0.004374835640192032,0.024204760789871216
0.07422924041748047,0.003536425530910492,-0.004154860973358154,0.024274006485939026
0.07425586134195328,0.0033792629837989807,-0.0041204094886779785,0.02434380352497101
0.07448286563158035,0.0030654817819595337,-0.004502013325691223,0.024517297744750977
0.07451555132865906,0.0030764788389205933,-0.0045958831906318665,0.02451665699481964
0.07457035034894943,0.0032130181789398193,-0.004412464797496796,0.02349640429019928
0.0746079683303833,0.00315016508102417,-0.0043854862451553345,0.02323336899280548
0.07442717999219894,0.0032400786876678467,-0.0038682743906974792,0.022337719798088074
0.07435944676399231,0.003329455852508545,-0.0034748315811157227,0.022216543555259705
0.07431717962026596,0.0033983439207077026,-0.003373611718416214,0.02225188910961151
0.074387326836586,0.0033993422985076904,-0.004099220037460327,0.021728917956352234
0.07449080795049667,0.0032591596245765686,-0.0043404847383499146,0.02145226299762726
0.07467789947986603,0.003470875322818756,-0.004834253340959549,0.02052474021911621
0.07483381778001785,0.0033442899584770203,-0.00499267503619194,0.020180895924568176
0.07487352192401886,0.0032812952995300293,-0.005015775561332703,0.020413801074028015
0.07487613707780838,0.0032987818121910095,-0.004906892776489258,0.021084949374198914
0.0748244971036911,0.0033791959285736084,-0.0048530735075473785,0.021315768361091614
0.07483120262622833,0.0033007189631462097,-0.0049196407198905945,0.021487221121788025
0.07484100759029388,0.003175772726535797,-0.004957724362611771,0.02153491973876953
0.07475809007883072,0.003124043345451355,-0.004424735903739929,0.020988941192626953
0.07474703341722488,0.0030313655734062195,-0.004350066184997559,0.02160559594631195
0.0746910348534584,0.003114476799964905,-0.004356745630502701,0.021807685494422913
0.07479451596736908,0.0033508017659187317,-0.004312239587306976,0.02185414731502533
0.07481406629085541,0.0034048184752464294,-0.004321377724409103,0.021870851516723633
0.07476203888654709,0.00343196839094162,-0.004146035760641098,0.021585017442703247
0.07470309734344482,0.0034726113080978394,-0.0037209391593933105,0.02102319896221161
0.07469385862350464,0.0034556761384010315,-0.0035985521972179413,0.020918935537338257
0.07466721534729004,0.0036397501826286316,-0.0037954188883304596,0.020790576934814453
0.07470483332872391,0.003613300621509552,-0.0038578175008296967,0.020784199237823486
0.07473575323820114,0.0034444183111190796,-0.004015374928712845,0.021123304963111877
0.07475532591342926,0.003383941948413849,-0.004034452140331268,0.021275386214256287
0.074852854013443,0.003214329481124878,-0.0042713843286037445,0.02147647738456726
0.07488881796598434,0.003131471574306488,-0.004361655563116074,0.021515876054763794
0.07495735585689545,0.002883993089199066,-0.0044714584946632385,0.021636947989463806
0.07507175207138062,0.0025690793991088867,-0.0043778494000434875,0.02201002836227417
0.07502797245979309,0.002644561231136322,-0.004291228950023651,0.02209232747554779
0.07497726380825043,0.00245705246925354,-0.004183683544397354,0.022406890988349915
0.07493529468774796,0.002446487545967102,-0.004134651273488998,0.02254277467727661
0.07491163909435272,0.0024717524647712708,-0.0036294348537921906,0.022782161831855774
0.07496403902769089,0.0025017932057380676,-0.003836367279291153,0.022974014282226562
0.07499495148658752,0.002489529550075531,-0.003967512398958206,0.02294895052909851
0.07509514689445496,0.002508208155632019,-0.004061415791511536,0.022683516144752502
0.07514688372612,0.002508692443370819,-0.004089489579200745,0.022579818964004517
0.07548797130584717,0.0025860071182250977,-0.003983352333307266,0.023283541202545166
0.07551625370979309,0.0028602778911590576,-0.003916066139936447,0.023464694619178772
0.07573027163743973,0.0029185861349105835,-0.003818068653345108,0.023773401975631714
0.07573435455560684,0.0031602084636688232,-0.00374651700258255,0.02378097176551819
0.075736403465271,0.0030413344502449036,-0.003234162926673889,0.023675188422203064
0.07571868598461151,0.002878822386264801,-0.0029484741389751434,0.0242425799369812
0.07568763941526413,0.0028285235166549683,-0.0028934888541698456,0.02439865469932556
0.07568243891000748,0.0029149129986763,-0.002970293164253235,0.024574920535087585
0.07564669102430344,0.0037172362208366394,-0.003476642072200775,0.024562865495681763
0.07565536350011826,0.004053264856338501,-0.003617372363805771,0.024417728185653687
0.07571537792682648,0.004114978015422821,-0.003334891051054001,0.024231866002082825
0.07571446150541306,0.004147879779338837,-0.0032437220215797424,0.024262920022010803
0.075691819190979,0.004110082983970642,-0.003164522349834442,0.02424187958240509
0.07571765035390854,0.004005216062068939,-0.0031402073800563812,0.024225637316703796
0.07562554627656937,0.0038349926471710205,-0.0031137391924858093,0.024022147059440613
0.07573466747999191,0.0037550032138824463,-0.002850845456123352,0.02374856173992157
0.07577014714479446,0.0036975741386413574,-0.0027646534144878387,0.0237140953540802
0.07574999332427979,0.003999501466751099,-0.0028255097568035126,0.023477107286453247
0.07586725056171417,0.00413813441991806,-0.00309130921959877,0.022960424423217773
0.07595223188400269,0.004075720906257629,-0.0031867846846580505,0.022810816764831543
0.07577894628047943,0.0039537400007247925,-0.003194950520992279,0.02305874228477478
0.0757162943482399,0.0039027556777000427,-0.0032038316130638123,0.02314615249633789
0.07586497068405151,0.004085160791873932,-0.002856183797121048,0.02289988100528717
0.07589178532361984,0.00414063036441803,-0.0027254298329353333,0.0228593647480011
0.07586393505334854,0.004405029118061066,-0.0023589059710502625,0.02295127511024475
0.0759517028927803,0.00438004732131958,-0.002056211233139038,0.022195830941200256
0.07600533962249756,0.004295706748962402,-0.0019615478813648224,0.02195209264755249
0.076102614402771,0.0042899176478385925,-0.0019218027591705322,0.021534860134124756
0.0761227235198021,0.00424107164144516,-0.001841168850660324,0.021367698907852173
0.07612820714712143,0.004188038408756256,-0.0018222741782665253,0.02135436236858368
0.07607005536556244,0.004041455686092377,-0.0017031505703926086,0.021697998046875
0.07602565735578537,0.004003271460533142,-0.0016708895564079285,0.021831795573234558
0.07599044591188431,0.004036083817481995,-0.0016255229711532593,0.022155821323394775
0.07597990334033966,0.004127904772758484,-0.001727275550365448,0.022330403327941895
0.07597716152667999,0.004215039312839508,-0.0017561092972755432,0.02232903242111206
0.0758754163980484,0.004112608730792999,-0.0016323141753673553,0.022269979119300842
0.0758499875664711,0.004084005951881409,-0.0015765167772769928,0.022260412573814392
0.07593055814504623,0.004228159785270691,-0.001752953976392746,0.022336721420288086
0.07608139514923096,0.004495970904827118,-0.0016974322497844696,0.021664664149284363
0.07610394060611725,0.004651568830013275,-0.001668386161327362,0.02143654227256775
0.0763089507818222,0.004841893911361694,-0.0017266646027565002,0.02165369689464569
0.07647109031677246,0.00541599839925766,-0.0013362802565097809,0.021570920944213867
0.07647478580474854,0.00559571385383606,-0.0012061037123203278,0.0215466171503067
0.0767352432012558,0.005638942122459412,-0.0008137412369251251,0.021395906805992126
0.07681655138731003,0.005584537982940674,-0.0006517544388771057,0.02143368124961853
0.07702595740556717,0.005719698965549469,-0.0005335211753845215,0.020840376615524292
0.077306367456913,0.005623437464237213,-8.409842848777771e-05,0.020498231053352356
0.07735320925712585,0.005556486546993256,5.2034854888916016e-05,0.020504310727119446
0.07725275307893753,0.005602411925792694,0.0004258193075656891,0.020917698740959167
0.0771849974989891,0.0056654587388038635,0.0005756132304668427,0.021099358797073364
0.07719887793064117,0.005684390664100647,0.0004646964371204376,0.02093505859375
0.07741913199424744,0.0057098641991615295,0.00019205361604690552,0.020368322730064392
0.0775068923830986,0.0057005807757377625,0.00011657178401947021,0.02011999487876892
0.07763756066560745,0.005927532911300659,0.0008498243987560272,0.020327523350715637
0.07765092700719833,0.005999550223350525,0.001143183559179306,0.020496919751167297
0.07760048657655716,0.005907006561756134,0.0015940703451633453,0.021369174122810364
0.0775013417005539,0.005720458924770355,0.0009054429829120636,0.021641671657562256
0.07749921828508377,0.005674406886100769,0.0005786791443824768,0.02154594659805298
0.07763463258743286,0.005519576370716095,0.0007241740822792053,0.021376624703407288
0.07766851782798767,0.005407780408859253,0.0008018873631954193,0.021409913897514343
0.07754044234752655,0.005193531513214111,0.00044597312808036804,0.021530643105506897
0.07751107215881348,0.005114473402500153,0.0002945996820926666,0.021505206823349
0.07730584591627121,0.005169287323951721,0.00040709972381591797,0.021684259176254272
0.07724691927433014,0.005246751010417938,0.00016929209232330322,0.021248608827590942
0.0772828683257103,0.0051850974559783936,5.1997601985931396e-05,0.02104116976261139
0.07729318737983704,0.005255214869976044,5.247071385383606e-05,0.02062268555164337
0.0773020088672638,0.005232013761997223,-0.00013144686818122864,0.020392760634422302
0.07732166349887848,0.0051389336585998535,-0.00021440163254737854,0.02028311789035797
0.07725833356380463,0.005032695829868317,-0.0003124922513961792,0.020221754908561707
0.07725277543067932,0.004999861121177673,-0.00035022199153900146,0.02021053433418274
0.07709266245365143,0.0050283074378967285,-0.0002633519470691681,0.02011457085609436
0.07699061185121536,0.005080506205558777,-0.00018309056758880615,0.02005191147327423
0.0769619420170784,0.0051176100969314575,-0.00016343221068382263,0.02004164457321167
0.07694700360298157,0.0050949230790138245,-0.0001707896590232849,0.020083516836166382
0.07693463563919067,0.005112655460834503,-0.000177040696144104,0.020107686519622803
0.07693573087453842,0.005096368491649628,-0.00017597898840904236,0.020175889134407043
0.07692880928516388,0.0051071420311927795,-0.00017473846673965454,0.020204946398735046
0.07693789154291153,0.005099490284919739,-0.00016621500253677368,0.02027827501296997
0.07693219184875488,0.005109652876853943,-0.00015309453010559082,0.020320117473602295
0.0769299864768982,0.005109034478664398,-0.00015011802315711975,0.020331889390945435
0.07694082707166672,0.005104862153530121,-0.00016203895211219788,0.020368605852127075
0.07694125175476074,0.005107097327709198,-0.0001652352511882782,0.020376309752464294
0.07699313759803772,0.0049971044063568115,-0.000174693763256073,0.020605236291885376
0.07700160145759583,0.004954978823661804,-0.00017106160521507263,0.02069084346294403
0.0770346075296402,0.004990138113498688,-0.00020703300833702087,0.020675450563430786
0.07705050706863403,0.00499049574136734,-0.0002214275300502777,0.02066536247730255
0.0771663635969162,0.0050627365708351135,-0.000495612621307373,0.020999610424041748
0.0772494450211525,0.0052650123834609985,-0.0006194822490215302,0.021018311381340027
0.07727040350437164,0.005350470542907715,-0.0006347633898258209,0.020974069833755493
0.07729227095842361,0.005372926592826843,-0.000638619065284729,0.021208345890045166
0.07740092277526855,0.0053212642669677734,-0.0006822533905506134,0.02153298258781433
0.07742844521999359,0.005331903696060181,-0.0006741806864738464,0.021616950631141663
0.07741367071866989,0.00528949499130249,-0.0007218383252620697,0.021789848804473877
0.07741502672433853,0.005333259701728821,-0.000723913311958313,0.021862715482711792
0.07734951376914978,0.0052912309765815735,-0.0006643123924732208,0.022164806723594666
0.07741034775972366,0.005397424101829529,-0.000794190913438797,0.022137627005577087
0.07741716504096985,0.005563057959079742,-0.0008229315280914307,0.022074028849601746
0.07750190049409866,0.005698606371879578,-0.0008984655141830444,0.022043496370315552
0.07750693708658218,0.005875967442989349,-0.0009158439934253693,0.022003814578056335
0.07769785821437836,0.006503894925117493,-0.0011642314493656158,0.021549314260482788
0.0777956023812294,0.0067902132868766785,-0.001210138201713562,0.021235302090644836
0.0778806209564209,0.00671502947807312,-0.0010176301002502441,0.020954161882400513
0.07788370549678802,0.006667889654636383,-0.0009507760405540466,0.02090848982334137
0.07792341709136963,0.006502240896224976,-0.0015664473176002502,0.020282939076423645
0.07793218642473221,0.006105735898017883,-0.001427769660949707,0.02034205198287964
0.07784681022167206,0.006151303648948669,-0.0012869387865066528,0.020506486296653748
0.07778380066156387,0.006178334355354309,-0.0013768002390861511,0.02068476378917694
0.07777669280767441,0.006212577223777771,-0.0013400763273239136,0.020728856325149536
0.07776794582605362,0.006222166121006012,-0.001310046762228012,0.020741567015647888
0.0777478739619255,0.006228238344192505,-0.0011327043175697327,0.020857736468315125
0.07772808521986008,0.006220437586307526,-0.001067977398633957,0.02091914415359497
0.07770589739084244,0.006328023970127106,-0.0011402890086174011,0.02073921263217926
0.07775044441223145,0.006252765655517578,-0.0013306550681591034,0.02050796151161194
0.07778959721326828,0.006244532763957977,-0.001386396586894989,0.02042597532272339
0.07775388658046722,0.006142608821392059,-0.0014805197715759277,0.020657449960708618
0.07770738005638123,0.006262816488742828,-0.001499231904745102,0.02073967456817627
0.07773683965206146,0.006251566112041473,-0.0015180408954620361,0.02071152627468109
0.07772579789161682,0.006302312016487122,-0.0015222541987895966,0.020699888467788696
0.07772184908390045,0.00630844384431839,-0.0015223808586597443,0.02069820463657379
0.07772105932235718,0.006308428943157196,-0.0015223287045955658,0.02069765329360962
0.07772091776132584,0.006308279931545258,-0.0015223510563373566,0.020697519183158875
0.07772089540958405,0.006308212876319885,-0.0015223585069179535,0.020697489380836487
0.07772089540958405,0.006308205425739288,-0.0015223585069179535,0.020697489380836487
0.07772089540958405,0.006308175623416901,-0.0015223585069179535,0.020697489380836487
0.07772089540958405,0.006308168172836304,-0.0015223585069179535,0.020697489380836487
0.07772089540958405,0.006308168172836304,-0.0015223585069179535,0.020697489380836487
0.07772089540958405,0.006308168172836304,-0.0015223585069179535,0.020697489380836487
0.07772089540958405,0.006308168172836304,-0.0015223585069179535,0.020697489380836487
0.07772089540958405,0.006308168172836304,-0.0015223585069179535,0.020697489380836487
0.07772089540958405,0.006308168172836304,-0.0015223585069179535,0.020697489380836487
0.07772089540958405,0.006308168172836304,-0.0015223585069179535,0.020697489380836487
0.07772089540958405,0.006308168172836304,-0.0015223585069179535,0.020697489380836487
0.07773739099502563,0.006272517144680023,-0.001549307256937027,0.020787149667739868
0.07778117060661316,0.006379328668117523,-0.0017175860702991486,0.02060842514038086
0.07783287763595581,0.006342217326164246,-0.001805175095796585,0.020511209964752197
0.07786714285612106,0.006424896419048309,-0.0016194209456443787,0.020049601793289185
0.0779263898730278,0.006268434226512909,-0.0015284493565559387,0.019918635487556458
0.07778695970773697,0.006021469831466675,-0.0013282224535942078,0.020439788699150085
0.07772241532802582,0.0059727877378463745,-0.0012549832463264465,0.02073529362678528
0.07770941406488419,0.005992554128170013,-0.0012463629245758057,0.020779073238372803
0.07770778238773346,0.006000235676765442,-0.0012478865683078766,0.020774617791175842
0.07770795375108719,0.006001494824886322,-0.0012487322092056274,0.020771726965904236
0.0772898718714714,0.005446940660476685,-0.0010277330875396729,0.02191998064517975
0.07709532976150513,0.005237013101577759,-0.0009218975901603699,0.02237069606781006
0.07705754786729813,0.005218036472797394,-0.0009066015481948853,0.02242293953895569
0.07705099135637283,0.005214981734752655,-0.0009050406515598297,0.022427618503570557
0.07715373486280441,0.005362458527088165,-0.0007736645638942719,0.022276341915130615
0.07750400900840759,0.005525335669517517,-0.00087742879986763,0.02153550088405609
0.07770541310310364,0.00549645721912384,-0.001038234680891037,0.02127493917942047
0.07780879735946655,0.005770228803157806,-0.0007995180785655975,0.02101123332977295
0.0777927115559578,0.0060048773884773254,-0.0006616450846195221,0.020947396755218506
0.0778094083070755,0.006188280880451202,-0.0007211118936538696,0.020933300256729126
0.0778297632932663,0.006261147558689117,-0.0007359012961387634,0.020867690443992615
0.07773933559656143,0.006308376789093018,-0.0008533373475074768,0.021031036972999573
0.07781486958265305,0.006216712296009064,-0.0011855252087116241,0.02106305956840515
0.07778532058000565,0.00630246102809906,-0.0012773387134075165,0.021025091409683228
0.07777869701385498,0.006378374993801117,-0.0012473203241825104,0.020755961537361145
0.07778407633304596,0.006413839757442474,-0.0012537315487861633,0.020648285746574402
0.07778571546077728,0.006412878632545471,-0.001247558742761612,0.020636677742004395
0.07778753340244293,0.006426192820072174,-0.001249857246875763,0.020624801516532898
0.07779058068990707,0.006427101790904999,-0.0012497007846832275,0.020615264773368835
0.07779289036989212,0.0064364150166511536,-0.001243695616722107,0.020607516169548035
0.0777948871254921,0.0064361318945884705,-0.0012409985065460205,0.020604729652404785
0.07779918611049652,0.006417728960514069,-0.001245889812707901,0.02060765027999878
0.07779152691364288,0.00635586678981781,-0.0013403072953224182,0.02063596248626709
0.07778552919626236,0.006353884935379028,-0.001377604901790619,0.020631179213523865
0.0777779370546341,0.00635460764169693,-0.0013646185398101807,0.02063921093940735
0.07777079194784164,0.006368368864059448,-0.0013563185930252075,0.0206461101770401
0.07777543365955353,0.006415747106075287,-0.0013107024133205414,0.02062220871448517
0.07778207957744598,0.006417073309421539,-0.0012911893427371979,0.020615771412849426
0.07778789103031158,0.006408810615539551,-0.00129733607172966,0.020564600825309753
0.07778221368789673,0.006348565220832825,-0.0013439133763313293,0.02048391103744507
0.07778534293174744,0.0062969401478767395,-0.001369614154100418,0.020464733242988586
0.07778960466384888,0.0061920806765556335,-0.0014954619109630585,0.020527735352516174
0.07777896523475647,0.0061874836683273315,-0.001547340303659439,0.020526736974716187
0.07778218388557434,0.006185322999954224,-0.0013766661286354065,0.020549148321151733
0.07777833193540573,0.006167158484458923,-0.0012832581996917725,0.020516380667686462
0.07777310162782669,0.006193272769451141,-0.0012564100325107574,0.020501837134361267
0.07780381292104721,0.006217144429683685,-0.0011017099022865295,0.020399808883666992
0.07776646316051483,0.00617644190788269,-0.0009471029043197632,0.020686328411102295
0.07774339616298676,0.0061477795243263245,-0.0009129419922828674,0.020813196897506714
0.07768835127353668,0.006083577871322632,-0.0010497048497200012,0.020995721220970154
0.07766494154930115,0.006148979067802429,-0.0010870695114135742,0.021044045686721802
0.0777583122253418,0.0061731040477752686,-0.0012889467179775238,0.020756006240844727
0.07776983082294464,0.006079740822315216,-0.0014133341610431671,0.020829051733016968
0.07776633650064468,0.00603117048740387,-0.0014552809298038483,0.02087131142616272
0.07771036028862,0.0059268176555633545,-0.0012552179396152496,0.02106057107448578
0.07769239693880081,0.005844570696353912,-0.0011871345341205597,0.02117544412612915
0.07748030126094818,0.005869433283805847,-0.0005477555096149445,0.02175287902355194
0.07740193605422974,0.005642816424369812,-0.0003708787262439728,0.022081121802330017
0.07703609019517899,0.0056501999497413635,-0.00020467862486839294,0.021251127123832703
0.07711496949195862,0.005193077027797699,-0.0003049299120903015,0.021343976259231567
0.07712636888027191,0.00517774373292923,-0.0003097914159297943,0.02139897644519806
0.077126644551754,0.005175337195396423,-0.0003102533519268036,0.021406710147857666
0.07712680101394653,0.005172789096832275,-0.0003104172646999359,0.021407350897789
0.07712693512439728,0.005171097815036774,-0.0003120005130767822,0.021408364176750183
0.07712680101394653,0.005171656608581543,-0.0003121122717857361,0.0214078426361084
0.07712678611278534,0.005171447992324829,-0.00031225383281707764,0.021407753229141235
0.07712629437446594,0.005171969532966614,-0.00031010061502456665,0.02140897512435913
0.07712598145008087,0.0051719024777412415,-0.0003095567226409912,0.02140970528125763
0.07712692767381668,0.0051729679107666016,-0.0003116093575954437,0.02140715718269348
0.07713145017623901,0.005132019519805908,-0.00017197802662849426,0.021665871143341064
0.07709867507219315,0.00512135773897171,-0.00012696906924247742,0.021821677684783936
0.07775969058275223,0.005292937159538269,-0.001083221286535263,0.02111734449863434
0.07797285169363022,0.005767859518527985,-0.001309618353843689,0.02055971324443817
0.07801191508769989,0.0060096606612205505,-0.0010978654026985168,0.020312488079071045
0.07790955901145935,0.006271101534366608,-0.0011426880955696106,0.020232707262039185
0.07790914177894592,0.006243519484996796,-0.001203283667564392,0.020184680819511414
0.0778236836194992,0.006072007119655609,-0.0014447122812271118,0.02055947482585907
0.07774678617715836,0.006251312792301178,-0.0015145502984523773,0.020671069622039795
0.0777282565832138,0.006300747394561768,-0.0015203282237052917,0.020685434341430664
0.07772482931613922,0.006312012672424316,-0.0015208013355731964,0.020686492323875427
0.0777241662144661,0.006315305829048157,-0.0015208274126052856,0.020686596632003784
0.07772406190633774,0.006316296756267548,-0.0015208534896373749,0.020686596632003784
0.07772403955459595,0.006316624581813812,-0.0015208646655082703,0.020686596632003784
0.07772403955459595,0.006316728889942169,-0.0015208646655082703,0.020686596632003784
0.07772403955459595,0.006316766142845154,-0.0015208646655082703,0.020686596632003784
0.07772396504878998,0.006316542625427246,-0.0015208348631858826,0.020686790347099304
0.07772403210401535,0.0063169971108436584,-0.0015208534896373749,0.020686432719230652
0.07772408425807953,0.006317012012004852,-0.001520741730928421,0.020686239004135132
0.07772409915924072,0.006317012012004852,-0.0015207044780254364,0.02068619430065155
0.07772409915924072,0.006317012012004852,-0.001520693302154541,0.02068619430065155
0.07772409915924072,0.006317012012004852,-0.001520693302154541,0.02068619430065155
0.07772409915924072,0.006317012012004852,-0.001520693302154541,0.02068619430065155
0.07772409915924072,0.006317012012004852,-0.001520693302154541,0.02068619430065155
0.07772409915924072,0.006317012012004852,-0.001520693302154541,0.02068619430065155
0.07772409915924072,0.006317012012004852,-0.001520693302154541,0.02068619430065155
0.07772409915924072,0.006317012012004852,-0.001520693302154541,0.02068619430065155
0.07772409915924072,0.006317012012004852,-0.001520693302154541,0.02068619430065155
0.07772409915924072,0.006317012012004852,-0.001520693302154541,0.02068619430065155
0.07772409915924072,0.006317012012004852,-0.001520693302154541,0.02068619430065155
0.07772409915924072,0.006317012012004852,-0.001520693302154541,0.02068619430065155
0.07772409915924072,0.006317012012004852,-0.001520693302154541,0.02068619430065155
0.07772409915924072,0.006317012012004852,-0.001520693302154541,0.02068619430065155
0.07772409915924072,0.006317012012004852,-0.001520693302154541,0.02068619430065155
0.07772409915924072,0.006317012012004852,-0.001520693302154541,0.02068619430065155
0.07772409915924072,0.006317012012004852,-0.001520693302154541,0.02068619430065155
0.07772409915924072,0.006317012012004852,-0.001520693302154541,0.02068619430065155
0.07772409915924072,0.006317012012004852,-0.001520693302154541,0.02068619430065155
0.07772409915924072,0.006317012012004852,-0.001520693302154541,0.02068619430065155
0.07772409915924072,0.006317012012004852,-0.001520693302154541,0.02068619430065155
0.07772409915924072,0.006317012012004852,-0.001520693302154541,0.02068619430065155
0.07772409915924072,0.006317012012004852,-0.001520693302154541,0.02068619430065155
0.07772409915924072,0.006317012012004852,-0.001520693302154541,0.02068619430065155
0.07772409915924072,0.006317012012004852,-0.001520693302154541,0.02068619430065155
0.07772409915924072,0.006317012012004852,-0.001520693302154541,0.02068619430065155
0.07772409915924072,0.006317012012004852,-0.001520693302154541,0.02068619430065155
0.07772409915924072,0.006317012012004852,-0.001520693302154541,0.02068619430065155
0.07772409915924072,0.006317012012004852,-0.001520693302154541,0.02068619430065155
0.07772409915924072,0.006317012012004852,-0.001520693302154541,0.02068619430065155
0.07772409915924072,0.006317012012004852,-0.001520693302154541,0.02068619430065155
0.07772409915924072,0.006317012012004852,-0.001520693302154541,0.02068619430065155
0.07772409915924072,0.006317012012004852,-0.001520693302154541,0.02068619430065155
0.07772409915924072,0.006317012012004852,-0.001520693302154541,0.02068619430065155
0.07772409915924072,0.006317012012004852,-0.001520693302154541,0.02068619430065155
0.07772409915924072,0.006317012012004852,-0.001520693302154541,0.02068619430065155
0.07772409915924072,0.006317012012004852,-0.001520693302154541,0.02068619430065155
0.07772409915924072,0.006317012012004852,-0.001520693302154541,0.02068619430065155
0.07772409915924072,0.006317012012004852,-0.001520693302154541,0.02068619430065155
0.07772409915924072,0.006317012012004852,-0.001520693302154541,0.02068619430065155
0.07772409915924072,0.006317012012004852,-0.001520693302154541,0.02068619430065155
0.07772409915924072,0.006317012012004852,-0.001520693302154541,0.02068619430065155
0.07772409915924072,0.006317012012004852,-0.001520693302154541,0.02068619430065155
0.07772409915924072,0.006317012012004852,-0.001520693302154541,0.02068619430065155
0.07772409915924072,0.006317012012004852,-0.001520693302154541,0.02068619430065155
0.07772409915924072,0.006317012012004852,-0.001520693302154541,0.02068619430065155
0.07772409915924072,0.006317012012004852,-0.001520693302154541,0.02068619430065155
0.07772409915924072,0.006317012012004852,-0.001520693302154541,0.02068619430065155
0.07772409915924072,0.006317012012004852,-0.001520693302154541,0.02068619430065155
0.07772409915924072,0.006317012012004852,-0.001520693302154541,0.02068619430065155
0.07772409915924072,0.006317012012004852,-0.001520693302154541,0.02068619430065155
0.07772409915924072,0.006317012012004852,-0.001520693302154541,0.02068619430065155
0.07772409915924072,0.006317012012004852,-0.001520693302154541,0.02068619430065155
0.07772409915924072,0.006317012012004852,-0.001520693302154541,0.02068619430065155
0.07772409915924072,0.006317012012004852,-0.001520693302154541,0.02068619430065155
0.07772409915924072,0.006317012012004852,-0.001520693302154541,0.02068619430065155
0.07772409915924072,0.006317012012004852,-0.001520693302154541,0.02068619430065155
0.07772409915924072,0.006317012012004852,-0.001520693302154541,0.02068619430065155
0.07772409915924072,0.006317012012004852,-0.001520693302154541,0.02068619430065155
0.07772409915924072,0.006317012012004852,-0.001520693302154541,0.02068619430065155
0.07772409915924072,0.006317012012004852,-0.001520693302154541,0.02068619430065155
0.07772409915924072,0.006317012012004852,-0.001520693302154541,0.02068619430065155
0.07772409915924072,0.006317012012004852,-0.001520693302154541,0.02068619430065155
0.07772409915924072,0.006317012012004852,-0.001520693302154541,0.02068619430065155
0.07772409915924072,0.006317012012004852,-0.001520693302154541,0.02068619430065155
0.07772409915924072,0.006317012012004852,-0.001520693302154541,0.02068619430065155
0.07772409915924072,0.006317012012004852,-0.001520693302154541,0.02068619430065155
0.07772409915924072,0.006317012012004852,-0.001520693302154541,0.02068619430065155
0.07772409915924072,0.006317012012004852,-0.001520693302154541,0.02068619430065155
0.07772409915924072,0.006317012012004852,-0.001520693302154541,0.02068619430065155
0.07772409915924072,0.006317012012004852,-0.001520693302154541,0.02068619430065155
0.07772409915924072,0.006317012012004852,-0.001520693302154541,0.02068619430065155
0.07772409915924072,0.006317012012004852,-0.001520693302154541,0.02068619430065155
0.07772409915924072,0.006317012012004852,-0.001520693302154541,0.02068619430065155
0.07772409915924072,0.006317012012004852,-0.001520693302154541,0.02068619430065155
0.07772409915924072,0.006317012012004852,-0.001520693302154541,0.02068619430065155
0.07772409915924072,0.006317012012004852,-0.001520693302154541,0.02068619430065155
0.07772409915924072,0.006317012012004852,-0.001520693302154541,0.02068619430065155
0.07772409915924072,0.006317012012004852,-0.001520693302154541,0.02068619430065155
0.07772409915924072,0.006317012012004852,-0.001520693302154541,0.02068619430065155
0.07772409915924072,0.006317012012004852,-0.001520693302154541,0.02068619430065155
0.07772409915924072,0.006317012012004852,-0.001520693302154541,0.02068619430065155
0.07772409915924072,0.006317012012004852,-0.001520693302154541,0.02068619430065155
0.07772409915924072,0.006317012012004852,-0.001520693302154541,0.02068619430065155
0.07772409915924072,0.006317012012004852,-0.001520693302154541,0.02068619430065155
0.07772409915924072,0.006317012012004852,-0.001520693302154541,0.02068619430065155
0.07772409915924072,0.006317012012004852,-0.001520693302154541,0.02068619430065155
0.07772409915924072,0.006317012012004852,-0.001520693302154541,0.02068619430065155
0.07772409915924072,0.006317012012004852,-0.001520693302154541,0.02068619430065155
0.07772409915924072,0.006317012012004852,-0.001520693302154541,0.02068619430065155
0.07772409915924072,0.006317012012004852,-0.001520693302154541,0.02068619430065155
0.07772409915924072,0.006317012012004852,-0.001520693302154541,0.02068619430065155
0.07772409915924072,0.006317012012004852,-0.001520693302154541,0.02068619430065155
0.07772409915924072,0.006317012012004852,-0.001520693302154541,0.02068619430065155
0.07772409915924072,0.006317012012004852,-0.001520693302154541,0.02068619430065155
0.07772409915924072,0.006317012012004852,-0.001520693302154541,0.02068619430065155
0.07772409915924072,0.006317012012004852,-0.001520693302154541,0.02068619430065155
0.07772409915924072,0.006317012012004852,-0.001520693302154541,0.02068619430065155
0.07772409915924072,0.006317012012004852,-0.001520693302154541,0.02068619430065155
0.07772409915924072,0.006317012012004852,-0.001520693302154541,0.02068619430065155
0.07772409915924072,0.006317012012004852,-0.001520693302154541,0.02068619430065155
0.07772409915924072,0.006317012012004852,-0.001520693302154541,0.02068619430065155
0.07772409915924072,0.006317012012004852,-0.001520693302154541,0.02068619430065155
0.07772409915924072,0.006317012012004852,-0.001520693302154541,0.02068619430065155
0.07772409915924072,0.006317012012004852,-0.001520693302154541,0.02068619430065155
0.07772409915924072,0.006317012012004852,-0.001520693302154541,0.02068619430065155
0.07772409915924072,0.006317012012004852,-0.001520693302154541,0.02068619430065155
0.07772043347358704,0.0062894076108932495,-0.0015225410461425781,0.020708009600639343
0.07771500945091248,0.006288051605224609,-0.0015257522463798523,0.020721912384033203
0.07771366089582443,0.006287887692451477,-0.0015259459614753723,0.020723998546600342
0.07771341502666473,0.006287582218647003,-0.00152602419257164,0.020724236965179443
0.07771337777376175,0.006287507712841034,-0.0015260428190231323,0.02072426676750183
0.07771337777376175,0.006287477910518646,-0.0015260428190231323,0.02072426676750183
0.07771337777376175,0.0062874555587768555,-0.0015260428190231323,0.02072426676750183
0.07771337777376175,0.0062874481081962585,-0.0015260428190231323,0.02072426676750183
0.07771337777376175,0.0062874481081962585,-0.0015260428190231323,0.02072426676750183
0.07771337777376175,0.0062874481081962585,-0.0015260428190231323,0.02072426676750183
0.07771337777376175,0.0062874481081962585,-0.0015260428190231323,0.02072426676750183
0.07771337777376175,0.0062874481081962585,-0.0015260428190231323,0.02072426676750183
0.07771337777376175,0.0062874481081962585,-0.0015260428190231323,0.02072426676750183
0.07771337777376175,0.0062874481081962585,-0.0015260428190231323,0.02072426676750183
0.07771337777376175,0.0062874481081962585,-0.0015260428190231323,0.02072426676750183
0.07771337777376175,0.0062874481081962585,-0.0015260428190231323,0.02072426676750183
0.07771337777376175,0.0062874481081962585,-0.0015260428190231323,0.02072426676750183
0.07771337777376175,0.0062874481081962585,-0.0015260428190231323,0.02072426676750183
0.07771337777376175,0.0062874481081962585,-0.0015260428190231323,0.02072426676750183
0.07771337777376175,0.0062874481081962585,-0.0015260428190231323,0.02072426676750183
0.07771337777376175,0.0062874481081962585,-0.0015260428190231323,0.02072426676750183
0.07771478593349457,0.006298340857028961,-0.00152529776096344,0.02071550488471985
0.07771694660186768,0.006298884749412537,-0.0015240386128425598,0.02071000635623932
0.07771746069192886,0.006298959255218506,-0.0015238672494888306,0.02070920169353485
0.07771755009889603,0.006299056112766266,-0.0015238486230373383,0.020709127187728882
0.07771756500005722,0.0062990859150886536,-0.0015238374471664429,0.020709127187728882
0.07771756500005722,0.006299115717411041,-0.0015238374471664429,0.020709127187728882
0.07771756500005722,0.006299115717411041,-0.0015238374471664429,0.020709127187728882
0.07771756500005722,0.006299115717411041,-0.0015238374471664429,0.020709127187728882
0.07771756500005722,0.006299115717411041,-0.0015238374471664429,0.020709127187728882
0.07771756500005722,0.006299115717411041,-0.0015238374471664429,0.020709127187728882
0.07771756500005722,0.006299115717411041,-0.0015238374471664429,0.020709127187728882
0.07771756500005722,0.006299115717411041,-0.0015238374471664429,0.020709127187728882
0.07771756500005722,0.006299115717411041,-0.0015238374471664429,0.020709127187728882
0.07771756500005722,0.006299115717411041,-0.0015238374471664429,0.020709127187728882
0.07771756500005722,0.006299115717411041,-0.0015238374471664429,0.020709127187728882
0.07771756500005722,0.006299115717411041,-0.0015238374471664429,0.020709127187728882
0.07771756500005722,0.006299115717411041,-0.0015238374471664429,0.020709127187728882
0.07771756500005722,0.006299115717411041,-0.0015238374471664429,0.020709127187728882
0.07771756500005722,0.006299115717411041,-0.0015238374471664429,0.020709127187728882
0.07771682739257812,0.006293170154094696,-0.0015243589878082275,0.020713835954666138
0.07771565020084381,0.006292864680290222,-0.00152500718832016,0.020716875791549683
0.07771535217761993,0.006292857229709625,-0.0015250816941261292,0.020717307925224304
0.07771530002355576,0.006292775273323059,-0.0015251114964485168,0.020717337727546692
0.07771529257297516,0.006292760372161865,-0.0015251114964485168,0.020717337727546692
0.07771529257297516,0.006292752921581268,-0.0015251114964485168,0.020717337727546692
0.07771529257297516,0.006292745471000671,-0.0015251114964485168,0.020717337727546692
0.07771529257297516,0.006292745471000671,-0.0015251114964485168,0.020717337727546692
0.07771684229373932,0.006304517388343811,-0.0015243664383888245,0.020708084106445312
0.07771915197372437,0.006305113434791565,-0.0015230253338813782,0.02070215344429016
0.07771970331668854,0.006305202841758728,-0.001522887498140335,0.020701289176940918
0.07771982252597809,0.006305314600467682,-0.0015228427946567535,0.020701199769973755
0.07771983742713928,0.00630536675453186,-0.0015228316187858582,0.020701199769973755
0.07771983742713928,0.006305381655693054,-0.0015228316187858582,0.020701199769973755
0.07771983742713928,0.006305389106273651,-0.0015228316187858582,0.020701199769973755
0.07771983742713928,0.006305389106273651,-0.0015228316187858582,0.020701199769973755
0.07771983742713928,0.006305389106273651,-0.0015228316187858582,0.020701199769973755
0.07771983742713928,0.006305389106273651,-0.0015228316187858582,0.020701199769973755
0.07771983742713928,0.006305389106273651,-0.0015228316187858582,0.020701199769973755
0.07771983742713928,0.006305389106273651,-0.0015228316187858582,0.020701199769973755
0.07771983742713928,0.006305389106273651,-0.0015228316187858582,0.020701199769973755
0.07771983742713928,0.006305389106273651,-0.0015228316187858582,0.020701199769973755
0.07771983742713928,0.006305389106273651,-0.0015228316187858582,0.020701199769973755
0.07771983742713928,0.006305389106273651,-0.0015228316187858582,0.020701199769973755
0.07771983742713928,0.006305389106273651,-0.0015228316187858582,0.020701199769973755
0.07771983742713928,0.006305389106273651,-0.0015228316187858582,0.020701199769973755
0.07771983742713928,0.006305389106273651,-0.0015228316187858582,0.020701199769973755
0.07771983742713928,0.006305389106273651,-0.0015228316187858582,0.020701199769973755
0.07771983742713928,0.006305389106273651,-0.0015228316187858582,0.020701199769973755
0.07771983742713928,0.006305389106273651,-0.0015228316187858582,0.020701199769973755
0.07771983742713928,0.006305389106273651,-0.0015228316187858582,0.020701199769973755
0.07771799713373184,0.006290756165981293,-0.0015237964689731598,0.020712733268737793
0.07771506160497665,0.0062899962067604065,-0.0015254877507686615,0.020720064640045166
0.07771436125040054,0.006289862096309662,-0.0015256628394126892,0.02072116732597351
0.0777142345905304,0.006289750337600708,-0.0015257149934768677,0.02072124183177948
0.0777142196893692,0.006289690732955933,-0.001525692641735077,0.020721256732940674
0.0777142196893692,0.006289668381214142,-0.001525692641735077,0.020721256732940674
0.0777142196893692,0.006289660930633545,-0.001525692641735077,0.020721256732940674
0.0777142196893692,0.006289660930633545,-0.001525692641735077,0.020721256732940674
0.0777142196893692,0.006289660930633545,-0.001525692641735077,0.020721256732940674
0.0777142196893692,0.006289660930633545,-0.001525692641735077,0.020721256732940674
0.0777142196893692,0.006289660930633545,-0.001525692641735077,0.020721256732940674
0.0777142196893692,0.006289660930633545,-0.001525692641735077,0.020721256732940674
0.07771395146846771,0.0062875896692276,-0.0015258006751537323,0.020722955465316772
0.0777134895324707,0.006287507712841034,-0.0015259459614753723,0.02072407305240631
0.07771338522434235,0.006287463009357452,-0.00152602419257164,0.020724236965179443
0.07771337777376175,0.0062874555587768555,-0.0015260428190231323,0.02072426676750183
0.07771337777376175,0.0062874555587768555,-0.0015260428190231323,0.02072426676750183
0.07771337777376175,0.0062874481081962585,-0.0015260428190231323,0.02072426676750183
0.07771337777376175,0.0062874481081962585,-0.0015260428190231323,0.02072426676750183
0.07771337777376175,0.0062874481081962585,-0.0015260428190231323,0.02072426676750183
0.07771337777376175,0.0062874481081962585,-0.0015260428190231323,0.02072426676750183
0.07771337777376175,0.0062874481081962585,-0.0015260428190231323,0.02072426676750183
0.07771337777376175,0.0062874481081962585,-0.0015260428190231323,0.02072426676750183
0.07771337777376175,0.0062874481081962585,-0.0015260428190231323,0.02072426676750183
0.07771337777376175,0.0062874481081962585,-0.0015260428190231323,0.02072426676750183
0.07771337777376175,0.0062874481081962585,-0.0015260428190231323,0.02072426676750183
0.07771337777376175,0.0062874481081962585,-0.0015260428190231323,0.02072426676750183
0.07771337777376175,0.0062874481081962585,-0.0015260428190231323,0.02072426676750183
0.07771337777376175,0.0062874481081962585,-0.0015260428190231323,0.02072426676750183
0.07771337777376175,0.0062874481081962585,-0.0015260428190231323,0.02072426676750183
0.07771337777376175,0.0062874481081962585,-0.0015260428190231323,0.02072426676750183
0.07771337777376175,0.0062874481081962585,-0.0015260428190231323,0.02072426676750183
0.07771337777376175,0.0062874481081962585,-0.0015260428190231323,0.02072426676750183
0.07771337777376175,0.0062874481081962585,-0.0015260428190231323,0.02072426676750183
0.07771337777376175,0.0062874481081962585,-0.0015260428190231323,0.02072426676750183
0.07771337777376175,0.0062874481081962585,-0.0015260428190231323,0.02072426676750183
0.07771337777376175,0.0062874481081962585,-0.0015260428190231323,0.02072426676750183
0.07771337777376175,0.0062874481081962585,-0.0015260428190231323,0.02072426676750183
0.07771337777376175,0.0062874481081962585,-0.0015260428190231323,0.02072426676750183
0.07771337777376175,0.0062874481081962585,-0.0015260428190231323,0.02072426676750183
0.07771337777376175,0.0062874481081962585,-0.0015260428190231323,0.02072426676750183
0.07771337777376175,0.0062874481081962585,-0.0015260428190231323,0.02072426676750183
0.07771337777376175,0.0062874481081962585,-0.0015260428190231323,0.02072426676750183
0.07771337777376175,0.0062874481081962585,-0.0015260428190231323,0.02072426676750183
0.07771337777376175,0.0062874481081962585,-0.0015260428190231323,0.02072426676750183
0.07771337777376175,0.0062874481081962585,-0.0015260428190231323,0.02072426676750183
0.07771337777376175,0.0062874481081962585,-0.0015260428190231323,0.02072426676750183
0.07771337777376175,0.0062874481081962585,-0.0015260428190231323,0.02072426676750183
0.07771337777376175,0.0062874481081962585,-0.0015260428190231323,0.02072426676750183
0.07771337777376175,0.0062874481081962585,-0.0015260428190231323,0.02072426676750183
0.07771337777376175,0.0062874481081962585,-0.0015260428190231323,0.02072426676750183
0.07771337777376175,0.0062874481081962585,-0.0015260428190231323,0.02072426676750183
0.07771337777376175,0.0062874481081962585,-0.0015260428190231323,0.02072426676750183
0.07771337777376175,0.0062874481081962585,-0.0015260428190231323,0.02072426676750183
0.07771337777376175,0.0062874481081962585,-0.0015260428190231323,0.02072426676750183
0.07771337777376175,0.0062874481081962585,-0.0015260428190231323,0.02072426676750183
0.07771337777376175,0.0062874481081962585,-0.0015260428190231323,0.02072426676750183
0.07771337777376175,0.0062874481081962585,-0.0015260428190231323,0.02072426676750183
0.07771337777376175,0.0062874481081962585,-0.0015260428190231323,0.02072426676750183
0.07771337777376175,0.0062874481081962585,-0.0015260428190231323,0.02072426676750183
0.07771337777376175,0.0062874481081962585,-0.0015260428190231323,0.02072426676750183
0.07771337777376175,0.0062874481081962585,-0.0015260428190231323,0.02072426676750183
0.07771337777376175,0.0062874481081962585,-0.0015260428190231323,0.02072426676750183
0.07771337777376175,0.0062874481081962585,-0.0015260428190231323,0.02072426676750183
0.07771337777376175,0.0062874481081962585,-0.0015260428190231323,0.02072426676750183
0.07771337777376175,0.0062874481081962585,-0.0015260428190231323,0.02072426676750183
0.07771337777376175,0.0062874481081962585,-0.0015260428190231323,0.02072426676750183
0.07771337777376175,0.0062874481081962585,-0.0015260428190231323,0.02072426676750183
0.07771337777376175,0.0062874481081962585,-0.0015260428190231323,0.02072426676750183
0.07771337777376175,0.0062874481081962585,-0.0015260428190231323,0.02072426676750183
0.07771337777376175,0.0062874481081962585,-0.0015260428190231323,0.02072426676750183
0.07771337777376175,0.0062874481081962585,-0.0015260428190231323,0.02072426676750183
0.07771337777376175,0.0062874481081962585,-0.0015260428190231323,0.02072426676750183
0.07771337777376175,0.0062874481081962585,-0.0015260428190231323,0.02072426676750183
0.07771337777376175,0.0062874481081962585,-0.0015260428190231323,0.02072426676750183
0.07771337777376175,0.0062874481081962585,-0.0015260428190231323,0.02072426676750183
0.07771337777376175,0.0062874481081962585,-0.0015260428190231323,0.02072426676750183
0.07771337777376175,0.0062874481081962585,-0.0015260428190231323,0.02072426676750183
0.07771337777376175,0.0062874481081962585,-0.0015260428190231323,0.02072426676750183
0.07771337777376175,0.0062874481081962585,-0.0015260428190231323,0.02072426676750183
0.07771337777376175,0.0062874481081962585,-0.0015260428190231323,0.02072426676750183
0.07771337777376175,0.0062874481081962585,-0.0015260428190231323,0.02072426676750183
0.07771337777376175,0.0062874481081962585,-0.0015260428190231323,0.02072426676750183
0.07771337777376175,0.0062874481081962585,-0.0015260428190231323,0.02072426676750183
0.07771337777376175,0.0062874481081962585,-0.0015260428190231323,0.02072426676750183
0.07771337777376175,0.0062874481081962585,-0.0015260428190231323,0.02072426676750183
0.07771337777376175,0.0062874481081962585,-0.0015260428190231323,0.02072426676750183
0.07771337777376175,0.0062874481081962585,-0.0015260428190231323,0.02072426676750183
0.07771337777376175,0.0062874481081962585,-0.0015260428190231323,0.02072426676750183
0.07771337777376175,0.0062874481081962585,-0.0015260428190231323,0.02072426676750183
0.07771337777376175,0.0062874481081962585,-0.0015260428190231323,0.02072426676750183
0.07771337777376175,0.0062874481081962585,-0.0015260428190231323,0.02072426676750183
0.07771337777376175,0.0062874481081962585,-0.0015260428190231323,0.02072426676750183
0.07771337777376175,0.0062874481081962585,-0.0015260428190231323,0.02072426676750183
0.07771337777376175,0.0062874481081962585,-0.0015260428190231323,0.02072426676750183
0.07771337777376175,0.0062874481081962585,-0.0015260428190231323,0.02072426676750183
0.07771337777376175,0.0062874481081962585,-0.0015260428190231323,0.02072426676750183
0.07771337777376175,0.0062874481081962585,-0.0015260428190231323,0.02072426676750183
0.07771337777376175,0.0062874481081962585,-0.0015260428190231323,0.02072426676750183
0.07771337777376175,0.0062874481081962585,-0.0015260428190231323,0.02072426676750183
0.07771337777376175,0.0062874481081962585,-0.0015260428190231323,0.02072426676750183
0.07771337777376175,0.0062874481081962585,-0.0015260428190231323,0.02072426676750183
0.07771337777376175,0.0062874481081962585,-0.0015260428190231323,0.02072426676750183
0.07771337777376175,0.0062874481081962585,-0.0015260428190231323,0.02072426676750183
0.07771337777376175,0.0062874481081962585,-0.0015260428190231323,0.02072426676750183
0.07771337777376175,0.0062874481081962585,-0.0015260428190231323,0.02072426676750183
0.07771337777376175,0.0062874481081962585,-0.0015260428190231323,0.02072426676750183
0.07771337777376175,0.0062874481081962585,-0.0015260428190231323,0.02072426676750183
0.07771337777376175,0.0062874481081962585,-0.0015260428190231323,0.02072426676750183
0.07771337777376175,0.0062874481081962585,-0.0015260428190231323,0.02072426676750183
0.07771337777376175,0.0062874481081962585,-0.0015260428190231323,0.02072426676750183
0.07771337777376175,0.0062874481081962585,-0.0015260428190231323,0.02072426676750183
0.07771337777376175,0.0062874481081962585,-0.0015260428190231323,0.02072426676750183
0.07771337777376175,0.0062874481081962585,-0.0015260428190231323,0.02072426676750183
0.07771337777376175,0.0062874481081962585,-0.0015260428190231323,0.02072426676750183
0.07771337777376175,0.0062874481081962585,-0.0015260428190231323,0.02072426676750183
0.07771337777376175,0.0062874481081962585,-0.0015260428190231323,0.02072426676750183
0.07771337777376175,0.0062874481081962585,-0.0015260428190231323,0.02072426676750183
0.07771337777376175,0.0062874481081962585,-0.0015260428190231323,0.02072426676750183
0.07771337777376175,0.0062874481081962585,-0.0015260428190231323,0.02072426676750183
0.07771337777376175,0.0062874481081962585,-0.0015260428190231323,0.02072426676750183
0.07771337777376175,0.0062874481081962585,-0.0015260428190231323,0.02072426676750183
0.07771337777376175,0.0062874481081962585,-0.0015260428190231323,0.02072426676750183
0.07771337777376175,0.0062874481081962585,-0.0015260428190231323,0.02072426676750183
0.07771337777376175,0.0062874481081962585,-0.0015260428190231323,0.02072426676750183
0.07771337777376175,0.0062874481081962585,-0.0015260428190231323,0.02072426676750183
0.07771337777376175,0.0062874481081962585,-0.0015260428190231323,0.02072426676750183
0.07771337777376175,0.0062874481081962585,-0.0015260428190231323,0.02072426676750183
0.07771337777376175,0.0062874481081962585,-0.0015260428190231323,0.02072426676750183
0.07771337777376175,0.0062874481081962585,-0.0015260428190231323,0.02072426676750183
0.07771337777376175,0.0062874481081962585,-0.0015260428190231323,0.02072426676750183
0.07771337777376175,0.0062874481081962585,-0.0015260428190231323,0.02072426676750183
0.07771337777376175,0.0062874481081962585,-0.0015260428190231323,0.02072426676750183
0.07771337777376175,0.0062874481081962585,-0.0015260428190231323,0.02072426676750183
0.07771337777376175,0.0062874481081962585,-0.0015260428190231323,0.02072426676750183
0.07771337777376175,0.0062874481081962585,-0.0015260428190231323,0.02072426676750183
0.07771337777376175,0.0062874481081962585,-0.0015260428190231323,0.02072426676750183
0.07771337777376175,0.0062874481081962585,-0.0015260428190231323,0.02072426676750183
0.07771337777376175,0.0062874481081962585,-0.0015260428190231323,0.02072426676750183
0.07771337777376175,0.0062874481081962585,-0.0015260428190231323,0.02072426676750183
0.07771337777376175,0.0062874481081962585,-0.0015260428190231323,0.02072426676750183
0.07771337777376175,0.0062874481081962585,-0.0015260428190231323,0.02072426676750183
0.07771337777376175,0.0062874481081962585,-0.0015260428190231323,0.02072426676750183
0.07771337777376175,0.0062874481081962585,-0.0015260428190231323,0.02072426676750183
0.07771337777376175,0.0062874481081962585,-0.0015260428190231323,0.02072426676750183
0.07771337777376175,0.0062874481081962585,-0.0015260428190231323,0.02072426676750183
0.07771337777376175,0.0062874481081962585,-0.0015260428190231323,0.02072426676750183
0.07771337777376175,0.0062874481081962585,-0.0015260428190231323,0.02072426676750183
0.07771337777376175,0.0062874481081962585,-0.0015260428190231323,0.02072426676750183
0.07771337777376175,0.0062874481081962585,-0.0015260428190231323,0.02072426676750183
0.07771337777376175,0.0062874481081962585,-0.0015260428190231323,0.02072426676750183
0.07771337777376175,0.0062874481081962585,-0.0015260428190231323,0.02072426676750183
0.07771337777376175,0.0062874481081962585,-0.0015260428190231323,0.02072426676750183
0.07771337777376175,0.0062874481081962585,-0.0015260428190231323,0.02072426676750183
0.07771337777376175,0.0062874481081962585,-0.0015260428190231323,0.02072426676750183
0.07771337777376175,0.0062874481081962585,-0.0015260428190231323,0.02072426676750183
0.07771337777376175,0.0062874481081962585,-0.0015260428190231323,0.02072426676750183
0.07771337777376175,0.0062874481081962585,-0.0015260428190231323,0.02072426676750183
0.07771337777376175,0.0062874481081962585,-0.0015260428190231323,0.02072426676750183
0.07771337777376175,0.0062874481081962585,-0.0015260428190231323,0.02072426676750183
0.07771337777376175,0.0062874481081962585,-0.0015260428190231323,0.02072426676750183
0.07771337777376175,0.0062874481081962585,-0.0015260428190231323,0.02072426676750183
0.07771337777376175,0.0062874481081962585,-0.0015260428190231323,0.02072426676750183
0.07771337777376175,0.0062874481081962585,-0.0015260428190231323,0.02072426676750183
0.07771337777376175,0.0062874481081962585,-0.0015260428190231323,0.02072426676750183
0.07771337777376175,0.0062874481081962585,-0.0015260428190231323,0.02072426676750183
0.07771337777376175,0.0062874481081962585,-0.0015260428190231323,0.02072426676750183
0.07771337777376175,0.0062874481081962585,-0.0015260428190231323,0.02072426676750183
0.07771337777376175,0.0062874481081962585,-0.0015260428190231323,0.02072426676750183
0.07771337777376175,0.0062874481081962585,-0.0015260428190231323,0.02072426676750183
0.07771337777376175,0.0062874481081962585,-0.0015260428190231323,0.02072426676750183
0.07771337777376175,0.0062874481081962585,-0.0015260428190231323,0.02072426676750183
0.07771337777376175,0.0062874481081962585,-0.0015260428190231323,0.02072426676750183
0.07771337777376175,0.0062874481081962585,-0.0015260428190231323,0.02072426676750183
0.07771337777376175,0.0062874481081962585,-0.0015260428190231323,0.02072426676750183
0.07771337777376175,0.0062874481081962585,-0.0015260428190231323,0.02072426676750183
0.07771337777376175,0.0062874481081962585,-0.0015260428190231323,0.02072426676750183
0.07771337777376175,0.0062874481081962585,-0.0015260428190231323,0.02072426676750183
0.07771337777376175,0.0062874481081962585,-0.0015260428190231323,0.02072426676750183
0.07771337777376175,0.0062874481081962585,-0.0015260428190231323,0.02072426676750183
0.07771337777376175,0.0062874481081962585,-0.0015260428190231323,0.02072426676750183
0.07771337777376175,0.0062874481081962585,-0.0015260428190231323,0.02072426676750183
0.07771337777376175,0.0062874481081962585,-0.0015260428190231323,0.02072426676750183
0.07771337777376175,0.0062874481081962585,-0.0015260428190231323,0.02072426676750183
0.07771337777376175,0.0062874481081962585,-0.0015260428190231323,0.02072426676750183
0.07771337777376175,0.0062874481081962585,-0.0015260428190231323,0.02072426676750183
0.07771337777376175,0.0062874481081962585,-0.0015260428190231323,0.02072426676750183
0.07771337777376175,0.0062874481081962585,-0.0015260428190231323,0.02072426676750183
0.07771337777376175,0.0062874481081962585,-0.0015260428190231323,0.02072426676750183
0.07771337777376175,0.0062874481081962585,-0.0015260428190231323,0.02072426676750183
0.07771337777376175,0.0062874481081962585,-0.0015260428190231323,0.02072426676750183
0.07771337777376175,0.0062874481081962585,-0.0015260428190231323,0.02072426676750183
0.07771337777376175,0.0062874481081962585,-0.0015260428190231323,0.02072426676750183
0.07771337777376175,0.0062874481081962585,-0.0015260428190231323,0.02072426676750183
0.07771337777376175,0.0062874481081962585,-0.0015260428190231323,0.02072426676750183
0.07771337777376175,0.0062874481081962585,-0.0015260428190231323,0.02072426676750183
0.07771337777376175,0.0062874481081962585,-0.0015260428190231323,0.02072426676750183
0.07771337777376175,0.0062874481081962585,-0.0015260428190231323,0.02072426676750183
0.07771337777376175,0.0062874481081962585,-0.0015260428190231323,0.02072426676750183
0.07771337777376175,0.0062874481081962585,-0.0015260428190231323,0.02072426676750183
0.07771337777376175,0.0062874481081962585,-0.0015260428190231323,0.02072426676750183
0.07771337777376175,0.0062874481081962585,-0.0015260428190231323,0.02072426676750183
0.07771337777376175,0.0062874481081962585,-0.0015260428190231323,0.02072426676750183
0.07771337777376175,0.0062874481081962585,-0.0015260428190231323,0.02072426676750183
0.07771337777376175,0.0062874481081962585,-0.0015260428190231323,0.02072426676750183
0.07771337777376175,0.0062874481081962585,-0.0015260428190231323,0.02072426676750183
0.07771337777376175,0.0062874481081962585,-0.0015260428190231323,0.02072426676750183
0.07771337777376175,0.0062874481081962585,-0.0015260428190231323,0.02072426676750183
0.07771337777376175,0.0062874481081962585,-0.0015260428190231323,0.02072426676750183
0.07771337777376175,0.0062874481081962585,-0.0015260428190231323,0.02072426676750183
0.07771337777376175,0.0062874481081962585,-0.0015260428190231323,0.02072426676750183
0.07771337777376175,0.0062874481081962585,-0.0015260428190231323,0.02072426676750183
0.07771337777376175,0.0062874481081962585,-0.0015260428190231323,0.02072426676750183
0.07771337777376175,0.0062874481081962585,-0.0015260428190231323,0.02072426676750183
0.07771337777376175,0.0062874481081962585,-0.0015260428190231323,0.02072426676750183
0.07771337777376175,0.0062874481081962585,-0.0015260428190231323,0.02072426676750183
0.07771337777376175,0.0062874481081962585,-0.0015260428190231323,0.02072426676750183
0.07771337777376175,0.0062874481081962585,-0.0015260428190231323,0.02072426676750183
0.07771337777376175,0.0062874481081962585,-0.0015260428190231323,0.02072426676750183
0.07771337777376175,0.0062874481081962585,-0.0015260428190231323,0.02072426676750183
0.07771337777376175,0.0062874481081962585,-0.0015260428190231323,0.02072426676750183
0.07771337777376175,0.0062874481081962585,-0.0015260428190231323,0.02072426676750183
0.07771337777376175,0.0062874481081962585,-0.0015260428190231323,0.02072426676750183
0.07771337777376175,0.0062874481081962585,-0.0015260428190231323,0.02072426676750183
0.07771337777376175,0.0062874481081962585,-0.0015260428190231323,0.02072426676750183
0.07771337777376175,0.0062874481081962585,-0.0015260428190231323,0.02072426676750183
0.07771337777376175,0.0062874481081962585,-0.0015260428190231323,0.02072426676750183
0.07771337777376175,0.0062874481081962585,-0.0015260428190231323,0.02072426676750183
0.07771337777376175,0.0062874481081962585,-0.0015260428190231323,0.02072426676750183
0.07771337777376175,0.0062874481081962585,-0.0015260428190231323,0.02072426676750183
0.07771337777376175,0.0062874481081962585,-0.0015260428190231323,0.02072426676750183
0.07771337777376175,0.0062874481081962585,-0.0015260428190231323,0.02072426676750183
0.07771337777376175,0.0062874481081962585,-0.0015260428190231323,0.02072426676750183
0.07771337777376175,0.0062874481081962585,-0.0015260428190231323,0.02072426676750183
0.07771337777376175,0.0062874481081962585,-0.0015260428190231323,0.02072426676750183
0.07771337777376175,0.0062874481081962585,-0.0015260428190231323,0.02072426676750183
0.07771337777376175,0.0062874481081962585,-0.0015260428190231323,0.02072426676750183
0.07771337777376175,0.0062874481081962585,-0.0015260428190231323,0.02072426676750183
0.07771337777376175,0.0062874481081962585,-0.0015260428190231323,0.02072426676750183
0.07771337777376175,0.0062874481081962585,-0.0015260428190231323,0.02072426676750183
0.07771337777376175,0.0062874481081962585,-0.0015260428190231323,0.02072426676750183
0.07771337777376175,0.0062874481081962585,-0.0015260428190231323,0.02072426676750183
0.07771337777376175,0.0062874481081962585,-0.0015260428190231323,0.02072426676750183
0.07771337777376175,0.0062874481081962585,-0.0015260428190231323,0.02072426676750183
0.07771337777376175,0.0062874481081962585,-0.0015260428190231323,0.02072426676750183
0.07771337777376175,0.0062874481081962585,-0.0015260428190231323,0.02072426676750183
0.07771337777376175,0.0062874481081962585,-0.0015260428190231323,0.02072426676750183
0.07771337777376175,0.0062874481081962585,-0.0015260428190231323,0.02072426676750183
0.07771337777376175,0.0062874481081962585,-0.0015260428190231323,0.02072426676750183
0.07771337777376175,0.0062874481081962585,-0.0015260428190231323,0.02072426676750183
0.07771337777376175,0.0062874481081962585,-0.0015260428190231323,0.02072426676750183
0.07771337777376175,0.0062874481081962585,-0.0015260428190231323,0.02072426676750183
0.07771337777376175,0.0062874481081962585,-0.0015260428190231323,0.02072426676750183
0.07771337777376175,0.0062874481081962585,-0.0015260428190231323,0.02072426676750183
0.07771337777376175,0.0062874481081962585,-0.0015260428190231323,0.02072426676750183
0.07771337777376175,0.0062874481081962585,-0.0015260428190231323,0.02072426676750183
0.07771337777376175,0.0062874481081962585,-0.0015260428190231323,0.02072426676750183
0.07771337777376175,0.0062874481081962585,-0.0015260428190231323,0.02072426676750183
0.07771337777376175,0.0062874481081962585,-0.0015260428190231323,0.02072426676750183
0.07771337777376175,0.0062874481081962585,-0.0015260428190231323,0.02072426676750183
0.07771337777376175,0.0062874481081962585,-0.0015260428190231323,0.02072426676750183
0.07771337777376175,0.0062874481081962585,-0.0015260428190231323,0.02072426676750183
0.07771337777376175,0.0062874481081962585,-0.0015260428190231323,0.02072426676750183
0.07771337777376175,0.0062874481081962585,-0.0015260428190231323,0.02072426676750183
0.07771337777376175,0.0062874481081962585,-0.0015260428190231323,0.02072426676750183
0.07771337777376175,0.0062874481081962585,-0.0015260428190231323,0.02072426676750183
0.07771337777376175,0.0062874481081962585,-0.0015260428190231323,0.02072426676750183
0.07771337777376175,0.0062874481081962585,-0.0015260428190231323,0.02072426676750183
0.07771337777376175,0.0062874481081962585,-0.0015260428190231323,0.02072426676750183
0.07771337777376175,0.0062874481081962585,-0.0015260428190231323,0.02072426676750183
0.07771337777376175,0.0062874481081962585,-0.0015260428190231323,0.02072426676750183
0.07771337777376175,0.0062874481081962585,-0.0015260428190231323,0.02072426676750183
0.07771337777376175,0.0062874481081962585,-0.0015260428190231323,0.02072426676750183
0.07771337777376175,0.0062874481081962585,-0.0015260428190231323,0.02072426676750183
0.07771337777376175,0.0062874481081962585,-0.0015260428190231323,0.02072426676750183
0.07771337777376175,0.0062874481081962585,-0.0015260428190231323,0.02072426676750183
0.07771337777376175,0.0062874481081962585,-0.0015260428190231323,0.02072426676750183
0.07771337777376175,0.0062874481081962585,-0.0015260428190231323,0.02072426676750183
0.07771337777376175,0.0062874481081962585,-0.0015260428190231323,0.02072426676750183
0.07771337777376175,0.0062874481081962585,-0.0015260428190231323,0.02072426676750183
0.07771337777376175,0.0062874481081962585,-0.0015260428190231323,0.02072426676750183
0.07771337777376175,0.0062874481081962585,-0.0015260428190231323,0.02072426676750183
0.07771337777376175,0.0062874481081962585,-0.0015260428190231323,0.02072426676750183
0.07771337777376175,0.0062874481081962585,-0.0015260428190231323,0.02072426676750183
0.07771337777376175,0.0062874481081962585,-0.0015260428190231323,0.02072426676750183
0.07771337777376175,0.0062874481081962585,-0.0015260428190231323,0.02072426676750183
0.07771337777376175,0.0062874481081962585,-0.0015260428190231323,0.02072426676750183
0.07771337777376175,0.0062874481081962585,-0.0015260428190231323,0.02072426676750183
0.07771337777376175,0.0062874481081962585,-0.0015260428190231323,0.02072426676750183
0.07771337777376175,0.0062874481081962585,-0.0015260428190231323,0.02072426676750183
0.07771337777376175,0.0062874481081962585,-0.0015260428190231323,0.02072426676750183
0.07771337777376175,0.0062874481081962585,-0.0015260428190231323,0.02072426676750183
0.07771337777376175,0.0062874481081962585,-0.0015260428190231323,0.02072426676750183
0.07771337777376175,0.0062874481081962585,-0.0015260428190231323,0.02072426676750183
0.07771337777376175,0.0062874481081962585,-0.0015260428190231323,0.02072426676750183
0.07771337777376175,0.0062874481081962585,-0.0015260428190231323,0.02072426676750183
0.07771337777376175,0.0062874481081962585,-0.0015260428190231323,0.02072426676750183
0.07771337777376175,0.0062874481081962585,-0.0015260428190231323,0.02072426676750183
0.07771337777376175,0.0062874481081962585,-0.0015260428190231323,0.02072426676750183
0.07771337777376175,0.0062874481081962585,-0.0015260428190231323,0.02072426676750183
0.07771337777376175,0.0062874481081962585,-0.0015260428190231323,0.02072426676750183
0.07771337777376175,0.0062874481081962585,-0.0015260428190231323,0.02072426676750183
0.07771337777376175,0.0062874481081962585,-0.0015260428190231323,0.02072426676750183
0.07771337777376175,0.0062874481081962585,-0.0015260428190231323,0.02072426676750183
0.07771337777376175,0.0062874481081962585,-0.0015260428190231323,0.02072426676750183
0.07771337777376175,0.0062874481081962585,-0.0015260428190231323,0.02072426676750183
0.07771337777376175,0.0062874481081962585,-0.0015260428190231323,0.02072426676750183
0.07771337777376175,0.0062874481081962585,-0.0015260428190231323,0.02072426676750183
0.07771337777376175,0.0062874481081962585,-0.0015260428190231323,0.02072426676750183
0.07771337777376175,0.0062874481081962585,-0.0015260428190231323,0.02072426676750183
0.07771337777376175,0.0062874481081962585,-0.0015260428190231323,0.02072426676750183
0.07771337777376175,0.0062874481081962585,-0.0015260428190231323,0.02072426676750183
0.07771337777376175,0.0062874481081962585,-0.0015260428190231323,0.02072426676750183
0.07771337777376175,0.0062874481081962585,-0.0015260428190231323,0.02072426676750183
0.07771337777376175,0.0062874481081962585,-0.0015260428190231323,0.02072426676750183
0.07771337777376175,0.0062874481081962585,-0.0015260428190231323,0.02072426676750183
0.07771337777376175,0.0062874481081962585,-0.0015260428190231323,0.02072426676750183
0.07771337777376175,0.0062874481081962585,-0.0015260428190231323,0.02072426676750183
0.07771337777376175,0.0062874481081962585,-0.0015260428190231323,0.02072426676750183
0.07771337777376175,0.0062874481081962585,-0.0015260428190231323,0.02072426676750183
0.07771337777376175,0.0062874481081962585,-0.0015260428190231323,0.02072426676750183
0.07771337777376175,0.0062874481081962585,-0.0015260428190231323,0.02072426676750183
0.07771337777376175,0.0062874481081962585,-0.0015260428190231323,0.02072426676750183
0.07771337777376175,0.0062874481081962585,-0.0015260428190231323,0.02072426676750183
0.07771337777376175,0.0062874481081962585,-0.0015260428190231323,0.02072426676750183
0.07771337777376175,0.0062874481081962585,-0.0015260428190231323,0.02072426676750183
0.07771337777376175,0.0062874481081962585,-0.0015260428190231323,0.02072426676750183
0.07771337777376175,0.0062874481081962585,-0.0015260428190231323,0.02072426676750183
0.07771337777376175,0.0062874481081962585,-0.0015260428190231323,0.02072426676750183
0.07771337777376175,0.0062874481081962585,-0.0015260428190231323,0.02072426676750183
0.07771337777376175,0.0062874481081962585,-0.0015260428190231323,0.02072426676750183
0.07771337777376175,0.0062874481081962585,-0.0015260428190231323,0.02072426676750183
0.07771337777376175,0.0062874481081962585,-0.0015260428190231323,0.02072426676750183
0.07771337777376175,0.0062874481081962585,-0.0015260428190231323,0.02072426676750183
0.07771337777376175,0.0062874481081962585,-0.0015260428190231323,0.02072426676750183
0.07771337777376175,0.0062874481081962585,-0.0015260428190231323,0.02072426676750183
0.07771337777376175,0.0062874481081962585,-0.0015260428190231323,0.02072426676750183
0.07771337777376175,0.0062874481081962585,-0.0015260428190231323,0.02072426676750183
0.07771337777376175,0.0062874481081962585,-0.0015260428190231323,0.02072426676750183
0.07771337777376175,0.0062874481081962585,-0.0015260428190231323,0.02072426676750183
0.07771337777376175,0.0062874481081962585,-0.0015260428190231323,0.02072426676750183
0.07771337777376175,0.0062874481081962585,-0.0015260428190231323,0.02072426676750183
0.07771337777376175,0.0062874481081962585,-0.0015260428190231323,0.02072426676750183
0.07771337777376175,0.0062874481081962585,-0.0015260428190231323,0.02072426676750183
0.07771337777376175,0.0062874481081962585,-0.0015260428190231323,0.02072426676750183
0.07771337777376175,0.0062874481081962585,-0.0015260428190231323,0.02072426676750183
0.07771337777376175,0.0062874481081962585,-0.0015260428190231323,0.02072426676750183
0.07771337777376175,0.0062874481081962585,-0.0015260428190231323,0.02072426676750183
0.07771337777376175,0.0062874481081962585,-0.0015260428190231323,0.02072426676750183
0.07771337777376175,0.0062874481081962585,-0.0015260428190231323,0.02072426676750183
0.07771337777376175,0.0062874481081962585,-0.0015260428190231323,0.02072426676750183
0.07771337777376175,0.0062874481081962585,-0.0015260428190231323,0.02072426676750183
0.07771337777376175,0.0062874481081962585,-0.0015260428190231323,0.02072426676750183
0.07771337777376175,0.0062874481081962585,-0.0015260428190231323,0.02072426676750183
0.07771337777376175,0.0062874481081962585,-0.0015260428190231323,0.02072426676750183
0.07771337777376175,0.0062874481081962585,-0.0015260428190231323,0.02072426676750183
0.07771337777376175,0.0062874481081962585,-0.0015260428190231323,0.02072426676750183
0.07771337777376175,0.0062874481081962585,-0.0015260428190231323,0.02072426676750183
0.07771337777376175,0.0062874481081962585,-0.0015260428190231323,0.02072426676750183
0.07771337777376175,0.0062874481081962585,-0.0015260428190231323,0.02072426676750183
0.07771337777376175,0.0062874481081962585,-0.0015260428190231323,0.02072426676750183
0.07771337777376175,0.0062874481081962585,-0.0015260428190231323,0.02072426676750183
0.07771337777376175,0.0062874481081962585,-0.0015260428190231323,0.02072426676750183
0.07771337777376175,0.0062874481081962585,-0.0015260428190231323,0.02072426676750183
0.07771337777376175,0.0062874481081962585,-0.0015260428190231323,0.02072426676750183
0.07771337777376175,0.0062874481081962585,-0.0015260428190231323,0.02072426676750183
0.07771337777376175,0.0062874481081962585,-0.0015260428190231323,0.02072426676750183
0.07771337777376175,0.0062874481081962585,-0.0015260428190231323,0.02072426676750183
0.07771337777376175,0.0062874481081962585,-0.0015260428190231323,0.02072426676750183
0.07771337777376175,0.0062874481081962585,-0.0015260428190231323,0.02072426676750183
0.07771337777376175,0.0062874481081962585,-0.0015260428190231323,0.02072426676750183
0.07771337777376175,0.0062874481081962585,-0.0015260428190231323,0.02072426676750183
0.07771337777376175,0.0062874481081962585,-0.0015260428190231323,0.02072426676750183
0.07771337777376175,0.0062874481081962585,-0.0015260428190231323,0.02072426676750183
0.07771337777376175,0.0062874481081962585,-0.0015260428190231323,0.02072426676750183
0.07771337777376175,0.0062874481081962585,-0.0015260428190231323,0.02072426676750183
0.07771337777376175,0.0062874481081962585,-0.0015260428190231323,0.02072426676750183
0.07771337777376175,0.0062874481081962585,-0.0015260428190231323,0.02072426676750183
0.07771337777376175,0.0062874481081962585,-0.0015260428190231323,0.02072426676750183
0.07771337777376175,0.0062874481081962585,-0.0015260428190231323,0.02072426676750183
0.07771337777376175,0.0062874481081962585,-0.0015260428190231323,0.02072426676750183
0.07771337777376175,0.0062874481081962585,-0.0015260428190231323,0.02072426676750183
0.07771337777376175,0.0062874481081962585,-0.0015260428190231323,0.02072426676750183
0.07771337777376175,0.0062874481081962585,-0.0015260428190231323,0.02072426676750183
0.07771337777376175,0.0062874481081962585,-0.0015260428190231323,0.02072426676750183
0.07771337777376175,0.0062874481081962585,-0.0015260428190231323,0.02072426676750183
0.07771337777376175,0.0062874481081962585,-0.0015260428190231323,0.02072426676750183
0.07771337777376175,0.0062874481081962585,-0.0015260428190231323,0.02072426676750183
0.07771337777376175,0.0062874481081962585,-0.0015260428190231323,0.02072426676750183
0.07771337777376175,0.0062874481081962585,-0.0015260428190231323,0.02072426676750183
0.07771337777376175,0.0062874481081962585,-0.0015260428190231323,0.02072426676750183
0.07771337777376175,0.0062874481081962585,-0.0015260428190231323,0.02072426676750183
0.07771337777376175,0.0062874481081962585,-0.0015260428190231323,0.02072426676750183
0.07771337777376175,0.0062874481081962585,-0.0015260428190231323,0.02072426676750183
0.07771337777376175,0.0062874481081962585,-0.0015260428190231323,0.02072426676750183
0.07771337777376175,0.0062874481081962585,-0.0015260428190231323,0.02072426676750183
0.07771337777376175,0.0062874481081962585,-0.0015260428190231323,0.02072426676750183
0.07771337777376175,0.0062874481081962585,-0.0015260428190231323,0.02072426676750183
0.07771337777376175,0.0062874481081962585,-0.0015260428190231323,0.02072426676750183
0.07771337777376175,0.0062874481081962585,-0.0015260428190231323,0.02072426676750183
0.07771337777376175,0.0062874481081962585,-0.0015260428190231323,0.02072426676750183
0.07771337777376175,0.0062874481081962585,-0.0015260428190231323,0.02072426676750183
0.07771337777376175,0.0062874481081962585,-0.0015260428190231323,0.02072426676750183
0.07771337777376175,0.0062874481081962585,-0.0015260428190231323,0.02072426676750183
0.07771337777376175,0.0062874481081962585,-0.0015260428190231323,0.02072426676750183
0.07771337777376175,0.0062874481081962585,-0.0015260428190231323,0.02072426676750183
0.07771337777376175,0.0062874481081962585,-0.0015260428190231323,0.02072426676750183
0.07771337777376175,0.0062874481081962585,-0.0015260428190231323,0.02072426676750183
0.07771337777376175,0.0062874481081962585,-0.0015260428190231323,0.02072426676750183
0.07771337777376175,0.0062874481081962585,-0.0015260428190231323,0.02072426676750183
0.07771337777376175,0.0062874481081962585,-0.0015260428190231323,0.02072426676750183
0.07771337777376175,0.0062874481081962585,-0.0015260428190231323,0.02072426676750183
0.07771337777376175,0.0062874481081962585,-0.0015260428190231323,0.02072426676750183
0.07771337777376175,0.0062874481081962585,-0.0015260428190231323,0.02072426676750183
0.07771337777376175,0.0062874481081962585,-0.0015260428190231323,0.02072426676750183
0.07771337777376175,0.0062874481081962585,-0.0015260428190231323,0.02072426676750183
0.07771337777376175,0.0062874481081962585,-0.0015260428190231323,0.02072426676750183
0.07771337777376175,0.0062874481081962585,-0.0015260428190231323,0.02072426676750183
0.07771337777376175,0.0062874481081962585,-0.0015260428190231323,0.02072426676750183
0.07771337777376175,0.0062874481081962585,-0.0015260428190231323,0.02072426676750183
0.07771337777376175,0.0062874481081962585,-0.0015260428190231323,0.02072426676750183
0.07771337777376175,0.0062874481081962585,-0.0015260428190231323,0.02072426676750183
0.07771337777376175,0.0062874481081962585,-0.0015260428190231323,0.02072426676750183
0.07771337777376175,0.0062874481081962585,-0.0015260428190231323,0.02072426676750183
0.07771337777376175,0.0062874481081962585,-0.0015260428190231323,0.02072426676750183
0.07771337777376175,0.0062874481081962585,-0.0015260428190231323,0.02072426676750183
0.07771337777376175,0.0062874481081962585,-0.0015260428190231323,0.02072426676750183
0.07771337777376175,0.0062874481081962585,-0.0015260428190231323,0.02072426676750183
0.07771337777376175,0.0062874481081962585,-0.0015260428190231323,0.02072426676750183
0.07771337777376175,0.0062874481081962585,-0.0015260428190231323,0.02072426676750183
0.07771337777376175,0.0062874481081962585,-0.0015260428190231323,0.02072426676750183
0.07771337777376175,0.0062874481081962585,-0.0015260428190231323,0.02072426676750183
0.07771337777376175,0.0062874481081962585,-0.0015260428190231323,0.02072426676750183
0.07771337777376175,0.0062874481081962585,-0.0015260428190231323,0.02072426676750183
0.07771337777376175,0.0062874481081962585,-0.0015260428190231323,0.02072426676750183
0.07771337777376175,0.0062874481081962585,-0.0015260428190231323,0.02072426676750183
0.07771337777376175,0.0062874481081962585,-0.0015260428190231323,0.02072426676750183
0.07771337777376175,0.0062874481081962585,-0.0015260428190231323,0.02072426676750183
0.07771337777376175,0.0062874481081962585,-0.0015260428190231323,0.02072426676750183
0.07771337777376175,0.0062874481081962585,-0.0015260428190231323,0.02072426676750183
0.07771337777376175,0.0062874481081962585,-0.0015260428190231323,0.02072426676750183
0.07771337777376175,0.0062874481081962585,-0.0015260428190231323,0.02072426676750183
0.07771337777376175,0.0062874481081962585,-0.0015260428190231323,0.02072426676750183
0.07771337777376175,0.0062874481081962585,-0.0015260428190231323,0.02072426676750183
0.07771337777376175,0.0062874481081962585,-0.0015260428190231323,0.02072426676750183
0.07771337777376175,0.0062874481081962585,-0.0015260428190231323,0.02072426676750183
0.07771337777376175,0.0062874481081962585,-0.0015260428190231323,0.02072426676750183
0.07771337777376175,0.0062874481081962585,-0.0015260428190231323,0.02072426676750183
0.07771337777376175,0.0062874481081962585,-0.0015260428190231323,0.02072426676750183
0.07771337777376175,0.0062874481081962585,-0.0015260428190231323,0.02072426676750183
0.07771337777376175,0.0062874481081962585,-0.0015260428190231323,0.02072426676750183
0.07771337777376175,0.0062874481081962585,-0.0015260428190231323,0.02072426676750183
0.07771337777376175,0.0062874481081962585,-0.0015260428190231323,0.02072426676750183
0.07771337777376175,0.0062874481081962585,-0.0015260428190231323,0.02072426676750183
0.07771337777376175,0.0062874481081962585,-0.0015260428190231323,0.02072426676750183
0.07771337777376175,0.0062874481081962585,-0.0015260428190231323,0.02072426676750183
0.07771337777376175,0.0062874481081962585,-0.0015260428190231323,0.02072426676750183
0.07771337777376175,0.0062874481081962585,-0.0015260428190231323,0.02072426676750183
0.07771337777376175,0.0062874481081962585,-0.0015260428190231323,0.02072426676750183
0.07771337777376175,0.0062874481081962585,-0.0015260428190231323,0.02072426676750183
0.07771337777376175,0.0062874481081962585,-0.0015260428190231323,0.02072426676750183
0.07771337777376175,0.0062874481081962585,-0.0015260428190231323,0.02072426676750183
0.07771337777376175,0.0062874481081962585,-0.0015260428190231323,0.02072426676750183
0.07771337777376175,0.0062874481081962585,-0.0015260428190231323,0.02072426676750183
0.07771337777376175,0.0062874481081962585,-0.0015260428190231323,0.02072426676750183
0.07771337777376175,0.0062874481081962585,-0.0015260428190231323,0.02072426676750183
0.07771337777376175,0.0062874481081962585,-0.0015260428190231323,0.02072426676750183
0.07771337777376175,0.0062874481081962585,-0.0015260428190231323,0.02072426676750183
0.07771337777376175,0.0062874481081962585,-0.0015260428190231323,0.02072426676750183
0.07771337777376175,0.0062874481081962585,-0.0015260428190231323,0.02072426676750183
0.07771337777376175,0.0062874481081962585,-0.0015260428190231323,0.02072426676750183
0.07771337777376175,0.0062874481081962585,-0.0015260428190231323,0.02072426676750183
0.07771337777376175,0.0062874481081962585,-0.0015260428190231323,0.02072426676750183
0.07771337777376175,0.0062874481081962585,-0.0015260428190231323,0.02072426676750183
0.07771337777376175,0.0062874481081962585,-0.0015260428190231323,0.02072426676750183
0.07771337777376175,0.0062874481081962585,-0.0015260428190231323,0.02072426676750183
0.07771337777376175,0.0062874481081962585,-0.0015260428190231323,0.02072426676750183
0.07771337777376175,0.0062874481081962585,-0.0015260428190231323,0.02072426676750183
0.07771337777376175,0.0062874481081962585,-0.0015260428190231323,0.02072426676750183
0.07771337777376175,0.0062874481081962585,-0.0015260428190231323,0.02072426676750183
0.07771337777376175,0.0062874481081962585,-0.0015260428190231323,0.02072426676750183
0.07771337777376175,0.0062874481081962585,-0.0015260428190231323,0.02072426676750183
0.07771337777376175,0.0062874481081962585,-0.0015260428190231323,0.02072426676750183
0.07771337777376175,0.0062874481081962585,-0.0015260428190231323,0.02072426676750183
0.07771337777376175,0.0062874481081962585,-0.0015260428190231323,0.02072426676750183
0.07771337777376175,0.0062874481081962585,-0.0015260428190231323,0.02072426676750183
0.07771337777376175,0.0062874481081962585,-0.0015260428190231323,0.02072426676750183
0.07771337777376175,0.0062874481081962585,-0.0015260428190231323,0.02072426676750183
0.07771337777376175,0.0062874481081962585,-0.0015260428190231323,0.02072426676750183
0.07771337777376175,0.0062874481081962585,-0.0015260428190231323,0.02072426676750183
0.07771337777376175,0.0062874481081962585,-0.0015260428190231323,0.02072426676750183
0.07771337777376175,0.0062874481081962585,-0.0015260428190231323,0.02072426676750183
0.07771337777376175,0.0062874481081962585,-0.0015260428190231323,0.02072426676750183
0.07771337777376175,0.0062874481081962585,-0.0015260428190231323,0.02072426676750183
0.07771337777376175,0.0062874481081962585,-0.0015260428190231323,0.02072426676750183
0.07771337777376175,0.0062874481081962585,-0.0015260428190231323,0.02072426676750183
0.07771337777376175,0.0062874481081962585,-0.0015260428190231323,0.02072426676750183
0.07771337777376175,0.0062874481081962585,-0.0015260428190231323,0.02072426676750183
0.07771337777376175,0.0062874481081962585,-0.0015260428190231323,0.02072426676750183
0.07771337777376175,0.0062874481081962585,-0.0015260428190231323,0.02072426676750183
0.07771337777376175,0.0062874481081962585,-0.0015260428190231323,0.02072426676750183
0.07771337777376175,0.0062874481081962585,-0.0015260428190231323,0.02072426676750183
0.07771337777376175,0.0062874481081962585,-0.0015260428190231323,0.02072426676750183
0.07771337777376175,0.0062874481081962585,-0.0015260428190231323,0.02072426676750183
0.07771337777376175,0.0062874481081962585,-0.0015260428190231323,0.02072426676750183
0.07771337777376175,0.0062874481081962585,-0.0015260428190231323,0.02072426676750183
0.07771337777376175,0.0062874481081962585,-0.0015260428190231323,0.02072426676750183
0.07771337777376175,0.0062874481081962585,-0.0015260428190231323,0.02072426676750183
0.07771337777376175,0.0062874481081962585,-0.0015260428190231323,0.02072426676750183
0.07771337777376175,0.0062874481081962585,-0.0015260428190231323,0.02072426676750183
0.07771337777376175,0.0062874481081962585,-0.0015260428190231323,0.02072426676750183
0.07771337777376175,0.0062874481081962585,-0.0015260428190231323,0.02072426676750183
0.07771337777376175,0.0062874481081962585,-0.0015260428190231323,0.02072426676750183
0.07771337777376175,0.0062874481081962585,-0.0015260428190231323,0.02072426676750183
0.07771337777376175,0.0062874481081962585,-0.0015260428190231323,0.02072426676750183
0.07771337777376175,0.0062874481081962585,-0.0015260428190231323,0.02072426676750183
0.07771337777376175,0.0062874481081962585,-0.0015260428190231323,0.02072426676750183
0.07771337777376175,0.0062874481081962585,-0.0015260428190231323,0.02072426676750183
0.07771337777376175,0.0062874481081962585,-0.0015260428190231323,0.02072426676750183
0.07771337777376175,0.0062874481081962585,-0.0015260428190231323,0.02072426676750183
0.07771337777376175,0.0062874481081962585,-0.0015260428190231323,0.02072426676750183
0.07771337777376175,0.0062874481081962585,-0.0015260428190231323,0.02072426676750183
0.07771337777376175,0.0062874481081962585,-0.0015260428190231323,0.02072426676750183
0.07771337777376175,0.0062874481081962585,-0.0015260428190231323,0.02072426676750183
0.07771337777376175,0.0062874481081962585,-0.0015260428190231323,0.02072426676750183
0.07771337777376175,0.0062874481081962585,-0.0015260428190231323,0.02072426676750183
0.07771337777376175,0.0062874481081962585,-0.0015260428190231323,0.02072426676750183
0.07771337777376175,0.0062874481081962585,-0.0015260428190231323,0.02072426676750183
0.07771337777376175,0.0062874481081962585,-0.0015260428190231323,0.02072426676750183
0.07771337777376175,0.0062874481081962585,-0.0015260428190231323,0.02072426676750183
0.07771337777376175,0.0062874481081962585,-0.0015260428190231323,0.02072426676750183
0.07771337777376175,0.0062874481081962585,-0.0015260428190231323,0.02072426676750183
0.07771337777376175,0.0062874481081962585,-0.0015260428190231323,0.02072426676750183
0.07771337777376175,0.0062874481081962585,-0.0015260428190231323,0.02072426676750183
0.07771337777376175,0.0062874481081962585,-0.0015260428190231323,0.02072426676750183
0.07771337777376175,0.0062874481081962585,-0.0015260428190231323,0.02072426676750183
0.07771337777376175,0.0062874481081962585,-0.0015260428190231323,0.02072426676750183
0.07771337777376175,0.0062874481081962585,-0.0015260428190231323,0.02072426676750183
0.07771337777376175,0.0062874481081962585,-0.0015260428190231323,0.02072426676750183
0.07771337777376175,0.0062874481081962585,-0.0015260428190231323,0.02072426676750183
0.07771337777376175,0.0062874481081962585,-0.0015260428190231323,0.02072426676750183
0.07771337777376175,0.0062874481081962585,-0.0015260428190231323,0.02072426676750183
0.07771337777376175,0.0062874481081962585,-0.0015260428190231323,0.02072426676750183
0.07771337777376175,0.0062874481081962585,-0.0015260428190231323,0.02072426676750183
0.07771337777376175,0.0062874481081962585,-0.0015260428190231323,0.02072426676750183
0.07771337777376175,0.0062874481081962585,-0.0015260428190231323,0.02072426676750183
0.07771337777376175,0.0062874481081962585,-0.0015260428190231323,0.02072426676750183
0.07771337777376175,0.0062874481081962585,-0.0015260428190231323,0.02072426676750183
0.07771337777376175,0.0062874481081962585,-0.0015260428190231323,0.02072426676750183
0.07771337777376175,0.0062874481081962585,-0.0015260428190231323,0.02072426676750183
0.07771337777376175,0.0062874481081962585,-0.0015260428190231323,0.02072426676750183
0.07771337777376175,0.0062874481081962585,-0.0015260428190231323,0.02072426676750183
0.07771337777376175,0.0062874481081962585,-0.0015260428190231323,0.02072426676750183
0.07771337777376175,0.0062874481081962585,-0.0015260428190231323,0.02072426676750183
0.07771337777376175,0.0062874481081962585,-0.0015260428190231323,0.02072426676750183
0.07771337777376175,0.0062874481081962585,-0.0015260428190231323,0.02072426676750183
0.07771337777376175,0.0062874481081962585,-0.0015260428190231323,0.02072426676750183
0.07771337777376175,0.0062874481081962585,-0.0015260428190231323,0.02072426676750183
0.07771337777376175,0.0062874481081962585,-0.0015260428190231323,0.02072426676750183
0.07771337777376175,0.0062874481081962585,-0.0015260428190231323,0.02072426676750183
0.07771337777376175,0.0062874481081962585,-0.0015260428190231323,0.02072426676750183
0.07771337777376175,0.0062874481081962585,-0.0015260428190231323,0.02072426676750183
0.07771337777376175,0.0062874481081962585,-0.0015260428190231323,0.02072426676750183
0.07771337777376175,0.0062874481081962585,-0.0015260428190231323,0.02072426676750183
0.07771337777376175,0.0062874481081962585,-0.0015260428190231323,0.02072426676750183
0.07771337777376175,0.0062874481081962585,-0.0015260428190231323,0.02072426676750183
0.07771337777376175,0.0062874481081962585,-0.0015260428190231323,0.02072426676750183
0.07771337777376175,0.0062874481081962585,-0.0015260428190231323,0.02072426676750183
0.07771337777376175,0.0062874481081962585,-0.0015260428190231323,0.02072426676750183
0.07771337777376175,0.0062874481081962585,-0.0015260428190231323,0.02072426676750183
0.07771337777376175,0.0062874481081962585,-0.0015260428190231323,0.02072426676750183
0.07771337777376175,0.0062874481081962585,-0.0015260428190231323,0.02072426676750183
0.07771337777376175,0.0062874481081962585,-0.0015260428190231323,0.02072426676750183
0.07771337777376175,0.0062874481081962585,-0.0015260428190231323,0.02072426676750183
0.07771337777376175,0.0062874481081962585,-0.0015260428190231323,0.02072426676750183
0.07771337777376175,0.0062874481081962585,-0.0015260428190231323,0.02072426676750183
0.07771337777376175,0.0062874481081962585,-0.0015260428190231323,0.02072426676750183
0.07771337777376175,0.0062874481081962585,-0.0015260428190231323,0.02072426676750183
0.07771337777376175,0.0062874481081962585,-0.0015260428190231323,0.02072426676750183
0.07771337777376175,0.0062874481081962585,-0.0015260428190231323,0.02072426676750183
0.07771337777376175,0.0062874481081962585,-0.0015260428190231323,0.02072426676750183
0.07771337777376175,0.0062874481081962585,-0.0015260428190231323,0.02072426676750183
0.07771337777376175,0.0062874481081962585,-0.0015260428190231323,0.02072426676750183
0.07771337777376175,0.0062874481081962585,-0.0015260428190231323,0.02072426676750183
0.07771337777376175,0.0062874481081962585,-0.0015260428190231323,0.02072426676750183
0.07771337777376175,0.0062874481081962585,-0.0015260428190231323,0.02072426676750183
0.07771337777376175,0.0062874481081962585,-0.0015260428190231323,0.02072426676750183
0.07771337777376175,0.0062874481081962585,-0.0015260428190231323,0.02072426676750183
0.07771337777376175,0.0062874481081962585,-0.0015260428190231323,0.02072426676750183
0.07771337777376175,0.0062874481081962585,-0.0015260428190231323,0.02072426676750183
0.07771337777376175,0.0062874481081962585,-0.0015260428190231323,0.02072426676750183
0.07771337777376175,0.0062874481081962585,-0.0015260428190231323,0.02072426676750183
0.07771337777376175,0.0062874481081962585,-0.0015260428190231323,0.02072426676750183
0.07771337777376175,0.0062874481081962585,-0.0015260428190231323,0.02072426676750183
0.07771337777376175,0.0062874481081962585,-0.0015260428190231323,0.02072426676750183
0.07771337777376175,0.0062874481081962585,-0.0015260428190231323,0.02072426676750183
0.07771337777376175,0.0062874481081962585,-0.0015260428190231323,0.02072426676750183
0.07771337777376175,0.0062874481081962585,-0.0015260428190231323,0.02072426676750183
0.07771337777376175,0.0062874481081962585,-0.0015260428190231323,0.02072426676750183
0.07771337777376175,0.0062874481081962585,-0.0015260428190231323,0.02072426676750183
0.07771337777376175,0.0062874481081962585,-0.0015260428190231323,0.02072426676750183
0.07771337777376175,0.0062874481081962585,-0.0015260428190231323,0.02072426676750183
0.07771337777376175,0.0062874481081962585,-0.0015260428190231323,0.02072426676750183
0.07771337777376175,0.0062874481081962585,-0.0015260428190231323,0.02072426676750183
0.07771337777376175,0.0062874481081962585,-0.0015260428190231323,0.02072426676750183
0.07771337777376175,0.0062874481081962585,-0.0015260428190231323,0.02072426676750183
0.07771337777376175,0.0062874481081962585,-0.0015260428190231323,0.02072426676750183
0.07771337777376175,0.0062874481081962585,-0.0015260428190231323,0.02072426676750183
0.07771337777376175,0.0062874481081962585,-0.0015260428190231323,0.02072426676750183
0.07771337777376175,0.0062874481081962585,-0.0015260428190231323,0.02072426676750183
0.07771337777376175,0.0062874481081962585,-0.0015260428190231323,0.02072426676750183
0.07771337777376175,0.0062874481081962585,-0.0015260428190231323,0.02072426676750183
0.07771337777376175,0.0062874481081962585,-0.0015260428190231323,0.02072426676750183
0.07771337777376175,0.0062874481081962585,-0.0015260428190231323,0.02072426676750183
0.07771337777376175,0.0062874481081962585,-0.0015260428190231323,0.02072426676750183
0.07771337777376175,0.0062874481081962585,-0.0015260428190231323,0.02072426676750183
0.07771337777376175,0.0062874481081962585,-0.0015260428190231323,0.02072426676750183
0.07771337777376175,0.0062874481081962585,-0.0015260428190231323,0.02072426676750183
0.07771337777376175,0.0062874481081962585,-0.0015260428190231323,0.02072426676750183
0.07771337777376175,0.0062874481081962585,-0.0015260428190231323,0.02072426676750183
0.07771337777376175,0.0062874481081962585,-0.0015260428190231323,0.02072426676750183
0.07771337777376175,0.0062874481081962585,-0.0015260428190231323,0.02072426676750183
0.07771337777376175,0.0062874481081962585,-0.0015260428190231323,0.02072426676750183
0.07771337777376175,0.0062874481081962585,-0.0015260428190231323,0.02072426676750183
0.07771337777376175,0.0062874481081962585,-0.0015260428190231323,0.02072426676750183
0.07771337777376175,0.0062874481081962585,-0.0015260428190231323,0.02072426676750183
0.07771337777376175,0.0062874481081962585,-0.0015260428190231323,0.02072426676750183
0.07771337777376175,0.0062874481081962585,-0.0015260428190231323,0.02072426676750183
0.07771337777376175,0.0062874481081962585,-0.0015260428190231323,0.02072426676750183
0.07771337777376175,0.0062874481081962585,-0.0015260428190231323,0.02072426676750183
0.07771337777376175,0.0062874481081962585,-0.0015260428190231323,0.02072426676750183
0.07771337777376175,0.0062874481081962585,-0.0015260428190231323,0.02072426676750183
0.07771337777376175,0.0062874481081962585,-0.0015260428190231323,0.02072426676750183
0.07771337777376175,0.0062874481081962585,-0.0015260428190231323,0.02072426676750183
0.07771337777376175,0.0062874481081962585,-0.0015260428190231323,0.02072426676750183
0.07771337777376175,0.0062874481081962585,-0.0015260428190231323,0.02072426676750183
0.07771337777376175,0.0062874481081962585,-0.0015260428190231323,0.02072426676750183
0.07771337777376175,0.0062874481081962585,-0.0015260428190231323,0.02072426676750183
0.07771337777376175,0.0062874481081962585,-0.0015260428190231323,0.02072426676750183
0.07771337777376175,0.0062874481081962585,-0.0015260428190231323,0.02072426676750183
0.07771337777376175,0.0062874481081962585,-0.0015260428190231323,0.02072426676750183
0.07771337777376175,0.0062874481081962585,-0.0015260428190231323,0.02072426676750183
0.07771337777376175,0.0062874481081962585,-0.0015260428190231323,0.02072426676750183
0.07771337777376175,0.0062874481081962585,-0.0015260428190231323,0.02072426676750183
0.07771337777376175,0.0062874481081962585,-0.0015260428190231323,0.02072426676750183
0.07771337777376175,0.0062874481081962585,-0.0015260428190231323,0.02072426676750183
0.07771337777376175,0.0062874481081962585,-0.0015260428190231323,0.02072426676750183
0.07771337777376175,0.0062874481081962585,-0.0015260428190231323,0.02072426676750183
0.07771337777376175,0.0062874481081962585,-0.0015260428190231323,0.02072426676750183
0.07771337777376175,0.0062874481081962585,-0.0015260428190231323,0.02072426676750183
0.07771337777376175,0.0062874481081962585,-0.0015260428190231323,0.02072426676750183
0.07771337777376175,0.0062874481081962585,-0.0015260428190231323,0.02072426676750183
0.07771337777376175,0.0062874481081962585,-0.0015260428190231323,0.02072426676750183
0.07771337777376175,0.0062874481081962585,-0.0015260428190231323,0.02072426676750183
0.07771337777376175,0.0062874481081962585,-0.0015260428190231323,0.02072426676750183
0.07771337777376175,0.0062874481081962585,-0.0015260428190231323,0.02072426676750183
0.07771337777376175,0.0062874481081962585,-0.0015260428190231323,0.02072426676750183
0.07771337777376175,0.0062874481081962585,-0.0015260428190231323,0.02072426676750183
0.07771337777376175,0.0062874481081962585,-0.0015260428190231323,0.02072426676750183
0.07771337777376175,0.0062874481081962585,-0.0015260428190231323,0.02072426676750183
0.07771337777376175,0.0062874481081962585,-0.0015260428190231323,0.02072426676750183
0.07771337777376175,0.0062874481081962585,-0.0015260428190231323,0.02072426676750183
0.07771337777376175,0.0062874481081962585,-0.0015260428190231323,0.02072426676750183
0.07771337777376175,0.0062874481081962585,-0.0015260428190231323,0.02072426676750183
0.07771337777376175,0.0062874481081962585,-0.0015260428190231323,0.02072426676750183
0.07771337777376175,0.0062874481081962585,-0.0015260428190231323,0.02072426676750183
0.07771337777376175,0.0062874481081962585,-0.0015260428190231323,0.02072426676750183
0.07771337777376175,0.0062874481081962585,-0.0015260428190231323,0.02072426676750183
0.07771337777376175,0.0062874481081962585,-0.0015260428190231323,0.02072426676750183
0.07771337777376175,0.0062874481081962585,-0.0015260428190231323,0.02072426676750183
0.07771337777376175,0.0062874481081962585,-0.0015260428190231323,0.02072426676750183
0.07771337777376175,0.0062874481081962585,-0.0015260428190231323,0.02072426676750183
0.07771337777376175,0.0062874481081962585,-0.0015260428190231323,0.02072426676750183
0.07771337777376175,0.0062874481081962585,-0.0015260428190231323,0.02072426676750183
0.07771337777376175,0.0062874481081962585,-0.0015260428190231323,0.02072426676750183
0.07771337777376175,0.0062874481081962585,-0.0015260428190231323,0.02072426676750183
0.07771337777376175,0.0062874481081962585,-0.0015260428190231323,0.02072426676750183
0.07771337777376175,0.0062874481081962585,-0.0015260428190231323,0.02072426676750183
0.07771337777376175,0.0062874481081962585,-0.0015260428190231323,0.02072426676750183
0.07771337777376175,0.0062874481081962585,-0.0015260428190231323,0.02072426676750183
0.07771337777376175,0.0062874481081962585,-0.0015260428190231323,0.02072426676750183
0.07771337777376175,0.0062874481081962585,-0.0015260428190231323,0.02072426676750183
0.07771337777376175,0.0062874481081962585,-0.0015260428190231323,0.02072426676750183
0.07771337777376175,0.0062874481081962585,-0.0015260428190231323,0.02072426676750183
0.07771337777376175,0.0062874481081962585,-0.0015260428190231323,0.02072426676750183
0.07771337777376175,0.0062874481081962585,-0.0015260428190231323,0.02072426676750183
0.07771337777376175,0.0062874481081962585,-0.0015260428190231323,0.02072426676750183
0.07771337777376175,0.0062874481081962585,-0.0015260428190231323,0.02072426676750183
0.07771337777376175,0.0062874481081962585,-0.0015260428190231323,0.02072426676750183
0.07771337777376175,0.0062874481081962585,-0.0015260428190231323,0.02072426676750183
0.07771337777376175,0.0062874481081962585,-0.0015260428190231323,0.02072426676750183
0.07771337777376175,0.0062874481081962585,-0.0015260428190231323,0.02072426676750183
0.07771337777376175,0.0062874481081962585,-0.0015260428190231323,0.02072426676750183
0.07771337777376175,0.0062874481081962585,-0.0015260428190231323,0.02072426676750183
0.07771337777376175,0.0062874481081962585,-0.0015260428190231323,0.02072426676750183
0.07771337777376175,0.0062874481081962585,-0.0015260428190231323,0.02072426676750183
0.07771337777376175,0.0062874481081962585,-0.0015260428190231323,0.02072426676750183
0.07771337777376175,0.0062874481081962585,-0.0015260428190231323,0.02072426676750183
0.07771337777376175,0.0062874481081962585,-0.0015260428190231323,0.02072426676750183
0.07771337777376175,0.0062874481081962585,-0.0015260428190231323,0.02072426676750183
0.07771337777376175,0.0062874481081962585,-0.0015260428190231323,0.02072426676750183
0.07771337777376175,0.0062874481081962585,-0.0015260428190231323,0.02072426676750183
0.07771337777376175,0.0062874481081962585,-0.0015260428190231323,0.02072426676750183
0.07771337777376175,0.0062874481081962585,-0.0015260428190231323,0.02072426676750183
0.07771337777376175,0.0062874481081962585,-0.0015260428190231323,0.02072426676750183
0.07771337777376175,0.0062874481081962585,-0.0015260428190231323,0.02072426676750183
0.07771337777376175,0.0062874481081962585,-0.0015260428190231323,0.02072426676750183
0.07771337777376175,0.0062874481081962585,-0.0015260428190231323,0.02072426676750183
0.07771337777376175,0.0062874481081962585,-0.0015260428190231323,0.02072426676750183
0.07771337777376175,0.0062874481081962585,-0.0015260428190231323,0.02072426676750183
0.07771337777376175,0.0062874481081962585,-0.0015260428190231323,0.02072426676750183
0.07771337777376175,0.0062874481081962585,-0.0015260428190231323,0.02072426676750183
0.07771337777376175,0.0062874481081962585,-0.0015260428190231323,0.02072426676750183
0.07771337777376175,0.0062874481081962585,-0.0015260428190231323,0.02072426676750183
0.07771337777376175,0.0062874481081962585,-0.0015260428190231323,0.02072426676750183
0.07771337777376175,0.0062874481081962585,-0.0015260428190231323,0.02072426676750183
0.07771337777376175,0.0062874481081962585,-0.0015260428190231323,0.02072426676750183
0.07771337777376175,0.0062874481081962585,-0.0015260428190231323,0.02072426676750183
0.07771337777376175,0.0062874481081962585,-0.0015260428190231323,0.02072426676750183
0.07771337777376175,0.0062874481081962585,-0.0015260428190231323,0.02072426676750183
0.07771337777376175,0.0062874481081962585,-0.0015260428190231323,0.02072426676750183
0.07771337777376175,0.0062874481081962585,-0.0015260428190231323,0.02072426676750183
0.07771337777376175,0.0062874481081962585,-0.0015260428190231323,0.02072426676750183
0.07771337777376175,0.0062874481081962585,-0.0015260428190231323,0.02072426676750183
0.07771337777376175,0.0062874481081962585,-0.0015260428190231323,0.02072426676750183
0.07771337777376175,0.0062874481081962585,-0.0015260428190231323,0.02072426676750183
0.07771337777376175,0.0062874481081962585,-0.0015260428190231323,0.02072426676750183
0.07771337777376175,0.0062874481081962585,-0.0015260428190231323,0.02072426676750183
0.07771337777376175,0.0062874481081962585,-0.0015260428190231323,0.02072426676750183
0.07771337777376175,0.0062874481081962585,-0.0015260428190231323,0.02072426676750183
0.07771337777376175,0.0062874481081962585,-0.0015260428190231323,0.02072426676750183
0.07771337777376175,0.0062874481081962585,-0.0015260428190231323,0.02072426676750183
0.07771337777376175,0.0062874481081962585,-0.0015260428190231323,0.02072426676750183
0.07771337777376175,0.0062874481081962585,-0.0015260428190231323,0.02072426676750183
0.07771337777376175,0.0062874481081962585,-0.0015260428190231323,0.02072426676750183
0.07771337777376175,0.0062874481081962585,-0.0015260428190231323,0.02072426676750183
0.07771337777376175,0.0062874481081962585,-0.0015260428190231323,0.02072426676750183
0.07771337777376175,0.0062874481081962585,-0.0015260428190231323,0.02072426676750183
0.07771337777376175,0.0062874481081962585,-0.0015260428190231323,0.02072426676750183
0.07771337777376175,0.0062874481081962585,-0.0015260428190231323,0.02072426676750183
0.07771337777376175,0.0062874481081962585,-0.0015260428190231323,0.02072426676750183
0.07771337777376175,0.0062874481081962585,-0.0015260428190231323,0.02072426676750183
0.07771337777376175,0.0062874481081962585,-0.0015260428190231323,0.02072426676750183
0.07771337777376175,0.0062874481081962585,-0.0015260428190231323,0.02072426676750183
0.07771337777376175,0.0062874481081962585,-0.0015260428190231323,0.02072426676750183
0.07771337777376175,0.0062874481081962585,-0.0015260428190231323,0.02072426676750183
0.07771337777376175,0.0062874481081962585,-0.0015260428190231323,0.02072426676750183
0.07771337777376175,0.0062874481081962585,-0.0015260428190231323,0.02072426676750183
0.07771337777376175,0.0062874481081962585,-0.0015260428190231323,0.02072426676750183
0.07771337777376175,0.0062874481081962585,-0.0015260428190231323,0.02072426676750183
0.07771337777376175,0.0062874481081962585,-0.0015260428190231323,0.02072426676750183
0.07771337777376175,0.0062874481081962585,-0.0015260428190231323,0.02072426676750183
0.07771337777376175,0.0062874481081962585,-0.0015260428190231323,0.02072426676750183
0.07771337777376175,0.0062874481081962585,-0.0015260428190231323,0.02072426676750183
0.07771337777376175,0.0062874481081962585,-0.0015260428190231323,0.02072426676750183
0.07771337777376175,0.0062874481081962585,-0.0015260428190231323,0.02072426676750183
0.07771337777376175,0.0062874481081962585,-0.0015260428190231323,0.02072426676750183
0.07771337777376175,0.0062874481081962585,-0.0015260428190231323,0.02072426676750183
0.07771337777376175,0.0062874481081962585,-0.0015260428190231323,0.02072426676750183
0.07771337777376175,0.0062874481081962585,-0.0015260428190231323,0.02072426676750183
0.07771337777376175,0.0062874481081962585,-0.0015260428190231323,0.02072426676750183
0.07771337777376175,0.0062874481081962585,-0.0015260428190231323,0.02072426676750183
0.07771337777376175,0.0062874481081962585,-0.0015260428190231323,0.02072426676750183
0.07771337777376175,0.0062874481081962585,-0.0015260428190231323,0.02072426676750183
0.07771337777376175,0.0062874481081962585,-0.0015260428190231323,0.02072426676750183
0.07771337777376175,0.0062874481081962585,-0.0015260428190231323,0.02072426676750183
0.07771337777376175,0.0062874481081962585,-0.0015260428190231323,0.02072426676750183
0.07771337777376175,0.0062874481081962585,-0.0015260428190231323,0.02072426676750183
0.07771337777376175,0.0062874481081962585,-0.0015260428190231323,0.02072426676750183
0.07771337777376175,0.0062874481081962585,-0.0015260428190231323,0.02072426676750183
0.07771337777376175,0.0062874481081962585,-0.0015260428190231323,0.02072426676750183
0.07771337777376175,0.0062874481081962585,-0.0015260428190231323,0.02072426676750183
0.07771337777376175,0.0062874481081962585,-0.0015260428190231323,0.02072426676750183
0.07771337777376175,0.0062874481081962585,-0.0015260428190231323,0.02072426676750183
0.07771337777376175,0.0062874481081962585,-0.0015260428190231323,0.02072426676750183
0.07771337777376175,0.0062874481081962585,-0.0015260428190231323,0.02072426676750183
0.07771337777376175,0.0062874481081962585,-0.0015260428190231323,0.02072426676750183
0.07771337777376175,0.0062874481081962585,-0.0015260428190231323,0.02072426676750183
0.07771337777376175,0.0062874481081962585,-0.0015260428190231323,0.02072426676750183
0.07771337777376175,0.0062874481081962585,-0.0015260428190231323,0.02072426676750183
0.07771337777376175,0.0062874481081962585,-0.0015260428190231323,0.02072426676750183
0.07771337777376175,0.0062874481081962585,-0.0015260428190231323,0.02072426676750183
0.07771337777376175,0.0062874481081962585,-0.0015260428190231323,0.02072426676750183
0.07771337777376175,0.0062874481081962585,-0.0015260428190231323,0.02072426676750183
0.07771337777376175,0.0062874481081962585,-0.0015260428190231323,0.02072426676750183
0.07771337777376175,0.0062874481081962585,-0.0015260428190231323,0.02072426676750183
0.07771337777376175,0.0062874481081962585,-0.0015260428190231323,0.02072426676750183
0.07771337777376175,0.0062874481081962585,-0.0015260428190231323,0.02072426676750183
0.07771337777376175,0.0062874481081962585,-0.0015260428190231323,0.02072426676750183
0.07771337777376175,0.0062874481081962585,-0.0015260428190231323,0.02072426676750183
0.07771337777376175,0.0062874481081962585,-0.0015260428190231323,0.02072426676750183
0.07771337777376175,0.0062874481081962585,-0.0015260428190231323,0.02072426676750183
0.07771337777376175,0.0062874481081962585,-0.0015260428190231323,0.02072426676750183
0.07771337777376175,0.0062874481081962585,-0.0015260428190231323,0.02072426676750183
0.07771337777376175,0.0062874481081962585,-0.0015260428190231323,0.02072426676750183
0.07771337777376175,0.0062874481081962585,-0.0015260428190231323,0.02072426676750183
0.07771337777376175,0.0062874481081962585,-0.0015260428190231323,0.02072426676750183
0.07771337777376175,0.0062874481081962585,-0.0015260428190231323,0.02072426676750183
0.07771337777376175,0.0062874481081962585,-0.0015260428190231323,0.02072426676750183
0.07771337777376175,0.0062874481081962585,-0.0015260428190231323,0.02072426676750183
0.07771337777376175,0.0062874481081962585,-0.0015260428190231323,0.02072426676750183
0.07771337777376175,0.0062874481081962585,-0.0015260428190231323,0.02072426676750183
0.07771337777376175,0.0062874481081962585,-0.0015260428190231323,0.02072426676750183
0.07771337777376175,0.0062874481081962585,-0.0015260428190231323,0.02072426676750183
0.07771337777376175,0.0062874481081962585,-0.0015260428190231323,0.02072426676750183
0.07771337777376175,0.0062874481081962585,-0.0015260428190231323,0.02072426676750183
0.07771337777376175,0.0062874481081962585,-0.0015260428190231323,0.02072426676750183
0.07771337777376175,0.0062874481081962585,-0.0015260428190231323,0.02072426676750183
0.07771337777376175,0.0062874481081962585,-0.0015260428190231323,0.02072426676750183
0.07771337777376175,0.0062874481081962585,-0.0015260428190231323,0.02072426676750183
0.07771337777376175,0.0062874481081962585,-0.0015260428190231323,0.02072426676750183
0.07771337777376175,0.0062874481081962585,-0.0015260428190231323,0.02072426676750183
0.07771337777376175,0.0062874481081962585,-0.0015260428190231323,0.02072426676750183
0.07771337777376175,0.0062874481081962585,-0.0015260428190231323,0.02072426676750183
0.07771337777376175,0.0062874481081962585,-0.0015260428190231323,0.02072426676750183
0.07771337777376175,0.0062874481081962585,-0.0015260428190231323,0.02072426676750183
0.07771337777376175,0.0062874481081962585,-0.0015260428190231323,0.02072426676750183
0.07771337777376175,0.0062874481081962585,-0.0015260428190231323,0.02072426676750183
0.07771337777376175,0.0062874481081962585,-0.0015260428190231323,0.02072426676750183
0.07771337777376175,0.0062874481081962585,-0.0015260428190231323,0.02072426676750183
0.07771337777376175,0.0062874481081962585,-0.0015260428190231323,0.02072426676750183
0.07771337777376175,0.0062874481081962585,-0.0015260428190231323,0.02072426676750183
0.07771337777376175,0.0062874481081962585,-0.0015260428190231323,0.02072426676750183
0.07771337777376175,0.0062874481081962585,-0.0015260428190231323,0.02072426676750183
0.07771337777376175,0.0062874481081962585,-0.0015260428190231323,0.02072426676750183
0.07771337777376175,0.0062874481081962585,-0.0015260428190231323,0.02072426676750183
0.07771337777376175,0.0062874481081962585,-0.0015260428190231323,0.02072426676750183
0.07771337777376175,0.0062874481081962585,-0.0015260428190231323,0.02072426676750183
0.07771337777376175,0.0062874481081962585,-0.0015260428190231323,0.02072426676750183
0.07771337777376175,0.0062874481081962585,-0.0015260428190231323,0.02072426676750183
0.07771337777376175,0.0062874481081962585,-0.0015260428190231323,0.02072426676750183
0.07771337777376175,0.0062874481081962585,-0.0015260428190231323,0.02072426676750183
0.07771337777376175,0.0062874481081962585,-0.0015260428190231323,0.02072426676750183
0.07771337777376175,0.0062874481081962585,-0.0015260428190231323,0.02072426676750183
0.07771337777376175,0.0062874481081962585,-0.0015260428190231323,0.02072426676750183
0.07771337777376175,0.0062874481081962585,-0.0015260428190231323,0.02072426676750183
0.07771337777376175,0.0062874481081962585,-0.0015260428190231323,0.02072426676750183
0.07771337777376175,0.0062874481081962585,-0.0015260428190231323,0.02072426676750183
0.07771337777376175,0.0062874481081962585,-0.0015260428190231323,0.02072426676750183
0.07771337777376175,0.0062874481081962585,-0.0015260428190231323,0.02072426676750183
0.07771337777376175,0.0062874481081962585,-0.0015260428190231323,0.02072426676750183
0.07771337777376175,0.0062874481081962585,-0.0015260428190231323,0.02072426676750183
0.07771337777376175,0.0062874481081962585,-0.0015260428190231323,0.02072426676750183
0.07771337777376175,0.0062874481081962585,-0.0015260428190231323,0.02072426676750183
0.07771337777376175,0.0062874481081962585,-0.0015260428190231323,0.02072426676750183
0.07771337777376175,0.0062874481081962585,-0.0015260428190231323,0.02072426676750183
0.07771337777376175,0.0062874481081962585,-0.0015260428190231323,0.02072426676750183
0.07771337777376175,0.0062874481081962585,-0.0015260428190231323,0.02072426676750183
0.07771337777376175,0.0062874481081962585,-0.0015260428190231323,0.02072426676750183
0.07771337777376175,0.0062874481081962585,-0.0015260428190231323,0.02072426676750183
0.07771337777376175,0.0062874481081962585,-0.0015260428190231323,0.02072426676750183
0.07771337777376175,0.0062874481081962585,-0.0015260428190231323,0.02072426676750183
0.07771337777376175,0.0062874481081962585,-0.0015260428190231323,0.02072426676750183
0.07771337777376175,0.0062874481081962585,-0.0015260428190231323,0.02072426676750183
0.07771337777376175,0.0062874481081962585,-0.0015260428190231323,0.02072426676750183
0.07771337777376175,0.0062874481081962585,-0.0015260428190231323,0.02072426676750183
0.07771337777376175,0.0062874481081962585,-0.0015260428190231323,0.02072426676750183
0.07771337777376175,0.0062874481081962585,-0.0015260428190231323,0.02072426676750183
0.07771337777376175,0.0062874481081962585,-0.0015260428190231323,0.02072426676750183
0.07771337777376175,0.0062874481081962585,-0.0015260428190231323,0.02072426676750183
0.07771337777376175,0.0062874481081962585,-0.0015260428190231323,0.02072426676750183
0.07771337777376175,0.0062874481081962585,-0.0015260428190231323,0.02072426676750183
0.07771337777376175,0.0062874481081962585,-0.0015260428190231323,0.02072426676750183
0.07771337777376175,0.0062874481081962585,-0.0015260428190231323,0.02072426676750183
0.07771337777376175,0.0062874481081962585,-0.0015260428190231323,0.02072426676750183
0.07771337777376175,0.0062874481081962585,-0.0015260428190231323,0.02072426676750183
0.07771337777376175,0.0062874481081962585,-0.0015260428190231323,0.02072426676750183
0.07771337777376175,0.0062874481081962585,-0.0015260428190231323,0.02072426676750183
0.07771337777376175,0.0062874481081962585,-0.0015260428190231323,0.02072426676750183
0.07771337777376175,0.0062874481081962585,-0.0015260428190231323,0.02072426676750183
0.07771337777376175,0.0062874481081962585,-0.0015260428190231323,0.02072426676750183
0.07771337777376175,0.0062874481081962585,-0.0015260428190231323,0.02072426676750183
0.07771337777376175,0.0062874481081962585,-0.0015260428190231323,0.02072426676750183
0.07771337777376175,0.0062874481081962585,-0.0015260428190231323,0.02072426676750183
0.07771337777376175,0.0062874481081962585,-0.0015260428190231323,0.02072426676750183
0.07771337777376175,0.0062874481081962585,-0.0015260428190231323,0.02072426676750183
0.07771337777376175,0.0062874481081962585,-0.0015260428190231323,0.02072426676750183
0.07771337777376175,0.0062874481081962585,-0.0015260428190231323,0.02072426676750183
0.07771337777376175,0.0062874481081962585,-0.0015260428190231323,0.02072426676750183
0.07771337777376175,0.0062874481081962585,-0.0015260428190231323,0.02072426676750183
0.07771337777376175,0.0062874481081962585,-0.0015260428190231323,0.02072426676750183
0.07771337777376175,0.0062874481081962585,-0.0015260428190231323,0.02072426676750183
0.07771337777376175,0.0062874481081962585,-0.0015260428190231323,0.02072426676750183
0.07771337777376175,0.0062874481081962585,-0.0015260428190231323,0.02072426676750183
0.07771337777376175,0.0062874481081962585,-0.0015260428190231323,0.02072426676750183
0.07771337777376175,0.0062874481081962585,-0.0015260428190231323,0.02072426676750183
0.07771337777376175,0.0062874481081962585,-0.0015260428190231323,0.02072426676750183
0.07771337777376175,0.0062874481081962585,-0.0015260428190231323,0.02072426676750183
0.07771337777376175,0.0062874481081962585,-0.0015260428190231323,0.02072426676750183
0.07771337777376175,0.0062874481081962585,-0.0015260428190231323,0.02072426676750183
0.07771337777376175,0.0062874481081962585,-0.0015260428190231323,0.02072426676750183
0.07771337777376175,0.0062874481081962585,-0.0015260428190231323,0.02072426676750183
0.07771337777376175,0.0062874481081962585,-0.0015260428190231323,0.02072426676750183
0.07771337777376175,0.0062874481081962585,-0.0015260428190231323,0.02072426676750183
0.07771337777376175,0.0062874481081962585,-0.0015260428190231323,0.02072426676750183
0.07771337777376175,0.0062874481081962585,-0.0015260428190231323,0.02072426676750183
0.07771337777376175,0.0062874481081962585,-0.0015260428190231323,0.02072426676750183
0.07771337777376175,0.0062874481081962585,-0.0015260428190231323,0.02072426676750183
0.07771337777376175,0.0062874481081962585,-0.0015260428190231323,0.02072426676750183
0.07771337777376175,0.0062874481081962585,-0.0015260428190231323,0.02072426676750183
0.07771337777376175,0.0062874481081962585,-0.0015260428190231323,0.02072426676750183
0.07771337777376175,0.0062874481081962585,-0.0015260428190231323,0.02072426676750183
0.07771337777376175,0.0062874481081962585,-0.0015260428190231323,0.02072426676750183
0.07771337777376175,0.0062874481081962585,-0.0015260428190231323,0.02072426676750183
0.07771337777376175,0.0062874481081962585,-0.0015260428190231323,0.02072426676750183
0.07771337777376175,0.0062874481081962585,-0.0015260428190231323,0.02072426676750183
0.07771337777376175,0.0062874481081962585,-0.0015260428190231323,0.02072426676750183
0.07771337777376175,0.0062874481081962585,-0.0015260428190231323,0.02072426676750183
0.07771337777376175,0.0062874481081962585,-0.0015260428190231323,0.02072426676750183
0.07771337777376175,0.0062874481081962585,-0.0015260428190231323,0.02072426676750183
0.07771337777376175,0.0062874481081962585,-0.0015260428190231323,0.02072426676750183
